/spttest/ofmm32h39emn,2ca1bd6edc4f594f,1024,0/0
/spttest/lkd2hxmjrr9t,2764666b617e1dd1,1024,0/0
/spttest/5w2jfwhk6rzc,ac2a50beb8d0b28,1024,0/0
/spttest/8wgr9otjue7h,10429e032455ea6d,1024,0/0
/spttest/4t9vu7lk8yw4,8cab66bc6ee5aa4,1024,0/0
/spttest/p13jyu1udajq,2db8a0a6b31c58a6,1024,0/0
/spttest/82b83y8zohsd,ebaf14f6f16730d,1024,0/0
/spttest/w86pse72zk80,3addfe2f46f9ef20,1024,0/0
/spttest/8z1ft0lptmzx,10640ed8ce9586ad,1024,0/0
/spttest/hbzblz06fz1s,1fa9119ef7a69530,1024,0/0
/spttest/6sg2zwfptcte,c6730396cebfb22,1024,0/0
/spttest/z3rvtph3tot2,401f86d96a17b9d6,1024,0/0
/spttest/bh4stqul9hx3,14f64e76e9510ff7,1024,0/0
/spttest/dtq9ngabuc0y,194126eec623ab62,1024,0/0
/spttest/lyox6j3djwir,281e86ca78aff463,1024,0/0
/spttest/u14frc1rld4d,36db046ee2b254ad,1024,0/0
/spttest/4pxb5iqotaap,89f35280ef5f961,1024,0/0
/spttest/qxvt7somn17j,3136182681061bdf,1024,0/0
/spttest/rqu85bkhl06b,32ae362b60046523,1024,0/0
/spttest/f68xoab70dyj,1bb75f85bb4659ab,1024,0/0
/spttest/69lr8kjl9e2h,b72706267595079,1024,0/0
/spttest/rkjtwvx7g0vt,325c866caba1e379,1024,0/0
/spttest/kk4l2937m1oc,258db97ec82c14fc,1024,0/0
/spttest/mv3xr8b6pa0j,29c39a0158f710f3,1024,0/0
/spttest/89yz6ruha3sd,f1e700de6714aad,1024,0/0
/spttest/ryrb93yy1jbk,331513160076b210,1024,0/0
/spttest/ntupw47c0jb,135866719dec4b7,1024,0/0
/spttest/1tt7eka95ybn,356d75d6cf50e03,1024,0/0
/spttest/f19iuik4lf5z,1b76a3906dab3407,1024,0/0
/spttest/vr3g6lq2pvr7,39ffff1205c82703,1024,0/0
/spttest/s6i1yw824492,3379a601679ad086,1024,0/0
/spttest/95x1tedibqww,10bd6646fec52300,1024,0/0
/spttest/pg41ltozjped,2e7ba4c24dff7a55,1024,0/0
/spttest/12ncz26qs2ad,1f6058379d70c95,1024,0/0
/spttest/gpt1v0vq0c7l,1e890ac0322333d1,1024,0/0
/spttest/c5iswhcd0nbr,163319f9f5f96317,1024,0/0
/spttest/fm8xugmem87w,1c873411f85e391c,1024,0/0
/spttest/2eoze5qklgwz,46617ba6d4a54e3,1024,0/0
/spttest/nhycase2tas0,2aec5603f7f555d0,1024,0/0
/spttest/y6j0haotwxlf,3e6fae01e442ef13,1024,0/0
/spttest/f5ajtqyoek75,1baaf77871db1dc1,1024,0/0
/spttest/zmwdt7q3qppa,4117f2595e683f9e,1024,0/0
/spttest/b2y9az5lj6jf,143e1892bcebc0db,1024,0/0
/spttest/ezma6prsr13s,1b61439d87603658,1024,0/0
/spttest/rtb0txbg8cpt,32ce402b9a2f5e61,1024,0/0
/spttest/h2n2i7fvb4ee,1f2fbe87f229f606,1024,0/0
/spttest/5u9o3eh6krpl,aab3d0c7e771349,1024,0/0
/spttest/rjocgkt7llrs,32512a3a71749c78,1024,0/0
/spttest/ech5vm62sv6t,1a34a9d0a925c6e5,1024,0/0
/spttest/dx0gxeliu5pw,196bcd0e210b5e74,1024,0/0
/spttest/k7xivddp2xbx,24ef4e36fda0b23d,1024,0/0
/spttest/2utl1ytn8567,53794e31edf372f,1024,0/0
/spttest/wxiuyhvpp0fh,3c271b4922b6f36d,1024,0/0
/spttest/6lsie9ri0wfz,c10bf5b694e523f,1024,0/0
/spttest/iqi8oh5null4,22395bef699e83c8,1024,0/0
/spttest/ycrft9akc93r,3ec0a7d53dd38517,1024,0/0
/spttest/8qqqt3d5fe7k,ff848f8b3b1deb0,1024,0/0
/spttest/oynlc9ywkibn,2d98e3c508a011c3,1024,0/0
/spttest/c48b90ezf6np,162253bf03fc0a75,1024,0/0
/spttest/k5ewj0xv2vf0,24ce9bbeeef26e8c,1024,0/0
/spttest/wwvwn180yrpu,3c1ed3217620b0d2,1024,0/0
/spttest/ggbjuhg6l1bc,1e0dd2f51d6d8fe8,1024,0/0
/spttest/hqg5l9431laq,2064fe0783106512,1024,0/0
/spttest/3n2mqipt6zyj,6a68bb49c15dc8b,1024,0/0
/spttest/c4968whec6zh,1622a3471692605d,1024,0/0
/spttest/4o3euc5ouhhc,8876e518efc4000,1024,0/0
/spttest/5gbziz8vt77s,9f639865f7318c8,1024,0/0
/spttest/r6b01zqizg96,31a37d465344a70a,1024,0/0
/spttest/yu4nnmcuxwnf,3fa23e1bea82d18b,1024,0/0
/spttest/nsla5l9ckhms,2b76818ce2b37644,1024,0/0
/spttest/qwx0ntyq8tbn,31298a5d83eaf873,1024,0/0
/spttest/aln0wag98dcc,135d3995cae17e8c,1024,0/0
/spttest/fsd3116gmw5j,1cd6a2617bfe8447,1024,0/0
/spttest/9nmpj48ntxse,11a379b19fd3e74e,1024,0/0
/spttest/mukoyhwv9qr8,29bca86f3bf27eb4,1024,0/0
/spttest/omdric7sjmfx,2cf978d550ba505d,1024,0/0
/spttest/9x2zuvwsp97a,121e416495dd86d6,1024,0/0
/spttest/g80h5rari5sx,1da1e9f5881a40e1,1024,0/0
/spttest/e1dign2q8bl,b658a22d0d2aa1,1024,0/0
/spttest/hlho1jo867hs,2024977595694370,1024,0/0
/spttest/16iwbnr49a7j,2285e58debb9bef,1024,0/0
/spttest/damhxqcahg8a,1848fed73ca3466a,1024,0/0
/spttest/cy3fla28t3ir,17a63ebe8d23e713,1024,0/0
/spttest/e97r29qyl029,1a0a4cb7df860d91,1024,0/0
/spttest/v6ak0sd0aolh,38f1c91afc63af05,1024,0/0
/spttest/lvjk26r5iwsr,27f59f83c903c78b,1024,0/0
/spttest/t03hmj11iqb6,34fa125adc064ab2,1024,0/0
/spttest/uxxhfdd35zc0,3885279b406a0920,1024,0/0
/spttest/fuly4xeo5a6w,1cf3cfa83a2fe2d8,1024,0/0
/spttest/s6shzai0retn,337d6ac4cb6d6bcb,1024,0/0
/spttest/anqz1u07id9l,1378a0d5c67d9aa9,1024,0/0
/spttest/86wo24ebco98,ef6a2fe1348a8cc,1024,0/0
/spttest/m5ixiabx09gr,28774a376ac31ceb,1024,0/0
/spttest/m4jqr1e8rj1p,286a97fdc28b692d,1024,0/0
/spttest/n6t2tvxg1rqy,2a5b8e0db790a6ba,1024,0/0
/spttest/ajbtcl4vbv8x,133f33a7fe3dd1f1,1024,0/0
/spttest/u46ccasv0bwv,3702ac2bc18a4b4f,1024,0/0
/spttest/i5rycycjauc2,212c16bf4a377b12,1024,0/0
/spttest/zbufvne4cria,40885d17fd6fc242,1024,0/0
/spttest/wa41luwljxox,3af701eac08d0651,1024,0/0
/spttest/wmt8ma6ln460,3b9bf831ced6a1d8,1024,0/0
/spttest/f84dvea22pn6,1bcfb5c102b93852,1024,0/0
/spttest/deut10018ym4,187ff3452bb3423c,1024,0/0
/spttest/jj5sb1wmz97s,23ad8df3c2ad3f68,1024,0/0
/spttest/nanmk4bnuiz9,2a8d8b7d9a937e95,1024,0/0
/spttest/1wj5pxnjyfv2,37a2f21b06a83ce,1024,0/0
/spttest/9pmaf6ikssgq,11bd4d70a0e6bb1a,1024,0/0
/spttest/woes4vfy38cp,3bb0bb425fa93b09,1024,0/0
/spttest/ndaqzslu2d1c,2aafddda9d8c8080,1024,0/0
/spttest/qa9bruotp4yv,30033a63ba7c2267,1024,0/0
/spttest/chuqumfyl8zr,16d3483649defec7,1024,0/0
/spttest/j8ikfwxs3b6q,232348bc4d82db62,1024,0/0
/spttest/bticsuatgar3,159711956ad41f6f,1024,0/0
/spttest/qoxu1blv3dr7,30c1ebae40224b63,1024,0/0
/spttest/1ny86uxrfmhh,30ab7aeb6c79e95,1024,0/0
/spttest/abr9yygapcrh,12dcddc5dde636dd,1024,0/0
/spttest/wzp5187bgb6m,3c4359dc712fc39e,1024,0/0
/spttest/6lufpho98kz1,c11713223a7752d,1024,0/0
/spttest/kmv4uub133ok,25b1485edaf04264,1024,0/0
/spttest/u80ktngev7hu,37348cc05792f5b2,1024,0/0
/spttest/punl17vj8d1m,2f388b32676f730a,1024,0/0
/spttest/r1njxk0iezr8,31671268d14a7e84,1024,0/0
/spttest/1egbds7n83s0,28f59ef34e7b820,1024,0/0
/spttest/etxsci0eugdt,1b177ab8d6669c71,1024,0/0
/spttest/tl2b07z3m2x9,360a6b64b85d774d,1024,0/0
/spttest/ve7lfi1ycbzu,3958a1ab4270adba,1024,0/0
/spttest/ii8kn1ts70an,21cdf4e300e1fd3f,1024,0/0
/spttest/269wl3xkz14p,3f8bcf2dfc51879,1024,0/0
/spttest/36xkpx5kr9ab,5d4e49515467fc3,1024,0/0
/spttest/tcmz6lsu83h5,359cf97b46cd6199,1024,0/0
/spttest/6yekcr7mn9ik,cb493900fbc91ec,1024,0/0
/spttest/uurii10zwe28,385c0861c9b5a230,1024,0/0
/spttest/hh8vf2pi2reg,1fed760afcbc2d38,1024,0/0
/spttest/m3btm9esd9as,285abf253bb61454,1024,0/0
/spttest/4o46n7gtzxot,887b5a70172424d,1024,0/0
/spttest/qizuspp4a79m,3074b6d439a95b4a,1024,0/0
/spttest/27kp7govjmn9,4099f52b5c59865,1024,0/0
/spttest/6e517faqeex5,bad59fbee49b509,1024,0/0
/spttest/uphkfnsvik9c,38177f60f5c9d610,1024,0/0
/spttest/1poxk9nqku7c,321579d22337be8,1024,0/0
/spttest/mt04hrtyo045,29a83f4e2539fc95,1024,0/0
/spttest/ldfcqt0s7stq,270a4ca6254279ae,1024,0/0
/spttest/psjv0b63nchp,2f1d38cdb5be09fd,1024,0/0
/spttest/eeorra1xpknw,1a51630b5f7cf9dc,1024,0/0
/spttest/vedthyy6vkyd,395ae094a92d69d5,1024,0/0
/spttest/3xccalmgvz2i,72bf129ace1bb4a,1024,0/0
/spttest/tvc7q365azry,368fe3393c9e809e,1024,0/0
/spttest/ucf1ods81gsy,376dba2d2dded352,1024,0/0
/spttest/6ivvdisrai6y,beafdfe5138c59a,1024,0/0
/spttest/55sq3f591703,96d61c292d366b3,1024,0/0
/spttest/vm08v0udk97s,39bde4e56d8c90a8,1024,0/0
/spttest/5td9kpav2sb7,a9f8c02e65972d3,1024,0/0
/spttest/5dl3ksw4e3iy,9d28b7644cecd5a,1024,0/0
/spttest/j1u23j5z4v52,22cc814a6bdc9da6,1024,0/0
/spttest/fm5mh593vuzw,1c8601caf4bae5ac,1024,0/0
/spttest/nrd972sdy6sg,2b669ee34a6e53e0,1024,0/0
/spttest/tq1b3j7h6l9n,364b018b7e8ace2b,1024,0/0
/spttest/cg022fe84av3,16bb3851d5b57fff,1024,0/0
/spttest/lbyg5twdffiu,26f735e67b70b956,1024,0/0
/spttest/1ny6eydttsap,30ab320be5c6581,1024,0/0
/spttest/ch7n7uut38pg,16caf26c2b6363d4,1024,0/0
/spttest/sa1u7tod5l41,33a7c1402aeb1721,1024,0/0
/spttest/hrmtjnrw3eim,207462f5f994083e,1024,0/0
/spttest/3zpkfb9884qb,74ab153550605f3,1024,0/0
/spttest/h5ycdfzbcq7,def752fd1d842f,1024,0/0
/spttest/fpkzs3q4ev4b,1cb2853908b4f10b,1024,0/0
/spttest/g5zw68rt7cz,d1fe0b5e774583,1024,0/0
/spttest/8wzurikxmgmk,104981fa0ddc6eac,1024,0/0
/spttest/kqzbz5lra7wx,25e6c1236bdfc591,1024,0/0
/spttest/ny7psce7539s,2bbf8c0b35a4bed0,1024,0/0
/spttest/au1ewge31k34,13ca54ba238df6f0,1024,0/0
/spttest/s8htgwc8ij00,33938ab5c320e8b0,1024,0/0
/spttest/1gk0fnze4mfj,2aaa9d4d4ceb48f,1024,0/0
/spttest/w8d1ku0ic902,3ae046a50a2bea92,1024,0/0
/spttest/dsezfheb8bca,1930176645259e6a,1024,0/0
/spttest/uffxpp55j3ud,3795042541dcc335,1024,0/0
/spttest/5jh9no2qw8df,a1f1920dde4d463,1024,0/0
/spttest/5nc8w8z37ud5,a513e5c1f9f6479,1024,0/0
/spttest/xkb9m3j1r6la,3d4f1ed8fe52d71e,1024,0/0
/spttest/j5y2og3m64ld,2301e947ff291ec1,1024,0/0
/spttest/r7cgt0sjonzg,31b101e0efffb26c,1024,0/0
/spttest/m8f3qrterc8i,289ce083609708b2,1024,0/0
/spttest/cquvc11le6sw,17483b06bba002f0,1024,0/0
/spttest/7w7qgyart9u8,e6bbf685e6d5a10,1024,0/0
/spttest/3f11kz14tr6q,63e0f01b1a786e2,1024,0/0
/spttest/uhpacd13ico4,37b25e60bbb167a4,1024,0/0
/spttest/nbichcjr3woo,2a98a10cffebef38,1024,0/0
/spttest/1j2etsghjb56,2cb47e69dc4b02a,1024,0/0
/spttest/d7fp53t1s13y,181f92fa9b6b999e,1024,0/0
/spttest/halc3p9qmbus,1f970878f33d5384,1024,0/0
/spttest/s781ru4d71jz,33830713a462609f,1024,0/0
/spttest/3a64g0m96c7m,5fef1e887554452,1024,0/0
/spttest/3scewse6y8je,6eb05979392ddba,1024,0/0
/spttest/44g3o8sqkxp,358fd07319e87d,1024,0/0
/spttest/4h846rrg7q06,82e3406747f0b66,1024,0/0
/spttest/r2ee34876wjw,3170c15a898a714c,1024,0/0
/spttest/d0b6qv3mhp7k,17c305827b17cbe0,1024,0/0
/spttest/g0dj0um6dkzr,1d3eb57964f86987,1024,0/0
/spttest/ou24pkg1xavt,2d5d3056ada91659,1024,0/0
/spttest/5puwuaj5hy8d,a71f4f0e8b1388d,1024,0/0
/spttest/hwohjx7ly3nl,20b5ef35d27dc801,1024,0/0
/spttest/3ibshprd1mgu,668e780d49070fe,1024,0/0
/spttest/nkhsvzeubq93,2b0d5616b7071fa7,1024,0/0
/spttest/ol3b4z1rske9,2ce8b5e392822541,1024,0/0
/spttest/3oteso9jjlj3,6bd3288337f2abf,1024,0/0
/spttest/o4anuswlirea,2c0e8bbb88ec5032,1024,0/0
/spttest/k9x4c8ewsswr,250923717b59195b,1024,0/0
/spttest/1ejwuosa7k95,290a6201cd09c49,1024,0/0
/spttest/csa5sqoyb8ss,175abca7d812634c,1024,0/0
/spttest/ans4d49e8yfg,13790ad62606724c,1024,0/0
/spttest/rpnc9mubjzs9,329ebce7d21afee9,1024,0/0
/spttest/2gyovt5zbdz3,48392f55f7ce27f,1024,0/0
/spttest/4056pl5ayrri,750540759b8cf0e,1024,0/0
/spttest/25t3qolr5lc3,3f2ad0bdf8a6a43,1024,0/0
/spttest/7zzxryf8biyp,e9ce43bbff2b8c1,1024,0/0
/spttest/oz3d1psjp0xt,2d9e9461f2528401,1024,0/0
/spttest/sjeonuc0ty85,34214b1866f0a285,1024,0/0
/spttest/avhywwcaggfa,13dd4b39156bb126,1024,0/0
/spttest/wax5k5g1fzmn,3b0182bccc70931f,1024,0/0
/spttest/ks26n3yfw6zo,25f4c5cff7e41264,1024,0/0
/spttest/x5mviwhtwsix,3c907844514cf969,1024,0/0
/spttest/ht0di3rhy2bu,20864435a355ed4a,1024,0/0
/spttest/drkk3helwpg6,19251d029cc545d6,1024,0/0
/spttest/eq8zssxy2fml,1ae790de45b0019d,1024,0/0
/spttest/sgmm3ophsw36,33fd2fb3f3148672,1024,0/0
/spttest/2qrnfh3r9msw,502ed37d40392b0,1024,0/0
/spttest/w9ih94q1qt3p,3aef39f60c16ded5,1024,0/0
/spttest/npu2b95c3vcn,2b52b4f8c189d177,1024,0/0
/spttest/p8yxaakoc9jn,2e1edf092392c353,1024,0/0
/spttest/e1zk34awlebi,19ac6b134074c3be,1024,0/0
/spttest/ih3ksbqa1bag,21bf2a2a2d4a9168,1024,0/0
/spttest/uxczphk3k001,387dc2c74bf74001,1024,0/0
/spttest/89vekv8wsddt,f1d2612981762c1,1024,0/0
/spttest/wcyoeh8qiw3j,3b1c09f6fef47cff,1024,0/0
/spttest/pcufo4121vmf,2e513563efa87c57,1024,0/0
/spttest/3a36ta8g9exu,5fde2e1776bc3e2,1024,0/0
/spttest/lylr4bnickas,281d62225a98afc4,1024,0/0
/spttest/n4ng37rc95d0,2a3f8b59c9a98b64,1024,0/0
/spttest/d9nwukb6cemo,183c84369a6c6710,1024,0/0
/spttest/bijxec7a9uf2,1508c0f9c84b083e,1024,0/0
/spttest/junrno1h8y5m,2442ecbce5ecf3ea,1024,0/0
/spttest/g2psgfm0hbt2,1d5d1c9bf92c5e06,1024,0/0
/spttest/j77kot4tfmzy,2312540fe417bf2e,1024,0/0
/spttest/rhwlhananp5r,323a29cdd1d3c51f,1024,0/0
/spttest/bj5lr4mlx3qb,15109332fce1de23,1024,0/0
/spttest/8kt76bdmbkft,fab3c299c9c9639,1024,0/0
/spttest/qa7noz0ehd5e,3002a03cbb5b5ad2,1024,0/0
/spttest/9whr3l0z21y1,121697300a488959,1024,0/0
/spttest/7poloix7wi7f,e16e894de03cf2b,1024,0/0
/spttest/5vm544ayh893,abcba64d7804e07,1024,0/0
/spttest/4tyntwverpo3,8d3a7145db2a4b3,1024,0/0
/spttest/nlo2r5pp482m,2b1c96de6ebbcede,1024,0/0
/spttest/74s23uxkx0e0,d076170b877d838,1024,0/0
/spttest/17xjgrl67sty,23aa422e28077b6,1024,0/0
/spttest/nvt96cp8i562,2ba059c1482b36aa,1024,0/0
/spttest/ehz996ss44zs,1a7c23644eca1e48,1024,0/0
/spttest/u18bjsr7gr59,36dc6b1b1aee206d,1024,0/0
/spttest/7tsqebdarx06,e4c5b2ec265add6,1024,0/0
/spttest/hhxbv4dw8vlp,1ff64913b3b9c5fd,1024,0/0
/spttest/hu76xz2245s9,2095b736e8d2f049,1024,0/0
/spttest/e1tt8x8tk1jg,19aa585f185eb1cc,1024,0/0
/spttest/f1mq9ezzm2cc,1b7b675fb47a445c,1024,0/0
/spttest/qdozfo58rfd2,302fd864dd680286,1024,0/0
/spttest/iw17dsubarzl,228125e389dacf31,1024,0/0
/spttest/oq5u7c5xht3f,2d2a91d3d75a228b,1024,0/0
/spttest/50bvohe5dbme,9265b8bde2fa916,1024,0/0
/spttest/1cxd8f66gh4n,27b866e325a48b7,1024,0/0
/spttest/478vx0ir3y9u,7ac969ac0ab9342,1024,0/0
/spttest/4enpn5efh6d2,80cdcd3d629b176,1024,0/0
/spttest/sobl6ddeafqb,34611f54e992e023,1024,0/0
/spttest/8on0hs6l0dz5,fdcf5d6371e53c1,1024,0/0
/spttest/vlr2vc95xamf,39ba9635bc441d07,1024,0/0
/spttest/dat4zxm9z0sb,184b643860457fbb,1024,0/0
/spttest/momy5ebj6f21,296f8936e714b0b9,1024,0/0
/spttest/6a77olr3lrs3,b7a2e501210fee3,1024,0/0
/spttest/qykgt8nyd602,313efd8794fb3da2,1024,0/0
/spttest/mg5jhuyqjmeu,2901574d4c5f3a36,1024,0/0
/spttest/zd3gvfty6wqc,40989c3727189134,1024,0/0
/spttest/exenfo5xqe3i,1b4488263fb3fede,1024,0/0
/spttest/flvg4m4uilo0,1c8255d292d90c30,1024,0/0
/spttest/i6cqj2o6vbhe,21339663e65651e2,1024,0/0
/spttest/skh00u4dhn8y,342f1e3cffcc2cf2,1024,0/0
/spttest/then5kknp9pp,35dae9f4c5d7c46d,1024,0/0
/spttest/u905xti1j357,374163d17fa6cfab,1024,0/0
/spttest/d5qhc65z58f9,18097c7e51f850e5,1024,0/0
/spttest/gv14lt1y062l,1ecce70550fa34bd,1024,0/0
/spttest/aytue21hvef9,14088bce5a5c4fc5,1024,0/0
/spttest/6pa9jiyrgycj,c3e1f09c3f8b4e3,1024,0/0
/spttest/j03n0r81hxqu,22b5fbc669253616,1024,0/0
/spttest/xln3x70n5crk,3d6061eb61bff6e0,1024,0/0
/spttest/fho8nblpcsi,c9374e6659be02,1024,0/0
/spttest/3l5slg9hzuhw,68db5548c493a24,1024,0/0
/spttest/o5h4rihu5ami,2c1dde9528e1670a,1024,0/0
/spttest/blyb4t98rzwt,1534e924b1118a8d,1024,0/0
/spttest/1491y5is75wm,20ad69555f70da6,1024,0/0
/spttest/nufpx09grvof,2b8e7a4b8ed8ed1f,1024,0/0
/spttest/ufojke83se3h,37981f2927a9195d,1024,0/0
/spttest/oie1levz25bm,2cc59daeec438672,1024,0/0
/spttest/4pgvxyhbsxnd,899483d2328c859,1024,0/0
/spttest/65zx2lh2yixx,b43977b56168a65,1024,0/0
/spttest/kg2n0x3xldqw,255910c4b6ecf5d8,1024,0/0
/spttest/1ocvhconrc9f,310009948e64dd3,1024,0/0
/spttest/l4mnp86n3b8,11272003195a684,1024,0/0
/spttest/7yv6ebtqarhu,e8e2f419945c7b2,1024,0/0
/spttest/cvai72wbgw8g,1781d43cb9f65230,1024,0/0
/spttest/xm74wd0xi68l,3d679bca6c768115,1024,0/0
/spttest/argm9k305sjt,13a8d95ff8978bc9,1024,0/0
/spttest/3kz15zomzkk6,68b44be236ff8d6,1024,0/0
/spttest/uxjlwq991o82,388025f38b183de2,1024,0/0
/spttest/qq20fxusmvdv,30d06ad8d00bec63,1024,0/0
/spttest/c3njxjh7i8zo,161ad649a018b904,1024,0/0
/spttest/sztvulfcgoyk,34f69b2b1c29da5c,1024,0/0
/spttest/usis7tqung2i,383ee77c2c62c71a,1024,0/0
/spttest/p1xp1h39zr6n,2dc380b72cab595f,1024,0/0
/spttest/3u6jroyjw5tq,702e25ca32ce07e,1024,0/0
/spttest/6viuhttyi7k6,c8f2748eff5fcc6,1024,0/0
/spttest/m7o87zygygex,28932e0fbfc74f99,1024,0/0
/spttest/2js7roeey654,4a8349b3ab55998,1024,0/0
/spttest/9yga5pbgb9sy,123009dd9670f262,1024,0/0
/spttest/b2ly785pfq09,1439a7a9d4135e69,1024,0/0
/spttest/o9tr92qm7upp,2c5661ba39bb753d,1024,0/0
/spttest/tgez95mnloo,17e9cc54b022788,1024,0/0
/spttest/bdgzfk5hze82,14c6bece507817c2,1024,0/0
/spttest/enisv3tn69ap,1ac422fbec916f91,1024,0/0
/spttest/jqdyd0xgvbc2,240b6d3b05bebf22,1024,0/0
/spttest/83thtltj7gvz,ece861dabdf683f,1024,0/0
/spttest/ghxiu0q3nh2z,1e22bdb77663c13b,1024,0/0
/spttest/o5bv300g6ys4,2c1bf7e6faf4c594,1024,0/0
/spttest/gax4ugk6kevf,1dc7ad07a8019e4b,1024,0/0
/spttest/4lmqdjlvieep,8676f2336507c71,1024,0/0
/spttest/7plwj0cwax59,e15ef4eab5e564d,1024,0/0
/spttest/pfmrfjtyi54x,2e756864d54fd081,1024,0/0
/spttest/jek1vrtum511,2371c1648b56a4f5,1024,0/0
/spttest/6m13hz4jvvde,c13d872d210a392,1024,0/0
/spttest/iv3s3gw7pjar,22751683809dd4f3,1024,0/0
/spttest/wfmib2nt5fjb,3b3e9dadc074b6e7,1024,0/0
/spttest/omijh8fx49zn,2cfb3211c7d62893,1024,0/0
/spttest/kcpxscopzkow,252d83d2f8022c80,1024,0/0
/spttest/bzd8k40qt2jy,15e32865c1d44c2e,1024,0/0
/spttest/l8yfcmvfz1ha,26d03c0ca1809d3e,1024,0/0
/spttest/fqsldkg3s6fc,1cc24077efe6b288,1024,0/0
/spttest/p00uid7vke0c,2daaa956f495ceec,1024,0/0
/spttest/7x890p1o3duu,e78ec4172e5b4e6,1024,0/0
/spttest/32sbxa9sixvu,59f0b25a402bc0a,1024,0/0
/spttest/r05qef07wtz1,3153a71eea3236bd,1024,0/0
/spttest/r8ue2b5r57mk,31c476ba76b514dc,1024,0/0
/spttest/diju4su6cth6,18aff31548cade3a,1024,0/0
/spttest/kkw7msr7i1ml,2597b1597395cbbd,1024,0/0
/spttest/ep7f3hqdet67,1ada021fa432302f,1024,0/0
/spttest/r9th683e1xr8,31d11f97de1b1b24,1024,0/0
/spttest/qc9gr6mpuk7l,301d41af2f5fb2d1,1024,0/0
/spttest/sl928nqzjmsc,34393e3cfa76151c,1024,0/0
/spttest/wgxyzc0hf0wt,3b4fbdc4885be35d,1024,0/0
/spttest/hn7xy3tb7zgr,203b0fb3f672de4b,1024,0/0
/spttest/6n9wt8ptcmp6,c2403dca683feea,1024,0/0
/spttest/6z4fukzwfzi6,cbde994266bad7e,1024,0/0
/spttest/tp2nnwfynnil,363e80e5c05094cd,1024,0/0
/spttest/9r0usmb2src5,11cf8c2025352765,1024,0/0
/spttest/tum5zuhfkluj,36867d3696179e9b,1024,0/0
/spttest/isloud7aunge,22549506975be83e,1024,0/0
/spttest/m8k3g0xwie,8060f537c92d6,1024,0/0
/spttest/miep6i398o19,291e9fb6fe5260ad,1024,0/0
/spttest/jm4g7u86bsj6,23d40a55f0aeeb32,1024,0/0
/spttest/gwlxe6w7yezr,1ee16581e0174767,1024,0/0
/spttest/pbpmxxrlyy2,148f53faae2532a,1024,0/0
/spttest/alkfbwf5zbq7,135c49839286a71f,1024,0/0
/spttest/rp6rjlf5vtto,3298c1d793d479bc,1024,0/0
/spttest/40e0o171udp,3418fed806db0d,1024,0/0
/spttest/zwqm709iv53d,4197c2375c650189,1024,0/0
/spttest/ppknwcxip2az,2ef68b28d6020deb,1024,0/0
/spttest/pidtthnzsmsz,2e9926f997e87173,1024,0/0
/spttest/q14bsweptcxo,2f8c854ffd2697bc,1024,0/0
/spttest/bg5lrd5g7qcj,14e99b7223925523,1024,0/0
/spttest/gtxzjzbeww3l,1ebec7b343183481,1024,0/0
/spttest/pzwu96an593t,2f7cd4742e343c59,1024,0/0
/spttest/5xmz5twou9ei,ad70200bc18331a,1024,0/0
/spttest/jp3xxjx1q89z,23fad3304b0ce167,1024,0/0
/spttest/oawzoxn8ud4g,2c6489bed54171f0,1024,0/0
/spttest/gcx626aemh3y,1de1aaa8b3a2161e,1024,0/0
/spttest/uwqyjnj3rh1p,3875cfb2114dce0d,1024,0/0
/spttest/osjmvu5wlato,2d4986b75b981e0c,1024,0/0
/spttest/dszbtvdv2p9i,19376e9449fdef66,1024,0/0
/spttest/env5qb6z2lg2,1ac8986a9a7be412,1024,0/0
/spttest/zvyoydijzti2,418daefcd3a84b1a,1024,0/0
/spttest/3s39u0d48sgq,6e7b9403e879a1a,1024,0/0
/spttest/yjkfl8glur6c,3f190d7b065d1a14,1024,0/0
/spttest/9bsg4paixb8q,1109acb3fd01012a,1024,0/0
/spttest/xr6dknhg8vms,3da847f6b081b624,1024,0/0
/spttest/kzpssjl0r45d,265837e9e30ff1c1,1024,0/0
/spttest/ea5f5vw7c3yq,1a1672b4ed2db612,1024,0/0
/spttest/8pl0h75lievc,fe93a50bdac34c8,1024,0/0
/spttest/vrniet5hhy5q,3a073c26d5cffc2e,1024,0/0
/spttest/9g9cup0cyzt1,1143bb94599085c5,1024,0/0
/spttest/68k1b0wp4oo4,b64d43955764ee4,1024,0/0
/spttest/nqsf967i4q43,2b5f1ab2e374cb33,1024,0/0
/spttest/g58tlsvvkdd1,1d7df51158d0dba5,1024,0/0
/spttest/bhv8dewn9gx8,14ffd7ed6798d4ec,1024,0/0
/spttest/d2uq0zwzx3oy,17e40c7dee3e43f2,1024,0/0
/spttest/gt4nyj27roik,1eb43344c8e613dc,1024,0/0
/spttest/gaqxvf71e2tg,1dc570edb422d2c4,1024,0/0
/spttest/3zv9lyvotm5u,74cbfc926666972,1024,0/0
/spttest/4mr4tpctj5z8,87602f0a13a6204,1024,0/0
/spttest/dnfb6l3krrxu,18ef4345695d1632,1024,0/0
/spttest/a3w9ziae6g4f,1276c1997cc0ad1f,1024,0/0
/spttest/onacqyvnl83r,2d053b1d10ed0f47,1024,0/0
/spttest/swlw5v65815a,34ccc1416bb3e4ce,1024,0/0
/spttest/qez4jnx1prpf,30407e725c144d83,1024,0/0
/spttest/w3czf0s40pxu,3a9f4ed0b319b752,1024,0/0
/spttest/dwrk2tvyv2pc,196895d332b8ad70,1024,0/0
/spttest/rwnokynkb26n,32f9c94ca8be4fcf,1024,0/0
/spttest/rpykfel98o9a,32a2c9e4cf40e9ce,1024,0/0
/spttest/nxmmr28mpm35,2bb7f0859f881211,1024,0/0
/spttest/93ecm017upzl,109cac76adf16a11,1024,0/0
/spttest/v937w12nmgvu,39161b2b5c9ccdfa,1024,0/0
/spttest/n6rf0s7id1so,2a5af49919b1d858,1024,0/0
/spttest/ixuylqqihhp0,2298dfaab19b4dd4,1024,0/0
/spttest/xo750xirirj5,3d8196a13d42eee1,1024,0/0
/spttest/rdpnxdzrwogu,3203b47a5834bade,1024,0/0
/spttest/lwggvsfaxpdf,28017f83708764b3,1024,0/0
/spttest/fsfg678x618e,1cd77cd742421cbe,1024,0/0
/spttest/poak43r1uklo,2ee5e8825c70e0cc,1024,0/0
/spttest/agr4me6r5xf8,131dc2550f346b74,1024,0/0
/spttest/ecdyn97mpb84,1a3382276ee5a714,1024,0/0
/spttest/kufuxhllm7jl,2613af6e79c9c8b1,1024,0/0
/spttest/rh9rbwea52zc,3231ec5833d6a058,1024,0/0
/spttest/60ylok8efpzu,b022b9b22a75f5a,1024,0/0
/spttest/n5u9iew9utjt,2a4efe4ed0f57a19,1024,0/0
/spttest/kc2iuke177aj,252511068a2679ab,1024,0/0
/spttest/dnedeib2rupe,18eeec995f77c232,1024,0/0
/spttest/snaromym8fd7,3453d6673eb7fdcb,1024,0/0
/spttest/ufgaav5gkgpq,379524718cb9459e,1024,0/0
/spttest/13arlmv606q4,1fe778357ad640c,1024,0/0
/spttest/ozdccltksz1h,2da22e467ec11865,1024,0/0
/spttest/jo8mmz49nwdh,23ef86cbac90eca5,1024,0/0
/spttest/5rt7w6p86pqf,a8b53139cf933c7,1024,0/0
/spttest/co0prikx5fl3,17235f2cb61f4f27,1024,0/0
/spttest/7wtcnukpq20k,e738c145ee3b5b4,1024,0/0
/spttest/y4ekg4who3c,1bb399485374438,1024,0/0
/spttest/9kdnc5uj2k7j,11793cfb70594dcf,1024,0/0
/spttest/a67hb823pp9s,1294c6f58d46b730,1024,0/0
/spttest/dfs19v2uo14f,188bf094869b71af,1024,0/0
/spttest/uza6u22znaf,19268bc41714aa7,1024,0/0
/spttest/mpz8bszoa8c3,2980f5012f094cb3,1024,0/0
/spttest/ax9u6bqjees6,13f456a22d830d56,1024,0/0
/spttest/uo0oozjl0uq,18e584cba19d692,1024,0/0
/spttest/5sxp8e6or8lh,a99ee4b737c3445,1024,0/0
/spttest/susnjo27puis,34b53736220a55c4,1024,0/0
/spttest/tjyjq8wz9bfp,35fc130b81722525,1024,0/0
/spttest/ddem3mzp397r,186d1e59624b9667,1024,0/0
/spttest/1vs05rh5kdvo,37062ec26717c44,1024,0/0
/spttest/12ufukm8d2al,1f8937800802cdd,1024,0/0
/spttest/xab52ok59xta,3ccd2ea225f3086e,1024,0/0
/spttest/di8hfewy2uzi,18abda6f07078b5e,1024,0/0
/spttest/fhzp9ykb7mto,1c4fe9bddb798a4c,1024,0/0
/spttest/glasy0pfkljq,1e4e803786019d16,1024,0/0
/spttest/6ubhkpxjur50,c7f824d272e8be4,1024,0/0
/spttest/nha8c12grhxm,2ae3a300c44cfb8a,1024,0/0
/spttest/gp3kkxkynx3f,1e7fd935059b494b,1024,0/0
/spttest/4yx7pxdxhuyo,91413a889151c00,1024,0/0
/spttest/11jtn1iwka1b,1e7c18baf31e7cf,1024,0/0
/spttest/zz808u00owgp,41b8030a7c779a59,1024,0/0
/spttest/emgyy7xlh86v,1ab67c9b86958cb7,1024,0/0
/spttest/q1c3aepgad8m,2f8f526a07dfd586,1024,0/0
/spttest/6td18v2yj27o,c7313e22e242bf4,1024,0/0
/spttest/r5jd2fs6qb2w,31998459d38de098,1024,0/0
/spttest/93ecbl4bkzms,109cabb8aa407c64,1024,0/0
/spttest/vkyqqf89wsdl,39b05cc25cf990a9,1024,0/0
/spttest/bv571ljy2dea,15ac4c8a1598ce52,1024,0/0
/spttest/h0su564l17hu,1f17d8c589254132,1024,0/0
/spttest/zemwab6q624f,40ac9c03f2fab23f,1024,0/0
/spttest/rdi9wtxc1o8r,320109f082f1b0fb,1024,0/0
/spttest/tm27slgpv574,36176068caeb7510,1024,0/0
/spttest/tk6l0w7lbluo,35fef950c4ebf460,1024,0/0
/spttest/wv2787nepykv,3c071dfe7588754f,1024,0/0
/spttest/kmlik189xx39,25adcfd6bbd5fec5,1024,0/0
/spttest/w6kl7vwnzgis,3ac9051a1176e564,1024,0/0
/spttest/rjl0ahrwyamo,324ff5e687de6650,1024,0/0
/spttest/rwtcfac292a5,32fbd450a2d5c5cd,1024,0/0
/spttest/lvdyh262r02v,27f39a494bccb327,1024,0/0
/spttest/mci15hd2pomg,28d1e3fef1302ee8,1024,0/0
/spttest/z7oej41pzt5l,40523a65e2cddb59,1024,0/0
/spttest/o54jqp59skc,13997ac42bf81dc,1024,0/0
/spttest/98h146xii06c,10de965bee21a764,1024,0/0
/spttest/3ldrb0jj0q3x,69094f771ad632d,1024,0/0
/spttest/hfb9b09z99kp,1fd457e5a3891fb9,1024,0/0
/spttest/nbwf9s4ffwr3,2a9db55d3b6b528f,1024,0/0
/spttest/xxaarsoolypq,3df7a1c9f08e9afe,1024,0/0
/spttest/nwaduut1no4n,2ba688064e936ee7,1024,0/0
/spttest/6u0kq10akdzw,c7b92538bd45ddc,1024,0/0
/spttest/haevzmg9rqee,1f94b4eb7729c766,1024,0/0
/spttest/l5kxdca7bkqf,26a4655bb1c50cb7,1024,0/0
/spttest/4nffcn4hy1v0,87ec6c90e26eeec,1024,0/0
/spttest/wh12sl9z00xe,3b50dca7aea21bb2,1024,0/0
/spttest/hv7qf9s62ygm,20a2e674380920f6,1024,0/0
/spttest/5afclztuzuh5,9a980a8cf016709,1024,0/0
/spttest/vox5kzys4u7c,39e3bf265d0005e8,1024,0/0
/spttest/8bqlxsqevyq0,f3565a07e6b3788,1024,0/0
/spttest/m209w37ktcon,28499739093e2577,1024,0/0
/spttest/b24nhtg1fmfi,143369ef3b7d104e,1024,0/0
/spttest/qkp7yslzno0j,308adb1494b69053,1024,0/0
/spttest/8kpknqewtej0,fa9ed4941f566cc,1024,0/0
/spttest/rajcf0ds8wnv,31da74f6fccc075b,1024,0/0
/spttest/g7c3825lsv51,1d991d5d458715a5,1024,0/0
/spttest/4ork451q1e34,89024af18ca4b90,1024,0/0
/spttest/ng4dvd441q6m,2ad489be660cdece,1024,0/0
/spttest/s4rv2zpfh4ly,33633581856d5496,1024,0/0
/spttest/r1cgrxknfwb4,31631242b90f6850,1024,0/0
/spttest/4a9imy7v8gnx,7d3c8aba34aa15d,1024,0/0
/spttest/jtksrhoy5j47,2434dd36f8878207,1024,0/0
/spttest/bsf9guh8e9hn,1588f6ab8148f38b,1024,0/0
/spttest/9stcosya6x81,11e6d19af36abfb1,1024,0/0
/spttest/emfkqupuzh2x,1ab5fbcb113a8339,1024,0/0
/spttest/v4r07olst2rm,38ddbe07215b0342,1024,0/0
/spttest/wc6gvfzn7huz,3b11dc563f3ae92b,1024,0/0
/spttest/51c4rjpadxuw,933701d10c72aa8,1024,0/0
/spttest/9ljib3vcxiqe,1188578b549d3516,1024,0/0
/spttest/voj11lqeh2xa,39dea65956df2f0e,1024,0/0
/spttest/9euqzbfkj78d,1131790cb1a84b5d,1024,0/0
/spttest/iryvgmxpjsnr,224c5989c2a454d7,1024,0/0
/spttest/ftp4qpy5fe2y,1ce7f873fb67f20a,1024,0/0
/spttest/1beqmdjmhdbm,267d086e309afb2,1024,0/0
/spttest/w7droa71w1zh,3ad38c581dd68f0d,1024,0/0
/spttest/1cengtaqijhz,274c5b09909c537,1024,0/0
/spttest/38gq1a7wh8xd,5e8ca7976e9c371,1024,0/0
/spttest/7lxyksl51f7e,de653f540c95c3a,1024,0/0
/spttest/v7fsprbuem6c,3900aa8266f341c4,1024,0/0
/spttest/bg3nry7ht5vq,14e8e7e1f3d6d006,1024,0/0
/spttest/2qh727pd0s95,4ff2789b7a8b009,1024,0/0
/spttest/9j8uuzq4bbok,116a852fd07bebe4,1024,0/0
/spttest/dvjacz0zj94n,19589caff77ee7f7,1024,0/0
/spttest/jpaicrcgw0c1,23fd31cc2dcc39b1,1024,0/0
/spttest/xvm26gq21ktp,3de1e5a5c9d989ad,1024,0/0
/spttest/h9rabxlu71dy,1f8c30e15b0924c6,1024,0/0
/spttest/vnkt5sr4oboe,39d24d99f861211e,1024,0/0
/spttest/5zq5uda3oi0,4dd64c8c6e5cc8,1024,0/0
/spttest/fs95qgydy2dr,1cd537da387bb58f,1024,0/0
/spttest/jtx8n79de0mx,24395a6165341bb9,1024,0/0
/spttest/cfl1giq3d8y3,16b5cd3c1183198b,1024,0/0
/spttest/fb1r71hsmpr4,1bf5ba9ac4647be0,1024,0/0
/spttest/xo7c2d9j6whq,3d81a8b15993f0fe,1024,0/0
/spttest/a1if6btlxago,1257c73ee808ac38,1024,0/0
/spttest/oreh7ddkxm3t,2d3aad0badb36629,1024,0/0
/spttest/s7p9mogn31xp,33893d7edd39e38d,1024,0/0
/spttest/czjrzelt7m39,17b921b06d28bc95,1024,0/0
/spttest/wak4ckrwim1d,3afcced8405cec11,1024,0/0
/spttest/9cu236hro9g3,11173eaab4d944d3,1024,0/0
/spttest/p7hi44r3gev,1476ee7c59ac0d7,1024,0/0
/spttest/3tp15m1jzymt,6fc905807b2d115,1024,0/0
/spttest/3fc19u8eiyjk,6420643881e8d60,1024,0/0
/spttest/4t8fuq83y6t8,8ca31097e6c79fc,1024,0/0
/spttest/l1ih7wn5i91h,266f8e27a7909f45,1024,0/0
/spttest/sx3wfb6bp0r1,34d3408e9aa3030d,1024,0/0
/spttest/3ke05axoa79w,683ae6515235f54,1024,0/0
/spttest/p24jt6kua3qz,2dc5f9df91877f7b,1024,0/0
/spttest/on56adfw8mpe,2d035cb1e05630f2,1024,0/0
/spttest/s20689vfcz9s,333f3d4824931890,1024,0/0
/spttest/dfj8d5w2u20o,1888c3763285b7b8,1024,0/0
/spttest/a7nw024dbqv4,12a7afcc7f8a39c0,1024,0/0
/spttest/ax9ke8mtq3bl,13f43d8a294be851,1024,0/0
/spttest/d3fnez1ien7l,17eb9986131c1301,1024,0/0
/spttest/ssz0cmqt0gqp,349d87c2da1e99c1,1024,0/0
/spttest/vhchno5ijllx,39815d997892ba25,1024,0/0
/spttest/d4lj4uehaib,aa850e41c25573,1024,0/0
/spttest/czvnt2z84og5,17bd6b64f00328c5,1024,0/0
/spttest/u2ad0srrkutn,36ea24e0644ce00b,1024,0/0
/spttest/hofaa0lcyucc,204ab32cfb104e1c,1024,0/0
/spttest/o3xc6yibjfz2,2c09bd05b87cea9e,1024,0/0
/spttest/31wbjc28bevx,5937e5e7798f01d,1024,0/0
/spttest/3t2mcbigde39,6f47a3bdb91d095,1024,0/0
/spttest/2hndeuod3izo,48c7abb77736fe4,1024,0/0
/spttest/ntqf2rprlb6t,2b855946b2c75ae5,1024,0/0
/spttest/pvjr6rwcvnbn,2f4426c577b1c3d3,1024,0/0
/spttest/z30orlrqt1vf,4015b6cbde2364bb,1024,0/0
/spttest/szs8z27iegvo,34f6041afd1afaf4,1024,0/0
/spttest/rt59rhmyizvo,32cc2ce11c6cd024,1024,0/0
/spttest/8i7a0erb2pen,f8958d2fc84041f,1024,0/0
/spttest/trw3s7h8o7gw,36631b730ede97d0,1024,0/0
/spttest/3tcwsn21f139,6f830bcbf330c45,1024,0/0
/spttest/2037ivxfwudl,3a862e558fd64c9,1024,0/0
/spttest/88c6mzleipb4,f093971b51242a0,1024,0/0
/spttest/rsolgx1b02wn,32c628a7b66eadb7,1024,0/0
/spttest/1wpt7eiwbq15,37c95995fc3a089,1024,0/0
/spttest/lsqmrhxez69o,27d13541fdcdcc7c,1024,0/0
/spttest/4597zhdkci9q,792bb0e6e519f7e,1024,0/0
/spttest/v1qxc5tj0ri4,38b6bee1256b623c,1024,0/0
/spttest/x8xgoz9sah3x,3cbb4208b9ae051d,1024,0/0
/spttest/chtj42ujbxp8,16d2d7fdd0fcca5c,1024,0/0
/spttest/4zjozfqmo5u4,91c300e4882618c,1024,0/0
/spttest/y0k9an6w9tn4,3e223174024ce650,1024,0/0
/spttest/920l4vzq7883,108ab7ec8514db63,1024,0/0
/spttest/lj77sysz0zs1,27554c918a4dc821,1024,0/0
/spttest/fsr08hv5329o,1cdba85eeb2a3f3c,1024,0/0
/spttest/pjakqmbac2re,2ea4f7d48e97cefa,1024,0/0
/spttest/eiqhgnct5g2l,1a85f6646fd23d9d,1024,0/0
/spttest/km5elwal0z8v,25a7ffd109e48f6f,1024,0/0
/spttest/l9fkex5j4vo1,26d66b4d20b83051,1024,0/0
/spttest/5p4w5c7eayz9,a68919698751995,1024,0/0
/spttest/47wffoczmk53,7b51527717f0277,1024,0/0
/spttest/luq0ra5ttz07,27eaf74f00b12777,1024,0/0
/spttest/ruectt3uhw79,32dc715017539745,1024,0/0
/spttest/38ezlz5ohx2g,5e82a4e0aee7da8,1024,0/0
/spttest/mgkgx9lbhyvj,2906ba39ec93f9cf,1024,0/0
/spttest/kzaxmbxga965,2652dac6afd8b0ed,1024,0/0
/spttest/65de5kj1nqgt,b3b76d7ad1b32bd,1024,0/0
/spttest/qnvul9fauv61,30b4371bcb02af49,1024,0/0
/spttest/qgnyzfnyuce0,305672a389546838,1024,0/0
/spttest/q0559vdsixbc,2f7fd3ac4e219928,1024,0/0
/spttest/li85r6b4wlsp,2748a66bb7d2e659,1024,0/0
/spttest/996qcrtrbrs0,10e7dc524214a060,1024,0/0
/spttest/trjr91n7t2q7,365ea6e01ab3260f,1024,0/0
/spttest/v2f21qkvf70f,38bf73cda6fe003f,1024,0/0
/spttest/8q1vmf1cg8da,fef501e59c82e5e,1024,0/0
/spttest/7n7ndm1mol1m,df6d02964979a8a,1024,0/0
/spttest/4fmriqtoo2sv,819828899e7f02f,1024,0/0
/spttest/lurw90anuueh,27eba47ac24a1469,1024,0/0
/spttest/7j246ukgi1v3,dc0dc0fc69119ef,1024,0/0
/spttest/r5t3gbe2n6mr,319d075d54b96b53,1024,0/0
/spttest/jgo8ne0ljub2,238d3ebdfdbaf52e,1024,0/0
/spttest/3wpre7m9yaj2,723cb6ff5c91ace,1024,0/0
/spttest/v6lasi8na8zt,38f5a9794b860309,1024,0/0
/spttest/m2fo71phlwbi,284f2572cc841bde,1024,0/0
/spttest/ues9yias1z7x,378c7ab99b660c8d,1024,0/0
/spttest/egduqayp2akl,1a676d2296074305,1024,0/0
/spttest/nl0fwxp1p2qr,2b140fcc4a8d8f23,1024,0/0
/spttest/f5h3p7lqmnb0,1bad54ac167e9d7c,1024,0/0
/spttest/2kxzauz1h2vo,4b7465900a395d4,1024,0/0
/spttest/mqurcwh0e99e,298c553f8acf0a62,1024,0/0
/spttest/df0pr4kaf5pc,188215142015e4a0,1024,0/0
/spttest/u1p0br1xvvk1,36e270919ec68681,1024,0/0
/spttest/5y3u2uus72ii,add1738dd7c3c7a,1024,0/0
/spttest/sego081gpqf3,33e10fdd617785ff,1024,0/0
/spttest/7yc6zs69kdie,e8755c9e8f38266,1024,0/0
/spttest/r71wyuiziw1p,31ad334bb7ca5dbd,1024,0/0
/spttest/xo6vxos5tog2,3d817f4e8185f602,1024,0/0
/spttest/lx1fgtc6pnvd,28090f9d0cb78b19,1024,0/0
/spttest/60tolzpn36ll,b0065476a702f29,1024,0/0
/spttest/fkjzbgpgcs8h,1c7135628dc9edf1,1024,0/0
/spttest/nbi86992hjv7,2a9895ff439c94d3,1024,0/0
/spttest/i28yb949r35b,20fe43dbf50ad1af,1024,0/0
/spttest/h69wc6je127o,1f5ef2f259cb1b74,1024,0/0
/spttest/oma89233q950,2cf832512f4ddfc4,1024,0/0
/spttest/6m5yjxifxp2e,c159999a3cdc426,1024,0/0
/spttest/yfdg37kisz5v,3ee29328361ef303,1024,0/0
/spttest/efpgqyvbm1bn,1a5ea06c72da1733,1024,0/0
/spttest/miaopwjulfsm,291d2d0f11408d36,1024,0/0
/spttest/3v51q5fe0o91,70f54f4cf69b4c5,1024,0/0
/spttest/jhlqd64x9v1,fd25e60b4d5c2d,1024,0/0
/spttest/rs7ulb4zqpdq,32c01dccd18985fe,1024,0/0
/spttest/y24bjrg4ven8,3e366bdb2ec78fe4,1024,0/0
/spttest/me33oukww6aw,28e67b7f6228b7e8,1024,0/0
/spttest/uh1o52emhxmd,37a9d8f0eb56f275,1024,0/0
/spttest/65lbbfwpw7v4,b3e52827239d8d0,1024,0/0
/spttest/yh3ac6fzqdm9,3ef8e33b8d0ec671,1024,0/0
/spttest/8zdrlmuzhle9,1068818774326191,1024,0/0
/spttest/apg4piseitih,138eb1d0a9d583e9,1024,0/0
/spttest/7pyyrqz67twr,e1aa5d95156252b,1024,0/0
/spttest/qjtsb9j5h0s4,307f8380472abf34,1024,0/0
/spttest/2vdykva4euby,53eeef452e16d0e,1024,0/0
/spttest/xq6nzw7m8t3e,3d9b65737b48574a,1024,0/0
/spttest/h3p7z3exey9x,1f3d828e8c284e05,1024,0/0
/spttest/9lll2y9yx08b,1189176597e4456b,1024,0/0
/spttest/e42mmwm5ccl4,19c7813c346c87b8,1024,0/0
/spttest/hf1czqrgixlv,1fd0c5acc72136a3,1024,0/0
/spttest/pguwd256pt2u,2e85553f7710b976,1024,0/0
/spttest/gglffrvwzqsb,1e1163540ef6de5b,1024,0/0
/spttest/83hkqeai8fqq,eca392a668b1bb2,1024,0/0
/spttest/n6c6z5znpt6d,2a55766ed0f852f5,1024,0/0
/spttest/8mquzcismelg,fc45ea749ba9764,1024,0/0
/spttest/kmmns9nidi4j,25ae399f71113b03,1024,0/0
/spttest/m0snib37h0je,2839d9f57aac9ffa,1024,0/0
/spttest/k74dirg4as7e,24e4c9cee42ca14a,1024,0/0
/spttest/guc5huzgsa0n,1ec3e41966cdbdb7,1024,0/0
/spttest/6l0smhywtnb2,c06bf4a6188933e,1024,0/0
/spttest/y2k9tuzy6n86,3e3c2d5613daa916,1024,0/0
/spttest/kvzttoni76jn,2627e1375a06eae3,1024,0/0
/spttest/qywuvm1irrqn,31437609dd8edb2f,1024,0/0
/spttest/qp4xlvdsmjm,15aca8a1995fa22,1024,0/0
/spttest/6rjlgbwduhqz,c5b776d6a02125b,1024,0/0
/spttest/bsqw8agb71rj,158d291fb379cfaf,1024,0/0
/spttest/8sc8kjvoynyz,100d0789643cd1db,1024,0/0
/spttest/4ejapei3yd17,80b45073f82017b,1024,0/0
/spttest/rxaxlzuyg82,16aba23176e60a2,1024,0/0
/spttest/p8h2pj24hfna,2e186e527730a576,1024,0/0
/spttest/fvjac4i9lkki,1cffd71c8c22cc62,1024,0/0
/spttest/6zs87zoqsl2v,cc67ed88b0903b7,1024,0/0
/spttest/583xelpk5m0a,98b6714e77f66aa,1024,0/0
/spttest/dv8bc4r4rjur,1954a7247e4bad43,1024,0/0
/spttest/aq36h2w1oq48,139702d088d21b38,1024,0/0
/spttest/h969nkg4ci9d,1f849b691eefab71,1024,0/0
/spttest/t9tymkqweaqj,357886dc8d7fb5db,1024,0/0
/spttest/cmlzzpaiu3ya,171112a2b62f7982,1024,0/0
/spttest/dibfkc4uhwit,18aceac1f984ece5,1024,0/0
/spttest/9ixcyl9of1a,7bbb8897eb9f1e,1024,0/0
/spttest/hr3uuhprzfh5,206d8b4d509cc819,1024,0/0
/spttest/av951qr419gx,13da1ba617f59631,1024,0/0
/spttest/8quxu7wg2jik,ff9cc7c366e4f4c,1024,0/0
/spttest/4c5pbvlvzivi,7ec62e1dd5fed4e,1024,0/0
/spttest/cd6uqxt3qug3,1696b4590e5e23a3,1024,0/0
/spttest/kxgyfvn4b1e9,263b0c93f96dcbd1,1024,0/0
/spttest/n4u0p0pby3f1,2a41ea6e0d3874cd,1024,0/0
/spttest/g7bdjjtm1zde,1d98db7910afc352,1024,0/0
/spttest/txpu9o0sfv3a,36aec85ded04a726,1024,0/0
/spttest/fvaw4j4h038z,1cfccfb40efd8173,1024,0/0
/spttest/6iszj895useb,be9f38efff01443,1024,0/0
/spttest/68iod9rrn73s,b6456a91db49ab8,1024,0/0
/spttest/crrlguxll19e,175409dd5e3132a2,1024,0/0
/spttest/vvjweqwdim33,3a39e39f46ba0d4f,1024,0/0
/spttest/2qf50vhv100g,4fe699310040950,1024,0/0
/spttest/no7d20jin2b0,2b3d86cf7f9d696c,1024,0/0
/spttest/l5y5dsa4al2m,26a92ab40a44752e,1024,0/0
/spttest/hjicweta9ow0,200adcb977caa440,1024,0/0
/spttest/ig0j6a7pevhw,21b113aaa1c4ebf4,1024,0/0
/spttest/emk1iizm5ar6,1ab7984a885ca7b2,1024,0/0
/spttest/qs6uuha11vqx,30ec24d7d896eff9,1024,0/0
/spttest/w2wxt5ha74k3,3a9984cc8433d0d3,1024,0/0
/spttest/ks0h999zemcj,25f4284fef93ffa3,1024,0/0
/spttest/zp9x2r1g94wy,4136cf144d136522,1024,0/0
/spttest/oxy2i1z5cord,2d8fae39ba672959,1024,0/0
/spttest/gmd9b5rhjhwn,1e5c6032fed5ee67,1024,0/0
/spttest/amqnu48nxvm3,136b86ce06a1754b,1024,0/0
/spttest/ktdf378ymuga,2605d0cafc93f5aa,1024,0/0
/spttest/ncfv9qfl7huz,2aa4b968f5e2072b,1024,0/0
/spttest/24ysf43m9fw9,3e7bcf36db07ab9,1024,0/0
/spttest/1v68m97kvgjq,3688885da328586,1024,0/0
/spttest/pp052yitkty4,2eef2383e007399c,1024,0/0
/spttest/t0obdn2c75xg,3501960f524c9dc4,1024,0/0
/spttest/3mbmvh5v5l3k,69cce1dc1ff7d10,1024,0/0
/spttest/vxvzodmcf5v2,3a583af036213f6e,1024,0/0
/spttest/l936zpcai3w2,26d1f471501a2e32,1024,0/0
/spttest/b8f69t398f12,148525561a13a316,1024,0/0
/spttest/dc8mngnlmaqa,185df84bbdad90d2,1024,0/0
/spttest/1y3nwakx1kn1,38e9263f9454fbd,1024,0/0
/spttest/2x40giwf1mf9,555529b7e4936c5,1024,0/0
/spttest/lhwpfivh6xsk,2744847cb7105d94,1024,0/0
/spttest/tbvolvoz7yqa,359320676ec83e92,1024,0/0
/spttest/u0h932ev9f0x,36d2a6d6d9dc0b51,1024,0/0
/spttest/8kwknodfux0i,fac73dc1d2605a2,1024,0/0
/spttest/ks01y0cdymt6,25f40106182b04fa,1024,0/0
/spttest/oea87ugcd1zf,2c90482d49aeb74b,1024,0/0
/spttest/9mrlblq0ro83,11983f7ac8c26b63,1024,0/0
/spttest/7anuu8sbo4t8,d53ccdca853095c,1024,0/0
/spttest/hexkqnp73vu7,1fcf6814a9651eef,1024,0/0
/spttest/1y5jyhhbu91o,38f4105238fe84c,1024,0/0
/spttest/u44b3m9qdfkn,3701f03ffa34ce17,1024,0/0
/spttest/k1xc5fljwdwo,24a14d6e58f6a568,1024,0/0
/spttest/ab0uf3u6t785,12d3544c0cdeb7d5,1024,0/0
/spttest/oc0vckqk3x7d,2c72ed54c8af46d9,1024,0/0
/spttest/yjbla69d5aer,3f15dcc5d27a94f3,1024,0/0
/spttest/cyi4rvos2d3m,17ab8c83c98e5ad2,1024,0/0
/spttest/pgb5ubt54eo6,2e7e3634b45a0c46,1024,0/0
/spttest/2r1smqov07jp,506963f4f8b2535,1024,0/0
/spttest/2ybq093i1lkp,56517fe121bf179,1024,0/0
/spttest/460k5yl7kds3,79c9840029cbdc3,1024,0/0
/spttest/5aw2mxanjumv,9af8953f40290d7,1024,0/0
/spttest/88uyl6jasvp5,f0fffc9239ea579,1024,0/0
/spttest/iz4krrez7re7,22a9551d29e6f16f,1024,0/0
/spttest/aw8nz75rzjcy,13e6ed1b19e5abc2,1024,0/0
/spttest/gu5sq3rco39j,1ec1991f4313ae87,1024,0/0
/spttest/mt6ln1xuuaw6,29aa9582693964a6,1024,0/0
/spttest/ivubum06buhi,227eaac5b88c1516,1024,0/0
/spttest/nkaqdkeh6zn4,2b0ac9111d6622f0,1024,0/0
/spttest/mtfwjf0eu6hu,29adf0c9bbb8fa62,1024,0/0
/spttest/8x0dkm9vnlpy,1049b23c2ec070b6,1024,0/0
/spttest/h8rrocezvbbt,1f7f6020613e0619,1024,0/0
/spttest/9u19eab78bij,11f6a95c68897f4b,1024,0/0
/spttest/vbb8pgjvqtjs,3932fab9ef510318,1024,0/0
/spttest/8jcij06da74v,f9839c60fe5079f,1024,0/0
/spttest/vt4clej4m1i6,3a1a4cbe69ca811e,1024,0/0
/spttest/hscguwigpsdn,207da3fb323973eb,1024,0/0
/spttest/9i4gy0k2lqvh,115bf2c065dc0d4d,1024,0/0
/spttest/pv7o1e6lp45h,2f3fca4586610e45,1024,0/0
/spttest/jz3pyq3yy2r,1037650730dcc03,1024,0/0
/spttest/jmqvvublrdfv,23dc22a26fc75dcb,1024,0/0
/spttest/mv45ap5dte4s,29c3ad5a6f035dcc,1024,0/0
/spttest/pnosnleyeaab,2ede0e52c3b69593,1024,0/0
/spttest/jyv9lvci7f99,2479966606f57afd,1024,0/0
/spttest/7yqhv1cmj9uq,e8c7ed45d030ea2,1024,0/0
/spttest/rtic0pgfhp0j,32d0e3747a03d7e3,1024,0/0
/spttest/k18exspbxnj2,24984f60cb95e45e,1024,0/0
/spttest/auq6s52w3gae,13d3451973042d36,1024,0/0
/spttest/ub5lo3mybem9,375d54886e05c8c1,1024,0/0
/spttest/iao4mm3zj4pw,216ba7a41f676da4,1024,0/0
/spttest/x7azm0lllk21,3ca628d8b3ed81c9,1024,0/0
/spttest/zcnkome5re7p,4092e019cd19fdb5,1024,0/0
/spttest/gj9e3u1xiubw,1e3403434bf66f0c,1024,0/0
/spttest/zheeoqgxoawb,40d083af019cee2b,1024,0/0
/spttest/ap4wrpngdlrh,138aa564ef61cb6d,1024,0/0
/spttest/c5j7p05hm09h,16333fee243fcfd5,1024,0/0
/spttest/er4ey6vou2p0,1af2e7278c833d24,1024,0/0
/spttest/aabas2qcad9j,12ca1cb31cf2b5a7,1024,0/0
/spttest/vg9zgqp2h3hv,397378eda48c11f3,1024,0/0
/spttest/lbyxoq94ikou,26f762dd983a213e,1024,0/0
/spttest/6wydvlhq9fs6,ca1bfcbe6110626,1024,0/0
/spttest/bmgzvpemd8kj,153ba74469878aa3,1024,0/0
/spttest/e4o4uu5joe96,19cf43b7ba90e52a,1024,0/0
/spttest/r9lpzghhw1px,31ce5341cf0025b5,1024,0/0
/spttest/iclxwoqhamfl,2184d82cedb66911,1024,0/0
/spttest/gtm8i3zm19j5,1eba8a3d7726d881,1024,0/0
/spttest/uhbsdmv9p2sz,37ad7f7f519eff73,1024,0/0
/spttest/la5wwa7awykl,26dfece70744dd05,1024,0/0
/spttest/eh5j8e1p0brr,1a7169f20a977897,1024,0/0
/spttest/kxzkotxpsi50,2641c44aae0ef7d4,1024,0/0
/spttest/jlm0uh21kg7x,23cd64449941081d,1024,0/0
/spttest/fn3k1ury337q,1c92401776ab0106,1024,0/0
/spttest/eq8r2s4516td,1ae77a7cbda8cdc1,1024,0/0
/spttest/l72m9txtbowe,26b7c4c4fee1c3ce,1024,0/0
/spttest/1czawupzkmpp,27c3935fd4b96fd,1024,0/0
/spttest/khy5zc7m567o,25716e13f2e680b4,1024,0/0
/spttest/3fyt6tk31v4o,64a3dfdf01256d8,1024,0/0
/spttest/jd0ag2qav9at,235da2be954752d5,1024,0/0
/spttest/1783d9tvvlx8,23175a0f14963bc,1024,0/0
/spttest/x4ccq6r57c6n,3c7faf18d61d8a6f,1024,0/0
/spttest/lgzb2hynqht1,2738777c604daba5,1024,0/0
/spttest/s4m9s3txmvxl,33613101e70fd029,1024,0/0
/spttest/mk0yyyo2e63e,2933a6318103585a,1024,0/0
/spttest/l2uh0312kndi,2680df45e402c956,1024,0/0
/spttest/nmcjwtdx5pfn,2b256bba6f3bf503,1024,0/0
/spttest/p63uu2kkbso5,2df9aed1a75169e5,1024,0/0
/spttest/lqdivw2r6w5k,27b28001d2ffeb48,1024,0/0
/spttest/h3kqdvckfp8h,1f3be3f3ed91a181,1024,0/0
/spttest/g0pgj2b6posn,1d43037e6ee1fbc7,1024,0/0
/spttest/w4oyyx23qkdo,3ab09f57d8fca4ac,1024,0/0
/spttest/dhek8ivijffj,18a10e97bc5222df,1024,0/0
/spttest/rzz0n8c4c8bq,3324d812497b2926,1024,0/0
/spttest/nkfceaeq2pl8,2b0c7309dfd7600c,1024,0/0
/spttest/28s1y4zbrb8r,41943d91c0388ab,1024,0/0
/spttest/r6khsttyu08y,31a6ea1eb03622c2,1024,0/0
/spttest/asxqvp74epxl,13bc04bba4bbcac9,1024,0/0
/spttest/owhedvegewwl,2d7cad333077d615,1024,0/0
/spttest/uime2bgt9tun,37be5013c2d0ac5f,1024,0/0
/spttest/cf7h4jtpjo40,16b0e84759f77dd0,1024,0/0
/spttest/zgjr7gb1rau8,40c574643d1ddca0,1024,0/0
/spttest/mr986k5mzwey,29918d91e6f158da,1024,0/0
/spttest/ibngx9kg4fp9,21786814028bd87d,1024,0/0
/spttest/lu88xoy6rapb,27e48da9d60ebcef,1024,0/0
/spttest/fld0pemhmtzk,1c7baf9f9c192a50,1024,0/0
/spttest/cm4wddz28jp3,170ae716756ad3b7,1024,0/0
/spttest/4m9jkik4lomj,86faa24b9cde3eb,1024,0/0
/spttest/bcpup8ebem76,14bcf4b950e80ae2,1024,0/0
/spttest/rdxurjaim34w,3206a8f79a586360,1024,0/0
/spttest/lv1y27hpq4yj,27ef44cf11c4289b,1024,0/0
/spttest/w6tgui7qkjxk,3acc393300e217e8,1024,0/0
/spttest/1sgzd06otpbv,345710d4d88557b,1024,0/0
/spttest/fxfxqlnrzq5u,1d189c32623df632,1024,0/0
/spttest/p8jq6hl7r4ab,2e196347c661b973,1024,0/0
/spttest/fibez4vmju35,1c5423bb3054d111,1024,0/0
/spttest/mfoxbb2skzm5,28fb587eed05454d,1024,0/0
/spttest/vp8t8t4w6lns,39e7f3e91b073328,1024,0/0
/spttest/6n0v83gcifgr,c20c0798de91acb,1024,0/0
/spttest/4okmeeh69dcp,88da3f81f65b5d9,1024,0/0
/spttest/w5np5x2zha6u,3abd27129f9fe8d6,1024,0/0
/spttest/aovrntqi3sx3,138758f963583f27,1024,0/0
/spttest/b37nwtqou8l7,14417d5d996116fb,1024,0/0
/spttest/dixlf5rbrfl6,18b4e9e28096ceaa,1024,0/0
/spttest/zhx5a15so5g4,40d7468a4e0a9194,1024,0/0
/spttest/8fufihfg3j1s,f6abba401f3bf30,1024,0/0
/spttest/vhr0pbyaz5q8,39869b9f892909c0,1024,0/0
/spttest/v811vmyuy9nx,390855c0e79d2b6d,1024,0/0
/spttest/meajyr1uj40t,28e92bd564ef4d1d,1024,0/0
/spttest/p42a7wzgu6vj,2ddf230ae31bba4f,1024,0/0
/spttest/tfv7972cigkh,35c6e8e899d2a861,1024,0/0
/spttest/adigv89grt7d,12f3aaaac1e7e099,1024,0/0
/spttest/snzea2gh57ju,345cb9373c78467a,1024,0/0
/spttest/fk12kopeqirt,1c6a62be35803389,1024,0/0
/spttest/2fhsx49tndfb,4707dcc4bfa24b7,1024,0/0
/spttest/80330bnlihtu,e9e06c36f70cbc2,1024,0/0
/spttest/bneo6cwkdqhm,1547cdc1dec91b5a,1024,0/0
/spttest/xfoi53wkmr8j,3d12f33b791bb763,1024,0/0
/spttest/hvj8nrye36o6,20a70d4b7ff54a86,1024,0/0
/spttest/v70rkqaejxd2,38fb3e0fc14f05a6,1024,0/0
/spttest/lla1n5way0vf,27704c60df5912eb,1024,0/0
/spttest/1aqs2q1ljwhi,25f2b6b828b2436,1024,0/0
/spttest/ezdfh5wtixw7,1b5e11dff019c917,1024,0/0
/spttest/8fivnti3vxrr,f6690a79136b7b7,1024,0/0
/spttest/nc67a4z2mkmz,2aa13c8bb8317ffb,1024,0/0
/spttest/5xv62qo0fkjx,ad9f6b066e095cd,1024,0/0
/spttest/gbp9jymy6kab,1dd1d36be2120633,1024,0/0
/spttest/9lh6inu0tlah,1187808e89793909,1024,0/0
/spttest/hqg9l2jl9hx5,206508478bbd83f9,1024,0/0
/spttest/2v6r3sx8iwxo,53c55332d6d233c,1024,0/0
/spttest/3o89ddrq0okf,6b590e15290325f,1024,0/0
/spttest/v1evxw1d89yu,38b266e0ab1cf576,1024,0/0
/spttest/lltuhomiqn1u,2777716468182132,1024,0/0
/spttest/9xln7oa6qnoq,1224fbf21ccf686a,1024,0/0
/spttest/7c9utcwjfud8,d68ba2829caba7c,1024,0/0
/spttest/qzfspf8lf6ql,314a4b7664c854dd,1024,0/0
/spttest/b1ltw0p7je4n,142c9f5842c43947,1024,0/0
/spttest/c7w8lwk7pgsu,1651ed9361ef984e,1024,0/0
/spttest/5enxr702s19e,9e08ee261ae6762,1024,0/0
/spttest/d7ek2hem6h0e,181f299849d5f99e,1024,0/0
/spttest/sa85put3fbvf,33aa08f807f980db,1024,0/0
/spttest/w5oeso29ewf7,3abd68d6b89d0ca3,1024,0/0
/spttest/l8ro51avtw65,26cdcc05a7f47f1d,1024,0/0
/spttest/jl3mxwmaw3hi,23c6c1f696fb7ba6,1024,0/0
/spttest/pn4tn7ny1289,2ed6d97f3c1b0f89,1024,0/0
/spttest/e7zu9a7cm9z2,19fa74b6763ec3fe,1024,0/0
/spttest/xzm6irw6jalw,3e15e5d0a6d13274,1024,0/0
/spttest/a5yx503iehtj,1291b04110f7cfb7,1024,0/0
/spttest/vrt1xkub6tis,3a093c149d967df4,1024,0/0
/spttest/feb47zzba39q,1c20131cc6a8760e,1024,0/0
/spttest/wt2i3yapm1na,3bed3f668a3fb2d6,1024,0/0
/spttest/qxljg6olclwf,313263687457eedf,1024,0/0
/spttest/6yeog3krgq74,cb49e106da5e3a0,1024,0/0
/spttest/kckcwum2zq91,252b806c075ea9a5,1024,0/0
/spttest/dtsgnz16cbcs,1941f1aab3641e7c,1024,0/0
/spttest/35zy99acmiu1,5c8c2cba573ccd9,1024,0/0
/spttest/disn93sn1xzz,18b320be5d6d395f,1024,0/0
/spttest/gl2c9fegrd1f,1e4b727737c8b2c3,1024,0/0
/spttest/l7ye5dpx9lj5,26c33bb5b57faa41,1024,0/0
/spttest/ovqzljwlfb19,2d7325afb15e0a9d,1024,0/0
/spttest/fijqbea6zoop,1c5723c64fe335b9,1024,0/0
/spttest/3v5wbewj0ds4,70fa371febf58c4,1024,0/0
/spttest/7vytlnz1mq1c,e6888207488ea50,1024,0/0
/spttest/97sz5ugb2kb4,10d5e881ef041e50,1024,0/0
/spttest/bq3e34fmh1ll,156ab396a1409459,1024,0/0
/spttest/s39m713hl1uh,334fa2d10e6f6999,1024,0/0
/spttest/k4z6djid288u,24c8ef1ef557bb3e,1024,0/0
/spttest/9yxre4xz8xdl,123658585b7941f9,1024,0/0
/spttest/49nc4614o4el,7cbc7d5f1ddb44d,1024,0/0
/spttest/n30d8wijh6tt,2a2a3a551ae3b7d1,1024,0/0
/spttest/kpy78cvxizh1,25d95b57201ae115,1024,0/0
/spttest/96vr9snn142,776300c9b71c62,1024,0/0
/spttest/q978cfiae98,1550a8b607614ac,1024,0/0
/spttest/l02sa6bfcdhh,265ce76440fb2a45,1024,0/0
/spttest/gnsinc3aqgpo,1e6edef07dc18d1c,1024,0/0
/spttest/vhxj50edb1q4,3988f5225d68427c,1024,0/0
/spttest/42698wlinzd,34bdd13352bee9,1024,0/0
/spttest/9su8ugpfg67p,11e7241d1fe27675,1024,0/0
/spttest/ex1825dvuwzt,1b3fafe96a3ea589,1024,0/0
/spttest/zr4nzqck95a,1d069e6b70d8f4e,1024,0/0
/spttest/hclqx9ad9fyk,1fb129036f4a1e0c,1024,0/0
/spttest/a5zn3lb7t5vg,1291f2dd304745fc,1024,0/0
/spttest/xwn0sh996h8c,3def3bb5c5d619bc,1024,0/0
/spttest/u42zzxy4iw7m,3701776564ec8f92,1024,0/0
/spttest/kncs7uiyg06e,25b7a6921705eee6,1024,0/0
/spttest/4hpmq0afsp69,83485d72b5bc571,1024,0/0
/spttest/ts2faawt9t4b,3665632c167ed8ab,1024,0/0
/spttest/o0ckhnj0v3ad,2bdb46cebe40fe65,1024,0/0
/spttest/orh2f6hj92gh,2d3b9c3859486bb1,1024,0/0
/spttest/tcmc6f7gnpbh,359cbe749870dbed,1024,0/0
/spttest/j2mpzfjrhpyb,22d6d8e3592074a3,1024,0/0
/spttest/51zl2a5tz9lz,93be66698c9ac67,1024,0/0
/spttest/ccx0xw979rc7,1693288e55165da7,1024,0/0
/spttest/nbwosqfmpxcy,2a9dcdce9c148722,1024,0/0
/spttest/qtnazacq347z,30ff11630fcba21f,1024,0/0
/spttest/5kzbjes5o82o,a3299d770a3f3e0,1024,0/0
/spttest/lpeniehzpfqp,27a5eafc798a62f1,1024,0/0
/spttest/ijr0fsfuq3el,21e1994e908a8dbd,1024,0/0
/spttest/s11tzk485vvm,3332d959da1cc8a2,1024,0/0
/spttest/xfscvyycfk05,3d145739a13e4705,1024,0/0
/spttest/2ztugjscoutl,5789f4d5da35e09,1024,0/0
/spttest/natafwprhu0j,2a8f969c4bc07133,1024,0/0
/spttest/kml4rxh82t2e,25adac7b067dbba6,1024,0/0
/spttest/bwce6kf3d0o4,15bbe2b03c8683a4,1024,0/0
/spttest/tyire64zoep4,36b937ab6661d368,1024,0/0
/spttest/2k6a32p1gz34,4ad47b4a37a9aa0,1024,0/0
/spttest/srtridqt64m,175bd7fdd525246,1024,0/0
/spttest/3ccwnyn0yucv,61b5f0a19a56a2f,1024,0/0
/spttest/nfezczplpa26,2acb5f4ea95b682e,1024,0/0
/spttest/pd3510hw226c,2e5459668519bb84,1024,0/0
/spttest/q0gbqzsms3ku,2f83dc56bb6e771e,1024,0/0
/spttest/8owe16engu83,fe057e373b50c03,1024,0/0
/spttest/ss80n9yjx8px,3493ca93c817b565,1024,0/0
/spttest/nqsbnft9b8k5,2b5f1173d4b7ed15,1024,0/0
/spttest/74qf1ntpbjee,d06c9e7048d33f6,1024,0/0
/spttest/i3aezcg7aks4,210bc840fc62aeb4,1024,0/0
/spttest/4j2wz9z99iih,8464e33eec42af9,1024,0/0
/spttest/eeihlracwe6r,1a4f1ec89aeff3d3,1024,0/0
/spttest/38usimfpizsa,5edddff4b3dbaaa,1024,0/0
/spttest/55clbzwrqg4b,9678fa6895c3f1b,1024,0/0
/spttest/l9xiyr5ea0dr,26dce6362d24526f,1024,0/0
/spttest/go2tiq3d6x54,1e7296844f4f2648,1024,0/0
/spttest/owywgwethrkv,2d82fddc2a16dadf,1024,0/0
/spttest/i89vu2lc7b38,214c89696694d3e4,1024,0/0
/spttest/pyfnppeozm4b,2f69a42798a53abb,1024,0/0
/spttest/9yky0l0x6fq3,1231b88d71d0a61b,1024,0/0
/spttest/3l3dqix5eweo,68cd677f8448490,1024,0/0
/spttest/tcf10lvvia4m,359a1b3d5deaaec6,1024,0/0
/spttest/vz2rz3ei1d54,3a67ab029ef632c8,1024,0/0
/spttest/57ijugdhu6gh,983b08eafab0131,1024,0/0
/spttest/7eztvn091ojw,d8c13d766e50b8c,1024,0/0
/spttest/s1fsqn7viv6,16c381781183442,1024,0/0
/spttest/vyb1u63pim1s,3a5daa019b90c520,1024,0/0
/spttest/jfe8wlvksgrx,237ca675c2f303ed,1024,0/0
/spttest/lcb4jhoklgfw,26fbc8df264e0a7c,1024,0/0
/spttest/afrkz1bw2e6p,1310ef07774cb051,1024,0/0
/spttest/sei24od71tn1,33e19078addb874d,1024,0/0
/spttest/fn2k00leg1nj,1c91e397a6adae5f,1024,0/0
/spttest/r4gfx5u7l9gf,318b794f8c52521f,1024,0/0
/spttest/tkudntbvit3p,36078f42b66e7ed5,1024,0/0
/spttest/wg5cq3nryw90,3b456a5a07413ec4,1024,0/0
/spttest/pikfjb3dcg8r,2e9b88e7ecd9663b,1024,0/0
/spttest/gn9tk0oqepv5,1e681fee17923471,1024,0/0
/spttest/6q5i46459jbo,c496473824adf14,1024,0/0
/spttest/ayq2mpoqe63m,14072f79f2afe062,1024,0/0
/spttest/9yrpvs2953fr,12342a42f27411a7,1024,0/0
/spttest/hs57dmuyruir,207b0514abca0d43,1024,0/0
/spttest/bslabnteuxy2,158b23135cb6995a,1024,0/0
/spttest/6vpuun2odr9i,c91aec6986e1b46,1024,0/0
/spttest/1r478cr24enl,333d733efb37131,1024,0/0
/spttest/5fjep9od043m,9ebe9c7e9a271c2,1024,0/0
/spttest/2b9x9i8m1867,439b0f8a21e359f,1024,0/0
/spttest/3sh3hqm93nrm,6ecb62318043c12,1024,0/0
/spttest/p3b1yrf7pdbu,2dd54febd6bd42ba,1024,0/0
/spttest/b3ye7fcknnns,144b2267e3dccb88,1024,0/0
/spttest/1nhyzzpnexnv,304da3586aa0ceb,1024,0/0
/spttest/gy46ab19yxxx,1ef4f83524b45d55,1024,0/0
/spttest/pw7e9a381ple,2f4cae6ebaaf0bd2,1024,0/0
/spttest/o7w1db5stlx5,2c3d39e8fa97d439,1024,0/0
/spttest/kman4ojl92em,25a9e385da9c556e,1024,0/0
/spttest/2lhw5ml3y1xf,4be75a4672b3543,1024,0/0
/spttest/sxrey5txc3fx,34dbbc8de884c16d,1024,0/0
/spttest/i0hhnv56uvz2,20e75df0c204a75e,1024,0/0
/spttest/63fkvzk40xed,b224657d164ed15,1024,0/0
/spttest/7e2qmc1k5vtq,d802354332fa85e,1024,0/0
/spttest/csurvyjdtr8q,17622cb274f9682a,1024,0/0
/spttest/7395tjypxash,cf392b736f6a5e1,1024,0/0
/spttest/n6en878hdjcn,2a5658dda6ace437,1024,0/0
/spttest/q5vooiv27zan,2fca5953417bec6f,1024,0/0
/spttest/ji7m4kdcxoqc,23a139932bfe1b74,1024,0/0
/spttest/ov8t90qoaohf,2d6c96c520609a73,1024,0/0
/spttest/1s93cr8vzxhh,3429859f9a1e345,1024,0/0
/spttest/pi6ehal3zwdj,2e96790a8e14c5a7,1024,0/0
/spttest/gak37fmapxje,1dc2f8092dd5880a,1024,0/0
/spttest/1inb47mlek6m,2c5d4db58881aae,1024,0/0
/spttest/bhmfrli1othj,14fcab95a3dee447,1024,0/0
/spttest/6pqj1jpoy6bf,c43fd4e7430e07b,1024,0/0
/spttest/wxii3y79uqyh,3c26fa51b45be8f9,1024,0/0
/spttest/ssy5rae7eusd,349d394435e7525d,1024,0/0
/spttest/1g4uoj0pwsn3,2a5318b6e0a41ff,1024,0/0
/spttest/cn3ib8qeyvq4,171763e6fe278b1c,1024,0/0
/spttest/mawl02lqgfdu,28bd299162c89fe2,1024,0/0
/spttest/it6lpgv65pqw,225c20b65e79f398,1024,0/0
/spttest/wa9etyxa7ta4,3af8f1b108f45dfc,1024,0/0
/spttest/5v7f59371nou,ab76a9bde8e512e,1024,0/0
/spttest/8d64v1yhskuv,f47fcf62ea6a197,1024,0/0
/spttest/8kj7rzktxr3h,fa7a2065557046d,1024,0/0
/spttest/yc5wudv3hn4l,3eb8e36e27e69e55,1024,0/0
/spttest/2gpsfbe4xw9r,4805cbb5e4f0d9f,1024,0/0
/spttest/99fsyklirzpo,10eb22521c0a738c,1024,0/0
/spttest/8ooaztg7aspt,fdd6d25f4d6e6e1,1024,0/0
/spttest/j5h2xi92ekxu,22fbc7aab4b8c782,1024,0/0
/spttest/g2o6p6ooxq0u,1d5c886ae43319fe,1024,0/0
/spttest/c0ppei48eq3d,15f4a54aafb5b399,1024,0/0
/spttest/utta37lqk2a0,384fae47871a4688,1024,0/0
/spttest/szhz8wtctd3a,34f24f779a180786,1024,0/0
/spttest/2kpyrf9luv5z,4b462043728a247,1024,0/0
/spttest/96jl17grisdo,10c587af60244b2c,1024,0/0
/spttest/3w1a1pf654ol,71af61703a1d8f5,1024,0/0
/spttest/fl7zjo4tmf0k,1c79decec3b90284,1024,0/0
/spttest/8repjrt5wxqn,1000ee9446c29bcf,1024,0/0
/spttest/gpbedumjzv87,1e82ac40eba1b3d7,1024,0/0
/spttest/3l1lmvkkk660,68c31ff95e93038,1024,0/0
/spttest/c4vb1h5d6ev,9da0e145493ab7,1024,0/0
/spttest/9p55is9bpnul,11b71e9b96eb33fd,1024,0/0
/spttest/jnwsv5nd9umo,23eb425ac0a9fc50,1024,0/0
/spttest/b8htq0non3ly,14861a3dbeefc606,1024,0/0
/spttest/gnjicfy01w66,1e6b9ed94fd6111e,1024,0/0
/spttest/ojxtiz6uqt2r,2cd9bd9adfa47bb3,1024,0/0
/spttest/9iwdcy9y7rdq,116603dd1fd4cc5e,1024,0/0
/spttest/lydizwqerloh,281a6a58ec39dc81,1024,0/0
/spttest/qmw873v0hqmj,30a75cc3957f6d0b,1024,0/0
/spttest/kjwcz38lj53i,258ac1cc3158e58e,1024,0/0
/spttest/kqtq9fuka075,25e4bb9538771b81,1024,0/0
/spttest/vf7grgiomz8q,396592f2f274bbea,1024,0/0
/spttest/jaju06f2drho,233db8274d710a6c,1024,0/0
/spttest/7y8n25zxf1o2,e860d89c7cbb332,1024,0/0
/spttest/dl9y87pjnbsc,18d359ad63b3026c,1024,0/0
/spttest/1eh20ykmgry5,28f9e4bf0bab77d,1024,0/0
/spttest/jf3t1h3egg67,2378e2126949bfdf,1024,0/0
/spttest/s04y888wa11a,3326fc147f2ce3be,1024,0/0
/spttest/2zbz7rjihhkr,5722ce06dad613b,1024,0/0
/spttest/ikqvgier57v7,21ee89c93ec6ca13,1024,0/0
/spttest/mxf6kk4sdm1r,29e1a32f9abe1cdf,1024,0/0
/spttest/qtqbzxt63f6m,3100291a99e7999e,1024,0/0
/spttest/ubjd02tz7toz,37624b732eb24913,1024,0/0
/spttest/aevkkwyla5j5,1305623d2bba3781,1024,0/0
/spttest/tu8vglnppibw,3681b1658726ee0c,1024,0/0
/spttest/fe39x6rcllkn,1c1d3eca6507d877,1024,0/0
/spttest/p5rzemlt5s9r,2df56620d76caf5f,1024,0/0
/spttest/t73ptkyzeo55,3555142e59a4bcb9,1024,0/0
/spttest/2lqxe8lyldiq,4c1b822cd1f0db2,1024,0/0
/spttest/gro6abknnsni,1ea142c6c1ed67ce,1024,0/0
/spttest/2sj4tlwtjv1x,519d50b031370f5,1024,0/0
/spttest/q1332q8i74sw,2f8c128d7a8aa610,1024,0/0
/spttest/4zcoe329sga2,919a7f4cf8ce26a,1024,0/0
/spttest/bsk506sr3k6b,158ab90f8fafd3e3,1024,0/0
/spttest/ip1oi3w8q5np,222665045b5dd725,1024,0/0
/spttest/regjgdb3k6nh,320d66f1c04b1dad,1024,0/0
/spttest/pxyvtpu7wp0v,2f6396b4eeb6b5af,1024,0/0
/spttest/pkt963k6ljqh,2eb8b265bf0d9d29,1024,0/0
/spttest/4n5wh7cr04bc,87b570be23370d8,1024,0/0
/spttest/bwnrwkxxaw4u,15bffdf2c9d0e62e,1024,0/0
/spttest/uhtkqf7ohvhw,37b3ea82c42abdb4,1024,0/0
/spttest/o1lm7nor143,13851fe8fab0263,1024,0/0
/spttest/dvx19ljb79v2,195d92829b2ad4ae,1024,0/0
/spttest/hz7g278ijphx,20d6c0e4382269d5,1024,0/0
/spttest/jwammhmlqe8j,2458298d21fea793,1024,0/0
/spttest/kv9pxjuu3x8b,261e75a7848450fb,1024,0/0
/spttest/3nzlxbciyta8,6b271c6aa72bac0,1024,0/0
/spttest/rjswmtd9jhyt,3252cf76268d2eb5,1024,0/0
/spttest/184jp9yhpvsy,23d2b520cdeb642,1024,0/0
/spttest/luqqj71jc6b2,27eb397151a471ee,1024,0/0
/spttest/c0yvdgxee3kv,15f7f3ed50413b9f,1024,0/0
/spttest/a4fkwall6wze,127db8973bfd357a,1024,0/0
/spttest/51l6lxu5495o,936b428de48b45c,1024,0/0
/spttest/78ke1bcgntcb,d3892211f9ca44b,1024,0/0
/spttest/8wwg36yd130u,10484737af7cda8e,1024,0/0
/spttest/m4nts4xi8d6n,286c113d6666aabf,1024,0/0
/spttest/mc4x840d2atp,28cd2922096e104d,1024,0/0
/spttest/won12g9mfuin,3bb3b51feb59623f,1024,0/0
/spttest/foen0ye8e2y1,1ca33d0844bb2669,1024,0/0
/spttest/kfakh91mwfok,254eefec9bcb6164,1024,0/0
/spttest/lizii630rxw3,275285139ddcb053,1024,0/0
/spttest/zytabbqmh87r,41b2b35a533531d7,1024,0/0
/spttest/6ofelcfyznby,c32fc94c86a5ede,1024,0/0
/spttest/na287wxeqfnw,2a85d2f7770e83cc,1024,0/0
/spttest/ajm0jvgmv3ec,1342e1d1885de8f4,1024,0/0
/spttest/ru2237ajjy94,32d80157003dbf28,1024,0/0
/spttest/v33plazcygwo,38c8590c7ad76218,1024,0/0
/spttest/iwd7ec7tul3g,22857a58996ebf4c,1024,0/0
/spttest/4jj1ouejd475,84c202e1bbc2181,1024,0/0
/spttest/gnf7r7nbc834,1e6a123476048af0,1024,0/0
/spttest/mmo91s010dgc,29560708ed66e51c,1024,0/0
/spttest/qu8b3241mvvg,3106a56389f85bdc,1024,0/0
/spttest/64es55b5f7ra,b2ef9d848169606,1024,0/0
/spttest/88m4uh7n7gcz,f0cd0875fe4d193,1024,0/0
/spttest/rk83wh87og7r,32584ba263f4ff17,1024,0/0
/spttest/dv2ndsxe805v,19529bd775d9a4d3,1024,0/0
/spttest/cg2eyolw6gcf,16bc1224fe2c2c3f,1024,0/0
/spttest/ljd1m43mr7w0,275766e514b1e2b0,1024,0/0
/spttest/potkomuuzwi8,2eecc4f816630550,1024,0/0
/spttest/pdpww1r53trv,2e5c90fd6a0d3a7b,1024,0/0
/spttest/8b9xyiilfn2l,f2f62350f4d7f8d,1024,0/0
/spttest/cvkjbhmeppki,178572ccb69303b2,1024,0/0
/spttest/pifmu1tfbh7m,2e99cdca75e9bee2,1024,0/0
/spttest/1lcfsl3dqxp7,2e8e093a03a961b,1024,0/0
/spttest/896ny3hh0y7d,f1438e6c6f9f229,1024,0/0
/spttest/has4ssjzgtwn,1f997c4feb0fea67,1024,0/0
/spttest/bp8csip2plub,155f80d9f199a0d3,1024,0/0
/spttest/8offi2wagc3j,fda396618ea0b3f,1024,0/0
/spttest/a5hhoa6zd4p7,128b6650cdfbd40b,1024,0/0
/spttest/pqi33lv4s7aq,2f029a509ba683f2,1024,0/0
/spttest/8r4bhtrn3qvi,ffd2ed64e117dce,1024,0/0
/spttest/uj1giceaao5b,37c3bfdfe4f61abf,1024,0/0
/spttest/8nfb3g38k7ks,fcd30d6038e175c,1024,0/0
/spttest/rh25yslw5q8b,322f2ef38aaee80b,1024,0/0
/spttest/mucqmq2r449a,29b9c9c7f217518e,1024,0/0
/spttest/si020a31iio2,340f068e7d0f5c02,1024,0/0
/spttest/2vert1l1invf,53f39f1de05ae5b,1024,0/0
/spttest/28mc2tmp5u3i,41733a15f54489e,1024,0/0
/spttest/rw3dsmpxknnh,32f27641eca9d9bd,1024,0/0
/spttest/m8jjmr3t4zeg,289e7ac09179e538,1024,0/0
/spttest/b6rsfsm0tbsi,146fb81da05278f2,1024,0/0
/spttest/2foy8vyo6776,473120b207c39f2,1024,0/0
/spttest/tundrp1zncvr,3686ed86ddee97f7,1024,0/0
/spttest/i4hu5bwhwq4o,211b7300686e6d48,1024,0/0
/spttest/c5f1kz3e9ksq,1631bec67f66bb8a,1024,0/0
/spttest/fl1vrqhm71lf,1c77aae8f0691dd3,1024,0/0
/spttest/b62zlv3tqw6r,1466c54d7f737e73,1024,0/0
/spttest/l9oj21im6xt0,26d9a721bc96dea4,1024,0/0
/spttest/81fe9wmi41oh,eaf75587c868b81,1024,0/0
/spttest/itqmhli8varw,22635a14ffbf684c,1024,0/0
/spttest/jv3i8cg0va47,24489a72175544f7,1024,0/0
/spttest/bqmt034fuycq,1571b4daf913386a,1024,0/0
/spttest/njx4pa5luuzx,2b05e0aadbf8416d,1024,0/0
/spttest/ax4z6inyoswl,13f295a28b056655,1024,0/0
/spttest/697tb3lgwy8,5142e766c41bd0,1024,0/0
/spttest/ovua2sjnr1dv,2d7455ad772f22c3,1024,0/0
/spttest/t6wliimeuo5w,3552828d344b5bd4,1024,0/0
/spttest/vwsiikfryzrn,3a49fc8b5dac4093,1024,0/0
/spttest/dp8ofqolzzb7,1906d936f0289283,1024,0/0
/spttest/4phhqt55bcpk,899802d3609be18,1024,0/0
/spttest/i6fs0bm14qyd,2134af4a41b4ca75,1024,0/0
/spttest/7mwtmtrge8cf,df2e82996aecdbf,1024,0/0
/spttest/xrdkzlhmtnk9,3daae1912374e689,1024,0/0
/spttest/7i9zt4f5dupv,db6b68267ca1dc3,1024,0/0
/spttest/1aphh9yf9x8r,25eb3dd8540178b,1024,0/0
/spttest/nxdoff0ksc2w,2bb4b58267087028,1024,0/0
/spttest/dnibr4z6o5jk,18f059d7353f6410,1024,0/0
/spttest/uc21j2k2gqi7,37690902c019dc2f,1024,0/0
/spttest/itg37ubod7mw,225f8cf455e02be8,1024,0/0
/spttest/jz5146tqdd0p,247d1c4b6600d129,1024,0/0
/spttest/vgs2vv5z0yjz,397a0054f9c595ef,1024,0/0
/spttest/1wg72ozfsbzb,3791d8084a606a7,1024,0/0
/spttest/q5egxahpxh92,2fc42329e7d25296,1024,0/0
/spttest/zhn15lqs3plq,40d3a04771d5785e,1024,0/0
/spttest/sizg32rmdcy5,341bcb90bdc184cd,1024,0/0
/spttest/utl80ji0jmgx,384cc602fa67b081,1024,0/0
/spttest/l8kpruonv4tl,26cb49a2e6a0a129,1024,0/0
/spttest/ej3l5l8140rq,1a8ab0a787662de6,1024,0/0
/spttest/azzonp0zi493,1417a49082e23907,1024,0/0
/spttest/dz5clvw1tjcj,19878a5361115833,1024,0/0
/spttest/nuhdjengj2f0,2b8f1345dccefefc,1024,0/0
/spttest/pkwxq3y9iwdb,2eba0681d8ae955f,1024,0/0
/spttest/wt5csfe4fjan,3bee46dadcf77b6f,1024,0/0
/spttest/txcbur8qwske,36a9e8553a84029e,1024,0/0
/spttest/c42yprhr4h86,162065be6300ff36,1024,0/0
/spttest/gwexza6domhd,1edee06ece30ecd1,1024,0/0
/spttest/ux4uxnvzk0s2,387ad3961ad7cff2,1024,0/0
/spttest/1p6rwu0h6urg,31aca7c7d67723c,1024,0/0
/spttest/jetr1pb7375b,23754146317089ef,1024,0/0
/spttest/ccooryaxt4dh,16902665a575c465,1024,0/0
/spttest/655fymykp15b,b389888b5df0e0f,1024,0/0
/spttest/svd9nb5r2l17,34bca74879f575fb,1024,0/0
/spttest/sypu12spajb9,34e827c4e7108945,1024,0/0
/spttest/2zaxyjo4xpku,571cd491e2993be,1024,0/0
/spttest/dyh7csf88w8o,197ed402b9beb938,1024,0/0
/spttest/7iecq3nsoc6j,db8491f4b775bab,1024,0/0
/spttest/3kvljfgaa3lj,68a078b0f136ab7,1024,0/0
/spttest/aoplj2k7hzoa,13851f07f7aae5da,1024,0/0
/spttest/lq7uapl8ohb5,27b07313d95ef9a1,1024,0/0
/spttest/vrmfol52v0fw,3a06d8c87027d9fc,1024,0/0
/spttest/g7m2jv0rwkmk,1d9cb7527676db6c,1024,0/0
/spttest/wfbmdk6wahdr,3b3ab0118523ee7f,1024,0/0
/spttest/o1695265gxmp,2be5fcbbd3326b41,1024,0/0
/spttest/e6834o4c1gse,19e373e891c4a73e,1024,0/0
/spttest/6ey6maprxaaq,bb7de8d5423d162,1024,0/0
/spttest/s2oh5ytvqb8z,3348022dc93a2e73,1024,0/0
/spttest/b9gd5kauf7zi,1492909e8b379c2e,1024,0/0
/spttest/ovaenxa7x10d,2d6d2a14fc54225d,1024,0/0
/spttest/lmfq5g7g1tf5,277f565bc5741731,1024,0/0
/spttest/s9rp9x5e84bz,33a418e3839819ef,1024,0/0
/spttest/ocg77myrvn9m,2c78754ad39a6a8a,1024,0/0
/spttest/r82n9gtmctzn,31ba74050ee1ccd3,1024,0/0
/spttest/m8zssxrpnbhh,28a4582d4ed8aee5,1024,0/0
/spttest/16oa0dhc13ry,22a4f4e15b7095e,1024,0/0
/spttest/50qoz42ficn2,92bb3ddfb21c77e,1024,0/0
/spttest/ouoejlcuzjup,2d6539ac0452ed41,1024,0/0
/spttest/1ojf1fhzk1bf,3125cfd381f5aab,1024,0/0
/spttest/mfv677g10iza,28fd99814a637116,1024,0/0
/spttest/ar6pr49o98t7,13a546a432ab70db,1024,0/0
/spttest/ea8h6genhoki,1a178cfbd08685a2,1024,0/0
/spttest/c3xwb1dxl2op,161e91b8af76e5d9,1024,0/0
/spttest/1rccnads0gj1,336c80ac8c2a3ad,1024,0/0
/spttest/k0t8n9cs30zq,2492d5b56fdac3c6,1024,0/0
/spttest/6t4vtufumn2t,c702309ce70b855,1024,0/0
/spttest/o8zyjl5t31k9,2c4ba163cd27aba9,1024,0/0
/spttest/2eqiyzntsrxm,466a654c01e256a,1024,0/0
/spttest/r88f1my0hx0l,31bc8925170f2965,1024,0/0
/spttest/i3zxcmnizt5k,2114fc973c9eec58,1024,0/0
/spttest/wmnr94j4wq7q,3b99fdcc1b3b7cb6,1024,0/0
/spttest/ej3lxxxl4y0u,1a8ab2acd8c52e3e,1024,0/0
/spttest/5ck39wq6yxu9,9c5310f84ac8dd1,1024,0/0
/spttest/3wx6f13d5dd,32d8aea6695371,1024,0/0
/spttest/aalypn5mc2ou,12cdf5c99bd6529e,1024,0/0
/spttest/r2z8r2vg0uan,317847665f17655f,1024,0/0
/spttest/azwic5h7o0pq,14167f3e0bf1b49e,1024,0/0
/spttest/bj331fcbtyi1,150faa725b9e1ee9,1024,0/0
/spttest/9abywbh9dxht,10f6bd56af4127d1,1024,0/0
/spttest/xsftjaush5pv,3db8ad7da6676b33,1024,0/0
/spttest/d6p6spqv18y7,1816025660719a8f,1024,0/0
/spttest/3kvhhh8dkaha,689fd241b500f0e,1024,0/0
/spttest/1o2ziaxj002x,30c6f3f4dd83769,1024,0/0
/spttest/69ogs5bgjncf,b736aa928d768ef,1024,0/0
/spttest/c2kndh24i2q0,160cccc25168fa48,1024,0/0
/spttest/m49fggdb8fur,2866df54b2a24143,1024,0/0
/spttest/y3g710vh2f2p,3e47b1eee50485d1,1024,0/0
/spttest/r0kd3amhui7l,3158ee7f1d01e0b1,1024,0/0
/spttest/vubxnhgwvh26,3a2a069baa29981e,1024,0/0
/spttest/aoq2x0h7fmya,13854ba4a4d3acf2,1024,0/0
/spttest/qpw7r95wqxot,30ce536782cbd10d,1024,0/0
/spttest/gml4rrn9xu1e,1e5f377ff8d2eb52,1024,0/0
/spttest/9vcoehg1r0tc,1207c52b54a6ade0,1024,0/0
/spttest/e7mexj8cgm3p,19f59c99f77eefe5,1024,0/0
/spttest/w9281ag08wkb,3ae95c6b17e576db,1024,0/0
/spttest/l2hqkckw9pi5,267c4705b2ff995d,1024,0/0
/spttest/b5bx428yac8a,145d00f5b937fe6a,1024,0/0
/spttest/n0q9ytfq7iy0,2a0c9bb86b89a1a8,1024,0/0
/spttest/qw2ryl68l1uf,311ea0fe174fac97,1024,0/0
/spttest/eeqra40k6oh7,1a521a8ead93156b,1024,0/0
/spttest/6kpzv9xfecbu,c02d9d36e4218ea,1024,0/0
/spttest/aunhka7az9n1,13d24ba88514818d,1024,0/0
/spttest/84umjrhc69ug,edbebde48305758,1024,0/0
/spttest/5zahgvd5vuoa,aec7ab33ea1160a,1024,0/0
/spttest/3vpeq20jekdn,716adab69c3f1ab,1024,0/0
/spttest/whfzv88xydey,3b563eab582c996a,1024,0/0
/spttest/xcb3ypxxn8ru,3ce7264c78c9812a,1024,0/0
/spttest/ju53owmpyvgi,243c309e74b2a4c2,1024,0/0
/spttest/m5ti447731mn,287b1ac53adb4dff,1024,0/0
/spttest/2syoln53o7gn,51f715089e902c7,1024,0/0
/spttest/4mx3rrq4fph3,8782a721e84cab7,1024,0/0
/spttest/7mkpcimgopgd,dee88bee218dedd,1024,0/0
/spttest/kjejoglvi7uy,2584545f4a98eb4a,1024,0/0
/spttest/hkbpswv2y90n,20157482659b8027,1024,0/0
/spttest/8ngazu6vroc3,fcd8cf272ceaaf3,1024,0/0
/spttest/cfd4ueghsu8p,16b2f2f9b4b8d919,1024,0/0
/spttest/sqne1cyrog61,347f5bf2478c2ad9,1024,0/0
/spttest/pbcju8oilerv,2e3dc4348bd2f00b,1024,0/0
/spttest/3tlmwcmba35u,6fb56a87641f182,1024,0/0
/spttest/iu1p2mo2zyjq,226758c365d11ba6,1024,0/0
/spttest/ftygu62wrndp,1ceb56cd6a6af71d,1024,0/0
/spttest/oolj24yw19b5,2d16409c97be8d61,1024,0/0
/spttest/akw5qcqqzlbk,1353880c647498b0,1024,0/0
/spttest/mjriengmpreg,29303c6107505cf8,1024,0/0
/spttest/mgrx52yj36gb,29096a69def55e6b,1024,0/0
/spttest/jg9y1wb66sh2,23881665aba9e7a6,1024,0/0
/spttest/6i7t2jcu7vrv,be24f3dbc29da9b,1024,0/0
/spttest/lemshqwn56mb,2719f8e3ee2387c3,1024,0/0
/spttest/ylagsohar4nn,3f2f6f6872d8fe53,1024,0/0
/spttest/i4zsoo0nvjso,2121ede064eb6cf8,1024,0/0
/spttest/9zu8bifoe6wf,12420f8f652cae6f,1024,0/0
/spttest/7s9b2jnmnerd,e385b9a8ba2ec79,1024,0/0
/spttest/rjdkysddbfik,324d48007371e44c,1024,0/0
/spttest/l7e7wbnez3f8,26bbf44e00d13614,1024,0/0
/spttest/clis5p17z9l5,1702ec2ccb5af649,1024,0/0
/spttest/1p4fwqfsplwp,319f2f40c4e1329,1024,0/0
/spttest/qvenv4lcz35r,3115eda51b20fabf,1024,0/0
/spttest/cab429ls0kl7,167145f33721883b,1024,0/0
/spttest/x78rrbmvumib,3ca55bf641cbd473,1024,0/0
/spttest/j59vb33h203m,22f92d87d881fa02,1024,0/0
/spttest/vtewahnka81t,3a1e1af6cff32741,1024,0/0
/spttest/6mnnz5i4kcnv,c1bfd16fc65991b,1024,0/0
/spttest/jq2fpp61850m,240745554e931466,1024,0/0
/spttest/mohz4iulh44z,296dbde07174bc33,1024,0/0
/spttest/iwe1huxb3ibk,2285c7920aeaae80,1024,0/0
/spttest/mamxebb3k25f,28b9adb09ff666e3,1024,0/0
/spttest/jemwq4ocsq7c,2372c944302e1fa8,1024,0/0
/spttest/evrdjzxgjxb,c14f40860c65df,1024,0/0
/spttest/57ol7yod2cso,985de4b9da71a48,1024,0/0
/spttest/kgunizwnxnop,25632c5e1d889d29,1024,0/0
/spttest/qikpk1ye808j,306f3fdbf8db5933,1024,0/0
/spttest/9v9gpwpb01yi,12069c5a3a4e38ea,1024,0/0
/spttest/rj4cul3c8l60,3249f3dc9f4d6528,1024,0/0
/spttest/7bc3nfn3b0sp,d5c8c4e764627c9,1024,0/0
/spttest/1l7pz9n84o00,2e72cde99b46680,1024,0/0
/spttest/ntneg12r7md6,2b84428cfbebbffa,1024,0/0
/spttest/jw83hfgngiaz,24573fb44a9aa7ab,1024,0/0
/spttest/utv2akzxnbp1,38505303d94c87f5,1024,0/0
/spttest/vugv69m69rat,3a2bce172d96e075,1024,0/0
/spttest/av6xqioi6ga5,13d95026dffbe9ed,1024,0/0
/spttest/5q5f3ke3maga,a75bf77f3bcb96a,1024,0/0
/spttest/fcjewk74wxl,c75d15004836b9,1024,0/0
/spttest/7f1u7ac1il7b,d8ccd687762ecd7,1024,0/0
/spttest/akkokez0pcam,134f63f4c8ae567e,1024,0/0
/spttest/kh35sihmc4me,25663e2d0a007c66,1024,0/0
/spttest/rlegmkzq0euk,326793c01dddd12c,1024,0/0
/spttest/bu0piy84q3hb,159db0dcbe47d81f,1024,0/0
/spttest/etahzdly78lk,1b0f13a8cb3b8d48,1024,0/0
/spttest/9sxd0d6kcdir,11e843e6fc4e0b73,1024,0/0
/spttest/9utvsav5bjwj,1200fd1e301ada83,1024,0/0
/spttest/9hcyk6ghyt79,115205a385f01955,1024,0/0
/spttest/pmcldhnukhst,2ecca9f78e92811d,1024,0/0
/spttest/92shm84yyqrp,1094c9350c9dae05,1024,0/0
/spttest/4woly2hn7idr,8f6fe54fb4f53cf,1024,0/0
/spttest/49wxxsyf7yzy,7cf3f24c60ce3ee,1024,0/0
/spttest/awja80y23uux,13eac1dd5c67c8f9,1024,0/0
/spttest/aqov4xfrklc5,139ed5d3844b5005,1024,0/0
/spttest/zyyj24ym9kmx,41b497a198f82eb9,1024,0/0
/spttest/mwo8qjh2wpqv,29d7eacd22382057,1024,0/0
/spttest/u4v23zs4vy5u,370b97208cbf22b2,1024,0/0
/spttest/tayzo3w7i70u,358754a26ab30b0e,1024,0/0
/spttest/n6njp5de4tk5,2a598f1ff2e320a5,1024,0/0
/spttest/g0xllts8ugom,1d45f37736a5b7f6,1024,0/0
/spttest/k46x4yw8a06a,24bebd1b6a7ac762,1024,0/0
/spttest/gaqpnjh3g7e,d3b454331101ca,1024,0/0
/spttest/2s0nbp1d0zg6,51329850534d476,1024,0/0
/spttest/9wntou7hd7xm,1218c80b270a766a,1024,0/0
/spttest/3misrn97pzvx,69f63d0cc94dced,1024,0/0
/spttest/oiohi3b0tupx,2cc9622e7868fcc5,1024,0/0
/spttest/k7h9ibgaoke4,24e9704ceeaf373c,1024,0/0
/spttest/pqyyo54di91g,2f08b135aaa00b44,1024,0/0
/spttest/5ns3cj6ozhal,a56f604811c624d,1024,0/0
/spttest/dfikhffq7mcm,1888862fd66f92e6,1024,0/0
/spttest/i58zvgerybkw,21253fa292ef2220,1024,0/0
/spttest/53uckjrphpq4,953fd486a1bd17c,1024,0/0
/spttest/35egadiudlnr,5c100f53b6464e7,1024,0/0
/spttest/wz6gtnavk0m0,3c3c9d1d16a2d718,1024,0/0
/spttest/o09ikxrecpj2,2bda2cce2c93363e,1024,0/0
/spttest/k3qbtb0ma4vk,24b8c080a240fd30,1024,0/0
/spttest/9fraoms98460,113d3763349dc018,1024,0/0
/spttest/72mplcdt26uz,ceb78fa0344203b,1024,0/0
/spttest/tizin4rcn35e,35ef6f5e5e6547b2,1024,0/0
/spttest/mi251fhhlxf8,291a179e63456174,1024,0/0
/spttest/x6z5yi2fd4b7,3ca1e4b64e83ae13,1024,0/0
/spttest/x311cumkk7ik,3c6e9c9d8dfcef0c,1024,0/0
/spttest/8zkknwtz66jw,106af64f00f7bdac,1024,0/0
/spttest/8r48vx6yx8ha,ffd2824f4f1b32e,1024,0/0
/spttest/mdqfnmlf5l0z,28e1e969ab5dfcb3,1024,0/0
/spttest/g2xs8dhwcgld,1d5ffefb1907b301,1024,0/0
/spttest/kh7djwrthz84,2567c38fdffd1594,1024,0/0
/spttest/znuv35q8ea6j,412463324a28eb0b,1024,0/0
/spttest/gge4oevg6ekg,1e0ec124889d5b40,1024,0/0
/spttest/hmt2ensx978,e50c0b897e64d4,1024,0/0
/spttest/cieyezbwxe9l,16da92fd04f1a279,1024,0/0
/spttest/ngm1kuyon9j3,2adae8d583db4fff,1024,0/0
/spttest/e70655o9rbcn,19ed95f38d020b37,1024,0/0
/spttest/ieqs07jb77u7,21a09162f1f6aa6f,1024,0/0
/spttest/7mf1a8c1jsq4,dec7d29a58b692c,1024,0/0
/spttest/p510kxx19bzr,2debab3398c179f7,1024,0/0
/spttest/tzbp3vsdjmdk,36c3a87bd957c508,1024,0/0
/spttest/m3w0go2ye988,286208127ba45038,1024,0/0
/spttest/kfoor866hpt0,2554080dc4177ae4,1024,0/0
/spttest/t5q402z1drs5,35432e273701fae5,1024,0/0
/spttest/ayp1kesl7s1m,1406d060d33e8eba,1024,0/0
/spttest/fcuv3svrihbc,1c0d389295927f28,1024,0/0
/spttest/14sq5cawqitf,211efabcda769c3,1024,0/0
/spttest/x0o2g7n33qhx,3c4ff41ec573b7e5,1024,0/0
/spttest/rsny1v9ncgfw,32c5ec91cb25493c,1024,0/0
/spttest/2t2nl9lvce94,520e031eb349628,1024,0/0
/spttest/jxd83mgtm5pw,246616a5ae536374,1024,0/0
/spttest/b50efae6u5rx,1458d8f59b3e96bd,1024,0/0
/spttest/88dw9hvw8wvp,f09d78fabe8a475,1024,0/0
/spttest/gmea31pzh0px,1e5cbe8e17e2f4e5,1024,0/0
/spttest/wjje4c29kdeu,3b7172db840231e6,1024,0/0
/spttest/ttorhr0ob58v,367a6fd9b9a2f74f,1024,0/0
/spttest/e0hfpg3c42xb,1998e3f3d75e9fcf,1024,0/0
/spttest/9f7bwmq07686,1136032893e42346,1024,0/0
/spttest/e3ov8buc82gr,19c28a22066f327b,1024,0/0
/spttest/trx92mo1hldv,36638563afaa6783,1024,0/0
/spttest/uzcrblrji2q5,3897a7c6b5b72d4d,1024,0/0
/spttest/wocpybt2thxj,3baffcecba100607,1024,0/0
/spttest/qeqr1wvxguzz,303d78e164b6ddef,1024,0/0
/spttest/adaxi6qyts2g,12f0f268ee651d58,1024,0/0
/spttest/vwzzxwp5bzwm,3a4cafd572b9f386,1024,0/0
/spttest/fvh51d4fw4fj,1cff10c777eced6f,1024,0/0
/spttest/qxlycosnknh1,313289a543c09ad5,1024,0/0
/spttest/7694kfa0m6iw,d1a8744f5112288,1024,0/0
/spttest/1t28i5pfj3pg,34d1c3e9163dc84,1024,0/0
/spttest/ehc5tojsgvdf,1a73ce1ea3ef8ad3,1024,0/0
/spttest/5et7jto3bklj,9e275dba9f31007,1024,0/0
/spttest/970rngyg13w,776fdbec443b9c,1024,0/0
/spttest/rot0llno72r8,3293cbebf98c6db4,1024,0/0
/spttest/it0kec651v9s,2259f324d3a19190,1024,0/0
/spttest/86960ti6ec5k,eee283ef6525308,1024,0/0
/spttest/nj5ngczecmdu,2afbf6787ee7f652,1024,0/0
/spttest/15gahub918i6,21a7058e80cb64e,1024,0/0
/spttest/ql149s8j177e,308f2604f86aedba,1024,0/0
/spttest/jpfu7963ikt6,23ff1e092dcf44da,1024,0/0
/spttest/1xjpz2mjf74u,387605af571bcde,1024,0/0
/spttest/fwabyk7nhppt,1d0999380af94f71,1024,0/0
/spttest/k5bq30j2xn21,24cd761af0d620f9,1024,0/0
/spttest/8670g2q9085b,eed6133bc599a3f,1024,0/0
/spttest/jk25qu0xouwt,23b93c3744e2d37d,1024,0/0
/spttest/fts5nn1xfytp,1ce90fe76ddaf30d,1024,0/0
/spttest/haoqbww1byke,1f9842155bbf64be,1024,0/0
/spttest/hcijhr8ke7ye,1fb000d7e823c3c6,1024,0/0
/spttest/v6tsrojig1y5,38f8ba8b89fd2bdd,1024,0/0
/spttest/2vysbg2ij5sf,546729f07e1fe0f,1024,0/0
/spttest/8lighgj55fo0,fb459413e996f90,1024,0/0
/spttest/cru105eyrapz,1754ea767fd41907,1024,0/0
/spttest/8oi48rk6z7fn,fdb319db3ec5663,1024,0/0
/spttest/xaehwrp3cyuj,3cce64ac0187d26b,1024,0/0
/spttest/yy3reex1743b,3fd5e05feb8f3577,1024,0/0
/spttest/v0qk7ejizluf,38a99fedaf637757,1024,0/0
/spttest/xre3jyhdrlkh,3dab1133c52f96f1,1024,0/0
/spttest/6o73qtl39t8h,c2ffdcd49f9a341,1024,0/0
/spttest/mnn2o93hog4p,296297908fd094a9,1024,0/0
/spttest/9wdjn6f5y682,12151295be013502,1024,0/0
/spttest/qeabxijntk5p,30378c3035850e4d,1024,0/0
/spttest/m4p8su6mt9om,286c942514e76446,1024,0/0
/spttest/n9w21kvfzzbd,2a8398e937716889,1024,0/0
/spttest/sy1n7vlwqrsw,34df6d749c485340,1024,0/0
/spttest/ngry85fwlf4h,2add0a70bb2e4bd1,1024,0/0
/spttest/gnlol2ausi3z,1e6c67983154f0af,1024,0/0
/spttest/4tim468wz310,8cddcc992039a14,1024,0/0
/spttest/y7zk4km4vdq7,3e82a390971d333f,1024,0/0
/spttest/wqplqedllfcv,3bce9d65a88229ff,1024,0/0
/spttest/86q9zzhsnsu3,ef454b5b4f661bb,1024,0/0
/spttest/fkca0g176kdw,1c6e6de0997db7b4,1024,0/0
/spttest/cd0p9qhz7iea,16947c155a2c1fe2,1024,0/0
/spttest/m0aoxwk0kc34,28335f0205ab8a30,1024,0/0
/spttest/7exdammu6jz2,d8b308e0ffa809e,1024,0/0
/spttest/h3ms042s5lw5,1f3ca0d722a72215,1024,0/0
/spttest/lembogjvqpxn,2719cdc01b71b0cb,1024,0/0
/spttest/dhtbqkx3naz8,18a6624facfb5e54,1024,0/0
/spttest/1gidinmuy774,2aa12a9c8433ef0,1024,0/0
/spttest/fxkm9bbm3q8e,1d1a4c951217798e,1024,0/0
/spttest/cd3stkgxu4yr,16959a4c8a7ff5a3,1024,0/0
/spttest/rmknlv0u2pn5,3276cd202f27fc51,1024,0/0
/spttest/oljcqbgdtlnp,2cee7fde2ddcafe5,1024,0/0
/spttest/82kiq19o7qye,ebe4bdb34aff036,1024,0/0
/spttest/pj4bltm6uc6x,2ea2b62fd7a48739,1024,0/0
/spttest/r8t4ysiggihn,31c403047047999b,1024,0/0
/spttest/n0xfy1h4uqxd,2a0f31a32f37dbd1,1024,0/0
/spttest/3yaro5k7nqli,7385d22c48d6d66,1024,0/0
/spttest/m2wjtaatp0pe,28553c76f19a54d2,1024,0/0
/spttest/mchz4nzyrfcp,28d1dece60c9c479,1024,0/0
/spttest/h3rcoxymucy1,1f3e476612924b09,1024,0/0
/spttest/29yja7i4ejlh,42897caf8e356b5,1024,0/0
/spttest/39vikazmdvgq,5fb1e159173c28a,1024,0/0
/spttest/5wg8roo7len4,ac796d170244460,1024,0/0
/spttest/afy0xys39m8m,13134237007c0bd6,1024,0/0
/spttest/idevblvw5ftx,218f48387a51eb65,1024,0/0
/spttest/sc4kkzsleiz8,33c2b8264eeeac94,1024,0/0
/spttest/6z4qru5zerg5,cbe059b4f3f5975,1024,0/0
/spttest/zahkrwemegvv,4076bb9c8bdddafb,1024,0/0
/spttest/5orbsrf6turt,a63ac96c98b5309,1024,0/0
/spttest/jb2ygnelc6kz,23449e9656004953,1024,0/0
/spttest/hu1orqk72x7,e7a8be2f3ff68b,1024,0/0
/spttest/cd05783ro4u8,16944896b8b65580,1024,0/0
/spttest/7g7aiguil34f,d9bc25afed30d0f,1024,0/0
/spttest/na1mmg6fkl1k,2a859b8e29536e88,1024,0/0
/spttest/o6195r3cxpk9,2c252139b86667a9,1024,0/0
/spttest/27tw85fh7jq1,40cf0a59099fc99,1024,0/0
/spttest/957v7t2uzl70,10b450233f730c0c,1024,0/0
/spttest/eycspw34rdqi,1b50da3a1b4c2e4a,1024,0/0
/spttest/i40y5j6ahno3,21155b04dd942413,1024,0/0
/spttest/ozm85xjt942b,2da562d9c9b035d3,1024,0/0
/spttest/cxhhzn0ct1xv,179e54cc4a9a6b13,1024,0/0
/spttest/d7y6bma9x4sk,18263db099fec784,1024,0/0
/spttest/9t94c71ope7u,11ec82127f10403a,1024,0/0
/spttest/h5tol0xx5txk,1f591928ad384bc8,1024,0/0
/spttest/lswcgduldmeh,27d345046f66efa9,1024,0/0
/spttest/6dcflaf6rvq1,ba30836d63e1b59,1024,0/0
/spttest/7a1o7icvbqz2,d4bcbbedf816c4e,1024,0/0
/spttest/obj122efifpg,2c6c7d5937da2704,1024,0/0
/spttest/6mqqc0r689jd,c1d183e437bf449,1024,0/0
/spttest/hd0mfy05b1v8,1fb6870a3a93e334,1024,0/0
/spttest/kba3hszr271l,251acf51885cf729,1024,0/0
/spttest/48f94ry7cwnj,7bbdffaa5cb0f4f,1024,0/0
/spttest/snjdxxkzqafw,3456f2757f58da5c,1024,0/0
/spttest/nbf1rin4loyn,2a9770727c07919f,1024,0/0
/spttest/xpvyg6uh31rk,3d9788383d0174b0,1024,0/0
/spttest/7m65uozkegli,de94991ee614b86,1024,0/0
/spttest/lo6575bxucfz,2795dbcc1bb4777f,1024,0/0
/spttest/zjav33y4e68q,40e936cd1809531a,1024,0/0
/spttest/xluq9bf6bmcf,3d6321cef31997df,1024,0/0
/spttest/w3bzs828wqm8,3a9ef36350001ec0,1024,0/0
/spttest/7h3bfsk58vpc,da75083ad8dc780,1024,0/0
/spttest/zbh168emx74p,40838692f9037059,1024,0/0
/spttest/ncxvyc4h1ilq,2aab39cab59b956e,1024,0/0
/spttest/ig8df4hh1105,21b3e7d90de85055,1024,0/0
/spttest/ddijo19ev3g4,186e899415ecc534,1024,0/0
/spttest/vlud1gph6fsc,39bbc568af368a6c,1024,0/0
/spttest/vs7ggdufwe8r,3a0e6e7f49da871b,1024,0/0
/spttest/rcna5t7mfuv3,31f5db29fcbbabff,1024,0/0
/spttest/yhvgj968q8mh,3f030d7142b1de29,1024,0/0
/spttest/41ntmzu1662p,7640abdfb1eed41,1024,0/0
/spttest/a7zg3zy4cpsy,12abdb722a9f49a2,1024,0/0
/spttest/f5d3hv13ds59,1babe2acea7d86bd,1024,0/0
/spttest/98otr0bhfmki,10e16667a9519d02,1024,0/0
/spttest/g1qxnwybgqa0,1d5089153ba25c08,1024,0/0
/spttest/6922b11f0x3l,b6b556b1a418a91,1024,0/0
/spttest/yqv51vupa7ot,3f77d74a9769666d,1024,0/0
/spttest/74vke95iljd5,d08a5785430eb49,1024,0/0
/spttest/y7xeoqjir687,3e81dcdeebba7647,1024,0/0
/spttest/vghl3e0i5js6,397637006957e566,1024,0/0
/spttest/wwt2w070igzv,3c1dce0f62a5a28b,1024,0/0
/spttest/6osz5ekiufkv,c37e21d1994ec5f,1024,0/0
/spttest/5cpvha0pooun,9c74744de2e2ccf,1024,0/0
/spttest/zyihhccxcchx,41aecdb107063b45,1024,0/0
/spttest/j3ysia587acc,22e83109ebc28c1c,1024,0/0
/spttest/8fs753y2xaxn,f69ed6cb7102f9b,1024,0/0
/spttest/qckqze9mpn8k,302153fa66357be4,1024,0/0
/spttest/2he3zx0ilrv6,4892342f82ba252,1024,0/0
/spttest/pmod4dgh097p,2ed0e935bad7efa5,1024,0/0
/spttest/qx94r9mst90q,312de94acc2cd6ea,1024,0/0
/spttest/fmfmnanji3ak,1c899de9de18f02c,1024,0/0
/spttest/1zx4tc7mq7n2,3a631bbe9bafb2e,1024,0/0
/spttest/uh056upoc5w2,37a94bf343f824d2,1024,0/0
/spttest/gztxvjskncls,1f0b4175eab81390,1024,0/0
/spttest/n39hgl8zsnlg,2a2d8475277fd974,1024,0/0
/spttest/avpyadbsr5bf,13e02c90347e4bab,1024,0/0
/spttest/gswmgm0i2ou8,1eb14c7adbf49c40,1024,0/0
/spttest/ppfrl87olc1f,2ef4c6c9c1ab8433,1024,0/0
/spttest/bvyd6s99navi,15b6d2fb964743ce,1024,0/0
/spttest/ngcfkmtsec3i,2ad7710e7663c4be,1024,0/0
/spttest/dy4kg7d8ra2c,197a44d274dc37b4,1024,0/0
/spttest/d0i5w4fa6unr,17c589e57be606b7,1024,0/0
/spttest/7jctopnkknya,dc4b9296d6f9642,1024,0/0
/spttest/s1ly1aoyexa4,333a1b1a54ec41fc,1024,0/0
/spttest/hrxhdgz8n3rx,20783bc7f02126dd,1024,0/0
/spttest/21k3xcmbjzlc,3bb792e32303df0,1024,0/0
/spttest/2rlvy9sb8vvu,50dd6219d493e6a,1024,0/0
/spttest/mousdvadzpcj,29725d5e95313013,1024,0/0
/spttest/bsuukik4f138,158e965627a82744,1024,0/0
/spttest/o1nuru14xt5a,2bec567f98d7d9ce,1024,0/0
/spttest/psbls4w9c4wf,2f1a3e2ed6700ccf,1024,0/0
/spttest/dbch6ep4kwn6,18525e77ba28ca42,1024,0/0
/spttest/opue5si7xxhy,2d26709d353e16d6,1024,0/0
/spttest/hs2l1ax0z49p,207a1304a1fa045d,1024,0/0
/spttest/kk62vn6fy9a4,258e43939be6da7c,1024,0/0
/spttest/pcesbdxee5d,14935c6bb850421,1024,0/0
/spttest/c75x1ikxnks7,16486e531d45b9f7,1024,0/0
/spttest/6q9dz4fl2vet,c4acb4d253bdc85,1024,0/0
/spttest/9r1496ff1m9w,11cfa465d6f3d204,1024,0/0
/spttest/lzy0gibsnop1,282ecbc5370ea4c5,1024,0/0
/spttest/4l475gr7ypmf,860bf2ef70aa937,1024,0/0
/spttest/gqxk8x8o7sez,1e97a8a7ba2cd39b,1024,0/0
/spttest/wbh1dhdv5flf,3b08af5d2b470133,1024,0/0
/spttest/trbnalsjhpbs,365bb9c7098b4d78,1024,0/0
/spttest/eqqsvjghbm0z,1aedfdbb2d622543,1024,0/0
/spttest/gba1blyyxih2,1dcc54c6b89b15c6,1024,0/0
/spttest/nponvr8uqj8u,2b50c21ae08051ee,1024,0/0
/spttest/s2xautf4iu2k,334b314dba81d8bc,1024,0/0
/spttest/cq2nlrpo0psk,173e0ce22ba28e94,1024,0/0
/spttest/xaai1q9a5oki,3cccf38d6c93f9a2,1024,0/0
/spttest/4xn2fs7d58b2,9036d2ad344e24e,1024,0/0
/spttest/j1d47dxv5z1g,22c6646fd87d73a4,1024,0/0
/spttest/evcde3s9tdlo,1b29bb2147b7331c,1024,0/0
/spttest/ptem6i5unc4c,2f28519188594f1c,1024,0/0
/spttest/lwwfm2ll546w,280742259ef3ed78,1024,0/0
/spttest/flnmxvhp7gc2,1c7f845b52761b72,1024,0/0
/spttest/e2rt8z4v35xr,19b69ce53c617fcf,1024,0/0
/spttest/o361hbzz4e2y,2bffe39878e97f4a,1024,0/0
/spttest/c6k1eldgsev1,1640896b24cd6e3d,1024,0/0
/spttest/s5zsdey586bp,33730ec11023df05,1024,0/0
/spttest/lweuoq5vftlw,2800ea31ce3e96a4,1024,0/0
/spttest/ql8ubv94ddgo,3091ef74be1d7d68,1024,0/0
/spttest/y5p2zxmst2v7,3e64e16b850637c3,1024,0/0
/spttest/sxj7jq5jr3ij,34d8c69e7a68d18b,1024,0/0
/spttest/is9zbefsg0wm,22505b7a8f4f4096,1024,0/0
/spttest/nktgzhng8amm,2b118bf7d8bb83ce,1024,0/0
/spttest/65z75n7o7tmm,b4354fd17abd5be,1024,0/0
/spttest/k9jmxuw2phg2,2504460362760692,1024,0/0
/spttest/lsjn3bu2p585,27ceaf85f5b7d0b5,1024,0/0
/spttest/i53jenomrqm4,2123478b4827e57c,1024,0/0
/spttest/180v1z68q7ab,23bd6f9f21bf763,1024,0/0
/spttest/3kmebpuyjxrz,686b5b80d701bbf,1024,0/0
/spttest/5nnofzbk8ceu,a555e4db9d480d6,1024,0/0
/spttest/2a4i35ulsci5,42abeef31e5ab4d,1024,0/0
/spttest/b3nnwd2g3cu0,1447433978508bb8,1024,0/0
/spttest/7bct8oxbj0mb,d5ccdf7586f18e3,1024,0/0
/spttest/1s8y98l57asm,3428b4593bf8b66,1024,0/0
/spttest/njj07zku3jm8,2b00c8042de72410,1024,0/0
/spttest/rzmoj2lgfh7j,33206491107168df,1024,0/0
/spttest/xjhn0d9xzews,3d446e2c33358b3c,1024,0/0
/spttest/76598ncsul88,d1921c93a5c82f8,1024,0/0
/spttest/t9c8nje9kd8v,357221f5a918110f,1024,0/0
/spttest/tm0c8r9wa0eb,3616b3167d6fb483,1024,0/0
/spttest/n81ph6i2694k,2a6ba85d1b10ddb4,1024,0/0
/spttest/68rght143vrp,b6781c59046fb95,1024,0/0
/spttest/gmtt92tlf0n8,1e62594226c8da04,1024,0/0
/spttest/a5kaj2csyepr,128c6916874caaff,1024,0/0
/spttest/dubusuo3t57z,1948f0ee9edde2af,1024,0/0
/spttest/42tt4p7ghou2,77330e78493b3fa,1024,0/0
/spttest/tbzl1q0xmejj,359488be34d4941f,1024,0/0
/spttest/7ys5u1kdwrti,e8d18b4ad58e1d6,1024,0/0
/spttest/eilzuhgp3tug,1a8457b8ac6042d8,1024,0/0
/spttest/cmc2scybnwq6,170d7e208f8a786e,1024,0/0
/spttest/fywcyrd3e9fx,1d2b8669e5488e4d,1024,0/0
/spttest/pigllzb7fv5q,2e9a2704a7b32e7e,1024,0/0
/spttest/po4nonyj7rea,2ee3c7766a9db172,1024,0/0
/spttest/k2mf2s65pkrx,24aa5a2541db726d,1024,0/0
/spttest/srngz5k7rjny,348c60be47f5e34e,1024,0/0
/spttest/xijm2ct7vgza,3d38273a6ea1a2b6,1024,0/0
/spttest/fdw6s9u8ykiq,1c1ab02a50a16c62,1024,0/0
/spttest/rb70c11x6fjy,31e2feccfb83093e,1024,0/0
/spttest/p4drm3mh593v,2de347b8f487365b,1024,0/0
/spttest/s4evl5ve2vu8,335e86038e3047b0,1024,0/0
/spttest/wiv0jsbxg6g7,3b68a73330ded1a7,1024,0/0
/spttest/y0rc43je244f,3e24bf42fcf0ab5f,1024,0/0
/spttest/6thhigk1xhi3,c74af17cedcc7db,1024,0/0
/spttest/3h74zwhxsxka,65a3c7daebbfdea,1024,0/0
/spttest/cmms8wmji8tm,17115b222ea6082a,1024,0/0
/spttest/2dse0ld9dnee,45a55189c4504b6,1024,0/0
/spttest/7lvip1s0sasa,de57278e66f659a,1024,0/0
/spttest/nvsqlnw51kvc,2ba02a18a97574e8,1024,0/0
/spttest/o6k87ebj7tnz,2c2bf9c6075030ef,1024,0/0
/spttest/dgpnzvvl58mf,18981308b9f87be7,1024,0/0
/spttest/aqoca0tnsbh9,139ea5707c20b41d,1024,0/0
/spttest/gp9quuipp59l,1e821384974f87e9,1024,0/0
/spttest/j0ygfx26j95t,22c11a4f8a1b9321,1024,0/0
/spttest/ls78a8jxcm1m,27ca351c297be79a,1024,0/0
/spttest/psngwh11riuh,2f1e8615018bed29,1024,0/0
/spttest/ymnvnlmf5sga,3f4143939e6db64a,1024,0/0
/spttest/hkrd2jwucac,e44eefe14645b4,1024,0/0
/spttest/hlejjyb96qhe,202376d668ca6092,1024,0/0
/spttest/tqv3t38g9p50,3655c1e328df8784,1024,0/0
/spttest/6wo1hl8hzsz4,c9e04538a31de70,1024,0/0
/spttest/d2w9lj9s172r,17e49b12e5d0aa13,1024,0/0
/spttest/a06gpng7cub5,1246798357ad7b71,1024,0/0
/spttest/nfdem2lxq4iu,2acacdb469b96e66,1024,0/0
/spttest/daxgnqlv3ryh,184cf39d0bc00349,1024,0/0
/spttest/bhwsk89325i2,15006818d67faf5a,1024,0/0
/spttest/pb2nc1ndpqtf,2e3a317d397d4d03,1024,0/0
/spttest/o0dirqky1sdq,2bdb9ec355bbd7ee,1024,0/0
/spttest/caosty529dgl,16763649f8e88265,1024,0/0
/spttest/tixkxs9188gn,35eebc85df3341d7,1024,0/0
/spttest/x39lgtjuzi0,1add332ea72d638,1024,0/0
/spttest/y4qdusgs5yqi,3e585c6378225b1a,1024,0/0
/spttest/omi3bn15r5ld,2cfb089e3f904e11,1024,0/0
/spttest/ub2ran8lp31z,375c4ddd292d20b7,1024,0/0
/spttest/do74apcj43b9,18f94bea39409cc5,1024,0/0
/spttest/8r9he0fq37bq,fff0bcd1918bdd6,1024,0/0
/spttest/8n6iw83qpq1h,fca05888b171615,1024,0/0
/spttest/ry40wyflr3bh,330cac17a0d53a8d,1024,0/0
/spttest/8m1u4irlsbk5,fbb57401687ca85,1024,0/0
/spttest/io8lol0ll8dq,221be71a2720a2ae,1024,0/0
/spttest/nporrv4jmzsx,2b50cc17398091c1,1024,0/0
/spttest/9o7g1n1wbrso,11aaf516d7abd578,1024,0/0
/spttest/x41646167tl5,3c7ba6150d575b89,1024,0/0
/spttest/anwvyap0dh12,137ac318596dbb76,1024,0/0
/spttest/jd6wzacpac8o,236006c53b292578,1024,0/0
/spttest/tdv4metv0o0j,35ace7a3c29bec93,1024,0/0
/spttest/rsucoqeeqvyp,32c83c545df08a51,1024,0/0
/spttest/vn8i0xeobr2z,39cddc9c9c677ddb,1024,0/0
/spttest/38ymz4eijqys,5ef41405d4d5944,1024,0/0
/spttest/i86ukt1uhra0,214b7114b41ff658,1024,0/0
/spttest/s611mt0noj0x,337382e23de23d51,1024,0/0
/spttest/ihmocfzkl1yj,21c60e4ae690ed2b,1024,0/0
/spttest/xy5f3ind2t05,3e02dc4d8920c855,1024,0/0
/spttest/h7yz2g8ts3ap,1f74fc69cfd8dcb1,1024,0/0
/spttest/6r3c51glm33r,c5599a388927e37,1024,0/0
/spttest/46b8pzc37e4x,7a072f02e594651,1024,0/0
/spttest/wunmi4iwf0hi,3c01dba9e46d1836,1024,0/0
/spttest/czi2k4c13vxh,17b884163eef5565,1024,0/0
/spttest/kb1puiw8tth5,2517c95bacde6279,1024,0/0
/spttest/239nljy1mj9y,3d1ae1e40e7e416,1024,0/0
/spttest/xn8vjruq9beu,3d7539cb7114a406,1024,0/0
/spttest/2513f1pztakd,3e891e8032bb1bd,1024,0/0
/spttest/w1ye2yfq5cgk,3a8d0da967306454,1024,0/0
/spttest/sgmo9l84zy1s,33fd35415701cb20,1024,0/0
/spttest/y7l05x117nrq,3e7d633087960916,1024,0/0
/spttest/l61vk8083p1b,26aa82fa27c8297f,1024,0/0
/spttest/4pcxejoy56cf,897da8393e1215f,1024,0/0
/spttest/q20v28k4sisy,2f984282f9c3a232,1024,0/0
/spttest/mkzr7562pbyd,294033237d3b32c5,1024,0/0
/spttest/ilnkiok930ab,21fa55de84a79d33,1024,0/0
/spttest/x0usszqdnib2,3c5261f37014c16e,1024,0/0
/spttest/s6ss5xiqebgj,337d84e657e86383,1024,0/0
/spttest/dnymqwlz24g0,18f63bf089b47a00,1024,0/0
/spttest/aedathd19ufy,12feca903496475e,1024,0/0
/spttest/gn6wtavy05sz,1e67132f2f2d3b63,1024,0/0
/spttest/uy24dz17gzue,3886d3fe29ae9476,1024,0/0
/spttest/7inytb5r4sn9,dbbc11cc2dd8905,1024,0/0
/spttest/oxxr782eikbl,2d8f913add448d61,1024,0/0
/spttest/settt8dpazsg,33e5cf8c63d9a0b0,1024,0/0
/spttest/et4r2d8v9zmx,1b0d00c14b220ba9,1024,0/0
/spttest/cedxuys74pgs,16a6402aab2150ec,1024,0/0
/spttest/sskceapcy998,34983d2547a0135c,1024,0/0
/spttest/oi2c16wkf3cc,2cc1640bf92c72ac,1024,0/0
/spttest/njl30x36amfc,2b0187f242b95208,1024,0/0
/spttest/r19z8f2hfijt,31622c83d80ef4a9,1024,0/0
/spttest/iiz6p0yxizr0,21d78f0c94ab4e7c,1024,0/0
/spttest/x2ljr61ccbtp,3c6905ed96e916dd,1024,0/0
/spttest/wsx0a0bvnh74,3beb43ce8ee2c1d0,1024,0/0
/spttest/7hwpal7tdn1a,db1eabe552f3ede,1024,0/0
/spttest/jfe9vzsw07co,237ca8fb6a182538,1024,0/0
/spttest/ad2ej6auikvd,12eddec8d037a029,1024,0/0
/spttest/174sqhtm5g9n,230453e205adb9b,1024,0/0
/spttest/hf2so4mwy0oy,1fd14a4495fcb002,1024,0/0
/spttest/rsudt83u1xhq,32c83f3729fce9ce,1024,0/0
/spttest/lhmjd346hevp,2740d93c7dd22b95,1024,0/0
/spttest/1ly1hs192xmx,2f0abfc9cc463c9,1024,0/0
/spttest/6owzo10ipra2,c3954e9f9d7b85a,1024,0/0
/spttest/2wnfu6nwt7tl,54f57cec03e88d9,1024,0/0
/spttest/7xzo6eif6yfk,e82d1177ce14ad0,1024,0/0
/spttest/xbjvrsu334dz,3cdd5356333fd3f7,1024,0/0
/spttest/bnaq2howflrt,15466123ea5d2bf9,1024,0/0
/spttest/iwodueeinuih,228982efa6fea439,1024,0/0
/spttest/tc1sjyg0tdhe,359554bd51de0982,1024,0/0
/spttest/thz630mgd7ju,35e251e38c4a4f7a,1024,0/0
/spttest/x3gs0nx8830j,3c744a8bf6b85d43,1024,0/0
/spttest/36p9sxrvjtsi,5d1e5a0b954f892,1024,0/0
/spttest/ugxx2x2rgy0y,37a87e6836d7e342,1024,0/0
/spttest/92pcbip0gpnf,1093a682af11c9db,1024,0/0
/spttest/s4d9i761vm2c,335df0fcb506ea74,1024,0/0
/spttest/h8y5hc2dpaxc,1f81adc1e0187890,1024,0/0
/spttest/bwirkgcy5vh,9a9dc1ba161e3d,1024,0/0
/spttest/h0ddh1666uan,1f124479a020ccdf,1024,0/0
/spttest/o2u6trubndb1,2bfb9ce4697bb61d,1024,0/0
/spttest/yz2mq7sdg7z5,3fe27546809c9961,1024,0/0
/spttest/jhk3puvr5ixz,2398bddf77ece627,1024,0/0
/spttest/ukl7jay8k7wm,37d7dd78f6d59506,1024,0/0
/spttest/rm2bdxy9h5ot,32702f24c099f80d,1024,0/0
/spttest/b525qvpnjnrj,14597b6e15c7ea0f,1024,0/0
/spttest/2k9baonlijkv,4ae5feb2373249f,1024,0/0
/spttest/faanzqgjjhf9,1bebf471a40871f5,1024,0/0
/spttest/ltn0rqc67vhd,27dce4faab037121,1024,0/0
/spttest/jinraquiq5hq,23a70cbc740c484e,1024,0/0
/spttest/qbdq3emb9fnn,3011cddd1b165a83,1024,0/0
/spttest/hflg8bbgaixf,1fd8055915a24a53,1024,0/0
/spttest/qlqo8jpw3ptd,30985e73fa00f971,1024,0/0
/spttest/67zkhwbpfwji,b5d71bb08c5577e,1024,0/0
/spttest/dxyskq2xk4,507f017508064,1024,0/0
/spttest/53fhyvuevsm0,94ea19c20211898,1024,0/0
/spttest/gol5hwiiizx4,1e7933e04517a058,1024,0/0
/spttest/ivjw5zlgmxoq,227ae6d9280c480a,1024,0/0
/spttest/92yjnbsvnmnw,1096f8a0743db17c,1024,0/0
/spttest/ngynjhzo54o0,2adf759a6f1cfae0,1024,0/0
/spttest/p4deyavsj0be,2de3273ca672205a,1024,0/0
/spttest/noyojlyskhlx,2b47623b12b10a25,1024,0/0
/spttest/1zxo8vunqtay,3a6639786c0b5da,1024,0/0
/spttest/8mzc3pd7am2i,fc76d873c30993a,1024,0/0
/spttest/egxumugqp7k,bbf65722c42a20,1024,0/0
/spttest/e9ulqhe14ara,1a128b84ce713876,1024,0/0
/spttest/xt2jkd9ob6se,3dc0e060ec1aa31e,1024,0/0
/spttest/etm6fp8l0nxs,1b134a73c48c1e30,1024,0/0
/spttest/694hvm7dl0w8,b6c361be4dcc0c8,1024,0/0
/spttest/o41pfuv0okc8,2c0b507c17f1f8f8,1024,0/0
/spttest/rive75si3o4n,3246b8027852eee7,1024,0/0
/spttest/a61fbmgxfq0c,129297a58dce526c,1024,0/0
/spttest/23mpy7wu423y,3d664f08a3731ae,1024,0/0
/spttest/vuhp19cqdtu7,3a2c1ab50ad6b24f,1024,0/0
/spttest/wghaze2ysahn,3b49ba4d14746e1b,1024,0/0
/spttest/40reuo6co1rs,7585904c83382f8,1024,0/0
/spttest/e6baw70vwrd9,19e49cef7a29418d,1024,0/0
/spttest/zyzp3fbl290s,41b5037c68b28b2c,1024,0/0
/spttest/ejzxhjoe89mb,1a965c146cd980b3,1024,0/0
/spttest/e1mi6cho7dpj,19a7b562f2157d27,1024,0/0
/spttest/e4mcwxa7d1kb,19ce9fa7fe14282b,1024,0/0
/spttest/nl8rwjuq31nx,2b17118186bced2d,1024,0/0
/spttest/y0qtbmwl8znj,3e248f0c8bf23b7f,1024,0/0
/spttest/bfl5wpvtgx6a,14e23b68f706b4f2,1024,0/0
/spttest/k7lb4ymxi1bq,24eae5f401acd036,1024,0/0
/spttest/btoz244v0zb6,159974e6bb1181c2,1024,0/0
/spttest/x9wbvis8k423,3cc7d68f5639298b,1024,0/0
/spttest/z11jgtr5ten2,3ffc0b0dd534305e,1024,0/0
/spttest/286c7egto3j5,4116e10980d44e1,1024,0/0
/spttest/i21d0iw17ltu,20fb86a2a8f3ab42,1024,0/0
/spttest/zzaie2msvuw8,41b8ea55c3be0228,1024,0/0
/spttest/g9231smd8oew,1daf7bbfb5fc7298,1024,0/0
/spttest/1r6cw9xewybq,3349e7924c0f7c6,1024,0/0
/spttest/4ih9dkss2nva,83e7de900bcf156,1024,0/0
/spttest/d6yc0qdug9sa,18194f0d4cc2678a,1024,0/0
/spttest/75gzk4a0w4oa,d10601b9dad87aa,1024,0/0
/spttest/qeifpcglx6gy,303a78d0af3c1402,1024,0/0
/spttest/r31uaaojbrhp,317937633145d2ed,1024,0/0
/spttest/1428n87qid3f,208612ffea228cb,1024,0/0
/spttest/t8iozsis3vko,356778d695586698,1024,0/0
/spttest/72w5ytzlxz06,ceee24e03252076,1024,0/0
/spttest/cxq49cdnz5sh,17a170e204c1d311,1024,0/0
/spttest/esonzrql57jc,1b0732fb0ed30268,1024,0/0
/spttest/5c3byx0zeadf,9bf251bf1e7bf03,1024,0/0
/spttest/d0lygfetb02j,17c6e84a514ffa1b,1024,0/0
/spttest/mkp6iirosbr2,293c6262b9a42e7e,1024,0/0
/spttest/ch76b9b4ljwm,16cac70beff13806,1024,0/0
/spttest/eqhmqh5wfi4u,1aeaaea94fa0ed8e,1024,0/0
/spttest/3qazi1pk1plq,6d0872c49265fde,1024,0/0
/spttest/se8sjn0fwx36,33de3890d65d0e82,1024,0/0
/spttest/8h6sthj45eyp,f7c2f74a7c5db01,1024,0/0
/spttest/76hmihcoze0j,d1d9842d02a89b3,1024,0/0
/spttest/o2mecjtx6wvx,2bf8cd3ebe3670fd,1024,0/0
/spttest/sg5bechlvpeg,33f6f1fa9e10eb58,1024,0/0
/spttest/xozay1i1dwh0,3d8bc021207c9ea4,1024,0/0
/spttest/bvqbyy5k4nc,9a54cd99ab2188,1024,0/0
/spttest/v85ipfz6thng,3909f267433f609c,1024,0/0
/spttest/6fja3bc77gj1,bbf7b32036ed66d,1024,0/0
/spttest/3dwm4iu1sz7c,62f789e23db9a38,1024,0/0
/spttest/6o5ihfsyp9w0,c2f6ae22a9d8050,1024,0/0
/spttest/vmpkjjqvzug0,39c70812e74d9be0,1024,0/0
/spttest/595yqryg8wet,99920821f095e15,1024,0/0
/spttest/wwcq6gah14do,3c17e78ebf2f656c,1024,0/0
/spttest/he62zhrgqgc,e1ee20986e78ec,1024,0/0
/spttest/rkwat31ex9xb,32610630d48d927f,1024,0/0
/spttest/9pu5p1yaw2lc,11c02442ba613720,1024,0/0
/spttest/bigmfbjlw4pm,15078fb7a29cb0da,1024,0/0
/spttest/5qjuaks54ku9,a7af39c43331781,1024,0/0
/spttest/jeay0e89xt6q,236e782515f0bb02,1024,0/0
/spttest/xpais99fcq8i,3d8fcc4b48c9d2d2,1024,0/0
/spttest/j9n0xf826xj6,2331e1c400718142,1024,0/0
/spttest/2zie8fcpmlok,5747d9ebaba7044,1024,0/0
/spttest/dri211qha6n6,192435ea8106e922,1024,0/0
/spttest/frg2tmbmj70c,1ccab9b352b12c3c,1024,0/0
/spttest/67hgwim8dwu2,b56e9e18bbc277a,1024,0/0
/spttest/dtj0aswm3kas,193e885c84db1f84,1024,0/0
/spttest/qbtw8y7utnly,3017a38ba20696c6,1024,0/0
/spttest/g6jkbpw104n8,1d8ed2907fc38884,1024,0/0
/spttest/znegmk0iono6,411e7833431d9fd6,1024,0/0
/spttest/btv9kkiixx8d,159bba157b44407d,1024,0/0
/spttest/utrqxvu2odeb,384f20c816e303d3,1024,0/0
/spttest/7za8qxfl32vt,e939ecf3abf9259,1024,0/0
/spttest/gfokkpabn04i,1e05885b429e4362,1024,0/0
/spttest/gt49jnqukcau,1eb40e49b4163146,1024,0/0
/spttest/3nd855q6dfvs,6aa5e5011768fa8,1024,0/0
/spttest/tbt5bkorfm06,3592362ee2017826,1024,0/0
/spttest/jywcxh8pwqtq,2479fb4a9e2f78ce,1024,0/0
/spttest/121vvize7jm8,1ee45e90a4c7910,1024,0/0
/spttest/pg9ohfmgxboc,2e7dad4ce18c115c,1024,0/0
/spttest/14i4w7zlj0fl,20e1d750c5999f1,1024,0/0
/spttest/3aucoa5uwnl7,607afdc8a0df16b,1024,0/0
/spttest/k0ys2z1s433d,2494d56b782ad8a9,1024,0/0
/spttest/c71gtcx79tgf,1646d337bf6f885f,1024,0/0
/spttest/vooqobjmlzav,39e0b5f4320357f7,1024,0/0
/spttest/k8lpl638k4bb,24f80849352de6d7,1024,0/0
/spttest/86vt3hhdqp6k,ef6538ce308e2fc,1024,0/0
/spttest/8narlgepuy9z,fcb8d54b2eafa07,1024,0/0
/spttest/spu2i38hlv3m,3474c7ab99c011b2,1024,0/0
/spttest/ph28focz2top,2e87facd3251f5c9,1024,0/0
/spttest/uu39znqxxka1,385349b56dbc7de9,1024,0/0
/spttest/gxnb54iwbprm,1eeee2683a867f32,1024,0/0
/spttest/8hf42tpq74be,f7f2f4a734abf9a,1024,0/0
/spttest/bqnnr16znvql,157203bfd9d4ab6d,1024,0/0
/spttest/nx1yyu23lj46,2bb07c21dc0fdf06,1024,0/0
/spttest/2v2d3o2afp2f,53abfcbdcc9fea7,1024,0/0
/spttest/4khi3ainciq0,8588ec8597d48c8,1024,0/0
/spttest/v9ahximznd4n,3918bb82cefa1d37,1024,0/0
/spttest/wmdhaby91zz0,3b96488b00db0d5c,1024,0/0
/spttest/v0svnddpnff3,38aa7606d0a64acf,1024,0/0
/spttest/q7yiimsmk04e,2fe55920fc81e39e,1024,0/0
/spttest/orizesf9pqu2,2d3c4d3b3d30d91a,1024,0/0
/spttest/iz37oi75gyox,22a8d7288deed4a1,1024,0/0
/spttest/x7pf54nc3pjq,3cab5dd9d0716c16,1024,0/0
/spttest/xs3e3yxj1pti,3db4317e11cc2ff6,1024,0/0
/spttest/5f7ag4xgg4gj,9e78a72b12aee93,1024,0/0
/spttest/81mvo86tim3q,eb2288ff869d566,1024,0/0
/spttest/t2acvozq8ebd,35168745396c0079,1024,0/0
/spttest/t7zyvi38g7s,17b934f9988df18,1024,0/0
/spttest/6sjb3jwl8u01,c685a1d97f4eee1,1024,0/0
/spttest/b5lmdyrbgu28,1460811fdcb89330,1024,0/0
/spttest/3nf1q9szwuup,6ab0697f2596731,1024,0/0
/spttest/6gknbix10c67,bccf6c2be2be29f,1024,0/0
/spttest/hih8xnv6eb2m,1ffd78ecf1fa818e,1024,0/0
/spttest/nl5gosgandme,2b15df9fdc4aeeb6,1024,0/0
/spttest/b3st05gwkn7y,14491e2a27e5628e,1024,0/0
/spttest/jw827mxct1wp,24573c70c7187ee9,1024,0/0
/spttest/zxkds0vh6om2,41a27fab5cae4f1a,1024,0/0
/spttest/byi81v49hz88,15d7f7ae73cf3598,1024,0/0
/spttest/ixngx3k9r2aq,22962bb6dece2d62,1024,0/0
/spttest/1bt7ip4t315l,26d0909da680599,1024,0/0
/spttest/92n2rp7ugt7w,1092d544f87ea1ec,1024,0/0
/spttest/y1c0gyqewlvm,3e2c351f53b6ccc2,1024,0/0
/spttest/46y45ymi6ua2,7a8b3b7c1ffa8ca,1024,0/0
/spttest/gp02ba1mmbpb,1e7e953aeff3bebf,1024,0/0
/spttest/c5fst08p48ew,1632049fbf0e1c98,1024,0/0
/spttest/n8ddv07goeos,2a6fdefa8130ac5c,1024,0/0
/spttest/cuyaxa34y3zj,177d6d28c99d98af,1024,0/0
/spttest/v3q655gm028u,38d0739dfd0eb15e,1024,0/0
/spttest/u975ngfa0ldk,3743e9a84e4a1238,1024,0/0
/spttest/l0nb8c0tk6wt,26644f6008235cfd,1024,0/0
/spttest/wkqtftxsxdjn,3b811dff80c412d3,1024,0/0
/spttest/x6q92ckb8c3o,3c9ead5e9776ea44,1024,0/0
/spttest/az2189fp1kis,140b804cac740324,1024,0/0
/spttest/n1xev668i24k,2a1c2c1fb5dfdb44,1024,0/0
/spttest/lasskta2f2id,26e82e4a99363475,1024,0/0
/spttest/oq5h26m1yerm,2d2a701ade581842,1024,0/0
/spttest/fl1gpcs2hmks,1c778440e316be8c,1024,0/0
/spttest/3nyht1fsbnkg,6b20ad7071ad410,1024,0/0
/spttest/k4ef60xcc89b,24c171f1b767e4cf,1024,0/0
/spttest/4r6p22tuvo8i,8af95672eb79e72,1024,0/0
/spttest/h0bawh243ev4,1f1185244c6c4a00,1024,0/0
/spttest/15ay0l6u6yit,218827caaebfa45,1024,0/0
/spttest/tvt1hjxizg7j,3695f57b114b22cf,1024,0/0
/spttest/oit5mplrevr5,2ccb119003a91741,1024,0/0
/spttest/7ea5m9ta7fq1,d82d06392a83959,1024,0/0
/spttest/men45chodkaz,28edb409caa1a40b,1024,0/0
/spttest/3kvu9cx10qz0,68a1deae2c84d8c,1024,0/0
/spttest/gyeuydfscwbp,1ef8d32f22d4b6a5,1024,0/0
/spttest/sc8ap0a83k6,1701ce556d51e06,1024,0/0
/spttest/zahav4akfpda,4076a22edf4a2a2e,1024,0/0
/spttest/ssroxvy36u30,349ae3e8b148b8cc,1024,0/0
/spttest/m9mo8e8x27gy,28ac98eb59c95352,1024,0/0
/spttest/g9pcqw0bzjar,1db7e11958c7b773,1024,0/0
/spttest/lw07bq7tkoga,27fba119852bd1ca,1024,0/0
/spttest/t3xo4j0rrc5q,352bedd9979aa14e,1024,0/0
/spttest/3oi6o0ow30h2,6b9259f92d9a526,1024,0/0
/spttest/plcegopip7bx,2ebf9afa4194c75d,1024,0/0
/spttest/gfipxovlkrp9,1e036be6d4439a3d,1024,0/0
/spttest/511iz38x4fiv,92f9c857dcbf897,1024,0/0
/spttest/p26z0ig80dbj,2dc6d99e7501ab6f,1024,0/0
/spttest/tr4o2f69go8,1827a5dbda43ea8,1024,0/0
/spttest/7ei9szckr4cf,d85be138332c2bf,1024,0/0
/spttest/wvnc3v59epk,1ab1381c01be3b8,1024,0/0
/spttest/cd7aehwgz0zh,1696dc8380350fbd,1024,0/0
/spttest/l9hc9yoyw61h,26d70f287e6e0895,1024,0/0
/spttest/cu9nep4jktcn,177487fbec2b6497,1024,0/0
/spttest/la65aaeb0u6v,26e0026d4ab19bd7,1024,0/0
/spttest/wr0lcxo32g0z,3bd2947cf7df10a3,1024,0/0
/spttest/qmz01tdhksly,30a85cf71febe2d6,1024,0/0
/spttest/hlfu3inuqiqs,2023ee42114c5b64,1024,0/0
/spttest/8go11hsp9h2o,f75698e59a0b7b0,1024,0/0
/spttest/wtuowmcznp9z,3bf76b263824f2b7,1024,0/0
/spttest/ohmc859yjih9,2cbb9ea68bc65a4d,1024,0/0
/spttest/xlk9rlla0qeu,3d5f5bcf877653b6,1024,0/0
/spttest/7ugeg12898qe,e54e55a6b19f476,1024,0/0
/spttest/ncf7b3twzzrh,2aa47bedd0ff43cd,1024,0/0
/spttest/9vbecyp7n1z4,12074f08e7f2f4c0,1024,0/0
/spttest/6ai54wwfhkh2,b7e1fd4192970e6,1024,0/0
/spttest/xeelwthhcozk,3d0263f72adb6e80,1024,0/0
/spttest/lc113sq8iobh,26f8245f98747b9d,1024,0/0
/spttest/gp6n2k3geb3z,1e80f4b3195cebbf,1024,0/0
/spttest/9r61al3kmhuf,11d16aa4594453d7,1024,0/0
/spttest/nx470h06roik,2bb1498300848adc,1024,0/0
/spttest/cumbtti9mh9e,17791b0f3f6b41e2,1024,0/0
/spttest/9ax50zlnzv02,10fe60cc9bfea2b2,1024,0/0
/spttest/h7phiza1c89a,1f719017d2716dce,1024,0/0
/spttest/3rcti9mzd88q,6de2dc985a995fa,1024,0/0
/spttest/w6mmzpj46dev,3ac9c26317fe8967,1024,0/0
/spttest/j9lnvl31t325,233163e947af51bd,1024,0/0
/spttest/fdr8fthlabwh,1c18e691697503c1,1024,0/0
/spttest/ct73orfzaiys,17669f647923cd84,1024,0/0
/spttest/zb4lfxj4zcr7,407f09cb38f5ab53,1024,0/0
/spttest/zllo1hgtslh1,41071749fc5028b5,1024,0/0
/spttest/20o468ujzcev,3afee07da315497,1024,0/0
/spttest/76bj799jkvna,d1b658ddeafe436,1024,0/0
/spttest/usr4lrqzf7ji,3841ea36d9b26eee,1024,0/0
/spttest/ouzog3apxe47,2d694b2181a816b7,1024,0/0
/spttest/susmjf8ijnku,34b534a0d1c7201e,1024,0/0
/spttest/5ergv9y85npq,9e1d507a4f8274e,1024,0/0
/spttest/avk7zlkfuolm,13de1b3e77c1270a,1024,0/0
/spttest/sytul6kqjph4,34e99aaccf44d1b8,1024,0/0
/spttest/ld5liptnztsf,2706c77b6d4d9c8f,1024,0/0
/spttest/t2xch3h8lce1,351ed2b318308df9,1024,0/0
/spttest/v9bs307ke9ec,391931ed9ed7f714,1024,0/0
/spttest/abvtoekmowql,12de81cf3b8c41bd,1024,0/0
/spttest/6plohcyff7yu,c423d6bcfe80d16,1024,0/0
/spttest/rl6211q8jnu3,32648b594396ff6b,1024,0/0
/spttest/7qtzja8799yb,e25d73a13db81a3,1024,0/0
/spttest/kku3wrrpdq8r,2596ef0f81037b1b,1024,0/0
/spttest/rn0rwzvlmyol,327c9e1307d69a15,1024,0/0
/spttest/xl90kwarktqi,3d5b4c30b2e0368a,1024,0/0
/spttest/6etb7c43cifp,bb61c793507db55,1024,0/0
/spttest/wyhntam6atmh,3c33a9d7caea7279,1024,0/0
/spttest/8jn6mys9szm4,f9c13513850dc4c,1024,0/0
/spttest/xyqqq9ehamgl,3e0a8de16b1c4935,1024,0/0
/spttest/wnfe2l5qunyb,3ba3f649723832c3,1024,0/0
/spttest/gd5zyywt6jd4,1de4da599c8c0488,1024,0/0
/spttest/7lnk7z6f9hp6,de29370edb9f8da,1024,0/0
/spttest/km95mttmkcdy,25a95a438b6e35b6,1024,0/0
/spttest/m8xt4sbb4g96,28a3a048f321e24a,1024,0/0
/spttest/pp9mlqllj2xu,2ef28fc940241ea2,1024,0/0
/spttest/sb45fpec3oi0,33b5940779de72c8,1024,0/0
/spttest/kp0pvopqr70g,25cd46aab883fa40,1024,0/0
/spttest/ee7szxg7k7dv,1a4b43f771e7d963,1024,0/0
/spttest/vylptvz5pksk,3a61833f5b33f684,1024,0/0
/spttest/7gs4q84qmyix,da3473f2b544249,1024,0/0
/spttest/au51c391j9mt,13cba364b7944c85,1024,0/0
/spttest/u9xwf9w1zftr,374d8fecc118abdf,1024,0/0
/spttest/3p3azrn6vd8m,6c0c474f86446c6,1024,0/0
/spttest/utu24dwpij6s,384ff63483193aa4,1024,0/0
/spttest/35n70n74rw1y,5c4287c8af24b06,1024,0/0
/spttest/6s42azn9dvyn,c62da07abf4f80f,1024,0/0
/spttest/8c8d7jvsqi4g,f3bcddbc2094640,1024,0/0
/spttest/5lrjqqz3wber,a3cc933a0b170c3,1024,0/0
/spttest/cptp127zh90g,173ad139972126e0,1024,0/0
/spttest/ahg3bc9t3wiu,1326c42f4c6e4866,1024,0/0
/spttest/qkqpmxpfh1f7,308b64c99f222473,1024,0/0
/spttest/8huhvuxfx0w2,f84bc3d2b6db5c2,1024,0/0
/spttest/800ld2z6keud,e9d20c08de91a25,1024,0/0
/spttest/gibdoc3y1xdc,1e27bda355fc6d30,1024,0/0
/spttest/f1xby5eqfl31,1b7f3ab357993a7d,1024,0/0
/spttest/x4lyuacc6lu1,3c83272691101009,1024,0/0
/spttest/rh5wl7ozis76,3230885d43267242,1024,0/0
/spttest/moaimvab3q02,296b0cfcfb5d6962,1024,0/0
/spttest/e9ep5t48kql8,1a0cce6aa2a36b9c,1024,0/0
/spttest/il7lhbc54xmp,21f4927216dc4841,1024,0/0
/spttest/f0hv52rpaqqs,1b6ca8cba7b00ae4,1024,0/0
/spttest/ihnb5jf4ncsj,21c648d042a33083,1024,0/0
/spttest/kyxa4dccse7s,264dedb2220242f8,1024,0/0
/spttest/u51uzwt5kqt7,370e0b7410ea3dbb,1024,0/0
/spttest/ybobpthk8or7,3eb28af698ffb753,1024,0/0
/spttest/jhxu48qaexgt,239db2654c4312ed,1024,0/0
/spttest/k3kiu29v8ds3,24b6a84eb6abdac3,1024,0/0
/spttest/2ik6o2fpfhsb,4985194a2e57ccb,1024,0/0
/spttest/p008ip523gll,2daa70ea7fcbfcc9,1024,0/0
/spttest/biph9ukkhrxo,150ac1d0080b2bac,1024,0/0
/spttest/hz1q24m4rup5,20d4b055adab3029,1024,0/0
/spttest/7pi892gnl0j3,e149bea4a350cef,1024,0/0
/spttest/2lgezsj9k9pi,4bded3d6155c326,1024,0/0
/spttest/ychhmg2d29mz,3ebd10cbef83924b,1024,0/0
/spttest/ho8d7gmr12w6,2048341d013097e6,1024,0/0
/spttest/o6vrjogs0v2i,2c3023731077b94a,1024,0/0
/spttest/kmodx8lwqica,25aed90e45a2335a,1024,0/0
/spttest/hor5umudhb2t,204efc3c34c09755,1024,0/0
/spttest/k37717rggks0,24b1d93d9cffd930,1024,0/0
/spttest/sjmzizyqf9kw,342449eb7019b040,1024,0/0
/spttest/r9gt18zxs29t,31cc8d3dad49e781,1024,0/0
/spttest/82plucoxmms7,ec021b3d9d67dd7,1024,0/0
/spttest/64qiwfmfnaa0,b33368cf8cf0ac8,1024,0/0
/spttest/4tj8m6dm0n7,3e9d11e78111c3,1024,0/0
/spttest/s02om4h6phm0,33262aad13668f68,1024,0/0
/spttest/pjw403n144mt,2eacbcfd32327d75,1024,0/0
/spttest/8kmwnq6wayng,fa8f6f86cb325ec,1024,0/0
/spttest/wwg5zh1uxtjf,3c192537ad4b65cb,1024,0/0
/spttest/7sdc4shkulan,e39cfcd6f19ff4f,1024,0/0
/spttest/ka6oktsbfsoh,250c96af86a0e9f1,1024,0/0
/spttest/fnl2huis81yl,1c9891acfd7effed,1024,0/0
/spttest/py8byluqjcjj,2f66ff6c0643283f,1024,0/0
/spttest/anwrsamgec3m,137ab86779fefcc2,1024,0/0
/spttest/dskbc23vchwb,193203c93977709b,1024,0/0
/spttest/h99t6g5qojin,1f85e29c664886cf,1024,0/0
/spttest/fd5r5x4gkkp,c7966730968429,1024,0/0
/spttest/2mb7q90xubcd,4c90a03c4e065ed,1024,0/0
/spttest/r67qmtvb6276,31a24fff4a4c67a2,1024,0/0
/spttest/vtvtghyejjuy,3a2435f481db914a,1024,0/0
/spttest/yt1xcjhlmhhx,3f94449da2dd4b15,1024,0/0
/spttest/nj41b7rrff70,2afb6149db9571ac,1024,0/0
/spttest/qav4zgxnrgee,300b1912c723e6c6,1024,0/0
/spttest/oajw3rrje6kj,2c5fcfc0a96dc7c3,1024,0/0
/spttest/ywie8crt9v4g,3fc12d9908ba4ed0,1024,0/0
/spttest/sfs451j670pl,33f22e9175134159,1024,0/0
/spttest/ucaqbhyvi7yz,376c2b8fc7300fdb,1024,0/0
/spttest/259vdccuc21m,3ebbc929d7a235a,1024,0/0
/spttest/otqu6rf6wptg,2d591d4a2b32dcb4,1024,0/0
/spttest/maau79mbmlm,1217b241042d12a,1024,0/0
/spttest/wnq8yn54gmt3,3ba7e13a3c467f77,1024,0/0
/spttest/q6xr28p4wvre,2fd8156d7cabf0ca,1024,0/0
/spttest/3kycqxgcxqum,68b061724fd622e,1024,0/0
/spttest/sh7gawyj50io,3404b48e7a20cce0,1024,0/0
/spttest/tqn19jk2a12v,3652d86aadaaa5f7,1024,0/0
/spttest/n7s3d71e8tmh,2a683051776d69f9,1024,0/0
/spttest/dsa90c1rvpvc,192e6222ef0af3b8,1024,0/0
/spttest/oot8ualzs6xz,2d1909573d62a927,1024,0/0
/spttest/j80fcolp0krp,231cbd0c46941625,1024,0/0
/spttest/rt56gldmc90w,32cc2467c87132b0,1024,0/0
/spttest/ifqbsg4xqscm,21ad65099bee6306,1024,0/0
/spttest/svhuns1qrx1e,34be4eabc6185e02,1024,0/0
/spttest/a30ikzflcfak,126b4bdf6af0d96c,1024,0/0
/spttest/f4v8sdqgzn94,1ba571a031cee878,1024,0/0
/spttest/19pbxh0vav56,251a85e43978b2a,1024,0/0
/spttest/jsthfvlns2ee,242b0238881e9626,1024,0/0
/spttest/pb0l242b4okx,2e3972e9c5504871,1024,0/0
/spttest/qnkofqy4mnx,15a3a33b31745bd,1024,0/0
/spttest/84jsaxxing6j,ed802956a24b7ab,1024,0/0
/spttest/8zf7h6bo95r,74b1f645c9d75f,1024,0/0
/spttest/tijzrpek0edi,35e9d56bc97e24c6,1024,0/0
/spttest/bu2fz6mdd8r9,159e51190f34d295,1024,0/0
/spttest/7ptlpk49q5ws,e18b67f11be596c,1024,0/0
/spttest/4ljr7ontpw22,8665c2e54b2a78a,1024,0/0
/spttest/7q8shi0doa52,e1e3167f92bd656,1024,0/0
/spttest/9nb6ble9yv1f,119f505b686f82a3,1024,0/0
/spttest/f26y5lboasdx,1b82b2fe0e716235,1024,0/0
/spttest/n9vqrlf4gbfe,2a837bf9c9e4cdda,1024,0/0
/spttest/7306rafdkghx,cf055ce4cc8b985,1024,0/0
/spttest/xggfpiidjhka,3d1d074cd3acf4aa,1024,0/0
/spttest/i8cl8coidtsg,214d834f83424a10,1024,0/0
/spttest/57dcbbhblut9,981cf644dc0ce3d,1024,0/0
/spttest/5w46mih0klgn,ac33ce625322da7,1024,0/0
/spttest/dvpw3rtqs9oi,195afeb039c87e02,1024,0/0
/spttest/x6km3bog7wcw,3c9ca495b2f57f90,1024,0/0
/spttest/o2355cg6vgni,2bf1daa495776c0e,1024,0/0
/spttest/4r4rdspheqdq,8aee2a22422320e,1024,0/0
/spttest/jtbg7pljvge2,24317db38b951bba,1024,0/0
/spttest/syu3ui4aslc9,34e9b26e7014d509,1024,0/0
/spttest/w130u2eixcx1,3a81bc41e65fa9a5,1024,0/0
/spttest/afg4pft8a96b,130ccd3decf318f3,1024,0/0
/spttest/4dfghxdoq0bs,7fce52917b34028,1024,0/0
/spttest/71v8hr2po88,5b994f5ba9e4e8,1024,0/0
/spttest/baqm0bbek7mh,14a34046c0eded99,1024,0/0
/spttest/k5te83qk1l7h,24d3d64e90d78d9d,1024,0/0
/spttest/6amk7edtfz7e,b7fb7f7249f90fa,1024,0/0
/spttest/pq7d44xuo0cg,2efebbf5b69f59c0,1024,0/0
/spttest/9wby3jrsbvhi,12147eefab5c4c26,1024,0/0
/spttest/oypt73vnxkni,2d99b0a9fc7129ce,1024,0/0
/spttest/6a1b5rspiqkx,b780d063604f011,1024,0/0
/spttest/8xnlwufp6b9e,1052141a3461b382,1024,0/0
/spttest/f9fpakriojk9,1be0c85dec8ed709,1024,0/0
/spttest/rc7rzp8ltbu2,31f043055066862a,1024,0/0
/spttest/ipi8a2cynnub,222c5da6c0848a73,1024,0/0
/spttest/bseoxekm1dbd,1588c1f7f5f2bfa9,1024,0/0
/spttest/ujt5cswjfpfe,37cdbd9119a0617a,1024,0/0
/spttest/266q0g6fm5cc,3f796fa11730b8c,1024,0/0
/spttest/d3mu2j1zpg8f,17ee312ccd3e756f,1024,0/0
/spttest/1rsfq0wcaqxc,33c95d38ed132d0,1024,0/0
/spttest/sgtgpc64ztt5,33ffa86dd7ecdda9,1024,0/0
/spttest/k8qzjua51kiv,24f9efb0bc794b27,1024,0/0
/spttest/irfubh8180j9,22457b9baa1b45b5,1024,0/0
/spttest/3gd1z5zx0q63,64f61b1a065c17b,1024,0/0
/spttest/bj15sf7f5sw3,150ef8c40f98fc83,1024,0/0
/spttest/8quy6e0luzf,719b099e49681b,1024,0/0
/spttest/56yryb7wo33r,97c8dfe617cf1b7,1024,0/0
/spttest/kroubwb9stjt,25eff56fcabcf999,1024,0/0
/spttest/c4ds02jspcqt,16244c918807f4c5,1024,0/0
/spttest/s9v3z1v5bjcf,33a553b4a01307af,1024,0/0
/spttest/n9mvtch4qgeg,2a80499d85273d88,1024,0/0
/spttest/ipusxjsxs8lw,2230e70f4c843b94,1024,0/0
/spttest/1s8p0rdfurwn,342739352105bc7,1024,0/0
/spttest/xeoakns5497,1b1f0f5be71bccb,1024,0/0
/spttest/w5rbgi03bvaw,3abe7560fd8f7638,1024,0/0
/spttest/tw2d7gy54rci,369952dd9ee71072,1024,0/0
/spttest/937ffjqjklp9,109a2d1f941935dd,1024,0/0
/spttest/zb0j2enf2yaj,407d9239b2d9a51b,1024,0/0
/spttest/ikbnbizmd67o,21e90b61888082b4,1024,0/0
/spttest/rhiy54yf7li2,32353d23235d1f9a,1024,0/0
/spttest/p4gctaokhn5y,2de436da72fc6386,1024,0/0
/spttest/8cz021t173g6,f456a0dbacad236,1024,0/0
/spttest/21z61vr16dvj,3c0e8289b70a8bf,1024,0/0
/spttest/n2z556xktji0,2a29c92c67e75ff8,1024,0/0
/spttest/uuq9rpbxhwzq,385b959c7a69de46,1024,0/0
/spttest/6yygnrqamsye,cbbc173105b9e16,1024,0/0
/spttest/fk7xthimsspw,1c6cdd1e76622e64,1024,0/0
/spttest/5htndvy6cekg,a099641f7d392c0,1024,0/0
/spttest/akegehzqhl4h,134d24cc7e6adb31,1024,0/0
/spttest/lb4lmzht1ir7,26ec70e7983ae633,1024,0/0
/spttest/ulx9cl6qex42,37e933cd14192122,1024,0/0
/spttest/isp6f0cj04u4,2255d73856767b7c,1024,0/0
/spttest/gtwpa1f0wpga,1ebe50f7313d74da,1024,0/0
/spttest/oxx6qzrwhy8u,2d8f5cc1ea7be39e,1024,0/0
/spttest/xz0c71lzk0vv,3e0e0445bb8d887b,1024,0/0
/spttest/j28tp1rx2lbf,22d1d5417e6f356b,1024,0/0
/spttest/9nfjpruz9vut,11a0e43222213485,1024,0/0
/spttest/c7uow9kk4r9l,16515ea158585709,1024,0/0
/spttest/kr5gqowec3qu,25e8f792d0b3ebf6,1024,0/0
/spttest/37pm87aznva9,5df02c30d11d921,1024,0/0
/spttest/9jfaj4rwrurr,116cd79a80284087,1024,0/0
/spttest/kbnasxh71pcf,251f92dbe75f918f,1024,0/0
/spttest/3qloj0e6t0k3,6d46311960e2613,1024,0/0
/spttest/1tia0srpggog,352e607d6e37d70,1024,0/0
/spttest/eayi3qzkxi10,1a20f0ee4db93984,1024,0/0
/spttest/x8s44ydvg2nf,3cb953f9ec8d646b,1024,0/0
/spttest/uidjh4mm28q5,37bb1ea5c08506ad,1024,0/0
/spttest/nakwcjbx2lll,2a8c8f80d7ddd6d9,1024,0/0
/spttest/vrma1a8k7ygh,3a06ca4b0f423e31,1024,0/0
/spttest/oivxg1ghkytf,2ccc11aa62ecee43,1024,0/0
/spttest/rh1y58wle9q6,322f1ae28c5e9dbe,1024,0/0
/spttest/d4fagdqpra45,17f8758690069cf5,1024,0/0
/spttest/vhzwqtqummeu,3989d0c7ddd8f0f6,1024,0/0
/spttest/n8lpkq97h6xd,2a72dffb41810851,1024,0/0
/spttest/stnj9r4oq9d4,34a66124cbba49e8,1024,0/0
/spttest/tqsjz80xofh9,3654d645b45d655d,1024,0/0
/spttest/96p2xved3eg0,10c783790233c0e0,1024,0/0
/spttest/x70b2sjbp6f4,3ca24e3711c343c0,1024,0/0
/spttest/aucswg4kw8z9,13ce70b2bf671975,1024,0/0
/spttest/m9ertd3v6z1k,28a9bf2a4ab371e8,1024,0/0
/spttest/tjobd8bupli2,35f861e89694e31a,1024,0/0
/spttest/unedx4e3rr9o,37fc5f0b66ad1dcc,1024,0/0
/spttest/fm2qgwttgkor,1c84f6ef3d3f9dbb,1024,0/0
/spttest/ed7p1j8gur67,1a3e3c8fa536850f,1024,0/0
/spttest/awtmhh49gzi8,13ee7d028ef9a0c0,1024,0/0
/spttest/6fdqwj4vff9o,bbd7c1eeb643a0c,1024,0/0
/spttest/z9cea71ipr07,4067dfdb65f03af7,1024,0/0
/spttest/scb155b05i1b,33c50cd91648868f,1024,0/0
/spttest/sarxa08bp4dq,33b12aad867c6d6e,1024,0/0
/spttest/ubm06u0eerr8,37633fae4f52b204,1024,0/0
/spttest/3coy3j99xmju,61fb72250b94d6a,1024,0/0
/spttest/7ve7ve4m2e3z,e611902056bb9ef,1024,0/0
/spttest/v66n07tsz12d,38f05f4a05739025,1024,0/0
/spttest/l4wjnmb0yc0m,269b9954f9f39d56,1024,0/0
/spttest/1wnxe3pqv8vw,37be79a700c4cbc,1024,0/0
/spttest/hgayngax52vg,1fe139d12e8e86cc,1024,0/0
/spttest/uje1zi6yu9sc,37c84b65e7d7a70c,1024,0/0
/spttest/t5hm3m3stdjy,35401d465a4291de,1024,0/0
/spttest/at9q8f4fz0o2,13c0577e2155dd22,1024,0/0
/spttest/6vxl5cd2wxnm,c9478d39eda0862,1024,0/0
/spttest/wzpwzx9yolyy,3c43a19c33c07b3a,1024,0/0
/spttest/hfq5g3omvc5w,1fd9b7854807b554,1024,0/0
/spttest/6shms384d8c8,c67bf59fd0b3f78,1024,0/0
/spttest/7uh0g65sg7il,e551dcf8040ba0d,1024,0/0
/spttest/dej629qepdsq,187bc04c09f3981a,1024,0/0
/spttest/u15r55uifn68,36db7e02b3293d10,1024,0/0
/spttest/rebvd6lbpvsa,320bb7aa59aa6c2a,1024,0/0
/spttest/nr5pcv9ga7jl,2b63e5683e1c08b1,1024,0/0
/spttest/ltxkpkqgdw6u,27e0b3d2dac21c36,1024,0/0
/spttest/ktua5tldez1y,260be669309559f6,1024,0/0
/spttest/d8qww0pia5qm,18309c2a3f3e918e,1024,0/0
/spttest/5zyoxb9wenze,af536ab9ada44ea,1024,0/0
/spttest/4ihpoo8sy6ld,83ea7c0e75791e1,1024,0/0
/spttest/7nerpxk2o8nd,df961e16db1a3c9,1024,0/0
/spttest/us17rq0kyjgc,383890c2f21c8afc,1024,0/0
/spttest/5o97l4flmfz,49b2c116b373df,1024,0/0
/spttest/yfzgztvjd8ye,3eea8595511dcd96,1024,0/0
/spttest/3krslcp8cztv,688a82af6084c63,1024,0/0
/spttest/of08ikzy9zib,2c99aa843818aa03,1024,0/0
/spttest/ybjzv5q1bkfr,3eb0fb14db3a9537,1024,0/0
/spttest/i529gjit8ljq,2122d1a6fc401416,1024,0/0
/spttest/hc66ivb5xghd,1fab8b260b5e72b1,1024,0/0
/spttest/rhz3t6wxtztg,323b11928cde3b94,1024,0/0
/spttest/gs8096czdfso,1ea86aaa39f4e438,1024,0/0
/spttest/4lkkfszezx8i,866a72adec44d02,1024,0/0
/spttest/68ft1chb1gky,b634d88efabd932,1024,0/0
/spttest/g71afij8f8j0,1d9537ce34e4ecec,1024,0/0
/spttest/3p78b38ogbpa,6c22f0a1b65c73e,1024,0/0
/spttest/5ys9w4xpz3qa,ae5e8a230e61aa2,1024,0/0
/spttest/fs7wx5bdcxlm,1cd4c4de33f8fe1a,1024,0/0
/spttest/5cp0mtw4pvpa,9c6f8201a0fc0be,1024,0/0
/spttest/757m2v2ke89s,d0cfe3569c16d60,1024,0/0
/spttest/q9o0xuk35y8j,2ffb8adc36e00f93,1024,0/0
/spttest/sa35o54gl2vc,33a83b016af5f1c8,1024,0/0
/spttest/pe4kv1wmf5m3,2e61dba734fff02b,1024,0/0
/spttest/oz10s8lpainu,2d9dbc2e64d329fa,1024,0/0
/spttest/d5w3c9z708gb,180b82ca19cd8dcb,1024,0/0
/spttest/ay8r98l7990k,1400f0083fcd30e4,1024,0/0
/spttest/213g9hzyyo5d,3b576935e30ccc1,1024,0/0
/spttest/n12t8d88rhqn,2a112191e0d08a8f,1024,0/0
/spttest/25i7wzf4g5oe,3eebfb53887d0be,1024,0/0
/spttest/fk1gx0kamf2x,1c6a878aefff4fd9,1024,0/0
/spttest/os29uei3jrpf,2d4342ffa709de03,1024,0/0
/spttest/y2xmdp50q7ph,3e40fe539ee3ad85,1024,0/0
/spttest/scpj0delfv3k,33ca47d8e1654830,1024,0/0
/spttest/jaof3bw8wfe9,233f5fbb8d980df1,1024,0/0
/spttest/3ynay0inlb1r,73ce301e266aa2f,1024,0/0
/spttest/dvfyma85j843,19576974f3e114d3,1024,0/0
/spttest/9jg1vo04zc96,116d1dc5e543ecca,1024,0/0
/spttest/swgu5clrwdyl,34caee3efaa47dad,1024,0/0
/spttest/jh6o1mebk9ug,2393e4df26a6f1d8,1024,0/0
/spttest/yhylsz3mepg8,3f043011a0296a58,1024,0/0
/spttest/cm3ai8fujczp,170a529e1d0d4285,1024,0/0
/spttest/58xoknat8rft,9962377b7fb51e9,1024,0/0
/spttest/xrx4e98ql5th,3db1ee5bb8f59ab5,1024,0/0
/spttest/9qsoid6gmodt,11cc990ddb865cf1,1024,0/0
/spttest/u4p5iaspxnbt,370975a27922bd59,1024,0/0
/spttest/3w0821l2hvc9,71a949d3a32fee9,1024,0/0
/spttest/4kchukz0u8k3,856c0521673b2d3,1024,0/0
/spttest/huwxp7a23mu7,209f0112522ef05f,1024,0/0
/spttest/18ns41cl9n3u,2441be53ab0d23a,1024,0/0
/spttest/jcc568u4zi3r,2354ec6089420267,1024,0/0
/spttest/n8bz8nfqp5jh,2a6f5d1896874e4d,1024,0/0
/spttest/fuvc7drk0x29,1cf7331136201761,1024,0/0
/spttest/q08hgh8ennhi,2f810809c0d1d4a6,1024,0/0
/spttest/i91k42u5ucoj,215685a573f418b3,1024,0/0
/spttest/ourfi8atr60b,2d66513ece18fc2b,1024,0/0
/spttest/w7pkqpge37kw,3ad7cef9b2566720,1024,0/0
/spttest/tb2tokptfh3t,3588b6befa648559,1024,0/0
/spttest/vmlypa274ksa,39c5baee28ccd13a,1024,0/0
/spttest/grzfo1lsdvib,1ea552e5ae8700c3,1024,0/0
/spttest/sgiiibu9bdrk,33fbb502aafe2b70,1024,0/0
/spttest/v4a4o7g9dr8k,38d7a73562162424,1024,0/0
/spttest/gqzgcoz43x48,1e985765b27e3a68,1024,0/0
/spttest/jqblryw3iolw,240a943433c09014,1024,0/0
/spttest/oyfz2o1obr6k,2d96240f52cf1a5c,1024,0/0
/spttest/myj023w6158c,29f00134b634c6bc,1024,0/0
/spttest/bhp1oieytf14,14fd9c8c60cb6b58,1024,0/0
/spttest/pu138rmaoksk,2f306d730d7b9144,1024,0/0
/spttest/3t4sfebhymuf,6f542959a260527,1024,0/0
/spttest/mz9dymcdgxrl,29f98673dfc9cbf1,1024,0/0
/spttest/x7tnper8bp9j,3cace54ba7e6c8a7,1024,0/0
/spttest/nvxw2ly9tb21,2ba205f968621e39,1024,0/0
/spttest/jfopz0fc72fm,23806dee9f13f012,1024,0/0
/spttest/vkfb6qpdvc2o,39a959df86019fe0,1024,0/0
/spttest/8uailaz9gd31,1026630670a29b3d,1024,0/0
/spttest/ugsdvdjruo8r,37a67f47459e8d3b,1024,0/0
/spttest/lrf0mucuvj7x,27c0072bdee0610d,1024,0/0
/spttest/1uzdannftfpd,3660df289ac0fc1,1024,0/0
/spttest/v35b4zmgj6oz,38c8ecb38ff900a3,1024,0/0
/spttest/od8elfwwnadb,2c82a28c2384643f,1024,0/0
/spttest/ckswura0hslj,16f996a669994307,1024,0/0
/spttest/97hzgt774581,10d1f13d0770a671,1024,0/0
/spttest/g6dpc0kketxw,1d8cb5347f17f314,1024,0/0
/spttest/jhy6c8vsb68n,239dd1c16e10ec57,1024,0/0
/spttest/5sdtkimh59k,4b300ea0c712e8,1024,0/0
/spttest/gp6sh4bdc2zu,1e810290fd3d532a,1024,0/0
/spttest/ddg30uqflvad,186da62322bb88a5,1024,0/0
/spttest/z8t59cgx17f8,4060edb53456dcd4,1024,0/0
/spttest/fngf7cg2i2db,1c96e470f431de7f,1024,0/0
/spttest/64ypvv5q13r1,b362b6aa58e073d,1024,0/0
/spttest/5w9lbkfpkmwf,ac5307266f205ef,1024,0/0
/spttest/5nmhly9pgo1l,a54f06682b0bab9,1024,0/0
/spttest/735v5vfu3ebe,cf26243eb10153a,1024,0/0
/spttest/2ahzgo2kat9m,42f9c4d6d720eaa,1024,0/0
/spttest/mhg0aiwjxaj8,29121b562f40c694,1024,0/0
/spttest/onuwbn39ia6f,2d0ca4b3a042c907,1024,0/0
/spttest/nahpk6udbv5b,2a8b68fbc869376f,1024,0/0
/spttest/bcyjxagke4vy,14c0186381ecc43e,1024,0/0
/spttest/avml9ndtizq3,13def60d50a6c65b,1024,0/0
/spttest/6ua4h9sgt9n6,c7f045508dea612,1024,0/0
/spttest/xc9rvgx1wkz1,3ce6aae8cd19b72d,1024,0/0
/spttest/j6slkoa4vwcz,230ceccf3d332193,1024,0/0
/spttest/kt07jtlksjxq,26010caa017eebee,1024,0/0
/spttest/u2c7fkfbpn5s,36eacf455745c880,1024,0/0
/spttest/vw7c1uie0tjj,3a42583994510b8f,1024,0/0
/spttest/b5jvmpvi9606,145fe01a98eac4a6,1024,0/0
/spttest/brw3ipdmauic,15820c693c11f2f4,1024,0/0
/spttest/x0h6c498tqie,3c4d77838be33776,1024,0/0
/spttest/de5a7s0otowz,1876bdcc1dd3bb63,1024,0/0
/spttest/zs0vof7a2bl8,415a83f2c2a35d2c,1024,0/0
/spttest/lgpu9a2y879d,27350d09604b60c1,1024,0/0
/spttest/ae9hujn7ewv2,12fd6b2069d170de,1024,0/0
/spttest/qq1qqh0t6ms1,30d051f0930c85d1,1024,0/0
/spttest/8r30a5e9k816,ffcb5b2b6efd6aa,1024,0/0
/spttest/fxx235ib23n7,1d1ec99d584701f3,1024,0/0
/spttest/dhuwxq8x5l3d,18a6f51205dcbb09,1024,0/0
/spttest/e7lfl3n1l43z,19f541e9b038d50f,1024,0/0
/spttest/b889exoh3uq1,1482a6d249a75f49,1024,0/0
/spttest/iux589ssqium,2272b1a22cbcfdee,1024,0/0
/spttest/ue8g521qokwi,37855338bbabddd2,1024,0/0
/spttest/vssvozqv3jdw,3a162954a315dbe4,1024,0/0
/spttest/n76vub2wv1fg,2a6089474aa7b0fc,1024,0/0
/spttest/d3mplxz4xepm,17ee25bad36008ba,1024,0/0
/spttest/s78f27fr48mx,3383292bc71b8bb9,1024,0/0
/spttest/n1au26ivwsmi,2a1406a4021e3fea,1024,0/0
/spttest/1x2r7uqh0vwu,38141496b539a8e,1024,0/0
/spttest/xu6hu72fsqyv,3dcf4aad5b581e87,1024,0/0
/spttest/9rt6lkbgo5m6,11d9c4b91202ce6e,1024,0/0
/spttest/a0oqhyldbsmb,124d11404ba166a3,1024,0/0
/spttest/cg2sktedow8e,16bc3513c139ae2e,1024,0/0
/spttest/d1bd7s3xanmu,17d0135de847c326,1024,0/0
/spttest/43exg815gkl2,77acfb8cb8c1536,1024,0/0
/spttest/x63inmbf1z7j,3c9679820c28037f,1024,0/0
/spttest/erta6abexnmt,1afbe01bcd9defe5,1024,0/0
/spttest/hn9oa1vh28lu,203bafa20ee8b512,1024,0/0
/spttest/y4otbwf5a95t,3e57cb5bb882cde1,1024,0/0
/spttest/a8ywgu4swbu3,12b8a64d517f0feb,1024,0/0
/spttest/rif9skb3qzrr,3240e6d075866697,1024,0/0
/spttest/m5ksq4pwm7ge,2877f6aedfa8b33e,1024,0/0
/spttest/nhpe0rcczswk,2ae91b1e3b956914,1024,0/0
/spttest/5aa67fljlx5r,9a7a262b8b9b21f,1024,0/0
/spttest/3xgflve78osx,72d6b22ee6bbe91,1024,0/0
/spttest/jtqv4mjn2xoe,24370d7decc519fe,1024,0/0
/spttest/lkyqohn7jffd,276c3832da0e07d9,1024,0/0
/spttest/hy100pihkbf4,20c7704431ce3fd0,1024,0/0
/spttest/qiht4eb96hjm,306e33e6dbdd3352,1024,0/0
/spttest/trcnmd782p6u,365c16fbe64dc006,1024,0/0
/spttest/rzw2on489s7p,3323c832e530ff15,1024,0/0
/spttest/7yfa9sriewsp,e88734dff633b89,1024,0/0
/spttest/9swtdmb1bk0w,11e81187fc588720,1024,0/0
/spttest/b47isury2gmk,144e6d82a8f94eac,1024,0/0
/spttest/8nbryzsuyhn4,fcbeaa9fd7e0bd0,1024,0/0
/spttest/u456g59uy8ng,370240ae9f22524c,1024,0/0
/spttest/9xkxcu0m574t,1224b99a6287695d,1024,0/0
/spttest/vfmnw387ascu,396b0ec36034650e,1024,0/0
/spttest/ulpqy7dlhvlv,37e67e039dad3343,1024,0/0
/spttest/eev24wmrnijb,1a53a7e209a7d097,1024,0/0
/spttest/re7siloocve1,320a3ee19ff471e9,1024,0/0
/spttest/pz9leu9c1m7t,2f74714bc638d6b9,1024,0/0
/spttest/5n8l2j0hrz2r,a4fec1fb1d74b53,1024,0/0
/spttest/7gz1wkjuetno,da5c6944e27d7a4,1024,0/0
/spttest/p52bv43uis8p,2dec2484b5672979,1024,0/0
/spttest/lqy825u4ayq,11a7fc6da134282,1024,0/0
/spttest/k9nmkewhqzib,2505b6872b4d4743,1024,0/0
/spttest/ki5pafmlsjec,257426323f860e34,1024,0/0
/spttest/mgh3vurpeds2,290583aa6ccee242,1024,0/0
/spttest/jqstlwlnuypz,2410ca8ee2dd3647,1024,0/0
/spttest/mha0jad6ke91,290ff1c0726fff25,1024,0/0
/spttest/q8vkflpxkzhy,2ff146324c98c5b6,1024,0/0
/spttest/3nkos7sesfzi,6ad0f961b056dee,1024,0/0
/spttest/a0yttk2f8pbu,1250b5751a7b693a,1024,0/0
/spttest/e8ycl625d7h2,1a06e843a0487416,1024,0/0
/spttest/aat5pk79y8z6,12d08e51e35406f2,1024,0/0
/spttest/d6920k34bm1z,1810302cf291f467,1024,0/0
/spttest/b5lr15pjvwfc,14608d0a65903ce8,1024,0/0
/spttest/qiw9e0s0xcmb,30736acbb0922e23,1024,0/0
/spttest/hlap77hrj12l,202213d9d5a49b2d,1024,0/0
/spttest/6eqzx04cjomf,bb546c6e23d5f67,1024,0/0
/spttest/t7pk3vrn34cv,355cf59f2ca4abcf,1024,0/0
/spttest/w2s02zos5217,3a97bcca5e3c458b,1024,0/0
/spttest/8oav9u4rscs1,fd89405cb2ddab1,1024,0/0
/spttest/1cxgl0dxmbtf,27b8f066b273a53,1024,0/0
/spttest/bqa8m22wlsos,156d2c1ef2e08c7c,1024,0/0
/spttest/uii7fxy8qrc6,37bccd9d61fface6,1024,0/0
/spttest/wox8s4wkj57x,3bb7649921d9f52d,1024,0/0
/spttest/if7mmwgvmrex,21a6a5de87d27349,1024,0/0
/spttest/tnbcvznh9wkh,3627aa0d13f06a21,1024,0/0
/spttest/xfqg230zssnf,3d13a69f2677330b,1024,0/0
/spttest/n8qk5pxtohln,2a749fec8ee3a01b,1024,0/0
/spttest/w8cqudbo5jvp,3ae02b19c99967e5,1024,0/0
/spttest/xwi34dm1kygp,3ded73d9342a7479,1024,0/0
/spttest/tpmpmwjlb2c,181efecf6543e44,1024,0/0
/spttest/92kaplsdrmz3,1091d48aa8655a0f,1024,0/0
/spttest/hwklyfcmldmt,20b48908bc9e2e45,1024,0/0
/spttest/9yimlsvpyump,1230e289f3f26491,1024,0/0
/spttest/b8zb5ads53iw,148c69353e707118,1024,0/0
/spttest/aus8n0fkue45,13d4029a167592f5,1024,0/0
/spttest/rgai4ro6utnd,322533db1188c799,1024,0/0
/spttest/f3fbrdaqk2qk,1b92b61a34ae9cdc,1024,0/0
/spttest/np2cwgxstrhl,2b48b5d4b52ef069,1024,0/0
/spttest/sxnwjsnszgd7,34da783dd99c159b,1024,0/0
/spttest/4hz46j84t0mo,837f1f36bb3fc70,1024,0/0
/spttest/j1ju2j0op35b,22c8d102ac7da42f,1024,0/0
/spttest/2zmep6slfp64,575f049a593f22c,1024,0/0
/spttest/rdc4tcfle6u0,31fed2a71599eb18,1024,0/0
/spttest/uh3t7xqavynq,37aa9eb607d98336,1024,0/0
/spttest/327dvg7yvyt2,5977c6a2cbc5ff6,1024,0/0
/spttest/57agw3xpuc4f,980c60830b2a5df,1024,0/0
/spttest/4hnifvdghue2,833c21e5187c81a,1024,0/0
/spttest/39yw4mb2ok6i,5fc55fdf5062a2a,1024,0/0
/spttest/zji4iqlbxqc4,40ebd595b6658294,1024,0/0
/spttest/m58awc1st6c0,28737485afb3c550,1024,0/0
/spttest/w1rlvs5s5ybh,3a8a9b1956d78cfd,1024,0/0
/spttest/gnp4ycjtvplp,1e6da6b2d7e93c5d,1024,0/0
/spttest/6cl0g99zbd22,b99236d1fc86dda,1024,0/0
/spttest/suaj3kl7sohr,34aead2c381a45ff,1024,0/0
/spttest/x1kf71nimyps,3c5ba09b19843740,1024,0/0
/spttest/ogj3adhg9aqp,2cad755b18b6e2a1,1024,0/0
/spttest/jbu5d4pnswi5,234e6e3d4dae8e8d,1024,0/0
/spttest/bel2ybk9w38s,14d53691f3e2816c,1024,0/0
/spttest/2nfolw82yk3j,4d7a40d65623c3f,1024,0/0
/spttest/d19ljvhno3ez,17cf7004c12e324b,1024,0/0
/spttest/byywjjf29imk,15ddfc6971be948c,1024,0/0
/spttest/ar1rtyz44xzk,13a37e22954ad510,1024,0/0
/spttest/oqx7z2s1xpre,2d34731a2f0771aa,1024,0/0
/spttest/gfsg3mg2d3r4,1e06ee595cdcf640,1024,0/0
/spttest/hq245lishr5v,205fed313fe957c3,1024,0/0
/spttest/tph4lx6dp1fs,3643b987b5132888,1024,0/0
/spttest/axq11a7qke2m,13fa2e2062b13a3e,1024,0/0
/spttest/bo4vkgqd9zap,1551424c2805eff1,1024,0/0
/spttest/bv44yjh39o2q,15abead2578f5922,1024,0/0
/spttest/o5u2b0of9c50,2c228910079d34b4,1024,0/0
/spttest/d3o3kq9iejrs,17eea5eeb69f1198,1024,0/0
/spttest/5c36dr63fsuh,9bf16c59d59eac9,1024,0/0
/spttest/y2aegnunldd6,3e389d8ac42055ea,1024,0/0
/spttest/ug8p4qpdbtkq,379f64cdff493b7a,1024,0/0
/spttest/6qg4wfd7lq0b,c4d3a9845fb21eb,1024,0/0
/spttest/5oyd42rk4ybb,a663689f81f86b7,1024,0/0
/spttest/lmj5gvi19nf1,278092c3a597f7cd,1024,0/0
/spttest/cjibjid8dkdg,16e8c7071d21e464,1024,0/0
/spttest/xoo7jukrlg9i,3d87bf5eafa1b096,1024,0/0
/spttest/agxfqc3o5xbg,1320090bdab57bec,1024,0/0
/spttest/xlcrlktpnku1,3d5ca69ea4599639,1024,0/0
/spttest/onise2xw2g0o,2d0846318bdea198,1024,0/0
/spttest/3b3fvykaxa30,60af76b9421ab4c,1024,0/0
/spttest/kx4bw8g6732j,26367e4fd074914b,1024,0/0
/spttest/5webm90kw911,ac6e56441eb99b5,1024,0/0
/spttest/afchnwcgyamo,130b7d03aa3cea50,1024,0/0
/spttest/7notq6xooi81,dfd02b690618e41,1024,0/0
/spttest/c424tqgi6z5r,1620190d9e9d697f,1024,0/0
/spttest/ewu8b21rg40n,1b3d29f80b24f757,1024,0/0
/spttest/72roh3agv4wr,ced43f2ee7e129b,1024,0/0
/spttest/63kjnudqs3vi,b241109bd37509e,1024,0/0
/spttest/vjq9axk3gi4t,39a04fd58b9e02cd,1024,0/0
/spttest/6se74sttux3z,c668219a5df941f,1024,0/0
/spttest/d490sc3td1ot,17f63282a6c832cd,1024,0/0
/spttest/22uk7xvb3jzy,3cc3bed4c771efe,1024,0/0
/spttest/ksui1iuct1sh,25fefd5fc33ed251,1024,0/0
/spttest/ryrdq4cx4zwe,3315196e0e18bfbe,1024,0/0
/spttest/ogi26dvpmpsh,2cad1623343e1111,1024,0/0
/spttest/h0vti57fx57z,1f18ec3c3b2753af,1024,0/0
/spttest/9iz5um6tlvxh,116705b3809e89e5,1024,0/0
/spttest/xp0whwqunlv1,3d8c53cb8e5a946d,1024,0/0
/spttest/mm780soc2ws5,294fe223977ebe75,1024,0/0
/spttest/zmge55lxzlhh,41122d4eec171c85,1024,0/0
/spttest/izoaxe1ld4ot,22b07338da7151fd,1024,0/0
/spttest/iuylw7gax180,227338c29a407e70,1024,0/0
/spttest/185w1h8b0hl7,23da7590b11b40b,1024,0/0
/spttest/mrvf7rt7xc1z,29998fb7dae52647,1024,0/0
/spttest/3oqjnxi35rk,2fe4b84e91e5f0,1024,0/0
/spttest/u530v0gq977q,370e76de0170e6c6,1024,0/0
/spttest/kune3fgq1r0n,2616672ebbbc8907,1024,0/0
/spttest/emsgbae50mhs,1abaa1353ad8eee0,1024,0/0
