/spttest/1ll4pday02df,2ec03701f61e603,1024,0/0
/spttest/ryaxfr866gey,330f29bf2b48ee9a,1024,0/0
/spttest/ffabxdkd4n1y,1c2cc7c523a25ab6,1024,0/0
/spttest/4ogkkxoex3la,88c2dd490cfce6e,1024,0/0
/spttest/9z8uaz3y7qdl,123a57de28387f49,1024,0/0
/spttest/n4pvrg7yi279,2a406c4d1f7379a5,1024,0/0
/spttest/smenyq0cml43,344841133d5ec063,1024,0/0
/spttest/hq8l945ypqfj,2062434559a0680f,1024,0/0
/spttest/wn9wtrcrwn0a,3ba1fc32bb32d77a,1024,0/0
/spttest/hzp3us4tplqf,20dd20339e0c4747,1024,0/0
/spttest/5quopfzdy99s,a7edd5370a02c70,1024,0/0
/spttest/s4fk5qoziwgd,335ec50f333cb7cd,1024,0/0
/spttest/2rezcfwznszm,50b5842ca8e6582,1024,0/0
/spttest/fy4ngyoeipdy,1d21870ede7e9f06,1024,0/0
/spttest/lnisfrkcnjwd,278d6e9632d9907d,1024,0/0
/spttest/fh6peec2pe3r,1c457361002065a7,1024,0/0
/spttest/spgj21b2dj3e,346fe4fd35007fea,1024,0/0
/spttest/chcdieydc5ip,16cca75bc0fffbf1,1024,0/0
/spttest/csgk7yuu5ulw,175d0bdf0eac2034,1024,0/0
/spttest/lckl79dm1mlx,26ff32eeb7ffa2b5,1024,0/0
/spttest/9pspye2cyg8g,11bf9f815a91bab0,1024,0/0
/spttest/tq0zb4kaghai,364ae34bf26cd58a,1024,0/0
/spttest/3x162rxvbdlm,727e928e56eec9a,1024,0/0
/spttest/cwhjq88iokbt,17915c008d75eee9,1024,0/0
/spttest/upykwce8tac,18f0ba254f1c444,1024,0/0
/spttest/8zyycqe1drc2,10702696970504a2,1024,0/0
/spttest/ms4e4am7qnpj,299ccc37fe5e1987,1024,0/0
/spttest/cu0uf2ushty4,17715aa855fb65dc,1024,0/0
/spttest/83jstnlpakzf,ecb06a91f8765bb,1024,0/0
/spttest/jijcjgddkfgj,23a57565a93dcc43,1024,0/0
/spttest/jpsapno30uuc,24039cd1a4758f24,1024,0/0
/spttest/x0xkr6adckgo,3c5362665a43a798,1024,0/0
/spttest/uas0x0mdibga,37586e7ff15a8f7a,1024,0/0
/spttest/qtpu284xfbqn,30fffb1530ea3a2f,1024,0/0
/spttest/f2at63qc87hk,1b8417ac4305bbe8,1024,0/0
/spttest/tkoebguwpq5x,360566bcaa5168b5,1024,0/0
/spttest/42cxqem5djft,76d1a74530a40a9,1024,0/0
/spttest/zkead8dcutbw,40f7705eefe78ffc,1024,0/0
/spttest/m4wjtzoqeriq,286f37074183acd2,1024,0/0
/spttest/3jxhvncpwk5j,67db9a176d0c707,1024,0/0
/spttest/ct3k4yz53ecw,1765582097d01c70,1024,0/0
/spttest/jqjp95xedx84,240d8012a0506b74,1024,0/0
/spttest/13cepg67bwp3,1ff0f2a8aaef947,1024,0/0
/spttest/8q94jqbve1yv,ff1ed98cb97ec77,1024,0/0
/spttest/qlwqpmiycfa6,309a8f02e059625e,1024,0/0
/spttest/cjs31quay3s1,16ec4ceaf660a9a1,1024,0/0
/spttest/qm9vndnqwu23,309f4c779b45062b,1024,0/0
/spttest/jc1w0zk49mz9,2351393a56656095,1024,0/0
/spttest/eocoh8jw57di,1aceeac79f34c096,1024,0/0
/spttest/3viadxef1sn3,7141bf6dfa2fe3f,1024,0/0
/spttest/hm1au18fwr7x,202baceefd8570cd,1024,0/0
/spttest/24kg44mhtffb,3e290391f27fc57,1024,0/0
/spttest/2ms19eu97ncm,4cf1bae165f72f6,1024,0/0
/spttest/i1frgfwvywb9,20f3bb96e924c715,1024,0/0
/spttest/hjt1i9z0nl7i,200eb78b4c52471e,1024,0/0
/spttest/u108r8xdmbl3,36d980fe564d7527,1024,0/0
/spttest/pqpmpklp6ks4,2f0553353cd05bb4,1024,0/0
/spttest/v5s2p4kdw37e,38eb1e0711ab553a,1024,0/0
/spttest/3by3fxtxi90j,61606e78f812323,1024,0/0
/spttest/obxbfvvshsv1,2c71a5258adbd45d,1024,0/0
/spttest/onaa1td5vz88,2d05343073564d18,1024,0/0
/spttest/g0s4bmyo5gs3,1d43f947a7e0e433,1024,0/0
/spttest/rtxv88y8gfgr,32d67e441a60024b,1024,0/0
/spttest/f6t808j5vkjb,1bbeb16596454ab7,1024,0/0
/spttest/ggj0d9tx5x4s,1e1083ed43835bfc,1024,0/0
/spttest/3b05qnyahpim,609c847c1089d6e,1024,0/0
/spttest/canc65zvy91o,1675af2c56301d4c,1024,0/0
/spttest/sg2qpu129ukn,33f6042e02cf0907,1024,0/0
/spttest/i14tcv0474b2,20efc86a4976858e,1024,0/0
/spttest/4hxqo5gn1nav,83772ead2d83337,1024,0/0
/spttest/21vv6f41vdey,3bfb72757ccf6aa,1024,0/0
/spttest/nd1ely9cd7du,2aac7ec3858a16a2,1024,0/0
/spttest/k278365nebk6,24a4deb06895fd06,1024,0/0
/spttest/o7tb8xgocjtf,2c3c3e26a6fc5753,1024,0/0
/spttest/ls9ab9urjksp,27caf30d49f37309,1024,0/0
/spttest/hpzucvlxeq5x,205f1b5121efa0f5,1024,0/0
/spttest/gnp1ikwg3nzh,1e6d9de09fb3ec2d,1024,0/0
/spttest/9yyqqmkb6ua7,1236b309a9f379cf,1024,0/0
/spttest/t1javfg215f,1793e5698438e53,1024,0/0
/spttest/pvs92mmxomp3,2f47379b1d3a41e7,1024,0/0
/spttest/ge81ez4sgxh6,1df2940cc1cbe97a,1024,0/0
/spttest/v0dxe3g3nu4i,38a510f93361cb42,1024,0/0
/spttest/dol63rz30z9w,18fe5db54c6d7194,1024,0/0
/spttest/55frnbi7xgx3,968b4f4f85f32e7,1024,0/0
/spttest/cu7bx5tuso17,1773b1c62da26aab,1024,0/0
/spttest/34r8glf2f2bt,5b8a067c4b1e789,1024,0/0
/spttest/i1yon6t4f7a6,20fa8f5e9fd80a9e,1024,0/0
/spttest/nmo8gj62t0zq,2b29a2c35181f446,1024,0/0
/spttest/undl0zpxlop1,37fc14e9a1af6545,1024,0/0
/spttest/3fyo96mkfos5,64a3154d9307735,1024,0/0
/spttest/gk5jjymxr16q,1e3f9d066550f7c2,1024,0/0
/spttest/8r71bly4o3e9,ffe29d745278331,1024,0/0
/spttest/j0l19yedclad,22bc429c9ef07bc5,1024,0/0
/spttest/innbdz6vr2nb,221438f48e2d0d27,1024,0/0
/spttest/49akxeokz4rb,7c72da8aabe16d7,1024,0/0
/spttest/63pgyvvs9483,b25d7f8077965a3,1024,0/0
/spttest/gksuunv00mva,1e48067b18be3fc6,1024,0/0
/spttest/x2d21pitjj8f,3c65f58ca0117d1f,1024,0/0
/spttest/9egswu4qkndn,112c70d955bb7d5b,1024,0/0
/spttest/yj65u8nk8ml2,3f13e74f24bc7456,1024,0/0
/spttest/2leyg73l4h8y,4bd666c2074c152,1024,0/0
/spttest/auputtq8blab,13d3266e18de0083,1024,0/0
/spttest/dnb8izw8b5ho,18edcafc412d288c,1024,0/0
/spttest/qy9p4e8dj313,313b1accdc58c317,1024,0/0
/spttest/g27bunwvppfn,1d567360769e3c03,1024,0/0
/spttest/9fo3gjycy19i,113c0fbf1c3abee6,1024,0/0
/spttest/ryw9od55phv9,3316dce200ca4fb5,1024,0/0
/spttest/j72nror5l10n,23108e1f9487a967,1024,0/0
/spttest/dea6lmymx8g0,1878825cfa89e700,1024,0/0
/spttest/o05nrw8jfess,2bd8c8a83ea4cbac,1024,0/0
/spttest/oj9y8k3br14m,2cd120da7cf25576,1024,0/0
/spttest/6yau0rr7efhg,cb33ae4b7d9a8e4,1024,0/0
/spttest/95he60b1utdq,10b7c012d38c1d3e,1024,0/0
/spttest/fhxlvs8cpekw,1c4f284c25b34210,1024,0/0
/spttest/47jdlnl1og44,7b05fa954a92c94,1024,0/0
/spttest/wypymfrbn45o,3c36a886170b1bcc,1024,0/0
/spttest/k512fngd7c6j,24c99dbea022d66b,1024,0/0
/spttest/gpqg3ghdaqaa,1e881a2b076d7492,1024,0/0
/spttest/f1ig0xva7v89,1b79dba391c8cfd9,1024,0/0
/spttest/ek5our9osb7i,1a98702384a933be,1024,0/0
/spttest/cs9mzznvtsj2,175a8c6c223060ae,1024,0/0
/spttest/8jfgvln1yp6q,f994aa504092102,1024,0/0
/spttest/6urhit2hx8mm,c85480e92c2f2ee,1024,0/0
/spttest/lterni9152l8,27d9eaa3dbd6e15c,1024,0/0
/spttest/49gyj7zr9qoz,7c97ac73b098663,1024,0/0
/spttest/u7uonr1kvlqa,37326c626e1027c2,1024,0/0
/spttest/8zto7wxemsdv,106e3ebeeab7eb33,1024,0/0
/spttest/xvd7sfa57cl,1b7f6cc48c61a75,1024,0/0
/spttest/e9huwsecu5tg,1a0df245ea7dbcf4,1024,0/0
/spttest/un5svncjvboq,37f9461cb3111fea,1024,0/0
/spttest/6d5d70f4p16r,ba07b7cc1ecb243,1024,0/0
/spttest/pf97zeii2fca,2e7085b4b8bf342a,1024,0/0
/spttest/cdt25eg07dk0,169eb770c0dfa060,1024,0/0
/spttest/lr4afkz5kdq6,27bc2842d5b0137e,1024,0/0
/spttest/ptk20ybs4r8w,2f2a48110e382af0,1024,0/0
/spttest/19b1z9w90uz2,24c81aef3f315ce,1024,0/0
/spttest/73tgtnfnigxz,cfae64f9fd5e947,1024,0/0
/spttest/m91s85uaf4xj,28a50f6ec82798b7,1024,0/0
/spttest/ntewaffows58,2b8131057e167a7c,1024,0/0
/spttest/2gdwxf9er6i3,47c13dddf361bab,1024,0/0
/spttest/w1cqulzzbat4,3a853e521fbf4a78,1024,0/0
/spttest/1tpzhft1xn41,355adf05b215841,1024,0/0
/spttest/lbf2g22ima56,26f037b62d0296da,1024,0/0
/spttest/oei046hxg9mi,2c931655d7f999ba,1024,0/0
/spttest/vhqf4ab49o22,3986643de349120a,1024,0/0
/spttest/f8tfwiweuvjt,1bd8c02c082b6939,1024,0/0
/spttest/2bbz75x8n5hb,43a6eac1f3ab77f,1024,0/0
/spttest/thpq53qkpwow,35dee9abbbca1dc0,1024,0/0
/spttest/5kttrpaayuq5,a309e683e2dd20d,1024,0/0
/spttest/5gp6jpgag3y1,9fafc530d2751f9,1024,0/0
/spttest/27zs1dbfyy2a,40f101c19c86bf2,1024,0/0
/spttest/xp1od97g7xzk,3d8c9b4e2fe703d0,1024,0/0
/spttest/98ihpgi4c19x,10df1d4ba98cdd75,1024,0/0
/spttest/j6he6wf2rp5r,2308e1d11180161f,1024,0/0
/spttest/rrg1xvdxh3m3,32b6165859ee718b,1024,0/0
/spttest/hw10794zdnjd,20ad76382b249b69,1024,0/0
/spttest/i3z1m1osu2o4,2114ab282917f504,1024,0/0
/spttest/2r8phd3nidi6,50914be904987de,1024,0/0
/spttest/zcu3hz2oetlt,40953a961b035d61,1024,0/0
/spttest/u7yxql9vkwri,3733f526e3f0f5de,1024,0/0
/spttest/9e0sqzcw1o7r,1126aa8a3062b0d7,1024,0/0
/spttest/2jtj8gz7qsb0,4a8ae652964e4cc,1024,0/0
/spttest/3vgs3gaaj7ab,71390aa56b01da3,1024,0/0
/spttest/fcv1f5j4z10f,1c0d48c6bdd7afdf,1024,0/0
/spttest/47slwxnnrle1,7b3b44e4b63e809,1024,0/0
/spttest/ujrkpg638zrq,37cd2c37e9286216,1024,0/0
/spttest/lxz6yjblrhtr,28153e4e024783ff,1024,0/0
/spttest/1wtf0fn4m7o8,37de2a787b00058,1024,0/0
/spttest/pxevn5rlxp1o,2f5c5edfe25b8e0c,1024,0/0
/spttest/zscg7srhh6mv,415eb0b21648b8d7,1024,0/0
/spttest/l9uqb9a0ams3,26dbe3f562f849d3,1024,0/0
/spttest/i1f97lv5ri44,20f38cc69502a574,1024,0/0
/spttest/vv3akgyodll2,3a33e5b0e4ee8e86,1024,0/0
/spttest/75z0q3xntr1m,d16e1ba9e1d792a,1024,0/0
/spttest/hlnzuppcaal4,2026dff8a1b7f418,1024,0/0
/spttest/o5d9jx07fgzc,2c1c7965ac4b3ab8,1024,0/0
/spttest/5lbcaatt7jg8,a36f02d4ebe4f38,1024,0/0
/spttest/58o0h2hrlzzw,992a651d368e87c,1024,0/0
/spttest/3r5ef41oadob,6db807f72bd1fbb,1024,0/0
/spttest/jm7q97vwn0lc,23d5393253be0ec0,1024,0/0
/spttest/elh16hm1txby,1aa985125ad396fe,1024,0/0
/spttest/u07kvl0800tu,36cf2969b2f31c32,1024,0/0
/spttest/e4ps23kf2q71,19cfdb9dd3f0e01d,1024,0/0
/spttest/rtfwave9glfn,32d00263f304e183,1024,0/0
/spttest/myyh0yixuew4,29f59644175c0fe4,1024,0/0
/spttest/p5nicismjt7g,2df3c8e30b64009c,1024,0/0
/spttest/makq4xf9yrkg,28b8e252f3b31510,1024,0/0
/spttest/5h1bv9plkgo4,9ff5e6577231a64,1024,0/0
/spttest/5wx9bg67ujue,acdba7ca213bef6,1024,0/0
/spttest/96m6zbypm0sn,10c678bc33f09e87,1024,0/0
/spttest/r3fyleim2smq,317e4f98fb717b72,1024,0/0
/spttest/f2yuzraevv24,1b8cc530a55754fc,1024,0/0
/spttest/it7iumb1jzw7,225c75c01a21c977,1024,0/0
/spttest/yuw7abkzb0so,3fac2e6b5f28dbc8,1024,0/0
/spttest/i7nncq5gz7zu,2144838c408df73a,1024,0/0
/spttest/sa7o3hqt2dm9,33a9dbc1b69c6671,1024,0/0
/spttest/edmi510p1mt8,1a43945f8f9232bc,1024,0/0
/spttest/qyixfa3n8nwk,313e6f6aa028ee04,1024,0/0
/spttest/7fby7w4fd2x4,d90736592c80f08,1024,0/0
/spttest/eo6tbog1n4kq,1acccd00c97f97ea,1024,0/0
/spttest/cw25fs2pcq9g,178bcdd0153790f4,1024,0/0
/spttest/s4coyv439500,335dbc4b1d6d6490,1024,0/0
/spttest/e5vwxz1s9zl8,19df0f9e1a80cc6c,1024,0/0
/spttest/5iwby5rwcnks,a178b464d773e5c,1024,0/0
/spttest/7dmssefs0bxk,d7a63003f635468,1024,0/0
/spttest/1yuxpq6cthkb,3986985dbfd422b,1024,0/0
/spttest/k61uti8m51x8,24d6e3d4afcaeefc,1024,0/0
/spttest/22ro8ydqf8ub,3cb31285b55a883,1024,0/0
/spttest/4xo0w2zxlib4,903c590d0379cf0,1024,0/0
/spttest/l4nt4oafh1q,11274f4176b2e0e,1024,0/0
/spttest/5rechjy6w7rw,a85f556cc1eed5c,1024,0/0
/spttest/dhjb4bk6y8bn,18a2c50ad43ca4a3,1024,0/0
/spttest/l2i4rw6yr9ps,267c6b7b215963f0,1024,0/0
/spttest/lkb7mwpc9zfq,2763baddce232ba6,1024,0/0
/spttest/6zb2ke905xgf,cc04e133c01dc9f,1024,0/0
/spttest/k6dqam22wcfu,24db2ca3d56770fa,1024,0/0
/spttest/1xbe0ek09u0t,3845eb6fff8b03d,1024,0/0
/spttest/xlbe3bjmbaef,3d5c279851307b67,1024,0/0
/spttest/nnmrsn28ppmt,2b3618e565b10e05,1024,0/0
/spttest/6szddbe3jtal,c6e25d5bcc7e60d,1024,0/0
/spttest/qi8b3ajwzzwf,306ac65324644c7f,1024,0/0
/spttest/k43nvpqhn8pk,24bd90402f8e34d8,1024,0/0
/spttest/drur4gpkv90k,1928cab9179dd764,1024,0/0
/spttest/djwjl6zsexlk,18c186125f754998,1024,0/0
/spttest/8j1fj7fty96k,f943a0a3fea6bfc,1024,0/0
/spttest/eefwkhovgre4,1a4e30134c4eddac,1024,0/0
/spttest/jn6fb5fy20cb,23e1bdffc8977c3b,1024,0/0
/spttest/sl44v4vm55q1,3437772164bb5e39,1024,0/0
/spttest/pdj3ehb958eo,2e5a1b1edfe5fed0,1024,0/0
/spttest/f85wa7mj8e2x,1bd0415cba32f449,1024,0/0
/spttest/m8iywr1ml0gs,289e459555f61f9c,1024,0/0
/spttest/vgvp0vxgwwba,397b4e3de6388f96,1024,0/0
/spttest/a9gsyha4v1j7,12bf1becb9279583,1024,0/0
/spttest/qugt7rf7wrqw,3109b6daa511c778,1024,0/0
/spttest/7js4cqlfuiec,dca3e0e41fc3ba4,1024,0/0
/spttest/htx44a7poj34,20921448d0744ba0,1024,0/0
/spttest/6n4ljl4s4ybp,c22191be33bc2c5,1024,0/0
/spttest/kemx67nitp47,254667a7a68f2267,1024,0/0
/spttest/t8f3v0ppk1i9,35662d830a31c1a1,1024,0/0
/spttest/napens5aa0cq,2a8e2ff63a5c1e4a,1024,0/0
/spttest/ou6gini7s3uk,2d5ec01bae39e17c,1024,0/0
/spttest/s4vk16d42pyg,33648aa03c4b67e8,1024,0/0
/spttest/9hgcow4aym4h,11533f0017d77e81,1024,0/0
/spttest/e1we48byphge,19ab46a7af2e129e,1024,0/0
/spttest/diwoffi0eo5u,18b4953bb119a9d2,1024,0/0
/spttest/16h4ca93xeeb,227ba2e75be0e23,1024,0/0
/spttest/f5v4wpypgjyc,1bb264edbbf6da04,1024,0/0
/spttest/vgrl8xelki9q,3979d3142b11d67e,1024,0/0
/spttest/f7k0ke5sqqs5,1bc85c3feab5ba15,1024,0/0
/spttest/g84xh1vtlgck,1da3854a21a2af04,1024,0/0
/spttest/sek57slic6ti,33e251209f73f386,1024,0/0
/spttest/lfq60tfyxarh,27282df7589182bd,1024,0/0
/spttest/2y6y6duf1qqx,5635f1d53a434a9,1024,0/0
/spttest/zx8nxoy6765p,419e454ff57f68ed,1024,0/0
/spttest/392tli5jh34l,5f0c3b6dc97b115,1024,0/0
/spttest/ogffqmuikqp5,2cac23d4c7e42e29,1024,0/0
/spttest/t9vqb4p7iygj,35792a418829e9f3,1024,0/0
/spttest/b70zw8kvl350,14730a8ff711d224,1024,0/0
/spttest/lvfbje5bp38l,27f4182d0f399ba5,1024,0/0
/spttest/g1yuia1tx5oy,1d5363ee09269c12,1024,0/0
/spttest/3uqfku00dcfa,70a0ef982e16026,1024,0/0
/spttest/6tq0lhnndthm,c77c3013d1f598a,1024,0/0
/spttest/1dszqjzvxtzi,286ef95eefab10e,1024,0/0
/spttest/e5r9tondw5oc,19dd62d36e448dbc,1024,0/0
/spttest/bfzn80a0n8k9,14e774fd027ff319,1024,0/0
/spttest/u3clxbut5704,36f7f1b6e99b17b4,1024,0/0
/spttest/ylomi40suuw9,3f348b34734653e9,1024,0/0
/spttest/xwboem0mr56y,3deb23e1afbe090a,1024,0/0
/spttest/eh5p9r9zsdpq,1a7179700998eb6e,1024,0/0
/spttest/r7hgx333ssur,31b2d0026eb8c013,1024,0/0
/spttest/8zwm7u1tqr6a,106f4eb696528d12,1024,0/0
/spttest/p7s80nar64mo,2e0f76bcc4952ff0,1024,0/0
/spttest/lhlecazhigps,27406ffbc298e220,1024,0/0
/spttest/h20bdkcw7u4j,1f2788d29edae443,1024,0/0
/spttest/97z1honjt18y,10d818b13e691a92,1024,0/0
/spttest/e7y4cyijsad8,19f9d5e56361be7c,1024,0/0
/spttest/8q8xb68k97mi,ff1db06c30462da,1024,0/0
/spttest/mg37ibw1u04u,29007fcf3f0cad2e,1024,0/0
/spttest/i9w10ftgc9jf,2161840d722a4f4b,1024,0/0
/spttest/htfx5bnd04px,208be0234f4bf0e5,1024,0/0
/spttest/9vj0fc896yst,120a0e3aa4973ead,1024,0/0
/spttest/xoky6n1p0n1m,3d86923b4cadc1aa,1024,0/0
/spttest/o0r1roqbxo1y,2be0804be24dcb06,1024,0/0
/spttest/66z8ybnht9dk,b5056daeb3b71b8,1024,0/0
/spttest/l5xzhl6613to,26a91b945fbff79c,1024,0/0
/spttest/pswmzt4sq3ki,2f21d5075a685092,1024,0/0
/spttest/c2iw8eglm2gx,160c2ac0cd010b01,1024,0/0
/spttest/86gc1vlhx2lv,ef0be4b3427e073,1024,0/0
/spttest/r642658rtxnn,31a0fc1fe3c13aa3,1024,0/0
/spttest/zlux8zqgm4y3,410a6e3af618aa8b,1024,0/0
/spttest/ft777qe1o6ya,1ce1802b336e3232,1024,0/0
/spttest/wzsuef8ba9a9,3c44b00d070dc881,1024,0/0
/spttest/fj4pct3rjhh5,1c5eb50ae67a9639,1024,0/0
/spttest/nr5bzzwfohn6,2b63c32278574e52,1024,0/0
/spttest/77abbx4po2t,5d8dd71a205e25,1024,0/0
/spttest/9hdt4jmce8la,1152541054aff6fe,1024,0/0
/spttest/ctdqjn9dp34d,1769044015b5fd0d,1024,0/0
/spttest/uz9obkvirvuz,38968af8ed21080b,1024,0/0
/spttest/h3eu3oukhrdc,1f39c347ebb6b0d0,1024,0/0
/spttest/lxgi9bpbsm7m,280e804cf7703e72,1024,0/0
/spttest/6bvh3evu9ow2,b8fec8e0bac4042,1024,0/0
/spttest/yasfp9c4gc3m,3ea709671afca542,1024,0/0
/spttest/tkctp7j7kh24,360139c8bfb6d65c,1024,0/0
/spttest/u07tvux9o6a,185c1cad76b0ba2,1024,0/0
/spttest/ann2t8mwb7o8,137739034359f398,1024,0/0
/spttest/4ylvve6s6u9l,90ffd3537c1f2b9,1024,0/0
/spttest/1lgs7wn8b8kv,2ea71ee559b842f,1024,0/0
/spttest/rtoepagmq8n8,32d3148c5199a444,1024,0/0
/spttest/llg82hc1an3x,2772871304a5747d,1024,0/0
/spttest/9v7hzrbxy31g,1205e6e2431180e4,1024,0/0
/spttest/n0l2kb3zpc9i,2a0abae2752ba956,1024,0/0
/spttest/nbah3pfxon1a,2a95c9f623db379e,1024,0/0
/spttest/8i4x2otcp9n0,f887ee51a811d0c,1024,0/0
/spttest/gn4lgouzzjvw,1e663d5348dc0a6c,1024,0/0
/spttest/6102uzbl1gdm,b02b40cd1fcfa2a,1024,0/0
/spttest/j71o4jj55fiw,231032abdb115ed8,1024,0/0
/spttest/98gd0b41yjig,10de5880e31f7848,1024,0/0
/spttest/71v7veuk7k39,ce18d914a74cd75,1024,0/0
/spttest/k2ujutv7q607,24ad495a845b33e7,1024,0/0
/spttest/er7umtvpfnen,1af4248085ce093f,1024,0/0
/spttest/91eqz5c5nck4,1082d6cee2d08454,1024,0/0
/spttest/8oq7xvlpg2n4,fde1e0c92f3ce60,1024,0/0
/spttest/dzea33u4cc11,198ac32b7d5873e5,1024,0/0
/spttest/jupngp7yfcj6,24439ab6f4345b32,1024,0/0
/spttest/6bez85sw0lxr,b89f8d136d6cf0f,1024,0/0
/spttest/na911jj1yyku,2a884721349e208e,1024,0/0
/spttest/8ryktknb1a7s,100819d04ca610f8,1024,0/0
/spttest/sjnncvjbvz7q,3424870fe67bcb06,1024,0/0
/spttest/67yd5jobjijy,b5d028585319fae,1024,0/0
/spttest/thvq8ynolapk,35e11427c2f31d78,1024,0/0
/spttest/entomtb1yamg,1ac8102e3cb16748,1024,0/0
/spttest/caiox0fc1keu,16740208e22a8596,1024,0/0
/spttest/g93eeqhs19zk,1daff543582c88d0,1024,0/0
/spttest/ikke1784jp9p,21ec32ddfa7f5aad,1024,0/0
/spttest/humq02tnwx1h,209b51a356399a45,1024,0/0
/spttest/ebez9gbag7vr,1a26e2d8fb7d21e7,1024,0/0
/spttest/6d05y87790oq,b9e9b0f41064eba,1024,0/0
/spttest/98iufuomy214,10df3df7531b14c8,1024,0/0
/spttest/ruwg3b5eq13y,32e2f850d47efa1e,1024,0/0
/spttest/3oxxfh9id61t,6bed3d0844145e1,1024,0/0
/spttest/4cl8yw6z0c5e,7f1fecbd6439882,1024,0/0
/spttest/toln3tzkj0ud,36385d3500fd1b05,1024,0/0
/spttest/kbsjmijsivvd,25217755c850d9d9,1024,0/0
/spttest/cg15su7n2dfi,16bb9e4485a5837e,1024,0/0
/spttest/tmp6iye67hbk,361fa9a042beb170,1024,0/0
/spttest/x6byqt9m7va8,3c9985bbebae8420,1024,0/0
/spttest/tdsis3qv8yrh,35abf6dc93f3b8fd,1024,0/0
/spttest/jdtab1n8icta,23681910a338a55e,1024,0/0
/spttest/7glu7vxdwfhk,da1021288dc1768,1024,0/0
/spttest/7a3b1dahu87a,d4c62b070fcae06,1024,0/0
/spttest/937t80miq4qm,109a5081f1e5047e,1024,0/0
/spttest/8a83gd4pv54o,f21ba50b11c44b8,1024,0/0
/spttest/5yjbssx1sw2i,ae2ae369d29165a,1024,0/0
/spttest/c7ledz2z1inn,164e045ac511cfb3,1024,0/0
/spttest/5vgcogp57qtr,abaa3984ce2ac8f,1024,0/0
/spttest/g5cde0vdgtt6,1d7f3cef0e8783ea,1024,0/0
/spttest/2lj4tib8ysd1,4bee83d20a73815,1024,0/0
/spttest/l18up2q4snd1,266c150d246ff145,1024,0/0
/spttest/swojaxl2cnbb,34cdb55dc06e4707,1024,0/0
/spttest/rrdkqjz8xoq6,32b5317804221f6e,1024,0/0
/spttest/v8pccwa79t47,3911197ab0e1caa7,1024,0/0
/spttest/qj17vqojcf7j,307534c4a95b8aff,1024,0/0
/spttest/labdc2hjo2hl,26e1e4ebd9df1999,1024,0/0
/spttest/17nyp08lw1rs,2372f87254865f8,1024,0/0
/spttest/hk7vk0ypeclj,201411cc3accb847,1024,0/0
/spttest/77jw1zfsshy9,d2b66bc79eaf1e1,1024,0/0
/spttest/psqys2yigaj1,2f1fc90ed679d34d,1024,0/0
/spttest/xprxwvztylis,3d96155efe0c3a74,1024,0/0
/spttest/g3r6lb09mmkl,1d6a9a80a1e9b4c5,1024,0/0
/spttest/sw1z6m96iwwt,34c591a444bee11d,1024,0/0
/spttest/jit8e8osvsal,23a90671e07f9cfd,1024,0/0
/spttest/q21c72wz8ybk,2f986e79a33dc2c0,1024,0/0
/spttest/3okn4lpme5ya,6ba089826643fa2,1024,0/0
/spttest/bt887mu9vma0,15936a206a538388,1024,0/0
/spttest/2iy7xrc1jtgy,49d61fe16635cf2,1024,0/0
/spttest/5yq96ujnjwqm,ae52e183ec02f7e,1024,0/0
/spttest/41orqcfv6vox,7646237b20140f1,1024,0/0
/spttest/6vmby1q3u629,c906929f8ad9531,1024,0/0
/spttest/c2gzqwn3pp4d,160b7b086afb6a6d,1024,0/0
/spttest/cjwixzq40zgy,16ede72d04234f92,1024,0/0
/spttest/5fvr16q966c4,9f05dd6b25f5694,1024,0/0
/spttest/xdhg95138k2l,3cf66d4c01fd2e9d,1024,0/0
/spttest/xwfhgnmlq4ow,3dec838a30325740,1024,0/0
/spttest/uvffa4lggofa,3864a8f5975b23a6,1024,0/0
/spttest/juv25aktxvf9,24458e3acb600a55,1024,0/0
/spttest/us82d6jkbgco,383b097953288788,1024,0/0
/spttest/oqd91pogaxn2,2d2d3e7db86508ce,1024,0/0
/spttest/sw5luoifllq3,34c6e0e89d6d583b,1024,0/0
/spttest/5bvey28a73h9,9bc49ccb2b7175d,1024,0/0
/spttest/sj1of0m0dk7h,341c99addcc57f8d,1024,0/0
/spttest/f8orwn8k7drx,1bd71120f848657d,1024,0/0
/spttest/x8jzheipsydk,3cb66516aef8fe08,1024,0/0
/spttest/ro77lt2v60jc,328bedcbae371f38,1024,0/0
/spttest/tvt4rnj177bt,3695fde5de7c1dd9,1024,0/0
/spttest/kz8cp3k2qluc,2651ec5afba87314,1024,0/0
/spttest/nod7tofphbno,2b3fa398d08e6a44,1024,0/0
/spttest/mc4oznyf7005,28cd1401358462c5,1024,0/0
/spttest/wxcuat99gpum,3c24ef636313a3de,1024,0/0
/spttest/kj6gdjh56782,258168f35c58e312,1024,0/0
/spttest/v6um8p7jxba9,38f9062a6fc1b661,1024,0/0
/spttest/lc9anv664rr6,26fb1fd77925b382,1024,0/0
/spttest/g2ads7oh5kwe,1d578d703c947a0e,1024,0/0
/spttest/um51qvov2ihr,37ec033d4626191f,1024,0/0
/spttest/7dhla7sepf4r,d7881e73893c6db,1024,0/0
/spttest/g0ozuvlrpse7,1d42d8b7afe73aff,1024,0/0
/spttest/a06twqt7e2n4,12469b5fb2269fe0,1024,0/0
/spttest/m48utjbcoizs,2866aa61b9c37e28,1024,0/0
/spttest/i7z8wtfouxvd,2148b2e974dd8af9,1024,0/0
/spttest/9ll3obixxqfe,1188eabc5497fd0a,1024,0/0
/spttest/2b8f9l7hn9ji,439266cbb9a4d0e,1024,0/0
/spttest/sa0y6b8ujxf3,33a76f09ac915def,1024,0/0
/spttest/2bz7pp92e29x,442d0fd46ecd905,1024,0/0
/spttest/dnpradx4ntmv,18f30846e8d7edc7,1024,0/0
/spttest/aapgpd2hgkuo,12cf390e7110d690,1024,0/0
/spttest/kvukwiqmntb6,2625fc7c2c6c9222,1024,0/0
/spttest/34tqgemd4kjj,5b9874fff9f65ff,1024,0/0
/spttest/1oepne1y2u36,310aa5ef27faad2,1024,0/0
/spttest/lywgd47b4ijf,28213e96828d1ddb,1024,0/0
/spttest/b1234khtqfvx,14257fae6c8033ed,1024,0/0
/spttest/wrzpv1sw4auh,3bdf40ee4cbeefe9,1024,0/0
/spttest/bul188wqyco,99ead723303068,1024,0/0
/spttest/1aeif99srnse,25abe3c8d78612e,1024,0/0
/spttest/k4l60md9buk8,24c3e10b6eeecc78,1024,0/0
/spttest/g6ba1yz0qkea,1d8bd54413ebb5c2,1024,0/0
/spttest/egsu1my4u8os,1a6cd4e6925d737c,1024,0/0
/spttest/a7qd12h8gwu3,12a89439c25f563b,1024,0/0
/spttest/s4qwmsx6v9yn,3362dd1d90a66e2f,1024,0/0
/spttest/hq6ms1ezqldn,20618e72ec64f9bb,1024,0/0
/spttest/ub8ezbf0fun7,375e5879ff9154e3,1024,0/0
/spttest/zvagk2ymrs1z,4184f09ad4d484c7,1024,0/0
/spttest/7nmi4bgrjn9i,dfc2c31aaf4e786,1024,0/0
/spttest/xncwlirlb5k6,3d76adf53f9bd1e6,1024,0/0
/spttest/zpmbw1rh6gmx,413b4981dec1a6b9,1024,0/0
/spttest/h4gpry6n5can,1f476e2c9adafc7f,1024,0/0
/spttest/tgz07b0jg3b5,35d5458b0767d7c1,1024,0/0
/spttest/7firjb8c63hr,d92e8d3efd4732f,1024,0/0
/spttest/j2ye5apgnu3l,22db0eef84c8ec21,1024,0/0
/spttest/ljq2ttq1v5lw,275c1acc23508724,1024,0/0
/spttest/qbatiz6svowx,3010c190ed38b3e1,1024,0/0
/spttest/ngvprp11ehip,2ade6636d64ce531,1024,0/0
/spttest/7zpfh2c3b214,e9919973217d208,1024,0/0
/spttest/2fuhvvai9ozv,4751245c2e450cb,1024,0/0
/spttest/o97g44i2aglg,2c4e550cb32b7c84,1024,0/0
/spttest/y0pyxngv3172,3e2441142b3d97ce,1024,0/0
/spttest/mlyeelx1fbk6,294cb334380d7d46,1024,0/0
/spttest/5ww0r51a60fv,acd4825148b45bb,1024,0/0
/spttest/ctqpir6orfpq,176db2687fb2a84e,1024,0/0
/spttest/8uvn6cnkzlvt,102e02857b3be989,1024,0/0
/spttest/21fxu4p00fqf,3b9f815512f13a7,1024,0/0
/spttest/3qnpahnoxzkm,6d51dc381b79656,1024,0/0
/spttest/jkgsdwvsoegj,23be8376a5201733,1024,0/0
/spttest/aikvkntm1m40,13357b6bb5900030,1024,0/0
/spttest/iv54nbvh6foz,227593163ac791f3,1024,0/0
/spttest/5ec9min1impr,9dc58ebe6ad407f,1024,0/0
/spttest/ftkbtghhepbb,1ce63cc4754c4ca7,1024,0/0
/spttest/xgjsyv0b2o0i,3d1e3e6d1ccb4112,1024,0/0
/spttest/5apjw2vdydka,9ad2f05649ca22a,1024,0/0
/spttest/uarsgehpobp4,375858ca1235ce38,1024,0/0
/spttest/qf8wyxzy0foq,304406b12061ad6a,1024,0/0
/spttest/2ijqpwuana5q,49828a8d6ac552e,1024,0/0
/spttest/feutu2wjfzej,1c272fd3d00573fb,1024,0/0
/spttest/w4htgjqtijl8,3aae0aa095bc48ac,1024,0/0
/spttest/xv96pf94pf1i,3ddd40798fc89066,1024,0/0
/spttest/a3f5fuimhy0e,127093acd19ac46e,1024,0/0
/spttest/v2ygdv3r2f6v,38c67395cba9d067,1024,0/0
/spttest/dtoz6f655unk,1940afb15ade9770,1024,0/0
/spttest/e536uhuodgsc,19d4b2593a0d763c,1024,0/0
/spttest/d4hwvg1p4g6x,17f967c873fd47f9,1024,0/0
/spttest/jtrctw38mpx7,24373ae9322460bb,1024,0/0
/spttest/wvc3dsn48uhu,3c0aafcfa9e38c62,1024,0/0
/spttest/u2ltctkukkl,1869e698139eba5,1024,0/0
/spttest/2uhmzwy7lwa9,53345741eeb85b1,1024,0/0
/spttest/4azjd0g6nfjz,7dd2c1a2cfcf47f,1024,0/0
/spttest/95l4bx7ejich,10b9184f6664fda1,1024,0/0
/spttest/rhj2xcrzhjed,323549695775cb75,1024,0/0
/spttest/rvmqcb4b9xj5,32ec7430748e3d01,1024,0/0
/spttest/13vqs0me4zas,20609229e6971b4,1024,0/0
/spttest/9d23h50unl35,111a252c66aa3881,1024,0/0
/spttest/p7etywvcm79,147680d8d1f5a65,1024,0/0
/spttest/8jipddirxvux,f9a758adbb9b289,1024,0/0
/spttest/9c7cfjfkhq9q,110f0cbc6858bf3e,1024,0/0
/spttest/9i8swt65mqh1,115d82ed9438fc85,1024,0/0
/spttest/wwv3j9fmpsvp,3c1e887441ab2075,1024,0/0
/spttest/fbn2sdd7b8h3,1bfd6c14dcc68aa7,1024,0/0
/spttest/88dk786g1bdb,f09b89c2baf17cf,1024,0/0
/spttest/ny8omefut4tc,2bbfe56c33c997a0,1024,0/0
/spttest/efsat9zvis11,1a5fa64c581b1965,1024,0/0
/spttest/9iik5odalidc,116108267d26ae40,1024,0/0
/spttest/7e8o3gvz8n5q,d82470feda4c63e,1024,0/0
/spttest/ntdshgu08sy4,2b80cae44958bc8c,1024,0/0
/spttest/45nt9i4ujatu,797feceb5a18b92,1024,0/0
/spttest/wjta4sgyafk3,3b75044f2b45cf43,1024,0/0
/spttest/vxpimxyzbin1,3a55e5021eb38e1d,1024,0/0
/spttest/iyysv4g8qdwz,22a73fab9cf410f3,1024,0/0
/spttest/567tmajp00o4,972d4537b840864,1024,0/0
/spttest/aqpu4dtf7kga,139f2f970079364a,1024,0/0
/spttest/qg6cn0h9dz52,3050170bcd914026,1024,0/0
/spttest/x0d7fxzbhppa,3c4c08e11bccc35e,1024,0/0
/spttest/69vjxllqbhsy,b75f9530de38ce2,1024,0/0
/spttest/l4noosmw8fvl,269866ee3413fa61,1024,0/0
/spttest/37s9ii36bm9v,5dff73ed9ea9783,1024,0/0
/spttest/xscrk5at082a,3db7935096951dd2,1024,0/0
/spttest/p5gtfmzoo9po,2df15ec1443aeb2c,1024,0/0
/spttest/72va7bzqgypv,cee90ce31da49c3,1024,0/0
/spttest/c13jcex7rrbl,15f9a2e74fe32e11,1024,0/0
/spttest/luo4y9hu9ezz,27ea4955350c862f,1024,0/0
/spttest/l2lf81rrs3i1,267d9b651aeb57b9,1024,0/0
/spttest/bdjcjox1uj3t,14c799312ecec139,1024,0/0
/spttest/fr3txn87b338,1cc64e79f49a1b64,1024,0/0
/spttest/dktbc6xvzua0,18cd590e52678708,1024,0/0
/spttest/tdabt9b2smkr,35a5665ae5147f4b,1024,0/0
/spttest/jl46txy2gith,23c6f4ff18bd1d45,1024,0/0
/spttest/ap5qeij3lfyl,138af16d5bcaf30d,1024,0/0
/spttest/x8t7ukcluzf2,3cb9b9ddfd03b3ce,1024,0/0
/spttest/fldr5l0miwvk,1c7bf37ca403dcf0,1024,0/0
/spttest/9iv1obhi630h,11658984291f3ac1,1024,0/0
/spttest/67fcufi42a34,b5626bb929d1b90,1024,0/0
/spttest/gmw0hzva7abn,1e6324974a80c603,1024,0/0
/spttest/1bnwtfxs1i2a,26b1fbd4b6901b2,1024,0/0
/spttest/yzno0sulkllp,3fea0c542531d75d,1024,0/0
/spttest/b4ziv4qxry1b,145887fbc47a4e0f,1024,0/0
/spttest/6ul4uw92yfnc,c82fd5a950109b8,1024,0/0
/spttest/cskbgezmnc09,175e66dab61abe89,1024,0/0
/spttest/kchgs61v3au1,252a753f26b4dc99,1024,0/0
/spttest/8ta7ihpyoloj,1019495825e279c3,1024,0/0
/spttest/s6mhbokqrxxr,337b3ee06a024e8f,1024,0/0
/spttest/u8jlp36chor2,373b69fd0dd26b8e,1024,0/0
/spttest/xeojxfp6kuiw,3d05fa8f71edd188,1024,0/0
/spttest/d6cwrw8vpkvu,18119433c6c494fa,1024,0/0
/spttest/f9uo4khc9x82,1be62ee58485c072,1024,0/0
/spttest/6kjkc1u3g0yf,c0087c26e2193d7,1024,0/0
/spttest/7gv8mc8bqz0n,da4665670347ec7,1024,0/0
/spttest/b05jevr0oud7,1419c1511ff26bbb,1024,0/0
/spttest/6t8jxzne2o6c,c7176046b55e0e4,1024,0/0
/spttest/ityhuvv6ia7c,2266312565f81628,1024,0/0
/spttest/1rvwzrvcdbnn,33dd73e8aec5443,1024,0/0
/spttest/hdo1598ou3f0,1fbef93c0c1174cc,1024,0/0
/spttest/m8omdo6y7dbg,28a04fa4c135392c,1024,0/0
/spttest/1cfjycg9atv6,275190b6300deb2,1024,0/0
/spttest/a5r7l0vho13k,128ee81ba31ce890,1024,0/0
/spttest/7u8xquajlo0w,e5233ed811827e0,1024,0/0
/spttest/6kkvvyxoqur1,c0101c564223a2d,1024,0/0
/spttest/x8cnxzvqkcp9,3cb3c0e7756f234d,1024,0/0
/spttest/kjz2yfj7ek3h,258bbd32948c603d,1024,0/0
/spttest/zyx5knc2zt9y,41b418a949dce0f6,1024,0/0
/spttest/g1muufj9w040,1d4f1060857b0d90,1024,0/0
/spttest/2jhezh1aly0g,4a44f12605f5d70,1024,0/0
/spttest/tgpi51hgj8bl,35d1d7e22458f4e1,1024,0/0
/spttest/87icwt4ur9um,efe767dd4efa89e,1024,0/0
/spttest/94jqegpuk240,10ab9af20407a9b0,1024,0/0
/spttest/nio85x5mplup,2af5acfad08b94e1,1024,0/0
/spttest/w9owhn7d2rcc,3af18b439c864fec,1024,0/0
/spttest/gd1b08glj5zk,1de328d298899a10,1024,0/0
/spttest/v51hngl0zwwd,38e18673fd36c54d,1024,0/0
/spttest/e5bbz1bjjbdh,19d7a27270e28f55,1024,0/0
/spttest/kqgltm8aickp,25dfff67a6b01a29,1024,0/0
/spttest/gu657ivqw2lk,1ec1b92730eaeb28,1024,0/0
/spttest/p6rwkgvauyrl,2e025c1a9baa3181,1024,0/0
/spttest/tu8omocp8d8q,36819fde7b215e0a,1024,0/0
/spttest/e14nlrl26xpw,19a144af9f409634,1024,0/0
/spttest/47zs2q70mzkj,7b64ab0ebe6f993,1024,0/0
/spttest/540hdyl3roam,95633da078a6abe,1024,0/0
/spttest/9p9u3vxbf9d8,11b8cf29dd839c2c,1024,0/0
/spttest/ua5t2eqg56x,1895848ef533049,1024,0/0
/spttest/x1rw363duwj8,3c5e52868d843934,1024,0/0
/spttest/e4fg2fxy7oi4,19cc212b4f366dcc,1024,0/0
/spttest/1g5qkguez6c1,2a5835c407b10d1,1024,0/0
/spttest/4xuyocz0wqfk,90646761cf079d0,1024,0/0
/spttest/27nnjcx07xze,40ab024df6b4bca,1024,0/0
/spttest/57kwfmvsw18z,9848997c5af6653,1024,0/0
/spttest/r3eu0l9gtbl0,317de77b9c5103e4,1024,0/0
/spttest/yfuhfylkimkf,3ee8b8e44a1c2abf,1024,0/0
/spttest/2gk2wzf92kf7,47e4d7082b148e3,1024,0/0
/spttest/6vkbaks7mmmg,c8faec132543308,1024,0/0
/spttest/hj5lx20pmdts,20064313492e0880,1024,0/0
/spttest/j2myp3lbce7u,22d6ef3e665da1fa,1024,0/0
/spttest/mqbq4mxftzj9,29857718c4af4c25,1024,0/0
/spttest/icd7ds1tbd1n,2181b12beb93f7cb,1024,0/0
/spttest/55wsggpzkg4x,96ed94b53aa95b1,1024,0/0
/spttest/ixsvbwb82afq,22981e8800417556,1024,0/0
/spttest/hopm8dsrh91u,204e6d87f92a0312,1024,0/0
/spttest/tiased1s4qqm,35e68332042af05e,1024,0/0
/spttest/lwo4zqfjy4df,280443f37b7d39a3,1024,0/0
/spttest/qqsblt011ayh,30d9e91018d59eb9,1024,0/0
/spttest/vt5mezz2tg97,3a1ac2503d8d558b,1024,0/0
/spttest/qan2fw9hxsqc,30082f99cb0144b4,1024,0/0
/spttest/yqpg6bf0s3dp,3f75c99f1742cc1d,1024,0/0
/spttest/8ofmi0qsztzy,fda4b5ae46e469e,1024,0/0
/spttest/ol8s9tb1xci4,2ceaafb188d77a8c,1024,0/0
/spttest/tcrxvnmcjmtz,359ec3fa01ccce57,1024,0/0
/spttest/dkww6cg07pzp,18cea3a01af9ff55,1024,0/0
/spttest/qkkrmjitn4vs,30893fae7e89ed78,1024,0/0
/spttest/ookforgu9sdy,2d15db97c3cdc5f6,1024,0/0
/spttest/giman34shopm,1e2bade6fd3bb35a,1024,0/0
/spttest/fw1fa892g8l9,1d06626f0508957d,1024,0/0
/spttest/frav21a70c36,1cc8d7eecaf09c32,1024,0/0
/spttest/8qmxyh09r38j,ff6e9d7a6478223,1024,0/0
/spttest/jd1jm0kcqe7r,235e16a0cbfba677,1024,0/0
/spttest/wbq1dp1apnc3,3b0beeb17a380063,1024,0/0
/spttest/yq4ewyijcuf9,3f6e32a7d435c005,1024,0/0
/spttest/opcnkcyos9wa,2d200a1db86dc11a,1024,0/0
/spttest/tqwvhr5hp69e,3656654a25f2c0f2,1024,0/0
/spttest/octmkag4f3bk,2c7d4d77cc592290,1024,0/0
/spttest/l1e2opn2typ6,266df7649675e2ea,1024,0/0
/spttest/anhlxiobv6yu,13753fdbb06de006,1024,0/0
/spttest/jbjc5m4ek5vl,234a879d13ca58c1,1024,0/0
/spttest/ie5l8ikg5bh1,2198ec48f17cc955,1024,0/0
/spttest/i0rjoit1f07z,20eafecd220d03df,1024,0/0
/spttest/o0ygmn0e9maa,2be32d0049899712,1024,0/0
/spttest/79lm876nke2n,d4600c57401433f,1024,0/0
/spttest/59kp6qv2v3eq,99e718323996102,1024,0/0
/spttest/t6e75tuoy1uc,354bdf1911f99dd4,1024,0/0
/spttest/d2tu89yc42xl,17e3bae7d47bcbd9,1024,0/0
/spttest/2zlejx31k8c6,575938b3a49c436,1024,0/0
/spttest/t5fr5y2mfc68,353f718892b26960,1024,0/0
/spttest/2v9a6r24tmoo,53d3ee57c4b1418,1024,0/0
/spttest/zfnhlu5agl0o,40b9cff9a3ed6c68,1024,0/0
/spttest/31z1r42by39e,5947a5ec7d17802,1024,0/0
/spttest/asqdidzot5x0,13b95bd9f3299734,1024,0/0
/spttest/8s8v5wofxtut,100bd00874102465,1024,0/0
/spttest/gztqxlkpg0w7,1f0b2fa56cd18187,1024,0/0
/spttest/pwgz712k50k,15072c353986c64,1024,0/0
/spttest/t8earlw4xq43,3565e2dc68321673,1024,0/0
/spttest/xusfwop8cdgg,3dd735d30b805b20,1024,0/0
/spttest/vapudvo6oaxs,392b423f3518a360,1024,0/0
/spttest/o6ekpq3sdl9n,2c29efa8e42f14eb,1024,0/0
/spttest/4q47frbllp4y,8a1b23363f22382,1024,0/0
/spttest/1qnqzhptva39,32de7a077e055d5,1024,0/0
/spttest/ffaicmh42sl0,1c2cd840622dc534,1024,0/0
/spttest/b6416v3q1g6z,146725bbc3b4be3b,1024,0/0
/spttest/npw9yv7mlb9e,2b53815a033dee42,1024,0/0
/spttest/trxi3lp3j093,36639c8d01e17f07,1024,0/0
/spttest/jpzu7wcz86hp,24065572559645dd,1024,0/0
/spttest/pgncn9ohxle2,2e829c1508824b8a,1024,0/0
/spttest/n7pdr52zl32,12d889b7c86bb7e,1024,0/0
/spttest/oa1hz9h6x6oh,2c592ce1c7259a11,1024,0/0
/spttest/48sb3bxyep91,7c095cb7b6c6d55,1024,0/0
/spttest/a5pqbiy0icgd,128e5f71c680b78d,1024,0/0
/spttest/141f6i5o7hnn,208159679894123,1024,0/0
/spttest/u7osyl7jp58,18873ec2a14010c,1024,0/0
/spttest/ul3ityudbka9,37de7915a3d00071,1024,0/0
/spttest/r2tzhdy9byn,15fbb9ad9b02acf,1024,0/0
/spttest/91z75jtkiwfw,108a37ae8e1b0cbc,1024,0/0
/spttest/7b2qex6uiu8b,d592b07c8c8af8b,1024,0/0
/spttest/3m643brkixlz,69ad015a929caa7,1024,0/0
/spttest/2rnuibk60yea,50e8b2a488f7422,1024,0/0
/spttest/ivn7sxqgjw0q,227c19cfebbff0da,1024,0/0
/spttest/el87jptvn9k4,1aa65618538df324,1024,0/0
/spttest/wywuygriits,1ac410c0ebf0ad0,1024,0/0
/spttest/j4y7fk7x9t5p,22f4f8385b1138dd,1024,0/0
/spttest/usx8swuqgola,38441f3223e2727e,1024,0/0
/spttest/yizzdq6q60lc,3f11ac87305e5a80,1024,0/0
/spttest/83lphbzkmynt,ecbb6d24eaa48f9,1024,0/0
/spttest/xyf1cv7chrsx,3e0654bb09c59f01,1024,0/0
/spttest/ie7acmd6ttcm,219989172445b3d6,1024,0/0
/spttest/su66mo645d4y,34ad1bb4b04b2dc2,1024,0/0
/spttest/o77o80nxsufp,2c346f5704bd0615,1024,0/0
/spttest/a79alowke8g5,12a26bbcec41f645,1024,0/0
/spttest/hedfenrbety0,1fc823082388b618,1024,0/0
/spttest/tz6phpcijfxh,36c1dba0ac26a965,1024,0/0
/spttest/p2v2iqur6mgr,2dcf8b74241e0a3b,1024,0/0
/spttest/ao1wkcqqirj4,137c928223f21de0,1024,0/0
/spttest/tooirh3rfn5p,3639672af961d9fd,1024,0/0
/spttest/33z1mj3j78q0,5ae748e9e20b6e8,1024,0/0
/spttest/ppdnpyalnxtk,2ef404200dc507f8,1024,0/0
/spttest/erwgp5k2h8cx,1afd05f3e983e691,1024,0/0
/spttest/oa1s444srf05,2c5946e2b4a0f0b5,1024,0/0
/spttest/88mofl6984vq,f0d02c883ee5bb6,1024,0/0
/spttest/8p9ae7uxwyqu,fe4ff57874360e6,1024,0/0
/spttest/nlwu6vmt3mmt,2b1fc0361dba5a55,1024,0/0
/spttest/5f9xo27xkwdr,9e87ec329c03def,1024,0/0
/spttest/ujkbz2jpgqwm,37ca8f3c0132b136,1024,0/0
/spttest/tx3t66kuynjt,36a6d57390f739b9,1024,0/0
/spttest/btm6hsr9gghn,159872dff817ac7b,1024,0/0
/spttest/c5342brtb2hu,162d70b989f09a62,1024,0/0
/spttest/980jsn73k5on,10d8a4069ca228c7,1024,0/0
/spttest/bdivbfo0k10f,14c76cfc3c43521f,1024,0/0
/spttest/ox6cz8qf5nlt,2d85aecc2c885dc1,1024,0/0
/spttest/5lk62d9fg66v,a3a1f87f6520657,1024,0/0
/spttest/j5a3jnm2x0x9,22f942aaef790ced,1024,0/0
/spttest/ynp26g2lrm8t,3f4eadf0827fa65d,1024,0/0
/spttest/mqwyrzt9l0s3,298d2105584c2433,1024,0/0
/spttest/7mkhqssd56e4,dee753cbef40c9c,1024,0/0
/spttest/1vxrhg2ek1tg,37276df5e0c9c34,1024,0/0
/spttest/8clsuoyauubx,f40a6c81965070d,1024,0/0
/spttest/7lowxpfg08kb,de3106ebb88a75b,1024,0/0
/spttest/oyqcro5i54nn,2d99e2e126046cd3,1024,0/0
/spttest/6fs8hbnis05c,bc2b6605c25edc0,1024,0/0
/spttest/1ky9vzoicj4l,2e3c444edef8dd5,1024,0/0
/spttest/wiluorawpzj6,3b6558d86bffb822,1024,0/0
/spttest/m9nj10grrrzy,28ace7eeb66f417e,1024,0/0
/spttest/zhoini0hybcp,40d4298a89f4fef9,1024,0/0
/spttest/layrjmqenoaf,26ea55d9d09970b7,1024,0/0
/spttest/lxr00eeg57l7,28124987f5a19dab,1024,0/0
/spttest/be715814q2ay,14d024c66b40762a,1024,0/0
/spttest/qbyd40mevooa,30194048ff8574aa,1024,0/0
/spttest/lyeeyb48gysz,281abc56a0e3dc33,1024,0/0
/spttest/6l2kn23wy0sj,c07638a66be2483,1024,0/0
/spttest/b43f53pkrf4m,144cf2a5b0fd8d56,1024,0/0
/spttest/hblj9oqds73s,1fa4181dc286a7f8,1024,0/0
/spttest/ip405ide11cf,22273ba521a83f0f,1024,0/0
/spttest/ybs2ergz35uz,3eb3e48e631db36b,1024,0/0
/spttest/7fgl42mpcjp0,d921f9c4f0fdfb4,1024,0/0
/spttest/cgti1r00g7rg,16c5d800c1b67b4c,1024,0/0
/spttest/vcdt9st2qh8l,3940e57c2331afc5,1024,0/0
/spttest/4nnh2pcblfbi,881ae2790caebce,1024,0/0
/spttest/2zf1mjph3zbo,573482aa2253a94,1024,0/0
/spttest/66e828uuy0xd,b48c0d5f8cd4f31,1024,0/0
/spttest/4motdxyd47ca,8752cdb44e1432a,1024,0/0
/spttest/7ykfkk0l7qbi,e8a4ebdd1e8f5fe,1024,0/0
/spttest/1a69h0pson6d,257c452fabc6b55,1024,0/0
/spttest/f1awpxzcicuk,1b7723870f12598c,1024,0/0
/spttest/b0xpkqly1coi,1423eb7099996c72,1024,0/0
/spttest/ona3bt7ulqu3,2d0522f0f217651b,1024,0/0
/spttest/l7wqf1bnvuhj,26c2a2736e97ff17,1024,0/0
/spttest/i41ymq7gdqw,eb4520cd549898,1024,0/0
/spttest/g8g1iuvtvmvu,1da787bb68bcfe9a,1024,0/0
/spttest/n78q6cwswae3,2a61337aa94d589b,1024,0/0
/spttest/canfj34xwiq9,1675b7ca9a3667d1,1024,0/0
/spttest/2j9ipye9d6ym,4a175b5ebff657e,1024,0/0
/spttest/g18hnmj4skip,1d49e161a2d926e1,1024,0/0
/spttest/l5pp4xp16sl5,26a61e12f5bf8b39,1024,0/0
/spttest/aafm6g63o9m3,12cbab6bb0f681ab,1024,0/0
/spttest/rz7n65rwvbvq,331af78e974d89e6,1024,0/0
/spttest/9p22orox01cf,11b6023b7163d7cf,1024,0/0
/spttest/whslelk5xylz,3b5aca59a7d5f277,1024,0/0
/spttest/vnxplsk1o9wk,39d6f543f28db924,1024,0/0
/spttest/swhe9s8meqcb,34cb21e0b3bb72db,1024,0/0
/spttest/28mpmsxjrxfk,4175668dc5a3900,1024,0/0
/spttest/vbimkwwumvkm,3935a4e6a932a756,1024,0/0
/spttest/w42e3tvv2yz4,3aa879b5de2c0890,1024,0/0
/spttest/d4xa1jtf2xh1,17fef318d1c188f5,1024,0/0
/spttest/ru0nvwrvdwne,32d78087e8b6718a,1024,0/0
/spttest/a5p3uycxwmr,83f2d406811773,1024,0/0
/spttest/bgf8h9wsbmj5,14ed150dcf8832d1,1024,0/0
/spttest/jymjycyeaupz,247671a1e03c9007,1024,0/0
/spttest/36h3gj4p7egz,5cef2672649be03,1024,0/0
/spttest/hgmesr36pqk0,1fe55b4c4cd7b4b0,1024,0/0
/spttest/teazqpc37v3q,35b2a1022f383c36,1024,0/0
/spttest/4sj2j4s8gck6,8c109a63e2b9b96,1024,0/0
/spttest/93pxhqoh9rlj,10a0da1795b8e4f7,1024,0/0
/spttest/1yo8g8f48eus,395fe7e02209d34,1024,0/0
/spttest/4ygolnvje4mh,90e1cb66f888de9,1024,0/0
/spttest/iqn2z2f5occt,223b1b22f35ff58d,1024,0/0
/spttest/6s5j6tqav2vm,c6361b8416c6252,1024,0/0
/spttest/qh9t6470nyb0,305e53d256ae496c,1024,0/0
/spttest/hmk6m1gpir5i,20327d18e906e2f6,1024,0/0
/spttest/baq6fsgcag81,14a31853ab5ebca1,1024,0/0
/spttest/6qk82sk49we7,c4eb438091ca03f,1024,0/0
/spttest/6c85o0rxtu8q,b948005792d4b5a,1024,0/0
/spttest/350a2kibz6jl,5bbe3d9fb563ee1,1024,0/0
/spttest/lle6hp8iyala,2771ca4a7c33ac1e,1024,0/0
/spttest/yvpzh6irzm96,3fb6ed6de6c07e6a,1024,0/0
/spttest/qhnnxd9l9gc7,306353864d8dc3f7,1024,0/0
/spttest/4isrrl1n1pyo,842a524abf164b0,1024,0/0
/spttest/hgul9bjp6e9t,1fe84ed1cdd262c1,1024,0/0
/spttest/7p0xqc7ra8ll,e0e5ea9912e0109,1024,0/0
/spttest/lh2pcjl764o4,2739b13a3cf16824,1024,0/0
/spttest/khruccvq68i6,256f2601c532668e,1024,0/0
/spttest/461bi4oll86e,79cde64bf9471a6,1024,0/0
/spttest/vqgnkd76bma3,39f7c58ad064578b,1024,0/0
/spttest/1c55sbyk9sez,2715903310f041b,1024,0/0
/spttest/1ul9f4c3axkn,360f6d8d4f35b77,1024,0/0
/spttest/ghbg6m5zejch,1e1ac6d0cfdd7071,1024,0/0
/spttest/vs3erqu8tfwi,3a0cf8b3d05395c2,1024,0/0
/spttest/bfvyrwqk03ie,14e621284bb60dc6,1024,0/0
/spttest/fz75l2ky3olf,1d2f6b873a693143,1024,0/0
/spttest/psbdpf9rq6x7,2f1a2976a1f5948b,1024,0/0
/spttest/7397bvb9v5ll,cf396963a4c9319,1024,0/0
/spttest/wv23ehsyxnmt,3c07142db73bd7e5,1024,0/0
/spttest/xnjujdprmfl5,3d792f40680a8769,1024,0/0
/spttest/t0nmpd27zisq,350156c02d7c08ea,1024,0/0
/spttest/izjnoyhroi9r,22aec6229673717f,1024,0/0
/spttest/xk113pc9a76q,3d4b6d53f455ebe2,1024,0/0
/spttest/f3k0gvf3vhg1,1b9466f8ca39d911,1024,0/0
/spttest/rauyckys9dfr,31dea54a26f05047,1024,0/0
/spttest/b0jhz5f74zhh,141ecac909a19fa5,1024,0/0
/spttest/kvg5n18dxwmh,2620c82ab2664069,1024,0/0
/spttest/9fsxvll48a8v,113dcf43ed32eddf,1024,0/0
/spttest/h8nghif9gs9y,1f7dd1f1603f9826,1024,0/0
/spttest/ntp2cns2ha2k,2b84dc41f554ef3c,1024,0/0
/spttest/smr0oswx7see,344cb6246d8f8c86,1024,0/0
/spttest/t6kmgw0i0qsg,354e30951999d9a0,1024,0/0
/spttest/curvyvxa2uf9,177b1c93de23e485,1024,0/0
/spttest/1qpghxgx4kzo,32e857429d29444,1024,0/0
/spttest/nifvmzuqvwtk,2af2a9e543e3f9e8,1024,0/0
/spttest/rhjhs17phazv,32356f84dda296eb,1024,0/0
/spttest/n6rn4vr7mmcp,2a5b096a9b71bda9,1024,0/0
/spttest/tg9761mvx00y,35cbf5d6e4bba562,1024,0/0
/spttest/cztdx1ws5m67,17bc99486e1c6b7f,1024,0/0
/spttest/x6rmcdux03fa,3c9f2bcee78dda56,1024,0/0
/spttest/9ks78fkn3h5k,117e7d2ffbbfb098,1024,0/0
/spttest/8l5suru7gbpr,fafc834bf306e4f,1024,0/0
/spttest/1vmcmxku7b4d,36e58b9e329720d,1024,0/0
/spttest/jfw2v9k0uz20,23831599167e2cf8,1024,0/0
/spttest/jfrdr9flzqt9,238163b1f134937d,1024,0/0
/spttest/7tp838umpxzd,e4b171ad614c649,1024,0/0
/spttest/711kfoo3irhl,cd6dac12ad0dea9,1024,0/0
/spttest/f7sv2hxvl66q,1bcb8d75a3844592,1024,0/0
/spttest/wvh9m0tre8vd,3c0c8da22bf93369,1024,0/0
/spttest/g5e43f4qppfn,1d7fddd28e2fe703,1024,0/0
/spttest/n3hglu3lejkq,2a3065362ff79b9a,1024,0/0
/spttest/h1s7nxvlp365,1f249c5a6785bd4d,1024,0/0
/spttest/11q5ra55p6ma,1ea0ad8bebba6c2,1024,0/0
/spttest/5ybtgmaencop,adff895481a35f9,1024,0/0
/spttest/oo7zkfa8w568,2d115dcfe9dc4230,1024,0/0
/spttest/xxdonengv2ev,3df8da806d3b89f7,1024,0/0
/spttest/kpovfr7y7te0,25d5fdc396a2de88,1024,0/0
/spttest/3bravfir0f7v,61393643475800b,1024,0/0
/spttest/6cqvabwrtlif,b9b406266c8bd27,1024,0/0
/spttest/wz2oizlhxt9b,3c3b3f6843cae75f,1024,0/0
/spttest/v5ud3fmcwsyh,38ebf1710ef6ae99,1024,0/0
/spttest/v0iiq6961c59,38a6b9304ef15dbd,1024,0/0
/spttest/p4q3e4nibn6w,2de7ba5cd7c91828,1024,0/0
/spttest/6dn6nw0mnk1u,ba6e95bad305b42,1024,0/0
/spttest/puo2sv4o5qm7,2f38b8c91d49adff,1024,0/0
/spttest/wr5lcqontbr,1a974823e6db437,1024,0/0
/spttest/a2ri9mqjy1v3,12680bbfd9ed78ef,1024,0/0
/spttest/x6uuztzgqltp,3ca0571c434efcfd,1024,0/0
/spttest/bzqi15zinqgw,15e7f17e01c633c0,1024,0/0
/spttest/p042irh3d3ed,2dabd2ffb7b44975,1024,0/0
/spttest/bxol7nq1m34b,15cd466701a1324b,1024,0/0
/spttest/kqnq4m31j7nd,25e2910788519a79,1024,0/0
/spttest/5lewoh3gtxrn,a38399b8cad5c33,1024,0/0
/spttest/8zj5wstad923,106a74164b5d0d1b,1024,0/0
/spttest/nv3zv8m6alel,2b973caa30cca8dd,1024,0/0
/spttest/9uuw0m1nqfh6,12015a1416de4bda,1024,0/0
/spttest/33pgadiw9683,5aafe7ec2007fc3,1024,0/0
/spttest/cksnrfpgm4tt,16f97f523e6d85f1,1024,0/0
/spttest/6i92sdgpdhft,be2c48af89d6289,1024,0/0
/spttest/uak7mx0kin3x,37559ccb627f697d,1024,0/0
/spttest/r15qrdivf54t,3160a54d14475ebd,1024,0/0
/spttest/sk444a1iul8a,342a77f5a8415cfa,1024,0/0
/spttest/if6xjyq2dno1,21a66583ea798311,1024,0/0
/spttest/ra2i9xrh7ah5,31d461bce2b37dc9,1024,0/0
/spttest/bfhns5tps68p,14e0f7cbdf0eab99,1024,0/0
/spttest/i337dsq25fk3,21092e2e0dfdc803,1024,0/0
/spttest/wryl3bv9a5nr,3bded852e4453027,1024,0/0
/spttest/c1b2ehryeg2n,15fc5a611db686df,1024,0/0
/spttest/r5slrkv5m8zp,319cd9fbb2fcd805,1024,0/0
/spttest/msxpctek0otl,29a75fba8fc2d9a9,1024,0/0
/spttest/hdiwji61aq3r,1fbd1f947466fba7,1024,0/0
/spttest/xyr0wgbq56b2,3e0aa7facf28152e,1024,0/0
/spttest/qihrrixg8wu0,306e306b2a4e6c38,1024,0/0
/spttest/nv7p3hryrvdr,2b989280a11a559f,1024,0/0
/spttest/x8pbtgt0v6ey,3cb852943ac8063a,1024,0/0
/spttest/9zx50sazvsc4,12431c33fbe0cc34,1024,0/0
/spttest/lwrvnddjtcrj,28059d736e6cbcdf,1024,0/0
/spttest/h0ednwm9uebx,1f12a1554ea5250d,1024,0/0
/spttest/qmhhq5hkq9q,159d5a875fa86fe,1024,0/0
/spttest/o8vlep4bofpf,2c4a0e369196f083,1024,0/0
/spttest/8510rhemg8r3,ede3a8c88492e4f,1024,0/0
/spttest/ly9f2iexplrt,2818eecbf5739379,1024,0/0
/spttest/dojcatds2k4y,18fdb4de3c751272,1024,0/0
/spttest/a4r113b1hopy,1281da0930b3b466,1024,0/0
/spttest/7guvuazkf8k3,da4458cd788f913,1024,0/0
/spttest/xzgl2u7me93l,3e13e0f4e39dd791,1024,0/0
/spttest/m5h65u6dhbp4,2876a7af4f6e7a78,1024,0/0
/spttest/7hljfy7mmclm,dade3ae217b1b4a,1024,0/0
/spttest/2f5559tab5v8,46bec61a604a074,1024,0/0
/spttest/i0rxtluk4j3i,20eb2315aca995ae,1024,0/0
/spttest/62fu5ilj70tc,b1560db85bbc6e0,1024,0/0
/spttest/kjzrlzq1jq5,10affe6cbabf01d,1024,0/0
/spttest/krz9c0bao1xm,25f3b79d220675ca,1024,0/0
/spttest/c5y9b10uqrtg,1638ad96e0c0bd54,1024,0/0
/spttest/lgz9eq9lstnb,27387339d9a29e17,1024,0/0
/spttest/bo1l4t5a76fw,1550126b4ce16a5c,1024,0/0
/spttest/z5lh9irfdc2i,403731cb276d995a,1024,0/0
/spttest/jwsfhady3ju4,245e95d935fc1d2c,1024,0/0
/spttest/apozlqgsycmz,1391e407cc86307b,1024,0/0
/spttest/db27oh987h9p,184eaa6a55c72f2d,1024,0/0
/spttest/4j4beb1xoih5,846cf9033e20889,1024,0/0
/spttest/2vvenhfqovcs,5453a7416bd7abc,1024,0/0
/spttest/fmf5jpayp29v,1c89720a042bf1c3,1024,0/0
/spttest/xcbrn9xl2y2r,3ce7630fd621c203,1024,0/0
/spttest/r2t37l2fjubv,31760ef8db3ae74b,1024,0/0
/spttest/rmcft8ovt29o,3273d62df1734fbc,1024,0/0
/spttest/s0h73iztzsi4,332b6741865a040c,1024,0/0
/spttest/4s4z6kr2gbrj,8bbf3e6d6e3ed8f,1024,0/0
/spttest/mdj825a6k958,28df4f57f62e694c,1024,0/0
/spttest/he9w96asdcsx,1fc6dcc946b02611,1024,0/0
/spttest/d3vl9ui26bzs,17f159eb2f6c6c38,1024,0/0
/spttest/vybtlhbib8jw,3a5df13aa02eae0c,1024,0/0
/spttest/rlj5u2cwfedb,326945e6bd09667f,1024,0/0
/spttest/jgruf2dmz69y,238e8bb36fd51486,1024,0/0
/spttest/6h56s3wfrnxg,bd4600eaf3ed0e4,1024,0/0
/spttest/b0xohnmcccg2,1423e8a781ef1e02,1024,0/0
/spttest/6q1it7yd7sca,c47f4c38019303a,1024,0/0
/spttest/7mkmbuxovcp6,dee81005ae32e0a,1024,0/0
/spttest/9yypfl9ojkzz,1236afaf7717dd0f,1024,0/0
/spttest/jn56k6iv46iz,23e14b2eb43e610b,1024,0/0
/spttest/mags8utp7zoa,28b7764337dcdd5a,1024,0/0
/spttest/2n5dnt2mg86,2254c91edc81a6,1024,0/0
/spttest/kezoqh1n3dgn,254b02cb441111e7,1024,0/0
/spttest/kiilg0jlglve,2578cd1e398133ba,1024,0/0
/spttest/aahchbh9dmt6,12cc4b4625bd31ba,1024,0/0
/spttest/4zc6se0s34bh,9197acaaaf7b49d,1024,0/0
/spttest/a9irmqpenvoz,12bfd1424085f233,1024,0/0
/spttest/bhi6zsjui1hg,14fb239a87ae6204,1024,0/0
/spttest/fxan5zgm9wry,1d16b33a766a942e,1024,0/0
/spttest/hl623g41jjfx,20206718cd07da2d,1024,0/0
/spttest/rtlg9z5hsmvj,32d2037bc650b7cf,1024,0/0
/spttest/ma1p8vkbrmes,28b2050b04f45534,1024,0/0
/spttest/8ektbsrxszlr,f5a46256331303f,1024,0/0
/spttest/u88sjz2zt64e,37378388aaa4ff3e,1024,0/0
/spttest/okzb2tikxl8r,2ce74443325055cb,1024,0/0
/spttest/jqpnqiiujl7g,240fa6631faaf81c,1024,0/0
/spttest/amxqvlu57jku,136e152f9a58cbde,1024,0/0
/spttest/sfzq69skboly,33f4edae4755e556,1024,0/0
/spttest/hws5ujcas12g,20b742a67c029e68,1024,0/0
/spttest/49w4an85gnfv,7cef315d64e0fab,1024,0/0
/spttest/e8p0fkaae4ng,1a0389c2d78bc10c,1024,0/0
/spttest/rhpgy0o1961t,32379796d78807e1,1024,0/0
/spttest/r8vpcg57a96l,31c4f00af710e7fd,1024,0/0
/spttest/ms6qjwgay9eu,299da4db5fd5ae26,1024,0/0
/spttest/6sceqoo5c7e2,c65dce24a02356a,1024,0/0
/spttest/vby10m0r2atr,393b3376e499fe4f,1024,0/0
/spttest/nqa94pf4zuua,2b588c5b7dc236e2,1024,0/0
/spttest/hvrvgqy37ov9,20aa2ac0c502c4a5,1024,0/0
/spttest/2rgsd1c2kfpz,50bff144d15ce97,1024,0/0
/spttest/gqtyiybghgce,1e965bd16ba228fe,1024,0/0
/spttest/pr253uav1j2k,2f09d6d3f7a19dcc,1024,0/0
/spttest/ermhyh99pj0v,1af96d803136298f,1024,0/0
/spttest/y2gwfahat594,3e3af5d67fd64dd8,1024,0/0
/spttest/fg7qwzz1goz4,1c38d661c6871f70,1024,0/0
/spttest/snruz7wyavlh,345a011d6f39d075,1024,0/0
/spttest/q9z6kqbv44f4,2fff915ee5091a60,1024,0/0
/spttest/l89yco1yznhd,26c767987415e7a1,1024,0/0
/spttest/sykc2l2lefu3,34e62bd9ecbe94ab,1024,0/0
/spttest/2cui1vs3ypwf,44e1aee505aba9f,1024,0/0
/spttest/6hu7a1keguwm,bdd668aac842e76,1024,0/0
/spttest/qfcxs79rz6pz,30457a4007463bc7,1024,0/0
/spttest/wc4a380vuj4h,3b111231bf9d7b51,1024,0/0
/spttest/fmdegvtst55g,1c88d0319cefdf54,1024,0/0
/spttest/24melf7qp5p5,3e3450f85b9ef19,1024,0/0
/spttest/86rwi8uonp32,ef4ead3a37c2ebe,1024,0/0
/spttest/77rz8lt2wber,d2e51d9f84c27c3,1024,0/0
/spttest/bn0o9k7i2154,1542c0d4870ec048,1024,0/0
/spttest/75fepdfungg7,d0fce3b8f433d07,1024,0/0
/spttest/o09ga31cu87g,2bda26e67723650c,1024,0/0
/spttest/o4r4nju0conk,2c147cb9d55e2fd0,1024,0/0
/spttest/5cfr97u3xihb,9c3a0bfbb84a6cf,1024,0/0
/spttest/ulljdtqe1unn,37e4f920d2a1d773,1024,0/0
/spttest/1dqw1rgtlymu,2862d62847e0f96,1024,0/0
/spttest/12zjym3wvkyq,1fa6bdc742967e2,1024,0/0
/spttest/j1c0ai2iafb8,22c5fe070aa7a604,1024,0/0
/spttest/ysvksk2pj9qe,3f91fa314faff906,1024,0/0
/spttest/gaveewcxanzl,1dc70cd79a2888f1,1024,0/0
/spttest/6btde1o9shwn,b8f2a5025f1e2a7,1024,0/0
/spttest/uotzcyabfdma,380efcd5aaf165b2,1024,0/0
/spttest/t57523bubpoj,353c55dd9878f0c3,1024,0/0
/spttest/k3qlunm6p1kb,24b8da41ac58a22b,1024,0/0
/spttest/ctz283bkvyx6,1770b5f30a29928a,1024,0/0
/spttest/e6e3kaxy1ur3,19e59f3b70c677ef,1024,0/0
/spttest/c5l7p47pnj7l,1633f8acbd877601,1024,0/0
/spttest/voozf7qyjfkp,39e0cc65a0ec0f99,1024,0/0
/spttest/hgopudygs4y3,1fe6305fecf0300b,1024,0/0
/spttest/avn7hgefg2ww,13df2f0e3d2719c0,1024,0/0
/spttest/obs6jwkwgknn,2c6fcac352db7c93,1024,0/0
/spttest/snywew8n4afa,345c8b602d8724c6,1024,0/0
/spttest/e3q8r5w3ekz1,19c30932e037d4ad,1024,0/0
/spttest/iq7i5i2hvi96,22357c30a573c72a,1024,0/0
/spttest/c2tcrs7xhehk,160ff0de982b2098,1024,0/0
/spttest/vih6qpexnnjg,39900cb0abd89fec,1024,0/0
/spttest/q8hu4sw6ucyp,2fec51eddc64a321,1024,0/0
/spttest/u77ggnr5p6y6,372a0ae21aebd06e,1024,0/0
/spttest/imdutvoh1zub,2203d1e641d6acb3,1024,0/0
/spttest/7evw1usvey63,d8aa7f16d6d337b,1024,0/0
/spttest/tnd5waboa8rj,362850d9241b0edf,1024,0/0
/spttest/1873v1k83h7c,23e17c8a00c21d8,1024,0/0
/spttest/b0rh3y9n1bf9,1421ab81f5960b15,1024,0/0
/spttest/krkxyowms7ot,25ee8d4920eb6bed,1024,0/0
/spttest/49gk4c5gk3cx,7c955cbe1ff5201,1024,0/0
/spttest/z90gzjxaoa61,4063926081f1a779,1024,0/0
/spttest/suwgmisor6m5,34b696ed655d023d,1024,0/0
/spttest/u3c7kri6v2l0,36f7cce5e13a1cd4,1024,0/0
/spttest/86t0mdaoq84g,ef551c081c57ba0,1024,0/0
/spttest/ck7kcql6yyql,16f1e2d7e184be5d,1024,0/0
/spttest/r23s08zz6qij,316ced05050ababb,1024,0/0
/spttest/2ful23ra0vd2,4751a6a0c46e4c6,1024,0/0
/spttest/kj8uktzmnlv4,25824620b858e070,1024,0/0
/spttest/qxtr1919dvxb,313559d0d99fffdf,1024,0/0
/spttest/2bmtx1zps8sc,43e592c70c3907c,1024,0/0
/spttest/w4z8zig4u5uv,3ab454b9cc2c1d27,1024,0/0
/spttest/3yrfu7xz1il5,73e6109f3312b59,1024,0/0
/spttest/s8496vyo7ri8,338ea5e4c9a7d700,1024,0/0
/spttest/x7s9f2bk6z2r,3cac6444db177713,1024,0/0
/spttest/4rvmgv40510a,8b893f72f17145a,1024,0/0
/spttest/skyf7ox2xz7,17342dfd0406983,1024,0/0
/spttest/7lm8476axw3b,de21803a39ab2b7,1024,0/0
/spttest/ap45udwdo260,138a604f03571df8,1024,0/0
/spttest/nkms4bfher5f,2b0f21f547b07df3,1024,0/0
/spttest/7pt4zud1el70,e188b9c6c2cf7cc,1024,0/0
/spttest/dxy5tzx47zuc,1977f51be304c934,1024,0/0
/spttest/em6rgaufnidg,1ab2cdaffe9e03c4,1024,0/0
/spttest/e5k9obsgtevt,19dadbddcb8da099,1024,0/0
/spttest/1f1cds85y2z8,296f03bb9fc8894,1024,0/0
/spttest/ecyzksyaruy9,1a3b184736cba771,1024,0/0
/spttest/yhs1m4yx53jb,3f01d20e71b1ea27,1024,0/0
/spttest/o449c6v2fhan,2c0c3c468cf6834f,1024,0/0
/spttest/ckprl1fjp2r7,16f8740616a1b933,1024,0/0
/spttest/5pnq0r2ptl7f,a6f5cdcfd97c19b,1024,0/0
/spttest/mrfx593qq84r,2993f7d4b238c1ab,1024,0/0
/spttest/pv7sy4g27xap,2f3fd6de0eabe651,1024,0/0
/spttest/fo966nqbbur2,1ca143fab140f36e,1024,0/0
/spttest/en6kfpgj6asy,1abfb8f0fe1fff32,1024,0/0
/spttest/1pka0h89rxjf,31fa9b7a3a9bb8b,1024,0/0
/spttest/frp87v714088,1cce06dbe489a728,1024,0/0
/spttest/726o3uobibfn,ce5af45b374f563,1024,0/0
/spttest/w6fhhsyt37f,1a1fa28907f577b,1024,0/0
/spttest/12y2vld8yapd,1f9e3a8c6ffd6b1,1024,0/0
/spttest/8iggxjodf27n,f8ca9e50f1bb5f3,1024,0/0
/spttest/w9sv7keqj1xn,3af2f973fa7ce28b,1024,0/0
/spttest/h2xqz7kr6mzx,1f3399011207b4ed,1024,0/0
/spttest/rchdgvwdcjz1,31f3b970f3e28d1d,1024,0/0
/spttest/ejvf2n7dkbp2,1a94bb5c50581136,1024,0/0
/spttest/gv5ayj3u2xuf,1ece68cb97b391d7,1024,0/0
/spttest/w4wines2ehhc,3ab3586a96e42200,1024,0/0
/spttest/4hydf7ergzm5,837ad4af0993b4d,1024,0/0
/spttest/3g2et5avawsg,64b8a91c2ab3b80,1024,0/0
/spttest/akh6jo49je72,134e209d3a71479e,1024,0/0
/spttest/7xqjjwtm9byg,e7f85e9536acec8,1024,0/0
/spttest/97d9vu8173pm,10d03e204a0e6f8a,1024,0/0
/spttest/urkeezbexxhe,38327f8dc2f8b1c2,1024,0/0
/spttest/k7xqlteosxkp,24ef620f627eb8f9,1024,0/0
/spttest/t4ebr885olsy,3531f05f6e130962,1024,0/0
/spttest/8fhg4jjzmvnl,f660c6cfa16a8c1,1024,0/0
/spttest/okhqv9famw7f,2ce0ee25e2ff828b,1024,0/0
/spttest/nzwqb0nnhg9t,2bd58fd666d55fa1,1024,0/0
/spttest/yqkgsf1bzm6q,3f73fd5afa4eda12,1024,0/0
/spttest/mhwdlwfc4bj2,29180364fdc07b5e,1024,0/0
/spttest/geyauhqku7sz,1dfc0dd275b84f03,1024,0/0
/spttest/jdpznbb40je0,2366e89c6c306228,1024,0/0
/spttest/y54pk4r63oey,3e5d8792ddfdf05a,1024,0/0
/spttest/6sc1hixg3rn3,c65bae03cee42af,1024,0/0
/spttest/b7vzhxthxfqi,147e38f5722262ea,1024,0/0
/spttest/c9gcgxw5g8r7,16662c1b51414553,1024,0/0
/spttest/vv2t4omof1x7,3a33b8f28e73677b,1024,0/0
/spttest/hsrcnyv55d7s,208302bf5b6db328,1024,0/0
/spttest/122utz8vd0ex,1ee9f9a388b5259,1024,0/0
/spttest/lsjg9z16axvt,27ce9e094de7a409,1024,0/0
/spttest/dfkl8py5njas,188940de560a3e74,1024,0/0
/spttest/tdjuph5zh51m,35a8d6264d50baca,1024,0/0
/spttest/udhh78la7yuv,377b980016c6aa37,1024,0/0
/spttest/zjm715270jct,40ed4d803a51a0fd,1024,0/0
/spttest/xokjqy938lh,1b583087add1f45,1024,0/0
/spttest/eb3udlz9xki5,1a22de43a9528b0d,1024,0/0
/spttest/4u8qxzqqpta9,8d74ac006c0d281,1024,0/0
/spttest/mmlzbqc8us0g,2955355997ce0150,1024,0/0
/spttest/pmscjwngi4pu,2ed2593961887462,1024,0/0
/spttest/facjxr6uakqi,1beca2c6b2582d7a,1024,0/0
/spttest/lz6ry4x8rxzw,2824f7fdfb73d0dc,1024,0/0
/spttest/8theafdep0wk,101be14ec4f562d4,1024,0/0
/spttest/dankds7rt0t4,1849617c11622058,1024,0/0
/spttest/5bysmj8mfpqn,9bd8200f42fd60f,1024,0/0
/spttest/obj52l2yynm8,2c6c87a60cbf2610,1024,0/0
/spttest/95njeg7umd20,10b9f7b6ae02c598,1024,0/0
/spttest/q4qfy6ki4lmq,2fbb77d2d71b4882,1024,0/0
/spttest/xp77hty2ivnv,3d8e9a3901c48acb,1024,0/0
/spttest/riqod600g6gr,324504411b6f24bb,1024,0/0
/spttest/fbwv2uww7n9b,1c00f3fc2f7d717f,1024,0/0
/spttest/e9v4wwfk9k11,1a12bcb9e130fda5,1024,0/0
/spttest/nsvlth916hvz,2b7a3b28b29c550f,1024,0/0
/spttest/p51wxf9dgb0t,2debfe323d74bccd,1024,0/0
/spttest/gfnb8mo5rwf5,1e0514092667c1e1,1024,0/0
/spttest/8ki4wcveck7d,fa73e4542b25b49,1024,0/0
/spttest/bt735aygqlat,159300c36d53a655,1024,0/0
/spttest/4gzoqscykyus,82b29740e323f74,1024,0/0
/spttest/3fhg6h3smla0,643fa5a1ab72d38,1024,0/0
/spttest/5m5zpnatdzua,a41ff54c1114bb2,1024,0/0
/spttest/i6cg8x042f8h,21337c02299b4da1,1024,0/0
/spttest/a982ljz87ygj,12bbf558e0128e33,1024,0/0
/spttest/l5e0lod12on0,26a1e71269a29e3c,1024,0/0
/spttest/jmgw4ynsuxo2,23d8879a25217df2,1024,0/0
/spttest/sizyxkjtjfn0,341bfbec41b0beec,1024,0/0
/spttest/cw4xmeyfhi8v,178ccedd3c940d9f,1024,0/0
/spttest/pwj6123lyu1p,2f50edbd3ad14d9d,1024,0/0
/spttest/804o8cxo2vdg,e9e9995f9e70754,1024,0/0
/spttest/ysvhy293p9i,1c40ddba52ff3a6,1024,0/0
/spttest/9pdlgy3v00aq,11ba2a79ad278c82,1024,0/0
/spttest/498o60nwxorh,7c67d3bc12e579d,1024,0/0
/spttest/ac5mmf2tj9e5,12e20b63cfffab4d,1024,0/0
/spttest/m25w3ks38b69,284b9e0b8238bd91,1024,0/0
/spttest/leki0v3cuzm9,2719254aedbe77d1,1024,0/0
/spttest/v2s4zseby4cy,38c42c261dc3ad92,1024,0/0
/spttest/w5mgkysuvyjc,3abcb4af5736ae98,1024,0/0
/spttest/ddqc3jxq58rr,1871591aab1a29a7,1024,0/0
/spttest/7jih2izljsry,dc6c3002d41596e,1024,0/0
/spttest/6q1qyje347r9,c4809ab40558b45,1024,0/0
/spttest/sxc8y2cz0lhw,34d643a10d8bbfd4,1024,0/0
/spttest/agqxoz60yray,131db08e4c36c6ba,1024,0/0
/spttest/q1y9t5sejmnk,2f97533f29e84770,1024,0/0
/spttest/z4i0g82pk943,4028f44aa128ec23,1024,0/0
/spttest/qn7juii3r57u,30ab72b4df795e2a,1024,0/0
/spttest/2uy98vm2bn61,539446e790b9409,1024,0/0
/spttest/fuafcv56h3mh,1cefa76c19101699,1024,0/0
/spttest/dc0vo2vwz3ws,185b2c7c6a3a1a8c,1024,0/0
/spttest/45284avuvk7e,79034d27a60d20a,1024,0/0
/spttest/bnz1gg2cx0v9,154f273242b256a5,1024,0/0
/spttest/x5kgj5x0j45y,3c8f990ff0a6cfd6,1024,0/0
/spttest/ibu6u915hxhl,217ad4c87bd89cc9,1024,0/0
/spttest/tc5jmagtmvro,3596af496ab8e754,1024,0/0
/spttest/cln4e95ssfjy,17047d0c21561dbe,1024,0/0
/spttest/yla5hkv6sxea,3f2f5264aa94ba12,1024,0/0
/spttest/meec73mros33,28ea896016c4a72f,1024,0/0
/spttest/4quj7zxnck5d,8ab3202e7237c01,1024,0/0
/spttest/3h0su4q9inyk,657f314ab9c5acc,1024,0/0
/spttest/hw8n40osmwy4,20b03794610d4c4c,1024,0/0
/spttest/uwpkhpbap71w,38754f44703a15f4,1024,0/0
/spttest/7o45de2pqapx,e028a1d2199d9c5,1024,0/0
/spttest/l1lpawu3bymn,2670b80006a21f0f,1024,0/0
/spttest/ff88qajo1b04,1c2c06d4d3c351f4,1024,0/0
/spttest/8zoallid7d9p,106c4df5723383ed,1024,0/0
/spttest/m7tyqbgrnf1,120971bddf7eb4d,1024,0/0
/spttest/zu6vlwhzqsqf,4176a87ddb4d3af7,1024,0/0
/spttest/upe794919ehr,38164873d62b969f,1024,0/0
/spttest/85c64cbi0h5b,ee24058526674cf,1024,0/0
/spttest/e1jlo9k3go0d,19a6a941978c208d,1024,0/0
/spttest/7e0enioghlnq,d7f4be32dbad7e6,1024,0/0
/spttest/gxz02jx96f6p,1ef31a6b49c10f61,1024,0/0
/spttest/m5f4akletga0,2875ea2775b6f9a8,1024,0/0
/spttest/mchv5ohj6apx,28d1d49d81f412c5,1024,0/0
/spttest/dpw4uj7hagft,190f4fca7f834eb9,1024,0/0
/spttest/f61lrr4cq737,1bb4ba6701e13263,1024,0/0
/spttest/iobbljsbilgb,221ce25531d1881b,1024,0/0
/spttest/ftqyrf3t0djt,1ce8a1d83a341d99,1024,0/0
/spttest/7mh99lrxkj08,ded4a617af53a38,1024,0/0
/spttest/feebwi2cxpcw,1c213bec881af2a0,1024,0/0
/spttest/crewsznnlvma,174f762a7277f652,1024,0/0
/spttest/v6a0ge8vtrdi,38f196e6f1e3aed6,1024,0/0
/spttest/ctdca4xtffb0,1768dfa6d13c1c3c,1024,0/0
/spttest/lk7v30uytsg8,2762858e19918f48,1024,0/0
/spttest/1sgbgsj5qenl,34533be39e1ddb1,1024,0/0
/spttest/x72574ft6bf5,3ca2f7dd94485851,1024,0/0
/spttest/4gm8pn4e12h1,8264f8830d0d0c5,1024,0/0
/spttest/mno14ni07r47,2962eff861197d07,1024,0/0
/spttest/7iobhb3gsb03,dbbe19cb68112b3,1024,0/0
/spttest/j5xv1hzcvxh8,2301d5af6a90033c,1024,0/0
/spttest/4atjnchlypwn,7db02a11ceb50a7,1024,0/0
/spttest/nd943t5kquv2,2aaf46c2443076be,1024,0/0
/spttest/jdihp6wqtoh5,236433fba89b9b29,1024,0/0
/spttest/i6wjbkh47fpk,213abb42795db348,1024,0/0
/spttest/iinldfnbpebu,21d3604a71bcebca,1024,0/0
/spttest/fur8phxb4n9s,1cf5b89f4be4add0,1024,0/0
/spttest/nd3rj9ykf5r,12f7b5a0f8b9fbf,1024,0/0
/spttest/s6il6chumzdy,3379d74958bd5ea6,1024,0/0
/spttest/xsqyf59rykuy,3dbcb21303476d1a,1024,0/0
/spttest/wxxm58xwlnfv,3c2c6e32cecc6deb,1024,0/0
/spttest/x41odf8ofjmr,3c7bd4ed107e7923,1024,0/0
/spttest/f0hxs2bifcgs,1b6caf90c1cf6adc,1024,0/0
/spttest/12wxt00b91ah,1f97a46fc8e99c9,1024,0/0
/spttest/k3ncistd2pyt,24b7ad36fbd1f0f5,1024,0/0
/spttest/dvi8ku2ne5yk,19583bbf780db4ac,1024,0/0
/spttest/ux0l0vivlxab,387948af391192c3,1024,0/0
/spttest/6b7ed1r09gts,b873cb4d7185970,1024,0/0
/spttest/60n4iw11l3p3,afe07886005caf7,1024,0/0
/spttest/1odtbgiiamm9,310576a57232b01,1024,0/0
/spttest/6jdy8wpmazc0,bf183fd864fab60,1024,0/0
/spttest/l8plxleuqijz,26cd0d9fa974466f,1024,0/0
/spttest/qgmhxnwqwfg1,3055ea86a8bfa031,1024,0/0
/spttest/i6cs1raetmc2,21339a49a3373c52,1024,0/0
/spttest/vcrrbfdc73fn,3945ed9feaf89d23,1024,0/0
/spttest/cvr0qk6ux2dl,1787c9b39cf40049,1024,0/0
/spttest/ybkftuv1kdwf,3eb1240a8f42205f,1024,0/0
/spttest/386pk8odxva,29ebeec5bda4b6,1024,0/0
/spttest/4zuheltjmyt5,92014a94b08b0b9,1024,0/0
/spttest/epd4o19wltym,1adc1192d4307eee,1024,0/0
/spttest/ez06748j3f9v,1b5949478e048313,1024,0/0
/spttest/g1jse28hl92r,1d4df4f95c159233,1024,0/0
/spttest/ed3r2l5324yu,1a3cd04b75536ca6,1024,0/0
/spttest/l1zwrb49wy4i,2675d848dc6b1dc2,1024,0/0
/spttest/l1xhhtds0iqx,2674f86282545ee9,1024,0/0
/spttest/jsd29nqymoa3,2425156624fcde6b,1024,0/0
/spttest/3tfk1q7wzzw4,6f92522708e1c74,1024,0/0
/spttest/tgfm9lxdywwc,35ce46ca25c3bc0c,1024,0/0
/spttest/sq6w7440v1y0,34796847cf28ab98,1024,0/0
/spttest/6a07lotmc9v2,b77a786ffcce6ee,1024,0/0
/spttest/zokt4dpbztod,412dbfb9eae73ffd,1024,0/0
/spttest/mdocrizy1pfu,28e12941c428e50a,1024,0/0
/spttest/u8supfs71ed,188daada6b24ad5,1024,0/0
/spttest/d4r7mbifabix,17fcc2ab9fc97fd9,1024,0/0
/spttest/maoxmwb6ujw9,28ba6709c6311239,1024,0/0
/spttest/79efql6xg2a9,d43698b324ed891,1024,0/0
/spttest/8pdp7uzikrto,fe696d9393527dc,1024,0/0
/spttest/kgun8y565el9,25632ba6c403f31d,1024,0/0
/spttest/4iill1k8581y,83ef99993dce006,1024,0/0
/spttest/jlm5gdjh2p33,23cd70179534987f,1024,0/0
/spttest/rsf4w2i9z2hr,32c2becd71c5485f,1024,0/0
/spttest/f9l6wt3rew83,1be2c36932c551a3,1024,0/0
/spttest/rmrga8xrlo0q,327940ea4b558bda,1024,0/0
/spttest/ejaf76t6kb57,1a8d27f38fa1ef6b,1024,0/0
/spttest/afds2za012oe,130bf41d8346dbce,1024,0/0
/spttest/jadvtsb6mh8q,233b929ebd74d2ca,1024,0/0
/spttest/x2yzod47cyqy,3c6ddf9167bc01ea,1024,0/0
/spttest/n67756z651t4,2a53a90570766a68,1024,0/0
/spttest/dqera62c9y0v,191607fb204bc87f,1024,0/0
/spttest/xclqtvi07b8h,3ceafca619c2eca1,1024,0/0
/spttest/ndqhg7nukfz2,2ab58b42169a97de,1024,0/0
/spttest/nyb0eo89fbj0,2bc0bc65d443b11c,1024,0/0
/spttest/pt9oy19tuq9u,2f268ad22e1c7182,1024,0/0
/spttest/jckacq3ojkft,2357dc9d1ff19239,1024,0/0
/spttest/z71ibehpvcr8,4049f7a45dc18f54,1024,0/0
/spttest/3vwmvvmg4w1m,719493043ba533a,1024,0/0
/spttest/1j8r20dg2726,2cd917c4d9d743e,1024,0/0
/spttest/qa8a58wtdorp,3002d9d82d5f3ba5,1024,0/0
/spttest/3thr46wcewv0,6f9f001cf5509dc,1024,0/0
/spttest/mg0nl8caqk20,28ff93f6d3dda208,1024,0/0
/spttest/sqchcxtde7ls,347b6c6b1988ef00,1024,0/0
/spttest/m8gxu4ghl1zi,289d8a180415ae4e,1024,0/0
/spttest/p0mjn40b055h,2db27d8e35390515,1024,0/0
/spttest/dxwev999yr0g,1977538de46e7a40,1024,0/0
/spttest/f2qjtqcru03c,1b89c59749f8e6f8,1024,0/0
/spttest/yq7izgrmvm0p,3f6f5233be9b6339,1024,0/0
/spttest/ctvhdpx53pou,176f6b5d40e0bdce,1024,0/0
/spttest/7f4szcdm1cbt,d8ddf6181c29ea9,1024,0/0
/spttest/32l2bb5njha9,59c6be93a78f941,1024,0/0
/spttest/73hhsxrdy0gh,cf694683649bfd1,1024,0/0
/spttest/h4j9xtfa4c2u,1f485aa505d30c26,1024,0/0
/spttest/5svbxva4m7mq,a991373f170ec22,1024,0/0
/spttest/nb82exq8n3wf,2a94eb89e36cb37f,1024,0/0
/spttest/gwfjo91p6ah0,1edf1818079c6784,1024,0/0
/spttest/yys5ej0tma96,3fdead244121ca6a,1024,0/0
/spttest/pbdgt6hjr00p,2e3e18ccefbaafd9,1024,0/0
/spttest/6hnh5nzhigei,bdaf94f5383f08a,1024,0/0
/spttest/o0zulryeqgc,1381a252edbfb6c,1024,0/0
/spttest/fgwoci9hw56f,1c41d4fef56c7737,1024,0/0
/spttest/23iqhhb0n8fr,3d4f4d6e2f9e677,1024,0/0
/spttest/57e3k0sk7dey,9821549ccb7c3aa,1024,0/0
/spttest/kvqsejogvnp8,26249e41e039a9bc,1024,0/0
/spttest/aixuy7qrgo9w,133a2a9bab1471e4,1024,0/0
/spttest/8isn4qbdwmnm,f910e386dd113b2,1024,0/0
/spttest/1mmzp05tbsli,2f9ac9385441686,1024,0/0
/spttest/zrtsp6gvwyld,4157f5ba2aaad621,1024,0/0
/spttest/rgaeyq2jxoo4,32252bba42d65624,1024,0/0
/spttest/ld18ebhds93n,270534572a3f5e13,1024,0/0
/spttest/d1ig5vkwkegk,17d2a18196b9a634,1024,0/0
/spttest/ast9f9hqfc16,13ba6678614478aa,1024,0/0
/spttest/d7uqycvj4cea,18250127379f26c2,1024,0/0
/spttest/87vaguswo81y,f03210293cd2ec6,1024,0/0
/spttest/knmk02yhnyfi,25bb2d2c5f68a70e,1024,0/0
/spttest/waw2wwvh1lk7,3b011f94dabab067,1024,0/0
/spttest/7xillh21ld3j,e7ca83558f66e8f,1024,0/0
/spttest/kfb5ng0zpv8x,254f263f473d2d71,1024,0/0
/spttest/uyuf4bzrhz1s,389109d7163ae2b0,1024,0/0
/spttest/u6r52y5kxu3i,372427ca5e2b7e9e,1024,0/0
/spttest/m7kd1yuivzai,2891c8fcd64eae6a,1024,0/0
/spttest/39pjs5brcedb,5f8f6ffe2132abf,1024,0/0
/spttest/uylno69nmbjg,388de07764887eec,1024,0/0
/spttest/mqdyctiwfalb,298644f157c45b5f,1024,0/0
/spttest/rp63i2bf5gkw,329884277832fe30,1024,0/0
/spttest/pp3i42ft9zsh,2ef05a0dd8c31671,1024,0/0
/spttest/81ssccnl9ddf,eb44a3a62815cf3,1024,0/0
/spttest/iqwh331jb18k,223e7ea873526204,1024,0/0
/spttest/vs2737tqg44o,3a0c88a0208d96e8,1024,0/0
/spttest/r3hs4upur8nq,317ef7c2837b2696,1024,0/0
/spttest/lbtcq81kad4l,26f55f3fd93d98f5,1024,0/0
/spttest/p8aiaryo9il8,2e160fbedb86d65c,1024,0/0
/spttest/e8syenzy2pwi,1a04f609e071ada2,1024,0/0
/spttest/1txl9tqpu4ds,3586c6bd7c8e2b0,1024,0/0
/spttest/n5ffymonmg3i,2a49a555afc7b1fe,1024,0/0
/spttest/pqmy8f7y6fbq,2f045bab9d646116,1024,0/0
/spttest/yzqms1fccetk,3feb1e3e40480e08,1024,0/0
/spttest/1mgwojoc7qr2,2f77aa305bc9f2e,1024,0/0
/spttest/utuy0s1iqkv3,3850480d998aa21f,1024,0/0
/spttest/c9o2wm8cxh8s,1668f68316c5e18c,1024,0/0
/spttest/t32rdehpmsni,3520c6c3a824f78e,1024,0/0
/spttest/cwrvc93fqz2d,1795157a57311f05,1024,0/0
/spttest/e7k1wknmbxny,19f4c270f8d7512e,1024,0/0
/spttest/uofw6on4693p,3809e78900aab395,1024,0/0
/spttest/mmp1ym92ndgt,29565137a94889ed,1024,0/0
/spttest/5pboy313mttz,a6b05b03b2d7787,1024,0/0
/spttest/v5k6nh9i64sk,38e8453a374f43c4,1024,0/0
/spttest/ygna35vnlgwa,3ef31cb2bbb2abca,1024,0/0
/spttest/jfttnwp4ynjy,2382453ebe93f3be,1024,0/0
/spttest/j3jrdfsgju9i,22e2c49aa9844ff6,1024,0/0
/spttest/j4lnbep3j29r,22f07030843f193f,1024,0/0
/spttest/anhf0p2qfo3w,13752e1fc8a659cc,1024,0/0
/spttest/mjjqhwkhnhxx,292d6e30f2737b95,1024,0/0
/spttest/fbxefowey73y,1c0125a64e64e67e,1024,0/0
/spttest/lq7q4usyopai,27b06865a7b5c80a,1024,0/0
/spttest/juxm9fzdsts9,24467a93df624ec9,1024,0/0
/spttest/njydmipt81fg,2b0653ee4c949a3c,1024,0/0
/spttest/bzialmpawqpe,15e4fb7a80da3d32,1024,0/0
/spttest/vv34psvgiqlf,3a33d6ad1d1b4323,1024,0/0
/spttest/cd84fq6v2m97,169729932c1d942b,1024,0/0
/spttest/p6zixl0pb9gb,2e051c104af94d9b,1024,0/0
/spttest/yqqdwn5c5f4,1c3480132fac770,1024,0/0
/spttest/hcuor80j01t7,1fb462c410a03c2b,1024,0/0
/spttest/n1g31a9ct0gv,2a15eb8292dfd79f,1024,0/0
/spttest/sn37352b294z,34511afa4f49ddc3,1024,0/0
/spttest/kh8jv83dvv1x,25683021a11907f5,1024,0/0
/spttest/ssxx40mlyi11,349d2314e2badcc5,1024,0/0
/spttest/tlyxfloffeks,361630b87d75d68c,1024,0/0
/spttest/qjwi05x2z3bg,30807e2825b8b18c,1024,0/0
/spttest/t3d4u7opwd1v,3524850003a41313,1024,0/0
/spttest/uz2vbkhu1819,3894165aba97a0ed,1024,0/0
/spttest/90dvcn6802qt,107588687cf55de5,1024,0/0
/spttest/qap63oihfr48,3008f1bad24cb008,1024,0/0
/spttest/qo3w6vaihgil,30b71e2908c897dd,1024,0/0
/spttest/9gjm0cut54km,11476ec1ee80db66,1024,0/0
/spttest/fwpw7ydixd9p,1d0f36ba4c97476d,1024,0/0
/spttest/7f9s03bhx4fv,d8faab5abbd81bb,1024,0/0
/spttest/ctdjoimitgt1,1768f2a313e88455,1024,0/0
/spttest/raznpdg4yqoj,31e057d1a2b48f93,1024,0/0
/spttest/obe9c504cfiv,2c6ac4c05e86ad97,1024,0/0
/spttest/sx0cl2aebr4b,34d1f88bf24ef40b,1024,0/0
/spttest/gok9p468be8c,1e78e248f6be7ccc,1024,0/0
/spttest/i2st4wdidarg,21056df138f91dbc,1024,0/0
/spttest/xpi37o28n9kh,3d9287492d2b2031,1024,0/0
/spttest/non9divumxl2,2b43434274486d86,1024,0/0
/spttest/reluty74segv,320f51fa2174983f,1024,0/0
/spttest/pc0z43v76odx,2e46943ba80b33f5,1024,0/0
/spttest/kt6w5sj66c5q,26037604ab1d750e,1024,0/0
/spttest/vrx9biskutha,3a0ac081fb5954be,1024,0/0
/spttest/oy1o3xglxq9k,2d90fac54f744838,1024,0/0
/spttest/6feok3jqag5z,bbdd278a9362657,1024,0/0
/spttest/swrmatswexs5,34ced2292ade0285,1024,0/0
/spttest/l5vsco19b6ap,26a850882be5c1a1,1024,0/0
/spttest/7qz9tv3rap4w,e27bf7adf70b4c0,1024,0/0
/spttest/52tkmok6zykj,946b85611532fc3,1024,0/0
/spttest/wqn1marotbyt,3bcdb10d7d7865d5,1024,0/0
/spttest/12y3gol7k6gr,1f9e5299129b8bb,1024,0/0
/spttest/zumrd19229t7,417c637d033ff42b,1024,0/0
/spttest/xc1jt2sqv111,3ce3b344443cc0f5,1024,0/0
/spttest/cvsa2rsj77ig,17883e08402334c8,1024,0/0
/spttest/abf3mvuq9h1q,12d87919510bc08e,1024,0/0
/spttest/pn7ncp5knogy,2ed7de7529ad33a2,1024,0/0
/spttest/dhls03k4p8rs,18a3a918a02a7ca8,1024,0/0
/spttest/xmvpr4j1v18e,3d707a23076be4fe,1024,0/0
/spttest/d30g59nykc6z,17e61d5910e968bb,1024,0/0
/spttest/plit00aplfqd,2ec1ea7c300f63e5,1024,0/0
/spttest/s6baplfuwwrr,337735db67fe77e7,1024,0/0
/spttest/sthzfau9wla,1765802b7cc033e,1024,0/0
/spttest/5a9kqk3mptrp,9a76b4d2bcde4f5,1024,0/0
/spttest/ahr2bkxxst7y,132ab9afd2a967ee,1024,0/0
/spttest/gmqfmjokzc4b,1e6121314eb7cc1b,1024,0/0
/spttest/5j8rnahnzb1a,a1c07f8af84dd9e,1024,0/0
/spttest/kq716dkyreya,25dc8b1e5f560672,1024,0/0
/spttest/57z0l221gbcw,989a165d5afe680,1024,0/0
/spttest/dhw3dfqz0fxq,18a761f3f2442bae,1024,0/0
/spttest/lk4zo38rfh09,27617c37049a4ed9,1024,0/0
/spttest/qsdr7wdvujti,30eea21d38ef52d6,1024,0/0
/spttest/slshgyluhb8j,344040503091c523,1024,0/0
/spttest/2j24iuph6jze,49ecab4abd2bfaa,1024,0/0
/spttest/3bhs1ubwtdwo,61023c8c72037a8,1024,0/0
/spttest/6be56jobtxro,b89abba877f4b34,1024,0/0
/spttest/pkuj1jff6jzz,2eb928193d2c25bf,1024,0/0
/spttest/731pc8wh6yzm,cf0e1da16dda7a2,1024,0/0
/spttest/5x25zimilyxr,acf7fc7c1d5ee1f,1024,0/0
/spttest/pl4z5ut4r6mo,2ebced2424bc9250,1024,0/0
/spttest/as0dhsw7kosr,13affa3c3c4ba18b,1024,0/0
/spttest/mutgesppvcdi,29bfd1d180424d66,1024,0/0
/spttest/cf2yssb5n076,16af47c87d4451c2,1024,0/0
/spttest/ns9hjsqg0umd,2b72401ac1c8d305,1024,0/0
/spttest/bva7fzb2y5je,15ae1b67d7f48e8a,1024,0/0
/spttest/91bsjzwxh2wy,1081c5c153445a02,1024,0/0
/spttest/aw42ufn7zfyk,13e545696f80ce8c,1024,0/0
/spttest/infpdrripo9n,221179ea6703d51b,1024,0/0
/spttest/brfbso8zhc93,157bff6340f1fb47,1024,0/0
/spttest/l186v2mnvmb0,266bd7e6630bf1ac,1024,0/0
/spttest/psd1b3ieea33,2f1ac263af2f708f,1024,0/0
/spttest/n9x9khv90yf6,2a84089683eb4342,1024,0/0
/spttest/2pni4l46yj7m,4f470e227203bc2,1024,0/0
/spttest/avcc0da6b066,13db429db78bd39e,1024,0/0
/spttest/mzx03oigx5f,12ab936f842edd3,1024,0/0
/spttest/cjsrawmwmpsu,16ec8b264a19e41e,1024,0/0
/spttest/x26q1ys3p4w1,3c63ac919b591801,1024,0/0
/spttest/x3tx00o2lsb4,3c79081de4a72490,1024,0/0
/spttest/820s9sjskqtp,eb72cfddd488ccd,1024,0/0
/spttest/59a45ssv7wjr,99a9fe184830f87,1024,0/0
/spttest/8bjqw0oam0op,f32ebc0574d56f9,1024,0/0
/spttest/2l0dzi3od4vo,4b824c2ee2f3df4,1024,0/0
/spttest/9akk43rmk2q8,10f9d6b88f0b9cd0,1024,0/0
/spttest/ktqtmx39awh9,260aa6e8084de7ed,1024,0/0
/spttest/5fsmlvygj71z,9ef3d616145b277,1024,0/0
/spttest/2n1oyhepes7b,4d297cb4c60c747,1024,0/0
/spttest/3bb28r9c77xf,60db75b753f23e3,1024,0/0
/spttest/wh4izip6m27o,3b521b4e5bc75eb4,1024,0/0
/spttest/ptaxnaflekqz,2f26fd83f57b918b,1024,0/0
/spttest/vdc0s3kofu80,394d3d4515535ec0,1024,0/0
/spttest/mi5phr03vczp,291b6133c7f92685,1024,0/0
/spttest/61ebuwrru22d,b07d84ae0592cf5,1024,0/0
/spttest/3mzqmt88zutl,6a58099821ffec9,1024,0/0
/spttest/jvkvs19fm83d,244edf76db6d1579,1024,0/0
/spttest/lueqr840ohlk,27e6e59895973f18,1024,0/0
/spttest/in1xzq06hfyr,220c82d9dbe59113,1024,0/0
/spttest/1fhnylzb5mz6,29cd3d549de2a92,1024,0/0
/spttest/2i9ull8gty0g,49496eea2ee1170,1024,0/0
/spttest/bw1ctwkdczpe,15b7e72b636a7cc2,1024,0/0
/spttest/j3x7h31kcmj5,22e79eb425fea511,1024,0/0
/spttest/6bg2c9uogdol,b8a5d2d0aa68945,1024,0/0
/spttest/qtnjlyii6gto,30ff27876fabd4ac,1024,0/0
/spttest/6j0iwzwk436b,becabde12812d13,1024,0/0
/spttest/ycpnik6p7g3h,3ec002dc3f4e9e3d,1024,0/0
/spttest/5xttal8ugc7u,ad979866afd6fda,1024,0/0
/spttest/qy4uylcistjw,31395bf0b020569c,1024,0/0
/spttest/pgjeq6ymh696,2e812ff2fe50b7ea,1024,0/0
/spttest/7n3rdlg6bot,6342ea50e194ad,1024,0/0
/spttest/r5irvmqfupqx,31994dfbf91314d9,1024,0/0
/spttest/j21po6n6v93e,22cf445a764221ca,1024,0/0
/spttest/gtx50foqj5ai,1ebe79556c124b8a,1024,0/0
/spttest/t83q639eo00g,356212544a205810,1024,0/0
/spttest/s5b6mvoh2ruh,336a2e24c5d37a79,1024,0/0
/spttest/xbqfa7zexb4l,3cdfaf9be4f1e095,1024,0/0
/spttest/tbnhqsofcgc1,35902bd915fdecb1,1024,0/0
/spttest/dhhczntewe8j,18a2111af44fa213,1024,0/0
/spttest/7lfvnpnmo21z,ddfcdd71ed50267,1024,0/0
/spttest/wb08qg0hvahz,3b029ffcf60577e7,1024,0/0
/spttest/weuswuypdq4e,3b349e941974267e,1024,0/0
/spttest/qrkwft50waw3,30e438d3e9e6c323,1024,0/0
/spttest/quj7k2lx6c3g,310a946392afd7bc,1024,0/0
/spttest/vrruqmarvr4i,3a08cd417aacde12,1024,0/0
/spttest/mjyffp3rqovz,2932bb55798c377f,1024,0/0
/spttest/uxrmsy9idlkl,38830b319ee7e475,1024,0/0
/spttest/4njfbcgnj8ok,880382a7c71e9b4,1024,0/0
/spttest/pm8f6m6dze96,2ecb289c003617ea,1024,0/0
/spttest/c22db5f7x61b,1606344ea8d7afcf,1024,0/0
/spttest/ldsylkwtxc2h,270f3582d11df859,1024,0/0
/spttest/gewvilvkw0w2,1dfb8a1eba5d0c82,1024,0/0
/spttest/qvctet51sm3,15d08f9e2ae201b,1024,0/0
/spttest/i4ti17wmg0bc,211fa8568d116b98,1024,0/0
/spttest/j5nzegczde5u,22fe45307311bbf2,1024,0/0
/spttest/44p0qrumicuc,78b711c3ddd4f84,1024,0/0
/spttest/shw9l7pdw1qm,340da8893ecbb1ce,1024,0/0
/spttest/tg7f1y6dewgx,35cb5156584100e1,1024,0/0
/spttest/9aljntlyrxkx,10fa31edc06e48c1,1024,0/0
/spttest/3meypkpu3pbf,69e0196fc7904eb,1024,0/0
/spttest/pi8nke7v971p,2e9749173d8266ed,1024,0/0
/spttest/sqqrb462thzu,3480931a04941a5a,1024,0/0
/spttest/ny98crbpefw9,2bc0180d17edbcf9,1024,0/0
/spttest/rca859gr4axe,31f12534c9601b52,1024,0/0
/spttest/gh230czgtj9o,1e1765b352e342cc,1024,0/0
/spttest/qgexg1wxiuf4,30532f60a12bbb80,1024,0/0
/spttest/q3qw9dv98mtj,2faea46af8a2ba87,1024,0/0
/spttest/d9ah98kvurqa,1837ab6b6096f6e2,1024,0/0
/spttest/8ty6k0mosztd,1021efb99e40d451,1024,0/0
/spttest/lxdsl7yutkwb,280d85b39e54650b,1024,0/0
/spttest/hzxg8qpkit90,20e022ee95a59c94,1024,0/0
/spttest/uknbdtx64sa4,37d8a0150241622c,1024,0/0
/spttest/i6eqgnwh1aqj,21344ef476898d9b,1024,0/0
/spttest/28broa16fpeb,41363987bf33853,1024,0/0
/spttest/3rbnie87h0rw,6ddc208887b052c,1024,0/0
/spttest/iyti8g1bihch,22a5568e13eab751,1024,0/0
/spttest/wat9plit9tw1,3b001bea752b5491,1024,0/0
/spttest/6riuikn9mfrz,c5b324fa2bf1e5f,1024,0/0
/spttest/w954yzkwb59y,3aea69a9623c8f76,1024,0/0
/spttest/odd3ztiyqtlc,2c84553093c89250,1024,0/0
/spttest/h5u3hsxvcyfe,1f593f6a7f45dc4a,1024,0/0
/spttest/jonlr7ryioic,23f4ee0e413f2a94,1024,0/0
/spttest/xz4w15d9p5tz,3e0fa8a40f8c76c7,1024,0/0
/spttest/wqz8qppvuybi,3bd217bf2d199c3e,1024,0/0
/spttest/8djzgwfyjbrz,f4cfc4786a9c05f,1024,0/0
/spttest/d8m02gunhwm0,182ed67b12feee58,1024,0/0
/spttest/1x2rai1orhjk,3814179b9a5ed90,1024,0/0
/spttest/emq6kpjunolw,1ab9cf7c2c9f7654,1024,0/0
/spttest/cqjzg82pacey,17444d89abc8de5a,1024,0/0
/spttest/myj9jeeop9ju,29f01987c874ac9a,1024,0/0
/spttest/ya212lguzzco,3e9d824acfd68bb8,1024,0/0
/spttest/stl2djvwa2a0,34a57d0f45b29608,1024,0/0
/spttest/y6frco01nwrx,3e6e817b085626ad,1024,0/0
/spttest/6ay9kz3x4u1n,b83f120d4ce4e1b,1024,0/0
/spttest/12qleor99f96,1f7304222aaaa7a,1024,0/0
/spttest/ukkvshr47elj,37d7bf56882925a7,1024,0/0
/spttest/nxooy61kild4,2bb8aee57def54a8,1024,0/0
/spttest/7cm0k566i5x5,d6d1d5051f6dc79,1024,0/0
/spttest/8dn6g6grdgt,6cd6504e9ee4ed,1024,0/0
/spttest/ue8hzqnog0eg,378557f969f29a08,1024,0/0
/spttest/n8mr7dhuugm4,2a7340878c56019c,1024,0/0
/spttest/poodj8z3nhiw,2eeae4c896664778,1024,0/0
/spttest/lvvbotycq3cd,27f9de749ea1b76d,1024,0/0
/spttest/xyl8no5g9x85,3e0891ababe39475,1024,0/0
/spttest/nuifn70thw8c,2b8f750aee1c2a6c,1024,0/0
/spttest/7ogwy72bm0mw,e07254aadbccfb8,1024,0/0
/spttest/ox2e24475nb2,2d84401854c0bc3e,1024,0/0
/spttest/vm9bnvd2wnm,19ab2fbb8114ad2,1024,0/0
/spttest/vjg474oekpbl,399ca70d4438eb31,1024,0/0
/spttest/e2km8xsoke0z,19b4045ac7f89c03,1024,0/0
/spttest/15go5wzbfqd2,21a936b156aca36,1024,0/0
/spttest/bw3taatug9ci,15b8ca208a3f2552,1024,0/0
/spttest/55xs4et1o9ca,96f34cdadeb5a4a,1024,0/0
/spttest/hyd48b6x2s0y,20cbcf7d814f4362,1024,0/0
/spttest/keas33k5uy34,2542062f64e6ed10,1024,0/0
/spttest/lhkftur429ne,2740176e86378d5a,1024,0/0
/spttest/v2vzlqrs706o,38c58fcabae3c4b0,1024,0/0
/spttest/ijakykstjlrt,21dbabb3957ce1f9,1024,0/0
/spttest/oralldwf6svw,2d3946d5aa35d6bc,1024,0/0
/spttest/pp7ospy5zhwf,2ef1dcadc7fec25f,1024,0/0
/spttest/q4g6v51f1h2a,2fb7c4d50f472fa2,1024,0/0
/spttest/8ohsrnejpv6p,fdb142c2c098521,1024,0/0
/spttest/f2u4w95xv6ho,1b8b10c1c804b79c,1024,0/0
/spttest/uz032oluslbq,3893152484ddacf6,1024,0/0
/spttest/ehrda8mqgbc4,1a794ac8af400f64,1024,0/0
/spttest/r12edc1oi26x,315f7067fdf29799,1024,0/0
/spttest/dbgi7rhqurf5,1853d29a60f19451,1024,0/0
/spttest/seq1ft13z7ql,33e471a5107428ed,1024,0/0
/spttest/2sruho0ktgu4,51cf9d9276b4e7c,1024,0/0
/spttest/hjrr7zm5lxe3,200e40c8ea23c94b,1024,0/0
/spttest/irj0dkx0uoxi,2246a041e2177db6,1024,0/0
/spttest/qi3ojcw9qtd9,30691afbd6e5c02d,1024,0/0
/spttest/c3mtxv0kuy2b,161a93999c84cbf3,1024,0/0
/spttest/3dh1iqxz4okj,629da39fab09c63,1024,0/0
/spttest/ui87voxktztv,37b9330e0a5f52a3,1024,0/0
/spttest/82ep13y7i746,ebc31d4b0d69386,1024,0/0
/spttest/sw4jknq0ly86,34c67eb1ceaeb886,1024,0/0
/spttest/rwqqcuktiyly,32fae2f51eda6cb6,1024,0/0
/spttest/rdfam0dhxpvz,31fff6a11bf5864f,1024,0/0
/spttest/b71l59f6ywrz,14734116427a0c6f,1024,0/0
/spttest/ext9pfahenlh,1b49ce727c9bb7f5,1024,0/0
/spttest/v4hkc41ngquz,38da55fa0dd346fb,1024,0/0
/spttest/10k81p292e07,1dae94119bc7467,1024,0/0
/spttest/rwkqwefjuvdy,32f8ba243a716966,1024,0/0
/spttest/4apw31lnj1ya,7d9b11088a84ba2,1024,0/0
/spttest/9kycdmngn5w7,1180b4989f97e997,1024,0/0
/spttest/a6czbx0ishsl,1296c308af826b15,1024,0/0
/spttest/udvv3eew45kh,3780c8cd9c44ad31,1024,0/0
/spttest/5foyhfj87oa5,9edea611572daad,1024,0/0
/spttest/dt9ast81x096,193b079eced8108a,1024,0/0
/spttest/1o4h1dxdopzd,30cf8980d80fa89,1024,0/0
/spttest/983mubw3m8zt,10d9c0f2b4b46a09,1024,0/0
/spttest/dz0jmmbok9y2,1985ce7f4fe2735a,1024,0/0
/spttest/7f7flgywebs4,d8ed224466f5b24,1024,0/0
/spttest/l4mvs46o10xf,26981cc268c9eaf3,1024,0/0
/spttest/9q2qsfv2xjf0,11c33d545547ee8c,1024,0/0
/spttest/8npc4xkkrmp5,fd0cf30a9431fa9,1024,0/0
/spttest/sdvlhpz862r7,33d975ae73e19773,1024,0/0
/spttest/dgqo3nc59pds,18986faba68bedc0,1024,0/0
/spttest/s05wdrqdgzay,332753b63051dbba,1024,0/0
/spttest/faz21t2j7z23,1bf4c159b572f83b,1024,0/0
/spttest/xc43ump7ewrv,3ce49f6df4a1e86b,1024,0/0
/spttest/1je8jzhgiwm4,2cf8c39eafa599c,1024,0/0
/spttest/kbos3yggna5q,25201ba1aa7bc32e,1024,0/0
/spttest/wb7ja62stii7,3b0541a122bfc6ef,1024,0/0
/spttest/z6a5of1699lx,404019459c0ff2e5,1024,0/0
/spttest/d95n989hlb8u,1835ecf8e956612e,1024,0/0
/spttest/74l8w4wftb4s,d04ec45cdaa0c9c,1024,0/0
/spttest/ie0upil90ww4,219736bf58b82384,1024,0/0
/spttest/5o49malitrx4,a5b5a86e4bb1898,1024,0/0
/spttest/od05vrkc63jx,2c7fa93ec572237d,1024,0/0
/spttest/6se11fds5gzy,c6672770d35054e,1024,0/0
/spttest/ruafmnumr41q,32db070726814b3e,1024,0/0
/spttest/7sn5ebgzcgwl,e3d5a3414925395,1024,0/0
/spttest/mkedrrzm7gr8,29387cf485fa0294,1024,0/0
/spttest/x91fhftcots6,3cbcb0676280fcc6,1024,0/0
/spttest/t7uyc1lz0k0p,355ee7f738e4ec59,1024,0/0
/spttest/peb1op1fbkok,2e643107208ee074,1024,0/0
/spttest/dyef0xbnt7c1,197dd2962dcf5d61,1024,0/0
/spttest/ovl7lej38vcz,2d710ffe13267fc3,1024,0/0
/spttest/3jnlq42gm13f,67a27d11feec70b,1024,0/0
/spttest/8mhwjp4e8fma,fc1235afee2af12,1024,0/0
/spttest/vmihup6aiaqy,39c47a97f15a38ea,1024,0/0
/spttest/tc3cepd7kun6,3595e40c93e4a322,1024,0/0
/spttest/lk2tap12gdv4,2760b3210955a030,1024,0/0
/spttest/6asp636vc5b3,b81eee90c9eacdf,1024,0/0
/spttest/v9suzkoce88,1963452c7ff6b08,1024,0/0
/spttest/wu99m0gersv3,3bfcad6e19ab58df,1024,0/0
/spttest/5ljkam3ezjyp,a39e7abe7b9e9d1,1024,0/0
/spttest/u6mds3xlqr9r,37227044cfed958f,1024,0/0
/spttest/62car5ysbylv,b1419fae565f7f3,1024,0/0
/spttest/pqfrot9z0ijv,2f01c44ce442f4eb,1024,0/0
/spttest/qo21egrln3t3,30b672cb4d1b7407,1024,0/0
/spttest/6htnl8r28t19,bdd3406333792fd,1024,0/0
/spttest/w4j2b4twghw3,3aae7db3a2bb7293,1024,0/0
/spttest/zuc23z1b3xhk,41788703f5434b48,1024,0/0
/spttest/717m7lttvx8r,cd9098510a49b0b,1024,0/0
/spttest/2axhabt5j5xj,435338eed0b8dc7,1024,0/0
/spttest/nqzq2r5ydiqg,2b61bd0aee3f6618,1024,0/0
/spttest/mzfrxs6vcumc,29fbd485fbf67d04,1024,0/0
/spttest/onyti0nztqxp,2d0e0eee89b06c9d,1024,0/0
/spttest/1joliqgok4mn,2d3492cbb4ccc6f,1024,0/0
/spttest/9ga9fmmna0h5,11440f2d3500cfe9,1024,0/0
/spttest/1w690lrvrmdd,37586cd618ac501,1024,0/0
/spttest/taglnrnoltj7,3580b20f94eeccc3,1024,0/0
/spttest/xbkt44elnb5b,3cdda8e2c232052f,1024,0/0
/spttest/md7bsqhid6bv,28db04845fe9374b,1024,0/0
/spttest/s3cwmx0d0ii1,3350d2b622081aa9,1024,0/0
/spttest/xlkcryrbgadr,3d5f6388b9b1af8f,1024,0/0
/spttest/t98mtz1wgmdk,3570d4ddc2ad0948,1024,0/0
/spttest/9qj4t2ie907,7e79fa38358f17,1024,0/0
/spttest/s3enigvg42ci,33517409f1e750e2,1024,0/0
/spttest/msj48yr1rt9e,29a21c6ad9bed9e2,1024,0/0
/spttest/b9ljq2jiq88c,14946f511881ca2c,1024,0/0
/spttest/bwpagjmesn2p,15c089ec6fa579d1,1024,0/0
/spttest/9nm0mur1mhav,11a339d0c6be4e17,1024,0/0
/spttest/vjjqcizejnsk,399df4fd0da95934,1024,0/0
/spttest/payv0tic9wmk,2e38d3be0b45f16c,1024,0/0
/spttest/vromlx7oy7f6,3a07a34a3efc3e12,1024,0/0
/spttest/kjhzzzapqtkr,25859359ba97293b,1024,0/0
/spttest/dh8yfq4spdtg,189f08d148c99e34,1024,0/0
/spttest/l8hjpieke8wl,26ca24f8549a1095,1024,0/0
/spttest/mwlvdncsvs7c,29d70fca6fea9c88,1024,0/0
/spttest/kowmcegk55qa,25cbcc1f41226042,1024,0/0
/spttest/ws8x0ksl8660,3be2929978383638,1024,0/0
/spttest/fa8ku2yb6uo5,1beb339b6fc633c5,1024,0/0
/spttest/h0mck7p88ss2,1f15817342e7bfb2,1024,0/0
/spttest/l58t179ohv6q,26a005cf9a084422,1024,0/0
/spttest/m91eeyerk4ka,28a4ebfef680e71a,1024,0/0
/spttest/aclj0gdmidm0,12e7c804de133f68,1024,0/0
/spttest/hzf4c9kkj8jq,20d985c3edd5a606,1024,0/0
/spttest/1csd42die6wz,279b84760e5e083,1024,0/0
/spttest/tf2tw5jho50k,35bcac5024975c64,1024,0/0
/spttest/egvzhpa1mkh0,1a6df7fab25dea24,1024,0/0
/spttest/3j5kydm4bq5z,673a73639a94537,1024,0/0
/spttest/uvai58fcbd54,3862e2777a04ff48,1024,0/0
/spttest/48jj3zp3i3dg,7bd6b0dd12cb894,1024,0/0
/spttest/glzvnmpt3net,1e578c614081fa45,1024,0/0
/spttest/ayciw0gacerw,14024c09495d5fcc,1024,0/0
/spttest/4rsqmjm6gnv6,8b7898762716ad2,1024,0/0
/spttest/3ahqf4rmivo3,6032257daf092d3,1024,0/0
/spttest/w5qij7hz2a6t,3abe2b2a0509b715,1024,0/0
/spttest/6mrijkls8mh,56263d5264cfa9,1024,0/0
/spttest/gibb9lyd7oi2,1e27b774f5cffcca,1024,0/0
/spttest/56edytw42vkq,97532beabcb605a,1024,0/0
/spttest/595eedfxfxls,998ec4f005604e0,1024,0/0
/spttest/2nbexpw2ekwl,4d619c3a4eaf355,1024,0/0
/spttest/tpr4gasd7xzz,364754cfd53764df,1024,0/0
/spttest/a74iyxv2cbhn,12a0b35e082d732b,1024,0/0
/spttest/lysg0tfou1ie,281fcc3d0690e726,1024,0/0
/spttest/t8mk6qvqhbof,3568ddfa58e9ab5f,1024,0/0
/spttest/91l5eko4a6vv,10852609bb8ae55b,1024,0/0
/spttest/a5lkosh9xp6q,128cdf85acd74ac2,1024,0/0
/spttest/y4bbblmfl9pd,3e52ec5d9a29bb61,1024,0/0
/spttest/ayjbq2xtswok,1404c03b14129574,1024,0/0
/spttest/k9efg3qtai09,250264f2371b8ea9,1024,0/0
/spttest/88mn8ue1lscp,f0cffbca062fbc9,1024,0/0
/spttest/pwwdads9m8rp,2f55b126c24fbee5,1024,0/0
/spttest/dn5als0pqfja,18eba61b0fa28a26,1024,0/0
/spttest/iastzzyr4bkv,216d5a36702fc69f,1024,0/0
/spttest/5z7kk4aq5fxt,aeb6d863881e1f1,1024,0/0
/spttest/g7581eyyqyh2,1d96a3245c817b06,1024,0/0
/spttest/i9x8aaf0eqv6,2161f31551fb3b82,1024,0/0
/spttest/cp57u7wugd7t,1731fc47fab0f4e9,1024,0/0
/spttest/f561ur78q96f,1ba957e2987564f7,1024,0/0
/spttest/kqbax55uzvsy,25de159762372dc2,1024,0/0
/spttest/xs5ft7atfiz0,3db4ee97d4e662cc,1024,0/0
/spttest/bo0ozxfsmp34,154fbff757493080,1024,0/0
/spttest/fa1e1z8prj4k,1be89ba1be78e294,1024,0/0
/spttest/8uvyalb08z5m,102e1f0c18e43ffa,1024,0/0
/spttest/b88l3hsfiu9x,1482c4cb9f7798c5,1024,0/0
/spttest/9dm9vqabgfj6,11216cf90ff265a2,1024,0/0
/spttest/o4p4m4b2vhe5,2c13c3e32dcc77cd,1024,0/0
/spttest/o8ottff6lpys,2c479d362c5508b4,1024,0/0
/spttest/iyo867nelpgm,22a36ee593d1ee26,1024,0/0
/spttest/whbd3i3nism2,3b5492c5e21da45a,1024,0/0
/spttest/f4qb34336dkk,1ba3a9ae562b5934,1024,0/0
/spttest/u3zyvs8b33x0,37005f6ddcfec194,1024,0/0
/spttest/gyzpo6s33z3h,1f00595cc5ef076d,1024,0/0
/spttest/ftrhbbir3fws,1ce8d1727505664c,1024,0/0
/spttest/pvo04s75cale,2f45af31c6b221a2,1024,0/0
/spttest/djw9iao9tj47,18c16c3517cb2f07,1024,0/0
/spttest/tw0gx0rmzblp,3698a3a5c992877d,1024,0/0
/spttest/dqw8x4j9tprd,191c577ee2807ca9,1024,0/0
/spttest/jfggknxpcm2x,237d72df200047c9,1024,0/0
/spttest/godicyo99fub,1e7671eee81de173,1024,0/0
/spttest/86is5e29mgrh,ef1a0554afa0f5d,1024,0/0
/spttest/1m1o6tp20cv,14f1a5dbc01b4f,1024,0/0
/spttest/x5zc1rg7103v,3c94f7151eeb4dcb,1024,0/0
/spttest/xjkr2u997hdw,3d458db7789720c4,1024,0/0
/spttest/qtzcrmy5wlhq,31036a64674541ce,1024,0/0
/spttest/dk9iyi3dzzfd,18c6353ddc805719,1024,0/0
/spttest/3ry2vf8u8nrj,6e5d98ccbb1d84f,1024,0/0
/spttest/zfdu9vei4d9l,40b654cb8f5a9629,1024,0/0
/spttest/26dullxcbkhm,3fa295364647c7a,1024,0/0
/spttest/n0xrwvbn4b16,2a0f5057e91f83da,1024,0/0
/spttest/adxcigy7hc7l,12f90904a7db0711,1024,0/0
/spttest/797iy7wpq9f3,d40eb350f83db2f,1024,0/0
/spttest/q6q06er8n0pa,2fd549def25d174e,1024,0/0
/spttest/bbxs915kxtot,14b2d42078dd2c8d,1024,0/0
/spttest/j32uwupb9177,22dcab6cd13c3d53,1024,0/0
/spttest/2nje61yij2js,4d8fabd0b833da8,1024,0/0
/spttest/j86t6alnkog3,231f0ab9192cc3c3,1024,0/0
/spttest/unlan6vsx2s7,37fedd37937f2457,1024,0/0
/spttest/1obu6v11laz6,30fa0eac505dfd2,1024,0/0
/spttest/x3m8rztu731f,3c7643636eaa6d23,1024,0/0
/spttest/kdfbfzaist06,2536ac11c1c82bd6,1024,0/0
/spttest/8oxrz87rmphi,fe0d809eb58e186,1024,0/0
/spttest/fv1oujk33fx8,1cf97db78189d65c,1024,0/0
/spttest/ly7h8ojp8o98,28183ba1ae8991cc,1024,0/0
/spttest/5t7n1e0zp3x9,a9d8458abc7031d,1024,0/0
/spttest/ikt1lm4r4grp,21ef5247f1dd58e5,1024,0/0
/spttest/4d1zjg9ga7c8,7f808dd1a57d7a8,1024,0/0
/spttest/h4pkd9bjh9qa,1f4a9f9ccab11a82,1024,0/0
/spttest/ku7dgfobn74k,26109fa6dee8bed4,1024,0/0
/spttest/ncucesjdpm54,2aa9f28b54aad558,1024,0/0
/spttest/tlw18bygyn2,180965f02d3415e,1024,0/0
/spttest/w5sgg0jfhfqr,3abede8a9d3b04f3,1024,0/0
/spttest/uoin1omfubge,380ae5310206dc7e,1024,0/0
/spttest/anrfbh0z4l66,1378ca931b4c172e,1024,0/0
/spttest/854fg6ie7wr0,edf7555bb59578c,1024,0/0
/spttest/fx8rtvox9aq5,1d16067544eeef8d,1024,0/0
/spttest/7ku48gtv1md3,dd7f3be96bf3a77,1024,0/0
/spttest/cyapjof9u8p4,17a8dedda3550c88,1024,0/0
/spttest/km74cl7y0j44,25a89e3b59198ec4,1024,0/0
/spttest/quavfzggobm3,3107925cbe2190cb,1024,0/0
/spttest/obedipzehj8a,2c6acf7bd6d5c59a,1024,0/0
/spttest/7ml703f2zg8u,deeb60b5d744afe,1024,0/0
/spttest/2n75pv2vpzim,4d490a3a96a770e,1024,0/0
/spttest/dc0m1rgzwhwj,185b13cda8dd55a3,1024,0/0
/spttest/emrs5mtww9dv,1aba6339e15a4b83,1024,0/0
/spttest/xk3ug7vbkl0f,3d4c715d3789de5f,1024,0/0
/spttest/tu5blby3un37,3680695034fc6b63,1024,0/0
/spttest/bn7a7mtxebze,154523597c11a92a,1024,0/0
/spttest/nl6wnnzt34co,2b1664f7143811c8,1024,0/0
/spttest/kiupdfwbpl6x,257d2b9ddfacd289,1024,0/0
/spttest/w4a2cp5s5yhl,3aab3e7fc1149dd9,1024,0/0
/spttest/gcevkhzrpw58,1ddb111cf18ee5fc,1024,0/0
/spttest/86ki8x5i35q9,ef23fa9d629d5c1,1024,0/0
/spttest/30squh2wiun7,58536eb857c63a3,1024,0/0
/spttest/kr52ks1pzu58,25e8d33b2a5da05c,1024,0/0
/spttest/m7ktq7zch7dp,2891f3c4d04d279d,1024,0/0
/spttest/bzw1xcc6el4v,15e9f260692fd87f,1024,0/0
/spttest/kid7ltbexmvy,2576dbc4e9bedc1e,1024,0/0
/spttest/uuboh51l31ys,385651d24d3895b4,1024,0/0
/spttest/w90exeqb0tdf,3ae8b55da10647b3,1024,0/0
/spttest/vkbt5w2kwttb,39a816860d6f7aef,1024,0/0
/spttest/wiwa5xna4o0g,3b691c3d200aa890,1024,0/0
/spttest/jn39tj3cdzn0,23e09acf444dddac,1024,0/0
/spttest/y1md4gdwzaua,3e2ff144b68695a2,1024,0/0
/spttest/pdkp42cvzp4d,2e5aaf319ba3b8ed,1024,0/0
/spttest/7832kq1nguz9,d3252768ee6bbd5,1024,0/0
/spttest/nx2uvn607jw1,2bb0ce02896f6871,1024,0/0
/spttest/b2xaxc8pa5sc,143dc05d580614cc,1024,0/0
/spttest/dp45adreev2p,1905369c1ac7fed1,1024,0/0
/spttest/wwgjjslec5qp,3c1948055e966a11,1024,0/0
/spttest/i4q2lrzx8a8d,211e6ba561c402cd,1024,0/0
/spttest/7zknxp9q9lbt,e9761761ff6c239,1024,0/0
/spttest/4lfecq82a9tk,864c9b656dc5238,1024,0/0
/spttest/kbh9hv5s61ho,251d654b91194d0c,1024,0/0
/spttest/4udiqgrcq668,8d903874f5ef9c0,1024,0/0
/spttest/62u5f5nho7xg,b1a8aec7287bb24,1024,0/0
/spttest/2lqikwyxcdc5,4c1922002295785,1024,0/0
/spttest/yydr8xzyzifr,3fd97baad1872617,1024,0/0
/spttest/g13a5v0cc02q,1d48005046bc4762,1024,0/0
/spttest/34bcysa4sekk,5b2e612b58764c4,1024,0/0
/spttest/du8p5evh5rnv,1947cd53f3d4c84b,1024,0/0
/spttest/id4j9i3zjyfd,218b8d9948518409,1024,0/0
/spttest/2iw8ahehgggl,49caa29b4baf055,1024,0/0
/spttest/xq5trlqx4u3y,3d9b17e2fd13ea6e,1024,0/0
/spttest/iupw38jfoik3,2270139ad9a34ef3,1024,0/0
/spttest/i6i8c2j1afre,213591ea97f45b4a,1024,0/0
/spttest/tml8v4lno8k2,361e3e26f4902c52,1024,0/0
/spttest/10a17qyfuu3h,1d73c0af2848add,1024,0/0
/spttest/krkiuliqbuwq,25ee6681d14c233a,1024,0/0
/spttest/bv7izd6lu006,15ad23e7fb23f886,1024,0/0
/spttest/nn5cmno7u8bh,2b2fcfb9077c3c9d,1024,0/0
/spttest/1xqbjmyyl2aj,389c1e975ad48db,1024,0/0
/spttest/2s6l4p2ge2c1,5154e194167eb51,1024,0/0
/spttest/fvbsx05yu69m,1cfd23d67a80513a,1024,0/0
/spttest/dbd32ce825gj,185296a0137bc823,1024,0/0
/spttest/54py8iwvvna0,95f6449e78ca698,1024,0/0
/spttest/z69wxg80hopu,404002d2dafcf762,1024,0/0
/spttest/ulgd4cx776y5,37e31b37b27269ed,1024,0/0
/spttest/rg5z8wq8qyo5,322391ed8ebfe205,1024,0/0
/spttest/1egbaqpg6ao5,28f59b7b4f9af85,1024,0/0
/spttest/5328nwr8qjih,949d8f2cec8f949,1024,0/0
/spttest/jvihng33w4l0,244e027ad4a56e34,1024,0/0
/spttest/klotq68ig4qa,25a2045914c7cdf2,1024,0/0
/spttest/2m66v0crksg6,4c739f2692a3806,1024,0/0
/spttest/2kelqoqs4r80,4b0488edf0ea6d0,1024,0/0
/spttest/b3l4kscdzvbc,144658e9bfd12648,1024,0/0
/spttest/o4kcxkrtijqo,2c120b6399f33d70,1024,0/0
/spttest/14kxrdn8x557,20f20419c9eec4b,1024,0/0
/spttest/hf5op2ah7hfj,1fd2552d16f1ccff,1024,0/0
/spttest/g4sxysovi43x,1d783a5d7ba2044d,1024,0/0
/spttest/wneml17lcxgu,3ba3afc27556356e,1024,0/0
/spttest/1iejda9x6rpu,2c2aab731ad36d2,1024,0/0
/spttest/8iyupr5ezi1u,f934be383e63822,1024,0/0
/spttest/pzwp4oxim36,151b033f326e152,1024,0/0
/spttest/6llc4nxl43ae,c0e28b3337fb2a6,1024,0/0
/spttest/ca0gljenxu7k,166d6e0ff7f3f630,1024,0/0
/spttest/si442x1k88xr,34107d5960b2a73f,1024,0/0
/spttest/jfl51n0fput8,237f23221784873c,1024,0/0
/spttest/nnu44igt2qim,2b38bf1bfee78fbe,1024,0/0
/spttest/sy5qzsegfzl6,34e0e89d76d0e9ea,1024,0/0
/spttest/9t4x0dh9g3ru,11eafdcbd7ebd41a,1024,0/0
/spttest/idgzhkw6rtn0,21900ba55a2494cc,1024,0/0
/spttest/5pnezsgcz84z,a6f409231d95ff3,1024,0/0
/spttest/q8eahmmpnw77,2feb0a6c408b73c3,1024,0/0
/spttest/1ejnlx8f1qc3,2908e689dd61a93,1024,0/0
/spttest/3lbeuxif7y4q,68fbc4b593c2f8a,1024,0/0
/spttest/uhk35isd1r3a,37b07e16b221bc66,1024,0/0
/spttest/aa6v507cqp2w,12c883187daf4978,1024,0/0
/spttest/ewgqc6nmin0e,1b384b13fa6536fe,1024,0/0
/spttest/ka6kcp7ms2ba,250c8bd7e121dcb6,1024,0/0
/spttest/o247jrph4hc6,2bf23d2bb4ed55c6,1024,0/0
/spttest/g0r041eqczr9,1d43921b611ca205,1024,0/0
/spttest/rt54vmlezkc,16939c99113e88c,1024,0/0
/spttest/6er4gfclyue,53424a20efcba6,1024,0/0
/spttest/x455stctl6xw,3c7d16bf01a2d364,1024,0/0
/spttest/926qj3hehebc,108ceff9944604b8,1024,0/0
/spttest/loqxdqvj8o1c,279d5b797220dab0,1024,0/0
/spttest/mhdhfeqisn7l,29113232c8c3fe81,1024,0/0
/spttest/jpv2gulz2vnm,24049cc508a863c2,1024,0/0
/spttest/b4y9x1v4vrn3,145814a8f5ad4daf,1024,0/0
/spttest/iuywrrmlwa7s,227354aad95ab8b8,1024,0/0
/spttest/t53cyb2r96q3,353af8a62fb1fd4b,1024,0/0
/spttest/vxakcixqgbm1,3a507fdfacbb3cc9,1024,0/0
/spttest/d2xb02q55cmy,17e4fb0b4e85bc3a,1024,0/0
/spttest/xz5kc6t4acd4,3e0fe701ac0fd518,1024,0/0
/spttest/gmm3fo7jdv31,1e5f9070b6558d9d,1024,0/0
/spttest/bf6kawhhovit,14dcf6d17836ca95,1024,0/0
/spttest/xq8fuov7m4zb,3d9c094a584105b7,1024,0/0
/spttest/ii5r67zu12ok,21ccf08b07c3fdd4,1024,0/0
/spttest/boranfa9noq3,15595918b6c19deb,1024,0/0
/spttest/vzg93qdsk6zu,3a6c87bf0e31b06a,1024,0/0
/spttest/9a8fnxrc5o32,10f576e2faeeb12e,1024,0/0
/spttest/khrx61tth56j,256f2d4137a9957b,1024,0/0
/spttest/3awvbzfzcts8,6089878ad04b0c8,1024,0/0
/spttest/d6esqfjonajp,181242923e6a4925,1024,0/0
/spttest/ud10l2u87d66,3775a779ff1ede6e,1024,0/0
/spttest/9a0d6rks6xfm,10f28d95d4708ac2,1024,0/0
/spttest/gusg93rg25hl,1ec9c59735d85449,1024,0/0
/spttest/evii8nwh0hga,1b2bf1c7d3aef95a,1024,0/0
/spttest/oom5n578k9q2,2d167a8e5da6023a,1024,0/0
/spttest/78vw4j13lfzx,d3cb897dc59fb3d,1024,0/0
/spttest/1u2f71upv235,35a2aab85bfdd51,1024,0/0
/spttest/sqy9hjsxzgwb,3483485270f2614b,1024,0/0
/spttest/fhoraipqplbs,1c4bf6dcc7ef3638,1024,0/0
/spttest/p4q8ppeu8ago,2de7c80445088cf8,1024,0/0
/spttest/k3l2u951eq3i,24b6dba30292609e,1024,0/0
/spttest/fbj2pevco2oj,1bfbfa65cec3ab93,1024,0/0
/spttest/2eot5ix29gue,46607b7da0c8386,1024,0/0
/spttest/jd6vjwrtw0ch,2360031bd2f512c1,1024,0/0
/spttest/zzstrbqv1pg6,41bf8621afb3ce16,1024,0/0
/spttest/j2as6t30a71v,22d28a205e157e33,1024,0/0
/spttest/66s2sgb0s8aq,b4dc076de4b2502,1024,0/0
/spttest/y8scnf4ttd4x,3e8d070f958c64c1,1024,0/0
/spttest/a2f2ssohxwbx,12638fa4d5bdf2ed,1024,0/0
/spttest/m6kkg2t845xd,2884deb2727ab301,1024,0/0
/spttest/ew663v874tnk,1b347b7cb427a620,1024,0/0
/spttest/sx3nguw1agvm,34d32993461074f2,1024,0/0
/spttest/i7i0wwejcg0f,21427c21a486c70f,1024,0/0
/spttest/non40vh0m3yp,2b4335876ff79191,1024,0/0
/spttest/7m27ljt5zb74,de7dc93b2b64c70,1024,0/0
/spttest/ppxtu5me8ptu,2efb4b2f324eeac2,1024,0/0
/spttest/1cyxumn62d0p,27c17b279201069,1024,0/0
/spttest/k4u0woxj5qx7,24c7133ffa03ae8b,1024,0/0
/spttest/3ypzffh3kaa9,73dda905c1ee811,1024,0/0
/spttest/2uge2ehqdc4k,532d22baa461ca4,1024,0/0
/spttest/3gpb4mo6j0s8,653cd981d1a10b8,1024,0/0
/spttest/wxo5p62zv5ud,3c2904af8bb01a55,1024,0/0
/spttest/so6nv1xs83k0,345f5861969a5400,1024,0/0
/spttest/hc0h9sqfpg31,1fa97c84284e34ad,1024,0/0
/spttest/zqt96mkqd0az,414ac665f7164ccb,1024,0/0
/spttest/9a59e9j0jrge,10f451b2a2444dbe,1024,0/0
/spttest/5yabdmaa39xl,adf6dd12354a709,1024,0/0
/spttest/zf8wlctz3rpr,40b48ce76d28460f,1024,0/0
/spttest/zw6cst6gsho0,419072bf5ce60070,1024,0/0
/spttest/e4eapxxtapea,19cbb714c3755012,1024,0/0
/spttest/4v0tek1gpyov,8e16b5f7ca8efdf,1024,0/0
/spttest/qa8hjgowelvz,3002ecd171bea64f,1024,0/0
/spttest/6xr7av0h7omt,cac259a5aad9975,1024,0/0
/spttest/9x518vsolduv,121efdb158ba3167,1024,0/0
/spttest/dgge5y9r3luf,1894ba7e92ebb057,1024,0/0
/spttest/j8xa0k2coouu,23289781bcd5a7d6,1024,0/0
/spttest/ydd73e319sx8,3ec881907fe927ac,1024,0/0
/spttest/fwsfrpts4qds,1d10219f64edde90,1024,0/0
/spttest/ynqq88usd65i,3f4f4803cb12b466,1024,0/0
/spttest/b43nkadxk21j,144d08417c4cfc57,1024,0/0
/spttest/iypo9uptkjsl,22a3f493ba800235,1024,0/0
/spttest/sac21b5q9zx0,33ab70febc8c9c14,1024,0/0
/spttest/c8k3mkxliqx,9ef599d56c0329,1024,0/0
/spttest/qoe9jqgpudnj,30badc1d6967f99f,1024,0/0
/spttest/kn6inbhzbkus,25b563ce58d59554,1024,0/0
/spttest/snxhwbsa49yu,345c09c3594ff576,1024,0/0
/spttest/wr703d6qujil,3bd4e4809c4a804d,1024,0/0
/spttest/cyz5kxqgw6tj,17b1b0d889b4b287,1024,0/0
/spttest/eqls94jpwwtw,1aec2e4ade0ed334,1024,0/0
/spttest/ve3e38tp43te,39571d5cab357952,1024,0/0
/spttest/zn2pr99fxxjo,411a3b355e01ab14,1024,0/0
/spttest/cpivco344mze,1736e96572853d5a,1024,0/0
/spttest/wxsxfy3fseke,3c2abd57e92b73be,1024,0/0
/spttest/1iywsi9u7f3e,2ca0485437c0a2a,1024,0/0
/spttest/2d4zvvt52vh3,451e45eb0d674d7,1024,0/0
/spttest/5gjrjusjoa3a,9f90801cb8bcc16,1024,0/0
/spttest/m5f88sg29jyv,2875f44a4fb00f57,1024,0/0
/spttest/tof183fd7dxx,3635fadaa6ae3b55,1024,0/0
/spttest/65urvy4dgpaa,b41bc5678f08102,1024,0/0
/spttest/k68pnd8uohsm,24d95d245e6bfe16,1024,0/0
/spttest/v2myef52ynn7,38c24d63d8449233,1024,0/0
/spttest/hywr2jijgioz,20d2e516b877eda3,1024,0/0
/spttest/yluiw6h4zxbb,3f36ac2763a15b67,1024,0/0
/spttest/fl6r1zmy4r21,1c796ca72d754bf9,1024,0/0
/spttest/3jfthrzvcvly,67758cd9b9a0606,1024,0/0
/spttest/pxoosfasgfs,150e2ea772be838,1024,0/0
/spttest/f9km2buuu08y,1be28dec45dda2c2,1024,0/0
/spttest/ilek2fr166rj,21f71565b137c4bf,1024,0/0
/spttest/cwdkx2zn4z64,178fed955f81ce0c,1024,0/0
/spttest/hnjy2082py8m,203f64665dd55b96,1024,0/0
/spttest/4pjhmjh9jwt3,89a389bdf0e69d7,1024,0/0
/spttest/da1z2dgmquhf,1841970e8f4882d3,1024,0/0
/spttest/gvozojlrxceo,1ed583398ab25c10,1024,0/0
/spttest/r8dphbgy2l36,31be71c2f6786942,1024,0/0
/spttest/kza4wca3hdcl,26529114efbc68d5,1024,0/0
/spttest/3jepjmqjwcx2,676f24dccddc466,1024,0/0
/spttest/dbnwfug2ebaa,18567dad809d52a2,1024,0/0
/spttest/613goy1eugx4,b03eca547594328,1024,0/0
/spttest/4wd4bit3h9md,8f2d90e56b1a1f5,1024,0/0
/spttest/1xcuzwfgw8ge,384e6aa60a35ece,1024,0/0
/spttest/262d498xzhu2,3f6046b86e1b60a,1024,0/0
/spttest/kce4kjx1xekx,252940cf5067bd11,1024,0/0
/spttest/jcoid6lfc37t,235962a54a6e1e49,1024,0/0
/spttest/88a08j4y4kcq,f08704857dd620a,1024,0/0
/spttest/jxisjc747qxi,246818ec928e0416,1024,0/0
/spttest/kgaphowicilx,255bfa0a92977b35,1024,0/0
/spttest/d2gt5fvni2v1,17df0759be9a61fd,1024,0/0
/spttest/k0u4811ww3ax,249326ba73d2acb9,1024,0/0
/spttest/rcrn50yitrj0,31f76defade68a9c,1024,0/0
/spttest/rl8xojd3snf3,3265954c74d0cc8f,1024,0/0
/spttest/5piz0f78wvez,a6da617308bdb0b,1024,0/0
/spttest/z53mwvum0n7q,4030c1a8c7507386,1024,0/0
/spttest/lprjmhkurw7m,27aa91cd2a6219d2,1024,0/0
/spttest/ks90e9rq565,10dfa90d2223bad,1024,0/0
/spttest/hvs07ygqrhfr,20aa36f492ec0b07,1024,0/0
/spttest/ga8p8weuyh2x,1dbedc2b317b60f9,1024,0/0
/spttest/bomy0l8hyd1d,1557c734e9479781,1024,0/0
/spttest/qm0iv4fqgb2v,309bec59890d9217,1024,0/0
/spttest/k6cgvjebz7u,10613561514710a,1024,0/0
/spttest/m4zmrcgrx9zz,287053a4541d6bdf,1024,0/0
/spttest/nhgzel3vj3k2,2ae612abbcbed3c2,1024,0/0
/spttest/uhtzocqw3p78,37b410d9a33d2a54,1024,0/0
/spttest/f1g25gridmgl,1b78ff4dd10090f5,1024,0/0
/spttest/ij27sdxfwttj,21d8a6f58948c1f7,1024,0/0
/spttest/5fyqcxytgnmy,9f171372c1af0aa,1024,0/0
/spttest/if0r7gfnt1ex,21a42b0508c17f69,1024,0/0
/spttest/8j0ib51262to,f93e4cb50dc49cc,1024,0/0
/spttest/i3oeypm4m9du,2110d55d318b8502,1024,0/0
/spttest/3m3qjtftg61o,699f49a3c4beb9c,1024,0/0
/spttest/uj8p2ob0zw80,37c65c6d758d99e0,1024,0/0
/spttest/73j9fjrwhlwt,cf737a9bea8e52d,1024,0/0
/spttest/f4zarjyj630h,1ba6e82bdd89ffc1,1024,0/0
/spttest/ftk6xlcd4oh7,1ce6303bb2c8c1eb,1024,0/0
/spttest/jqhf22un774b,240cad2c663f6ecb,1024,0/0
/spttest/k3ls387ng2u5,24b71c6bc566a55d,1024,0/0
/spttest/h4zppjw876ra,1f4e490000ce15f6,1024,0/0
/spttest/snczgjlq9nua,3454a316d865def2,1024,0/0
/spttest/t4m2e07fjnca,3534bb48c40a67ea,1024,0/0
/spttest/y6yomnceh3sn,3e75557dc3b69b77,1024,0/0
/spttest/o8yeaewy9j8h,2c4b110d56ba0ba1,1024,0/0
/spttest/qw37y20gre8u,311eca01d56330de,1024,0/0
/spttest/fkza2os7yzxv,1c76ba81bcd24173,1024,0/0
/spttest/o3cwiqupqk9k,2c025d71eebafa18,1024,0/0
/spttest/ieow6ujubcc2,219fe362e7fc7d32,1024,0/0
/spttest/timfo9gix8om,35eab6f6f663cc36,1024,0/0
/spttest/cf9p7irby87r,16b1b5c0d0917517,1024,0/0
/spttest/qwyrnq489ffn,312a2c0089c0ae63,1024,0/0
/spttest/19k05hwt1i6i,24fbc4f3ce41f4a,1024,0/0
/spttest/nsryjaj6tgyk,2b78ea50b00c4d1c,1024,0/0
/spttest/f5ycp8hvtafj,1bb38e06b304fd0f,1024,0/0
/spttest/tf74pvppvtw7,35be399004b89617,1024,0/0
/spttest/w2cjzfauygtz,3a9229f5cb5b7fb7,1024,0/0
/spttest/pkqmc9vnzbwb,2eb7bf168b0109fb,1024,0/0
/spttest/j6l6ilthofaf,230a3f98ff307867,1024,0/0
/spttest/5hy1n0q1p619,a0b2c4d7330f3cd,1024,0/0
/spttest/2nvdwvzw442s,4dd4e810ddf69a4,1024,0/0
/spttest/196asuylhtu9,24aca7a20958e51,1024,0/0
/spttest/2cojaddgsky1,44bf3e46a5e0d09,1024,0/0
/spttest/hpn8i0w6h5x4,205a8ed14caefe38,1024,0/0
/spttest/f210neaocv61,1b808f2ef9e948c9,1024,0/0
/spttest/f4sttbb8aa6x,1ba492780f295619,1024,0/0
/spttest/675zmvrssc9v,b52c5867df48523,1024,0/0
/spttest/vchkx6ip5n9,1972c7cac6e22d5,1024,0/0
/spttest/gxvyyzrmj64j,1ef2027eaf4277c3,1024,0/0
/spttest/ob2qxqz1fow2,2c669d7db6e918c2,1024,0/0
/spttest/pixgp3dx2vw7,2ea03cabd82f92f7,1024,0/0
/spttest/uqi2z1a6jlca,3824ac3350fdf0ca,1024,0/0
/spttest/zof7gd0xty93,412bba4aac1de3a7,1024,0/0
/spttest/dmiis9dg1w5n,18e36e9fd8364d0b,1024,0/0
/spttest/3ib5le24115o,668acc08afba81c,1024,0/0
/spttest/v4ofmih3xhxt,38dcd07782614011,1024,0/0
/spttest/ah6ba0duikhm,13233cef0dc9ea3a,1024,0/0
/spttest/i5inri346oow,2128bc3f0d4a1280,1024,0/0
/spttest/lmvrgn7zfi5w,27851f9d30abf8b4,1024,0/0
/spttest/lzleb4c9c42g,282a3e8528a9f898,1024,0/0
/spttest/9sfuhbex77vn,11e1f219b279cca3,1024,0/0
/spttest/tdgt9g3va0pt,35a7bd562f5fcd21,1024,0/0
/spttest/pl0vxgygm0bj,2ebb735f8e39c31f,1024,0/0
/spttest/xw9erm7ms8dz,3dea526a07708b77,1024,0/0
/spttest/usk2ttq7gsjc,383f5f143ed81378,1024,0/0
/spttest/1wa634609u1r,376f0c1c06bd85f,1024,0/0
/spttest/7zzik5o26fmg,e9cbd30d83d8698,1024,0/0
/spttest/pytkd9tefiai,2f6ea8ba017f3c5a,1024,0/0
/spttest/i22vj1n0npl4,20fc1281fcfa6d48,1024,0/0
/spttest/wf7idc6o190h,3b39345104c3d3e1,1024,0/0
/spttest/g9wht39jlk2k,1dba74a99c317fdc,1024,0/0
/spttest/gw7lr72wive7,1edc3a7d4a72076f,1024,0/0
/spttest/1rcchvj0o5o,16dae11ca4594c,1024,0/0
/spttest/2e8e3bc3fqlk,4601b2e95763768,1024,0/0
/spttest/v4ak2h2lk9z9,38d7ceb64f467c85,1024,0/0
/spttest/8r1r5dqkkzje,ffc41e5e07e3cea,1024,0/0
/spttest/4aat1zikwedx,7d43fc4a8599cd5,1024,0/0
/spttest/6756skq9c0l7,b527b85fc0a1efb,1024,0/0
/spttest/3z8vpltxremm,744ac05ce3567ce,1024,0/0
/spttest/w6xgc19iwh2l,3acda95b1292446d,1024,0/0
/spttest/66z409vc9xxb,b504a2a4d7c0bff,1024,0/0
/spttest/81xx2au981sm,eb6242e9053bc16,1024,0/0
/spttest/xh7i9bncn2fh,3d26cbc93c0ca40d,1024,0/0
/spttest/388af5w5u6dl,5e5bf77189530c9,1024,0/0
/spttest/28itre78sduu,415ef86e7e45926,1024,0/0
/spttest/e1trk0ufmjb7,19aa5407f08bb243,1024,0/0
/spttest/6lqmzswlis71,c10126b17d2943d,1024,0/0
/spttest/ba1tql408eca,149a4ee73c905a9a,1024,0/0
/spttest/jqg7mg6xbcjm,240c3dbb13672d42,1024,0/0
/spttest/dir8ipv8wz5z,18b29e92e11b6e07,1024,0/0
/spttest/7larjnal1lrr,dddf5723a21f177,1024,0/0
/spttest/ir9pm3yl7nzs,22434553d1cd2238,1024,0/0
/spttest/6e8rw5wm5w3q,baeb38ffb6ad7c6,1024,0/0
/spttest/hwikgtrdn86c,20b3cc7a3d11d224,1024,0/0
/spttest/h0nlhrjx0w62,1f15f4bc6c827fda,1024,0/0
/spttest/5j4ro1osjszr,a1a968d63cb2587,1024,0/0
/spttest/86fgl164jlt8,ef06d8dc99aa12c,1024,0/0
/spttest/wrlao35jljw,1a99cccbf1704dc,1024,0/0
/spttest/m14lab90z5w,11e2bcbebc64704,1024,0/0
/spttest/f8vty03n28i1,1bd99cef4e9c7a89,1024,0/0
/spttest/eo2l6b6erxzf,1acb469f0722bacb,1024,0/0
/spttest/e4omq9aum7xu,19cf7193501b27b2,1024,0/0
/spttest/ojtgl20guthc,2cd82aecc8bd60c0,1024,0/0
/spttest/jgy394pzklpk,2390cc9456c131e8,1024,0/0
/spttest/g5lgahjuifz6,1d8283b17b3abb62,1024,0/0
/spttest/o8znrfb666l0,2c4b85b98d28e8d4,1024,0/0
/spttest/jyax9xw18fnl,24723f64e08e7241,1024,0/0
/spttest/pheavcyhq2g2,2e8c5578450087e2,1024,0/0
/spttest/2ckxnm88q0us,44aa748c988ced4,1024,0/0
/spttest/uvwuvw3nps72,386af341e4897dfe,1024,0/0
/spttest/amxy52zng0oz,136e27d26478aa83,1024,0/0
/spttest/vcs1lbk7cgmj,394607fcd9f3062b,1024,0/0
/spttest/ai3mwklw3hig,132f42eade3d4f68,1024,0/0
/spttest/bhymptwnceo0,150111d68931dc40,1024,0/0
/spttest/oqbs5b1b032r,2d2cb6c2b7898e93,1024,0/0
/spttest/ezhuqmmijs5f,1b5faa824fd55f43,1024,0/0
/spttest/31dfemg6abiy,58cad4cbc513eda,1024,0/0
/spttest/o19mwcldsxfr,2be735237ab7f947,1024,0/0
/spttest/t6f9gpnn89vg,354c415f98c9a6fc,1024,0/0
/spttest/5v12yhzdd0kf,ab52120f2856d1f,1024,0/0
/spttest/wsbqddh1jz8y,3be396a7e04fce32,1024,0/0
/spttest/gwzub17v751l,1ee66abd852fe049,1024,0/0
/spttest/jl0w7pffi9n3,23c5c4a628895c4f,1024,0/0
/spttest/v6ce3sb3puqq,38f272a930e2d6e2,1024,0/0
/spttest/7hel59z0p2x0,dab61792e621704,1024,0/0
/spttest/5otlmduerhqr,a647e87618fe893,1024,0/0
/spttest/qfr5v4s001bw,304a9c240250f6bc,1024,0/0
/spttest/gvg4afy01yty,1ed24fbc059f9e96,1024,0/0
/spttest/45omq9rwz8z9,7984a69082c9435,1024,0/0
/spttest/w5i1ahqtvenj,3abb1bfa8c29d0ef,1024,0/0
/spttest/exbnc16oyog7,1b4372c90e3cb047,1024,0/0
/spttest/iwjjn1dkjei4,2287c3f7069e882c,1024,0/0
/spttest/348jboi80ljo,5b1e14839163d14,1024,0/0
/spttest/d7us9u4x17ez,1825048981f14ccb,1024,0/0
/spttest/dafrfkw4bo1b,184690a0928d526f,1024,0/0
/spttest/jskmxnhn31w8,2427d1009d4b3758,1024,0/0
/spttest/injqjyq3zq2j,2212ee65532fd9bb,1024,0/0
/spttest/u225e0vxbviq,36e72e58cf649152,1024,0/0
/spttest/blms1codq1u2,1530c0189af618ca,1024,0/0
/spttest/rk8879u2l5oh,325856aab554da01,1024,0/0
/spttest/2u949zs5qc08,5303279e0144448,1024,0/0
/spttest/l0221wy8zx1l,265ca417ae3aa209,1024,0/0
/spttest/enk5si1nk0od,1ac4a08598b97b6d,1024,0/0
/spttest/9pvl8okawakv,11c0a883bc88978f,1024,0/0
/spttest/3vit8xt0sdoi,7144c5bd3c0d842,1024,0/0
/spttest/9etoh5q37tgo,113116416dd0abe8,1024,0/0
/spttest/4tbl3841ssx6,8cb539389dcf26a,1024,0/0
/spttest/po2qzb03bs4l,2ee3172e888fb625,1024,0/0
/spttest/tqg00o9xlvry,36504ea420d6991e,1024,0/0
/spttest/qijt93d8tjsg,306eecf91472d570,1024,0/0
/spttest/e44h5568k604,19c82be0752ecb64,1024,0/0
/spttest/vktdrqy71l77,39ae6da84477b093,1024,0/0
/spttest/d4o5eu8ffdam,17fba7e6a810e00e,1024,0/0
/spttest/d584rfuodcbl,1802dd991ee67fa1,1024,0/0
/spttest/dshpysm0vc57,193114390587a73b,1024,0/0
/spttest/2r26kgdzk320,506ba015eb5a378,1024,0/0
/spttest/xjwi75v4frlu,3d49cb5a027ca982,1024,0/0
/spttest/tvhgr7ql9t4b,3691c83cb72408ab,1024,0/0
/spttest/2k3rute3fk4y,4ac603248843eb2,1024,0/0
/spttest/ibgj84ef51q4,2175e767e22a3efc,1024,0/0
/spttest/ogx0py21ehus,2cb27bec77119ae4,1024,0/0
/spttest/nml7yccpxyn,132e77459d6942f,1024,0/0
/spttest/bjdpnaaaua7s,1513802265aba138,1024,0/0
/spttest/b0y0mjr7ckkr,142407cadddb562b,1024,0/0
/spttest/w1al0qkkt3db,3a8476a0545eba4f,1024,0/0
/spttest/3hqc815nol4h,6612a0706993bf1,1024,0/0
/spttest/pisf9inr3345,2e9e6b2776f94985,1024,0/0
/spttest/a4x3p12s05oc,12840b15419d50bc,1024,0/0
/spttest/qx88im1m4o4b,312d9691f895ad1b,1024,0/0
/spttest/p22gvrsxxbwx,2dc5399fc117db91,1024,0/0
/spttest/kz7d6kzdu0nb,2651913bb822b7c7,1024,0/0
/spttest/aklpw41urb9m,134fc3b94e8033ca,1024,0/0
/spttest/imn3tsc37i3x,2207284c8f83ea6d,1024,0/0
/spttest/14wkk9sjkhjn,21352d0400808d3,1024,0/0
/spttest/nol8filxm52d,2b4288196cbdd825,1024,0/0
/spttest/8jv9k54zrigv,f9efdc262ec793f,1024,0/0
/spttest/t14b5yp9b6ay,35075b67936b01aa,1024,0/0
/spttest/veag9eckt7au,3959a98283b02e36,1024,0/0
/spttest/k2kp6gckmee2,24a9bb541dbfb65a,1024,0/0
/spttest/9ou1oqpsh58y,11b31cb7f26a74d2,1024,0/0
/spttest/kpjxctc8jwx6,25d434d841c7b56a,1024,0/0
/spttest/6shheobxcnnn,c67b1910b01cfc3,1024,0/0
/spttest/am8lrjk1dtlf,136502dc822c3813,1024,0/0
/spttest/9i0zy2soce1r,115ab2086d9f7a1f,1024,0/0
/spttest/uuz6q34onxc8,385ecd1ce3846088,1024,0/0
/spttest/lulnt9722emy,27e9649efe3f449a,1024,0/0
/spttest/4q8zlkweyij0,8a36bee3b9f604c,1024,0/0
/spttest/j8oyxor48tjg,23259821f78dd78c,1024,0/0
/spttest/bgbr4v6gbjv3,14ebd3724b05114f,1024,0/0
/spttest/pzf4wpuma2zf,2f767129495acb9b,1024,0/0
/spttest/7z88ngwcs4mz,e92e5d3929cd27b,1024,0/0
/spttest/2s3giqph299q,5142d2a8293706e,1024,0/0
/spttest/ecwwq5w5zu3e,1a3a5839f01bf81a,1024,0/0
/spttest/8072cvg5jh9i,e9f7690a7443326,1024,0/0
/spttest/b22449dae84k,14327f7b59414ea4,1024,0/0
/spttest/74zdp6f5t57y,d0a05c2d70c20ae,1024,0/0
/spttest/rs25zn7iox4e,32be10d600b3bbae,1024,0/0
/spttest/hbdzw8ev49tm,1fa15fd46dfa01ba,1024,0/0
/spttest/3h96ncs6lsd4,65af976f719b8d8,1024,0/0
/spttest/g4splownul4g,1d7824e7a5657d70,1024,0/0
/spttest/k8qpq9csix3r,24f9d67d70e5d417,1024,0/0
/spttest/fjy15nf0rn3z,1c694a00389df9bf,1024,0/0
/spttest/jjigpc6cby7s,23b220f7d30ce5f8,1024,0/0
/spttest/c5kcb24nuruj,1633a8222e04cf7b,1024,0/0
/spttest/t1upzv5v59yk,3510e307f18a24ac,1024,0/0
/spttest/hczmnmdvh0ye,1fb62b3808e61216,1024,0/0
/spttest/613kimwderok,b03f67585c810a4,1024,0/0
/spttest/6p3low83tv2f,c3bb7a1e9c04587,1024,0/0
/spttest/txj34juqe53m,36ac58844329d352,1024,0/0
/spttest/1g6hyk6tva9h,2a5c9a416781ab5,1024,0/0
/spttest/6kwg01dnlm8f,c052d6d66463ecf,1024,0/0
/spttest/a68yrgeniicx,1295501a46d35c71,1024,0/0
/spttest/tcnxq03sulu5,359d5219c7e2d20d,1024,0/0
/spttest/1nljn4598eue,30624470c5cda26,1024,0/0
/spttest/fvhriyk971cl,1cff4a7b01f01b95,1024,0/0
/spttest/m94n244532ka,28a617470a1ca4ba,1024,0/0
/spttest/o3r7qkc1a8a7,2c0787619fa3596f,1024,0/0
/spttest/x5ciyz4a9k42,3c8cbc5ff1e75812,1024,0/0
/spttest/wqnmaaqqcwyo,3bcde6142fef53e0,1024,0/0
/spttest/yudjzp2ionng,3fa574054e2677bc,1024,0/0
/spttest/7ocp47705pf9,e059fb86939fbf5,1024,0/0
/spttest/fvciok1s93g6,1cfd65f23523f9b6,1024,0/0
/spttest/t4pot602hkw9,353609eab2036609,1024,0/0
/spttest/lrhxi5lykcl1,27c1143ea23622b5,1024,0/0
/spttest/q70h9kxc7azb,2fd91165ce266357,1024,0/0
/spttest/6zoue6zz5nm2,cc5464323f955ca,1024,0/0
/spttest/q10o2sjcj78p,2f8b33557e05a369,1024,0/0
/spttest/t8zkcw0a0v5u,356d8f33ee0de7c2,1024,0/0
/spttest/ctlgpa3hn32d,176bcdf0a392ec45,1024,0/0
/spttest/y8430h2zr2k0,3e84457edfcca0b0,1024,0/0
/spttest/gdo06ar04xy5,1deb5980312ef0dd,1024,0/0
/spttest/zc38by9edhcr,408b890b21c10b1b,1024,0/0
/spttest/xkkpgrxquwny,3d5286d5c6532ede,1024,0/0
/spttest/vj77t2mrog03,399970ffb96dda03,1024,0/0
/spttest/k7xo31a91gs8,24ef5b970777ec38,1024,0/0
/spttest/u3455v0ifq2t,36f4e3c221d7b3c5,1024,0/0
/spttest/dewlk08b5cfh,188098d5c444d92d,1024,0/0
/spttest/8w9b8m1jny07,103fee4e24ff02e7,1024,0/0
/spttest/2hhcnbdv650y,48a4e8f7026a1f2,1024,0/0
/spttest/9zdr984lnmk1,123c1de3107d56f1,1024,0/0
/spttest/igmpquu5x944,21b914a0fb9e6964,1024,0/0
/spttest/wd17d0zeb2s7,3b1cf35906975cd7,1024,0/0
/spttest/5gv1pcrbnebc,9fd1a1b81ffdf38,1024,0/0
/spttest/g7wlop776q0s,1da084196ab63c3c,1024,0/0
/spttest/x9r4o2834jop,3cc5f639fd195fa9,1024,0/0
/spttest/1fhvm91ctj23,29ce77a822745bb,1024,0/0
/spttest/sruf330umknr,348ee2782f9fe017,1024,0/0
/spttest/qu86wy2gvdcp,31069ab0a713cd59,1024,0/0
/spttest/5s20bo32y98d,a8e7ef7cfd9d13d,1024,0/0
/spttest/nn0fvfh12798,2b2e0a34417ac63c,1024,0/0
/spttest/c5qpk6apv3uo,1635f4590dc9a640,1024,0/0
/spttest/3jllxwtaggan,6796fa2df51d47f,1024,0/0
/spttest/q96a5rkd0et0,2ff523e35e5237f4,1024,0/0
/spttest/m9ri73tetfpc,28ae57461fbf46c0,1024,0/0
/spttest/iofwm71byp6s,221e89bbb75c3304,1024,0/0
/spttest/16td4qok1pir,22c2527a162cb73,1024,0/0
/spttest/vcyffzeqw4fv,394855bcdb62207b,1024,0/0
/spttest/stqb5kmj2u78,34a7616c99ba9064,1024,0/0
/spttest/scw65hiok6st,33ccad6f27224f6d,1024,0/0
/spttest/w9622cih6jtl,3aeabe926c3322d9,1024,0/0
/spttest/i3tbpldgx7sn,21129adba97b99b7,1024,0/0
/spttest/jna3drdr77j2,23e310de625e60de,1024,0/0
/spttest/spmtix2qblad,34722a0f441e7285,1024,0/0
/spttest/1uqtu229pmkk,362f91187dccf84,1024,0/0
/spttest/o6vypd8cncrx,2c3035d0badf5c6d,1024,0/0
/spttest/6e82irkv9lo6,bae727681ff54f6,1024,0/0
/spttest/a6nk8ne8f8k5,129a945d6e994915,1024,0/0
/spttest/syp05p4c0zv9,34e7db1ff942a195,1024,0/0
/spttest/l4lyqfbq0kzg,2697c7f7d11a403c,1024,0/0
/spttest/fufqrmwdso4b,1cf1928a33e8361b,1024,0/0
/spttest/5m9aj48vifkb,a433031aee5be4b,1024,0/0
/spttest/md286dag0by8,28d92d62692e0480,1024,0/0
/spttest/llmihj95qyly,2774cc03b42d8ab6,1024,0/0
/spttest/rgrxgodtl63w,322b7d738d8b232c,1024,0/0
/spttest/d9055jzhtv7y,1833f0af6287d04e,1024,0/0
/spttest/scrplfdhdfqt,33cb117a9ee9c5f5,1024,0/0
/spttest/q741pyh6j30c,2fda5afc3ac19ffc,1024,0/0
/spttest/nhxbiep1418z,2aebf79fe188e453,1024,0/0
/spttest/3nb0i8wrk5o3,6a991fb9b6bd4b3,1024,0/0
/spttest/e45w4tkk0t0t,19c8aeb575c7c6ed,1024,0/0
/spttest/v7ylcby7n1ic,39077296a93b4664,1024,0/0
/spttest/mgqnqcce23yt,2908f5e71b2e3e95,1024,0/0
/spttest/su72mu330ewv,34ad6dd297f87a7f,1024,0/0
/spttest/h48yrfbw1nqc,1f44a24874bf0a64,1024,0/0
/spttest/rved316gdqyp,32e96f3a1d9281c1,1024,0/0
/spttest/puiv7wajwvo4,2f36d77d4f858354,1024,0/0
/spttest/tvjuqzxyj7gj,3692a4e1138fe283,1024,0/0
/spttest/agbink6000tc,13182071c922dc20,1024,0/0
/spttest/yarfcywfjts,1bd84c83d267a20,1024,0/0
/spttest/qpxbixnoelmz,30ceb9715916c90b,1024,0/0
/spttest/8cuq0ikikw9u,f43ded03ef22262,1024,0/0
/spttest/xiobavyy2mxc,3d39d974354f7a90,1024,0/0
/spttest/omjqwvgaxl8f,2cfba183485363bf,1024,0/0
/spttest/n5aniqdq2l26,2a47eae301cda51e,1024,0/0
/spttest/b5634ihf5ws4,145ae62d605ca834,1024,0/0
/spttest/m1x6emsyrmib,2848792d36b1dcb3,1024,0/0
/spttest/r1pjdzihxxsd,3167c9c04d3ad24d,1024,0/0
/spttest/gt7vmlryoqde,1eb55c0cc0391982,1024,0/0
/spttest/o7e8ba3krq1j,2c36cd18f9579c97,1024,0/0
/spttest/bp84okog8ubg,155f6c0b3d56fb7c,1024,0/0
/spttest/m253eshcrc56,284b546fbab0263a,1024,0/0
/spttest/wtpc69qemnka,3bf57ca3fe78a6ca,1024,0/0
/spttest/vqrkawuujrgl,39fbb538c4fea7c5,1024,0/0
/spttest/tuy5nxgircp,183db2202c23ef9,1024,0/0
/spttest/prhkckoebx94,2f0f6775f6aeeb18,1024,0/0
/spttest/stak52mmprlv,34a1b296b9b1a603,1024,0/0
/spttest/kfshvjh3mtlv,255567dfabeaf663,1024,0/0
/spttest/m2w0fdkr2zr,11ece8524e81fe7,1024,0/0
/spttest/thucbzyo77rt,35e094151e35f319,1024,0/0
/spttest/8t5b8nhxlmj4,10178510a20d7a50,1024,0/0
/spttest/x53n6tukkub8,3c8987e22bdbf274,1024,0/0
/spttest/o31pr2n8tqvd,2bfe54070462d149,1024,0/0
/spttest/er5p3ha67zoi,1af35d8eba31ae62,1024,0/0
/spttest/sglippxhuezt,33fccaa4569b4c69,1024,0/0
/spttest/dwjcqo75zm85,1965a00d5247fc45,1024,0/0
/spttest/mpzjzvimaexq,298112f19b6f781e,1024,0/0
/spttest/6w0ljw9bf8kt,c958ef7f3ca482d,1024,0/0
/spttest/n0pxdezdlcet,2a0c7b67d8e1eb15,1024,0/0
/spttest/6450j5gd8n7q,b2b73afd1aba486,1024,0/0
/spttest/n91wku81qt0z,2a78b7d77956b673,1024,0/0
/spttest/kuacqa5wd9ul,2611b2e4809fe71d,1024,0/0
/spttest/n735p3y3jkti,2a5f3117c6b70b26,1024,0/0
/spttest/oulv8akmcffm,2d644f61556d1f22,1024,0/0
/spttest/qqw7si0qba8g,30db50bff7c78290,1024,0/0
/spttest/wiixdxfg93fs,3b644aaa89a375a8,1024,0/0
/spttest/at0n1ht8d6h5,13bd0ffcd2104e09,1024,0/0
/spttest/pd0zkcx7x3uv,2e5392a5e5fedcc7,1024,0/0
/spttest/6f8abf1pz8br,bbb83b8e30d21e7,1024,0/0
/spttest/s25ecp14itl9,33411ff6e2841e4d,1024,0/0
/spttest/o0v9f4u7ugwo,2be20566a98f5018,1024,0/0
/spttest/41o1pno0i4nw,7641f75471bf81c,1024,0/0
/spttest/b3uh0o7x2wer,1449b8261beccd93,1024,0/0
/spttest/d7z7ypns3bz8,18269e451244c764,1024,0/0
/spttest/s62ojb215o13,33741a0402c761e7,1024,0/0
/spttest/5zfk99j1gmca,aee4fb254c7721a,1024,0/0
/spttest/lgt7u69dneep,273644fc566e79b1,1024,0/0
/spttest/u28y92rbru1t,36e9a29c892d67e1,1024,0/0
/spttest/rvz7c6z0y1dj,32f0f437e3850777,1024,0/0
/spttest/65cnd1m6kxu3,b3b32195a52164b,1024,0/0
/spttest/u24fxbg2uwn4,36e8021dc6ce72c0,1024,0/0
/spttest/hpv49twblq1m,205d66ea9622f21a,1024,0/0
/spttest/p5sddiq78cy4,2df589f866f3628c,1024,0/0
/spttest/gssw93j38dbd,1eaff42119aa7469,1024,0/0
/spttest/rif3v08j0gsk,3240d797fa652804,1024,0/0
/spttest/xmjtb4w3u3dq,3d6c2ed767e8cf9e,1024,0/0
/spttest/sv5h9m6x3av2,34b9d7e3322092be,1024,0/0
/spttest/morek86qs7w0,297124cc02fdc8f0,1024,0/0
/spttest/z3actwec9aiq,401933da5b226182,1024,0/0
/spttest/1uv8i5404a80,364902dd24d6cc0,1024,0/0
/spttest/q5ll1yrs1k0g,2fc6b45672756390,1024,0/0
/spttest/5qdib0rcvwsh,a78aaa4a66c4fc1,1024,0/0
/spttest/7pfzq7ti7c0s,e13cd4f12720e9c,1024,0/0
/spttest/adpulq59fvcg,12f6547d070c0970,1024,0/0
/spttest/3js6311yd2db,67bcd86afcb233f,1024,0/0
/spttest/lecltv7yzaoj,27164c1c7a302ed3,1024,0/0
/spttest/jjjjrjh63q0d,23b28530ceef406d,1024,0/0
/spttest/i00b1486qodm,20e12aaa13a763ea,1024,0/0
/spttest/q1wm4rgehz42,2f96ba2065638a02,1024,0/0
/spttest/p20li0deiego,2dc48cbc52a3bbb8,1024,0/0
/spttest/rokxcrx1tq0x,3290e0a641209e01,1024,0/0
/spttest/14u5ew6i0dt3,2127334f873efe7,1024,0/0
/spttest/oa5mgjlyr166,2c5aa9d9882644ae,1024,0/0
/spttest/hjuuvrk2zzrg,200f5f480eb821cc,1024,0/0
/spttest/grtwqbzot3g1,1ea354781c4c6ab1,1024,0/0
/spttest/d7rsfhtr0v4l,1823efd5ee86fc95,1024,0/0
/spttest/sqv8cznnz7ik,3482305398d973cc,1024,0/0
/spttest/p8s1j9tnsnzh,2e1c635c710dc36d,1024,0/0
/spttest/nr5nphywjb41,2b63e12d042af701,1024,0/0
/spttest/fwdu17holc3l,1d0adcb24704dc81,1024,0/0
/spttest/fpvtasz1gqox,1cb66ca555e73821,1024,0/0
/spttest/yp6ldi9v7rr8,3f61feb5a2852b44,1024,0/0
/spttest/5dj48ahv948p,9d1d4664c8e80b9,1024,0/0
/spttest/rt83oqrhqh9i,32cd3264c3c676e6,1024,0/0
/spttest/8gzk4g776ar5,f799291395c5ef1,1024,0/0
/spttest/tb2v6acx0hse,3588ba92fd50eb0e,1024,0/0
/spttest/el7jiz2w3ilr,1aa6187696ca98ef,1024,0/0
/spttest/jaf3pushe6wt,233c033c02fedb7d,1024,0/0
/spttest/9k6nh8nkth8b,1176b6c432e40c7b,1024,0/0
/spttest/bmihpur7a39f,153c31670e1b0203,1024,0/0
/spttest/ecywo8ecu7wt,1a3b10d341b4878d,1024,0/0
/spttest/2y13gqbyozdh,5614278b1f0d715,1024,0/0
/spttest/iqdoium9gq6n,2237b6bedd4d098f,1024,0/0
/spttest/aeemtg9z7f1z,12ff45b804024ef7,1024,0/0
/spttest/afovai5utoic,130ff4664be7d354,1024,0/0
/spttest/39z2084dfd47,5fc6512d4792d27,1024,0/0
/spttest/ikjjjqqzs8qf,21ebe4a63a6f2637,1024,0/0
/spttest/d6zl1n3ho55d,1819c293b77e7d11,1024,0/0
/spttest/79eojqird959,d438025bee3528d,1024,0/0
/spttest/am0c7c6wiwh2,1362076222d5ece6,1024,0/0
/spttest/7saf20dzibq6,e38c23269dbe2de,1024,0/0
/spttest/lnfmmrluijss,278c4a96155fb6bc,1024,0/0
/spttest/ojoutq9rgno2,2cd6819f76f27ad2,1024,0/0
/spttest/qqgap87ja9h5,30d5925275bf7d79,1024,0/0
/spttest/ajkkusrvkgns,13425d2d25fd9c58,1024,0/0
/spttest/iervrukl2z68,21a0f76c0b10c390,1024,0/0
/spttest/nmlltkve0ag2,2b28aff17ea45ee2,1024,0/0
/spttest/llt6rwp210lh,2777348ac5cabf45,1024,0/0
/spttest/v3guifrtzmoz,38cd1675e2f056a3,1024,0/0
/spttest/ojt7jj7n99ck,2cd813b971467a94,1024,0/0
/spttest/f0bqzexlaqhy,1b6a73eb5ccc9da6,1024,0/0
/spttest/spd019qupnnx,346e9f1473c19a0d,1024,0/0
/spttest/2wnbzs3tramf,54f4df17b9a1787,1024,0/0
/spttest/3cnt3wpddojd,61f4df6a806ae79,1024,0/0
/spttest/7bwam5i2u69t,d63d58a5d771541,1024,0/0
/spttest/xct8qmphh1ws,3cedb12deef3b8ec,1024,0/0
/spttest/tr4zgzcvlrzt,3659527195cfdff9,1024,0/0
/spttest/mzs6an2fxmg,12aacd3c43775f8,1024,0/0
/spttest/pf99mjvi3bkf,2e7089ebed8e3b4f,1024,0/0
/spttest/rbiw3228dxft,31e74851293d1a89,1024,0/0
/spttest/jmy2rxmbvmy2,23debae4e6f658ea,1024,0/0
/spttest/ru6uskfso675,32d9bc766d40ad61,1024,0/0
/spttest/ca2a9uttzr3e,166e16924e2b64ea,1024,0/0
/spttest/ulfz330wkbp7,37e2f734a9e9883b,1024,0/0
/spttest/wm4ylkdvokl9,3b9335a5d7c0d13d,1024,0/0
/spttest/vq7tkgb54sad,39f495a1012f9935,1024,0/0
/spttest/84z9owgpjopb,edd98b87465fccf,1024,0/0
/spttest/wtidizsfhaui,3bf2f98918db602a,1024,0/0
/spttest/vefpeh6vq5hd,395b8ece19b98541,1024,0/0
/spttest/cjtm04b3s8rm,16ecd9eb8adc4a62,1024,0/0
/spttest/o2kuwb2vscvm,2bf83ef821efa732,1024,0/0
/spttest/1n971f141vh9,301af85d4cdad9d,1024,0/0
/spttest/un1ckcqvc2z9,37f7aac817498115,1024,0/0
/spttest/1t1iiohj5axm,34cd992397f9d9a,1024,0/0
/spttest/x6jy0cvl4to6,3c9c66cb63ba4036,1024,0/0
/spttest/v18tzdtcmht2,38b037a49f2bb3a6,1024,0/0
/spttest/iga752xevmly,21b490794df0d636,1024,0/0
/spttest/7qb1022qyiws,e1efffdd493563c,1024,0/0
/spttest/b0fcfnqsfo9e,141d4b1820a59c92,1024,0/0
/spttest/akhuehzyqbq6,134e5dd314381bde,1024,0/0
/spttest/pxgyi6ydqfrs,2f5d1ef45236a758,1024,0/0
/spttest/3l2uhcewx8gn,68ca5107c6dc117,1024,0/0
/spttest/ws5uta3oym6c,3be177d7d70588c4,1024,0/0
/spttest/3qf6koac3ita,6d20acb2f88f5fe,1024,0/0
/spttest/almt75auxw10,135d25d528377664,1024,0/0
/spttest/ttnqc6ck5643,367a1084e90f5233,1024,0/0
/spttest/nfii7x3ncu6m,2acca4cce5a556ce,1024,0/0
/spttest/dxrnu7jjbnzw,19759cbafea15d3c,1024,0/0
/spttest/um78he3v3bby,37eccd429405e71e,1024,0/0
/spttest/gos8x3bjhlu1,1e7bc33bd0f3f7c9,1024,0/0
/spttest/cj4zbwi2hg27,16e3f6e8b630f58f,1024,0/0
/spttest/ruzoga70ppq9,32e422df134b6a81,1024,0/0
/spttest/ixtt6ceoda5t,2298755f4610c4b1,1024,0/0
/spttest/3mccbmc9rz3t,69d0f69550e6379,1024,0/0
/spttest/88hjhf8n5wu5,f0b283e71d1fc7d,1024,0/0
/spttest/vkg97gao5moj,39a9b12915034213,1024,0/0
/spttest/2g5sm68ppp7j,47925db134c04df,1024,0/0
/spttest/mh8cz8eg2pht,290f58f0ee283591,1024,0/0
/spttest/nypjjuaufed1,2bc5faabe42fdc75,1024,0/0
/spttest/72s4jchvqgb8,ced6d298ab9b814,1024,0/0
/spttest/sja0mr6qln3b,341f9bf74d21ca27,1024,0/0
/spttest/egln824o4s76,1a6a3cd1f6902fc2,1024,0/0
/spttest/va5djw1bxvfs,3923dfb12b8e6c68,1024,0/0
/spttest/obeujffj7pln,2c6afb2707f2bc5b,1024,0/0
/spttest/yy37kzqwgm6z,3fd5ad872243cc5b,1024,0/0
/spttest/ypz4cqvjovdj,3f6c49b7498523d7,1024,0/0
/spttest/vzj9avsjrmp0,3a6d9d5c539afea4,1024,0/0
/spttest/pja76lkvdl24,2ea4d50c57b9cadc,1024,0/0
/spttest/wv9w7kymeg56,3c09e4abdf1ce73a,1024,0/0
/spttest/y4a0ilyxhkbg,3e527445fa58da1c,1024,0/0
/spttest/jsd107zjexbp,242512291ae46f35,1024,0/0
/spttest/q2nsf331egoh,2fa08833152ec8f1,1024,0/0
/spttest/4ktn2nmmoz90,85ceffc31a1a674,1024,0/0
/spttest/lriadvu18w3d,27c1354ba0ad5d79,1024,0/0
/spttest/scf08l8cb09v,33c67c00228ad223,1024,0/0
/spttest/pdqvoyu3f7y0,2e5cea49a54410f8,1024,0/0
/spttest/9t8wor274hwx,11ec6e70dc3892b1,1024,0/0
/spttest/ht9burvyjvwt,20897f4b8f80964d,1024,0/0
/spttest/bblf5626sj46,14ae5e13cde7fdc6,1024,0/0
/spttest/1etg7mibvd91,294171c8ed2e7d5,1024,0/0
/spttest/80rohq3qmngz,ea6e6b912884653,1024,0/0
/spttest/11xnbapbn5h,daff51d55daf5,1024,0/0
/spttest/b477y8jo0of0,144e51ab9e21bf9c,1024,0/0
/spttest/ins5ub25jnzz,2215f890ce299d3f,1024,0/0
/spttest/qq0la7ydumgr,30cfe7959349b23b,1024,0/0
/spttest/rv1ii9yq6km7,32e4cc5af1e6dfdf,1024,0/0
/spttest/efebondt6okh,1a5a9b60f5f9c2e1,1024,0/0
/spttest/9v8twp9envey,120661d2d60520ca,1024,0/0
/spttest/947gir95w76k,10a72d2cb05a055c,1024,0/0
/spttest/e5pi3mti59xb,19dcbf532541c77f,1024,0/0
/spttest/uj9eoz6vrwb2,37c69e296645634e,1024,0/0
/spttest/jjenlcrxzhc2,23b0c12bf3a54f82,1024,0/0
/spttest/m40yihidukuq,2863d0e94ff50a12,1024,0/0
/spttest/hlngeg30sh9n,2026ae0fd9d8b26b,1024,0/0
/spttest/26gtgfqk6pq0,3fb3b7eff4cf3b8,1024,0/0
/spttest/8nxwhsitk198,fd3e65e45b1085c,1024,0/0
/spttest/uyqa74rw8ujh,388f8bbce16bb89d,1024,0/0
/spttest/1jp5yzdi96k,1418d2d54af7fc,1024,0/0
/spttest/zs0e1g5y6x2b,415a56b14e4ec2e3,1024,0/0
/spttest/hcy0iccfwavm,1fb59606f3345e12,1024,0/0
/spttest/mwg2pb8ucx0z,29d4f85f830b2033,1024,0/0
/spttest/8e7iuzo7w44,6d0a8393d48254,1024,0/0
/spttest/8uacwyi7q4om,102654760521a936,1024,0/0
/spttest/dsn52kwnbjb4,193308d20fd4ed80,1024,0/0
/spttest/plz8byttipy6,2ec7d7b752ea04de,1024,0/0
/spttest/so2hjp4dzty1,345dd6b444118f59,1024,0/0
/spttest/9i1f3pp8bqo9,115ad8ebe085b7c9,1024,0/0
/spttest/qjutl0wx5ndz,307fe3217a2686a7,1024,0/0
/spttest/r7pgq06876la,31b5b27365c87d1e,1024,0/0
/spttest/vvsu908d0c2w,3a3d1d654830ca28,1024,0/0
/spttest/39azavqj16x,2a53421e3922c9,1024,0/0
/spttest/9c7pe3mgidbf,110f2dfd14aaebeb,1024,0/0
/spttest/wtlmv0i0v25b,3bf42696c839649f,1024,0/0
/spttest/1ha4jdgd6fwv,2b415eedcea930f,1024,0/0
/spttest/4acm4ptu5z88,7d4e6bd23914398,1024,0/0
/spttest/m6o2johbhtg6,2886223e1c95be56,1024,0/0
/spttest/j875ty3h0ngp,231f2b32be9273c9,1024,0/0
/spttest/9qed4itb2tty,11c76eb03eada286,1024,0/0
/spttest/1c9b2662xuuy,272d803ff31147a,1024,0/0
/spttest/j38xh5e8feqm,22dedc36733b885e,1024,0/0
/spttest/eq1pv8gjl8yy,1ae4f0ce541f93aa,1024,0/0
/spttest/qtv1isfnwshw,3101dc10a4e7ab44,1024,0/0
/spttest/r97nzs15zfa5,31c940fe329f811d,1024,0/0
/spttest/4qlzl3csvrci,8a81caeda135832,1024,0/0
/spttest/wu8zx0y5x5wo,3bfc948ea4aac928,1024,0/0
/spttest/4nvixpli69u2,88495e04f2e0d4a,1024,0/0
/spttest/aumpf9vhkp61,13d20375950a9969,1024,0/0
/spttest/1zvcwkfnmlaq,3a58dc100fa6852,1024,0/0
/spttest/ab10517o81z7,12d362f94f11a003,1024,0/0
/spttest/nk5t35voxe97,2b09022e789fca6b,1024,0/0
/spttest/2449v8zhs94j,3dcba4dc1677a33,1024,0/0
/spttest/o1l39i8k2s06,2beb572df4de0e46,1024,0/0
/spttest/wmf0nzj6275r,3b96d6a264a872bf,1024,0/0
/spttest/a4ho20qi8l0q,127e796ec580966a,1024,0/0
/spttest/u4ngvmkf56vy,3708da1256fa111e,1024,0/0
/spttest/i9y8msm5je2c,21625057c2b74af4,1024,0/0
/spttest/o3fxua5rqqjx,2c0375f011fb57ed,1024,0/0
/spttest/vv83g4eqhu5n,3a35a143038f44eb,1024,0/0
/spttest/6nkyfkteqqhu,c280011ff536aa2,1024,0/0
/spttest/92xs8fjyoptv,1096b249f83716c3,1024,0/0
/spttest/xaann1b2owy2,3ccd01e662bfdaca,1024,0/0
/spttest/jlmtmp852cer,23cdae1f289e0053,1024,0/0
/spttest/g2oftlyk3qu0,1d5c9fd32eb59698,1024,0/0
/spttest/mr4ypcfo728c,299003c72a86bb0c,1024,0/0
/spttest/1k18otyyduh,1437ce8400f099,1024,0/0
/spttest/2e3azas5lvgu,45e455b72a9078e,1024,0/0
/spttest/egysgiugl0gh,1a6efb0a1d7f5d91,1024,0/0
/spttest/xncvu8l8z1y,1b51300189b5876,1024,0/0
/spttest/v8x588cxqy17,3913ea21dbb41fcb,1024,0/0
/spttest/tkvb31nf6azn,3607e5045c6a7823,1024,0/0
/spttest/7zyzotx5z9zl,e9c8cc6249e3651,1024,0/0
/spttest/6nflgigos8db,c2610f0c4d9915f,1024,0/0
/spttest/ra7lj08zsm6v,31d637ec3a9a4257,1024,0/0
/spttest/vlgyu4m315cr,39b6f02d8d918c5b,1024,0/0
/spttest/1xy85bmqahrc,38c9c23e998da68,1024,0/0
/spttest/52uuu1dv1kvn,9472ee2f6f682f3,1024,0/0
/spttest/3vjr4r513csh,714a34c0df7e881,1024,0/0
/spttest/ttl3aj7i3kc9,36791ca70eae07b9,1024,0/0
/spttest/s0bytkupevjv,3329842deef3083b,1024,0/0
/spttest/hm7rc63yq5da,202e017cf4a64bae,1024,0/0
/spttest/2kwafgklvpry,4b6aa29a406593e,1024,0/0
/spttest/d2f32kppsls2,17de68115397da42,1024,0/0
/spttest/4wf6kmkyv7cf,8f39792aefcc8ef,1024,0/0
/spttest/6674hcx8wdbc,b463112766a3768,1024,0/0
/spttest/87ohaxmki3ny,f00abf887c81f0e,1024,0/0
/spttest/pwpyc5x1v51d,2f53609507ab4041,1024,0/0
/spttest/vf2si0lwt5j5,3963e33969acd541,1024,0/0
/spttest/fzn7au23prky,1d3535d27499e2e2,1024,0/0
/spttest/1yzr7aabske3,39a26a7b0ea093b,1024,0/0
/spttest/adk150x9czzw,12f43b0c94974e3c,1024,0/0
/spttest/fmssi1wtzikp,1c8e5db8c3e095c9,1024,0/0
/spttest/pv3b8fp9soxd,2f3e37f200a00a31,1024,0/0
/spttest/1stwol8m42dc,34a1af7a9c22b00,1024,0/0
/spttest/umigev8wfkju,37f0d9a839d6c5ca,1024,0/0
/spttest/oxhurd50maqs,2d89d4788c4ba3e4,1024,0/0
/spttest/rzminx2f7g17,3320558471edd3eb,1024,0/0
/spttest/2poyk0dmchxw,4f4f7674b860fd4,1024,0/0
/spttest/lwn2gfxnjbq8,2803e1138b5e4d20,1024,0/0
/spttest/2flkdjkb5w0c,471d9597d225c4c,1024,0/0
/spttest/kempf1o60icy,254653c21a2f52f2,1024,0/0
/spttest/qrzc9qnzd8s9,30e96e9a6bcf0cb9,1024,0/0
/spttest/98val0qdfj91,10e3bbce4fee2435,1024,0/0
/spttest/kuz31b8dwsei,261a9f3a16dc94ca,1024,0/0
/spttest/nm8gn4mqcxg1,2b23f1de1331a651,1024,0/0
/spttest/gyf3kdqultgs,1ef8e9476bd4de6c,1024,0/0
/spttest/cpf8hhmwbq89,1735999f41ace189,1024,0/0
/spttest/bsjpj8skdx7r,158a915dc8f0ad67,1024,0/0
/spttest/lhywjp77tbx5,27454f7b54621499,1024,0/0
/spttest/4yqzbumd8roe,911d3eb5939231e,1024,0/0
/spttest/sdl8c01mh3hz,33d5b83c7311a5f7,1024,0/0
/spttest/qct64shnh046,30245dcb9bd735d6,1024,0/0
/spttest/j4wy7mcdw7ma,22f48431a144eb92,1024,0/0
/spttest/fepp5t18016r,1c2555fe33e0c203,1024,0/0
/spttest/hr01ubm0i3ox,206c2bc706c92b31,1024,0/0
/spttest/q4sar6040nr7,2fbc233b2b8c1c43,1024,0/0
/spttest/w4x0q9vpqpik,3ab386cdfa7ba8ac,1024,0/0
/spttest/o82u2uqzf651,2c3fadc835c6d7d5,1024,0/0
/spttest/ve53tlxwj0mx,3957bbc0fe215df9,1024,0/0
