/spttest/rqljq8haws33,32ab1491c90e842f,1024,0/0
/spttest/b8zksdz41vd5,148c81f247cf1509,1024,0/0
/spttest/uia78rkw1lxh,37b9ea284631c545,1024,0/0
/spttest/d2oj22mqb16f,17e1d0660bb9ecb7,1024,0/0
/spttest/bjci3gsokoro,15131064a11d8264,1024,0/0
/spttest/x073jq2y3y82,3c49d4ad1a84da02,1024,0/0
/spttest/u940htzc2yf8,3742c752b06122c4,1024,0/0
/spttest/6rbby8yt46x6,c587c19c778010a,1024,0/0
/spttest/ugv86t6m4fll,37a785cda99525f9,1024,0/0
/spttest/ow3gextc50lw,2d77a5408f004254,1024,0/0
/spttest/omq4d0silk2b,2cfdee3a781bdad3,1024,0/0
/spttest/84plzrb5k3pn,eda1c99eed5f0cb,1024,0/0
/spttest/10ge81cg10jj,1d987a0c39988ff,1024,0/0
/spttest/b5huzngsjuwz,145f25b930252f43,1024,0/0
/spttest/mmf0rjm5mlcw,2952b277107542a0,1024,0/0
/spttest/fq9pxppx3fkb,1cbb712bc0b6068b,1024,0/0
/spttest/dalxb9u3oz56,1848c9eca6f732ea,1024,0/0
/spttest/trag380rycvv,365b4aec2ec7b0bb,1024,0/0
/spttest/mvgyc1fdi1s8,29c84c4686e5b288,1024,0/0
/spttest/7hh15noimeq2,dac434a1f53560a,1024,0/0
/spttest/n1e6b87xcr7y,2a153b2dfa6491ce,1024,0/0
/spttest/514xjod1vrrr,930d703afb3d357,1024,0/0
/spttest/whctv89dm7lk,3b551a2b7ecc00f8,1024,0/0
/spttest/hviuyu6xtspv,20a6ea2990412fa3,1024,0/0
/spttest/xbcrvyntxarm,3cdac2cae1a88dc2,1024,0/0
/spttest/xw78tobimu95,3de98a6e00dd60a9,1024,0/0
/spttest/qsd854s1empt,30ee712ac37d7b81,1024,0/0
/spttest/75w5zuqjz4n5,d15da25ce503d41,1024,0/0
/spttest/oehkdzoqalez,2c92edfb64e1b4eb,1024,0/0
/spttest/9xk735ba5a1a,12247633cae6280e,1024,0/0
/spttest/oglltwzuif8w,2cae5dab538aa7b0,1024,0/0
/spttest/30xdp1lhc067,586e304dd9000df,1024,0/0
/spttest/sw9f6rrlmxov,34c8414867e9050f,1024,0/0
/spttest/y6lcbbcek57i,3e70851b6157455e,1024,0/0
/spttest/62ckxf3y8xpc,b1434156979daa0,1024,0/0
/spttest/9xvuan8ql1n9,1228a9cce8a16595,1024,0/0
/spttest/ot06o7uedhdz,2d4f7f6176f50f47,1024,0/0
/spttest/m6ivgiholjsh,288442371a557371,1024,0/0
/spttest/tn7t496089tq,362662383cdf4bbe,1024,0/0
/spttest/iby7jdz4m3t0,217c480c358c3cc4,1024,0/0
/spttest/pwvi4hqazm3p,2f55613138255ca5,1024,0/0
/spttest/hgybfos2940a,1fe9a716a7e5ee8a,1024,0/0
/spttest/poisk1dhxqmn,2ee8e11df9261a0f,1024,0/0
/spttest/lszhs6s48yrw,27d467cad05d360c,1024,0/0
/spttest/tsbih6s4xz0x,3668aaacaac34391,1024,0/0
/spttest/efvdb8yvnbkp,1a60c1d0bc532159,1024,0/0
/spttest/lcxqdgqyi9jz,2703f0fda4a14adf,1024,0/0
/spttest/5qor9efxvyln,a7cb9aba1d23deb,1024,0/0
/spttest/qjt33rcaudqi,307f42d2519e0b0a,1024,0/0
/spttest/tweabgj1zsk8,369d9fdf1bed0858,1024,0/0
/spttest/ejkfz1tyqf6v,1a90c59e9d6f9567,1024,0/0
/spttest/xnau1raaqhu2,3d75eeae6ed87eca,1024,0/0
/spttest/ibq0hitt5cim,217953022178ff9e,1024,0/0
/spttest/9e68lbatav9p,1128a107926a51cd,1024,0/0
/spttest/oc4a7xi4i5fo,2c74289772e1c804,1024,0/0
/spttest/mbc3682nobr3,28c2c1b6d165107f,1024,0/0
/spttest/854kymzz20j,69c3a6f6d92ff3,1024,0/0
/spttest/ywxbq9mx2y8j,3fc690b364d302d3,1024,0/0
/spttest/64qkshgtnu1z,b333b669b1d84e7,1024,0/0
/spttest/e6eosq2mdmb1,19e5d5b6bb19702d,1024,0/0
/spttest/ef6fjrxk1l3y,1a57c2593dad491e,1024,0/0
/spttest/2krgmjapbt9c,4b4ec386f7739e0,1024,0/0
/spttest/3bufect9006t,614b41babfe7df5,1024,0/0
/spttest/od84sw322hkx,2c82896ba529f381,1024,0/0
/spttest/gqpy0jq62f23,1e94e908864456bb,1024,0/0
/spttest/us4kfg7d52o5,3839c658c46605c5,1024,0/0
/spttest/ydhnehztnpje,3eca1ce1b77f1a0a,1024,0/0
/spttest/quhy8hjat3jq,310a201a5a973d36,1024,0/0
/spttest/c88j6p064ni1,16565d225bee25f9,1024,0/0
/spttest/n8a5mgzzivrf,2a6eb4bd44aa604b,1024,0/0
/spttest/hgdh7kxa4uud,1fe2222c1c58e325,1024,0/0
/spttest/1xci6jp9mdal,384c5c8b70649cd,1024,0/0
/spttest/as1pdltew6nx,13b0751806b4dbbd,1024,0/0
/spttest/1diuxikyedb7,283479207d1cce3,1024,0/0
/spttest/1npkvmabhjuy,30798ec20cdf1ca,1024,0/0
/spttest/52n75igqhezk,9446b8c407a6020,1024,0/0
/spttest/6jpxsdbnyg20,bf5d73b02a2d8c8,1024,0/0
/spttest/kp1x114kzq3o,25cdb5606536e2e4,1024,0/0
/spttest/bxwkvoiwxjmr,15d0287ea062c9a3,1024,0/0
/spttest/266fuo5uwqll,3f77ce83b9960a9,1024,0/0
/spttest/qdm71jllhcu9,302ed6cf0a117441,1024,0/0
/spttest/s64gjmd7cqa5,3374be3f8e80eb0d,1024,0/0
/spttest/rw8drv94qsn,16a5739344bd5a7,1024,0/0
/spttest/wpbu8h9t8tb5,3bbca8ccc4b95761,1024,0/0
/spttest/7zk79j2xv0t,67c184e100d94d,1024,0/0
/spttest/yn0x81xdamqm,3f45f8632545f29e,1024,0/0
/spttest/nqmto4hzjyt,1345d0a7efc50d5,1024,0/0
/spttest/cazwvzuhwap7,167a38bfa99ed72b,1024,0/0
/spttest/dyjq8j18kbav,197fbd31803c5237,1024,0/0
/spttest/5g05g80ajw4g,9f1f44de16ff360,1024,0/0
/spttest/vkr5wk8nslhm,39ada0bcd3fd32ca,1024,0/0
/spttest/rrfb15j818av,32b5d14d8738a447,1024,0/0
/spttest/ackwzaw44u5w,12e78f7d57c7d5b4,1024,0/0
/spttest/mrwt78eossg4,299a0ff81009cf04,1024,0/0
/spttest/zj51j4f60o9w,40e71d20b009dce4,1024,0/0
/spttest/a1wycx44ce7d,125d059eed97f6e9,1024,0/0
/spttest/2kjq7yhcrtt7,4b221e4b2061fab,1024,0/0
/spttest/240p45q6yjcx,3db6ff3d8b45481,1024,0/0
/spttest/lpk8lecpljym,27a7eeec2525e14e,1024,0/0
/spttest/c8716vkpjqys,1655d29848b90844,1024,0/0
/spttest/92gxqyssn3yb,10909e2dc1bb9fc3,1024,0/0
/spttest/tw8tdas049zs,369ba68b0a69db98,1024,0/0
/spttest/kr755cxiapyq,25e99290e20117f2,1024,0/0
/spttest/4qododux2d44,8a8f993394577e4,1024,0/0
/spttest/lx75k1mr0rgt,280b206533abae0d,1024,0/0
/spttest/oh6hxleovuxr,2cb5e766be7e4e5f,1024,0/0
/spttest/vm4bp68s191y,39bf5da64b4d4016,1024,0/0
/spttest/dbf6ic7h959j,18535832f91befe7,1024,0/0
/spttest/nq5d8zq8ivm,13430409a639792,1024,0/0
/spttest/j4cidi73injg,22ed2432258f06ac,1024,0/0
/spttest/9qzxmf7ar5hm,11cf370352c68a8a,1024,0/0
/spttest/az4li10yrq8g,140c6d0c396faf90,1024,0/0
/spttest/a9l6oj0mfrsx,12c0b09bffcd4081,1024,0/0
/spttest/ee9fhqf7mx1z,1a4bda0d127033d7,1024,0/0
/spttest/ejg01dsnda6i,1a8f2b42a2c2ebca,1024,0/0
/spttest/g8natj7nye61,1daa2629a741df39,1024,0/0
/spttest/8l6lt4h40pjf,fb0127f0b52694b,1024,0/0
/spttest/1xcrr4cm0uxp,384de57a8bc229d,1024,0/0
/spttest/fp0rcbf274rb,1cab3834e013a1d7,1024,0/0
/spttest/2q0vvy7g1yfl,4f944f9dc1ed091,1024,0/0
/spttest/lv0e23nfo5yd,27eeb51e092e0f25,1024,0/0
/spttest/vaknjweyau5e,392962dfd24bd122,1024,0/0
/spttest/7qcapdamexx2,e1f75417e4af136,1024,0/0
/spttest/w68320ccf1nf,3ac48214777d721b,1024,0/0
/spttest/1olzdhcifbmc,31349e675a83a94,1024,0/0
/spttest/xxrea38glh88,3dfdcd0cd2142a78,1024,0/0
/spttest/dc6x3apgw7q1,185d5a5886156319,1024,0/0
/spttest/kpdr9i8cf4hj,25d1fb013991d077,1024,0/0
/spttest/ekazzea3at00,1a9a5a88c33f9c50,1024,0/0
/spttest/6rquhmz57lyp,c5e1530bb4d9bf1,1024,0/0
/spttest/852cdzw0l301,edeb4bed26ff271,1024,0/0
/spttest/536m91oqq8qx,94b6d487999b8c9,1024,0/0
/spttest/ed1y5rpqugey,1a3c29bedf5dfc9a,1024,0/0
/spttest/6s7kjcnghfuu,c641dea2c4eb686,1024,0/0
/spttest/esiozoymr7cf,1b050b54defd3bef,1024,0/0
/spttest/l6l8gimp9v1d,26b17f109ec0f661,1024,0/0
/spttest/q48n11tj29vk,2fb50b5c31c17580,1024,0/0
/spttest/3tyloy7uxafi,700045a1d362d0e,1024,0/0
/spttest/3odfl7ornjbh,6b76eac999bcc8d,1024,0/0
/spttest/grgimfta3hyx,1e9e7f7bc854cbb9,1024,0/0
/spttest/8zy28zg0059n,106fd4374a358aab,1024,0/0
/spttest/kyllwyvnd11,11045192a2f28b5,1024,0/0
/spttest/xb7f23ep6h9y,3cd8d4087aaefdf6,1024,0/0
/spttest/gxjgzqvwn47g,1eed7ff20d94d10c,1024,0/0
/spttest/bu6t1d192mvj,159fe414cfea3d4f,1024,0/0
/spttest/dgqpmwfyaevf,1898739bc5bae7cb,1024,0/0
/spttest/n19a6y004om5,2a13774bd436f59d,1024,0/0
/spttest/5hs9vqbw71cx,a09173d7fb88ea1,1024,0/0
/spttest/ujfp19ygf6xw,37c8e2e7d4e978e4,1024,0/0
/spttest/luoozfp7dicz,27ea7cbb6a03b933,1024,0/0
/spttest/2w5pztkalyie,548f33d21b94bf6,1024,0/0
/spttest/5ocqfcbhhruc,a5e68988069e434,1024,0/0
/spttest/qlj3s2t6qjk0,3095a362c53d5f80,1024,0/0
/spttest/p93qadwfat87,2e209aec4a14f177,1024,0/0
/spttest/42r8983umbjd,772429be19d6de9,1024,0/0
/spttest/bg4zhwxluxq7,14e9625335f69f3f,1024,0/0
/spttest/49nesucu1y8x,7cbceb9d94ed1a1,1024,0/0
/spttest/his80v505a3n,20016ea37f83e663,1024,0/0
/spttest/6eu7t4gmgtzc,bb67021a37291c8,1024,0/0
/spttest/4kr45mja461m,85c06b5dc500d9a,1024,0/0
/spttest/qm9tw00h970s,309f47f338033ccc,1024,0/0
/spttest/iby3yn9rozby,217c3edf3d9f77de,1024,0/0
/spttest/9ij6hnc0joc8,1161417368cc61f8,1024,0/0
/spttest/qe6hhdh7u0yx,303628f5ad0cbb69,1024,0/0
/spttest/vcoui3mllvxn,3944e0b165cf91eb,1024,0/0
/spttest/kubqh8g1mozx,261232897694c90d,1024,0/0
/spttest/2pj6b3hpsr9b,4f2e115c4e605ff,1024,0/0
/spttest/n23yd0fbhud,12b83c9a23bee15,1024,0/0
/spttest/3cfv2judsor1,61c700d69e6814d,1024,0/0
/spttest/w8logrri9m0m,3ae364506aba25b6,1024,0/0
/spttest/3rguemunl9o,30e0eeb2e6216c,1024,0/0
/spttest/x3btvr3x4mfb,3c72817cae8a6787,1024,0/0
/spttest/oy5ecofh6d8x,2d9253359d7e5591,1024,0/0
/spttest/3p662sgo29le,6c1ccf2ba633512,1024,0/0
/spttest/9un3ayrqybk0,11fe89d4b82fb500,1024,0/0
/spttest/hoki632rwnr0,204c95435595333c,1024,0/0
/spttest/5mcihkpdup4w,a4459b7120e8bc0,1024,0/0
/spttest/51pu4wjer1tg,93861ff4bc13bf4,1024,0/0
/spttest/e8as9b0g98ov,19fe67a2292a943f,1024,0/0
/spttest/tlg6vytovuy9,360f6dfb84a23a71,1024,0/0
/spttest/gp522gk93n6u,1e80627161719126,1024,0/0
/spttest/dhtfey7tcyfi,18a66bbed4e5924e,1024,0/0
/spttest/kjv93usse4dd,258a5b81829539a1,1024,0/0
/spttest/7pyunrzlqifp,e1a9b4d7c25f0d5,1024,0/0
/spttest/ftgk6tbiuhej,1ce4e0c5cd46619b,1024,0/0
/spttest/zvnvu0c3jx2y,4189c8961471413a,1024,0/0
/spttest/kxmjkowmnpkt,263d10a4cbdab73d,1024,0/0
/spttest/dmguu6pguflf,18e2d4d088cd9e73,1024,0/0
/spttest/8zv5ovfdgedt,106ec7f0e53265d1,1024,0/0
/spttest/53vpd13la7wm,9547a786f1eb786,1024,0/0
/spttest/jkkxz6dnxk77,23c00347e64dcf83,1024,0/0
/spttest/3v5sz64mtuck,70f9ae01410c4e4,1024,0/0
/spttest/b0wakdvf5c51,1423688f4318e7b5,1024,0/0
/spttest/czl1agofucon,17b995f00419eab7,1024,0/0
/spttest/rgjktzdysbda,32287a193b224e8e,1024,0/0
/spttest/hncydl59uyv8,203cdea5c7f97904,1024,0/0
/spttest/sx5rj70ae1n,177aa21b789d19b,1024,0/0
/spttest/9hkzczi9fdyw,1154eaa3485e5578,1024,0/0
/spttest/cj4zqpxg0b2d,16e3f7f710677c05,1024,0/0
/spttest/l00ryrdkpsli,265c2dd770b37506,1024,0/0
/spttest/bxug2nk6c0v5,15cf636d1cb61561,1024,0/0
/spttest/qtczglkz4h8,15c50abb9dcc96c,1024,0/0
/spttest/bf35d5hpypwq,14dbbb631a43e4aa,1024,0/0
/spttest/6zx258c2gt5z,cc83d187ea4a9a7,1024,0/0
/spttest/9u3458sgu0hi,11f7549fc3791df6,1024,0/0
/spttest/ex5xjygdisfj,1b4162cc6c88ad6f,1024,0/0
/spttest/o88f3gyg4spg,2c41b18c79220254,1024,0/0
/spttest/yekqei27m85f,3ed836f0ce5921c3,1024,0/0
/spttest/ah2j1qhfyvbr,1321df65b7cf0617,1024,0/0
/spttest/3rwkt16yh8dz,6e54ed3c703ceb7,1024,0/0
/spttest/bnd6i3k9szsy,1547440aad77cd42,1024,0/0
/spttest/netslsbyuwis,2ac3ba3d93136e24,1024,0/0
/spttest/2397xulgd3qq,3d185f12517f832,1024,0/0
/spttest/i0bkkqk54737,20e53b34997c91e3,1024,0/0
/spttest/i46j6bx1ybk7,21175ecc70f76407,1024,0/0
/spttest/pw353j8gwwfn,2f4b25753e408c33,1024,0/0
/spttest/h13e9roei1sh,1f1ba818f533f791,1024,0/0
/spttest/jiw703c73jhv,23aa17f9b259cc73,1024,0/0
/spttest/borwcezspqaj,155990c25d0e395b,1024,0/0
/spttest/jlq4bw0huxpx,23cedeadf4f47735,1024,0/0
/spttest/oip62as4tbkv,2cc9a13359c273df,1024,0/0
/spttest/g9bd00hceknk,1db2d4980aebd010,1024,0/0
/spttest/jl9sqj2528do,23c8fb0aa9e7b3ec,1024,0/0
/spttest/mpvhnob1xfkz,297f9b783e74ba23,1024,0/0
/spttest/ilv2p70rnyim,21fd0b185f60b97e,1024,0/0
/spttest/nzza21pv31bj,2bd67b4016183c6f,1024,0/0
/spttest/xbjbkt34cg7r,3cdd1f85caa81d17,1024,0/0
/spttest/5jm82aocxdtj,a20e2e16d8dd037,1024,0/0
/spttest/u0x6tn0y3xr0,36d866ed7b6bdf9c,1024,0/0
/spttest/eds2fi9luuq6,1a459646ecd6d00e,1024,0/0
/spttest/2omvxhpoytv7,4e73aac7ce737b3,1024,0/0
/spttest/3crj9apza316,620a629a90814da,1024,0/0
/spttest/7hx1mrbswnqp,db20a66777f1831,1024,0/0
/spttest/bgp2dwqi7tsh,14f0a11a0d78cc91,1024,0/0
/spttest/5ybe8bapr96p,adfd18122403841,1024,0/0
/spttest/mfqeny51wqlb,28fbe1622034039f,1024,0/0
/spttest/7e0xtej3rvwz,d7f7d0e867c0953,1024,0/0
/spttest/k0sacv9g6142,24927dbb40160f22,1024,0/0
/spttest/9sbflrsq22n7,11e05a754a42b3e3,1024,0/0
/spttest/a2l07m0or0o9,1265b3363d8d7429,1024,0/0
/spttest/y7y961f6g5wa,3e822b13d5aa73da,1024,0/0
/spttest/nfhufaec81rz,2acc67bf2cdc9eff,1024,0/0
/spttest/8lnpr860uday,fb63ee26103b6da,1024,0/0
/spttest/ar39m5k2eph4,13a408215c0c5a78,1024,0/0
/spttest/p0te9bcjyhel,2db4f6522d271f9d,1024,0/0
/spttest/kg3ln9yv1eh1,2559699939159685,1024,0/0
/spttest/q6zwsgbuj9pc,2fd8dcdc7bdfa1e0,1024,0/0
/spttest/843l57sp53mz,ed22a52bbfffaab,1024,0/0
/spttest/70iqjvi5w8vy,cd00f7386fa51fe,1024,0/0
/spttest/uaaohppn3v6f,37522c5c0c750b97,1024,0/0
/spttest/qd1oq6df6uko,3027707318f88348,1024,0/0
/spttest/ksq3j5vgv2n0,25fd66abeacf1b1c,1024,0/0
/spttest/43isehrncfh7,77c343e1d512c5b,1024,0/0
/spttest/rwh1esqpikmg,32f763a33ab4d9e8,1024,0/0
/spttest/q1neavwzecvz,2f9366b8f90b2bbf,1024,0/0
/spttest/pgx2bvz0vksk,2e861d4bad509704,1024,0/0
/spttest/3y7ng75o36qp,7373d33703f00e1,1024,0/0
/spttest/56940rea7zzp,9734b622389a3f5,1024,0/0
/spttest/tpjm4dlpgyfj,36449f33497b0f4f,1024,0/0
/spttest/onllurnha4mj,2d094a86ec8ad2eb,1024,0/0
/spttest/g87m38t51pbk,1da47d2fc3ab2f70,1024,0/0
/spttest/xq9v5g99c3jd,3d9c8ce990aa49e9,1024,0/0
/spttest/axgv3z29td6b,13f6df9bfe99c8f3,1024,0/0
/spttest/d30r3jhmi19l,17e63972cd9980e9,1024,0/0
/spttest/fb4gq2d62lov,1bf6b4d76f96944f,1024,0/0
/spttest/oxvggei2mnpd,2d8ebcec8bf5cb81,1024,0/0
/spttest/6rfhny2v8txh,c59fc3bee4af085,1024,0/0
/spttest/vfchppad56ex,3967633b176914b9,1024,0/0
/spttest/zxkkc3sqg9ba,41a2907eccec0d26,1024,0/0
/spttest/b6yaq21uh62f,1472113d9f2a5af7,1024,0/0
/spttest/8oru18ql6cx5,fdeb31abc9423e9,1024,0/0
/spttest/eb3abz7yvwqu,1a22aad5108a8586,1024,0/0
/spttest/3ppupls25lee,6c8e7264cf3bd96,1024,0/0
/spttest/xw5yjn22j150,3de913b03ab54684,1024,0/0
/spttest/600nd8u5ahex,af5eb69283f93a9,1024,0/0
/spttest/epivuwrad4ey,1ade252e4fbd6d9a,1024,0/0
/spttest/6xi42t49y92i,ca8de0479e6eb6a,1024,0/0
/spttest/7uu0pv4946qp,e59cf49df036421,1024,0/0
/spttest/omnlsd4nw6zv,2cfd05d5e3c2c26b,1024,0/0
/spttest/7h8yxxy8gex2,da95aa9853bcf86,1024,0/0
/spttest/pptvykq6tb7o,2ef9df286f980c04,1024,0/0
/spttest/rw9x3hpmn1jl,32f4d1fdaf0e1191,1024,0/0
/spttest/l6azflpnv40a,26adcc39ab1ab10a,1024,0/0
/spttest/3dlpoix9sbc9,62b89b0a60c1569,1024,0/0
/spttest/sctpxgvutuov,33cbcb12df943a9f,1024,0/0
/spttest/3qdq2k9metml,6d184150125e77d,1024,0/0
/spttest/x5xl6ohxkb2w,3c9455c9e1491a18,1024,0/0
/spttest/hypkja6c2pm3,20d04dbe62c2b22b,1024,0/0
/spttest/drdvuhfwg4cq,1922b4949eadc60a,1024,0/0
/spttest/qmwh7ui14wyn,30a773e8a72548df,1024,0/0
/spttest/lqewqne5tznd,27b2ffec3cbf66b9,1024,0/0
/spttest/ugfcn5ynqvc9,37a1cb571c457029,1024,0/0
/spttest/sxfegeywpyh6,34d766dee0e142ca,1024,0/0
/spttest/hdi3poqpt978,1fbcd59ce042f4d4,1024,0/0
/spttest/obelz0b1dl7w,2c6ae52bba2819ac,1024,0/0
/spttest/dkdhd79zz48p,18c7a2a176317739,1024,0/0
/spttest/wphj8ww7qztk,3bbeb6d10eb61ed8,1024,0/0
/spttest/45k01y6bi8w6,7969ec1ae252086,1024,0/0
/spttest/kku91tryfrl6,2596fc3ff405f76a,1024,0/0
/spttest/vdemvo375k86,394e2eb5417888a6,1024,0/0
/spttest/9ldbi6cen0s2,11861be0cc00c1b2,1024,0/0
/spttest/5dzigorft0bn,9d7becf963fe1e3,1024,0/0
/spttest/oxqvlyqblnjf,2d8d15f74a105d6b,1024,0/0
/spttest/dqxbqbh87bcc,191cbb137a2e512c,1024,0/0
/spttest/sazkg30etunt,33b3ecb3a33d3e79,1024,0/0
/spttest/3f8kbokpw9jp,640c5ac0d06c155,1024,0/0
/spttest/pehz4vzqjsmt,2e66b10ff2cfcdb5,1024,0/0
/spttest/5fczg2m2ge79,9e9986de3ae25e5,1024,0/0
/spttest/zlx3l9x4j61c,410b373ca7cd1d50,1024,0/0
/spttest/qm32xgfq05sd,309cd891770f534d,1024,0/0
/spttest/58lc021zkfgi,991aecab5685242,1024,0/0
/spttest/jbeenp9hez52,2348c0316bc46e66,1024,0/0
/spttest/r39svw644hnl,317c16bdb8254e61,1024,0/0
/spttest/sc795vxegrn1,33c3aff439e111ed,1024,0/0
/spttest/dprmanxennxj,190daeb7c371bae7,1024,0/0
/spttest/qn2xqzeipkef,30a9c888e09f2d87,1024,0/0
/spttest/w8zn05cfq1ca,3ae86db810d0f84a,1024,0/0
/spttest/9lqppnu420ym,118af11ea9f6dd5e,1024,0/0
/spttest/cxuzx0y3ak06,17a3339543af6ec6,1024,0/0
/spttest/tf9nae39g2op,35bf21f1eb2e6699,1024,0/0
/spttest/5sryar3x39j6,a97db5870633002,1024,0/0
/spttest/tpdtkw3tzsmt,36428820dc10a4b5,1024,0/0
/spttest/d0tla8duymyr,17c9a9708343dac3,1024,0/0
/spttest/e7t82ewigv26,19f811910169333e,1024,0/0
/spttest/lu0y6yi8ehug,27e1eb85c00e81d8,1024,0/0
/spttest/j1fnn3dj7d82,22c74f0aefbe75b2,1024,0/0
/spttest/36goao8hbg8m,5cecb7fa6a0f7f6,1024,0/0
/spttest/trytnawrwkee,3664168bf8a30a46,1024,0/0
/spttest/lnxfjkike6hh,2792b706ba793455,1024,0/0
/spttest/63iq84tznrgf,b23692473d6c1bf,1024,0/0
/spttest/n9wozk0s71og,2a83d3c7a20aa040,1024,0/0
/spttest/s319czrfesky,334c9ef0c3017332,1024,0/0
/spttest/uprhdh0vsjuh,381b133536552279,1024,0/0
/spttest/4uqbw1p510jp,8dda2c0c674f205,1024,0/0
/spttest/eojz8xuht1ta,1ad18cfd5f09a76e,1024,0/0
/spttest/oplplxhtpobd,2d234eac7bf7b859,1024,0/0
/spttest/qnc4iikkyw6q,30ad1934b2e1db72,1024,0/0
/spttest/scwzovlmk4pv,33ccf939570d8ee3,1024,0/0
/spttest/dk7fd1gj1hoy,18c5734735e592d2,1024,0/0
/spttest/qh6chlas6pd8,305d13ea9abf59ec,1024,0/0
/spttest/hp4pe9i0npec,2053df2bd7887854,1024,0/0
/spttest/l2xug0xkoy9c,268216de7f877b70,1024,0/0
/spttest/mreofxzh5cra,29938521ecc2bcd6,1024,0/0
/spttest/bssbred7scfs,158dad573bc088f8,1024,0/0
/spttest/4e30al02w5sg,805646c20f0f750,1024,0/0
/spttest/iu6nitlgt8ua,226922a081b2a602,1024,0/0
/spttest/9sxma4r6xopo,11e85bb0bce5cd5c,1024,0/0
/spttest/d5ahq4kwyr8t,1803b798a2396e6d,1024,0/0
/spttest/dhuoec5f0zpn,18a6df297c4297cb,1024,0/0
/spttest/kbdr0cx3ymw4,251c20c233a86f64,1024,0/0
/spttest/cldcr1xjylf7,1700f6cdaf4e87f3,1024,0/0
/spttest/kqua7w3d7si8,25e4eec9c77a6510,1024,0/0
/spttest/qvvrqaieczz4,311c19d2d4ffb720,1024,0/0
/spttest/zhg1w793m7h8,40d11b98d71ee65c,1024,0/0
/spttest/8glggpfjw7bo,f747c05b49e0c14,1024,0/0
/spttest/rgnp7kb5bei4,3229f6cd78834f2c,1024,0/0
/spttest/9xpoaq0mt3eg,12267033a64aac78,1024,0/0
/spttest/8lq05hxirfo4,fb7124bb6cf4e14,1024,0/0
/spttest/ngt2eh10xfmo,2add7185b5e00160,1024,0/0
/spttest/rmfclj3m0c0,166cd6aee850a30,1024,0/0
/spttest/p2bxy0u21ct5,2dc8a4b78c24f119,1024,0/0
/spttest/4qud945o10ik,8ab22b23e5e84dc,1024,0/0
/spttest/7q10vnlz6rrk,e1b63fed0cd7910,1024,0/0
/spttest/o4rvvpegrw8q,2c14c29552a033fa,1024,0/0
/spttest/me1giahhprh4,28e5e3a61db60c58,1024,0/0
/spttest/hia1ugqbimoc,1ffae028d0e1564c,1024,0/0
/spttest/53fk4gaa22gk,94ea72365162af4,1024,0/0
/spttest/yhtj6tc5558o,3f025b844514cec8,1024,0/0
/spttest/3vuec01hs8th,7187a82534370a5,1024,0/0
/spttest/iuyn7w24dfug,22733c289d9a1d78,1024,0/0
/spttest/pi9bd4fvex4r,2e978626bee93a3b,1024,0/0
/spttest/6unec016c9gr,c83ce66c7d224eb,1024,0/0
/spttest/vswp4vglzext,3a1789f996d29b61,1024,0/0
/spttest/bvaqhzo1c76c,15ae4c4c7e352054,1024,0/0
/spttest/fl045vouoot5,1c7707b533200199,1024,0/0
/spttest/3ank1aiks1lr,6053c2be7f8f31f,1024,0/0
/spttest/545blqos7xuf,957f2da4bf48317,1024,0/0
/spttest/rhfzre3q7uda,32342c2f35227b7e,1024,0/0
/spttest/t10e5npj6qi6,3505f19b726572ae,1024,0/0
/spttest/h02fisilod54,1f0e51ae70e85588,1024,0/0
/spttest/udbaestx6qsk,37795c5e8f4a6224,1024,0/0
/spttest/sodeq8x2yw2u,3461c78638a83ce6,1024,0/0
/spttest/pz2km5x2edka,2f71e8acabcd722a,1024,0/0
/spttest/mr5zgtee6dee,2990621aaa301f56,1024,0/0
/spttest/vffv0b8bilq3,39689a7268dcf97b,1024,0/0
/spttest/307pawehknja,57d9f39dcdcdd26,1024,0/0
/spttest/vo5aieys21ri,39d9b17bdeea396e,1024,0/0
/spttest/w62q6vojyd89,3ac2933b0d193a79,1024,0/0
/spttest/txmtjz0mncbq,36adb16e4da76426,1024,0/0
/spttest/9d0da5bsno5m,11198598b44a520a,1024,0/0
/spttest/wfl5tson9apc,3b3e214a290f7570,1024,0/0
/spttest/tg6nm0ctp1yc,35cb0aecd1414324,1024,0/0
/spttest/a9asumk3vepw,12bcf170cb82ef44,1024,0/0
/spttest/4xka7jwkfwjz,9026c00920c568f,1024,0/0
/spttest/d6gqcj5kpuxq,1812f52f7e2b60de,1024,0/0
/spttest/hqzu12mab452,206c17bb7618abb6,1024,0/0
/spttest/cme8a8cu0s8d,170e44f765481ced,1024,0/0
/spttest/d10mc9t04h9f,17cc32ba74905463,1024,0/0
/spttest/3s01lp9hxdet,6e68f071de00725,1024,0/0
/spttest/ultku4u3d97v,37e7dfcd61754aeb,1024,0/0
/spttest/nim327rv6nqv,2af4e726781f78b7,1024,0/0
/spttest/ox6ah0qi2vny,2d85a85e04b846ce,1024,0/0
/spttest/6ioopv58yuc,54ad8261bef364,1024,0/0
/spttest/6xskfkih2nmp,caca3a9761c1d21,1024,0/0
/spttest/gmb5ezlali1o,1e5b9d78f236bc9c,1024,0/0
/spttest/drlnfit8022v,192581ef10818687,1024,0/0
/spttest/lccxg8zxkgvw,26fc6f6aaa6e3f7c,1024,0/0
/spttest/pzm08hj58trt,2f78ebbfb42aa9b9,1024,0/0
/spttest/q1yr5gr5bhek,2f977fbdf652dddc,1024,0/0
/spttest/dnjlc1bvkqcg,18f0ceca5aa95d60,1024,0/0
/spttest/ksrchd6sarz8,25fdda00f8833024,1024,0/0
/spttest/wqp2hv617i08,3bce6c09fb49ffe8,1024,0/0
/spttest/bz86wy9mbuzy,15e15657006a2bae,1024,0/0
/spttest/prwu6fxf72mk,2f14ea348aea0c0c,1024,0/0
/spttest/7qh9fv6c87cu,e213fda9c0eeb3e,1024,0/0
/spttest/f9q224n4vobm,1be484cd6b948ce2,1024,0/0
/spttest/ct90ekh2ygqv,17674fb480b96f47,1024,0/0
/spttest/tcgef7hc4j0,17d2ef1cde03eec,1024,0/0
/spttest/nkix864mkjv6,2b0dbd96b3026792,1024,0/0
/spttest/2eoqc7w5ulrt,466007f75e8deb9,1024,0/0
/spttest/65amv9rv26d7,b3a781886daa7bb,1024,0/0
/spttest/sbpjgehv2pla,33bd4bbba3bf310e,1024,0/0
/spttest/4ko78o6gfkr9,85af98524877ed5,1024,0/0
/spttest/3wssjt21jmvc,724e381b44c7388,1024,0/0
/spttest/3ebd355eqc7t,634caf3714dd259,1024,0/0
/spttest/imy6v787xihc,220b2825d8f192d0,1024,0/0
/spttest/6jd5osnjk84y,bf13ab7035ed532,1024,0/0
/spttest/rhv21iy0axox,32399b8fd98cf111,1024,0/0
/spttest/y0um8gu32hr7,3e25ee55ed9ee163,1024,0/0
/spttest/m77s8onu13i,1205e32f54cb80e,1024,0/0
/spttest/7hh86b95rwkm,dac554bf4aaf6a6,1024,0/0
/spttest/c1omhw8z7i8s,16013eb98405bb1c,1024,0/0
/spttest/p3bxm24k6zub,2dd5a11efa64bef3,1024,0/0
/spttest/9i41erhq81pa,115bcae48664289e,1024,0/0
/spttest/oi5fsoax3kb2,2cc282cec136328e,1024,0/0
/spttest/k34jne1o55hb,24b0e4817b0306ff,1024,0/0
/spttest/1f4uytdv61f1,29835056a806fad,1024,0/0
/spttest/xbcjp3hmxjqs,3cdaadc6e1f50c34,1024,0/0
/spttest/wlx1t477fzfs,3b905aeff757c428,1024,0/0
/spttest/aaj5armlbpm,85b160973b308a,1024,0/0
/spttest/eaprfspk905y,1a1dc991428b8116,1024,0/0
/spttest/aawln8w1kfo6,12d1cc4fed61ed56,1024,0/0
/spttest/my3h7twkxgbc,29ea6757188274d8,1024,0/0
/spttest/6s1msnbkmf79,c61f97fda290675,1024,0/0
/spttest/ec8bslcjps7y,1a3179ae1f5f4e1e,1024,0/0
/spttest/pt3g1kxctg3u,2f2449c5b08f26ca,1024,0/0
/spttest/om3f672gpuzy,2cf5bd7ef7ebb12e,1024,0/0
/spttest/6wpr8isbyq75,c9ea2c2385cb421,1024,0/0
/spttest/dtw1gk13ulyz,19433c1fd89f91bb,1024,0/0
/spttest/qy8wfo5wzg2u,313ad1323621d026,1024,0/0
/spttest/gylbvp9ude5z,1efb28d24feb7af7,1024,0/0
/spttest/7l9c751z67uo,ddd71b3274f2440,1024,0/0
/spttest/y080cvle3e3a,3e1dc619f3469c16,1024,0/0
/spttest/ps8vnr9oxxrz,2f19426c8c0c753f,1024,0/0
/spttest/4itf3tz06noz,842e1077b6bb973,1024,0/0
/spttest/f7kns7evq30z,1bc897d1cd0178d3,1024,0/0
/spttest/lzvfjyytq1g,11db7ed81554314,1024,0/0
/spttest/tt7pqs4ab2ik,3674491a384ffb7c,1024,0/0
/spttest/2c5t24bck38g,44531f722f0a560,1024,0/0
/spttest/ox84czru7xd0,2d86516c0b13fea4,1024,0/0
/spttest/8xip4avwk2u,74022e26a294a6,1024,0/0
/spttest/gtuz7mnwzpq1,1ebdb1b7179c68f9,1024,0/0
/spttest/92m66rxj090i,109281ac483074a2,1024,0/0
/spttest/rutf60dn45rq,32e1e0d674e34136,1024,0/0
/spttest/am91rnj28l73,13652bebf9b3bb4f,1024,0/0
/spttest/pglzvholv3k4,2e821ef1da6088c4,1024,0/0
/spttest/2n48nn9nfi7c,4d38312ec7274e8,1024,0/0
/spttest/7wgbm6nxak4z,e6ed89ba798e173,1024,0/0
/spttest/s2mumvslaklp,33476c00d01e1bcd,1024,0/0
/spttest/uhp4gx4y315n,37b24f4edc712a9b,1024,0/0
/spttest/v6lsutxn0fkm,38f5d7d2d91d39d6,1024,0/0
/spttest/czy3o6zrueqw,17be4cd5bcf96d28,1024,0/0
/spttest/f8czbrxe11yf,1bd2cfbfacdd2227,1024,0/0
/spttest/pcwv2k46xyhw,2e5215a4ae2542e4,1024,0/0
/spttest/tyn0zli62kyd,36bac1c2fe263495,1024,0/0
/spttest/h4popdm2f3bv,1f4aaabd470c289b,1024,0/0
/spttest/vbs08m57rfes,39390742758981c4,1024,0/0
/spttest/vq3xnts9umvq,39f32ea8daaff856,1024,0/0
/spttest/iup50zhx3rwc,226fce2b12dd84fc,1024,0/0
/spttest/l10k6rqag7r5,266917249480ad41,1024,0/0
/spttest/a98bdg8jhrft,12bc0bdc94fdf829,1024,0/0
/spttest/2b5qb1hyln9n,4382da5ac857f0b,1024,0/0
/spttest/38d16evzlrli,5e775973a47bdf6,1024,0/0
/spttest/v7336p06ibd2,38fc14964be3e006,1024,0/0
/spttest/552g0dsgp02z,963e64fb8319cab,1024,0/0
/spttest/tn48ijuddvdo,362518409e8cf51c,1024,0/0
/spttest/iyuffxj82vu1,22a5abc2699711a9,1024,0/0
/spttest/6d14y4k6kd5v,b9ef4dad6b5d5a3,1024,0/0
/spttest/igjd0qrr5bkx,21b7dedfa2e7b0e1,1024,0/0
/spttest/fq4dpunc8yxw,1cb983fad873cae4,1024,0/0
/spttest/fch0ehv012c4,1c0839021f762e14,1024,0/0
/spttest/3uoet8montn8,70954458275e5d4,1024,0/0
/spttest/rlbqs4j2001n,326698b2d82eae3b,1024,0/0
/spttest/kvk18ux0qcbr,26222e5dc658c4e7,1024,0/0
/spttest/skwg4dt1wfr3,3434b11137b21cbf,1024,0/0
/spttest/t9hnfz71nwg5,357415bfaa951105,1024,0/0
/spttest/arg4s32zqhyy,13a8ac82e2c9587a,1024,0/0
/spttest/tqd9pddl3gh,1823410fc7455c1,1024,0/0
/spttest/267c8yxev39q,3f7d00808a6344e,1024,0/0
/spttest/oys56k2acdk7,2d9a882692b621a7,1024,0/0
/spttest/9aiihbji0j9,78b27e8a736235,1024,0/0
/spttest/4xyrp70b2mgp,907a60887bc7939,1024,0/0
/spttest/46ahkdmk4fix,7a02d433f77a399,1024,0/0
/spttest/9ua4gzhf8ysf,11f9dc09e25ae51f,1024,0/0
/spttest/ierzm3ztaixn,21a10146b578d75b,1024,0/0
/spttest/hmexf7q7gg34,203097ad72abf470,1024,0/0
/spttest/r9cda5is1kdy,31caf35997651176,1024,0/0
/spttest/5ret0kvh6zfr,a861fbf62a4c5e7,1024,0/0
/spttest/nzeh0dok6boz,2bcef95bdf7144b3,1024,0/0
/spttest/6idj9dsrn825,be46047d979838d,1024,0/0
/spttest/rvkp0l05wsb7,32ebb80d231ccc53,1024,0/0
/spttest/47oyef72idyp,7b262de5e464531,1024,0/0
/spttest/it31ile7lk8t,225ad7cd518188bd,1024,0/0
/spttest/jagelb9pwuoy,233c7b80a7a6d062,1024,0/0
/spttest/hg31ijbnosgp,1fde5e37d8bfd919,1024,0/0
/spttest/5awkxtubsfts,9afb84a0a0c7220,1024,0/0
/spttest/7o0zbtns6fmg,e016580af0b7c98,1024,0/0
/spttest/g7gf4sayaq1h,1d9aad64b6572c55,1024,0/0
/spttest/fkr2c1o2ylu3,1c73c3b39743550b,1024,0/0
/spttest/tir542gpybo0,35ec69b572ab8890,1024,0/0
/spttest/ubidk40q9c3s,3761f0826cff3f88,1024,0/0
/spttest/b1ad7r9534tg,14287c8327b19424,1024,0/0
/spttest/yr6aw8cm2bou,3f7bde5577c7adae,1024,0/0
/spttest/bvxpnl8y6r6u,15b6969a07926126,1024,0/0
/spttest/bbjn0zco0sqs,14adb9919bb98984,1024,0/0
/spttest/7hrh4ikdy0r4,db007f1704f5550,1024,0/0
/spttest/tahmenonodp9,35811058780a225d,1024,0/0
/spttest/mr7onz2gm7oi,2990ff208c3a1862,1024,0/0
/spttest/bti5b01ix2mm,1596fe5a0569418e,1024,0/0
/spttest/say3ahb146ao,33b36450d84b35e0,1024,0/0
/spttest/j9ebsel0zorq,232ebe51449dbc26,1024,0/0
/spttest/ugi8w4rp9a2i,37a2d6d229aae03a,1024,0/0
/spttest/s8zbkpjf0yd7,3399db6d0637d8fb,1024,0/0
/spttest/bha7zy08duv,951e4fe360b027,1024,0/0
/spttest/gjw61nygp770,1e3c3b0d337478ac,1024,0/0
/spttest/unl7p0o6rfac,37fed5a6658bec24,1024,0/0
/spttest/7r4r73ztni5t,e29b9e2374854b1,1024,0/0
/spttest/ba1zrtlx6elo,149a5e62d57e546c,1024,0/0
/spttest/afiwyanze4zt,130dce739c82efc9,1024,0/0
/spttest/5t2phjbzxkgc,a9bbcc99edf64cc,1024,0/0
/spttest/bj3gtsiks21k,150fcdd2d7731558,1024,0/0
/spttest/dabdq8c4ybpq,1844fbfe0f02a3ce,1024,0/0
/spttest/hfc1tgjnfo5n,1fd4a10dd9120b0b,1024,0/0
/spttest/lkntx9zleeny,27684878bbbfb2be,1024,0/0
/spttest/81jyyoxs35fl,eb11be6a08afe41,1024,0/0
/spttest/a3nau1hjwp6e,127384762783ae76,1024,0/0
/spttest/c1fvw2wik6fq,15fe178376814f96,1024,0/0
/spttest/w44wgydus31,1a126440739dead,1024,0/0
/spttest/dy8lt9bk5sbm,197bb9ca8f638ea2,1024,0/0
/spttest/ix3qxstgdvlx,228f0e0ead4a8545,1024,0/0
/spttest/mh7vy8lrxe42,290f2d407e6334b2,1024,0/0
/spttest/oqhy025gff2i,2d2eeffda6ce5e0a,1024,0/0
/spttest/2m4n0vkoj2lw,4c6aaae5ff36bf4,1024,0/0
/spttest/1oxkfjgezl8,15fc38bd7ed7ac,1024,0/0
/spttest/4ucaknadm3ao,8d892382608bf30,1024,0/0
/spttest/6nb9rdhumwhn,c248173c83f9ffb,1024,0/0
/spttest/449qyyacvb17,785ee830256dd9b,1024,0/0
/spttest/b7vdv7gt7isw,147e0175079307f0,1024,0/0
/spttest/ldkf9zcilhse,270c20fd0cbabf4e,1024,0/0
/spttest/6g4cy65mhkvp,bc716425a606df5,1024,0/0
/spttest/2kugmcgpldvo,4b6014fc8507284,1024,0/0
/spttest/3f74hcjwe310,64040a7b51f52d4,1024,0/0
/spttest/vo2xkzaisrql,39d8d7933151656d,1024,0/0
/spttest/phlslwzcxj7e,2e8f098efced177a,1024,0/0
/spttest/buo6kopssttd,15a62912ebc8a5f1,1024,0/0
/spttest/3l1ma9x2yqjl,68c33aa816b30e1,1024,0/0
/spttest/6rkm1fnqv83c,c5bd54cbf3b80b8,1024,0/0
/spttest/3sssdjlgnd9t,6f0ee088b5d96f1,1024,0/0
/spttest/2c2jtk2r7p3u,444052889643dda,1024,0/0
/spttest/5l99coupahup,a362fe9d818e9e1,1024,0/0
/spttest/trhy1a49vek1,365dff8bc7b27471,1024,0/0
/spttest/4t37hbo455bb,8c84db6d8e47e27,1024,0/0
/spttest/g39aijrpex34,1d6425f0d6a75400,1024,0/0
/spttest/mtajwmzsloml,29ac0288b0bfd7ed,1024,0/0
/spttest/7241xvilehsd,ce4bda99d7e3e8d,1024,0/0
/spttest/k2axbpa50a80,24a6348be5a910c0,1024,0/0
/spttest/cw6k1wms821n,178d64c8a5c9b05b,1024,0/0
/spttest/keafajs9jk4k,2541e55c67d235a4,1024,0/0
/spttest/hpnyojfydpvb,205ad1fe0932f237,1024,0/0
/spttest/e5lwbu09g3kd,19db725b71c6bf0d,1024,0/0
/spttest/uq4hz9ka1ggs,381fc58c5831739c,1024,0/0
/spttest/981h401oj3oo,10d8f98192bd5568,1024,0/0
/spttest/pbjkjobstoql,2e404c9881a00a7d,1024,0/0
/spttest/l4gjzlvgskni,2695d44b620a538e,1024,0/0
/spttest/804tzgauwwr2,e9ea858846373ce,1024,0/0
/spttest/f58oglsengzs,1baa4aa04b39c3c8,1024,0/0
/spttest/4qwky1rbahit,8abef2b97e83e35,1024,0/0
/spttest/qfkgit4hlh80,304830e883c2db70,1024,0/0
/spttest/3wo7ny7znf96,7233c72910b0bfa,1024,0/0
/spttest/gmpihn1m95g8,1e60cc2c0937add8,1024,0/0
/spttest/ksvau9jal67n,25ff4743b5f298b3,1024,0/0
/spttest/bjlrlsq574ap,1516681b1819de81,1024,0/0
/spttest/pxtqzj9f1n05,2f61bc7384804db5,1024,0/0
/spttest/7sdrku7gvtra,e39f76ed8db1466,1024,0/0
/spttest/iq2wirt0y9gp,2233d33731ec2869,1024,0/0
/spttest/582vees8ahcf,98b0591713fce4f,1024,0/0
/spttest/12q4i422hk4i,1f704e2551dca22,1024,0/0
/spttest/2jlaya0vdz6h,4a5b6324b4d9259,1024,0/0
/spttest/avm9qx8jkrt3,13ded87e64cf6cc7,1024,0/0
/spttest/j1m5lkp0nyvv,22c9a753fa80945b,1024,0/0
/spttest/157vdq4ah2mb,217669f0692e183,1024,0/0
/spttest/r2kosupdn80l,3173070e1ff29955,1024,0/0
/spttest/juh9ayafhrvm,2440937024f31e62,1024,0/0
/spttest/9udo80vk79kw,11fb23d201bd9c40,1024,0/0
/spttest/q97rswrlzppw,2ff5ad86379aedf4,1024,0/0
/spttest/n51fdbzpjefz,2a4496a95434e4df,1024,0/0
/spttest/58e3w5g03u4p,98f1368d3ab4b49,1024,0/0
/spttest/p1wd95dk5tzt,2dc3061ad7879f19,1024,0/0
/spttest/3ugu2nkhoaro,706987bbe3ebd84,1024,0/0
/spttest/pnbgb1kzyavz,2ed93dda2a460e9f,1024,0/0
/spttest/s9tt2fah6y9w,33a4db5aa5b27c04,1024,0/0
/spttest/lx1zrwk3ctoa,280943b83314943a,1024,0/0
/spttest/7swe2ks9tsep,e40afc5da1d8e11,1024,0/0
/spttest/k8nm3louyzdd,24f8b812b6323591,1024,0/0
/spttest/5rilnwaa9qej,a877e5b2bb85feb,1024,0/0
/spttest/hnee7ku05dtb,203d63a3df5a0d2f,1024,0/0
/spttest/8uvotzayi41v,102e06c5731f1f03,1024,0/0
/spttest/zbohloj8o6af,4086374e2c9e29d7,1024,0/0
/spttest/xnlw6x05yvja,3d79ec3b36338926,1024,0/0
/spttest/faf3yz7zye1r,1bed8eea5eb6aa9f,1024,0/0
/spttest/9kfu996jql0o,117a0778d15b87e8,1024,0/0
/spttest/dcmcxzchqg3d,1862ec8b0aefa4f9,1024,0/0
/spttest/dt2pesmke5km,1938a687ca12ffb6,1024,0/0
/spttest/b0g1z7221pml,141d8ca19a46f1fd,1024,0/0
/spttest/wkawf78n6ai6,3b7b5fc2332e41ae,1024,0/0
/spttest/88ytxse2leqp,f11655409e877e1,1024,0/0
/spttest/1vao85fr1yuu,36a220b09224db6,1024,0/0
/spttest/i1v45jbymmqm,20f945b0ec91fa9e,1024,0/0
/spttest/40lrzyh814kh,756508a8aa49961,1024,0/0
/spttest/sushxd5f4i4i,34b528caff03e7c2,1024,0/0
/spttest/6ysv1u1g6t0s,cb9bc29d2eaac6c,1024,0/0
/spttest/9po4ec10i6b7,11bdf6b8abf7d473,1024,0/0
/spttest/9x1ucn2h1fed,121dd6e535916d35,1024,0/0
/spttest/ka89b7vtunho,250d284024861b6c,1024,0/0
/spttest/1bvcs87d43lw,26dcf48792a1444,1024,0/0
/spttest/f2rohjbcun9x,1b8a2deb3fa2d955,1024,0/0
/spttest/ujyoszvl6ai5,37cfbd4fe3d6bbad,1024,0/0
/spttest/wgs4cr65wpmm,3b4da157fdbcf6be,1024,0/0
/spttest/5sfteeod2u53,a937a5bace1f217,1024,0/0
/spttest/gatkf1d5bwq3,1dc66382a4efc36b,1024,0/0
/spttest/57ai7x9309wc,980c970971ba91c,1024,0/0
/spttest/fu712cxyptwc,1cee6da5d5f7299c,1024,0/0
/spttest/oovncpzranjo,2d19e74fc4a68cb4,1024,0/0
/spttest/s2nc3dygtjrd,334798cc3def7149,1024,0/0
/spttest/udh05lz2nav7,377b6c44161fd4c3,1024,0/0
/spttest/z8zst4fui7w4,40635457018ef274,1024,0/0
/spttest/i1e2yua7a7bp,20f3206352b77295,1024,0/0
/spttest/er1l0v9k2zgc,1af1e1a2a23e67fc,1024,0/0
/spttest/watnk7yph42n,3b003f7421381fdf,1024,0/0
/spttest/qj9p8cxtsv9b,3078443b581eae3f,1024,0/0
/spttest/vo2r433mptsu,39d8c6f9e72f551e,1024,0/0
/spttest/tc8okysap3r8,3597d12043f13944,1024,0/0
/spttest/4lh0plnyiqxw,8655f71fd6e06e4,1024,0/0
/spttest/vwn42k6mox9q,3a4809a42f8f2c6e,1024,0/0
/spttest/gdu05cds67ei,1ded83a465005afa,1024,0/0
/spttest/auibsrbkn7l,8ce6a3be546981,1024,0/0
/spttest/j4ve7fvr9dj0,22f3f47f44a433bc,1024,0/0
/spttest/w97nsnqxrt77,3aeb52b26df2a593,1024,0/0
/spttest/cud1asdw8vsx,1775c0bb2c9e0701,1024,0/0
/spttest/lcstthcveku,11564c7077cdb8e,1024,0/0
/spttest/3nl73w20av91,6ad3e9a3da4c4b5,1024,0/0
/spttest/rwt1tnf3uxqz,32fbb91d74df355b,1024,0/0
/spttest/27dkqi599utg,4070d4604cc8144,1024,0/0
/spttest/gyppegxpjl1a,1efcbcfcc3934e3e,1024,0/0
/spttest/leb1h0cfjmc4,2715bb82cb7d56d4,1024,0/0
/spttest/jfrxmdn7ublt,238196a9aa580941,1024,0/0
/spttest/hnz3lkxmjcy4,2044dc25c8b8424c,1024,0/0
/spttest/bfavwcq7gpxj,14de860b3027b647,1024,0/0
/spttest/qb0zv1f78zfs,300d362359853868,1024,0/0
/spttest/6orsfrzvv6bs,c37748634698cc8,1024,0/0
/spttest/9y5uiytdbh26,122c4613708c8c1e,1024,0/0
/spttest/nv8d6xhrfboy,2b98d05382f757f2,1024,0/0
/spttest/yp25rj27ddh1,3f60652ef02e2475,1024,0/0
/spttest/r0iz4l81br3c,31586e4cb0476ee8,1024,0/0
/spttest/rl9x10e6q0ak,3265effd76b481fc,1024,0/0
/spttest/9kc4a556vyrl,1178afb858538bc1,1024,0/0
/spttest/xdahi313m4g8,3cf3e9ec279df708,1024,0/0
/spttest/c23vk29ryc0y,1606bf7ead825062,1024,0/0
/spttest/j8enrcpj805g,2321dfc6707b29c4,1024,0/0
/spttest/jc0jy43msouo,2350bddd8aebeed0,1024,0/0
/spttest/clag8jirlhfo,16ffeaa47c8afe84,1024,0/0
/spttest/jjs8h2mpyr0r,23b5a788ff0bee4b,1024,0/0
/spttest/4ckt7beyy9tn,7f1d658102b303b,1024,0/0
/spttest/231w200866qk,3cee0dee381ef9c,1024,0/0
/spttest/k9e2s96aw6f4,25024474fbc79a80,1024,0/0
/spttest/a0tz153kw3yo,124ef4fc55f7ec10,1024,0/0
/spttest/8mbfhtebbknk,fbecd64c1b93050,1024,0/0
/spttest/om01bfp549d4,2cf484d7fcfce168,1024,0/0
/spttest/mldxbyr8h33j,294550084b1a5def,1024,0/0
/spttest/9oi9a7moaih5,11aedbca52319c09,1024,0/0
/spttest/dv30jktftjje,1952bd9bc1220b2a,1024,0/0
/spttest/4nr6hanoh24h,8830471a352d901,1024,0/0
/spttest/9zk860f5fu64,123e737c5618877c,1024,0/0
/spttest/cq2zz389eefz,173e2c9f4a30f99f,1024,0/0
/spttest/trim65tfnn41,365e3d790214a7c1,1024,0/0
/spttest/7zqjusvfwu7w,e99813378adebfc,1024,0/0
/spttest/cdr5bnvqqkhv,169e06d8fdff5043,1024,0/0
/spttest/btqxom9pjy9h,159a2a1c2ed91135,1024,0/0
/spttest/ula7lyj9yzoy,37e0e2de29141e32,1024,0/0
/spttest/8mq5ovqvmo2f,fc41dc34f253a57,1024,0/0
/spttest/robqxjl8mtyt,328d90dadfc72d35,1024,0/0
/spttest/5889gpbla8z2,98cf77e657c1cee,1024,0/0
/spttest/wtwfnfgieihr,3bf80c237bca971f,1024,0/0
/spttest/2suqvp258mu9,51e05b0915fe2a1,1024,0/0
/spttest/vznd6ayxftw8,3a6f18c53c07ee18,1024,0/0
/spttest/7sxk53tnq9db,e411bb74eb12cef,1024,0/0
/spttest/7l540v965to3,ddbeb40e7f89f73,1024,0/0
/spttest/vlf8y6gmvujt,39b651635727a269,1024,0/0
/spttest/3guvono1l46j,655d02db27f796b,1024,0/0
/spttest/xv19738fmobn,3dda63eb6953a3a3,1024,0/0
/spttest/5h7so1ay49lc,a01b3b56671e390,1024,0/0
/spttest/48zo9p5nmf9r,7c33e2e795f71cf,1024,0/0
/spttest/fzga0t4leynt,1d32b63a28ee3bf9,1024,0/0
/spttest/wgkql3ovm95y,3b4af770a38c26e6,1024,0/0
/spttest/xom2gq07k7k8,3d86f994e3676a48,1024,0/0
/spttest/pksywnydkyx,14c3d1cec384969,1024,0/0
/spttest/pfi954xxcmsl,2e73c7fe9d9a6365,1024,0/0
/spttest/snodz6k0bqyl,3458c063a4174d3d,1024,0/0
/spttest/1tpew8rbuhqs,355791ccf616c54,1024,0/0
/spttest/o3mcnfnks6vm,2c05c6255e7711d2,1024,0/0
/spttest/hthe351v3qlm,208c67f80a0fdc6a,1024,0/0
/spttest/ljyv2uakx4p6,275f463a5759f20a,1024,0/0
/spttest/gsuftx9mxhx2,1eb082bb5450c2f6,1024,0/0
/spttest/ntqt5yrd4shq,2b857d6cc6ec423e,1024,0/0
/spttest/d9c9wzf1uwam,1838515270ef6bfe,1024,0/0
/spttest/bjb0o3gmk0e1,1512874f9f7b84f9,1024,0/0
/spttest/rwiihdnzaece,32f7ebcee3bd361e,1024,0/0
/spttest/3ioxh7h531i5,66da5154763e35d,1024,0/0
/spttest/ctrw8pburixc,176e200542101290,1024,0/0
/spttest/mx5icso7geds,29de25bd5b6533d0,1024,0/0
/spttest/ubc9io9tbiyr,375fbbef371235c3,1024,0/0
/spttest/gviooqdsu6wa,1ed33cce1b8b0e6a,1024,0/0
/spttest/5fi0dsadb5jl,9eb68ac5b4685d1,1024,0/0
/spttest/klj5hduszhky,259ff84d33bd27c2,1024,0/0
/spttest/8ym6xdr7dqgh,105e8e8ad6248a31,1024,0/0
/spttest/plaxzxsdb1ym,2ebf145cf59bcbae,1024,0/0
/spttest/4srqnvkqmm8m,8c42a8324fff416,1024,0/0
/spttest/otczc4ltd0wn,2d541d58806a36d7,1024,0/0
/spttest/gev6oeap012k,1dfaee051196066c,1024,0/0
/spttest/4u2kqc92941g,8d51099bc6cc2b4,1024,0/0
/spttest/ddtro1264qzw,18729627ae667fac,1024,0/0
/spttest/bgvieqmpxlgh,14f2f46c471fdbe1,1024,0/0
/spttest/84t9ubgfmp7n,edb6ee5a9190823,1024,0/0
/spttest/69u1sx2ig53p,b756e703b8727d5,1024,0/0
/spttest/o1h5hss5ul55,2be9eb6ddde0db89,1024,0/0
/spttest/jeyxo6vi46c7,2377201ce4a38717,1024,0/0
/spttest/pctpo08pz77e,2e50f2ac27b1e83a,1024,0/0
/spttest/vfofp8j7ccm0,396bb27c28c21dd8,1024,0/0
/spttest/d5bdr5lg6kj3,180409c64ce3416f,1024,0/0
/spttest/o4s0tvnn4sxm,2c14cf4834b5ce7a,1024,0/0
/spttest/n089oa2bfyf0,2a061c5748d02efc,1024,0/0
/spttest/8tonly2fvxka,101e7fcc676ed2aa,1024,0/0
/spttest/ppt3qexm7b6w,2ef996bbfdd48e68,1024,0/0
/spttest/hlcr8im8j96l,2022d1cff0a0f53d,1024,0/0
/spttest/vukzfvpilfyh,3a2d4a8307724a09,1024,0/0
/spttest/r1qdpsp8upgw,31681791055be870,1024,0/0
/spttest/4ibw138lh683,83c8dd2dfe2fec3,1024,0/0
/spttest/n39dcpplbd4e,2a2d79eb11d0e02e,1024,0/0
/spttest/ilkwm6fu7az4,21f95fcd98698d50,1024,0/0
/spttest/evmh6cn56g3j,1b2d6085de6cb7ff,1024,0/0
/spttest/65tuoo4cbe5v,b416725efe7b873,1024,0/0
/spttest/8vfft7l0daqh,103526fd3bfa9b99,1024,0/0
/spttest/tyeq9g13fk30,36b7c34b43a5da6c,1024,0/0
/spttest/fdrsm7g31g0e,1c191a56c6c31a4e,1024,0/0
/spttest/w86ekxhwgrd4,3adde16dd8690288,1024,0/0
/spttest/h4cvonbbdqmp,1f460bdc52d82f11,1024,0/0
/spttest/lx29q93yzy5m,28095d427a7bf5aa,1024,0/0
/spttest/vsucp943ychv,3a16b155f2ffb6c3,1024,0/0
/spttest/ebckmpe9k8rr,1a260491a0201a67,1024,0/0
/spttest/518939ijv6ed,93209bd21e7fd25,1024,0/0
/spttest/lx5qyogp3j4z,280a9e9554397ca3,1024,0/0
/spttest/854985oz5djo,edf655e4eda86d4,1024,0/0
/spttest/6aumm80f392z,b82a1197082bfbb,1024,0/0
/spttest/f8mhh3pr5g0e,1bd63da0717a4f4e,1024,0/0
/spttest/92yyvufbsqhv,10971fb878559c23,1024,0/0
/spttest/hlhqf8t2hhlq,20249d913250895e,1024,0/0
/spttest/6llgg20t6mya,c0e33c6682216b2,1024,0/0
/spttest/v66gz1xwn04i,38f04fcfbf5d7462,1024,0/0
/spttest/pglzbwel7r3m,2e821d8c671a71f2,1024,0/0
/spttest/p8z6b0sxf91m,2e1ef62e00014c8a,1024,0/0
/spttest/b6r453tzdluy,146f79c66e93b6ea,1024,0/0
/spttest/dxy3k0rmfgys,1977ef442dc625a4,1024,0/0
/spttest/9e6r2vdoj0mk,1128d0770f0165ec,1024,0/0
/spttest/folpkbw5lbhl,1ca5ca1f59038269,1024,0/0
/spttest/a6vwggnordss,129d96a83b90529c,1024,0/0
/spttest/pij6291ens,934c1a02c1178,1024,0/0
/spttest/fagqnhn7w1g0,1bee257a5e90c250,1024,0/0
/spttest/k4qjz4cv8g4,1057ebdddbc4884,1024,0/0
/spttest/i4sc5ocbjpa,eb88cd75ad747e,1024,0/0
/spttest/qwpw19wsfnke,3126f7eab1e7110e,1024,0/0
/spttest/6adlbdh46g0v,b7c7b8013398e9f,1024,0/0
/spttest/s4jemdn01vmv,33602852cb2d6267,1024,0/0
/spttest/apkmlk3wkcrs,1390513090b109a8,1024,0/0
/spttest/o110qf96r6y2,2be41952b21555ea,1024,0/0
/spttest/ek46f4nztt51,1a97e478f952f7c5,1024,0/0
/spttest/rwtc6yu9aga7,32fbd3b8d882f1ef,1024,0/0
/spttest/fadjb4qt6dur,1becfd88303070a3,1024,0/0
/spttest/2c601oqwwpur,44543e521dfd2e3,1024,0/0
/spttest/4y2kwv3lqecg,9090617a763dc20,1024,0/0
/spttest/rkwr36ysqmd9,32612ff6bada77bd,1024,0/0
/spttest/4a2hiwlhbz4a,7d13f3d1a272b8a,1024,0/0
/spttest/di3yzb6nidjz,18aa39a0fe00d41f,1024,0/0
/spttest/d6o3n99khjrs,18159de200ef2658,1024,0/0
/spttest/gxxbq229wze0,1ef27f94d6c30c28,1024,0/0
/spttest/nh81glh6lx9y,2ae2d8a1aaaf95b6,1024,0/0
/spttest/o9dvuchzro6c,2c50a79d5f1cda24,1024,0/0
/spttest/hor91683cl44,204f0466065898e4,1024,0/0
/spttest/izq4hfeb0ip6,22b11b6d1adf71aa,1024,0/0
/spttest/l2o55wnht2,79a95dd515de6,1024,0/0
/spttest/uij30kuflrdt,37bd1e9ff6ab64e1,1024,0/0
/spttest/ga7iibrypspd,1dbe6e8308cd3b91,1024,0/0
/spttest/8uf1n7q0yn8l,10280562563b8225,1024,0/0
/spttest/uyilrlon515j,388cc679736a7c17,1024,0/0
/spttest/qo07z8zv2xlr,30b5caef0663419f,1024,0/0
/spttest/3elif7bceerl,638745264480a41,1024,0/0
/spttest/56p1tx7vajbv,9790ba8028fcb5b,1024,0/0
/spttest/19n7e9yxakfz,250e4001e911eff,1024,0/0
/spttest/cin88vvchsvp,16dd8f285c730475,1024,0/0
/spttest/qzeqt8fn7yp0,3149ea3bf9ca7e64,1024,0/0
/spttest/boycf5spa2lm,155be4378346e4aa,1024,0/0
/spttest/bl5t8n3qizeh,152aa0ebdbb539b9,1024,0/0
/spttest/qskud8btt5sg,30f130c4ea90cb90,1024,0/0
/spttest/8izmx733y3d1,f939442dab6c485,1024,0/0
/spttest/2l8j2i4ps4ei,4bb14c00bedee4a,1024,0/0
/spttest/bovjqun2qzp1,155ae1e7e1909535,1024,0/0
/spttest/5puxi8fgrith,a71f6a5bcbf4405,1024,0/0
/spttest/rps418sh9cz0,32a0759f5bbf0aec,1024,0/0
/spttest/m1hag4v4nckt,2842bda7a78f3f6d,1024,0/0
/spttest/c2uol3ctwmut,16106b8ce12698b5,1024,0/0
/spttest/h4kbcij5vpoe,1f48baa04c0604be,1024,0/0
/spttest/dcjsylu20xa,ad639207b3e32e,1024,0/0
/spttest/eh91ni98q55v,1a72ae4fcdcb48a3,1024,0/0
/spttest/bddtl6hhy1mx,14c59ab5018771c9,1024,0/0
/spttest/ivpkiumu0asi,227cf32f5d578ca2,1024,0/0
/spttest/yfdz7axkpbex,3ee2c432dfb31e09,1024,0/0
/spttest/s0dk56kjprw3,332a174191c7bc73,1024,0/0
/spttest/md0ygzf5ebbp,28d8b81d678f21d5,1024,0/0
/spttest/in3frzsjz5iu,220d0cda42a4d9b6,1024,0/0
/spttest/oo6l3uda768u,2d10dc57578b595e,1024,0/0
/spttest/lphnvfqvsk9j,27a701051c0a2c97,1024,0/0
/spttest/tb7idb744y27,358a678f8da1756f,1024,0/0
/spttest/w0977qu1oz85,3a76f9946ad10155,1024,0/0
/spttest/u3onkc4i8q99,36fc4a56c776d8ed,1024,0/0
/spttest/zw83iwdfcwuc,419113af7f897444,1024,0/0
/spttest/r9mpb8aq1mc4,31ceade608ec2954,1024,0/0
/spttest/ffqgkqstpsrc,1c3299972e102ad8,1024,0/0
/spttest/x1ojkd1y4nau,3c5d1d4a839924f6,1024,0/0
/spttest/vtwizbru7fqt,3a2477710f8fe575,1024,0/0
/spttest/mxaivw3yyyak,29dff4f11da5f01c,1024,0/0
/spttest/ujcht0p5di9n,37c7bb407a8206bb,1024,0/0
/spttest/erh8ttoe1k0l,1af7883c57555995,1024,0/0
/spttest/t72ods7zm91l,3554b41efc0a5649,1024,0/0
/spttest/ihr0vi9fq8ml,21c79fe9e3b7c12d,1024,0/0
/spttest/ajt6ngsszdvj,1345780c05037cff,1024,0/0
/spttest/y9ns6wkoharn,3e985e5a1307b8c3,1024,0/0
/spttest/bwz1kg8sld3e,15c40ecad6ecf18a,1024,0/0
/spttest/2zgr6k9ed0io,573e61b1dcd95e0,1024,0/0
/spttest/coe7qm7zo2bf,17283e14f50980bb,1024,0/0
/spttest/pxko5ekrf041,2f5e75dba9d59951,1024,0/0
/spttest/mngndqjx0ays,2960461e79800484,1024,0/0
/spttest/z84nr009i43b,405817f1b10b4e37,1024,0/0
/spttest/ch8idyee9ns4,16cb4265814e06a4,1024,0/0
/spttest/17a38zjk1pv4,2322e0f49682930,1024,0/0
/spttest/v5wjwu5s4ov,194cc52f9d823bf,1024,0/0
/spttest/ucxuauf6vzlx,3774823f6b548805,1024,0/0
/spttest/u9ax8t0bqwwg,3745458f5a9ce410,1024,0/0
/spttest/as1x2b99wfm6,13b088d0b324b40e,1024,0/0
/spttest/n8tmjd9g3qqi,2a75bb2210290e1a,1024,0/0
/spttest/99xi2we5uw7a,10f18508aeaf9b86,1024,0/0
/spttest/7zyw9pqpxed3,e9c83ffd19df7f7,1024,0/0
/spttest/kf1aqdo8q0pb,254b979a53433e0f,1024,0/0
/spttest/4g4fteyvdb80,81fe32210ace110,1024,0/0
/spttest/bcl6sl9wsbbd,14bb45e951ad5c49,1024,0/0
/spttest/qkd0uzqsade9,3086746e16485651,1024,0/0
/spttest/lil2c3hadcfh,274d4e6f96ccde2d,1024,0/0
/spttest/zqijg8eovco3,4146e8b0ad89e1e3,1024,0/0
/spttest/iu021277kx6a,2266c1452b3b27f2,1024,0/0
/spttest/cqjhbu859ga2,17441f0a88e99faa,1024,0/0
/spttest/lc2qdpnoaojn,26f8c197c9273ec3,1024,0/0
/spttest/a1yiiqu6gw59,125d95b84eb724bd,1024,0/0
/spttest/8q2hyn5qo216,fef896fe9989e4a,1024,0/0
/spttest/1ritlipg42fp,3391dbe6d365955,1024,0/0
/spttest/2bu1re594ol1,440f3dfbe7bd275,1024,0/0
/spttest/vgp3axkfukun,3978ec4d1101940f,1024,0/0
/spttest/fdv7znjbngg,c7d7bf35a9ea80,1024,0/0
/spttest/v7w8e79sxqgg,390698a14f6e5430,1024,0/0
/spttest/32h0hqxsq7n,27dc28ff8fecb3,1024,0/0
/spttest/mld86d3s9duv,29450f7d12398667,1024,0/0
/spttest/buz2ijnj5nqq,15aa16b578ac6672,1024,0/0
/spttest/6xnhwy90eoqj,caacf5cb9bf58bb,1024,0/0
/spttest/mn38mml6wpdv,295b6f7a8d496283,1024,0/0
/spttest/cwxvhbpjydrb,1797400c83946127,1024,0/0
/spttest/sujpus2jeosn,34b1fdd21dfcf007,1024,0/0
/spttest/hk8he64t6eni,201449d3dfe93cae,1024,0/0
/spttest/wpmo3w3cnv4,1a8e7963fd796d0,1024,0/0
/spttest/vykv9n5n9550,3a6134d4bfe2dd44,1024,0/0
/spttest/80imosjjcgsb,ea3a2c7ea43befb,1024,0/0
/spttest/sapeh67coupp,33b041b3c16e597d,1024,0/0
/spttest/cw48tp9bewnm,178c8f3d28021bd2,1024,0/0
/spttest/7a98w60skc2b,d4e876577ca7613,1024,0/0
/spttest/1vlcc1x6yx6,18636ecf0e1b4a,1024,0/0
/spttest/6s7vst8p9gk1,c643ad00a6b6511,1024,0/0
/spttest/qdv3a0bc7jba,30320c768afb7586,1024,0/0
/spttest/896t08m5l9rp,f1445e21296e1b5,1024,0/0
/spttest/uo6fw3ns4qz2,38067e6a0761e98e,1024,0/0
/spttest/fwn0bdws9jss,1d0e2c217665787c,1024,0/0
/spttest/64elcigcpl19,b2ee868c6d722bd,1024,0/0
/spttest/jh45vzjfa04s,2392fd8ca9afaa2c,1024,0/0
/spttest/6fruua5u4t7x,bc2936106659eed,1024,0/0
/spttest/e42zsmterr6v,19c7a2ffa4a48467,1024,0/0
/spttest/k98nz23yj3t6,2500509d28acc80a,1024,0/0
/spttest/evqw7czngw7e,1b2ef88dfbbe6a0a,1024,0/0
/spttest/emb7d3lbr3ni,1ab467fc1d961a3e,1024,0/0
/spttest/4cp19am969kn,7f35c7bf50116f7,1024,0/0
/spttest/6bw1c32xsxo,5239ca95fa3ebc,1024,0/0
/spttest/blyfq6ra59vn,1534f4ee0e073743,1024,0/0
/spttest/46rvzlxie38i,7a6748780e08de2,1024,0/0
/spttest/gbhrbbkwwqvk,1dcf1e0b3511b010,1024,0/0
/spttest/c5h4v6qttgpz,16327fefe4ccfee7,1024,0/0
/spttest/bp5a1zxpgfqx,155e64b98f0700b9,1024,0/0
/spttest/e1i4rtvn1mum,19a62186103a0cee,1024,0/0
/spttest/zi3vz76ij3xm,40d9b540fa41f4aa,1024,0/0
/spttest/j3vn11owxf85,22e70de0728b9b55,1024,0/0
/spttest/pky6bdh2wcdz,2eba78ead39dbcb7,1024,0/0
/spttest/7lihgvlescgs,de0be89731a601c,1024,0/0
/spttest/8u15adwc6j1g,10230193db3801e4,1024,0/0
/spttest/4b2023ijgfo6,7de0faddcc3de56,1024,0/0
/spttest/nyhilmjn2xlg,2bc3154973465994,1024,0/0
/spttest/9v04h59r8l24,12033d9fd6db6b9c,1024,0/0
/spttest/zwskbm96ze72,4198762658dedc9e,1024,0/0
/spttest/q26j1f6u69qn,2f9a4ddf9f005ccf,1024,0/0
/spttest/onuo0zvgnqhn,2d0c8f6aad4401db,1024,0/0
/spttest/vv5dt3yevmbe,3a34a6bd932288ba,1024,0/0
/spttest/tin0ef3bxuaf,35eaec2504f75e97,1024,0/0
/spttest/db7cp9ss7ro2,185085245b20e3d2,1024,0/0
/spttest/q2wy2h3mmjz9,2fa3d602784260a5,1024,0/0
/spttest/9dlq9tmp3elo,11213aa960e04dac,1024,0/0
/spttest/2o0wr05o3fug,4df4cad03ff7ef8,1024,0/0
/spttest/uhnvgx1xkbxs,37b1dbd8fb26ee70,1024,0/0
/spttest/un3vfq448bcg,37f893f0277f5f70,1024,0/0
/spttest/mv5rd5zzctod,29c442583bb2203d,1024,0/0
/spttest/77s23088lg7y,d2e592653ee2d5e,1024,0/0
/spttest/3lwuln0vzyu6,697786af2c7ca1e,1024,0/0
/spttest/3rpf3r1x4d9w,6e2b99e676ff134,1024,0/0
/spttest/ktm4s9959veg,2608f5ab52e98038,1024,0/0
/spttest/dnxb9aym5l5x,18f5c217df277865,1024,0/0
/spttest/2s26aci7k5pi,513b68aab5288e6,1024,0/0
/spttest/p81ivc9ytftf,2e12d1e5a2409b53,1024,0/0
/spttest/v3m7vproz9h9,38cf069a6d30cebd,1024,0/0
/spttest/9sslk8n44tx9,11e68c00f8e9307d,1024,0/0
/spttest/q7cezvt6xfsn,2fdd5ffe6ce9d837,1024,0/0
/spttest/po2oqkpfjp7l,2ee3116d8f483961,1024,0/0
/spttest/ttx8mhhdhdpo,367d7ec0932400ac,1024,0/0
/spttest/4pw0to5rxm78,89ebe492df7dda4,1024,0/0
/spttest/ks2osptux4z2,25f4f4656ab4996e,1024,0/0
/spttest/x9kgbyq39xrk,3cc38d9377a57e30,1024,0/0
/spttest/j0bglj74wqxz,22b8ce3dc67dc067,1024,0/0
/spttest/524tbl2duhuh,93dc96e691e3ad9,1024,0/0
/spttest/n4e0ajblk9qk,2a3c23817ba25f4c,1024,0/0
/spttest/2nlr30aw60pn,4d9d49cf09c911b,1024,0/0
/spttest/fqy7wlw9kgiu,1cc4481d2fad09a6,1024,0/0
/spttest/cbvg4clc0j5r,168599826f6d20ff,1024,0/0
/spttest/4oj4g0vcu18r,88d19885016c9cb,1024,0/0
/spttest/fhbkmx0qvpzj,1c4734ff94db7f4f,1024,0/0
/spttest/2wl8o9pmwlg3,54e8cb0656e9e93,1024,0/0
/spttest/cinjgj8inru9,16ddabed2bf48eb1,1024,0/0
/spttest/j6lukao9ol4y,230a7d4c04fd2a02,1024,0/0
/spttest/iox9a2lnsucv,2224cc7c0b2b13af,1024,0/0
/spttest/toysnuok8qx8,363d1c3ffb85ce4c,1024,0/0
/spttest/8y7gtasxq95w,10593e62b71a41e4,1024,0/0
/spttest/fuh3h4e6gok1,1cf20f8391a01e51,1024,0/0
/spttest/jzmrzrwx408h,2483838427118b31,1024,0/0
/spttest/b6wo4eusvg53,14717ae1f0a71777,1024,0/0
/spttest/s2k54dlmzxh5,334671cd9c5eae39,1024,0/0
/spttest/dgd2ktx3fmzq,189387a926def926,1024,0/0
/spttest/tz8s44c7tbu0,36c29b17e5293828,1024,0/0
/spttest/d2dkyr8yob9q,17dddd3e4041010e,1024,0/0
/spttest/73e4xyh0nhxf,cf55e4e0f47fe83,1024,0/0
/spttest/lr9gh0k306bf,27be05995f6812fb,1024,0/0
/spttest/iq53vpqtepp4,22349ed5c4cfae98,1024,0/0
/spttest/ph8sgru59gos,2e8a5867a43cc9bc,1024,0/0
/spttest/31vaskmp788j,5932017e8c23673,1024,0/0
/spttest/q5z87m5y1o89,2fcba08a61b0e6e9,1024,0/0
/spttest/mg4lh3socwol,29010002f0bea875,1024,0/0
/spttest/ur522ao1e2p,18f789ed69e1d81,1024,0/0
/spttest/u54u7na4nxoq,370f1e8b2bbe264a,1024,0/0
/spttest/xmwvmrzpumjx,3d70e59701fa22ad,1024,0/0
/spttest/sxqczxj94807,34db5b2e3e2ba687,1024,0/0
/spttest/zhs6jq5296z0,40d57bf4aa6b618c,1024,0/0
/spttest/knqkw5kbi3ip,25bca0eea1eaed51,1024,0/0
/spttest/znf62k2zur1l,411eb97c3f47ef69,1024,0/0
/spttest/u7sej896ym9j,373199aafa076f37,1024,0/0
/spttest/jzm6tvhso9gv,24834d36d601f5ef,1024,0/0
/spttest/cb6afohgzj2q,167c85b75df97f52,1024,0/0
/spttest/b51owegrcd0v,1459503485ede7ef,1024,0/0
/spttest/y4n6r4gozc1q,3e57350fdf197fbe,1024,0/0
/spttest/ji335h0hyore,239f976aa8e2b2da,1024,0/0
/spttest/itnhssn839t9,226238f24dc5d86d,1024,0/0
/spttest/s25xf5t5vx8,16c7b22c615d1dc,1024,0/0
/spttest/tu1ra42ab09r,367f2017e207281f,1024,0/0
/spttest/w9tu5xreq4nl,3af35323af030411,1024,0/0
/spttest/4059r4bbbcbb,7505bd5d5310a17,1024,0/0
/spttest/erkmjot89y2v,1af8c08a0056f0c7,1024,0/0
/spttest/7onb90sv6ug3,e09743199208ea3,1024,0/0
/spttest/6d25b35zk8gn,b9f5225983b8ed7,1024,0/0
/spttest/6j9m7biafrn,54e3362621bc53,1024,0/0
/spttest/8iw7bab5ylqb,f92571ba9a83383,1024,0/0
/spttest/ix9vf021ojwg,229143c1811923c0,1024,0/0
/spttest/8d7qnxvglip0,f48914529620de4,1024,0/0
/spttest/cu91tcc15c78,177450949fe41e04,1024,0/0
/spttest/e5lj72tqkeee,19db50a9c15653e6,1024,0/0
/spttest/xhjjlpyazc3a,3d2b23a7835609f6,1024,0/0
/spttest/nukan4jb3hja,2b9020f201849286,1024,0/0
/spttest/ldsba073vx2i,270ef9ac4717982a,1024,0/0
/spttest/w8xkjkb1mu6p,3ae7aeab4072ef51,1024,0/0
/spttest/cucumnl4f54v,1775af9dcd92afbf,1024,0/0
/spttest/c5akp8fl4xi2,163021fcd6a6139a,1024,0/0
/spttest/654g2l0wg2kz,b383c7271186113,1024,0/0
/spttest/p4r3ngulpo04,2de81765814372c4,1024,0/0
/spttest/nm94yum9m2rv,2b2430482090d88b,1024,0/0
/spttest/2mb7jvtqqc1,2207606ef910d1,1024,0/0
/spttest/pmsdse0jhkqx,2ed25c64fc925649,1024,0/0
/spttest/uh9m179hukl0,37acb67ae0bae8b4,1024,0/0
/spttest/tom9hhhfq368,363896a09a6b3590,1024,0/0
/spttest/yprnofzxblp4,3f69985a89355f98,1024,0/0
/spttest/tj4figc9mejq,35f1352dd696cc26,1024,0/0
/spttest/mlm6j8u3dwvc,29484a96d95b42a8,1024,0/0
/spttest/xl6tqrhf0zrt,3d5a81e94e443819,1024,0/0
/spttest/3zhr43v1vq0k,747df8a9bcf4274,1024,0/0
/spttest/la3q7127jc20,26df22f8abaf42c8,1024,0/0
/spttest/ejknvapc6cmu,1a90d9e0db097576,1024,0/0
/spttest/6sz7rc48bb1b,c6e17707f98249f,1024,0/0
/spttest/wkoq4mnp988v,3b805cc40c8a66ff,1024,0/0
/spttest/nlzrfv7utwlu,2b20ce4267505452,1024,0/0
/spttest/n61jrw7ha4k5,2a519f38195f2295,1024,0/0
/spttest/dee8nhi3jmr2,1879f919770234ee,1024,0/0
/spttest/qbt2a0osywdn,301756a5e7da546b,1024,0/0
/spttest/8urad8ew2p1m,102c702f0a22c34a,1024,0/0
/spttest/412gvty98qkk,75c56489b6d3984,1024,0/0
/spttest/ne9tgpx6qag9,2abc851490693169,1024,0/0
/spttest/5wbyjdo3v0db,ac60b186882e69f,1024,0/0
/spttest/5rckevn2812x,a8550f02c1c2579,1024,0/0
/spttest/eo3zesbya0dj,1acbc783ba6fce67,1024,0/0
/spttest/zu009jwe5j1k,41742ddcd65dada8,1024,0/0
/spttest/9zk28kank27p,123e6445db076735,1024,0/0
/spttest/rtukqfg2jdls,32d54e3bc18bbda0,1024,0/0
/spttest/82yi84my9wyv,ec357bc4620c927,1024,0/0
/spttest/o6wwrsx1qe03,2c308d39c2720e63,1024,0/0
/spttest/wl1gjspwglvw,3b84f4f9e84276cc,1024,0/0
/spttest/983pohfiv3t2,10d9c83a8ffe2306,1024,0/0
/spttest/osin9rrsexrd,2d492b57503d7a69,1024,0/0
/spttest/xpgbd96jva8m,3d91e3794b78e096,1024,0/0
/spttest/ucgam00j912y,376e2d778c10e0ba,1024,0/0
/spttest/7sw8ku89hd3,6559d30e524027,1024,0/0
/spttest/joak4tkbwzxo,23f0391b4c2008ec,1024,0/0
/spttest/4xkai07mb7b3,9026cbf4a80cbbf,1024,0/0
/spttest/pi7gacrkbo2j,2e96da0be4676e9b,1024,0/0
/spttest/oljtg2m6c4i1,2ceeaac189a79fc9,1024,0/0
/spttest/vacmfzxv8kjj,39267d159fdaacff,1024,0/0
/spttest/j1xvnw8rs47b,22cde24127c9df47,1024,0/0
/spttest/wl80t1p325w8,3b8753291ac4c158,1024,0/0
/spttest/548s8nci8u9e,95932a483ebbd32,1024,0/0
/spttest/xbrth7b0emyg,3ce030654fc427b8,1024,0/0
/spttest/sx9ih5zzs1d0,34d546fa521cf4e4,1024,0/0
/spttest/94o6s30vorm0,10ad36710c1e50c8,1024,0/0
/spttest/tpss6awddt3j,3647ee0be233a18f,1024,0/0
/spttest/vlwxxsqx9sw0,39bcb3c400866380,1024,0/0
/spttest/9f31fyv7k8a9,113476d711be89f1,1024,0/0
/spttest/szc597jtmugx,34f034ac77a05cc1,1024,0/0
/spttest/474qyuf0v81n,7ab186edda8367b,1024,0/0
/spttest/96dovzou9etm,10c3675df31be14a,1024,0/0
/spttest/5z6u1xxb2sry,aeb2984b5705d2e,1024,0/0
/spttest/hud7v35uw15d,2097e3c8b6fecfd1,1024,0/0
/spttest/y6bm9vfjrul9,3e6d02fac6ff929d,1024,0/0
/spttest/qmsac5dfne9o,30a5f0c82debbafc,1024,0/0
/spttest/5svyd92biwhx,a994cff1c5b7805,1024,0/0
/spttest/xhebns8befeh,3d29416f14e9d079,1024,0/0
/spttest/fkxj4v7zgczn,1c76190484da14c3,1024,0/0
/spttest/7cxr8zcdy9xh,d7159d856b573c5,1024,0/0
/spttest/8rfvy15p7x5n,10015b5bc47a209b,1024,0/0
/spttest/rz8vtidyjx48,331b6a1da0db4468,1024,0/0
/spttest/uz8yrz6f2l2e,3896496e3e240e26,1024,0/0
/spttest/z6zq68w577e3,404953107cadc62b,1024,0/0
/spttest/3djbbz7j0sv2,62aac2365d4f11e,1024,0/0
/spttest/d6q9l8wwrhd3,181665deeb60f0a7,1024,0/0
/spttest/gu7r0jyvuwlt,1ec24d78ca9f7791,1024,0/0
/spttest/9ra77y4wctcd,11d2eb52583aaf8d,1024,0/0
/spttest/xxdlxaf94fmr,3df8d382378f4d23,1024,0/0
/spttest/lu0t3mshl8qa,27e1de74df2fe072,1024,0/0
/spttest/xg0u31m7u8tv,3d17664b274ad733,1024,0/0
/spttest/5zqvqxoxzu4f,af2653af911343f,1024,0/0
/spttest/tene1pircmqk,35b71a21fe0d511c,1024,0/0
/spttest/lht9hsws2jst,2743467e0778ecbd,1024,0/0
/spttest/gya6dcvw9uv5,1ef722a270410081,1024,0/0
/spttest/gvm5mb6ybebj,1ed47d5b05ab873f,1024,0/0
/spttest/9bmzz85fa06e,1107b56b44d30266,1024,0/0
/spttest/v4lilsfh8vsn,38dbc30205709ff7,1024,0/0
/spttest/pms49am16epn,2ed243f1074328fb,1024,0/0
/spttest/ggy3qs5itbfd,1e15f61c50eaa519,1024,0/0
/spttest/2ebwlm5w1ai8,4615fc66fecdf70,1024,0/0
/spttest/ts5l851g45fv,3666878479edf88b,1024,0/0
/spttest/bxkguidq6bck,15cbc9baa9a3ccf4,1024,0/0
/spttest/69i4w0jzp8r0,b7121f00471278c,1024,0/0
/spttest/hvp812nqvy8m,20a935e2e5ae3516,1024,0/0
/spttest/9t61hmihl1ki,11eb65a83af8d432,1024,0/0
/spttest/bxxc4l5swzbw,15d06e67d58f9adc,1024,0/0
/spttest/5cjo3vof7hla,9c50a24e686d3ce,1024,0/0
/spttest/kikc7wfrwp6n,25796e2f26cc9e7f,1024,0/0
/spttest/cfugnpnyjl6g,16b9338c59325ff8,1024,0/0
/spttest/aznm5sp7d5q8,141349bd0795c940,1024,0/0
/spttest/dfh8kvybyq74,18880b4695d85c20,1024,0/0
/spttest/skibfpsh6mk9,342f97e401e3a8b9,1024,0/0
/spttest/bbavly80vwb,92f5c911b3817b,1024,0/0
/spttest/j0n01der726k,22bcf82bb7bc09cc,1024,0/0
/spttest/e1pnjwgg2fmx,19a8d8494591cba9,1024,0/0
/spttest/dfdspj7yzm3b,1886cd7318bda897,1024,0/0
/spttest/li52nbrnlxoh,274789582b6fd0c1,1024,0/0
/spttest/ufb8b7pdlji3,3793517ee140b6fb,1024,0/0
/spttest/icm8i1xprtje,2184f35b2f433b4a,1024,0/0
/spttest/etb88mau6o03,1b0f570745516503,1024,0/0
/spttest/23ltyjgw2zly,3d612db7d9430c6,1024,0/0
/spttest/ok527h3f3kyr,2cdc5a74758cb7e3,1024,0/0
/spttest/34vnqhmkba0f,5ba3911fec8436f,1024,0/0
/spttest/gh8nm6tc5o6k,1e19c4c8095709ac,1024,0/0
/spttest/55j7pg4enymf,969f344108aad07,1024,0/0
/spttest/xpl72yuxv579,3d93a651982ac515,1024,0/0
/spttest/qlcnlq04gmh8,30934fabbb6c39cc,1024,0/0
/spttest/ixs7vyk9y2nb,2297e261dfa49ae7,1024,0/0
/spttest/vnfkgevak6l3,39d0696cb77f6457,1024,0/0
/spttest/7wapesjdwut3,e6cd1caed6cfcf7,1024,0/0
/spttest/1b5uxqudgbsd,2649c4942c7e4ad,1024,0/0
/spttest/yrjb7c8nx8cr,3f808fe9a6e9bf8b,1024,0/0
/spttest/c2pdb2bvxycw,160e80c54dd39730,1024,0/0
/spttest/evh2ygxsa8l6,1b2b6e32f58f89fa,1024,0/0
/spttest/5k6bv3dx02le,a2823fec7721222,1024,0/0
/spttest/nj5zx48x0g5h,2afc1674554cb2c5,1024,0/0
/spttest/eun5frjw02mv,1b20a18417bbc957,1024,0/0
/spttest/oh8ltb02id4o,2cb6aa18642844f8,1024,0/0
/spttest/n2lxncpfth6u,2a25052783d0ef46,1024,0/0
/spttest/ih73qkkzdne9,21c06fe4f56e4ab1,1024,0/0
/spttest/4rfttvndos6s,8b2e0f636bcbdb4,1024,0/0
/spttest/pzbjcrm1iguw,2f7524c0ccd18ed8,1024,0/0
/spttest/y4r9pk4v9p5m,3e58ae1eed02769a,1024,0/0
/spttest/kpoo8zmotv0w,25d5eb523edfa250,1024,0/0
/spttest/44se44766u4c,78ca8856f0c5ffc,1024,0/0
/spttest/jepjsh1nnsi5,2373bd2ed3ef1b0d,1024,0/0
/spttest/au123z6y12ng,13ca33e874c7edac,1024,0/0
/spttest/woc5pofoj3de,3bafc8fe19970bd2,1024,0/0
/spttest/i00j130z67b5,20e13f3031f3dd81,1024,0/0
/spttest/bupyld2uxjvc,15a6cd55150318d8,1024,0/0
/spttest/7e43uamv1gv2,d80a19ea6dac29e,1024,0/0
/spttest/k7ot6ac0q5i2,24ec2956202b6e5a,1024,0/0
/spttest/al0eoh304gs3,1355107abfb729f3,1024,0/0
/spttest/jm2saqinyqcg,23d3709858dfd8e0,1024,0/0
/spttest/xliwh4xqdff0,3d5edd576e898d4c,1024,0/0
/spttest/ao0whr77bayo,137c35f475fedf40,1024,0/0
/spttest/qvkjagcxbxat,31180c1e2b486e55,1024,0/0
/spttest/h2v7tegqbq0p,1f32af1a92701279,1024,0/0
/spttest/vzmxifbmc2yi,3a6ef094ef1cebfa,1024,0/0
/spttest/cb459izqqe39,167bbfb65d95efd5,1024,0/0
/spttest/b49h9nf2n1sc,144f224ff6e2f6cc,1024,0/0
/spttest/uf1dxz6bagpe,378fc443b567a612,1024,0/0
/spttest/z9ylzysc418k,406fe3c16d503b44,1024,0/0
/spttest/109j4isenlfo,1d70da0efa0aa44,1024,0/0
/spttest/cdhoru3abzce,169a9d1157f95dae,1024,0/0
/spttest/5odr73lsm87,49be6a41a5b087,1024,0/0
/spttest/fxhfvh8mxhcs,1d192718c6bd9c1c,1024,0/0
/spttest/ghn3a067vz4p,1e1efa1ef5278299,1024,0/0
/spttest/x3rm1h2bd62k,3c783342a8b8e2fc,1024,0/0
/spttest/cl8yv0mbd5on,16ff61b126692107,1024,0/0
/spttest/oudsmshqc43p,2d6165c52bb71dc5,1024,0/0
/spttest/ttpyoyi3nyof,367adeb164a99a4f,1024,0/0
/spttest/eo7i0rw50enl,1acd0c5eda899f31,1024,0/0
/spttest/xtsrz3dy7ctg,3dca578758c1e2a4,1024,0/0
/spttest/h33l2bcncuw3,1f35b40a4bb97e63,1024,0/0
/spttest/umcuygrz6mif,37eed4c3f4788677,1024,0/0
/spttest/beh4xcvdy6e5,14d3ca28f8c25ddd,1024,0/0
/spttest/65piyzhkyjcx,b3fd79efbe7be81,1024,0/0
/spttest/t3msla0kexik,352801419861152c,1024,0/0
/spttest/s3m3wpleck8w,335424af259ac380,1024,0/0
/spttest/ritnmwecld2a,3246177caa7e3962,1024,0/0
/spttest/hrqdwtq1smd,e6d30245c17525,1024,0/0
/spttest/m6pqxbcvfm0w,2886bd29593f3c40,1024,0/0
/spttest/bvl9rkfhsd55,15b21969e7227e89,1024,0/0
/spttest/7l7a9lyw86pv,ddcb401fed64c03,1024,0/0
/spttest/9w8wfyt2es8q,12136595bea83c7a,1024,0/0
/spttest/akha1l3rixw8,134e2996a4c9f318,1024,0/0
/spttest/uri9h66ehtjx,3831ba24fc50f5dd,1024,0/0
/spttest/4chmcmpb7wxy,7f0afa850c9f186,1024,0/0
/spttest/izhuyqlyjyzw,22ae200e64c32dec,1024,0/0
/spttest/bnio0tuco8hd,15493ed60fd8d4f1,1024,0/0
/spttest/u4bofazzldxk,37049904089508c8,1024,0/0
/spttest/p8ofb62kphto,2e1b153b443e227c,1024,0/0
/spttest/gl0dk4ihgn4j,1e4abd0eb3955213,1024,0/0
/spttest/2hruy2ud20t3,48e1931a56a7597,1024,0/0
/spttest/4yrbnq9pbj4o,911f38e2e0f1298,1024,0/0
/spttest/5p5v4hx26l4r,a68eb54acb3267b,1024,0/0
/spttest/ouxo3ezc3hn1,2d68917db204140d,1024,0/0
/spttest/puag7rdnckcy,2f33ce0c0c032d12,1024,0/0
/spttest/3253ge8wgwmn,596a8f28ac3292f,1024,0/0
/spttest/cbtjgp3vfz83,1684e959b5195b13,1024,0/0
/spttest/dwswpvq8yzjn,196912a023c1c873,1024,0/0
/spttest/iw3wyc0gvkdc,2282203bba35c8e0,1024,0/0
/spttest/v4zvrnensu9c,38e0f1efa93d2730,1024,0/0
/spttest/a545hsn21s2x,12869646d5664269,1024,0/0
/spttest/xv9rfx4oe7qw,3ddd75add2d196b8,1024,0/0
/spttest/7plmtz58oqgr,e15d66e590a47fb,1024,0/0
/spttest/zlrnw64ywwh,1ce7ab2a0f7f711,1024,0/0
/spttest/pb809x9ewheg,2e3c2088ca6f0218,1024,0/0
/spttest/ro859208k17f,328c441f99ceab1b,1024,0/0
/spttest/cz91fmjrvu66,17b541e2fa6af17e,1024,0/0
/spttest/mf23h38a4s5j,28f31bd541534187,1024,0/0
/spttest/tn6w6ayg3d0w,36260db1e37a5cb0,1024,0/0
/spttest/x4hmgo300na9,3c8195eaec17e1e1,1024,0/0
/spttest/iolb4h48uxfx,22207ccc5e35accd,1024,0/0
/spttest/ky6bujtiraa,1101de4deed63a2,1024,0/0
/spttest/jeuv3ltdjehn,2375a80a8bdda11b,1024,0/0
/spttest/85ivkqaykdo,69e854636a8dac,1024,0/0
/spttest/dyklpcj52gqc,19800dee722a1234,1024,0/0
/spttest/h5izod4jftn3,1f553d91dde196cf,1024,0/0
/spttest/vmijieas2hjf,39c47ed92a68294b,1024,0/0
/spttest/ry7jw27rafgw,330df1e215eb03d0,1024,0/0
/spttest/2c3tvzcf2aps,4447b5b71d3b1c0,1024,0/0
/spttest/hw6tizr1cm6j,20af8f4e17a6984b,1024,0/0
/spttest/geouw8wxx12w,1df8a594985844b8,1024,0/0
/spttest/d668324iu21n,180f2aa4d0e627db,1024,0/0
/spttest/uwvuec8w5j15,387792e51ba36f99,1024,0/0
/spttest/mry6bwviqh8o,299a8e06a586c7c8,1024,0/0
/spttest/wsy8zbqp1o2r,3bebb6817a5f0123,1024,0/0
/spttest/bxcwf37v96yn,15c90ebc963e767f,1024,0/0
/spttest/d6wgfxz2g727,1818a1a9a73a05bf,1024,0/0
/spttest/1u2te14irpa,17d787bd78a4be,1024,0/0
/spttest/lk6h5bwtrx0,1180e5f8111ee94,1024,0/0
/spttest/iz33xrb6x57c,22a8cd8e05025a98,1024,0/0
/spttest/db3oesfsadi8,184f31b61c65dae0,1024,0/0
/spttest/vllhqmva3c8f,39b89226e10f66af,1024,0/0
/spttest/afkcy75yhjd6,130e53dd8f83024a,1024,0/0
/spttest/fq6uftaih15f,1cba679e89646a13,1024,0/0
/spttest/e5ygd3thpzdt,19dffa2eb8793461,1024,0/0
/spttest/igeufwvt9b28,21b63dbb5ca57940,1024,0/0
/spttest/2pzj1xxlvbni,4f8c7adfe6df5be,1024,0/0
/spttest/enufeb8a2v9g,1ac854d9d02ba4c4,1024,0/0
/spttest/h6v30h2pmdcv,1f6697ce4d34fe1f,1024,0/0
/spttest/rb3jovu1kior,31e1befe6cef649b,1024,0/0
/spttest/72twvhdnlj6x,cee123cc6e4ef69,1024,0/0
/spttest/24tkp6e46cur,3e5db4cf7f6a293,1024,0/0
/spttest/rhmhiacvmjmo,323683eddaba5be0,1024,0/0
/spttest/3simyx0wpryk,6ed447ac30a09cc,1024,0/0
/spttest/ackn8ywj2okb,12e7768550767bdb,1024,0/0
/spttest/dwhnkd6lx24u,19650316f95d660e,1024,0/0
/spttest/yzg83n9zdzsn,3fe75ce6b6b7ed77,1024,0/0
/spttest/p86s68g2sm18,2e14b79b4fd3e08c,1024,0/0
/spttest/5u529nrzxicw,aa993931a38da30,1024,0/0
/spttest/6cixtnt7jdcf,b9863f29ec6754f,1024,0/0
/spttest/moobyb5z58dk,297008ffa06f20a8,1024,0/0
/spttest/fvpvlzblz0zf,1d0237e7a745a0bb,1024,0/0
/spttest/rgyzgv7098f,164d596925331bf,1024,0/0
/spttest/t7tupixjcazz,355e824b8f6439af,1024,0/0
/spttest/zo0p2khxjpii,41267df81ae36cea,1024,0/0
/spttest/fl0nan8f840o,1c7738cc1e1b4558,1024,0/0
/spttest/do6p7pplw7vw,18f925370ef878ec,1024,0/0
/spttest/gbyq0xmkllp7,1dd53cff6e0d1d1b,1024,0/0
/spttest/fm7mjp4lxd8w,1c86bab60f75d650,1024,0/0
/spttest/9qwcbipzjvpb,11cdeb3ff0110e3f,1024,0/0
/spttest/bix07r4uvgf0,150d78fdaa4042dc,1024,0/0
/spttest/fvr1l62ojm72,1d02a39c251cf71e,1024,0/0
/spttest/uaqil2oq5342,3757e318a330b902,1024,0/0
/spttest/90vc84tdhb4j,107bd5f716745393,1024,0/0
/spttest/2vz3qv1cjhh8,5468ff18cb07f3c,1024,0/0
/spttest/5mcolb9oamgj,a44696050b75c33,1024,0/0
/spttest/htdfci6qiua,e76a7e12f7afe2,1024,0/0
/spttest/fcnb0u4qjlp,c767118c9c61bd,1024,0/0
/spttest/rlat9rps4egi,326642b82eb6b232,1024,0/0
/spttest/s44mb8ftt2kv,335ad28821f6cb4f,1024,0/0
/spttest/38vanrb6cyad,5ee0c8c208c7a95,1024,0/0
/spttest/oqwiwqrl33iz,2d3432ca954d559b,1024,0/0
/spttest/relgkjdgvddz,320f2d62a2b9e987,1024,0/0
/spttest/vudz1trpnn64,3a2ac2eeb7baea0c,1024,0/0
/spttest/d9vzq8jeyntm,183f6e8c5693a71a,1024,0/0
/spttest/9egiqai8hfit,112c56b981b418d5,1024,0/0
/spttest/c98xq8gaewi6,16637fb46051260e,1024,0/0
/spttest/9sw55rrbribo,11e7d3649abfbc84,1024,0/0
/spttest/ay95wwfzycga,140115a3c27c128a,1024,0/0
/spttest/c7tfulpiijte,1650eb0d2aff5ad2,1024,0/0
/spttest/4r50or45rrfy,8aefa819a5f28ae,1024,0/0
/spttest/pkv217kbv2hq,2eb958d333ba895e,1024,0/0
/spttest/uc9if0stf2a6,376bbaeb0ff7a64e,1024,0/0
/spttest/t6v4c5hyu2g3,3551fa1c83e7fde3,1024,0/0
/spttest/ep758d5qhwwf,1ad9e8d024a31ecf,1024,0/0
/spttest/751aznvi1sjt,d0ab78c28d3a4c9,1024,0/0
/spttest/spvx27q33x92,3475727248474616,1024,0/0
/spttest/kt8vedvi30ff,26042ccd2633a2eb,1024,0/0
/spttest/25azv0q1cyv0,3ec2476c5dc447c,1024,0/0
/spttest/fq983br5gl2r,1cbb43630357afb3,1024,0/0
/spttest/wnpeylygdnyp,3ba7944068e06291,1024,0/0
/spttest/t55ri4rujqaw,353bd6b83719f5e8,1024,0/0
/spttest/xza6s4kp85yg,3e1192100c449928,1024,0/0
/spttest/n3zauli3nyg,12c3095d450c208,1024,0/0
/spttest/nj8q35ln8t6x,2afd1254e50340c9,1024,0/0
/spttest/k3pih6m0g0ha,24b8753b11d81e6e,1024,0/0
/spttest/zv0fj8ppyvuv,4181524bf5a9d2c7,1024,0/0
/spttest/u8m4gfpeyc07,373c52dbb5cb3347,1024,0/0
/spttest/borx6g1wzdg0,155992e6447b72d0,1024,0/0
/spttest/q03hr8d6d5sf,2f7f3af69c23b88f,1024,0/0
/spttest/msrr1z74lnlb,29a539e0db94daaf,1024,0/0
/spttest/6w9sh1v8e0u8,c98e00a5ff22fc0,1024,0/0
/spttest/psjaxj839u1z,2f1d054a3d337367,1024,0/0
/spttest/fd0zpy8kc1xp,1c0f6e9faf65a8cd,1024,0/0
/spttest/qgddrdzgofew,3052a0805c957008,1024,0/0
/spttest/kortk6k8z34t,25ca10cbc07b329d,1024,0/0
/spttest/4lzoa1m3ibyw,86c1a8b2f659818,1024,0/0
/spttest/tsdl5gfoczwx,36696a45acf134d1,1024,0/0
/spttest/nmprvpi4c1v7,2b2a30f6755ff073,1024,0/0
/spttest/my5ahyylntiq,29eb0ed6c4b55232,1024,0/0
/spttest/z0kg5j6zyfbn,3ff5e04aaa5ecd13,1024,0/0
/spttest/eqa36m0xjasx,1ae7f5eaff475e71,1024,0/0
/spttest/jl236y74yxq7,23c632ec836a7f3f,1024,0/0
/spttest/j6l5rvgb4ghx,230a3db13fb40785,1024,0/0
/spttest/uospr98al0dp,380e87d3f955af2d,1024,0/0
/spttest/ejutvkqvq73j,1a9484f9b0fdcd6f,1024,0/0
/spttest/hro0c1kmhz0p,2074d0bf28cf8189,1024,0/0
/spttest/705ezzubctcw,ccb41060dc632a0,1024,0/0
/spttest/alfr8m7ybbag,135a9a3a67ce4be8,1024,0/0
/spttest/bqj2w4mj2e46,15705cc21484fef6,1024,0/0
/spttest/fiwzr6s6wa0d,1c5becc784c8d0ad,1024,0/0
/spttest/rb9cz77ml8ju,31e3d7fa61d9a08a,1024,0/0
/spttest/jvr4jjbr515v,24512028fd898c23,1024,0/0
/spttest/tdg5knupd5hc,35a7808ea1c5be00,1024,0/0
/spttest/icph9rikfvjr,21861ef650f75977,1024,0/0
/spttest/6bkm9w4nqq7o,b8c01cb7e134e34,1024,0/0
/spttest/ft2yyulvmgxs,1cdff989523c5240,1024,0/0
/spttest/7ahuiarpe7i8,d51a1cd18534280,1024,0/0
/spttest/vssbdv2wglh0,3a15f538c11c68b4,1024,0/0
/spttest/6lmn38hwugqq,c0ea130a6e0f442,1024,0/0
/spttest/rnapgwr1bb6x,3280337a8927fa69,1024,0/0
/spttest/xnvo7i6dgk53,3d7d736dea9faef7,1024,0/0
/spttest/es4uj2s7t7z8,1b000c62f71d04a4,1024,0/0
/spttest/g1p8hdhfip9g,1d4fec1a99e4b364,1024,0/0
/spttest/xz53ead4m5np,3e0fbb89abd5be25,1024,0/0
/spttest/wkj1gdtlzvi,1a7106f0f4379de,1024,0/0
/spttest/ukhifzipqpj6,37d687fc9a4e34c2,1024,0/0
/spttest/5nsdtilm2dzp,a5710e2ca6e5d55,1024,0/0
/spttest/t3qspfe41tyo,3529730661f6f9f0,1024,0/0
/spttest/6egph0fve0hn,bb1904c01ef54fb,1024,0/0
/spttest/i5q8exy5i7y7,212b77cf725f75bf,1024,0/0
/spttest/ab558d1oelqj,12d4e18353daf18b,1024,0/0
/spttest/543aemf1i6s0,957370b083f0fd0,1024,0/0
/spttest/mrdlmmweh2jh,2993218b3ba5551d,1024,0/0
/spttest/l3rp1l522kt3,268cdc0ef459dbd7,1024,0/0
/spttest/oxf5r6r94sf3,2d88db93c0957ddf,1024,0/0
/spttest/g0lcqlxfsps8,1d41884ba6c2d488,1024,0/0
/spttest/bu24qy1pdhd6,159e34498003962a,1024,0/0
/spttest/b8wdrpue9uv1,148b5ad55ab35a7d,1024,0/0
/spttest/9wztgzvkvkqe,121d1be74d5d1ab6,1024,0/0
/spttest/x4874llmtnz6,3c7e2f41ac84b8a2,1024,0/0
/spttest/osv01py2kyeg,2d4da08a986ec528,1024,0/0
/spttest/14ayx841w95q,20b878e6bc3e75e,1024,0/0
/spttest/qgphqtds4acg,3056ff2486374d60,1024,0/0
/spttest/kkxqih9o4rhz,25983e28e4a8d037,1024,0/0
/spttest/cp4zw2a84qm7,1731e7e2e423efbf,1024,0/0
/spttest/fbbhm9x2e3gs,1bf93db7034a7f0c,1024,0/0
/spttest/w6naiknnv1k3,3ac9febea0fc0ca3,1024,0/0
/spttest/x9ljs9nmkhqc,3cc3f2cdbac4b8c4,1024,0/0
/spttest/ri7ehx18s22n,323e0ff04048f57f,1024,0/0
/spttest/8ea3fcjn0f42,f56680194cd6f82,1024,0/0
/spttest/3qktxtobm3ax,6d41495cc811539,1024,0/0
/spttest/oslgyhbesx41,2d4a303f141900a1,1024,0/0
/spttest/xzyldh2pv6se,3e1a6057cb52851e,1024,0/0
/spttest/v8qlnv7327jy,39118db8ade0a1be,1024,0/0
/spttest/odf4a8u1q0qj,2c850eab54e25f3b,1024,0/0
/spttest/kfqc1v8rwkk7,2554a03186457b17,1024,0/0
/spttest/bkkc6u1wpwsk,1522e170ec569644,1024,0/0
/spttest/t9hlw9a2qocw,357411c7065937d0,1024,0/0
/spttest/nmfnvki8xrxw,2b268b01dcae9bb4,1024,0/0
/spttest/2uh0m798izqq,5330c0768614172,1024,0/0
/spttest/lrkg9yu6s5q1,27c1fd25c0cd69f9,1024,0/0
/spttest/540ipp4yy13s,95637410758fc18,1024,0/0
/spttest/5ezyx0yuhvtp,9e4e648e0eba15d,1024,0/0
/spttest/qkjadk9wmteu,3088b70e19e0a266,1024,0/0
/spttest/vs2upw99ybor,3a0cc541406b1cab,1024,0/0
/spttest/7knlekolccrl,dd599386b4820a1,1024,0/0
/spttest/u1yp1gig7ha2,36e5ef4b45ff2b3a,1024,0/0
/spttest/ljfohbvx4927,27585a4dada693df,1024,0/0
/spttest/xyrl4ufe2o8k,3e0adbe4bcd63134,1024,0/0
/spttest/mqgkfl1g1s0g,29873652d15c0810,1024,0/0
/spttest/il3x7jgkzcom,21f33f10c2a2eef6,1024,0/0
/spttest/1fwco4eksrdd,2a22062ba184591,1024,0/0
/spttest/gme25kkcnfes,1e5caa35687789c4,1024,0/0
/spttest/lxw0235rf23o,2814177e1a8d9764,1024,0/0
/spttest/1z1ccergy26r,39ab9451d7f7b93,1024,0/0
/spttest/kkpv71n6jhsq,2595673a510232da,1024,0/0
/spttest/97pxjqchhxuj,10d4cf42cc7b869b,1024,0/0
/spttest/pi8a0xepb9sd,2e9726591fa8c74d,1024,0/0
/spttest/zliwsdxtr1cb,410618a0bea4708b,1024,0/0
/spttest/27u7ysm3q5m6,40d0ec4f302d9ee,1024,0/0
/spttest/bumfk24pkg6l,15a58762805bf7ed,1024,0/0
/spttest/k7m4frenv9fy,24eb31216d91208e,1024,0/0
/spttest/6xya32qvi7m6,caeb352b8d6fe0e,1024,0/0
/spttest/550hhdq2vljj,963315a295578cf,1024,0/0
/spttest/5ik5xgxj82p,47a4a67bea00a1,1024,0/0
/spttest/jp3nizz66apf,23fab87e57155db3,1024,0/0
/spttest/96w2bh996dmv,10ca08745439c787,1024,0/0
/spttest/34o5ssvnpm5u,5b7847929f34f72,1024,0/0
/spttest/jk1suf18g5dc,23b91b1db8f09b30,1024,0/0
/spttest/zjp22q2ftk75,40ee55e3b9e4e281,1024,0/0
/spttest/t1s8xfak01u6,350ffe80932b354e,1024,0/0
/spttest/56qz8vjf6epa,979bdc2dc3f1aee,1024,0/0
/spttest/ewrtfejjkoom,1b3c4b0e349178f6,1024,0/0
/spttest/ncqwkkn64du6,2aa8b4cc8a13e10e,1024,0/0
/spttest/xpv8gpa2c4vc,3d97458bb806dda8,1024,0/0
/spttest/mblsaxwj57m,121f398f4378522,1024,0/0
/spttest/8rsu0qcx5a4f,10060734dc36d37f,1024,0/0
/spttest/gydb91d55fvi,1ef84442a1aca89e,1024,0/0
/spttest/1ykawnsmeqe4,394935254d4b31c,1024,0/0
/spttest/6fon4ezgvd0c,bc16a786367af9c,1024,0/0
/spttest/4fxmqsdvb3x9,81d6e541f9efb9d,1024,0/0
/spttest/b8p3u26pl9n8,1488bac3cd405514,1024,0/0
/spttest/vyazum8s3c6b,3a5da4e81b46fc63,1024,0/0
/spttest/osvva8xx2a17,2d4df0b040e0844b,1024,0/0
/spttest/psz590jky7rl,2f22bc9afe945bd1,1024,0/0
/spttest/vpcya763jk0z,39e9724fbf849723,1024,0/0
/spttest/qe22zqtl01ko,3034924f2a9330f8,1024,0/0
/spttest/evzyb5szu577,1b323d456fc678d3,1024,0/0
/spttest/sdxuq29iqcvy,33da461ac07279be,1024,0/0
/spttest/40trshu4feoc,75932f48c7ec40c,1024,0/0
/spttest/w5m2bbkf4s7b,3abc9013954516c7,1024,0/0
/spttest/5ibxt4gy8itb,a102fa13d8e333f,1024,0/0
/spttest/g1l7hiav4ypv,1d4e78131f24cfc3,1024,0/0
/spttest/9vnhmv4sx8r2,120babdb5149468e,1024,0/0
/spttest/ac9tuks1vzk,865234a80de430,1024,0/0
/spttest/lfla9yt8afrl,27266b0a4a376a51,1024,0/0
/spttest/huu0o6r4sg8t,209df3978572713d,1024,0/0
/spttest/rwe9ljn0r2sm,32f6638a406272e6,1024,0/0
/spttest/tvufvzkc8fzy,369676cc788e4efe,1024,0/0
/spttest/gq9tfcl5mpku,1e8f175e107b43fe,1024,0/0
/spttest/fo97qiek1954,1ca147f5bec31088,1024,0/0
/spttest/x4evx3kapzqe,3c80991374620b26,1024,0/0
/spttest/8q5utrygqjsk,ff0bf8cdb7caeb4,1024,0/0
/spttest/dljk9itay8xz,18d6d188312c9fc7,1024,0/0
/spttest/54ml5o79q0os,95e2da01b616afc,1024,0/0
/spttest/l89hlqc6ubz1,26c73c9f86e6ee1d,1024,0/0
/spttest/e2qeusum6baz,19b61b98921eccbb,1024,0/0
/spttest/yjyj45fiu8al,3f1e23ae7571c37d,1024,0/0
/spttest/d824pp17phvl,1827ab08d4c901c1,1024,0/0
/spttest/bj9dfxp5zby4,1511ef5920db203c,1024,0/0
/spttest/g3ri28bdledn,1d6ab7eeb144750b,1024,0/0
/spttest/b8u9apodjgix,148a969f30f27769,1024,0/0
/spttest/6wcj8xolkuyl,c99dd79883e7ebd,1024,0/0
/spttest/kb3jd1gu0h45,2518717429a2c4a5,1024,0/0
/spttest/6jn1e4h03rwg,bf4cb5fa3985400,1024,0/0
/spttest/gkvwoxeyibai,1e49204ef51c73aa,1024,0/0
/spttest/oqec8sqauz1u,2d2da30fc746bef2,1024,0/0
/spttest/x8zbas5zo0rr,3cbbecee05a290e7,1024,0/0
/spttest/42id4jme0wls,76f0fca434dbb10,1024,0/0
/spttest/fi2qdrcqmqlr,1c5101aed61c2a2f,1024,0/0
/spttest/74o9eqtlnd4m,d0602b424e78b36,1024,0/0
/spttest/fich8y249gpu,1c5485ee23d5a8e2,1024,0/0
/spttest/32rs4s1nslt3,59ed85d8d233867,1024,0/0
/spttest/ahhfqkh0hu00,1327406d7f945620,1024,0/0
/spttest/5gt2hofxlx6s,9fc6363c3eeb844,1024,0/0
/spttest/xtgmur657hrm,3dc5f5f8ba3d82b2,1024,0/0
/spttest/7t6eh88l7gl1,e444c7fe0a564b5,1024,0/0
/spttest/jpifhhlbc9lt,24000d6219eb6aa1,1024,0/0
/spttest/6t519fw3fqg0,c7030fa90f3c6a0,1024,0/0
/spttest/i2fwu3wem2k0,2100c6a62fefb470,1024,0/0
/spttest/bb1x5ih8hnie,14a754ebd4d9dd46,1024,0/0
/spttest/ay9hal729bb0,140132d6bf042f7c,1024,0/0
/spttest/eifa9kbgghpm,1a81ebe0524e59aa,1024,0/0
/spttest/7rqb2ofpsylb,e31809dd62df31f,1024,0/0
/spttest/w5y415wmi86t,3ac0e8e72e4adff5,1024,0/0
/spttest/1hczcjamlk9u,2b51db8b5c9c7e2,1024,0/0
/spttest/8z715rd3aapa,1066137a53197bae,1024,0/0
/spttest/qgcu6acx6o0s,30526e3f640c501c,1024,0/0
/spttest/rc0yzj2x9ewm,31edce64303cacb6,1024,0/0
/spttest/o01no440t4p4,2bd756ea2c4c8d08,1024,0/0
/spttest/gp0gug4f6pux,1e7eba84748c4769,1024,0/0
/spttest/fhmuy4nhenw8,1c4b478187a99d78,1024,0/0
/spttest/nyamtzegkwjy,2bc09991674859ce,1024,0/0
/spttest/u5dyyfdwhhbn,37126a07981755f3,1024,0/0
/spttest/5ggmmb9y0vm6,9f7e63fa03cf60e,1024,0/0
/spttest/pbd5h30t6avu,2e3dfbb6fbf4299a,1024,0/0
/spttest/mk563bn1a878,293529f006d01504,1024,0/0
/spttest/iz2sgu72pza2,22a8b0200edc1cda,1024,0/0
/spttest/5qrh63adqjpq,a7db4e1a4da2b4e,1024,0/0
/spttest/76ztzvf15vc6,d242a16dd1c1ae6,1024,0/0
/spttest/7s51unw8v698,e36d27a14e2a96c,1024,0/0
/spttest/b6ol2zkrt1yx,146e9023448e2a39,1024,0/0
/spttest/8z75urwwsrit,10661f861b404a55,1024,0/0
/spttest/biyassynaa70,150df0846d45511c,1024,0/0
/spttest/f777tgoplymh,1bc3be11c820fb89,1024,0/0
/spttest/2huc6sur4408,48efe2ba0c56048,1024,0/0
/spttest/ifkwwpe3rkdk,21ab710351a60ae8,1024,0/0
/spttest/gbyccaa0guog,1dd519e2c57c0750,1024,0/0
/spttest/ve2k1c4dmd0c,3956d0409f96a85c,1024,0/0
/spttest/kaznyv8txpm6,25170bccb1deccee,1024,0/0
/spttest/mt9oio3pz8pg,29abb1ffbf9fbbd4,1024,0/0
/spttest/ra7qxnvuudol,31d645cbd9970ac5,1024,0/0
/spttest/1ct77qi88dgg,27a05839208e620,1024,0/0
/spttest/nx5ppnizhwn1,2bb1d5dbda28fa7d,1024,0/0
/spttest/ij6ptxwydiob,21da46ba2074d1cb,1024,0/0
/spttest/gu9yec1hyw1t,1ec31926a3496bc1,1024,0/0
/spttest/j350iyq0qi4g,22dd7291006c2640,1024,0/0
/spttest/xm9g7shkxv2a,3d687190c04b1382,1024,0/0
/spttest/44fkifut36w4,7880826504b2aa4,1024,0/0
/spttest/ubiryf7ko8r0,376215734e95c24c,1024,0/0
/spttest/5bisdn0ymh2d,9b7bb7a577f11e5,1024,0/0
/spttest/50gqwboyhp92,9281d1e170b0c16,1024,0/0
/spttest/2c5wsb7l8h6x,4453b8789f36a09,1024,0/0
/spttest/z0g8jbysafp0,3ff45b46a21b41f4,1024,0/0
/spttest/kbsxfuloeeox,25219ac7f18b6de1,1024,0/0
/spttest/gh612vrpkbvw,1e18d238bbe6ee2c,1024,0/0
/spttest/tl37pk0nwuts,360abf4ddec95b10,1024,0/0
/spttest/k2d4n0qld8nw,24a7000cd4c80a1c,1024,0/0
/spttest/t35y3acjv4dp,3521ed1bcc142aed,1024,0/0
/spttest/6n2p45vjhm2q,c2169894b72a902,1024,0/0
/spttest/a3yehp9yktqv,127785e55a56c997,1024,0/0
/spttest/pq19uvd5vg0,14e2042cab85770,1024,0/0
/spttest/kqapu0ip2z93,25dddf7ca2cedff7,1024,0/0
/spttest/oo3ok8lklvyr,2d0fd01a32191d13,1024,0/0
/spttest/t477ozd2adak,352f5f5f314d27cc,1024,0/0
/spttest/rko6x85rvtwj,325e1946e2549823,1024,0/0
/spttest/6cdkte3wdulz,b9674bb6bd60837,1024,0/0
/spttest/9lnjx00jrreg,1189cd24b33ff678,1024,0/0
/spttest/eu7gp3ei5qel,1b1af8833ca3ceed,1024,0/0
/spttest/uyuaj2tvjxq,1923ff23855abae,1024,0/0
/spttest/1drg8qad3qee,2866132749fdd66,1024,0/0
/spttest/l380b95s5cy7,2685c19b2faaf0cf,1024,0/0
/spttest/5jnj7ta3f21z,a215bdd9a999327,1024,0/0
/spttest/lbflsfu9l8yi,26f0695813f6f19a,1024,0/0
/spttest/oqbd2zkupfsm,2d2c901bce7c7a36,1024,0/0
/spttest/t0i433wj6r98,34ff5923a5e4327c,1024,0/0
/spttest/d955pzcmotoo,1835bffb6f21a248,1024,0/0
/spttest/nquv2wl8jd9b,2b5ffc0a889fc5df,1024,0/0
/spttest/5yc2wlai271t,ae010d045df9a31,1024,0/0
/spttest/gmt48j2tukud,1e6219131fca7a05,1024,0/0
/spttest/24dmn717c3rm,3e01a6629b1d912,1024,0/0
/spttest/f8owzec7unr,c5f9b9fbbd4af7,1024,0/0
/spttest/3ld1cryclyzp,6905261b883a865,1024,0/0
/spttest/h2edyuwl0xbd,1f2c9ca095fcbda9,1024,0/0
/spttest/v4mcpsawmzi7,38dc10442a0ce53f,1024,0/0
/spttest/tga4vcci5938,35cc4c50359b3f44,1024,0/0
/spttest/w934uh62mwy,1a2ef9283c46a82,1024,0/0
/spttest/rzwy7xkrvte7,3324191ceda6418f,1024,0/0
/spttest/euuxp2e6gztx,1b2370993b463765,1024,0/0
/spttest/tjo0cmquv4aa,35f845a466720d72,1024,0/0
/spttest/lwgytts2znde,2801ad8ec52aa312,1024,0/0
/spttest/2chsoxx1drq1,4498571f149a299,1024,0/0
/spttest/758rcvwxw8w1,d0d681ec5522601,1024,0/0
/spttest/fkxiqwflebyu,1c761805b1de8516,1024,0/0
/spttest/pv2djbc3g09g,2f3de17be7116854,1024,0/0
/spttest/2d340eyn55um,4513638340dcbde,1024,0/0
/spttest/5dmvvb7hvj8y,9d3306bd22b1032,1024,0/0
/spttest/6u1ux4iypvvn,c7c08dbba1dd7a3,1024,0/0
/spttest/ksrf3u4ppv0f,25fde0bca457523f,1024,0/0
/spttest/bhv4z9jpy61x,14ffcf38ba5d8825,1024,0/0
/spttest/rpomnjozevws,329f33ec5776ec0c,1024,0/0
/spttest/zz7tjbagi586,41b7f1d3d1aed2f6,1024,0/0
/spttest/v61efb73d6ux,38ee7b6e7e9e32f9,1024,0/0
/spttest/3yig0f2ijkmk,73b222a9aba792c,1024,0/0
/spttest/j99kdqk5pls0,232d0685df000f80,1024,0/0
/spttest/t14jo2wcns1c,35077138d9a019b0,1024,0/0
/spttest/sdrsmng21hev,33d8168533da8067,1024,0/0
/spttest/nrf60p4sgfsj,2b674f78e9fe6ff3,1024,0/0
/spttest/vyin6zr106yz,3a60676120fcc04b,1024,0/0
/spttest/6oymhz0gul0s,c39ebdd18ef45ec,1024,0/0
/spttest/7s1maaq2vs0a,e35956f125da98a,1024,0/0
/spttest/hac27yot1gvz,1f93afcddded88bf,1024,0/0
/spttest/viu0jpd6hgy8,3994ad9564bfda10,1024,0/0
/spttest/v24etxrm7ukt,38bb9c8d4a55088d,1024,0/0
/spttest/usl0a31922mg,383fb4e8a3a276c8,1024,0/0
/spttest/4lovl6trfco4,868353f71881ce4,1024,0/0
/spttest/c4df0af0go5v,16242b3a96751a53,1024,0/0
/spttest/jw6cysfe47hc,24569f4c1087a8e0,1024,0/0
/spttest/93dqnz95ds2v,109c742846eea867,1024,0/0
/spttest/rzqjrwq0j7zc,3321c9d72c801728,1024,0/0
/spttest/matp0ac5fpam,28bc1ebddbcea2ce,1024,0/0
/spttest/8gbzsm58l5oz,f7111f0430aac13,1024,0/0
/spttest/lba941xxas8n,26ee7af9b31da277,1024,0/0
/spttest/f4y0vhwq3ozm,1ba6726d21534b42,1024,0/0
/spttest/tnbuw83ool0i,3627d8407ee30462,1024,0/0
/spttest/jcjwsge9pe9m,2357b9d05cf9b57a,1024,0/0
/spttest/r608fv1xujp6,319f9abd254ed43a,1024,0/0
/spttest/310irb8ojkmu,588051d42529736,1024,0/0
/spttest/wroo2pbziv2p,3bdb444b4ac08cd1,1024,0/0
/spttest/k2ljknkqbh1i,24aa09507125c506,1024,0/0
/spttest/eu24z773fnqt,1b190c9a2cdab4f5,1024,0/0
/spttest/7fr3pstu6sb0,d95eb06946346cc,1024,0/0
/spttest/2rj2gqpwwlan,50cd1bcda0ef7cf,1024,0/0
/spttest/fahylsqcigvn,1bee96407e7c59f3,1024,0/0
/spttest/9vm9gfoeg68m,120b3a810398a196,1024,0/0
/spttest/gwbowq4z2w9w,1eddb40dc7c142e4,1024,0/0
/spttest/ll7ofuxyldgg,276f71c421735d60,1024,0/0
/spttest/grofleof7zuj,1ea15aa89992a03b,1024,0/0
/spttest/8fvftfmeezdo,f6b18ca1035c09c,1024,0/0
/spttest/rwfks3atnvxu,32f6dc99357ed672,1024,0/0
/spttest/rlw09o7bo7a,1669bc9ffb6a646,1024,0/0
/spttest/174rxq79nk23,2304331405aca4b,1024,0/0
/spttest/klae0xzl0duu,259ccee85e25f726,1024,0/0
/spttest/qcwigdz4oujw,30259284198670ac,1024,0/0
/spttest/mguotutd8hbp,290a6a312038eab5,1024,0/0
/spttest/hrowj4lr34s0,2075235b5250a9f0,1024,0/0
/spttest/2s8jdo0fqdo7,5160257c9f8f6b7,1024,0/0
/spttest/76qzpiudo742,d20f96ea64bff02,1024,0/0
/spttest/q4el98b7t3b4,2fb731056342e900,1024,0/0
/spttest/pyjydtxnhwl,151332397465f65,1024,0/0
/spttest/u6b6gjq6jct4,371e656f03606598,1024,0/0
/spttest/t2wsgmaed4vo,351e9f5990c5eff4,1024,0/0
/spttest/xc530bhptv2g,3ce4f9a32d878f88,1024,0/0
/spttest/xr5o63i05ldq,3da806c81a12337e,1024,0/0
/spttest/8tpljli0zu1t,101ed6de21cd1ae1,1024,0/0
/spttest/sujp4hcqe7la,34b1fbf24cf237ee,1024,0/0
/spttest/eietk0n0f1go,1a81c100c1417128,1024,0/0
/spttest/nnnmfv0g6lnn,2b3667864cc97323,1024,0/0
/spttest/iqv0dyafjqfq,223df7722dbe4396,1024,0/0
/spttest/6k7tlnxeobrl,bfc4b1e29e5f391,1024,0/0
/spttest/b4h9weza64zv,1451f25ac510f4cb,1024,0/0
/spttest/80cvjbdxbmrx,ea18f45f073cd0d,1024,0/0
/spttest/tqwnbch9b986,3656504e82ec1076,1024,0/0
/spttest/upm8nf4lm401,38192efbc9ee32c1,1024,0/0
/spttest/ok66pnhcdjqy,2cdcc261bffec53a,1024,0/0
/spttest/oes98r0e1h0d,2c96c96f7d998a5d,1024,0/0
/spttest/cjz7tjfvso6u,16eedfbd577cf476,1024,0/0
/spttest/608n6iaa8wxa,af8cde0632caaae,1024,0/0
/spttest/kxzpkzs1zs68,2641d0d8dcee3a60,1024,0/0
/spttest/cleiyihsj1u5,170163191cedb00d,1024,0/0
/spttest/tl9oeu30m5p4,360d145e2f571258,1024,0/0
/spttest/h97a1br3c8lb,1f84f8c26c0ed57f,1024,0/0
/spttest/vjgijkmjd3to,399ccbdc11685f9c,1024,0/0
/spttest/ipnyke3p7aqu,222e6ef05f13b726,1024,0/0
/spttest/y7kodaaf6mdy,3e7d44ece1276dd6,1024,0/0
/spttest/ho3oh8u6yyx6,2046833168d0a34a,1024,0/0
/spttest/hyue911vvg5q,20d20b759c80d68e,1024,0/0
/spttest/bx3mdsi8m23x,15c5b5ac12bd442d,1024,0/0
/spttest/e8qnd9d3f2gz,1a0420fa6cb1c143,1024,0/0
/spttest/8smj2s74d2jv,1010be2d22f78e2b,1024,0/0
/spttest/pvgghfpwixn4,2f42f633efcfced0,1024,0/0
/spttest/v8gb039yg721,390dd6afc56addb9,1024,0/0
/spttest/jibw4g91s247,23a2c4b292935eb7,1024,0/0
/spttest/biccgxh50i8k,150604b381e67554,1024,0/0
/spttest/5k6bphqci3v9,a282398937c6815,1024,0/0
/spttest/bpdqtr2obw2h,156172b38eb6c719,1024,0/0
/spttest/qguf2thfh904,3058c62459b9ead4,1024,0/0
/spttest/2d2jy5z5ukjd,45102be57652479,1024,0/0
/spttest/m3yk0uaxggt6,2862f2ff1053c21a,1024,0/0
/spttest/8io626hnktka,f8f70f283de0daa,1024,0/0
/spttest/6o6cjh0j1wy4,c2fb8007efb200c,1024,0/0
/spttest/rahw5ffekduo,31d9eedc6ef21d20,1024,0/0
/spttest/7arhpsxvn7cz,d551ca9cb312803,1024,0/0
/spttest/gshfya7y9lde,1eabd2415d96d272,1024,0/0
/spttest/y8a0gq88u44x,3e86692a896b3871,1024,0/0
/spttest/cx7y6zzqotc8,179ae2b157d32088,1024,0/0
/spttest/dnfw1ezxaylu,18ef78c8bfb71ab2,1024,0/0
/spttest/gnwtmlq51kp3,1e706c957548bc07,1024,0/0
/spttest/zoyaq0xjevuv,41329daca7052fc7,1024,0/0
/spttest/zpuqo9mfux2y,413e5262a99019fa,1024,0/0
/spttest/js66fvpc282y,242299871f55d56a,1024,0/0
/spttest/cmui5i3znv19,1714242dd7524bdd,1024,0/0
/spttest/39x7r9flsc1r,5fbbb17ca214cff,1024,0/0
/spttest/corjfe7dno2g,172d0cdbcb302298,1024,0/0
/spttest/4064dven80kz,750aa6e311053f3,1024,0/0
/spttest/fbzm14miogdt,1c01f1dfdbf552f1,1024,0/0
/spttest/ccp9gerddu5r,16905b74b28a32ef,1024,0/0
/spttest/45rjd7quqoxz,79956e3193a36c7,1024,0/0
/spttest/iy1pn3601o03,229b4f3f8ff2f7c3,1024,0/0
/spttest/n9bnc4b4spnl,2a7c3bcf823a40e1,1024,0/0
/spttest/mqn65nxf5k69,29899845f1d73861,1024,0/0
/spttest/rjea4hf1caxx,324d888d64cd0f65,1024,0/0
/spttest/ge0xok0tye68,1df003e44d03f940,1024,0/0
/spttest/t34qkqe0hlab,35217d751ae01e03,1024,0/0
/spttest/ji4szytbc2yl,23a0361a56f5f8fd,1024,0/0
/spttest/9phlwkwgmrgn,11bb9d0ffe3d0487,1024,0/0
/spttest/5lp88cnpej2m,a3bf2ee29728d0e,1024,0/0
/spttest/lxt877wfe809,28131747a6983f09,1024,0/0
/spttest/r1gf7q9wz3hr,31647fba5a17406f,1024,0/0
/spttest/dw6h8prfrvqj,1960fad062e7246b,1024,0/0
/spttest/seqmx2jp69h9,33e4a8c1b841ba7d,1024,0/0
/spttest/lj46btyzvl4d,275433ad43d8d7ad,1024,0/0
/spttest/wjxtcfhwgidn,3b76a7139d52b50b,1024,0/0
/spttest/45c09s7cljmb,793bc5e75335e93,1024,0/0
/spttest/49k3j7gs5qbp,7ca9cb5fa572085,1024,0/0
/spttest/upb5xqsizznl,38152ff8a9bfc141,1024,0/0
/spttest/3ylnsmqnsxwv,73c4b3e107c19af,1024,0/0
/spttest/otnltiar47nc,2d57f2b6d0bec2b8,1024,0/0
/spttest/x7s058jdmv97,3cac4c79fbc760bb,1024,0/0
/spttest/s994ph2ubfwn,339d657cc77a9b47,1024,0/0
/spttest/ekcx6w9dqtr6,1a9b0c1b9cb88a22,1024,0/0
/spttest/41fv52kghzeb,7612ba6779c0d73,1024,0/0
/spttest/452bjwts0vt3,7903da1ce169107,1024,0/0
/spttest/t15ovxr359qf,3507dafaae46bf87,1024,0/0
/spttest/qkumtha40w0u,308ccf0792dcde1e,1024,0/0
/spttest/m4cxgwwjdqqr,286822a705dc3ba3,1024,0/0
/spttest/5lrpk3wnldl5,a3cd81f82005f09,1024,0/0
/spttest/mkf7s60kjnt1,2938c9f4db7af345,1024,0/0
/spttest/o02m40axxh8w,2bd7af48c2c6fe90,1024,0/0
/spttest/9r0k9d9zxwhq,11cf71187e90f9be,1024,0/0
/spttest/guuohi6f6ddq,1eca9373bf86303e,1024,0/0
/spttest/vkezmjyq256w,39a93c35f24858c8,1024,0/0
/spttest/6wo3qj2e2v8f,c9e0a185501d09f,1024,0/0
/spttest/41c814mj7j4l,75fdb4060d8e795,1024,0/0
/spttest/jlo145gr1hfm,23ce1db1b8449982,1024,0/0
/spttest/tc8f5ufmpu4a,3597b8f4cefff6ba,1024,0/0
/spttest/isp1w2b879jp,2255cb9b4dc26015,1024,0/0
/spttest/o40vzsuwpsv,13931ea301b089f,1024,0/0
/spttest/2fr8rntdtkgi,473e5c69cc5fdd2,1024,0/0
/spttest/syimmi70ja25,34e58e313f0ed5ad,1024,0/0
/spttest/i4hsgn6egkog,211b6ead2460e2b0,1024,0/0
/spttest/zfzolpee7ou2,40be36585c790f7a,1024,0/0
/spttest/qscib71s5c79,30ee2ee386b43d05,1024,0/0
/spttest/khyc8wk1r4wp,25717e2783f9c299,1024,0/0
/spttest/3isi3sjvny06,66eef1cfd8836e6,1024,0/0
/spttest/1tzknaikdmrv,359238d3c68308b,1024,0/0
/spttest/eygfe1t0lud6,1b5229803529b0fa,1024,0/0
/spttest/hl9e9u2k3xhw,20219b723fcec854,1024,0/0
/spttest/c6bx05k2ir5b,163d9b2e2a5dbbef,1024,0/0
/spttest/5ux7wapk6csc,ab3bc53e4e8be3c,1024,0/0
/spttest/rdha6cyy294c,3200ae401a9b04ac,1024,0/0
/spttest/deeij1crobk8,187a1270b4eccb88,1024,0/0
/spttest/qmo4xt3sbsit,30a471753d34fd25,1024,0/0
/spttest/ylckul385ns,1c156bcc0e305a8,1024,0/0
/spttest/5ppg408qc4l9,a6ffc2c81551c3d,1024,0/0
/spttest/pbkhqre3yecs,2e40a1c586a4882c,1024,0/0
/spttest/urrdcidxaup2,38350363bd52eee6,1024,0/0
/spttest/8zd01wr657m9,10683ad8dab107d1,1024,0/0
/spttest/21h0zchny6oi,3ba5c8549f63152,1024,0/0
/spttest/fdqfp49crl1i,1c189cd2b26e7346,1024,0/0
/spttest/g2ne5oq04p8r,1d5c3f2f93e2c0cb,1024,0/0
/spttest/qki92jjtemlx,30885755ebe782f5,1024,0/0
/spttest/ugpi74z2uh01,37a575466d135f91,1024,0/0
/spttest/lz2t095e23w4,2823893c603a1234,1024,0/0
/spttest/5u2bl9pajp2t,aa89663ac4e23b5,1024,0/0
/spttest/ai8fd7xfo6un,1330fd6b3d927baf,1024,0/0
/spttest/dw89vnmbn75n,1961a0a8c331b6fb,1024,0/0
/spttest/sivcci1hza6w,341a50803fc99358,1024,0/0
/spttest/jpwdnywv65ji,240515de73e8408e,1024,0/0
/spttest/igu7kyt04kic,21bbc8f88bc3f4d4,1024,0/0
/spttest/o31kpmq7rr7g,2bfe47188003717c,1024,0/0
/spttest/2cdsgu5tnm42,4481364fe7520b2,1024,0/0
/spttest/ef1jbnyz6gk6,1a55fe31482d9456,1024,0/0
/spttest/f5xjqzmhh7ie,1bb343be4f42b946,1024,0/0
/spttest/a37grfo32mb9,126dcdc7542cd075,1024,0/0
/spttest/1m6pw6g3tqji,2f3cd89b21fae9e,1024,0/0
/spttest/piy4f8bdhprz,2ea0798c112915bf,1024,0/0
/spttest/advmfjel30qe,12f869bb08074376,1024,0/0
/spttest/vx3ad0q4besc,3a4ddfac64328b9c,1024,0/0
/spttest/sdilzr2ojgk3,33d4c62deae0aa93,1024,0/0
/spttest/osv3kj6xsdbg,2d4da9945c6bfb6c,1024,0/0
/spttest/fiw1srzqdqu7,1c5b95a7ecdf3f1f,1024,0/0
/spttest/j1ekczht2h0n,22c6ea41b89413a7,1024,0/0
/spttest/vsg2vyna8pf5,3a118b002c7718b1,1024,0/0
/spttest/2k1qkw7hc9b7,4aba42fdfb3e723,1024,0/0
/spttest/mxxzfzrailmv,29e86be58a98c407,1024,0/0
/spttest/fltun9a9leg,cab72d0dedd298,1024,0/0
/spttest/5ondgq018ot2,a623f63b8b47096,1024,0/0
/spttest/u37p48srmi91,36f62c10412470e5,1024,0/0
/spttest/2o6zq4bednca,4e17e85055f516a,1024,0/0
/spttest/p48heb3002fd,2de15fab031e2849,1024,0/0
/spttest/83zzk5vjw2h0,ed0ddd622cef384,1024,0/0
/spttest/5tnh9xvbricr,aa33b73f7f5acab,1024,0/0
/spttest/mg69cgeyuvj7,290199a08eef5523,1024,0/0
/spttest/sfayzlezbu9i,33ebff17440778f6,1024,0/0
/spttest/ydlhma20lc2v,3ecb7f83b1699867,1024,0/0
/spttest/kh9cjvemq3a9,256879bae1bd1121,1024,0/0
/spttest/r2e75r34ko1u,3170af94ba6216c2,1024,0/0
/spttest/1ba2jzprds5k,266214e204fbec8,1024,0/0
/spttest/ohquxoyagq1d,2cbd4020df7bb9d1,1024,0/0
/spttest/f0vdnzc596yd,1b71891d3a465075,1024,0/0
/spttest/4nr7c2ey4vnl,88306a312cbf341,1024,0/0
/spttest/adl5a4wp1wd6,12f4a20b760a531a,1024,0/0
/spttest/m5r2qqpemf6a,287a3a980ba8e852,1024,0/0
/spttest/s0upuphyl5dq,3330482a1900647e,1024,0/0
/spttest/8hrwvekz08nu,f83cd96afee9eda,1024,0/0
/spttest/l1sa0k7d43xu,2673175a7241d5f2,1024,0/0
/spttest/gx62acxro8hq,1ee8a96d8fc19ffe,1024,0/0
/spttest/3pz6i5x726it,6cc44b910c1e885,1024,0/0
/spttest/pu6aqe6w98zf,2f324e81e761edbb,1024,0/0
/spttest/8p80geh5xcmk,fe48978b1e3a72c,1024,0/0
/spttest/q72s1kcwlwt9,2fd9e5c957a2e95d,1024,0/0
/spttest/3f0samtz0ew1,63df72d7cebc261,1024,0/0
/spttest/kf06qci02fdx,254b30f818de8265,1024,0/0
/spttest/h7u9lojspzpc,1f734999beb00900,1024,0/0
/spttest/d3z1zwhljl19,17f299eed74eca3d,1024,0/0
/spttest/tbioqu1hrred,358e6ff84fe87875,1024,0/0
/spttest/i71sjxixqrvf,213ca0c9f890289b,1024,0/0
/spttest/3annkxyukhsu,6054544fb0a4d1e,1024,0/0
/spttest/2zncxnmom1db,5764820bb89906f,1024,0/0
/spttest/cu4gfb3fqnbx,1772a839d21ec39d,1024,0/0
/spttest/bdfukt36t1wx,14c655fb98ca30f1,1024,0/0
/spttest/98p6luzrrfnq,10e18764aa550f06,1024,0/0
/spttest/wf4d1tv5z0bi,3b38119004a2fd5e,1024,0/0
/spttest/jgno4coivecp,238d0a11d4e4cc69,1024,0/0
/spttest/v8dndiwihr20,390ce15429d1d538,1024,0/0
/spttest/nl1gfzrjkvet,2b146d8646ae0b05,1024,0/0
/spttest/kupp4arbvmxp,26173c34622c5cdd,1024,0/0
/spttest/bj6sk1ngtmeu,15110105ea93f2b6,1024,0/0
/spttest/ozrh9cux46yx,2da748073381f549,1024,0/0
/spttest/3nl9cuxmh45u,6ad445f906b0952,1024,0/0
/spttest/cjkzu7u2ss2t,16e9be1b328ee725,1024,0/0
/spttest/qps0lb6yzab7,30cccf8c199148f3,1024,0/0
/spttest/n5wmdf0af45l,2a4fd80b1dac3cc9,1024,0/0
/spttest/jvwthmjdfz7s,24532e027f8d5908,1024,0/0
/spttest/dddkkbel4ic3,186cbe09bc1d12d3,1024,0/0
/spttest/63s3fs08ucjq,b26ca5b47312306,1024,0/0
/spttest/1lhsfdmxtp95,2eaced4ef768e19,1024,0/0
/spttest/g0pgkrdj86tl,1d43039d61decb89,1024,0/0
/spttest/y0hdjo98xsof,3e2127414fee1b6f,1024,0/0
/spttest/485qf19hf1v5,7b870a56ac0fc31,1024,0/0
/spttest/irlt91kz2bt2,2247a31406a7cb46,1024,0/0
/spttest/5zehlknrr2tn,aedec82208d7e0b,1024,0/0
/spttest/qe6k7fnrp7wu,30362ff2d93c5b4e,1024,0/0
/spttest/maxovp6198wh,28bd8fe33a2e5e51,1024,0/0
/spttest/k4v5769xjijw,24c77aa0db3a89ac,1024,0/0
/spttest/whuz3h5w3jua,3b5ba63709b1ab32,1024,0/0
/spttest/kufiqj5ibitu,2613902574296a12,1024,0/0
/spttest/55pnbmrq7pmr,96c458b11d24383,1024,0/0
/spttest/v5nmvgm561u3,38e983f41d8b4bcb,1024,0/0
/spttest/hy5mg9op1n2w,20c91b4bae46d418,1024,0/0
/spttest/oxtn74hwvcxi,2d8e157c9c9a5736,1024,0/0
/spttest/ehnrkhhyxt00,1a77fdf653786710,1024,0/0
/spttest/93aflxuww2td,109b42af04ed7e41,1024,0/0
/spttest/aa0etzsnn835,12c62f0c82425fb1,1024,0/0
/spttest/vne7vwn8p1rr,39cfecce357e5937,1024,0/0
/spttest/g7wdtwio6ndl,1da06ff1a0979bd9,1024,0/0
/spttest/kcmmwv6ogkk7,252c52d1446bac17,1024,0/0
/spttest/ppfnx33gwppp,2ef4bd5ebf27b62d,1024,0/0
/spttest/meaql1nq97c8,28e93cd137e1f368,1024,0/0
/spttest/hjg74i99ovrv,200a152b97c743db,1024,0/0
/spttest/onn13n7f79nx,2d09ce03c37247ad,1024,0/0
/spttest/vzdspy93eew4,3a6ba4f99cbb49e4,1024,0/0
/spttest/8ah1sw45eux6,f24f564026b490a,1024,0/0
/spttest/jvkb3mvx71ol,244eaa68dc5dc145,1024,0/0
/spttest/269yzsthxrap,3f8c3209b5ecd71,1024,0/0
/spttest/duym8drwnw5q,1951276aa1b83e8e,1024,0/0
/spttest/5fdjrawyso5p,9e9cc8b9d8eab4d,1024,0/0
/spttest/9fsiucqeuu86,113da8b094e3aa86,1024,0/0
/spttest/sivgs4gba0vy,341a5be0a7a28dfe,1024,0/0
/spttest/u63me8748n7c,371bab5ff8a92778,1024,0/0
/spttest/nufvu4ynwoqh,2b8e897c3f914439,1024,0/0
/spttest/1keo41tt476r,2dcb1665a36de63,1024,0/0
/spttest/qlo4pgu1xcfg,3097739b5529d62c,1024,0/0
/spttest/vydppm3h0k8o,3a5e9fff34b0a378,1024,0/0
/spttest/hj2xl24cp9t7,20054be7ab8279eb,1024,0/0
/spttest/n5hhjtsof6v6,2a4a6225d4446882,1024,0/0
/spttest/wzeuhsnvuct5,3c3fa322ca82d759,1024,0/0
/spttest/ilc6yg9hpwh6,21f63b057fb165aa,1024,0/0
/spttest/aeozwphvhse7,130302fd0e7f9cff,1024,0/0
/spttest/uhi35ud8fdqa,37afc56006486f42,1024,0/0
/spttest/i9r8zuskmtdr,215fcab22aa5623f,1024,0/0
/spttest/3o2j8cpy2urg,6b37ff859c52e3c,1024,0/0
/spttest/hs2m4bwebnvr,207a15ccb5504ba7,1024,0/0
/spttest/3wzdjt1pxygf,7274398fa5019af,1024,0/0
/spttest/ui6ge335ds9o,37b89027d246915c,1024,0/0
/spttest/42j54zturt5u,76f57aa05426e62,1024,0/0
/spttest/ptzvyljmaqo2,2f2ffe655cc17782,1024,0/0
/spttest/jua35965xjwl,243dfd0f4011b005,1024,0/0
/spttest/llppl04bwri6,2775f353af440e3e,1024,0/0
/spttest/i70peb9p6ad8,213c3c52ab9b26fc,1024,0/0
/spttest/gf2ymn2rm6re,1dfdbc507616feba,1024,0/0
/spttest/cpvce8a7c5yd,173b698b76de7825,1024,0/0
/spttest/plgf8lh3vst,14c794a3cf828bd,1024,0/0
/spttest/bsdmycql2jm4,158860895333eccc,1024,0/0
/spttest/6zb25a9dsy7m,cc04cff875d6d32,1024,0/0
/spttest/gfhqfyzha014,1e0310d61a331ba8,1024,0/0
/spttest/3u788wa5wz32,703212ab41a069e,1024,0/0
/spttest/3v5kdetiucbn,70f84cc5a9b9fe3,1024,0/0
/spttest/t14vhk9rcrbo,35078f8c069b5454,1024,0/0
/spttest/qzimj0l894u0,314b50b742cfbcb8,1024,0/0
/spttest/f89cp434l6kw,1bd18094e1860490,1024,0/0
/spttest/hvjlhhqd8s06,20a72e33c6ab64c6,1024,0/0
/spttest/rzevxhct3p1f,331d949bb546de83,1024,0/0
/spttest/ct2dltal8nk5,1764eaffbb6fd645,1024,0/0
/spttest/y4ee4pgiz7kb,3e5408ad28f8330b,1024,0/0
/spttest/mn8us2c7f2le,295d76279c78f1e2,1024,0/0
/spttest/u908lgboll79,37416aa2655fc295,1024,0/0
/spttest/9vypkbm2yt0e,120fb840a179d15e,1024,0/0
/spttest/1fcml0j55e1r,29b027508af675f,1024,0/0
/spttest/pj3map4p1mdw,2ea2753fd8b58094,1024,0/0
/spttest/frswyl52flx1,1ccf5b726af462b5,1024,0/0
/spttest/dm9o9tw50fca,18e03d64314602aa,1024,0/0
/spttest/7ncufp24o2de,df8b01ca5d93e02,1024,0/0
/spttest/crphp1q20onf,17534772dee0b6cb,1024,0/0
/spttest/lrccgsf24r13,27bf106cb1bbffd7,1024,0/0
/spttest/talqt9jwg4nv,35828d1f6f0c979b,1024,0/0
/spttest/8fib0cqnlgeu,f665baa9b492556,1024,0/0
/spttest/l4rttjomndzd,2699e5922dc84c89,1024,0/0
/spttest/lanwn0ek9tfq,26e66adeb6b04946,1024,0/0
/spttest/8riwdxc7w5wk,10027198924c4ce4,1024,0/0
/spttest/9w9syfoojqme,1213b901a04af586,1024,0/0
/spttest/8yh2mroe2mal,105cb5ae7a2e3b5d,1024,0/0
/spttest/1tinnt8vhwvk,3530906a907efb0,1024,0/0
/spttest/f9qlcqhg9qin,1be4b64eec05827f,1024,0/0
/spttest/7uihvw15x200,e55a6eadc771160,1024,0/0
/spttest/fdbtsp2snudr,1c135779b4846d8f,1024,0/0
/spttest/y89n9f9nxtb3,3e86474a54f27d9f,1024,0/0
/spttest/aj4lvuvuie9d,133c99ecfbaa72b1,1024,0/0
/spttest/wiexhs9gv5or,3b62d977d241028b,1024,0/0
/spttest/5n75d79i39v5,a4f6776b7b31ab1,1024,0/0
/spttest/9frrodsqy34t,113d62fcf1fd5e5d,1024,0/0
/spttest/e1lj02ozmkqh,19a75b2313e59579,1024,0/0
/spttest/fonqaodru8qt,1ca684bc9a51d6c5,1024,0/0
/spttest/uvrvgjpg0htx,386926e36ae19e45,1024,0/0
/spttest/e7yp7yh3zlld,19fa0b6bcc2fff11,1024,0/0
/spttest/x8xvfdmv8r8z,3cbb67d6296762f3,1024,0/0
/spttest/fodqxak8o65o,1ca2eaaa8bbded2c,1024,0/0
/spttest/mk6nqw76jcsy,2935b39aa8c58992,1024,0/0
/spttest/1ynz2l4xlu2h,395e66d72afac79,1024,0/0
/spttest/ows3srird19m,2d808a16a0c57aaa,1024,0/0
/spttest/jrzfh2rqzx77,24202a20a06e98d3,1024,0/0
/spttest/ig9a8py0x1q5,21b43c0ff589defd,1024,0/0
/spttest/dvrcdlmflo9h,195b84cf42d78515,1024,0/0
/spttest/rqy7blkmo6by,32afa5862881ec0e,1024,0/0
/spttest/dy98zw6gk1xz,197bf546f538eed7,1024,0/0
/spttest/a0ppmdwnge5g,124d6b5e77d7f2a4,1024,0/0
/spttest/gklqcr54tks0,1e45745d15e07670,1024,0/0
/spttest/solhvtnbzk12,3464b290a36b8726,1024,0/0
/spttest/tcbbbid31x6,17d21e4fd3c517a,1024,0/0
/spttest/ffxgb6a7w94p,1c351f7c763fe539,1024,0/0
/spttest/un6xxnkam347,37f9af73c61e8347,1024,0/0
/spttest/zwqbfhp1ayub,4197a698e92443e3,1024,0/0
/spttest/28xk2fztdoi7,41b402e28bbd64f,1024,0/0
/spttest/fge3z85p7yet,1c3b221af761d6f5,1024,0/0
/spttest/bi8qgvcbdty7,1504b7251e0463df,1024,0/0
/spttest/b1v1pz9ymj5i,142ff2c13927a076,1024,0/0
/spttest/r7wcdj07gzf4,31b82de046f2ee50,1024,0/0
/spttest/bhp7ko9m9m53,14fdabab680bf257,1024,0/0
/spttest/u0vug56fjo4d,36d7eacee24797dd,1024,0/0
/spttest/gq2awv660tza,1e8c6149ca9725c6,1024,0/0
/spttest/63k5iro6smtf,b23ecc15db9b883,1024,0/0
/spttest/elyz8cl7b0sz,1aaffeb37acc73d3,1024,0/0
/spttest/fm5g186qut0,cad4ec8a721474,1024,0/0
/spttest/3wfgf080bj1t,720139681cf1531,1024,0/0
/spttest/nifkgkg71o5r,2af28d36bc40178f,1024,0/0
/spttest/6yatkbvhesop,cb339b8bd6fc5b9,1024,0/0
/spttest/x0oehtmpp97j,3c5013064071dbdf,1024,0/0
/spttest/mittidb7qhvs,29241458eed0a008,1024,0/0
/spttest/x69quxnk2yb3,3c98b8c3dc11fa2f,1024,0/0
/spttest/mh5xhy6309dc,290e787c6ab44a70,1024,0/0
/spttest/72y9tl9t7eby,cefa4ee4526d54e,1024,0/0
/spttest/w8vbwziqvo6w,3ae6dfcc0c1e9e38,1024,0/0
/spttest/5zcznscfebqt,aed621d1baad1f5,1024,0/0
/spttest/isaorrdrbeib,22509cca11eddd33,1024,0/0
/spttest/5lg9bp89i9cd,a38b66bae1718cd,1024,0/0
/spttest/5tonaoh1hrvo,aa3a744c44a2c64,1024,0/0
/spttest/y712jgjbhbmk,3e7631ebe3a62c1c,1024,0/0
/spttest/sajel8puc0fd,33ae17c864312f29,1024,0/0
/spttest/gurjv0jbuo2c,1ec9727b3b12ac54,1024,0/0
/spttest/5888wer3pyrl,98cf60c20d18b41,1024,0/0
/spttest/3pch01h6ft0m,6c4132f6df9faa6,1024,0/0
/spttest/8q7f9hcnxe90,ff1505a7f903d64,1024,0/0
/spttest/7fhees2ksman,d926ac80af97bdf,1024,0/0
/spttest/g7wc4gymwk0j,1da06b90c33acb53,1024,0/0
/spttest/n05kh4ie2h7a,2a0522f3308e9996,1024,0/0
/spttest/rjl4o0uklcya,32500120c0ed00d2,1024,0/0
/spttest/quba1oqvwqxu,3107b7d47d243762,1024,0/0
/spttest/qz6rru4ge93c,314709c128466588,1024,0/0
/spttest/gyn5lokxlbyf,1efbd173003780c7,1024,0/0
/spttest/vad665s9mdzb,3926afb2f28b5947,1024,0/0
/spttest/v6p7suc3uj4s,38f71345fbc02f5c,1024,0/0
/spttest/afg0j7hbs3uc,130cc288dddb0174,1024,0/0
/spttest/ielusbzt6leh,219ecaae69870ad9,1024,0/0
/spttest/r228jxgjzceo,316c5ebcfefa2c90,1024,0/0
/spttest/spn3yranhcpt,347244d8ac9e69a1,1024,0/0
/spttest/cs42cca2h6yb,17588994777ba773,1024,0/0
/spttest/u2ku0ypvtr33,36edec3066b7d15f,1024,0/0
/spttest/zm36r5k777oa,410d6990100b699a,1024,0/0
/spttest/17pn2wglt9zp,237ca771e82ccd5,1024,0/0
/spttest/x7gjt0zgsvao,3ca82a80c8c34970,1024,0/0
/spttest/cdkwtf26jv2b,169bc6cfc0fc6203,1024,0/0
/spttest/venb9ircbp23,395e4d7a0e718b9b,1024,0/0
/spttest/4fjcxpypcisu,81848026d0a3b2e,1024,0/0
/spttest/qxlkj9nf5316,313266318937199a,1024,0/0
/spttest/u4h6j0iuvips,3706954e311f9680,1024,0/0
/spttest/qugx2c1yfspz,3109c0bafdbf8527,1024,0/0
/spttest/s8vllqdzx2m,16ee736a3c1f72e,1024,0/0
/spttest/ipcxbzfp86gx,222a73b9296317c1,1024,0/0
/spttest/39u6cwzx03oa,5faa26665cd3f9a,1024,0/0
/spttest/km6d1cnqt3jy,25a858279aebcd3e,1024,0/0
/spttest/syylblf56imd,34eb50bda90a74c5,1024,0/0
/spttest/cfv3qdt009qj,16b96ec069da154b,1024,0/0
/spttest/krrvk02h66ob,25f10daf4fa5604b,1024,0/0
/spttest/ofzqpa576zvp,2ca67a11065e7625,1024,0/0
/spttest/ua5957fyvv9e,37503723e13b5e02,1024,0/0
/spttest/ggpo644s9s91,1e12eb34750ce345,1024,0/0
/spttest/80sar3wm8c1c,ea71fd6c6b634f0,1024,0/0
/spttest/5vg3665yg45q,aba8b32f95aef0e,1024,0/0
/spttest/f1ukxr3sucwd,1b7e3ca8d99c14cd,1024,0/0
/spttest/l1ugjjoc5oko,2673e0d66dfbe7a8,1024,0/0
/spttest/4qbkrq6zxier,8a45afc96511673,1024,0/0
/spttest/jwva4rwanxew,245f9d3b7fab82e8,1024,0/0
/spttest/7ogemzhnoljj,e06f64f00ea8e0f,1024,0/0
/spttest/2kt5gubxz0ic,4b58853d86c9a54,1024,0/0
/spttest/gc9k8rt932dw,1dd926365f9e1bd4,1024,0/0
/spttest/m5zy2o8soqfe,287d6dedf8b857ca,1024,0/0
/spttest/tm9ygo8ptm2y,361a2b69d8be6e0a,1024,0/0
/spttest/chdflvdsbblu,16cd091ac4c12f82,1024,0/0
/spttest/nk9nsmqezqph,2b0a6613300a47f5,1024,0/0
/spttest/xw2v9q7vapku,3de7f62e0afb7afe,1024,0/0
/spttest/uyb9ko7s2fg6,388a209d08c552b6,1024,0/0
/spttest/k280o0eknwpc,24a52804319c9150,1024,0/0
/spttest/jvpgk04fglj6,2450863f0d97d002,1024,0/0
/spttest/lju0xslxmpqe,275d876bf44160c6,1024,0/0
/spttest/kz87aona1ham,2651de7fc89513ce,1024,0/0
/spttest/r1973a2cg4jp,3161e44e8960af05,1024,0/0
/spttest/sbmsj9g9q5f2,33bc4dec93bdd6ee,1024,0/0
/spttest/nkcqn1ygsn38,2b0b827ac3390be4,1024,0/0
/spttest/iatrryuu5ozj,216db0e0800403bf,1024,0/0
/spttest/bor4lgzqs5ml,155949900b0f117d,1024,0/0
/spttest/9cxqkl2pb8zn,1118929743055343,1024,0/0
/spttest/wfjzpdjx0vno,3b3db53631af9d44,1024,0/0
/spttest/9yqiy42jcm4,816fe4429e389c,1024,0/0
/spttest/x6g1ff4goqzc,3c9afe17a76eee98,1024,0/0
/spttest/dg113a1ciprl,188f2f6cd191e2f1,1024,0/0
/spttest/e7w3hnfql3it,19f91aed9ed8ab15,1024,0/0
/spttest/hruuos5ug0a,e6de77bbeec18a,1024,0/0
/spttest/pr70ov1ldvkf,2f0b9956a5a3aa0f,1024,0/0
/spttest/c9w6dzqhuskb,166be264ca7cb51b,1024,0/0
/spttest/5k4p2wnqhjwr,a278d2bb993150b,1024,0/0
/spttest/dgsqpyljsngi,18992f20fb892cc2,1024,0/0
/spttest/sydlu1tvtfky,34e3be52b9c79722,1024,0/0
/spttest/c1cneoelegly,15fceca467417896,1024,0/0
/spttest/lsglrwkqmmx5,27cd9709dfa70789,1024,0/0
/spttest/bbj2umh8rqks,14ad85cccb3a8b4c,1024,0/0
/spttest/x8qbnyb6roj3,3cb8ae8de5dd66ef,1024,0/0
/spttest/xjjzlg8cm29n,3d4547337c43a0fb,1024,0/0
/spttest/lrqct9jvgr37,27c41e781b296823,1024,0/0
/spttest/j4gt55w2q66x,22eeb14c4649f3d9,1024,0/0
/spttest/obhtudsqogp,13be3f522a90e59,1024,0/0
/spttest/ukofrb8rgvnx,37d907ac9d2a8f4d,1024,0/0
/spttest/dr4uwaljkg5q,191f72d45f0195ce,1024,0/0
/spttest/v9iigho08ib6,391b9fcf24837eb2,1024,0/0
/spttest/qshnlv3cjk62,30f00a51b8ea94da,1024,0/0
/spttest/mlpssk5ype92,294998ce1c2aea66,1024,0/0
/spttest/ur1qx9ch2tuc,382bc4a639413494,1024,0/0
/spttest/hq2ej8grf39g,206007d27a963944,1024,0/0
/spttest/u5t6qscwyxdy,3717e788fb6eed86,1024,0/0
/spttest/czwg7oaqje2c,17bdb446b96fcff4,1024,0/0
/spttest/lwesvsu92pyr,2800e591332b50f3,1024,0/0
/spttest/utq68g2ds8bw,384e8f48def78e2c,1024,0/0
/spttest/wuho7nllhx05,3bffb5d6eb709a55,1024,0/0
/spttest/nn1o39znw9oj,2b2e7ba870472c03,1024,0/0
/spttest/155oao484rau,2169bb4d92efb36,1024,0/0
/spttest/x15scce5vtcb,3c5658d0a68b834b,1024,0/0
/spttest/cxilj618hvz,a7f6f3981ef58f,1024,0/0
/spttest/s94b2tp9uphm,339ba7fe1062d98a,1024,0/0
/spttest/5ce7ltqsumu6,9c311f6b237231e,1024,0/0
/spttest/2gjcg3ye4njw,47e0986c54d163c,1024,0/0
/spttest/xf158s711fi0,3d0a85ab60c5e1b8,1024,0/0
/spttest/7p3idt64x86y,e0f4c632a5a13ba,1024,0/0
/spttest/dxlm3qj59paa,19736e1186dd9942,1024,0/0
/spttest/p0yjyxds3lp2,2db6d2d109ab1096,1024,0/0
/spttest/85wkgnvdj8f4,ee99c824c072a60,1024,0/0
/spttest/runhsiw6boks,32dfbd5d4de1b72c,1024,0/0
/spttest/7pmcbc07l8up,e1617d00fb80711,1024,0/0
/spttest/4tzicv3q6b7p,8d3f5675c4ab445,1024,0/0
/spttest/d9y9oj8zkkjx,184040d23949f80d,1024,0/0
/spttest/iuv4l3b3jj1s,2271f73eb2384630,1024,0/0
/spttest/gmqlds8ndmzu,1e612ff67ab84caa,1024,0/0
/spttest/bvw6grfjqqe3,15b608ff32ca471b,1024,0/0
/spttest/85tr4boqs1dv,ee8987c401b6003,1024,0/0
/spttest/cte5aexu2nht,17692a1445204571,1024,0/0
/spttest/6jzwl157hbiq,bf96fd2fa7b3f92,1024,0/0
/spttest/b2rz2kxj19a4,143bd41b890fbc3c,1024,0/0
/spttest/fdv76mzoxgfj,1c1a54d225f7356f,1024,0/0
/spttest/fhz5b5q9cxfr,1c4fb682eaed9547,1024,0/0
/spttest/78uuk7ahcapd,d3c5835e3734a31,1024,0/0
/spttest/5vg4x5q3oexy,aba8fb038e87ca6,1024,0/0
/spttest/ubq3codopkv5,3764b944884321e1,1024,0/0
/spttest/h588rf35mxkb,1f515cd431bb146b,1024,0/0
/spttest/ljvub02nbdbn,275e2f2395819733,1024,0/0
/spttest/7pyr0tolehq7,e1a91f82c3bb63f,1024,0/0
/spttest/i118q58g5rf2,20ee7e60327d1a0e,1024,0/0
/spttest/iucbhl804h1y,226b2df58c21df56,1024,0/0
/spttest/8l14kqb9dtpb,fae187041d22c9f,1024,0/0
/spttest/f77y2ay8n495,1bc40168f2686549,1024,0/0
/spttest/e37xe03q4cyd,19bc6d68a3a1e095,1024,0/0
/spttest/107v7apny4s1,1d673e1212527b1,1024,0/0
/spttest/f01hlwyuu14n,1b66c02ecbf24737,1024,0/0
/spttest/5vj65w61hlmd,abba7fb3d6140b5,1024,0/0
/spttest/c4545369v6bl,16212c66bc2922c1,1024,0/0
/spttest/tckxw27emnax,359c3d6d82288979,1024,0/0
/spttest/eqla3mixgt92,1aebffb75edd6116,1024,0/0
/spttest/o3czq97056md,2c0265ad784b3cc5,1024,0/0
/spttest/1wn5n15h9kf0,37ba065ce37849c,1024,0/0
/spttest/6mniyyu61is2,c1bf03f674cb352,1024,0/0
/spttest/5bhsqv1j2aqx,9b7600d53a8a9e9,1024,0/0
/spttest/splb709jf5ee,34719ea887c44016,1024,0/0
/spttest/4o7prvi0cumm,888fbd6f4515e0e,1024,0/0
/spttest/bqg6ppstkhlt,156f5175a5629321,1024,0/0
/spttest/ukqaw1ync08b,37d9b3eb7958db2b,1024,0/0
/spttest/ghsfsbujx5ej,1e20e80ebc71749b,1024,0/0
/spttest/h8qolku1bzo1,1f7efbdd1de9e251,1024,0/0
/spttest/mgr7mo5xjk9p,290928f4ee76e25d,1024,0/0
/spttest/7638sp6w5p94,d1867e9b0639718,1024,0/0
/spttest/78gj5xdicpph,d372dd064fc0325,1024,0/0
/spttest/wkm2zxnbwv35,3b7f68ae82f3dc61,1024,0/0
/spttest/wnei6qkta705,3ba3a47a449a6ef5,1024,0/0
/spttest/33gexedemrj1,5a7bbb0b92876dd,1024,0/0
/spttest/3takkedxsg4q,6f7589fc21835aa,1024,0/0
/spttest/2bhrkvq7jakp,43c85554964bb49,1024,0/0
/spttest/3b9cl3myi99d,60d19288bf6e961,1024,0/0
/spttest/abjllwgt4wvj,12da18af98e33c6f,1024,0/0
/spttest/sg5xub8xkqdy,33f72b906a87d396,1024,0/0
/spttest/fntq202lab0r,1c9bb11236f1534b,1024,0/0
/spttest/olzo87fzf990,2cf46342231aeb94,1024,0/0
/spttest/8l6fci7r3u93,fb001eac9c252e7,1024,0/0
/spttest/fla49papbjkz,1c7aa3a9a48828e3,1024,0/0
/spttest/19sscgrzynfu,252e7981620fa2a,1024,0/0
/spttest/f5inkw6800sm,1bade40c661ae406,1024,0/0
/spttest/urmokyb6w3zg,3833525fac72ce2c,1024,0/0
/spttest/7m5d1kzuzujw,de8ffa73e2b4f6c,1024,0/0
/spttest/m0udnjkiqtt1,283a796923202b65,1024,0/0
/spttest/aj7lujntvxhk,133daeefdc1d6448,1024,0/0
/spttest/iyshycdy5bkw,22a4f977809fbfe0,1024,0/0
/spttest/u1y5mdz1nbdc,36e5bd7853b8f650,1024,0/0
/spttest/3vgdts68zaak,7136c0e22d5fedc,1024,0/0
/spttest/b584g8brxjdi,145ba2508e816756,1024,0/0
/spttest/1tbrzk9resmv,3508d8c87f54777,1024,0/0
/spttest/h83jc38t3nq5,1f76a1e3936627dd,1024,0/0
/spttest/ak0je6z4j0mh,13481f51a6cd59e9,1024,0/0
/spttest/oljhoz5qidee,2cee8c99e7eed256,1024,0/0
/spttest/nnn51ldaf1a,13348bf369d5b9e,1024,0/0
/spttest/vmxy0m47e4vw,39ca0d975ef9673c,1024,0/0
/spttest/vc2xs52dqdi3,393cf90129c88bdb,1024,0/0
/spttest/teq8ypgvj5iv,35b82231d5cf71b7,1024,0/0
/spttest/5fbfpd4n2rd8,9e9096857ad0e0c,1024,0/0
/spttest/mi23gy56y56t,291a1397d8a668c5,1024,0/0
/spttest/e9jj8926zy2a,1a0e8d0983213532,1024,0/0
/spttest/4tpvnuo3izxj,8d07bdc12686967,1024,0/0
/spttest/2kbq97j3e5wt,4af3f095dc0d46d,1024,0/0
/spttest/8oz5m2ydkld,70ed181d2bf381,1024,0/0
/spttest/myzuixhkqd9f,29f615452fc3cda3,1024,0/0
/spttest/mw42uhzys0jg,29d0a452ebed4fbc,1024,0/0
/spttest/j4dtg8oq72od,22ed9cfb952c434d,1024,0/0
/spttest/iz80415h6x5f,22aa919477c5e253,1024,0/0
/spttest/a2dh4maa4y6u,1262fbabc5b79816,1024,0/0
/spttest/cg9f06zviyjx,16be98d472d9ca6d,1024,0/0
/spttest/qp0usya5u0vk,30c302c12efd0cf0,1024,0/0
/spttest/dxpuaxjrrlno,1974f4949c035d64,1024,0/0
/spttest/tbnno47tj2h7,35903b0d3e048c4b,1024,0/0
/spttest/cquy6ny3t03c,1748425763c540b8,1024,0/0
/spttest/tqwmieue41gp,36564e3e96924669,1024,0/0
/spttest/c5hja7stmycp,1632a4ede2507469,1024,0/0
/spttest/s4iz89g13vfp,336000d49e1b32e5,1024,0/0
/spttest/42f6vnwu3l99,76deaa85f2e1c5d,1024,0/0
/spttest/riq9405g83ao,3244dd1d51ef06b0,1024,0/0
/spttest/puzt13uxla5d,2f3cf42256008fa1,1024,0/0
/spttest/fdhpn9coawk7,1c157708c3aadb57,1024,0/0
/spttest/p3wsdf623ikt,2ddd2768d85ccacd,1024,0/0
/spttest/s45ezd6bc7tp,335b1c17f85b059d,1024,0/0
/spttest/a1kggfintoe5,125883449dc80fbd,1024,0/0
/spttest/mqh1fcic7qzf,298761ecc9d8185b,1024,0/0
/spttest/b2mgsdm1y7hi,1439d75ae286e366,1024,0/0
/spttest/525ekbq1hhbq,93dffef8b0f6af6,1024,0/0
/spttest/3elchkpnlx2i,6386518a0c695aa,1024,0/0
/spttest/4f8imy3u178d,8145e95eced44dd,1024,0/0
/spttest/pfidwd7iwg0q,2e73d432cc9fb71a,1024,0/0
/spttest/napj635mpoea,2a8e3b87977501c2,1024,0/0
/spttest/19gi027s6gvu,24e78a21c2cd2fa,1024,0/0
/spttest/t1sgj6n31dal,351012037a7bb88d,1024,0/0
/spttest/iwr8g5a20kcz,228a8a3232316113,1024,0/0
/spttest/lwcgv7m8ig0g,28000dffd0477190,1024,0/0
/spttest/cy1udinworn2,17a5abf104c4ddee,1024,0/0
/spttest/7r5ga442m05p,e29fa3e088c3c4d,1024,0/0
/spttest/m869gmqse9uu,2899afdef6fccd66,1024,0/0
/spttest/dkzenxpcdegi,18cf8bccbae9ea72,1024,0/0
/spttest/ryn9jblixdv0,33139d358fadfa6c,1024,0/0
/spttest/qjhmdgrruic3,307b1fd826fd3f53,1024,0/0
/spttest/w607liqxfbto,3ac1aac9a9deb29c,1024,0/0
/spttest/errxv4bc98i7,1afb6427b3222b4f,1024,0/0
/spttest/xgakksxwzfxv,3d1ae995783b3f73,1024,0/0
/spttest/62erofzj5nyb,b14fe24128a5783,1024,0/0
/spttest/u3oth4mv0rym,36fc59814a90a48e,1024,0/0
/spttest/mv3w7vteh930,29c3960f822a5a3c,1024,0/0
/spttest/mlynev3swjys,294cca50716e2514,1024,0/0
/spttest/bv08dp0m5z7q,15aa822046e1e786,1024,0/0
/spttest/5clbq8w6whsl,9c5a31e9c4f6815,1024,0/0
/spttest/srkz4kd8xlad,348b7a3556888605,1024,0/0
/spttest/7x8fgavi9fn5,e78fcc33da78571,1024,0/0
/spttest/4f82etzersvt,81434f46afd54f9,1024,0/0
/spttest/ihivhv6q8ge,f0214f68161f4e,1024,0/0
/spttest/2z2kkuznqz3l,56ec8025351f731,1024,0/0
/spttest/bv5go96isxsm,15ac653f07835416,1024,0/0
/spttest/lqt5dfobgmtg,27b8233a7b595284,1024,0/0
/spttest/7j4dda4rnbae,dc1ac593ebc03e6,1024,0/0
/spttest/cv0in603qn5f,177e39b38753fab3,1024,0/0
/spttest/rb9lyasckgh6,31e3ef0184302c6a,1024,0/0
/spttest/rz51b5wfm0ba,331a06bad811aa16,1024,0/0
/spttest/gdrfue5d4d8p,1dec96cf3b3edd09,1024,0/0
/spttest/vhxoidlke63p,398902ea739a6e65,1024,0/0
/spttest/m9x9rqemhc1t,28b06bdc898a8541,1024,0/0
/spttest/h7t0dvzi3cb4,1f72d595b6244f10,1024,0/0
/spttest/q5b0kw88qmtf,2fc2e41f77501e03,1024,0/0
/spttest/oq6jndvmbf7k,2d2ad31da8ec63c0,1024,0/0
/spttest/cifeam6r2wni,16dabbbad439c4ce,1024,0/0
/spttest/uiw6c26lhyny,37c1d7ed7c55f6be,1024,0/0
/spttest/nf9kmwxe3has,2ac96bafbe5bec54,1024,0/0
/spttest/9j57yp7qr782,1169355552004352,1024,0/0
/spttest/4cr5of6wjq09,7f4208fdcbaf269,1024,0/0
/spttest/t4gdoppcpj8j,3532ae0fc5eb4da3,1024,0/0
/spttest/36rm8ocbutoh,5d2be4680cd0cc1,1024,0/0
/spttest/fyoy2534c3cd,1d28d9971598dbed,1024,0/0
/spttest/oeifgm38566c,2c933db54e270284,1024,0/0
/spttest/viw2rpurwbwu,39956c05d3e5874e,1024,0/0
/spttest/o0kf3d4gs3iw,2bde1be7fd0630d8,1024,0/0
/spttest/kdon2ze46264,253a093f22c27c7c,1024,0/0
/spttest/puv5kp259lrm,2f3b467a7c82d372,1024,0/0
/spttest/dk9rs0nledka,18c64bdf1df72d2a,1024,0/0
/spttest/8lu2isn4lb31,fb889d918eaab5d,1024,0/0
/spttest/wi93uo01kkcs,3b60bf924744450c,1024,0/0
/spttest/e6t41jqwbwgv,19eb09fc20f5b11f,1024,0/0
/spttest/zdjhktdjiqae,409e63ea7a5d6c96,1024,0/0
/spttest/h3lxyunb0802,1f3c53c6e2ac2f82,1024,0/0
/spttest/e5zl01u1dz3e,19e06272ff12dbea,1024,0/0
/spttest/o8ojhbuvql9b,2c4782b102f7951f,1024,0/0
/spttest/jnhylcds6d5l,23e5e786b4127819,1024,0/0
/spttest/hi9rwvsfvcrk,1ffac6ac87eaa160,1024,0/0
/spttest/nk1d46xp7fn3,2b0767bab7d987ef,1024,0/0
/spttest/dua5pk7iq6xq,1948542f4a88f39e,1024,0/0
/spttest/bgl678mz0qew,14ef396aa611e0b8,1024,0/0
/spttest/fg9t8155zeha,1c3995094ab09d0e,1024,0/0
/spttest/n6r339lmv7wd,2a5ad5fc50fad3bd,1024,0/0
/spttest/u6pnuvo1o41z,37239f3a94139b87,1024,0/0
/spttest/m8lkoabiqdki,289f3629eed9c532,1024,0/0
/spttest/uerlinaq4qkw,378c3c0407f41190,1024,0/0
/spttest/usj9zyug2gxs,383f151bedb2ea40,1024,0/0
/spttest/pycqvrj2dc4o,2f68972ddb715ca8,1024,0/0
/spttest/kw6j91noqn0o,262a4caa44991b08,1024,0/0
/spttest/v623nq6c1aqf,38eebc2d125eb097,1024,0/0
/spttest/lrivjdlvpo14,27c16b918565c8e8,1024,0/0
/spttest/5zdw7m2myoyl,aedb5a1bf64f0dd,1024,0/0
/spttest/9pnc2ms79jyy,11bdae0ba1e4045a,1024,0/0
/spttest/jjajq6x45sud,23af45c7c491a945,1024,0/0
/spttest/p9vlgtj45hjf,2e2aa8dd0aee680b,1024,0/0
/spttest/nsa9bc9qp3jt,2b728757fdce7c39,1024,0/0
/spttest/l5byh5kzh5ti,26a128e1b0dd9ab6,1024,0/0
/spttest/n6odyukyuj8k,2a59dcca29474ee4,1024,0/0
/spttest/wiz8j94xrfs0,3b6a2d29451629a0,1024,0/0
/spttest/v0mz0eepvhxp,38a854716e39fd8d,1024,0/0
/spttest/i53pyogojm1o,2123585da2224e5c,1024,0/0
/spttest/vxsn93gr42bm,3a5705f47b058fc2,1024,0/0
/spttest/twpvqo7ybtx2,36a1cee351c94a36,1024,0/0
/spttest/2kkk5jfuzwan,4b26eb1ce53783f,1024,0/0
/spttest/36epvaclp7vg,5ce16cc123d391c,1024,0/0
/spttest/dfknyo8nxl41,188947d9897f8021,1024,0/0
/spttest/lrhxx3ywd1gc,27c1154f7c5fa09c,1024,0/0
/spttest/njvnkbhrkohn,2b055853bebd47fb,1024,0/0
/spttest/tr82vwejccp0,365a704f1ac27644,1024,0/0
/spttest/wr5hafv84lbw,3bd457e3711f98fc,1024,0/0
/spttest/15xl8td196jm,220ae300e1a4e62,1024,0/0
/spttest/uo5id1rlm7kz,38062862a7c7a0e3,1024,0/0
/spttest/q4wqkb2x3o4h,2fbdbd448ef255e1,1024,0/0
/spttest/5ir56ngm9fuo,a15ac13feb5be80,1024,0/0
/spttest/83rj72sj8nmc,ecdd0e7c437ec94,1024,0/0
/spttest/r14k28k6j19j,316037bf1be52327,1024,0/0
/spttest/8hxqy6q4uxoc,f85e89a047e11fc,1024,0/0
/spttest/pyorhf7lkn89,2f6ced2441f29399,1024,0/0
/spttest/tdmrwsl9aumf,35a9e414194e9687,1024,0/0
/spttest/w0he5kmpagj5,3a79ee54d408c331,1024,0/0
/spttest/myzz4u9p31k,12a64799081bca8,1024,0/0
/spttest/p3wkskd32y41,2ddd13f66f699031,1024,0/0
/spttest/hptw6j7te3cp,205cf5c970937179,1024,0/0
/spttest/7v1sriqhxc9p,e5c9dd3854ff55d,1024,0/0
/spttest/4ynecuvhh8dk,91089014132b1a8,1024,0/0
/spttest/1xv8z0c3hz8e,38b8926beb01f9e,1024,0/0
/spttest/97xkhx1rchqy,10d790b8ef22d3da,1024,0/0
/spttest/vkk7fhczt6hy,39ab1e12fc224926,1024,0/0
/spttest/1mr1p1b5gtz1,2fb232edd517cbd,1024,0/0
/spttest/bkysqy5y0oy5,152819152743b44d,1024,0/0
/spttest/7e7blj4jki9d,d81caa048308c71,1024,0/0
/spttest/yhbtvr7k3srt,3efbf852e0c73469,1024,0/0
/spttest/xg1yzc598cr3,3d17cf39fb4f4f8f,1024,0/0
/spttest/u1k559nh56o5,36e0af182e4fee05,1024,0/0
/spttest/ro48bve62zzr,328ada8c6d9890b7,1024,0/0
/spttest/9okxxai6ydac,11afd3c0259fa5c4,1024,0/0
/spttest/71y5gxyzhzq6,ce29c826d79aa1e,1024,0/0
/spttest/ba0r7k06qd48,1499ec0c0ee88ae8,1024,0/0
/spttest/wikja5zrakxx,3b64df36aa0cbf85,1024,0/0
/spttest/3n7xbm8xefy9,6a874b550b24941,1024,0/0
/spttest/p8k9ysw73j7m,2e19960c5b4dab02,1024,0/0
/spttest/cg51ahbkalk5,16bd042b4900bba5,1024,0/0
/spttest/8kisoehurhfi,fa77b484c8632fe,1024,0/0
/spttest/6pgdihrycfi7,c40536fe6ad177f,1024,0/0
/spttest/v1fzw94kzirq,38b2cd6471d2fdc6,1024,0/0
/spttest/lxawtum5d39r,280c7b799d3caecf,1024,0/0
/spttest/svsa69wst9bm,34c212288f8e0072,1024,0/0
/spttest/nmu3npat9iwv,2b2bc0a78fb3bcff,1024,0/0
/spttest/xol56hw6glmz,3d86a42e92d8a78b,1024,0/0
/spttest/xgay8b3d45nw,3d1b0c9d3f91beac,1024,0/0
/spttest/20qzk5dghko9,3b0f74c22a436e9,1024,0/0
/spttest/48h0jhcfucuo,7bc82abede88b90,1024,0/0
/spttest/xfi50q2l8umv,3d10a75aedba6a17,1024,0/0
/spttest/6d92mny493nf,ba1d1da3250b6bb,1024,0/0
/spttest/ya3t9qcp9ko2,3e9e2702d1e819e2,1024,0/0
/spttest/rnq0tg23130i,3285ba1e91793082,1024,0/0
/spttest/iugfleldv2ph,226ca9f79d2fe075,1024,0/0
/spttest/nauzif624oy4,2a90334d6e23e14c,1024,0/0
/spttest/pssoi3kf9fd6,2f20676cd281a50a,1024,0/0
/spttest/cjco4v2cek9b,16e6bd212d07220f,1024,0/0
/spttest/h4qz2ju68do9,1f4b21b44db4a539,1024,0/0
/spttest/4jzb1y1sku7n,851fe19099c75f3,1024,0/0
/spttest/w5evko5wjfbl,3ab9f83466b4a851,1024,0/0
/spttest/bpwu4a40ox7,983b4825cd2a2b,1024,0/0
/spttest/8ktgdi2w765m,fab53c44b8ae2ea,1024,0/0
/spttest/2qjnr39u4je1,5000b199ac4cd29,1024,0/0
/spttest/2r1bz4kykjpl,5066b830108d2c9,1024,0/0
/spttest/j60s0vdfgri2,2302e30c3ec5a23a,1024,0/0
/spttest/mhmbz5sae36l,291463868b85519d,1024,0/0
/spttest/vzeezedaw8zs,3a6bde187d3d3388,1024,0/0
/spttest/oueu01x8zfwv,2d61c5a6410a774f,1024,0/0
/spttest/1resv31nz08i,337aa63062bf6f2,1024,0/0
/spttest/290dja82swlb,41c4486556f55ff,1024,0/0
/spttest/kyfgv0o9wkr2,2647805c86b2fa0e,1024,0/0
/spttest/8eujxyo2qitu,f5dc9c011b6e3d2,1024,0/0
/spttest/h34jn566m1t,ddf221dbccdf21,1024,0/0
/spttest/5s15l2had5iu,a8e30194070eb36,1024,0/0
/spttest/n8zyvl7g0pd6,2a780500bf391c6a,1024,0/0
/spttest/oeeapvmjne8e,2c91c011107ae2ce,1024,0/0
/spttest/vzrzuah9jw6h,3a70c466755ad6a9,1024,0/0
/spttest/iyz6n9tcdvf6,22a7630823835052,1024,0/0
/spttest/ujzi4cgewogu,37d0088759c411de,1024,0/0
/spttest/aa044w8ez9ry,12c6139a27d40a3e,1024,0/0
/spttest/um0grvqbkwy5,37ea5bf4cd6126cd,1024,0/0
/spttest/ig74q928yshl,21b3752e3ce524b9,1024,0/0
/spttest/x9q0dwdpoohk,3cc58edef00fdef8,1024,0/0
/spttest/loiq37e6t2qs,279a65d111d9a124,1024,0/0
/spttest/2gcj39jc1e2g,47b93fe67040578,1024,0/0
/spttest/ymjmtffup9cp,3f3fbb6d4fa3a599,1024,0/0
/spttest/vuu8sb0dumsa,3a30a1cdbac7abda,1024,0/0
/spttest/wtxgiaj48u99,3bf86ab4de821b2d,1024,0/0
/spttest/1l3x4gs8zmil,2e5cdba409754bd,1024,0/0
/spttest/92erl7kzvg0p,108fd5a32653e5d9,1024,0/0
/spttest/bulafa8pchdq,15a51dd8e8f91bfe,1024,0/0
/spttest/1w7qp7dyedgx,376108acb0fa1b1,1024,0/0
/spttest/qqo4yycvgpz2,30d8669109ceb67e,1024,0/0
/spttest/rorq5ttfnea2,329354c580b7bb0a,1024,0/0
/spttest/4fguy3rquaoc,817611dbf8ee78c,1024,0/0
/spttest/oelan1dmabl8,2c944671222a532c,1024,0/0
/spttest/tqemfyt4apl1,364fcf711bc69805,1024,0/0
/spttest/ftit9eiwmm75,1ce5b0c925dbe1e1,1024,0/0
/spttest/d67d7omd36qv,180f942bac7fc9e7,1024,0/0
/spttest/4zcctdq748jx,9198a41cf38234d,1024,0/0
/spttest/9ish9dzw1lth,11649c66647ec0b5,1024,0/0
/spttest/2yh4qh0fi676,5670b9f96d7eee2,1024,0/0
/spttest/hef7f3myyo1a,1fc8c7460010182e,1024,0/0
/spttest/tyj1qdggab6i,36b9523276def71a,1024,0/0
/spttest/xu030eal8ajb,3dccfa6c42806457,1024,0/0
/spttest/rj9urznga17v,324befb3bfe7e0ab,1024,0/0
/spttest/tp8u2xby2dy6,3640bb928cf9b11e,1024,0/0
/spttest/2qt1zh9afcx6,5036eeedc02cd2a,1024,0/0
/spttest/apul3ou55zcs,1393e90866c4df3c,1024,0/0
/spttest/f0gh7ebt123y,1b6c28abf664a9ee,1024,0/0
/spttest/96diyvm9xy4n,10c3582d93f65c07,1024,0/0
/spttest/ceorxc16s8b,a12bce293ff56b,1024,0/0
/spttest/987m7b5l1arn,10db30c7c3bbc5c3,1024,0/0
/spttest/sjtjcnvyi0lo,3426a6fe47da818c,1024,0/0
/spttest/ak44hswk3zc9,13496a8ff853e9a9,1024,0/0
/spttest/lxg0nsd1uyfb,280e5325b6777ec7,1024,0/0
/spttest/u4xy2emoqa1u,370ca1db07f94562,1024,0/0
/spttest/t7747q35hfno,35564e36f687da84,1024,0/0
/spttest/t0fwvom2z62b,34fe8de9c0e5a373,1024,0/0
/spttest/bve46rkd0b14,15af8486446a64d8,1024,0/0
/spttest/ol2hsmc4amfj,2ce86a99cc51240f,1024,0/0
/spttest/wj9qv0l3obc8,3b6df7ddb8056668,1024,0/0
/spttest/ro38vpuq3eoq,328a7f9843024f1a,1024,0/0
/spttest/l00lhem5yxwg,265c1d35c0ad3d20,1024,0/0
/spttest/q23yxw510lbi,2f996191df5580ee,1024,0/0
/spttest/uwqv29c0bw0m,3875c6c22cc336d6,1024,0/0
/spttest/frevpldvhtjy,1cca4b15b5a912de,1024,0/0
/spttest/k06wbmj7s0a0,248ac5fd2331a368,1024,0/0
/spttest/mv6rm9l4cmpt,29c49f5c88130601,1024,0/0
/spttest/dnrl22ibxp2y,18f3b106a81d103a,1024,0/0
/spttest/25mhq39rjkvm,3f04a58f13a5f72,1024,0/0
/spttest/vqf90wc9rygg,39f743dd8fe14030,1024,0/0
/spttest/jxr85rxv7i9a,246b23f4ba30eb2e,1024,0/0
/spttest/5wb71ht01e1p,ac5c48b61a6e15d,1024,0/0
/spttest/i6m2s30msahz,2136f522ce4e2a27,1024,0/0
/spttest/oasvg4qhd33p,2c630d61c5c0e9f5,1024,0/0
/spttest/uuu78gjeewau,385d0094c12d9506,1024,0/0
/spttest/ugs6d9jgkrjy,37a66c06ef19d47e,1024,0/0
/spttest/ymapibx2d8tz,3f3c8304eaa303f7,1024,0/0
/spttest/deyfixorlnx1,18814219ba3b5755,1024,0/0
/spttest/h269b2o7hh2t,1f29adb91acb17b5,1024,0/0
/spttest/m93mgtwipln2,28a5b9646fcedbce,1024,0/0
/spttest/2ov2jiqh3sy1,4ea2e959d36ee49,1024,0/0
/spttest/5qp2hlmds3b4,a7cd67a7bffd4c0,1024,0/0
/spttest/m0ecy9z3fac0,2834b1b7d03c4110,1024,0/0
/spttest/7l090xtrn4gp,dda2a3f10431559,1024,0/0
/spttest/c6z3k7qcirim,1645f8796f9affce,1024,0/0
/spttest/pd5ebcvy4gs6,2e5529f75cf7ebf6,1024,0/0
/spttest/eyqgcr7jyu7b,1b55c7a82223ec67,1024,0/0
/spttest/66gyy5gt158t,b49be8e83941dcd,1024,0/0
/spttest/qyvep1nlzafg,3142f0265615608c,1024,0/0
/spttest/np34tgszywb1,2b48fd7572620b0d,1024,0/0
/spttest/jyb90zxqlfmt,24725d8bcb6cf065,1024,0/0
/spttest/vwmh3sup29yh,3a47ceb77c4b0fe9,1024,0/0
/spttest/kwbvtevxggtf,262c3abf531e7623,1024,0/0
/spttest/o0ucsis2jtgd,2be1b1af2c2d6ddd,1024,0/0
/spttest/xwzat7e72b7,1b88bd42f6ca173,1024,0/0
/spttest/u5l42s1v6pkl,3714fdbf172429f5,1024,0/0
/spttest/pjee9clnrtam,2ea658ad7ecbb80e,1024,0/0
/spttest/rqov2oxaddp7,32ac46c9203df49b,1024,0/0
/spttest/9grcidhbxujp,114a39546be337e5,1024,0/0
/spttest/tuy498o2pwul,368acd2b8b79d48d,1024,0/0
/spttest/9uh3k3b6r4xt,11fc60459c3353c1,1024,0/0
/spttest/qktey0z3xgho,308c5e758a6fa0bc,1024,0/0
/spttest/gdqa25r8pc7g,1dec2b99a0a82e0c,1024,0/0
/spttest/w8hy8p78v7ip,3ae20bec7b3e4bd1,1024,0/0
/spttest/r861taz6pwjp,31bbae7596cd8305,1024,0/0
/spttest/8jsn6k01qs6l,f9e0b9b7146722d,1024,0/0
/spttest/5mx5xu8fy215,a4bcd409200edc9,1024,0/0
/spttest/ttuliipdv0la,367c8ab85529e5be,1024,0/0
/spttest/sn7p97aska7i,3452bb1121b524ae,1024,0/0
/spttest/qw1z3g1de5js,311e56ee5504a498,1024,0/0
/spttest/iecxb66nxz53,219b91d7627d9f27,1024,0/0
/spttest/9yqcbmzud8dh,1233ab1a443ad5a5,1024,0/0
/spttest/k9tebnhrhr7h,2507cb9634eeb2fd,1024,0/0
/spttest/nzsy2drg4tph,2bd432467adf1b65,1024,0/0
/spttest/99hrgxcu92kh,10ebd73bdadb1341,1024,0/0
/spttest/q31u1g33caza,2fa59983b266d196,1024,0/0
/spttest/fww8169dhbtf,1d117f3e4969e713,1024,0/0
/spttest/btu6ch8mebmr,159b5571107c3863,1024,0/0
/spttest/3glsp3d0not,2cf596bdda20ed,1024,0/0
/spttest/i10k5632tz95,20ee3f4d4a8e25b9,1024,0/0
/spttest/f0phqtleavag,1b6f695ecbea4ee8,1024,0/0
/spttest/wrdrn5ua3tmy,3bd755661f344aca,1024,0/0
/spttest/e12du9tpx2k9,19a072e5e204e839,1024,0/0
/spttest/bfcfzmzi3qxi,14df15f635f18916,1024,0/0
/spttest/6avwui02lwni,b8317b725597a8e,1024,0/0
/spttest/nlnpln3zox59,2b1c751ed86d5ccd,1024,0/0
/spttest/2kggif4cjoff,4b0f3e05d8e8e6b,1024,0/0
/spttest/730z81r7ow03,cf09ed79f987b03,1024,0/0
/spttest/4easby0tk820,80832f0684682c8,1024,0/0
/spttest/tqxfb7gv97ik,3656982383e47d4c,1024,0/0
/spttest/8wxkbe5e9z61,1048ae6eee2abc49,1024,0/0
/spttest/2lwtmnsdntu6,4c3d8aeb73903ce,1024,0/0
/spttest/5g5xdc9hjv3,46c7620161e7cf,1024,0/0
/spttest/ob7m0ddmkhr8,2c685eb0b51290e4,1024,0/0
/spttest/f82nmuo6sdfc,1bcf1610fa09b8f8,1024,0/0
/spttest/1ol9xkr1la70,313089f3c0893dc,1024,0/0
/spttest/hdfz7xqovrct,1fbc11591cf62c3d,1024,0/0
/spttest/wnj8k2d7fnse,3ba5599c6098012e,1024,0/0
/spttest/s6znnytydb9v,337fffef1d705053,1024,0/0
/spttest/ljic4l4e5cin,27594fb5e2fe7c9f,1024,0/0
/spttest/qfur9b5xtca8,304be82326f0c870,1024,0/0
/spttest/t2klf9vvo0xz,351a38dfe827c5c7,1024,0/0
/spttest/ypvki4vezwjx,3f6b01adfb56f98d,1024,0/0
/spttest/cer6f0haxhkd,16ab06e8ad94c52d,1024,0/0
/spttest/phz3o0qj26qb,2e93d6b824722993,1024,0/0
/spttest/h1hgarsqlop8,1f20ba74ba2cea4c,1024,0/0
/spttest/4xtwl963xdpd,905e4bd7f3b4ea1,1024,0/0
/spttest/rizb8rli3eqz,324821e6532ee36b,1024,0/0
/spttest/dvn1vncfewgk,1959f866398bead4,1024,0/0
/spttest/5unijhbepton,ab03bf4993b0c87,1024,0/0
/spttest/tlpmnuwd396t,3612d5c572a99e45,1024,0/0
/spttest/jjjcmqeq93hn,23b272e3353eebeb,1024,0/0
/spttest/wnghvo5mlies,3ba45c6ce11c9a74,1024,0/0
/spttest/n4q3flzik7ut,2a407ffbd31d32c5,1024,0/0
/spttest/ugg0yytkyv6a,37a209c29e429a52,1024,0/0
/spttest/890xlhgwks68,f12277375c97ba0,1024,0/0
/spttest/5343ha72jlet,94a84623c779125,1024,0/0
/spttest/n2ekcbmaroxl,2a225c6f70eac8f9,1024,0/0
/spttest/k8kq9wi4vgsx,24f7adae37f8b2d1,1024,0/0
/spttest/wwgwsyqbfs4a,3c196a079ee8ef1a,1024,0/0
/spttest/6k7bg479da53,bfc1c89cd91d997,1024,0/0
/spttest/twiuosc3oci9,369f459c2ebfa851,1024,0/0
/spttest/npcaddx5vbc4,2b4c4b05880ca424,1024,0/0
/spttest/6h9zzx22ytwq,bd61c7ea53c25ea,1024,0/0
/spttest/wrcsnv1zpph7,3bd6fba578c4a43b,1024,0/0
/spttest/2x63hai7wewj,55613188c0de273,1024,0/0
/spttest/188unq8wivyv,23eb8e824f41257,1024,0/0
/spttest/amg6puvhjruu,1367bf334d39c0c6,1024,0/0
/spttest/db16b3moq5vt,184e4a872027c049,1024,0/0
/spttest/xwsuretpl2qi,3df15672dec5ee1a,1024,0/0
/spttest/u3sbul2qpoul,36fd9dc0c304bc0d,1024,0/0
/spttest/gycp3ew49907,1ef80b6983f839d7,1024,0/0
/spttest/7f2mf09yacca,d8d15cce07242fa,1024,0/0
/spttest/60qtan9ot49i,aff5c31cd4986d6,1024,0/0
/spttest/zeeoho928kd2,40a9a5116704df16,1024,0/0
/spttest/t45v6101gieh,352ee2dcff2cf229,1024,0/0
/spttest/uzq0ejenxjqn,389c6fdd5488012f,1024,0/0
/spttest/8kh97es7gmrw,fa6ecf4061cce4c,1024,0/0
/spttest/wa9o5acrdpov,3af9099718c74e4f,1024,0/0
/spttest/sqx3jj6crxcw,3482dcb34c9b35a0,1024,0/0
/spttest/ratox7vc4n46,31de30bbfe5c6606,1024,0/0
/spttest/60hz0ey0e9gg,afc2b8bbdcdcf60,1024,0/0
/spttest/xabhnifnap4q,3ccd4ee84a8890ba,1024,0/0
/spttest/1cthe6n1dhwr,27a1fa1a10ed8eb,1024,0/0
/spttest/nuk1hniqol24,2b9009769629129c,1024,0/0
/spttest/8kv3up8brwxi,fabec5fb415fa76,1024,0/0
/spttest/y6wd24uhh33q,3e747f11b044d2f6,1024,0/0
/spttest/dcsa03bo2ut3,18650f34a5c55c77,1024,0/0
/spttest/9t4ejp7re0uc,11eace6c7b4dc2c4,1024,0/0
/spttest/edc6eq6q9i3i,1a3fda97bc5615de,1024,0/0
/spttest/wok5c6qn6hkc,3bb2aafa19811d6c,1024,0/0
/spttest/o1cfhz8bk47b,2be83742316dcd47,1024,0/0
/spttest/3ntn5s6fkrqg,6b04abc61871068,1024,0/0
/spttest/o5lflyiwob7,139c2ff2ba96d13,1024,0/0
/spttest/63q61hh0om87,b26184c7bc2ba87,1024,0/0
/spttest/m17z9r9m7nwk,283f61a99c0efec4,1024,0/0
/spttest/ri4q86c4e7iu,323d18edca26b196,1024,0/0
/spttest/m1571c06q5mn,283e607bd38a64ff,1024,0/0
/spttest/9g71fl22tf0p,1142e58adfac8b49,1024,0/0
/spttest/fpu4w1m1s1zq,1cb5d1a5948ac216,1024,0/0
/spttest/bxh46uwjexrb,15ca942637177567,1024,0/0
/spttest/x3clrite9482,3c72c9070a46bfa2,1024,0/0
/spttest/n697ofa95be0,2a546320db27c9e8,1024,0/0
/spttest/ao6zxq97a5zx,137e69000df347dd,1024,0/0
/spttest/2gw2xnhxpf74,482a1e7f3f76e30,1024,0/0
/spttest/z7exvdh14ksf,404ed056e288573f,1024,0/0
/spttest/fh6ma9s8erak,1c456b63306589ac,1024,0/0
/spttest/qgeeaf1exfsm,3052fe39d4ffb036,1024,0/0
/spttest/x0mj396j3doh,3c4f66141d068301,1024,0/0
/spttest/9uszl8dki91l,1200aa824d0ea649,1024,0/0
/spttest/kb1abkw9hz4j,2517a185691ff513,1024,0/0
/spttest/6qpasyhb9uak,c50890e7442f09c,1024,0/0
/spttest/6asnwixfmkh6,b81eba9ba9dc42a,1024,0/0
/spttest/m3s84nl2xbh4,2860aa44ee45de58,1024,0/0
/spttest/ouze02oqg41j,2d693054dbfd5277,1024,0/0
/spttest/cmvphljianew,1714935eaed2a308,1024,0/0
/spttest/7c7y0ht7xfev,d6809a05a1dd747,1024,0/0
/spttest/85mguysy0ypo,ee5f7953635a1bc,1024,0/0
/spttest/uwb8fv2ecljs,38702330fde1be18,1024,0/0
/spttest/33fmx1m7q5jc,5a773d2b7176d88,1024,0/0
/spttest/xkslu3b851gh,3d55607787835aa1,1024,0/0
/spttest/5gtkl40uco02,9fc91d188a96282,1024,0/0
/spttest/89b0pmi53q31,f15cb20379df3cd,1024,0/0
/spttest/kqeovsyn3dmq,25df4e85895926c2,1024,0/0
/spttest/ememczefxv56,1ab5a3916a05b2ea,1024,0/0
/spttest/gx7i7ucy9vgy,1ee92eab60c3b992,1024,0/0
/spttest/rezi2c9p4gyh,32143e6013c2ebd9,1024,0/0
/spttest/h7r3x37hoiym,1f7225ea052212fe,1024,0/0
/spttest/xgxrm257my6d,3d23481a7a1f9185,1024,0/0
/spttest/lj1nh8m2dqbs,27534a9365ace088,1024,0/0
/spttest/l7pls1ypzlrt,26c00ff8dabae9f9,1024,0/0
/spttest/1gpotqqzqvct,2acb64133b9ac3d,1024,0/0
/spttest/hqfew1e2k943,2064b98598c7b523,1024,0/0
/spttest/g8x6aw1zqx99,1dadb640d56951dd,1024,0/0
/spttest/pzh9fl1ko1n4,2f7735816b7b6650,1024,0/0
/spttest/mkt7xhkzgnh9,293dd77dba92fddd,1024,0/0
/spttest/8tf3996346jb,101b0c4397268517,1024,0/0
/spttest/gyaux8gu0hud,1ef761a14a703855,1024,0/0
/spttest/u41uqesxhy6n,37010d8501cbd84f,1024,0/0
/spttest/19duzymzme5s,24d84e06adfec30,1024,0/0
/spttest/uydvo0s3c8v7,388b12092d688ae3,1024,0/0
/spttest/fq7n6op6ot1c,1cbab16062177300,1024,0/0
/spttest/wrkl70ddfrkx,3bd9cb6e441b7a61,1024,0/0
/spttest/u4eyjcuyy4j5,3705c8112d6c6571,1024,0/0
/spttest/kgxab1s0fqw2,25641f8cfa6ef5e2,1024,0/0
/spttest/j4itu32titi0,22ef6bcf87579ad8,1024,0/0
/spttest/bjrd30rzzcvl,15186d0e5b8d3af1,1024,0/0
/spttest/3chvgguk7krg,61d29c7dfbd30dc,1024,0/0
/spttest/pzaj0gm11asw,2f74c7820200a5f0,1024,0/0
/spttest/ocsrz5du1lia,2c7cfefcd9856522,1024,0/0
/spttest/rl6ulpa46xzs,3264d4a9a7dfad98,1024,0/0
/spttest/p07qeo1kki4d,2dad2563fc90d0bd,1024,0/0
/spttest/i7mlhcxdhz0u,21442260d35d1c8e,1024,0/0
/spttest/30mr2vx1cyzu,5830d4f62a4712a,1024,0/0
/spttest/md0smf6py14i,28d8a91b93f03b32,1024,0/0
/spttest/78dx3ep83znj,d363c73666c833f,1024,0/0
/spttest/3zhyvjioof65,747f3750f65f2cd,1024,0/0
/spttest/4mwyc5s052to,8781c811b95dd8c,1024,0/0
/spttest/gdu40linn18b,1ded8d9128f5b4fb,1024,0/0
/spttest/9kv1wxbosy27,117f84a4a3a6cf6f,1024,0/0
/spttest/k2oayvtzboo0,24ab08574ebf58a0,1024,0/0
/spttest/tbpe7ojoy3fd,3590db8657f8c9d9,1024,0/0
/spttest/9agnamu12acq,10f86d69234b59ea,1024,0/0
/spttest/gm73mmutqnre,1e5a2769b1bd4fca,1024,0/0
/spttest/vxh6mc1a124u,3a52e33ac063ef0e,1024,0/0
/spttest/qlul6awyoewq,3099c81194d6637a,1024,0/0
/spttest/d7cpl0nv06cx,181e7f0221f39b31,1024,0/0
/spttest/wz5e2ebkkwrz,3c3c39abf455e2ef,1024,0/0
/spttest/hz0v2wzgiaw3,20d460d9fdb903a3,1024,0/0
/spttest/v5haunnk3yw4,38e73ae5ba1c1364,1024,0/0
/spttest/i95gzlz4dtxk,2157ef1a7b77d8c8,1024,0/0
/spttest/fkewe4caguh8,1c6f60092687b84c,1024,0/0
/spttest/tlfpb8r8wntp,360f40e319bdd49d,1024,0/0
/spttest/r50ykhi0g1d6,3192e085a4aa02ea,1024,0/0
/spttest/s25i3x3quu0i,3341299a21220972,1024,0/0
/spttest/6lu2g9w6o9l,55d06bf9482459,1024,0/0
/spttest/hs3xwky8h1vw,207a9067b0e533cc,1024,0/0
/spttest/f6l21d6opy3w,1bbbbf22fc4178ec,1024,0/0
/spttest/wl4mkt3p5gd,1a747d21de21edd,1024,0/0
/spttest/252p2h5thpb3,3e925d369d69b5f,1024,0/0
/spttest/ihmc5gcbow27,21c5ef014567934f,1024,0/0
/spttest/hxyfn5i48xjz,20c6833f80e677df,1024,0/0
/spttest/so6r6ko0ul2p,345f60e64deae631,1024,0/0
/spttest/fgzjbl1x54be,1c42dd34bba41a1a,1024,0/0
/spttest/cwbk45otzqi4,178f32c914545dec,1024,0/0
/spttest/e431axuk653w,19c7a6de7ee0bb5c,1024,0/0
/spttest/g46l96mhlynf,1d7029a620c50bab,1024,0/0
/spttest/668owfyh7dtx,b46c1d4c554aac5,1024,0/0
/spttest/o7jyz2cnidtp,2c38df5827391d7d,1024,0/0
/spttest/525sfkhk0er2,93e23848768c2ae,1024,0/0
/spttest/fqgdtuh9djyr,1cbdd8aefbb35353,1024,0/0
/spttest/gy5zyqfwdn0l,1ef5a0b97ff091c5,1024,0/0
/spttest/muox8mu5gjqo,29be2f27fe2984f0,1024,0/0
/spttest/dw1t3bx0zwcy,195f4b60e19a2292,1024,0/0
/spttest/ibdyv8i9bfna,2174fa6f6a5694f6,1024,0/0
/spttest/dt9ndmmemdcf,193b27e4b5a0730f,1024,0/0
/spttest/zc2n5tre70ry,408b52b9b85629ae,1024,0/0
/spttest/ndwmpuaqymk1,2ab7c2fb987b88b1,1024,0/0
/spttest/mqiz9t1w4glc,298815228ed20100,1024,0/0
/spttest/7y0hlc91mx4c,e831c9068fab62c,1024,0/0
/spttest/a807zboyuqdw,12ac22f46f5c1314,1024,0/0
/spttest/qa1tlq0ss292,30008530dd257666,1024,0/0
/spttest/4kcknevzlh4r,856c781ceb8c8fb,1024,0/0
/spttest/xbg63ijn00a0,3cdbfc5b42878468,1024,0/0
/spttest/s69lxkof6or7,337699e9b19111d3,1024,0/0
/spttest/bvvttib6pzhy,15b5e88cd656b1f6,1024,0/0
/spttest/2sm58tus7lv1,51aeb3b88260e6d,1024,0/0
/spttest/1ol1raq96gmq,312f3a5f47c4ab2,1024,0/0
/spttest/7ci7zk3nzebr,d6bbee660559647,1024,0/0
/spttest/sjjkqoy4h90j,34230ee0656893e3,1024,0/0
/spttest/mhjvc6qvga4t,2913801963db1e4d,1024,0/0
/spttest/sqihan0ra0ou,347d9676c20d0cfe,1024,0/0
/spttest/8btteyzw2c78,f368dea8a02d644,1024,0/0
/spttest/n2fs1o13gq3y,2a22cc9206d32f2e,1024,0/0
/spttest/y34hy5w7nuuo,3e437988b5e9b2f0,1024,0/0
/spttest/39ijvuxsw8o9,5f670afb5cc53e9,1024,0/0
/spttest/8sadidmats7x,100c5b796428e61d,1024,0/0
/spttest/qv03127zpa9r,3110ab07f05cdf3f,1024,0/0
/spttest/79c1n6vlesq4,d428ca4e491b9ec,1024,0/0
/spttest/2brbgze32jfi,43ff7af688dd9de,1024,0/0
/spttest/aeq9s33clsf8,130378af65f02b24,1024,0/0
/spttest/kz7cfp7d45b5,26518f513a70ece1,1024,0/0
/spttest/62uyhx5djcqw,b1ad587423d7848,1024,0/0
/spttest/2nqwmkw3og65,4dbb0ad98718add,1024,0/0
/spttest/4bgmumy6tbla,7e35750de354dee,1024,0/0
/spttest/rm64ast8jcn5,32718e6e9aefa2c1,1024,0/0
/spttest/31megyreseqa,58fea370e847392,1024,0/0
/spttest/scss66re1ead,33cb74755d32f895,1024,0/0
/spttest/mta1phcvzk5s,29abd3d6fad0cfd0,1024,0/0
/spttest/ivhba55313sp,2279f886c05bb079,1024,0/0
/spttest/djozwite2p9z,18beccfc5bd76e77,1024,0/0
/spttest/6byweumwpe6z,b9128f62733ac1b,1024,0/0
/spttest/z21vbkm7jddn,400926b9c968497b,1024,0/0
/spttest/f839x76ozy1v,1bcf4f4045f53723,1024,0/0
/spttest/qfhc3hgjq6mp,30471072becea711,1024,0/0
/spttest/i0792uz0kuiz,20e3ac3c1618a38b,1024,0/0
/spttest/ph3cs219ihrm,2e886250b5239772,1024,0/0
/spttest/ovpl2ccw9byu,2d72a40728f4b4d6,1024,0/0
/spttest/s0d7i4x7bi6c,3329f6d2fee27bc4,1024,0/0
/spttest/x0uulfteyspz,3c52668b4e8757e7,1024,0/0
/spttest/y7ui30wuxtwb,3e80d07b53c2339b,1024,0/0
/spttest/pv8q3oq2qjj0,2f402bef4f690f5c,1024,0/0
/spttest/tt5olfukvd1x,36738d6b647f4fd5,1024,0/0
/spttest/ni66q7brr7x1,2aef2aaa567657d5,1024,0/0
/spttest/uss2di1jarlj,384240dc8df3a137,1024,0/0
/spttest/gxfj76ml3vsy,1eec142259f430c2,1024,0/0
/spttest/qqg3wigj34l2,30d580e17ced8cf6,1024,0/0
/spttest/fohcp1ohg02s,1ca437a16361c564,1024,0/0
/spttest/gl38jmdei5pj,1e4bc54c1cfc2f67,1024,0/0
/spttest/sujugv6yn2ua,34b209a877489822,1024,0/0
/spttest/eh9pbolou6at,1a72eb0c40cf4765,1024,0/0
/spttest/wnwi9ppsgvvb,3baa23516dee7557,1024,0/0
/spttest/4ibc3aivrflw,83c5aaa3dd6eec4,1024,0/0
/spttest/s6dg13pvfvrq,3377fc3e1d9f4196,1024,0/0
/spttest/16eqpd17yvo,f4d4a5aaab154,1024,0/0
/spttest/xeni8jo5r86f,3d0599da35211727,1024,0/0
/spttest/hw4myudyk7iw,20aec5bce09e7918,1024,0/0
/spttest/f9edvdv0zrd6,1be04eb13905e14a,1024,0/0
/spttest/9opqmjqd8rwb,11b18edd962dc43b,1024,0/0
/spttest/m5f0ixltqzon,2875e07ca7d77827,1024,0/0
/spttest/d8lbayj4nbxh,182e96f0fa7eec25,1024,0/0
/spttest/dq2g9l9cpy4g,1911974c176a5900,1024,0/0
/spttest/3h9ntrmet9z4,65b258a4104adc0,1024,0/0
/spttest/vodjcse7ukz1,39dcab1eee75e4ad,1024,0/0
/spttest/38gm51822u0n,5e8c07a8636b677,1024,0/0
/spttest/fvyvh26bs3ge,1d0576de4d65237e,1024,0/0
/spttest/b2tjpjf5lvq7,143c656d8148c4df,1024,0/0
/spttest/i7ytew7h1agx,21488b25d40d9841,1024,0/0
/spttest/eomzzfpa60wz,1ad2a3fb9dae4823,1024,0/0
/spttest/yv81xohw47ud,3fb0751bc2dcc4b5,1024,0/0
/spttest/7yfvl4kzolrp,e88a9fe58b9d735,1024,0/0
/spttest/kih9of5d64ot,2578528f3b2bae3d,1024,0/0
/spttest/xmk38u1opiaq,3d6c4855d39cc4e2,1024,0/0
/spttest/4weoyim9p2jv,8f36a60fa463a2b,1024,0/0
/spttest/5kmnxpbg4tcf,a2e08dccc00598f,1024,0/0
/spttest/5x0ue0q9fw79,acf05a802bc21c5,1024,0/0
/spttest/sz01vtz9dhc,178543612b97380,1024,0/0
/spttest/24tf9tq58jl9,3e5cd60a952f22d,1024,0/0
/spttest/8ca7k49uctii,f3c781888c2026a,1024,0/0
/spttest/qu2n5voaduvj,31049a2b7b82b78f,1024,0/0
/spttest/rtuki7jsugg0,32d54da5ca1366c0,1024,0/0
/spttest/h5cx28hw0kev,1f530ca6d0cf6b57,1024,0/0
/spttest/rz04u6rjf1um,331841f11ebad61e,1024,0/0
/spttest/ic08rarypc3p,217d03e9eef81785,1024,0/0
/spttest/krr7vhu1zvc8,25f0d0ecd62f3268,1024,0/0
/spttest/zp45gau3krl3,4134ba5ca1fa83a7,1024,0/0
/spttest/g70ty8mhna8q,1d950d858e585c9a,1024,0/0
/spttest/xr1mrlj1uebf,3da691b5a27080fb,1024,0/0
/spttest/26qjd42hwge9,3febd48a3a09401,1024,0/0
/spttest/2c91lg6ocjuy,4465cf95b011f8a,1024,0/0
/spttest/p1l23p5ifzsx,2dbef1712be73901,1024,0/0
/spttest/vttdrotb9uv7,3a2354f6b0f0c383,1024,0/0
/spttest/b5ezf57lvk5e,145e1bfc6b1738c2,1024,0/0
/spttest/mi4wp7blfaxb,291b17536307d60f,1024,0/0
/spttest/6khya3bzj0km,bfff2cdede548a6,1024,0/0
/spttest/stig7k5d2eoa,34a48b72e4bd17ca,1024,0/0
/spttest/5reyn3nsg0j4,a862e2e837caeb0,1024,0/0
/spttest/vuz0dgn2p0xj,3a325a0f85f00ef7,1024,0/0
/spttest/up636ulb6qju,38135b14ed128aea,1024,0/0
/spttest/7gf3c1dlhd7i,d9e92e1f4c9f61e,1024,0/0
/spttest/5eiibpvh7x9x,9de99740de28135,1024,0/0
/spttest/99gexbwee1dt,10eb5aadf43f3c81,1024,0/0
/spttest/8ryemmuwm3zc,100809eca7edf5a8,1024,0/0
/spttest/6e24z3nav666,bac4e8c9d4726fe,1024,0/0
/spttest/unmr979eecjn,37ff6434e4cd7903,1024,0/0
/spttest/ciyu1g5aruq8,16e1bf20246e9250,1024,0/0
/spttest/jbhjo97yxvde,2349e22a8cee8b12,1024,0/0
/spttest/468m56ssvrr1,79f8045c4b5ca3d,1024,0/0
/spttest/1ggv06lfqt6m,2a986cb521c593e,1024,0/0
/spttest/kxnmii31fily,263d748da3e638f6,1024,0/0
/spttest/qrr2pj13olip,30e6731fe95979f1,1024,0/0
/spttest/i0we6bj2syvb,20ecbe842bbb3d87,1024,0/0
/spttest/4y73uf92edbp,90aa8242fc9b0f5,1024,0/0
/spttest/na20r3js6255,2a85bfcec2a20859,1024,0/0
/spttest/dyb8fdeo4vh4,197cac8d128d1858,1024,0/0
/spttest/2ubv0f9fj2ul,5312fce81fab82d,1024,0/0
/spttest/rvwtwe7gqevy,32f0190027af39de,1024,0/0
/spttest/xsjuy6duayqq,3dba2296fd2be062,1024,0/0
/spttest/k97jzeprfhqp,24ffea01ea0da691,1024,0/0
/spttest/me7hoz1qrkbb,28e810e67feacd97,1024,0/0
/spttest/ssh6qutws9b4,3497198a926d3220,1024,0/0
/spttest/d15juc2oycc5,17cdfa28da8c12f5,1024,0/0
/spttest/xxgqh2zfg6f4,3df9f449881abf80,1024,0/0
/spttest/485tonlu6cvh,7b87907794648ad,1024,0/0
/spttest/8yqpssadzf10,1060307007c68bd4,1024,0/0
/spttest/45c0mnsgsjeo,793bd4969dc4140,1024,0/0
/spttest/1ykxtgfjhvdk,394ce1b33b28818,1024,0/0
/spttest/qczt5tku5q7z,3026c3175d9ed1ff,1024,0/0
/spttest/x1begbij8why,3c585f6309508186,1024,0/0
/spttest/o9h8pqbxb6fs,2c51ddbee512a258,1024,0/0
/spttest/jcrm2jq87oj9,235a81416b53d7f5,1024,0/0
/spttest/17gmxi8wgnri,2348ac441b07c4e,1024,0/0
/spttest/7yfl9ud2s0ux,e888f880ea6a959,1024,0/0
/spttest/3w6qns63r8ya,71cee8e9d0fa112,1024,0/0
/spttest/27018m4ur9w3,4022a76220d38d3,1024,0/0
/spttest/dw1fsd4tj8w7,195f293ddd9550c7,1024,0/0
/spttest/pwoj32a20opn,2f52dd1417ca071b,1024,0/0
/spttest/88vpbn6p4vpd,f104461d3103a81,1024,0/0
/spttest/6yhi89z5zhpf,cb5a33778fd6563,1024,0/0
/spttest/qb4oni8253bk,300e8ad9bb4ae210,1024,0/0
/spttest/ljf3dgbisbkw,27582425490fc7a0,1024,0/0
/spttest/i9i8xzzk8e39,215c8b3fe0906955,1024,0/0
/spttest/og6ue8utaekj,2ca90a1eeca3dd43,1024,0/0
/spttest/ksygkpmb6phd,26006b1543065981,1024,0/0
/spttest/7r1xzwggcbx6,e28b639c086d75a,1024,0/0
/spttest/c8exia9wtgbq,1658ac173ba8fbe6,1024,0/0
/spttest/hxa1ml79nvbd,20bdb672f5f0f349,1024,0/0
/spttest/gac0vzkdq84,d38ea491c5b604,1024,0/0
/spttest/p4d4d15p5x0a,2de30c1027ea735a,1024,0/0
/spttest/8o5vzih0sx29,fd6c802eb3e5a61,1024,0/0
/spttest/4tkv4yxq0rmw,8ceacac37e229e8,1024,0/0
/spttest/4ej9fdyirbfp,80b41bfacf91ca5,1024,0/0
/spttest/yzv8yj189rl6,3fecc8a03a354fea,1024,0/0
/spttest/mee44wgkppwl,28ea74b13c742365,1024,0/0
/spttest/8xii63l5bcpf,10503ca856d45e13,1024,0/0
/spttest/pr6p7p4rtftl,2f0b7be43a10d059,1024,0/0
/spttest/mqy3gf7xfdvq,298d8964ae542106,1024,0/0
/spttest/abkdv4qxmy1m,12da612f8c45beda,1024,0/0
/spttest/23e7sd5ykhvd,3d353646eecfd79,1024,0/0
/spttest/jg8c7rr21jy2,2387820010aa193a,1024,0/0
/spttest/eahf05mse5f6,1a1ac6b7a13016f2,1024,0/0
/spttest/13hki7wv0n8k,200ebe3083164a4,1024,0/0
/spttest/knwb4atvizhv,25beb2107a573733,1024,0/0
/spttest/fp9rdrbn04ql,1cae779f9cd18afd,1024,0/0
/spttest/eiivf6ewcpfs,1a833743373943c8,1024,0/0
/spttest/jba00axz9l63,23472921a9c59a6b,1024,0/0
/spttest/phr0n5qog895,2e90ec03bff65dc9,1024,0/0
/spttest/zcwwprgttac0,40963e4923a14690,1024,0/0
/spttest/a6dfhppspzx8,1296ec7fe9e7f21c,1024,0/0
/spttest/5iojkhah5fws,a14bbe1446208cc,1024,0/0
/spttest/c1j8rhih7kqg,15ff4da5617d6db8,1024,0/0
/spttest/5e1yiwxz0bkn,9d8a0c237d8e197,1024,0/0
/spttest/4n7gadp7jd4c,87be63e77b9842c,1024,0/0
/spttest/syec5vj1fuu5,34e401e0573d46dd,1024,0/0
/spttest/usejud74g3ak,383d6086c976c4ac,1024,0/0
/spttest/cxeetaw1d6uh,179d378b57b164e9,1024,0/0
/spttest/sujtlii8dotv,34b2076c6c49aef3,1024,0/0
/spttest/4xsa8ui1q6k8,9054f0a58ebacb8,1024,0/0
/spttest/nhq2223hgknb,2ae958ca1bc40987,1024,0/0
/spttest/4y056b2wgub2,90824f9f845956e,1024,0/0
/spttest/5vetvuk6egkp,aba1700cc8b8169,1024,0/0
/spttest/zdcj75xvtt5j,409be17f3300ebd7,1024,0/0
/spttest/kkxvwqa0bcfp,25984c011a051bb5,1024,0/0
/spttest/12idodjzmp5b,1f4397a06ca27cf,1024,0/0
/spttest/vrhmehhmkmgo,3a051c2eaac8f8b8,1024,0/0
/spttest/l3bo7xpx7ni,111f972281df1fe,1024,0/0
/spttest/kqtje0jptmax,25e4a9f2cebe7b29,1024,0/0
/spttest/gbt9qpca4pv6,1dd3455ff88b65f2,1024,0/0
/spttest/nl8c3vh8sibw,2b16e8f9af1fe7cc,1024,0/0
/spttest/sn4mdsbw82uk,34519e9770a3ec6c,1024,0/0
/spttest/qt08odml5qe7,30f6bf02204a31df,1024,0/0
/spttest/jxdh722rul5l,24662dfbe585e999,1024,0/0
/spttest/ndk854iaoyzl,2ab3492a99ad1921,1024,0/0
/spttest/7psg6beyb70w,e184bed849f8250,1024,0/0
/spttest/41llgrbm93kz,7633d08ed430c63,1024,0/0
/spttest/y5ydmlg5dhaq,3e683c01d4decdd2,1024,0/0
/spttest/e2s60l0dj1kp,19b6bda70b1d0bb9,1024,0/0
/spttest/tsa12pt3d9ex,366821a80fe8f7e9,1024,0/0
/spttest/tjcfelxcrgcv,35f417d9d8f90b8f,1024,0/0
/spttest/iqzcactziuts,223f8773bcce4390,1024,0/0
/spttest/4t7sgq2hvubb,8c9f506a3334437,1024,0/0
/spttest/mv6u14cipdru,29c4a58d3ddf93fa,1024,0/0
/spttest/gln7btfayeed,1e52f98a48acf365,1024,0/0
/spttest/i9dh87ytwjft,215ad2a9c0e89f69,1024,0/0
/spttest/rjg4zcnpxbwe,324e34181708af7e,1024,0/0
/spttest/dji8vvatlfpt,18bc5d741e0d97d1,1024,0/0
/spttest/n477gtk38xlz,2a39af5623b3df27,1024,0/0
/spttest/qr8dlgmntkgu,30dfb40fd475dbde,1024,0/0
/spttest/enrm8cddz6d4,1ac75147fe794bf8,1024,0/0
/spttest/9ophx4evtch1,11b17886f4dbdb65,1024,0/0
/spttest/cwixo4b89uii,1791dc241d3456ba,1024,0/0
/spttest/fcgllezg9n1d,1c081303c58878e1,1024,0/0
/spttest/1igi85u7iue8,2c360856abf5960,1024,0/0
/spttest/srpwl7y5ccil,348d418a0bdb675d,1024,0/0
/spttest/cr9dwbv9j769,174d77d00bece011,1024,0/0
/spttest/vi7uq7zrtntk,398cae8d523374d8,1024,0/0
/spttest/m6oi3koohw90,28864a25b64d3584,1024,0/0
/spttest/880wkqs76edo,f0527935f06854c,1024,0/0
/spttest/ntj2ww4rxp0k,2b82b37d7b9e87e4,1024,0/0
/spttest/3sv6aaelpx41,6f1ca757628c0e1,1024,0/0
/spttest/rjl6o59nv9ro,32500644accece34,1024,0/0
/spttest/bez58ad3nl4n,14da49914371a1b7,1024,0/0
/spttest/4erkjopobpf7,80e413984b1b173,1024,0/0
/spttest/j97odmi752z2,232c580aa3af2d4e,1024,0/0
/spttest/39v1tjqvfjk3,5faf31fec22a7c3,1024,0/0
/spttest/3ivi0fq9garu,67003fa90a6db8a,1024,0/0
/spttest/bhm97g6mg60i,14fc9ac0fd14f072,1024,0/0
/spttest/wj7gwltzbjmf,3b6d2595c8be1f17,1024,0/0
/spttest/b9swpi38hv9p,149717358d2d0c8d,1024,0/0
/spttest/q41abhl365ld,2fb2642bd1ab88d1,1024,0/0
/spttest/3g778bhkes0q,64d44f733faad5a,1024,0/0
/spttest/9wn27m5i5a6m,1218818a315368ce,1024,0/0
/spttest/cfga3w4s6ahe,16b41595e3736692,1024,0/0
/spttest/f0rro8dxiw8z,1b703b94816b08c3,1024,0/0
/spttest/4g0nvcwqs27n,81e865328b85433,1024,0/0
/spttest/ed5lp2fyy7hk,1a3d7b3d201ab868,1024,0/0
/spttest/ec163npu73d7,1a2ee47f16cf1ecb,1024,0/0
/spttest/u2qw345oueiw,36f01baef380f108,1024,0/0
/spttest/qaiyi1nvjxjy,3006b40493b6fb9e,1024,0/0
/spttest/2eltnd6srjor,464f3e28edda06b,1024,0/0
/spttest/2ik74ki4oeq7,49852c1b8f4ac8f,1024,0/0
/spttest/lu25bqi94pez,27e25a31146aeaab,1024,0/0
/spttest/wveeg42pov1i,3c0b84efbd1df426,1024,0/0
/spttest/zzysqr6uhq0k,41c1adbc0c3a83f4,1024,0/0
/spttest/o2tiqxobplfr,2bfb5f1c73a513c7,1024,0/0
/spttest/7c0s0fogdbxs,d6573a655f0ddb0,1024,0/0
/spttest/fp5g9co0msuh,1cace99cdf689b89,1024,0/0
/spttest/jk0oh77o1boo,23b8b38aeeb63568,1024,0/0
/spttest/w9nmbo71vtu9,3af114cff64305d1,1024,0/0
/spttest/n5lexuor4su4,2a4bccec46d2e5fc,1024,0/0
/spttest/shvuo4ua1svq,340d8241eafd0a76,1024,0/0
/spttest/zgcwrp4ssqs6,40c2fc15eff5f296,1024,0/0
/spttest/eh3ybob46xvx,1a70d7ee0d24c10d,1024,0/0
/spttest/ie1zezxa9j1p,21979f31e7a3e6ad,1024,0/0
/spttest/m68htxrx5do,12003a79961c87c,1024,0/0
/spttest/mdq89s29lsov,28e1d6771de1757f,1024,0/0
/spttest/uplxy0kbtjt8,38191383dc2d448c,1024,0/0
/spttest/r7kvtysjpovb,31b40b60f14f8d27,1024,0/0
/spttest/u845tyfiei8r,3735d7c25f49a1db,1024,0/0
/spttest/uztu9aikwd3p,389dd191a1a00655,1024,0/0
/spttest/gfqab1v86mi1,1e0626bf4ff96b69,1024,0/0
/spttest/bo1rz2vi9697,155023f8a4ad95eb,1024,0/0
/spttest/rc7jfv2yvjlq,31f02d14a32acefe,1024,0/0
/spttest/dqybfgi8ahkp,191d16ab981dc779,1024,0/0
/spttest/5s4568olrre3,a8f442585b0586b,1024,0/0
/spttest/o32r6f5qrs26,2bfeb40e276dc4ce,1024,0/0
/spttest/59ocnzz7x9bs,99fc2dc15427078,1024,0/0
/spttest/re65b9mi4olm,3209a6fa2f1c0f8a,1024,0/0
/spttest/vhv2x3imcuwl,398812c7fcadf575,1024,0/0
/spttest/smu46gfmiud6,344dd433db135c3a,1024,0/0
/spttest/okfc24ze9nof,2ce00f6a33b2da1f,1024,0/0
/spttest/juact00h5b9z,243e15d811f8b957,1024,0/0
/spttest/no49v54svylq,2b3c6984c60cfcee,1024,0/0
/spttest/fhz6if8ie9c3,1c4fb9984bc108c3,1024,0/0
/spttest/k5x0zq0y7jgs,24d525d3cd2b204c,1024,0/0
/spttest/rpxl12daui9m,32a26f11bf95b5fa,1024,0/0
/spttest/kwwn499x4ymq,2633b82949489d52,1024,0/0
/spttest/a8kno7pk8ox1,12b3829491d73825,1024,0/0
/spttest/98yf2wkz63f,7822916943fd9b,1024,0/0
/spttest/t5r2qs6a8ome,3543874af5fc90a6,1024,0/0
/spttest/gbgmi9cbsz8t,1dceb557514c4c6d,1024,0/0
/spttest/w2dzrbezagyy,3a92aecd957adf6a,1024,0/0
/spttest/pntwwhto75t4,2edfe70fde4cd528,1024,0/0
/spttest/xm4u9fwabska,3d66c7c3482d5f5a,1024,0/0
/spttest/m21e3mcxrixl,2849fe6417f92999,1024,0/0
/spttest/bwvkiuc2rw4f,15c2cdf462bb2d5f,1024,0/0
/spttest/hbu5a7vkjb31,1fa7338c1f1d1edd,1024,0/0
/spttest/ra1mlfnqxmlk,31d41073c01e36a8,1024,0/0
/spttest/w2efgu0oz742,3a92d71bc3af06c2,1024,0/0
/spttest/309yw6d224wd,57e70922cf77b4d,1024,0/0
/spttest/j13ib30ay00y,22c2ecf05bb06ea2,1024,0/0
/spttest/phj6mj9hlkx9,2e8e186b3dfc822d,1024,0/0
/spttest/g4gsnbqhcquq,1d73d84cbe3adbf2,1024,0/0
/spttest/dmjled0k9rtc,18e3d1b30b83d910,1024,0/0
/spttest/ve3sn8ayevd3,395742b51694a047,1024,0/0
/spttest/oy2lr1w5r5hp,2d915116f3d4c98d,1024,0/0
/spttest/2by4kex9ka10,4426c8c05b01cc4,1024,0/0
/spttest/tljayj90fvi3,36108d8888f3c13b,1024,0/0
/spttest/4vh6k5935zaj,8e75304b7b338eb,1024,0/0
/spttest/92qg4lr3yq4p,10940ca625f237c9,1024,0/0
/spttest/yal3btly8ym3,3ea46313f625c73b,1024,0/0
/spttest/oiykqoiee0nm,2ccd062c67c850d2,1024,0/0
/spttest/wmt5mqgrk0uu,3b9bf08789a69c56,1024,0/0
/spttest/hrv4klz7wrms,20776232b84876e4,1024,0/0
/spttest/29tp52ifzpo3,426d8fae8cbc3b3,1024,0/0
/spttest/9k4rzp9ue3pp,1176099bdd70fc4d,1024,0/0
/spttest/1k1bb19xiv71,2d7dfc15985c36d,1024,0/0
/spttest/an30orxpwjaa,136ffc32bbdfb6a2,1024,0/0
/spttest/vdgy7500h3ie,394f047c514d3c06,1024,0/0
/spttest/kh876pnw8ivn,25680f984df3fd93,1024,0/0
/spttest/7j8lvxq76kyp,dc333ad6e5c8ea1,1024,0/0
/spttest/tg5c5aauh4q,17e84081d9bb43a,1024,0/0
/spttest/tvbikncdbvcr,368fa2b0f76ac07b,1024,0/0
/spttest/lrov40j4jbom,27c394aed49671e6,1024,0/0
/spttest/ndnme9nfztrq,2ab482d7ffbfbc76,1024,0/0
/spttest/s1lrje7umi9e,333a0a6ea71bfff2,1024,0/0
/spttest/pbbl6aa5sgmo,2e3d6b42e01bf030,1024,0/0
/spttest/hrwm9bazq9mv,2077ebf203aa0e47,1024,0/0
/spttest/ifkvndex27z,ef6db756bcdb7f,1024,0/0
/spttest/msijgf13i1ra,29a1e71129a55066,1024,0/0
/spttest/re0zxbfsimm9,3207cb501c496b01,1024,0/0
/spttest/lrdu7smdu1jm,27bf9a55fe082852,1024,0/0
/spttest/o0lc3h89l54,137f4e7b795ef48,1024,0/0
/spttest/16ce9m89vhv,f4745bef137b3,1024,0/0
/spttest/iax9670e2d7z,216ef29d2ce46d6f,1024,0/0
/spttest/fq9qel4kmlj1,1cbb725f998d0a7d,1024,0/0
/spttest/jljicm3zktnm,23cc7c1310842222,1024,0/0
/spttest/1map9folsaxc,2f53d63cf10eb50,1024,0/0
/spttest/2gm54rum9gsv,47f0bdcdbd67b4f,1024,0/0
/spttest/x6epi0qn9gsj,3c9a831ebd9a5c43,1024,0/0
/spttest/a71p79qizlev,129fae403fd3a127,1024,0/0
/spttest/r0q1eq0lxcc1,315afabb256a11b1,1024,0/0
/spttest/37exswafgaem,5db2868e7506fae,1024,0/0
/spttest/vhe8laccclz2,3981ff12f3fe163e,1024,0/0
/spttest/jxbfkvw13fxg,24657119fa1b8464,1024,0/0
/spttest/qxy8kdkjmwft,3136f845307ce0b9,1024,0/0
/spttest/g7qlbzsetswu,1d9e58fbf87ee59e,1024,0/0
/spttest/olz039vf7w0q,2cf42553f5ce38da,1024,0/0
/spttest/9s17kakz2cs8,11dcaa24e4562038,1024,0/0
/spttest/osxp3a33qzo,1422eee761c6664,1024,0/0
/spttest/b39pxj54770o,14423b48b1d24748,1024,0/0
/spttest/c4t2z99qnpco,1629d241fe0b4e18,1024,0/0
/spttest/zbvu8y3bc9xv,4088de54a5aeb453,1024,0/0
/spttest/o0bblnffp72r,2bdad3a1d65eab13,1024,0/0
/spttest/fixxre6gtxdf,1c5c4407db17d633,1024,0/0
/spttest/bjct184znkto,15132c74ffd01c2c,1024,0/0
/spttest/jauubgaot0oy,2341b101fb39e8c2,1024,0/0
/spttest/ss7slu77mk45,3493b5f2d2751255,1024,0/0
/spttest/kzkhzhqc46of,26564e58114efecf,1024,0/0
/spttest/up2odp9efd1r,38121ffa854351cf,1024,0/0
/spttest/5xev44syw9oz,ad414ac3e048b13,1024,0/0
/spttest/m9mcna39ckpg,28ac7b30d661e8d4,1024,0/0
/spttest/dcejwlk40p0b,18601b7588bb229b,1024,0/0
/spttest/f71u3vandjex,1bc1cd0c85113289,1024,0/0
/spttest/h4h88ck8vcmk,1f479d86f4cae9ac,1024,0/0
/spttest/b3nf40zfhjyf,14472cadbe255a47,1024,0/0
/spttest/h3uoj03qax8p,1f3f7ade95b0ccc9,1024,0/0
/spttest/5kuw31uzbcqp,a3100b744da2041,1024,0/0
/spttest/pld3i216uo1d,2ebfdb38468fdf31,1024,0/0
/spttest/or80wr0c43k7,2d385906cff52707,1024,0/0
/spttest/o3ht3fbnx6pp,2c04227f3bc7d33d,1024,0/0
/spttest/fdfyx3t950hp,1c14d61770a03ebd,1024,0/0
/spttest/r0ep3q4qnitr,3156e31b7129090f,1024,0/0
/spttest/q8z27fdsradk,2ff288e7116f0d48,1024,0/0
/spttest/15hqd2552jc8,21af56d5edc8768,1024,0/0
/spttest/ac4ihuqmmd3b,12e1a46ee38089c7,1024,0/0
/spttest/nlt9suarukso,2b1e76ca5ff407c8,1024,0/0
/spttest/mf1nluvsyhin,28f2f31eccaa252f,1024,0/0
/spttest/3hvdu72bwc4c,662fc039d24285c,1024,0/0
/spttest/docclpl95f1w,18fb2f111ff9c874,1024,0/0
/spttest/bt91rbnoc7kx,1593b5f00b0ff561,1024,0/0
/spttest/a9i43tcy6l0g,12bf94e5978751e0,1024,0/0
/spttest/oot8eq95jur5,2d19083b3d292b71,1024,0/0
/spttest/qn1vgmhn32tq,30a9664becd6ec0e,1024,0/0
/spttest/j2sylu12h8bg,22d919386feb4a5c,1024,0/0
/spttest/ci998ia714fq,16d8848a88ccbbb6,1024,0/0
/spttest/igbz3l3rni3,efb33cfedaf6bb,1024,0/0
/spttest/90hqth1xx2o7,1076ee40701b40c7,1024,0/0
/spttest/gj9qglujicle,1e3422f66bb18b42,1024,0/0
/spttest/7haptkrkd5dm,da9fbfed404bc7a,1024,0/0
/spttest/aoiv75q7dppj,1382b14324a7e267,1024,0/0
/spttest/v1y9mlglg27k,38b964fd8276b430,1024,0/0
/spttest/m42refd9s5wb,28647765e61179db,1024,0/0
/spttest/syuym68d4jam,34ea016083b367ae,1024,0/0
/spttest/la8hvrynyipt,26e0db7bfb514241,1024,0/0
/spttest/q29g5szcidk5,2f9b5b97e1960d25,1024,0/0
/spttest/s0ikx005c9a9,332be71477cb1f01,1024,0/0
/spttest/shoz24k7ao5d,340b06f0afdb8fc1,1024,0/0
/spttest/5kpfpljflba9,a2f08dd003d5761,1024,0/0
/spttest/5788lt8xi5q7,97ff8090ce7de7f,1024,0/0
/spttest/qkaz6unqlhqn,3085b7683c32c30f,1024,0/0
/spttest/32y4gjzo1lmh,5a12234204ad7b9,1024,0/0
/spttest/q49wsosqc238,2fb580ca4ee95f94,1024,0/0
/spttest/cuhlz4o3wrl4,1777674130db96a8,1024,0/0
/spttest/5mj5j4kubxe6,a46bf0c592a2bce,1024,0/0
/spttest/bo7at1xaboxj,1552222203aa10f7,1024,0/0
/spttest/z5lav8bsfk4r,4037216161edfbab,1024,0/0
/spttest/92nqg7q0nljk,109312079518e4d0,1024,0/0
/spttest/bcdjncklwywz,14b883f27359fdc3,1024,0/0
/spttest/vz2m3itpj62u,3a679bee5fead286,1024,0/0
/spttest/xmdwxy0zljyo,3d6a0df47a2abb50,1024,0/0
/spttest/asd6lilmt4s,8c20b419c8c9fc,1024,0/0
/spttest/t57bncoxfazd,353c66c68b1b8659,1024,0/0
/spttest/s1uzr5tuax3z,333d5ed385e4481f,1024,0/0
/spttest/wqy2g3rzwkyc,3bd1ab3a48f2b114,1024,0/0
/spttest/mja82qhyrqaf,2929ff9c9f0423d7,1024,0/0
/spttest/px7t4yhrelis,2f59d1de34856374,1024,0/0
/spttest/f55q24gcdmgq,1ba9399ef0fe3efa,1024,0/0
/spttest/8bzjt7q76pr3,f389f7b9d4286df,1024,0/0
/spttest/esq4rio6759i,1b07ba610fea1c66,1024,0/0
/spttest/kebaci1r6u1u,2542350a15239ca2,1024,0/0
/spttest/wts2ksol8syr,3bf6791f702499a3,1024,0/0
/spttest/k1out7no0q8e,249e3dfeebc108ce,1024,0/0
/spttest/pzgxzgk58011,2f771821f7ff6725,1024,0/0
/spttest/gn4poswml3ac,1e66482aa9ac19e4,1024,0/0
/spttest/c5zsudm6xcqn,16393c162c12ecbf,1024,0/0
/spttest/k4ydidhnde5m,24c8a50ec04533ea,1024,0/0
/spttest/o14zzc2l11sh,2be588dd882abc51,1024,0/0
/spttest/t2qfzza68734,351c552a4402f3e0,1024,0/0
/spttest/miunerx56dea,2924611094710252,1024,0/0
/spttest/388ddff660p8,5e5c709f4d5db0c,1024,0/0
/spttest/be4v5o7x37c6,14cf5cad09da44e6,1024,0/0
/spttest/l6x4ky10o5l2,26b5c98948b0f646,1024,0/0
/spttest/oe6sakn3skqc,2c8f0a36c9b5b6f4,1024,0/0
/spttest/qpkcmqy50rmk,30ca0b7e427798dc,1024,0/0
/spttest/89gi8iu6z6f7,f17c5eeab952943,1024,0/0
/spttest/h5fw46laveuu,1f541f544f857af6,1024,0/0
/spttest/c647ffld2rfr,163ad2fb2eed4867,1024,0/0
/spttest/jbyk45xcnlwj,2350058f66b3cea3,1024,0/0
/spttest/2mjbif7ij6r7,4cbf6aa763ee6f3,1024,0/0
/spttest/tnhf2wc71k37,3629d9e26b75b2f3,1024,0/0
/spttest/9vuawuxlismv,120e212fad349a77,1024,0/0
/spttest/3k8ztounktq8,681dfb9d6954280,1024,0/0
/spttest/c0oazzt5lgce,15f423f7ed7feefe,1024,0/0
/spttest/jy13d6ca359t,246eb3563dccd771,1024,0/0
/spttest/e8qye8to59i0,1a043d45a5596b58,1024,0/0
/spttest/jznz7b56m2bf,2483f261c6071f3b,1024,0/0
/spttest/fux9p4qztcmd,1cf7e55f14881025,1024,0/0
/spttest/vm0041uvi3zm,39bdce72959eabb2,1024,0/0
/spttest/t3f3xwbo7usa,35253b6eefe8fb9a,1024,0/0
/spttest/m72kxtmnalf0,288b5e97133629ec,1024,0/0
/spttest/ewhnpt480b5y,1b38a0b84d4be086,1024,0/0
/spttest/qr4t5cwodf36,30de6a7e632e25a2,1024,0/0
/spttest/qauonrncla7v,300aef2fceb5defb,1024,0/0
/spttest/s6s29jjixlt3,337d4272612fdaa7,1024,0/0
/spttest/8t3828ivvglm,1016c42c82096cca,1024,0/0
/spttest/reqz5vh7020m,32112aee699d8536,1024,0/0
/spttest/o5nz2xaxtbg3,2c20569436399833,1024,0/0
/spttest/be5djcu1hnjr,14cf8bd5d759ea77,1024,0/0
/spttest/t2l8tf1gi8fq,351a74e54bfcdf36,1024,0/0
/spttest/rnki88qycdzd,3283bc9538a15bc9,1024,0/0
/spttest/f84hu2bidv42,1bcfbfec1126dcc2,1024,0/0
/spttest/wnvdlmks64v0,3ba9baf84fa66a1c,1024,0/0
/spttest/pj9rq890ew6y,2ea4ad650b945e7a,1024,0/0
/spttest/f9thsd2w5o95,1be5c24381254209,1024,0/0
/spttest/mgrxm002k42c,29096b9e8c081394,1024,0/0
/spttest/4qqhprltok7d,8a9bcac571c1d49,1024,0/0
/spttest/7apzbjtay54c,d549118531f1c6c,1024,0/0
/spttest/smuys6qltbzx,344e22b991e71efd,1024,0/0
/spttest/ae57kds7xxee,12fbdf457fa14e56,1024,0/0
/spttest/g21xl0a6qqvf,1d5480ed2797788b,1024,0/0
/spttest/8qo2lpptwcxn,ff75221587e1a7b,1024,0/0
/spttest/5f4d4tqivtqh,9e67c3c07c37249,1024,0/0
/spttest/kytpwxl1vhf7,264ca4beccd58ef3,1024,0/0
/spttest/br1itwkhhl2m,15770447d20a45ee,1024,0/0
/spttest/1yqy6k27m6kf,396f93fdac539bf,1024,0/0
/spttest/i1kyg2xrz8lo,20f59b5d9220554c,1024,0/0
/spttest/f8axqdcb7lm,c5d5dbe1bdbb3a,1024,0/0
/spttest/327ukv1xafb,27c4a58922f007,1024,0/0
/spttest/immun971rlgo,220710bdd1ad1268,1024,0/0
/spttest/ogirwz2vxjzv,2cad582d5ab1da7b,1024,0/0
/spttest/2ndrx3yaqi1j,4d6f3cfff1f5fd7,1024,0/0
/spttest/7y7zf5aeo0m5,e85d0e26f025f1d,1024,0/0
/spttest/y3pzgiaii64o,3e4b3a31614ec988,1024,0/0
/spttest/11pjtp4h644b,1e9d292549f6b5b,1024,0/0
/spttest/lt1rn4u0z3g4,27d539d38c3b3434,1024,0/0
/spttest/uoymnxim0abi,3810aa1a660a623e,1024,0/0
/spttest/r1i6dn6n2o6k,316521cb3b40e5ec,1024,0/0
/spttest/tm1bwlzuia8a,36170e9723359e4a,1024,0/0
/spttest/a3znapdu8dhu,1277f8db86ab3852,1024,0/0
/spttest/k4wdpf7nkuvf,24c7ecd2cd89fc4b,1024,0/0
/spttest/bw5i8b53ztsm,15b9667f7f994896,1024,0/0
/spttest/xnw6xjpf7i0s,3d7da378362a39fc,1024,0/0
/spttest/shonf9mxrwjv,340ae9165cb0068b,1024,0/0
/spttest/v8ym3d55yw3d,391471c59e8abff9,1024,0/0
/spttest/f9720pp9584b,1bdda9b4787af55b,1024,0/0
/spttest/44dba03t0v16,78737b84245461a,1024,0/0
/spttest/44dxybs5byq0,78771e691a1c988,1024,0/0
/spttest/qeovc1zzs6bh,303ccb2143828dfd,1024,0/0
/spttest/bp73fzux140z,155f0c7f9ca1b3a3,1024,0/0
/spttest/qhsm5townbii,30651cd642d62a0a,1024,0/0
/spttest/9brz1e4ade0,7927227afbae48,1024,0/0
/spttest/cjqyz50hccda,16ebe619c6548a9e,1024,0/0
/spttest/t7mw3gbvho8x,355bff46a13fe001,1024,0/0
/spttest/2zce3lms42nq,5725311104faa76,1024,0/0
/spttest/a1ddbcilrc7e,1255f4a1743fb38a,1024,0/0
/spttest/gj8lhsr6i528,1e33b9d9b142fc20,1024,0/0
/spttest/s90wdnppbllc,339a6d2c4ec6af10,1024,0/0
/spttest/4u868h4bebhd,8d7159da1b6bca1,1024,0/0
/spttest/7agcriymjfpk,d5117e80d575448,1024,0/0
/spttest/5tr73t3rmjdk,aa492d4c0768298,1024,0/0
/spttest/9yp6ezsrofq0,12333f942d600098,1024,0/0
/spttest/b0nroligo14m,14205529fae403b6,1024,0/0
/spttest/g1krwhe8o30t,1d4e5016e486354d,1024,0/0
/spttest/dtqe140wyms9,1941322b5c6d47d9,1024,0/0
/spttest/hdhh32l1mfk7,1fbc9b8dbeb6ed47,1024,0/0
/spttest/q00w7s2cjhz7,2f7e4af57c1035c3,1024,0/0
/spttest/nkbskvs8gn4d,2b0b2b168deac10d,1024,0/0
/spttest/nu8zwqcp60e4,2b8c0d5b0d97507c,1024,0/0
/spttest/qalhy5ewix92,30079ea6ec5b60d6,1024,0/0
/spttest/bd5hy0c6fhb5,14c299e2d4fdfb61,1024,0/0
/spttest/fyfnq01ioa2e,1d257fc0bddebef6,1024,0/0
/spttest/4g2zw2715z9o,81f5de69ac97ecc,1024,0/0
/spttest/4cq0sag2ukfv,7f3b7a3f720e4fb,1024,0/0
/spttest/stqwbd3lx8dw,34a797b7eada59b4,1024,0/0
/spttest/d5rvck7lwdid,1809fccf7afefd65,1024,0/0
/spttest/gswoaczq7dl5,1eb1512a7ebf4689,1024,0/0
/spttest/vu3gs2qeoj3z,3a26f85ef8160cbf,1024,0/0
/spttest/pegymxdhlq98,2e665369f55a0d2c,1024,0/0
/spttest/t27505bq6aih,35155df4f2a030b9,1024,0/0
/spttest/s1q21of88a9j,333b96ddbbe449f7,1024,0/0
/spttest/gp4jc9dnftrh,1e80326438489f6d,1024,0/0
/spttest/qnqwy5dnmzhv,30b26f51442ff833,1024,0/0
/spttest/r2i853wyvsau,31722392e7d6f306,1024,0/0
/spttest/qa3ohgw5ul0f,300130cb9741aadf,1024,0/0
/spttest/zyqeh6gzli68,41b1a8edae8d3240,1024,0/0
/spttest/ilmiw0n03zt3,21f9f551e1299407,1024,0/0
/spttest/ufqiyeln7quz,3798d6547ba3cebb,1024,0/0
/spttest/oblu8nx1fz8e,2c6d80f68572951e,1024,0/0
/spttest/dxbgui6qu2y2,196fc4e62eb63c6a,1024,0/0
/spttest/i1ir3hrtwd2q,20f4cfc5788b6332,1024,0/0
/spttest/fem914eeehlj,1c24178078c19697,1024,0/0
/spttest/pillicovr88h,2e9bf499cdeb8171,1024,0/0
/spttest/kod15cmxeoi4,25c4babdd2834c8c,1024,0/0
/spttest/auc1obgywmnq,13ce2ad7b8858cb6,1024,0/0
/spttest/kfsgcyb3f99i,255563fbaeb7eba6,1024,0/0
/spttest/4aaek6ytu3kq,7d41a943df3d29a,1024,0/0
/spttest/85jjgilr3av,69ea082583c677,1024,0/0
/spttest/c0vw4ueij2qx,15f6e0c5f6a8bea9,1024,0/0
/spttest/kwz1zqm55ujh,2634970fffc5c6dd,1024,0/0
/spttest/1i7zvs062a91,2c04e8229a9e665,1024,0/0
/spttest/2u0y3nh1hhhq,52d3faef53227ce,1024,0/0
/spttest/45kze13ox19,35f8b4c3d6e43d,1024,0/0
/spttest/w4x19uw92ik0,3ab388334b961370,1024,0/0
/spttest/7ylf6kois376,e8aaa1cfd267132,1024,0/0
/spttest/ilh37yvd5xg8,21f7ff4720762198,1024,0/0
/spttest/c9t69niki1pk,166accface11a528,1024,0/0
/spttest/e8pyvx37wvs1,1a03e229d94b8be1,1024,0/0
/spttest/9lmf45qni192,11896474d8ba45d6,1024,0/0
/spttest/oc1gr9oyud9d,2c7324428718b0a1,1024,0/0
/spttest/e5zczjklavid,19e04de3038fb305,1024,0/0
/spttest/1cypolzs7ymh,27c02bdf19b0309,1024,0/0
/spttest/5epmzvudfggi,9e12c043a371612,1024,0/0
/spttest/gz0vfvnruy7i,1f00c4887ce66fae,1024,0/0
/spttest/or94syef4lvq,2d38bf63359fcec6,1024,0/0
/spttest/nohmixfmgvln,2b413aca5dcb05fb,1024,0/0
/spttest/98mmz8birasu,10e09c4b414f0d6e,1024,0/0
/spttest/k0erk1fyiqz,103ef05045fa66b,1024,0/0
/spttest/2f23wd5cz68r,46ad4137a489a5b,1024,0/0
/spttest/e1be57c11sxh,19a3b2fdc09549b5,1024,0/0
/spttest/lp2t6dzaqij3,27a1a51b1195e64f,1024,0/0
/spttest/u4czmtniawhh,37051224b9cb20f5,1024,0/0
/spttest/4w13ihk2lwzx,8ee8291578f3c4d,1024,0/0
/spttest/56z9ub4yfvn1,97cbbe47df36fed,1024,0/0
/spttest/nessai0oimjg,2ac35d11603dfa9c,1024,0/0
/spttest/3cbpi5o3s28p,61af04c08a10d59,1024,0/0
/spttest/5e6rry3m44to,9da5d487aaa936c,1024,0/0
/spttest/95j1zeuxipnl,10b8598ceecceb61,1024,0/0
/spttest/s6sqnr9sbec3,337d8109ea4ded53,1024,0/0
/spttest/tq4sqz9zh639,364c43f0643ab015,1024,0/0
/spttest/say8bxbk68a7,33b3713f6947df6f,1024,0/0
/spttest/8qujxx8bgsvb,ff9a8d403ed5127,1024,0/0
/spttest/mcubwnf42yw,12265e39e84d308,1024,0/0
/spttest/l3gdf3sfvis7,2688c62e89c0bfd7,1024,0/0
/spttest/mki91t1nmxo0,2939e250640c7ef0,1024,0/0
/spttest/80c16zvrsq4b,ea1416befc7fa3b,1024,0/0
/spttest/gh1c6lft2x7d,1e1720de611abd99,1024,0/0
/spttest/celw0a2ttbag,16a91e5c199c0368,1024,0/0
/spttest/8i6573o68jqb,f88f01a9cad2be3,1024,0/0
/spttest/y988a4o4794c,3e92c1be0bcdcdec,1024,0/0
/spttest/iitxyhq8ynkk,21d5aaca5de3ebd4,1024,0/0
/spttest/7xt9w40635y6,e80823a508d46de,1024,0/0
/spttest/nbsm1mrcbgr8,2a9c55455acaa194,1024,0/0
/spttest/fus976enjxca,1cf616402637be8a,1024,0/0
/spttest/itbvfdeq68is,225e077deb8852a4,1024,0/0
/spttest/ause9s9ti85m,13d4110dcdf7faca,1024,0/0
/spttest/bca7ynefg0ac,14b750dbbd5ebc74,1024,0/0
/spttest/6o92tvz4ppkr,c30b430efb36dbb,1024,0/0
/spttest/mfjjmlk1wsts,28f96789d0fa9af0,1024,0/0
/spttest/2aqyc62e33ob,432d8bae8edab5b,1024,0/0
/spttest/kkktv2ivvmu2,259395f79fe56c5a,1024,0/0
/spttest/outafs6nc5lt,2d66fcfa7b5f7661,1024,0/0
/spttest/oxqludokugjx,2d8cfce86c61f34d,1024,0/0
/spttest/33fhcyc7yrq1,5a7658ff033f7d9,1024,0/0
/spttest/7rnwqxmg9ovd,e30a31f3bea9e29,1024,0/0
/spttest/7fkucbdjdrmo,d93a8c35a89c420,1024,0/0
/spttest/4rmi54kzxucv,8b5498d3e5b6aef,1024,0/0
/spttest/c1u2sk9eykjh,16033660f1f56e7d,1024,0/0
/spttest/vrz2d5v8nk10,3a0b6766937a3924,1024,0/0
/spttest/1m889kwtjw0w,2f4590b9fcf65e0,1024,0/0
/spttest/fbnspg2qdl4s,1bfdae955c468e3c,1024,0/0
/spttest/eh7k9i8oioqc,1a722553cb28e5b4,1024,0/0
/spttest/7dyj3hfwtnrn,d7e9e8d4dcea993,1024,0/0
/spttest/9nrty4i25pmg,11a552de27709af8,1024,0/0
/spttest/aoqtio22p95b,13858fe59d09848f,1024,0/0
/spttest/fid591dzx98l,1c54c38401fb5405,1024,0/0
/spttest/fod4jquu5qzs,1ca2b140de228de8,1024,0/0
/spttest/xmjdwf9j8cfe,3d6c074e5def97ea,1024,0/0
/spttest/h6huqxob58cz,1f61d1d005729493,1024,0/0
/spttest/r7lx2vv24wur,31b46af2c7550d53,1024,0/0
/spttest/oou5sgxfphdj,2d195de1b2beb737,1024,0/0
/spttest/vyclyqg7497j,3a5e3a03fd31ce9f,1024,0/0
/spttest/ls02s0x4lb3c,27c7a067c735d368,1024,0/0
/spttest/ki1qnwj3m1dp,2572b83fc48e7f7d,1024,0/0
/spttest/5k7x4ytd6noz,a28b6f2d88c9e73,1024,0/0
/spttest/nijrx7j9h5sh,2af411d554b3bc91,1024,0/0
/spttest/bvyts4skry9h,15b6fd8e8d1eaa35,1024,0/0
/spttest/gdtbdt4ssnhe,1ded4419d3e9a1e2,1024,0/0
/spttest/rb5suipeggqf,31e28f395a472ab7,1024,0/0
/spttest/24zylevgniic,3e82929ad60c974,1024,0/0
/spttest/52l9rd3jsqnm,943b980138ce4f2,1024,0/0
/spttest/98mlvbdbvbxb,10e09972fa56fd1f,1024,0/0
/spttest/nebe5h0rzhh2,2abd1687478e8e36,1024,0/0
/spttest/g17bmbr86gws,1d4975869d471f1c,1024,0/0
/spttest/rmfh234cftm8,3274ee7afb300fb0,1024,0/0
/spttest/q1mgf5io42fj,2f930fca3bc2954f,1024,0/0
/spttest/1gkhcdj5h75w,2aad53717865f84,1024,0/0
/spttest/h3331huc71it,1f3585cc34851775,1024,0/0
/spttest/rn3vjnr7tfoo,327dbc7dde3bd7a8,1024,0/0
/spttest/hg6oo4qjt3yg,1fdfaebc13b29448,1024,0/0
/spttest/6ffsmx93hr0l,bbe394dd72bda05,1024,0/0
/spttest/191oc9dyl6er,2491f5faf7f59b3,1024,0/0
/spttest/qnpcszcom5md,30b1df43e5a4bdf5,1024,0/0
/spttest/a1nti0s0ymwv,1259b9d760cc187f,1024,0/0
/spttest/eeg22qe71ivv,1a4e3e34556f94db,1024,0/0
/spttest/928t8qe2c1hv,108dafab8ce76c93,1024,0/0
/spttest/26qvdw7ev645,3fedc20fd49bab5,1024,0/0
/spttest/3b0d9fdkz7vd,609db93f5b32a99,1024,0/0
/spttest/rx9lxokr08d3,3301b29c29c1b557,1024,0/0
/spttest/ldek5hi19puq,270a03499b236422,1024,0/0
/spttest/92bwrol0ddui,108ecdd2a21f3b5a,1024,0/0
/spttest/42roxpmqg5ss,7726d681c42c35c,1024,0/0
/spttest/7ct7p72rnyai,d6fb6364a43005a,1024,0/0
/spttest/qajritcinn2o,3006fe7afe0a2690,1024,0/0
/spttest/5wp55mx24avb,acaccdd0df11607,1024,0/0
/spttest/trrpv7hf94iw,36618644f2040228,1024,0/0
/spttest/9bbsn9hses4w,1103aa8e256455f0,1024,0/0
/spttest/5zywan9uvd4g,af54994c3b7e630,1024,0/0
/spttest/zq2qyyempkvn,41413617d6e1a3f3,1024,0/0
/spttest/3elxkgj6jg3d,6389b2ee764ca39,1024,0/0
/spttest/f9g4rscpo1tr,1be0f0148ebc083f,1024,0/0
/spttest/q74hw3z71k9v,2fda8479f1af1fe3,1024,0/0
/spttest/8ikta0aujvao,f8e3b0b9a14eb30,1024,0/0
/spttest/xfoo0jhxxxb2,3d13024d3180fbde,1024,0/0
/spttest/yzcp9gn3aqqc,3fe6177609b384d4,1024,0/0
/spttest/x7nvas8455qk,3caace91e79e904c,1024,0/0
/spttest/4cw3rg9c1jms,7f5e97ccf0929a4,1024,0/0
/spttest/8itewwa7bbfl,f9155810831dda1,1024,0/0
/spttest/1m5b5ep5wud2,2f34b57349aaab6,1024,0/0
/spttest/cfq6fuljcjl6,16b7a7db6526f52a,1024,0/0
/spttest/qi9hkwze7roq,306b33580004c1ea,1024,0/0
/spttest/9xttz1jjbiha,1227f03cab4c214e,1024,0/0
/spttest/71785rf2bze1,cd8e577a29d55e9,1024,0/0
/spttest/xkuf7v0i02r2,3d5608396a8b0fee,1024,0/0
/spttest/hr84uv1irb6z,206f16758ebdd76b,1024,0/0
/spttest/1r1hswtmyi5u,332dd389e66fa72,1024,0/0
/spttest/e4q05lmha8nm,19cff0647170a352,1024,0/0
/spttest/zs5m6trb4z18,415c39718011115c,1024,0/0
/spttest/k0grbxu8tgve,248e54dd5d4a0aaa,1024,0/0
/spttest/6eymmuvkml55,bb807a50005e489,1024,0/0
/spttest/7znnwul7w6a2,e98768162a8a2ca,1024,0/0
/spttest/tji03fz9hlq0,35f61ac723dc4d38,1024,0/0
/spttest/14559ob5e1hb,2096da10061efff,1024,0/0
/spttest/nofopu1s3oxg,2b4087ad82f700f4,1024,0/0
/spttest/rd7x6ffia87h,31fd4d95fd38a60d,1024,0/0
/spttest/3qe183i3gz8z,6d1a0b33b00b173,1024,0/0
/spttest/f8z3nkx31d07,1bdacaf46010ff17,1024,0/0
/spttest/8vtmwan2arai,103a46532ff846aa,1024,0/0
/spttest/xvmir6atp4sx,3de2102d1dc8a991,1024,0/0
/spttest/115p0w9e1iy2,1e2a88c7816a82a,1024,0/0
/spttest/cfoj6gpz8sxd,16b70fce8aeacb71,1024,0/0
/spttest/dozcqx718zkj,19037be86b461313,1024,0/0
/spttest/k7x1gk0h163a,24ef218a5fdac616,1024,0/0
/spttest/7qy6rp1j3p8s,e275b42844b898c,1024,0/0
/spttest/kjtyz71oley,10af10829524f6a,1024,0/0
/spttest/i1c5z3282e5e,20f26f5dc128f422,1024,0/0
/spttest/y1dpig89mnyi,3e2cd1bdbb1a6bca,1024,0/0
/spttest/p8uhl8b8ya0c,2e1d454a29073b2c,1024,0/0
/spttest/76t5b0amhud3,d21c0876550b1f7,1024,0/0
/spttest/yfi1uuemuvij,3ee43c7b2767290b,1024,0/0
/spttest/bbq1u73d1ca0,14b009c80bbbfd68,1024,0/0
/spttest/549dw4bh1ggy,9596a326c2f06a2,1024,0/0
/spttest/zxtvq0oidijs,41a5ed0656abd128,1024,0/0
/spttest/4lb50fowsf55,8634045681aaba9,1024,0/0
/spttest/6nrqeugzc9rv,c2a7211cf155f7b,1024,0/0
/spttest/89424lnpilw4,f13482e6c3a0454,1024,0/0
/spttest/cm7090frsa8n,170ba9c68503f9d7,1024,0/0
/spttest/oyb8agx1q6n4,2d946ddde46ee920,1024,0/0
/spttest/67nliunf14o0,b591ff207eb58e0,1024,0/0
/spttest/e2qdjqfghxml,19b6183dcd31d07d,1024,0/0
/spttest/klqr70232xf,10ba1842bada393,1024,0/0
/spttest/mnpub5hq3nlx,29639735a03be845,1024,0/0
/spttest/rqv90k8ql3f0,32ae94c3a770be8c,1024,0/0
/spttest/43nbu0hzhl86,77dd7925914ecb6,1024,0/0
/spttest/d2v9286xaahl,17e43d5458aeec99,1024,0/0
/spttest/mwy7inu113ig,29db835b3d139108,1024,0/0
/spttest/lr43pd53bf25,27bc16ff6f0547fd,1024,0/0
/spttest/wlm9fsgkopc7,3b8c76769458ea47,1024,0/0
/spttest/g6dq7aoka6ra,1d8cb76f3bdf94b6,1024,0/0
/spttest/50j59nbtgjnv,928fab97dc3c08b,1024,0/0
/spttest/zvvljzgk6fx9,418c9128eeae5a1d,1024,0/0
/spttest/ox4l2xn1enbl,2d850ad9b85b5a91,1024,0/0
/spttest/g6snq97i5dcn,1d921a9cae7cb0d7,1024,0/0
/spttest/8mo2tchheqju,fc35da5b66712ea,1024,0/0
/spttest/6nxhfayt1srm,c2c853838d3ace2,1024,0/0
/spttest/dzzi5cbrbgl7,19926b96ae9b2fbb,1024,0/0
/spttest/hxqv7bgf97gr,20c3c839e251ad0b,1024,0/0
/spttest/c6xuyw15bld6,1645860f5a2b89ea,1024,0/0
/spttest/9anl84byz5t7,10faeead7a84b62b,1024,0/0
/spttest/pa92nuyrpz2s,2e2f85c54b51e0d4,1024,0/0
/spttest/ljugzoi4gv9,117ef928ced1065,1024,0/0
/spttest/v4tm1kau9tkd,38deaec68387c3ed,1024,0/0
/spttest/h16g7oayodpy,1f1cc22f3fb86576,1024,0/0
/spttest/5v7x6px32c5q,ab798e5c7a8c10e,1024,0/0
/spttest/t4tyycouhfoh,3537956acd3be7a1,1024,0/0
/spttest/gq48covbs1xv,1e8d13748b743fd3,1024,0/0
/spttest/qbz4at8le56l,3019860bad6cb6bd,1024,0/0
/spttest/db9vcc2nyc42,18516db4d50df0d2,1024,0/0
/spttest/dxgxj5ex8pv,b4efee92dc1c63,1024,0/0
/spttest/nkjhxwkz1uku,2b0df2bd101c640e,1024,0/0
/spttest/4c7f02p0hr2w,7ed011ea42fc758,1024,0/0
/spttest/kqfq0hhsl1ms,25dfadca10278b84,1024,0/0
/spttest/aopl25ogj2qb,13851dd35f77d493,1024,0/0
/spttest/u43syjs6h7di,3701c1b45a8aa596,1024,0/0
/spttest/drgf6m33b296,19239eee6fc48f2a,1024,0/0
/spttest/skzqvcj39rgr,3435e1c06b72824b,1024,0/0
/spttest/qg4tg0lbz2s7,304f896de53357d7,1024,0/0
/spttest/xj063r9v0bsp,3d3e20892541eeb9,1024,0/0
/spttest/a0r9zx2o25y9,124dfc047636baa1,1024,0/0
/spttest/zm8pqqkr1i9h,410f681fcb5cfdb5,1024,0/0
/spttest/nzsqh7l3m9p1,2bd41ece4e81e195,1024,0/0
/spttest/o80l5wihvu2t,2c3ede2bbbb82305,1024,0/0
/spttest/wvtxemswers0,3c111f1ac4207420,1024,0/0
/spttest/nzhrv85mqkbm,2bd02a51e75d3362,1024,0/0
/spttest/xlilr9r2pmzg,3d5ec1d7142a1e9c,1024,0/0
/spttest/w53ppsijlqzy,3ab5f11fd184f6ee,1024,0/0
/spttest/qkmyd4li879e,308a09b525421cc2,1024,0/0
/spttest/j602mow7k6yk,2302a1e480bb473c,1024,0/0
/spttest/du42hlibjkcj,194621b5d7a7f0c3,1024,0/0
/spttest/q67633tz2cl2,2fce7e0896413336,1024,0/0
/spttest/1oykl7a8cfr7,317d4c038f0fac3,1024,0/0
/spttest/n1y1vgj6tpug,2a1c67284cdcda18,1024,0/0
/spttest/y3n6mz4hlhm6,3e4a378275d83d6e,1024,0/0
/spttest/pcgqtm8ke4ny,2e4c44d9dc52631e,1024,0/0
/spttest/geebit7t1244,1df4d830c50ac9f4,1024,0/0
/spttest/dq3g4o9d1y9j,1911f350a77cd4b7,1024,0/0
/spttest/v03eiqwc3pq,192b3b0df3b05ce,1024,0/0
/spttest/89si1ccz4ff8,f1c19d6e8a8da14,1024,0/0
/spttest/lxjnp8yftx0d,280fa35e849f435d,1024,0/0
/spttest/x2olckfpoe0r,3c6a1f1fb20ef1fb,1024,0/0
/spttest/kztwhag0582b,2659b2d8ff4ad813,1024,0/0
/spttest/bjvpy6y1uap9,1519ff8a445cdaad,1024,0/0
/spttest/fuwo80ug47xd,1cf7ae4544e64921,1024,0/0
/spttest/oeee6ykdfic0,2c91c8fb4068a790,1024,0/0
/spttest/6sbp3fh26gal,c659b14f56e6dfd,1024,0/0
/spttest/xdeyvl5r72d6,3cf587f9e8fe46ba,1024,0/0
/spttest/ep2d1rkm4qs,bee4dca44df184,1024,0/0
/spttest/mqvv4o53ryjs,298cbb4afd237ea8,1024,0/0
/spttest/6n11kcr6z2j0,c20d0be42a8c98c,1024,0/0
/spttest/dm0qdekt7rrc,18dd0376a9f7b548,1024,0/0
/spttest/cccwdwsh6ni0,168be580ed5d9d78,1024,0/0
/spttest/qb1b3ni7kq76,300d52f9c185e0a2,1024,0/0
/spttest/ij7nizelvs8m,21da9d2ec4e87db6,1024,0/0
/spttest/wrw7x1jtvfji,3bddfdc8b7d4196e,1024,0/0
/spttest/8mlhxj9ysu89,fc26f53f0651e09,1024,0/0
/spttest/zvce3to4nnjt,4185a30d0d244af9,1024,0/0
/spttest/ittsy24v6nbt,22647fc1360c6a99,1024,0/0
/spttest/x7dzk7vycymo,3ca73dd2b727e850,1024,0/0
/spttest/c33s7lqoa8yj,1613b42a8d9b1bdb,1024,0/0
/spttest/cihcc1067dv2,16db6f6f715917ee,1024,0/0
/spttest/3mhewb1dhyc7,69ee3dbcb044917,1024,0/0
/spttest/ekll94h0pvtf,1a9e2cca9b2cd153,1024,0/0
/spttest/zj2caowy76s7,40e623a54d9d0017,1024,0/0
/spttest/ppev5zwwukiv,2ef47398f5bbd367,1024,0/0
/spttest/wa4zcfmentmd,3af7587b6271cbb5,1024,0/0
/spttest/n7shx7dv3u7h,2a6855aa53483ead,1024,0/0
/spttest/nodsx9ino14o,2b3fd9bbe4cbeab8,1024,0/0
/spttest/ln5ocqzknhb4,2788b3524b845760,1024,0/0
/spttest/oak4d9ya94k5,2c5fe4f4d1056155,1024,0/0
/spttest/hbmbuhra285e,1fa46170ecdfbbc2,1024,0/0
/spttest/n2pjreibhvoy,2a2652feb820cdb2,1024,0/0
/spttest/nhbumus834i6,2ae438970d30918e,1024,0/0
/spttest/37wayps7dfsy,5e16c709a0df842,1024,0/0
/spttest/swxhycgjcjt7,34d0f137b008624b,1024,0/0
/spttest/qfpc57dou07g,3049f38449e7788c,1024,0/0
/spttest/61km8r36nzw1,b0a1d2576897771,1024,0/0
/spttest/b13aw6pdrb3k,1425effa778301f0,1024,0/0
/spttest/fdqx4b9d53jn,1c18c98639084233,1024,0/0
/spttest/gwe8pfru1w5a,1ede9f962a37b2fe,1024,0/0
/spttest/ozoscxou01de,2da64f66ef3854f2,1024,0/0
/spttest/mkvxayf2h88h,293ed15503dac1f1,1024,0/0
/spttest/w012mp6amq40,3a740adee5185fb0,1024,0/0
/spttest/ves9w4b75vl6,396017cc0cf9e22a,1024,0/0
/spttest/qu97aqunzk3w,3106f80ab4071f8c,1024,0/0
/spttest/t7bpknaw1l6p,3557f67d7b5c1981,1024,0/0
/spttest/ary2jbo3z2e6,13af25623513a9de,1024,0/0
/spttest/zttv3lvwl2bg,4171f6668bc70afc,1024,0/0
/spttest/bzlx2w1wn17w,15e64a42b9c2a9ec,1024,0/0
/spttest/ufmzpixhp0aa,37978fd7ae4302b2,1024,0/0
/spttest/exjdm2lpfmro,1b463cc9fb5bee04,1024,0/0
/spttest/dbann34xfqcu,1851b6508c27742e,1024,0/0
/spttest/5bx42hr39puf,9bce6a0d6a7aa17,1024,0/0
/spttest/494skgdnrwr1,7c5170d70c5a98d,1024,0/0
/spttest/xlrep2rocj6u,3d61ef0997dbb026,1024,0/0
/spttest/dwa7lbgu2ou1,19625387018cf839,1024,0/0
/spttest/7uzcwnri1e7a,e5bbc674da80c26,1024,0/0
/spttest/bbctqwqyxhsm,14ab443bd4256256,1024,0/0
/spttest/8g9awmh32lto,f701957d99501fc,1024,0/0
/spttest/wk02p7l5423m,3b7777d0e7e22ca2,1024,0/0
/spttest/lzshhaihbsq8,282ccd3c2c857f30,1024,0/0
/spttest/s6k5k7wksxia,337a67f58b751ca2,1024,0/0
/spttest/9kk8037etqfc,117b9c366e4ba508,1024,0/0
/spttest/ahxcps7oyvz4,132cfe90f9946a60,1024,0/0
/spttest/p5fn4th59sml,2df0f238896cd22d,1024,0/0
/spttest/wb3nahe61qrb,3b03da7127618bb7,1024,0/0
/spttest/lj4i93ycw973,27545245ad73ba8f,1024,0/0
/spttest/o82qbv2ba82v,2c3fa42937682a67,1024,0/0
/spttest/uyllwbverwiq,388ddbea841b3762,1024,0/0
/spttest/d5om813itkjn,1808d04a6ee95b43,1024,0/0
/spttest/2s847v4h7kf3,515db714ebe541f,1024,0/0
/spttest/lcvqni31tj3s,270338f83c5b72f8,1024,0/0
/spttest/38w476q0rgeu,5ee5856fd1a53d6,1024,0/0
/spttest/239qch21is63,3d1b52b1a05581b,1024,0/0
/spttest/rkzwblo76nl1,3262527f297c93e5,1024,0/0
/spttest/dayag9zxsug8,184d400e22544628,1024,0/0
/spttest/xh0gdfa90ydk,3d24405e7cccef08,1024,0/0
/spttest/cczszl5vpe7k,169429414908d730,1024,0/0
/spttest/nb17jkr7jywl,2a92721edad7ea75,1024,0/0
/spttest/167r76gq5onb,2245925f34dc607,1024,0/0
/spttest/7ddq0qi369n8,d771c955f968154,1024,0/0
/spttest/hotrtp4d0eak,204fed5a273cd55c,1024,0/0
/spttest/wp91ocal3n0k,3bbba6c94006f444,1024,0/0
/spttest/snhdhybesffe,345638956663771a,1024,0/0
/spttest/45bonabc58et,7939e8abd3eb1d5,1024,0/0
/spttest/215j52z7vjdu,3b636b1d5daa6e2,1024,0/0
/spttest/qt81ihp2yzb6,30f98f92fd67bd42,1024,0/0
/spttest/cpwqrvd6d1rm,173beace65bb1432,1024,0/0
/spttest/fq9hn6img4cp,1cbb5be4d685f809,1024,0/0
/spttest/hrufmcqa4gn6,2077222d80bd5f42,1024,0/0
/spttest/vla0i42s958y,39b46de0201e26d2,1024,0/0
/spttest/i81c067qv5vu,21497395bb95658a,1024,0/0
/spttest/n6u7bgwukwhp,2a5bf5f02900ff7d,1024,0/0
/spttest/pch9k612sg1s,2e4c74ed69668640,1024,0/0
/spttest/qfms3ytbpi2x,30490760584f86c9,1024,0/0
/spttest/dcmb0lqxe17v,1862e799349bb6ab,1024,0/0
/spttest/g0k71ycffs5y,1d411d5754a0bb56,1024,0/0
/spttest/rvnxff3ssl7m,32ece2bd5e369262,1024,0/0
/spttest/qxtugsk0ygin,3135629ef339181f,1024,0/0
/spttest/5svty7m043e0,a9941a953c3f228,1024,0/0
/spttest/wklxswgvbx72,3b7f5b59fd933bce,1024,0/0
/spttest/a5k693zzn1x5,128c5e1d8ae94879,1024,0/0
/spttest/xfo47wdg213l,3d12cf829eff9611,1024,0/0
/spttest/duvo8iu9p81b,19501774120cf5ef,1024,0/0
/spttest/s2krf722mfvy,3346ab057e82b3ee,1024,0/0
/spttest/nxzt4kp1rav8,2bbcb1aab9c654c4,1024,0/0
/spttest/8kxr1mkr75w8,face09df4d68498,1024,0/0
/spttest/j1nh69a5qkvz,22ca2164dee7893f,1024,0/0
/spttest/bbv38ioeqg0z,14b1db358be921a3,1024,0/0
/spttest/8wxipo8gwxv5,1048aa51cc5a6371,1024,0/0
/spttest/1fhm5wq4oexa,29ccf38c58fcd8e,1024,0/0
/spttest/9ezue2sbpai,7a506f37f498ca,1024,0/0
/spttest/nwjaieqrv2yj,2ba9bec1208823bb,1024,0/0
/spttest/sttw5uq5fmod,34a8ac6e2fff0d8d,1024,0/0
/spttest/q4hzt4u0cth8,2fb86b771e58d83c,1024,0/0
/spttest/agw274l5b09t,131f89f42dc96f21,1024,0/0
/spttest/6g3ge6zwno12,bc6c2baf6074566,1024,0/0
/spttest/miyejwx6mtck,2925bbcfdaefe814,1024,0/0
/spttest/f0mpld0awhde,1b6e6867143779f2,1024,0/0
/spttest/owqd51odnksz,2d7fe951bfe8a613,1024,0/0
/spttest/rdzcp60robvv,32073359ca7bed2b,1024,0/0
/spttest/t3hy4jcgfhr5,3526419dd801f7a1,1024,0/0
/spttest/oxaow9j31g3p,2d873ed902d7a6c5,1024,0/0
/spttest/iar4gu7jkqf4,216cbc55906811c0,1024,0/0
/spttest/c5pub9jjy4ay,1635a42c6c2fb94a,1024,0/0
/spttest/c1vaml92jb8f,1603a6d8f86c959f,1024,0/0
/spttest/fsbo6s1a6uty,1cd61fef70df0f96,1024,0/0
/spttest/79qemd3bduah,d47bb1882470199,1024,0/0
/spttest/ryrcpli5uk56,331516d3a88dfe7a,1024,0/0
/spttest/xqesw0c03dnr,3d9e54f2f3fe17e7,1024,0/0
/spttest/goqy3akkb8tr,1e7b4b1571f8c56f,1024,0/0
/spttest/6yy99curp8mq,cbbae76335b2af2,1024,0/0
/spttest/efow9fynywmo,1a5e6bdbdfe248b0,1024,0/0
/spttest/r83nwecgox9e,31bad205b8a95e62,1024,0/0
/spttest/hjvhej582arb,200f9910f5468ef7,1024,0/0
/spttest/j5yte6wp2vcv,23022dd395ae243f,1024,0/0
/spttest/7x8qm57hvap9,e791967176344ed,1024,0/0
/spttest/63m5pfebon7w,b24a5f767939e8c,1024,0/0
/spttest/cfcradf0lf7o,16b2d03155fc2c44,1024,0/0
/spttest/dr2gfh2e4oeq,191e94f9299d3a92,1024,0/0
/spttest/ei4wnnzgneon,1a7e2d4725415617,1024,0/0
/spttest/j6nfkqxn1vxi,230b0f94302d92e6,1024,0/0
/spttest/twrd2w8krr7i,36a257bee4e0f67e,1024,0/0
/spttest/mohglvd3c95i,296d8e5cfc022056,1024,0/0
/spttest/rgwaijt5beij,322d1069bca5873b,1024,0/0
/spttest/qznvxrqy0hgg,314d36b361b45260,1024,0/0
/spttest/mh1i54yz65ex,290cdf9cfaa8abe9,1024,0/0
/spttest/rbnpj3t1y4oo,31e9055770777138,1024,0/0
/spttest/nsok3o1dkdz3,2b77b02d056e94bf,1024,0/0
/spttest/x1dt7drdb5ds,3c593df91decf900,1024,0/0
/spttest/55n4shpdn7ec,96b5d422946c634,1024,0/0
/spttest/5q2k1u8sgcg9,a74b711d92c7f09,1024,0/0
/spttest/nilauktz1eyi,2af49ec3945d58fa,1024,0/0
/spttest/kb4cgn3cjg7t,2518bc1e3e6bc0d9,1024,0/0
/spttest/sxfxzhkr6ijf,34d798fad76d3e5b,1024,0/0
/spttest/nhakp6122ln4,2ae3c2ba904a6010,1024,0/0
/spttest/cwez82hm3a7m,17906ea7dcc63072,1024,0/0
/spttest/5kfgma3prici,a2b6f829ba05aa2,1024,0/0
/spttest/fg43yc0i1omb,1c37865bf95ac4e3,1024,0/0
/spttest/ehx7gw2b1g25,1a7b66129c113a8d,1024,0/0
/spttest/dmllhvuac1x7,18e48aafdcf646bb,1024,0/0
/spttest/i8ia6tn7gczd,214f912ffd9018b9,1024,0/0
/spttest/7mondkcorfvg,deff5296747d11c,1024,0/0
/spttest/k872w54c79om,24f2c0e64c2498c6,1024,0/0
/spttest/1gvopcn8shfc,2aee026b1230b38,1024,0/0
/spttest/hmjwmzoacddc,20326381d72d28b0,1024,0/0
/spttest/82luzgp8456c,ebec7af98efbf34,1024,0/0
/spttest/7k3lwovm8ivj,dce63259066438f,1024,0/0
/spttest/p1xwvdjdini,1456eccd9cad6ae,1024,0/0
/spttest/ans791ycijz0,1379123e8500d99c,1024,0/0
/spttest/gj5dlnj29ro8,1e32907e7d4b1258,1024,0/0
/spttest/7riffusbg0qz,e2ea8df733fe2cb,1024,0/0
/spttest/4eg4muikw15r,80a2058c59849df,1024,0/0
/spttest/ri0ps13gev39,323ba64e1fbba0e5,1024,0/0
/spttest/1htp6egv5hia,2bb25e2f92e06e2,1024,0/0
/spttest/85b6mnnull6u,ee1e548389ae886,1024,0/0
/spttest/l21h1w3ibi0s,267668b9093aadfc,1024,0/0
/spttest/js97f9wjmtxt,2423b127b9940411,1024,0/0
/spttest/7g9yyqfqghf9,d9cb9d48147d235,1024,0/0
/spttest/3aih6zj3iz2o,6036709f0624110,1024,0/0
/spttest/mmd4qgbcni88,295203e9f824d408,1024,0/0
/spttest/a9c6a3jfp6yu,12bd7044493e3a86,1024,0/0
/spttest/2mld519vf1m2,4ccb3946dcc48ea,1024,0/0
/spttest/a11htthsznsp,1251abca9a02f339,1024,0/0
/spttest/k5sy6idw3oxx,24d3ad240b97b505,1024,0/0
/spttest/v2d438fhkagh,38bec04e161cfef1,1024,0/0
/spttest/l7f0xkmory9n,26bc3ecd2f24963b,1024,0/0
/spttest/7y4bz5ok69o0,e847fa08ddd7a70,1024,0/0
/spttest/9vbo6dpg3kdd,120768393373ede1,1024,0/0
/spttest/2z3xf5mk3cu1,56f4553718b1fb9,1024,0/0
/spttest/g20tnxd0b8b3,1d541a80c6f822cf,1024,0/0
/spttest/k42uqixwffxt,24bd45792155e271,1024,0/0
/spttest/remkeb4scftl,320f93929e6a3719,1024,0/0
/spttest/23q16f6r8ohf,3d796da405a70f3,1024,0/0
/spttest/8k9kxi63x5xt,fa4281736b1b751,1024,0/0
/spttest/l48ep0x59y63,2692e3c3f1589e3b,1024,0/0
/spttest/7q76tk52ubbj,e1d9d733b4a8acf,1024,0/0
/spttest/c9lwguz9n56t,16682d4202076f05,1024,0/0
/spttest/eqmygnzw4n1s,1aec9a97c24449b0,1024,0/0
/spttest/tx1mogzsnxvh,36a60c0ed6d4133d,1024,0/0
/spttest/ynnw032l5y38,3f4e41b921dce8d4,1024,0/0
/spttest/pyxee89fp6r4,2f700adf7fb42170,1024,0/0
/spttest/xlmoc5689u8b,3d6039eead5a314b,1024,0/0
/spttest/6j0np0tlez9a,becb820c6e4b2fe,1024,0/0
/spttest/8dma1batkgt4,f4dd020ea862718,1024,0/0
/spttest/zxy32mtrtwho,41a7715b79d0b8bc,1024,0/0
/spttest/vl6231di2mbf,39b30075ac6d537b,1024,0/0
/spttest/33ssosky2fuo,5ac336aba35aec0,1024,0/0
/spttest/diumm22owm5x,18b3d7d662793835,1024,0/0
/spttest/w0hbq41gqsf9,3a79e8190e058665,1024,0/0
/spttest/9iopw1suk9lc,1163411181994b90,1024,0/0
/spttest/3hz30kdort7r,66451b7aac178a7,1024,0/0
/spttest/vhd1bvtt8s0k,398190133b06c0d4,1024,0/0
/spttest/v1j1koltduqr,38b3e6cdd5a40de3,1024,0/0
/spttest/7vkz8wgo0et2,e638974d448a2f6,1024,0/0
/spttest/pydy8e42wa56,2f69066867efad5a,1024,0/0
/spttest/wq10dc0loq4n,3bc5bdbf212dcf47,1024,0/0
/spttest/6tl355tm5yk7,c75fbb27bd63837,1024,0/0
/spttest/l1cjiz3w1wfr,266d69ddaa981677,1024,0/0
/spttest/yuanuxh4wbv8,3fa468d6e40dfc14,1024,0/0
/spttest/qxr2y32m5tih,313463465f0cf2a9,1024,0/0
/spttest/vqi5s8rkyc6m,39f850a7efdcd22e,1024,0/0
/spttest/1fsykf9ro7qf,2a0e718ab85ec27,1024,0/0
/spttest/2s0e68rd15p9,5131209f9994c1d,1024,0/0
/spttest/3sl7zpf111nt,6ee332759704ba9,1024,0/0
/spttest/bakvm1a3b2k,92b313401e68cc,1024,0/0
/spttest/6bungf68nwdj,b8fa08228d2d3a7,1024,0/0
/spttest/cil45fjtdhvo,16dccbe9730c34c4,1024,0/0
/spttest/nmjkclwipu5j,2b27f36e762b86e7,1024,0/0
/spttest/m5re6pay3wpw,287a57f4837ca264,1024,0/0
/spttest/39c6s1ogqejc,5f424d997c04c18,1024,0/0
/spttest/qry0wud5rijm,30e8f5179591efa2,1024,0/0
/spttest/5qwxxglwfxs9,a7fadb9d4472cc9,1024,0/0
/spttest/lj7anjicbaki,275553e115370e42,1024,0/0
/spttest/axi76hom1q9q,13f75af24879013e,1024,0/0
/spttest/lu3j9jj2q8n0,27e2da53181d8c3c,1024,0/0
/spttest/4q3ykzynaxvk,8a19b7b6e093900,1024,0/0
/spttest/eswfag1vxn97,1b09ff986dfb96fb,1024,0/0
/spttest/l2n1qjuo9qx2,267e3187752af086,1024,0/0
/spttest/xutwfibmtia5,3dd7bc9633b6c3cd,1024,0/0
/spttest/fhmz0n4njgsk,1c4b51f2bfbb52c4,1024,0/0
/spttest/23nvbkzff61z,3d6cf16d4f4a767,1024,0/0
/spttest/7s4qwclf1yhl,e36b65f989807d9,1024,0/0
/spttest/k1o1flx6by5q,249df29e53f47bae,1024,0/0
/spttest/1723znhgl3ho,22f4d03a53628ec,1024,0/0
/spttest/tr2tz3x70nqk,36588b9abbd7f32c,1024,0/0
/spttest/c0fbz6z6sutc,15f0e729b996dd00,1024,0/0
/spttest/1sh0yw5hmtgi,345752d8093a3a2,1024,0/0
/spttest/trez49a13eav,365ced381f220427,1024,0/0
/spttest/vic8vqzor914,398e445707884a78,1024,0/0
/spttest/v1ufhfwldqu5,38b8028b6e43ae1d,1024,0/0
/spttest/69xawwjdblwe,b769aeb52b79c9e,1024,0/0
/spttest/ujzk37tt62tp,37d00d9470f454cd,1024,0/0
/spttest/pvan4up5qnqq,2f40dd0e99f903b2,1024,0/0
/spttest/krcvi6vhtls7,25eba40837dc8087,1024,0/0
/spttest/bx865ue6hl8s,15c759e4f64c63cc,1024,0/0
/spttest/tcrvqjwqq0f,17d4c66fa6db22f,1024,0/0
/spttest/bwnsr76co85h,15c000216ca6d345,1024,0/0
/spttest/8bp40vu0r5h6,f34db4b658d7c7a,1024,0/0
/spttest/249xger3d3ra,3dec4aa86616346,1024,0/0
/spttest/uwr4l7t4tsa,1917f16c48578ca,1024,0/0
/spttest/lzhqbc6kb7yr,2828ebda2497e913,1024,0/0
/spttest/jnsrzfo1r5fr,23e9ce9ee43c0547,1024,0/0
/spttest/6wof0c3b2sws,c9e2704808f95dc,1024,0/0
/spttest/olg617qzba5e,2ced59944e6b6322,1024,0/0
/spttest/4a4yvwwejpg3,7d2248548671593,1024,0/0
/spttest/h35al838p18x,1f3651e699908691,1024,0/0
/spttest/g9ctzwpup4bj,1db35c92b30e841f,1024,0/0
/spttest/q95c5slyh807,2ff4cca74f3018c7,1024,0/0
/spttest/5x26ew5dkdyb,acf80e04b8864a3,1024,0/0
/spttest/v5ixwgg8ozum,38e7d2682d3b137e,1024,0/0
/spttest/nyn8jfd54oxb,2bc525ae8832802f,1024,0/0
/spttest/xpm5sf85ibtc,3d93ff5e9e104150,1024,0/0
/spttest/6k1eudi5qh7q,bf9fb0adba3d6a6,1024,0/0
/spttest/yqoqfg7nwsoo,3f75878fdeb00c38,1024,0/0
/spttest/l16nbwbe5ord,266b496a467da699,1024,0/0
/spttest/2t5onzoqkk9q,521f80f475b4d9e,1024,0/0
/spttest/3lsv4vhnwouq,6960850d32490d2,1024,0/0
/spttest/worn2sjl280m,3bb55f11b85b3616,1024,0/0
/spttest/zxx2at1m6wpk,41a713017b1cb518,1024,0/0
/spttest/v8kue6xr4a7e,390f79ea1ef60baa,1024,0/0
/spttest/zbq7awwk2l6n,4086d59dd8c66bbf,1024,0/0
/spttest/yk0nhmsjj0l7,3f1ee7a45aa30cbb,1024,0/0
/spttest/quoe1ljxdhir,310c72dfbeaa16f3,1024,0/0
/spttest/w5qeuh8lgn40,3abe21b44b3cbe00,1024,0/0
/spttest/qojt0ejj5aws,30bcdbe4dee0c57c,1024,0/0
/spttest/q81h9vi0ozm5,2fe66b0b2859824d,1024,0/0
/spttest/cvszogzzzuom,17887fb93448f516,1024,0/0
/spttest/bwjbsg6pyw4e,15be6320dcb0681e,1024,0/0
/spttest/n441m65689or,2a388b37e409bd0b,1024,0/0
/spttest/xshc0dkiwf7p,3db939429b1d0705,1024,0/0
/spttest/58aozf3dqcax,98dd80d080489c9,1024,0/0
/spttest/s49go90qrv5y,335c91e7eccfc086,1024,0/0
/spttest/5n4jb0pjzju3,a4e761fddba062b,1024,0/0
/spttest/9e3pr6se94ow,1127b7f63e275e00,1024,0/0
/spttest/9suksiysi0cz,11e742c3de6e5653,1024,0/0
/spttest/q3i6wf1hxpbi,2fab8067311e436e,1024,0/0
/spttest/cwyuacwe5ktn,1797995ad3c886ab,1024,0/0
/spttest/8pszmo7cd7jy,fec1b15eddd6f7e,1024,0/0
/spttest/396upqu2c8w7,5f2380e2a3d1207,1024,0/0
/spttest/309vto5ixioi,57e68b1eee422d2,1024,0/0
/spttest/lly2i9m5hxjo,2778f76eda091114,1024,0/0
/spttest/gvsb5w3ddp8t,1ed6b5ca1b0b1a0d,1024,0/0
/spttest/i6n945i7mlt4,213761c2543c56e8,1024,0/0
/spttest/q26qb5ay9n7z,2f9a6086f3d2b7cf,1024,0/0
/spttest/t042lsq3p8hn,34fa482f2f86823b,1024,0/0
/spttest/i08r6dabdd9g,20e4370982922764,1024,0/0
/spttest/je93upof49nn,236dce65eb5de8e3,1024,0/0
/spttest/abm0rwkkbcuw,12daf85646b839d8,1024,0/0
/spttest/ka7x4s0p84by,250d090089e240ee,1024,0/0
/spttest/agprsdhylu7r,131d4508fb9da237,1024,0/0
/spttest/o5dee64dnhgg,2c1c85d1061c5520,1024,0/0
/spttest/5hov2dfpeizp,a07dc1f4299fca5,1024,0/0
/spttest/cn3s5u0pnvpt,17177d2cb744d951,1024,0/0
/spttest/jiiargtgr2p5,23a51477e685aa69,1024,0/0
/spttest/u48f6h0d8fkx,37036c307de7bde1,1024,0/0
/spttest/fldyl1aje107,1c7c068c757ba797,1024,0/0
/spttest/abednnje3rjc,12d836717c7ad828,1024,0/0
/spttest/ap94tvp8x7fh,138c2b8c4ca6dfdd,1024,0/0
/spttest/c0ujkxy0k07,9c2d732e20eb47,1024,0/0
/spttest/zt0v14g9bmq2,41677f8b62e2b0ca,1024,0/0
/spttest/7efkthzzkjtr,d84c53b6761605f,1024,0/0
/spttest/2f1t3quk9val,46ab860e41a32ad,1024,0/0
/spttest/ptepgfy0531j,2f2859f9630456a7,1024,0/0
/spttest/8wushfc1bms9,1047ae48eba9c919,1024,0/0
/spttest/64wc941sfe2v,b354fb4088bb507,1024,0/0
/spttest/lbj68k3ce71r,26f1b2e9ca0ed32f,1024,0/0
/spttest/v1v3f6gtsht3,38b83ff65614e627,1024,0/0
/spttest/ft510gnarvme,1ce0b784f56eded6,1024,0/0
/spttest/nvrl4g3lgci5,2b9fbfac1030c44d,1024,0/0
/spttest/yww4yw8bf2dn,3fc622fca76444cb,1024,0/0
/spttest/jk9ygw7kc9xx,23bc0c7e31efcd55,1024,0/0
/spttest/n1j7yx99czsl,2a170d4681c83d35,1024,0/0
/spttest/8i7k72epfj4j,f8972f4dac29f93,1024,0/0
/spttest/z52xnb4cciwn,403080d50a8d76b7,1024,0/0
/spttest/6tdfss3wc73c,c7339395b347ae8,1024,0/0
/spttest/h6dhjb7qd4oy,1f603e70e8579f02,1024,0/0
/spttest/vdnv69o1r49a,3951834dce445f4e,1024,0/0
/spttest/fozqzgo4hniu,1caadaec130c3556,1024,0/0
/spttest/9sd2ah5rimiz,11e0f108ce7b018b,1024,0/0
/spttest/ypv4m0qaaz3a,3f6ad8e769464226,1024,0/0
/spttest/fbaog34lal1v,1bf8f2ddb69d7e13,1024,0/0
/spttest/1lftsq95lv59,2ea199cd2bf19ed,1024,0/0
/spttest/l1wmr2wembk2,2674a9817a201202,1024,0/0
/spttest/rg4o3qtlsolu,322318f7d11d9492,1024,0/0
/spttest/gt83rm11l5eu,1eb570eed55273a6,1024,0/0
/spttest/tbts45difjrm,359270aabe0707d2,1024,0/0
/spttest/ofe7g4fk7crv,2c9eb4ee45a4ac6b,1024,0/0
/spttest/e90ze0fhzv8c,1a07db80eef755dc,1024,0/0
/spttest/sm7idy7h7afz,3445ac30248abd9f,1024,0/0
/spttest/luq135f58dfh,27eaf8278bf4c6fd,1024,0/0
/spttest/a7dgvaqnvde2,12a3ed4a534cd48a,1024,0/0
/spttest/2zawmk0vvgnk,571c9dd826fa510,1024,0/0
/spttest/optsl8rt9pob,2d263944a331333b,1024,0/0
/spttest/fsa2rbx5o7mv,1cd58c95a990f5a7,1024,0/0
/spttest/l5yb5jyci9li,26a93982e672c516,1024,0/0
/spttest/ulv4627zhrnh,37e86dc53fabc53d,1024,0/0
/spttest/vq63m65br5oq,39f3f6ac36c1548a,1024,0/0
/spttest/nmj305w37apm,2b27c6ed1af0e4fa,1024,0/0
/spttest/h7ncut773vq4,1f70cb5ef198f65c,1024,0/0
/spttest/y2yzgozvbok4,3e417c437c5fbc14,1024,0/0
/spttest/no9x48wpxohq,2b3e73059643b33e,1024,0/0
/spttest/6yqox6wniawg,cb8f3b3882f9eb0,1024,0/0
/spttest/mt3ed0vztt6w,29a96dbab9e35808,1024,0/0
/spttest/px622tikefbm,2f59301237f5b112,1024,0/0
/spttest/1pchxs0bvcd6,31cdb1aee8d3b5a,1024,0/0
/spttest/ix5162ggxf4t,228f84ac3494badd,1024,0/0
/spttest/uvneppc653d2,38678a731b73e646,1024,0/0
/spttest/c7c1vnnt560n,164aa4f20a44d6b7,1024,0/0
/spttest/4rm66xkrox3u,8b52ae417ff189a,1024,0/0
/spttest/cr17wa2fyaoq,174a8577eda7c19a,1024,0/0
/spttest/j16xnzrn9d0b,22c4297354c35d1b,1024,0/0
/spttest/vlqhif9xce2w,39ba5f686aa1c748,1024,0/0
/spttest/gococjodi96m,1e7624ee14babbfe,1024,0/0
/spttest/2vccya8c1qzr,53e5b1853310ae7,1024,0/0
/spttest/2zrxm4qrs1fk,577eea9326f5940,1024,0/0
/spttest/ndnc6acabg48,2ab4689df9cc4058,1024,0/0
/spttest/b7zwlgzc0bhi,147fa2fc73c07226,1024,0/0
/spttest/62aqpjg24gzs,b138a2e26652108,1024,0/0
/spttest/ekbza90lito7,1a9ab51c39bcabb7,1024,0/0
/spttest/mbk5aqablchy,28c5aa1cdf8ea586,1024,0/0
/spttest/i7mhphi9cmpd,214418b1bf8c7ef1,1024,0/0
/spttest/z7b8rx7n6api,404d7ad813623eb6,1024,0/0
/spttest/7xq6ajjm1osr,e7f63e37489e5cb,1024,0/0
/spttest/9gydhlqq5cwg,114cc26b18166290,1024,0/0
/spttest/h74sh4xmy62k,1f6a1873c655cd3c,1024,0/0
/spttest/4xcyg0llb91,3ffe6c5c8ee135,1024,0/0
/spttest/ck9hodrycu0j,16f294b65a1ea0f3,1024,0/0
/spttest/w2w7rwv6ptld,3a9942000b1fc411,1024,0/0
/spttest/okv4d29pacz6,2ce5c18f1f5f3d32,1024,0/0
/spttest/rpe86m4xvc6p,329b731ceebf8071,1024,0/0
/spttest/ztfvg2qqjmek,416cea22414a1a2c,1024,0/0
/spttest/buq31576jfb4,15a6d8b86186a640,1024,0/0
/spttest/lwolmtmtarod,28046ea634ec4f9d,1024,0/0
/spttest/qsbbswa7lf20,30edc1d255950e78,1024,0/0
/spttest/g3zjnw7v3csq,1d6d9efcf7201e8a,1024,0/0
/spttest/9zb4kmfd1zln,123b2af32226937b,1024,0/0
/spttest/ss9jeie03yr5,3494571216e56ab1,1024,0/0
/spttest/1d8xp3afkmze,27fb2fc231bf85a,1024,0/0
/spttest/wttt480g9jjq,3bf7199601535b36,1024,0/0
/spttest/jp17oomhzjfr,23f9d71c11119627,1024,0/0
/spttest/us8x2cxpiz4u,383b583dedef9f5e,1024,0/0
/spttest/upgye3feaell,381746d1e3d48269,1024,0/0
/spttest/ypkjqbbbv28f,3f6707a56650440f,1024,0/0
/spttest/tehi98qhrtay,35b4fab9315ae61a,1024,0/0
/spttest/5gwpamj0vj2e,9fdb30139c37e46,1024,0/0
/spttest/6bph5ii60mzp,b8dc27ec0452265,1024,0/0
/spttest/kfkkophp7tq,1096772c29628de,1024,0/0
/spttest/edjbpw5uzy08,1a426ecb8f7ce8e8,1024,0/0
/spttest/8qg19mmgh1r2,ff46bc1d44ceb1e,1024,0/0
/spttest/63bfpnygyqdh,b20c7972e264205,1024,0/0
/spttest/jm1uiu3g0kni,23d319ef8950c48e,1024,0/0
/spttest/26r4hfzl0phs,3fef37951e35210,1024,0/0
/spttest/folb5gc5rc4u,1ca5a524251a8b2e,1024,0/0
/spttest/vuwbcpf1h97k,3a3161202a3415e0,1024,0/0
/spttest/1e0gzzjjohws,289a27435247fac,1024,0/0
/spttest/qyj1jrg6ig1p,313e79ffc38397bd,1024,0/0
/spttest/g2flbqbf9oz8,1d596ea195b1c1b4,1024,0/0
/spttest/ggt8fdvcs89j,1e1434493ad710d7,1024,0/0
/spttest/fbexmqvw1pem,1bfa7be7e03952de,1024,0/0
/spttest/cstfblw33zg7,1761b016c6804937,1024,0/0
/spttest/6swxsy3a18c4,c6d4528eea13674,1024,0/0
/spttest/y7a91nnyan0l,3e7981ed65fd6105,1024,0/0
/spttest/y8b8kjgzo6jh,3e86da55175baa1d,1024,0/0
/spttest/ts79vrkbdpyh,36672325fd8defa9,1024,0/0
/spttest/xpa0vxr59nx6,3d8f9e5f4c99225a,1024,0/0
/spttest/patw13hch84b,2e37087c96b4235b,1024,0/0
/spttest/wtwu762c5ryc,3bf8317767e910c4,1024,0/0
/spttest/1eyj2jn92uum,295ec49c0731dae,1024,0/0
/spttest/r2mp3ghfezq3,3173c08c28acbf5b,1024,0/0
/spttest/q29w5xpinaew,2f9b84a7baf43a78,1024,0/0
/spttest/7gn492i8cb24,da1782ecb03b2fc,1024,0/0
/spttest/pbukv2f06sft,2e44457551b85179,1024,0/0
/spttest/qe217n5tmega,30348dbd982393aa,1024,0/0
/spttest/2jiljoorbx,eacfdb5ab45d,1024,0/0
/spttest/vlw4e1eoma9e,39bc67f318667d72,1024,0/0
/spttest/28dknhuwy3ln,4140a50dbfb6ebb,1024,0/0
/spttest/8czw4qtil0ys,f45bc59ce0d7e24,1024,0/0
/spttest/wzry6v8u7ydi,3c445d6845d217c6,1024,0/0
/spttest/v23k4nknwe7h,38bb4dc6c27cc6ed,1024,0/0
/spttest/um1i0vtt0mka,37eabb882c25333a,1024,0/0
/spttest/lyk5ay60pgrz,281ccdca7835992f,1024,0/0
/spttest/vn9zphuvcr7k,39ce66596efe1bc0,1024,0/0
/spttest/j8vaelr1yl31,2327dfc57d7b5c3d,1024,0/0
/spttest/i8c6ia7fae20,214d5d881a0f70a8,1024,0/0
/spttest/mqzhabeskot8,298e093f51927e9c,1024,0/0
/spttest/d1ykw2oim5v2,17d8738741ce992e,1024,0/0
/spttest/b28v5r3c1nok,1434ef12e6619624,1024,0/0
/spttest/otc60w51rbuo,2d53d223201a49c0,1024,0/0
/spttest/34hsixxxe18j,5b53834b90872c3,1024,0/0
/spttest/qtzpba79ufms,31038a94f1cf2fa4,1024,0/0
/spttest/df75hkbbua22,188467a8b9f5056a,1024,0/0
/spttest/stonyfcoiprv,34a6c98899718afb,1024,0/0
/spttest/fyqqoxorb4jw,1d297f6ccbd456cc,1024,0/0
/spttest/2cyrfljzc0wg,44fa4793798ce90,1024,0/0
/spttest/xxmrmbvxp22k,3dfc216fbbaba3bc,1024,0/0
/spttest/95yy625s8b7z,10be15a72c865acf,1024,0/0
/spttest/ghfbivrr3uf2,1e1c2c5580c073be,1024,0/0
/spttest/idiebzp0d76j,21908e1a4335599b,1024,0/0
/spttest/qn2giytmtdib,30a99c585315f3a3,1024,0/0
/spttest/vq1jy17r7v3,19c108530194b8f,1024,0/0
/spttest/1fd1rj0xi44a,29b29687e3e965a,1024,0/0
/spttest/miz35isr00bn,2925faee47b34ca3,1024,0/0
/spttest/vvunkavx8flv,3a3dc4fa09a03e03,1024,0/0
/spttest/7a28wye154bo,d4c00dff46a5e24,1024,0/0
/spttest/wrg807l13fna,3bd8381e30fcf6f6,1024,0/0
/spttest/2bvlton3etui,44183b8a433ed9a,1024,0/0
/spttest/2c0dr6nbw35u,4433cdba78d9f02,1024,0/0
/spttest/nab0s90qmnvj,2a88ff34359d0c5f,1024,0/0
/spttest/72k2tjrx8kyl,cea85cfd830991d,1024,0/0
/spttest/fb37xqwst69m,1bf641edc1e7c0fa,1024,0/0
/spttest/htrvg4cwh5k,e78f8f9b8efad8,1024,0/0
/spttest/hbnqz9e2imdq,1fa4e4a2cb95cbce,1024,0/0
/spttest/sjov8b4fh6fx,3424f7a1918de9dd,1024,0/0
/spttest/y87227ew9lvm,3e8558286f23df02,1024,0/0
/spttest/wfav0h5ibgu0,3b3a69dc15c1bff8,1024,0/0
/spttest/64xpzv04rrth,b35cf5547bcf995,1024,0/0
/spttest/47lxjp79xh2s,7b14b93042549b4,1024,0/0
/spttest/mc54t9r7ckf7,28cd3c99fde87563,1024,0/0
/spttest/2nnvkw5mofup,4da98e329947041,1024,0/0
/spttest/niwzokt8ha9g,2af8d68816642a34,1024,0/0
/spttest/1f8rpfpk33tx,2999e20d52dfe25,1024,0/0
/spttest/8iig8ftv1bka,f8d60d7827bf3ca,1024,0/0
/spttest/iauh0rfzftb,edb87d7fd135cf,1024,0/0
/spttest/2inpxbl9egxo,499981845b15a3c,1024,0/0
/spttest/x9fab9j7hpwa,3cc1b04a4df4805a,1024,0/0
/spttest/nowzydw1sbdd,2b46c6c55f5d9991,1024,0/0
/spttest/rs7lafgg8s35,32c005eebcfc0031,1024,0/0
/spttest/x7riqaxhxg3g,3cac1fcb37d1c4bc,1024,0/0
/spttest/k6854p4n0fz2,24d9287ee89ee7de,1024,0/0
/spttest/j524cbb580l2,22f661c3a92795f6,1024,0/0
/spttest/6b66vubr4hbk,b86cd26bf37d7b0,1024,0/0
/spttest/dez12ioaev0b,18817960b002de7b,1024,0/0
/spttest/wwvukmvylt3w,3c1ecdd405f3249c,1024,0/0
/spttest/91phsaa3m7qu,1086b7471351bbb6,1024,0/0
/spttest/x2fqs3rdn4wo,3c66edbef24f2198,1024,0/0
/spttest/qdxehnjs6wwz,3032e1f7d3bb6423,1024,0/0
/spttest/ga6br97m1s0g,1dbe00d1c9dae610,1024,0/0
/spttest/y1t6f3f0j0xd,3e3266a4d88a1771,1024,0/0
/spttest/z64fzlwbmonx,403e0984940ca15d,1024,0/0
/spttest/v057t3aor2jz,38a1ec62c92a35af,1024,0/0
/spttest/2hl1ylop335x,48ba49d30f81bc5,1024,0/0
/spttest/e96w6zxczfai,1a09fd840e98982a,1024,0/0
/spttest/148w85y0zcl4,20ac7e6f6104278,1024,0/0
/spttest/apvtj03n2is5,13945b04ca66ee95,1024,0/0
/spttest/15fwxrfvn6a6,21a4d8f9bd38a8e,1024,0/0
/spttest/qp2i7xdk2m5b,30c39b34047b949f,1024,0/0
/spttest/rm87tayc65wn,3272502f486c9767,1024,0/0
/spttest/6suk9i071zo0,c6c69aea48031d0,1024,0/0
/spttest/fcc8kvxzpi6j,1c0680261c3a3f4b,1024,0/0
/spttest/mt0o60s0ihpl,29a871c88c949a29,1024,0/0
/spttest/ev74o12np7qa,1b27d6e77199c262,1024,0/0
/spttest/1l4xik4ne94n,2e62b19a7d0ecb7,1024,0/0
/spttest/wfjt7q0vqoyv,3b3da48f0ca1dfe7,1024,0/0
/spttest/3wd4dug84qg1,71f3bfab4bfc6e1,1024,0/0
/spttest/1qk2k9zq195b,32c93dbe1063a8f,1024,0/0
/spttest/1g2wdkqwdtck,2a47d28bed11dd4,1024,0/0
/spttest/jew92stq5eaj,23762845e52e059b,1024,0/0
/spttest/l9tslo23waqt,26db8d76bebde965,1024,0/0
/spttest/4t7t0qd4ccfw,8c9f673b2da41fc,1024,0/0
/spttest/9agjxcrhxt05,10f864c451a90e15,1024,0/0
/spttest/8eclqroxatvd,f574fbda27306b9,1024,0/0
/spttest/t1v10u5nu7xe,3510ff52edb90ea2,1024,0/0
/spttest/nvb4jrpb23jg,2b99cf41031add6c,1024,0/0
/spttest/4axvf49w57mp,7dc924e27cc99e1,1024,0/0
/spttest/805xaxwed0p2,e9f0d3aee2922c6,1024,0/0
/spttest/tiwcab9p8knp,35ee49f49ec6c795,1024,0/0
/spttest/vikyhn7ct3k,1995f5c6161d150,1024,0/0
/spttest/578rev96uayk,980284a53148cfc,1024,0/0
/spttest/6t1gt80gjefr,c6ee76704519fd7,1024,0/0
/spttest/cwxyjf1hu89f,179747e5375a8a53,1024,0/0
/spttest/c9ozx7b2h8k5,16694b3984974395,1024,0/0
/spttest/j5yr5mi59c2n,2302281598dbf25f,1024,0/0
/spttest/w3kiar2217o2,3aa205d6a7d09712,1024,0/0
/spttest/u6t4sdoaf3jq,3724dfc6128539b6,1024,0/0
/spttest/r4orar1ou7lm,318e7972e6276dfa,1024,0/0
/spttest/fw21k2hct8o7,1d069b950cb16127,1024,0/0
/spttest/m475iuxkis1c,28660d1b9f027670,1024,0/0
/spttest/vwvxgqb9xw8q,3a4b3801466c767a,1024,0/0
/spttest/ijpxnse76h6t,21e135cfb69f7b85,1024,0/0
/spttest/dwu4z3z6glld,1969842d86e5f351,1024,0/0
/spttest/8ib1ow28gx9v,f8ab4f329b35c73,1024,0/0
/spttest/pt8sqsor5kgw,2f26383333fb91e0,1024,0/0
/spttest/j80fxber3w8,f9aff57715f678,1024,0/0
/spttest/euvdt6pdwekh,1b2399f1da2ee2c1,1024,0/0
/spttest/rto7ke3b2eis,32d3023d0b726d04,1024,0/0
/spttest/islxlf5puyp6,2254ab7af09e282a,1024,0/0
/spttest/huqikba50aoj,209cb006e3777313,1024,0/0
/spttest/jvg7rjyud2jy,244d3060d4e9e42e,1024,0/0
/spttest/9cb4tj3vxuzv,11106aae08edf62b,1024,0/0
/spttest/5cmeb6n8g2ft,9c6061c946a5459,1024,0/0
/spttest/ottnlkzu5c03,2d5a217d850c9603,1024,0/0
/spttest/o8at2292fgn2,2c428e1b162da7fe,1024,0/0
/spttest/fye47hjyp5iz,1d24f150b493463b,1024,0/0
/spttest/19qucylr1l0c,25234064345af9c,1024,0/0
/spttest/aebxe1uh18pi,12fe4bbd75075b56,1024,0/0
/spttest/qh9x7y6od43g,305e5e3725b925fc,1024,0/0
/spttest/i5kjwxmi3lqa,21296b1b54f60ac2,1024,0/0
/spttest/k3vaszporyll,24ba8bc16a1933e9,1024,0/0
/spttest/m2p9zqewbfbv,28529cb048e89a5b,1024,0/0
/spttest/eb01ez8tczof,1a217ed96f7d4c9f,1024,0/0
/spttest/pb3fehjkojtr,2e3a7981508eca5f,1024,0/0
/spttest/hxyjlnc8df0,e912266d9f4dec,1024,0/0
/spttest/3irynf74j2px,66ebd3251264485,1024,0/0
/spttest/f87kx173rld2,1bd0dcef915053e6,1024,0/0
/spttest/fasje6gets2u,1bf26745d7eb2166,1024,0/0
/spttest/usifukp9kdtq,383ec7c04e9eeffe,1024,0/0
/spttest/x8t1r1prsker,3cb9aa38c3272553,1024,0/0
/spttest/y32swfv22z20,3e42dce5fafd2bf8,1024,0/0
/spttest/qvkvpnizvskw,31182bfd9374dd70,1024,0/0
/spttest/ec3pzk3bbrok,1a2fd041a04737e4,1024,0/0
/spttest/s9xvejxy1tyo,33a652d2b6c083f0,1024,0/0
/spttest/4xzbl91pqu3c,907d91165e847d8,1024,0/0
/spttest/k1vs5uu2f505,24a0bdc6fba06115,1024,0/0
/spttest/e3l7pkbhnox8,19c138ad81761aec,1024,0/0
/spttest/st4mwtcdsxjj,349f8f7cf50445cf,1024,0/0
/spttest/mmc9krwumxwh,2951b3f84ec26321,1024,0/0
/spttest/seafxvee515z,33ded0f622bf8b27,1024,0/0
/spttest/1t20ttbty24p,34d088c83ce9849,1024,0/0
/spttest/yifsy2f9u342,3f0a64a703e65042,1024,0/0
/spttest/bnp8y6d8b4jj,154b9ebcf36a27bf,1024,0/0
/spttest/90cy9nir9irk,107533862e26fa40,1024,0/0
/spttest/mzk4g2pmf197,29fd6616e83eae1b,1024,0/0
/spttest/ct0vwm8sg00j,1764613774908013,1024,0/0
/spttest/miygp49mmn7r,2925c1507cdc3907,1024,0/0
/spttest/r4sw94oegdql,318ff7a299ce578d,1024,0/0
/spttest/kwg1bk0ot4u8,262dba57a176d5c0,1024,0/0
/spttest/fvbhn81r0s73,1cfd06eac4cc6dbf,1024,0/0
/spttest/jps8f199akrh,240396ee256ac49d,1024,0/0
/spttest/jogkgcqgt00r,23f2642355d01d5b,1024,0/0
/spttest/ikgez83s84gh,21eac3d1b18c9091,1024,0/0
/spttest/e6w83znd5znb,19ec2986da581cb7,1024,0/0
/spttest/26klgnjjzqsp,3fc98754e8e0169,1024,0/0
/spttest/lw79fzf9oqq9,27fe2d1cbdb1d251,1024,0/0
/spttest/xffvpcu298kb,3d0fd6b7692d0d9b,1024,0/0
/spttest/az2fttlsk31l,140ba5c1d3246c69,1024,0/0
/spttest/ov6eqs7q5l4w,2d6bb8d012a71040,1024,0/0
/spttest/4337duzphuu,35125af7e8f1a6,1024,0/0
/spttest/16pwc92wqc0i,22ae4f791e2b752,1024,0/0
/spttest/8iym6l2kjajq,f9335ff0aa36826,1024,0/0
/spttest/3s7ypwouh0h8,6e96a9380409aac,1024,0/0
/spttest/fwq3y3hw4f24,1d0f4a8d2a68d93c,1024,0/0
/spttest/urmvkp15szbm,38336450db5bfad2,1024,0/0
/spttest/oyciw5lh8sl5,2d94e5703c4eb7b9,1024,0/0
/spttest/1yug5s8yiadf,3983c7bb42e8703,1024,0/0
/spttest/55re080f13q,43066637e65356,1024,0/0
/spttest/2nn3bxg0o183,4da50680fd82c33,1024,0/0
/spttest/mx1p3l3vf22q,29dcc5921e493342,1024,0/0
/spttest/iup2lomk3mac,226fc7f232d7ff94,1024,0/0
/spttest/gstv7g34man9,1eb04dd066fe0f65,1024,0/0
/spttest/91zfg74v32y1,108a4cf78dafb0a9,1024,0/0
/spttest/lwioq68pdc0p,28024c603c4c3719,1024,0/0
/spttest/f4xvfizhg83v,1ba664758adb8a0b,1024,0/0
/spttest/wmr2veosyoit,3b9b30b6b7704ca5,1024,0/0
/spttest/3iuvoqtnqg8e,66fcab2be197fae,1024,0/0
/spttest/9u0ofh6qop59,11f673907b39974d,1024,0/0
/spttest/el7zna04e2ix,1aa641d28f8de849,1024,0/0
/spttest/q14v0c5fdgxw,2f8cb697a982fa04,1024,0/0
/spttest/nh5gkbxdk83x,2ae1ea479c71670d,1024,0/0
/spttest/shiz5uqs0hs,172062387a19380,1024,0/0
/spttest/mhacerigwila,29101037ffe2ee1e,1024,0/0
/spttest/pozakb3m7kgt,2eeed5365bd1d55d,1024,0/0
/spttest/5qw3jk5fkrjw,a7f5fc2f6236b7c,1024,0/0
/spttest/q5otbm44w8kn,2fc7dea8066d2767,1024,0/0
/spttest/bgyhfv553kva,14f4070ac7899566,1024,0/0
/spttest/84q52a5xmsen,eda4d87f4c34e4f,1024,0/0
/spttest/elb8rlaakuz6,1aa76e53a39a9bd2,1024,0/0
/spttest/ioc70nuecp7y,221d32f3003080ae,1024,0/0
/spttest/1egh1ihvtgby,28f68746172baee,1024,0/0
/spttest/scll6dmqd2eu,33c8dbef11e00f76,1024,0/0
/spttest/9pb636v66rwl,11b94a45864f94c5,1024,0/0
/spttest/tsr2d54l58ql,366e4739b6db107d,1024,0/0
/spttest/wee97cpo78mi,3b2ea61e69afc36a,1024,0/0
/spttest/t2g059zjkad2,351890cec3c8a076,1024,0/0
/spttest/h2s26i316737,1f318b89be649663,1024,0/0
/spttest/q77pb0l9vhxc,2fdbac9a9b7e4980,1024,0/0
/spttest/riko84muz96y,3242d9af911a4f4a,1024,0/0
/spttest/wal98z86h6k6,3afd37c911695176,1024,0/0
/spttest/ztkgv3sdzzq,1d14b2ea5066f76,1024,0/0
/spttest/jwjf7k09d1nu,245b55d7332bf2aa,1024,0/0
/spttest/sadx9zcyj4gf,33ac1d854d791f4f,1024,0/0
/spttest/5y9xlpups4lx,adf4a79239cc755,1024,0/0
/spttest/ee0knphxq9dl,1a48a7fdd9b9a6f9,1024,0/0
/spttest/1w00kobypxr4,37346ee66a56520,1024,0/0
/spttest/t5zwfvg98tt4,3546b66f4e5be1e8,1024,0/0
/spttest/qllnrw7f8s16,30968f6cc7aeeaea,1024,0/0
/spttest/7m7mw6fr7rlo,de9d1a995bd7e7c,1024,0/0
/spttest/4tqxh8zk01ac,8d0dce38fb8c684,1024,0/0
/spttest/i89k91fqgo1h,214c6bb0689d23b5,1024,0/0
/spttest/jchtrste42iv,2356f9555985c7c7,1024,0/0
/spttest/lyjfop56dw9y,281c8c0f79026ea6,1024,0/0
/spttest/tzrms6zewe6m,36c96869373da9ce,1024,0/0
/spttest/vachsrxh0viz,3926712a8d7a249b,1024,0/0
/spttest/k8fgrjdu0zii,24f5c7703b26d5ca,1024,0/0
/spttest/jr8lr1ob3ia7,24167c4a47b09a4f,1024,0/0
/spttest/u31vtoh2js5g,36f4130fc34ffb44,1024,0/0
/spttest/lsbqr8ul0r0a,27cbd5fab3c935ba,1024,0/0
/spttest/9gjgoxva7fw1,1147611d6e328231,1024,0/0
/spttest/fgtw1dkax3rs,1c40d39fcab2bb58,1024,0/0
/spttest/n1x1kn7o6pe7,2a1c0a04b6e2ca0f,1024,0/0
/spttest/xuvgilhenpmk,3dd84c7da095637c,1024,0/0
/spttest/mrgiu1uwdmwq,29942f7ad2299d3a,1024,0/0
/spttest/azskx8n0qxml,14151467684aa8bd,1024,0/0
/spttest/cuo9lmli3stn,1779ce14a3af1aab,1024,0/0
/spttest/rxqps6xv4zgb,3307debdf3a78f7b,1024,0/0
/spttest/89ozbt6a0age,f1ad4bb19a4e6ee,1024,0/0
/spttest/hgtezgobaeru,1fe7e25aa1d6744a,1024,0/0
/spttest/h9x6q3fviiu0,1f8e51d60200fad8,1024,0/0
/spttest/q8jjzmqw6r5d,2fecf0a3a63ab6f1,1024,0/0
/spttest/wx6dq00mp8u9,3c229aa4950d4f01,1024,0/0
/spttest/fhq44btri6qo,1c4c7425047031a0,1024,0/0
/spttest/c4b4pilkrvl0,1623581115b740a4,1024,0/0
/spttest/a1wliuw03x6z,125ce4b057c0aacb,1024,0/0
/spttest/ydc8ld54mssx,3ec8290b03730351,1024,0/0
/spttest/eoq86qb2rxc4,1ad3ce223f394f84,1024,0/0
/spttest/uki1tos314ol,37d6b9b692d760f5,1024,0/0
/spttest/9gt1xv0ruyke,114ad6f24928357e,1024,0/0
/spttest/ymbi8k8iinsw,3f3cccbb0f8cfb00,1024,0/0
/spttest/oxw04ha1u6sk,2d8eef63d2f296e4,1024,0/0
/spttest/i7c5kl3r2fq6,21405ddf8d73f31e,1024,0/0
/spttest/r76bdmerbzka,31aec9be23b91bca,1024,0/0
/spttest/gywlw5usg13d,1eff3a9018708d89,1024,0/0
/spttest/waojaopmaf7b,3afe66ab72c04577,1024,0/0
/spttest/ccyw05jaylqr,1693d49fdcf66893,1024,0/0
/spttest/o4n6p7o04uk7,2c131080c27283b7,1024,0/0
/spttest/1s5hvln389j7,3414c247dd29143,1024,0/0
/spttest/2nyibq43eowz,4de6eedee0048a3,1024,0/0
/spttest/7fuhobe8cyof,d9723f2148fea8f,1024,0/0
/spttest/708riuv7rzn2,ccc76431940902e,1024,0/0
/spttest/q7sftvagzx3w,2fe32805d9bd3a5c,1024,0/0
/spttest/kc5eaqbphihk,25261a74154a5cd8,1024,0/0
/spttest/p7v33jqsr9v5,2e107f384f2d9eb1,1024,0/0
/spttest/cg7zt8jmousg,16be157aa1c473e0,1024,0/0
/spttest/li8zhpuyus3i,2748f2b8656a53be,1024,0/0
/spttest/ribfjpq4p3y8,323f841af58f5c40,1024,0/0
/spttest/ch93fa12dwbm,16cb785f4d6b2ae2,1024,0/0
/spttest/qsiuwbqobe23,30f07964c5878beb,1024,0/0
/spttest/kbciqz0fxwaf,251baf31f23c40b7,1024,0/0
/spttest/7y4nd6r4bt5s,e849cd9c8c8d860,1024,0/0
/spttest/r5l43ebragtk,319a26104e761aa8,1024,0/0
/spttest/t6wup36oajxq,35529a1caabde36e,1024,0/0
/spttest/emtqhg7epj7e,1abb17ac53f4b77a,1024,0/0
/spttest/fex0unjz8lu5,1c27fa90b47b3f8d,1024,0/0
/spttest/9cvdoasx9dkt,1117b8c39133fdfd,1024,0/0
/spttest/gz2pekwyq99y,1f016dc84ab45376,1024,0/0
/spttest/vgco020kzev6,3974709ec41fea02,1024,0/0
/spttest/xv0hwxwkrm9e,3dda1deb8d52cd72,1024,0/0
/spttest/skbdjgkiz9do,342d16b61b83fc3c,1024,0/0
/spttest/sg84m6igoa4r,33f7f5ae7a42c14b,1024,0/0
/spttest/eebjn0w2cbbv,1a4c9d6d8247465b,1024,0/0
/spttest/ujv3r0qh3z51,37ce722f5daaeda5,1024,0/0
/spttest/821wa0u4qdbv,eb793a3b2ab01fb,1024,0/0
/spttest/mioz5yt2ifhp,29225504545f54ed,1024,0/0
/spttest/ahbpshm6w180,13253003546ebc30,1024,0/0
/spttest/lqiq704jhtm2,27b46099d073f32a,1024,0/0
/spttest/w3wm1w7cj0k6,3aa663e3a881d196,1024,0/0
/spttest/o11ld2khaczh,2be44e40bb20413d,1024,0/0
/spttest/jalu575dkfkc,233e713f70e39ccc,1024,0/0
/spttest/4f96vorp4ks5,8149cc995608735,1024,0/0
/spttest/wa8lbhxv5xki,3af8a5f79f5fac32,1024,0/0
/spttest/wfr8b44ibyge,3b4051dd6f8d652e,1024,0/0
/spttest/7s7cuj37yrkw,e37a76d6f5dc320,1024,0/0
/spttest/ko42c802o1d2,25c17e7b9a39dee6,1024,0/0
/spttest/zw9rdupqu8mm,4191ad45e156052e,1024,0/0
/spttest/vv39k0u6jjni,3a33e317e188e83e,1024,0/0
/spttest/nz959818vf5d,2bcd0d5bc7bfca71,1024,0/0
/spttest/rjv0qnlvl0gb,325392bc1de1d88b,1024,0/0
/spttest/v3wm6cru7w8b,38d2c6f7038608eb,1024,0/0
/spttest/va5vksyv0bur,39240df0feda4303,1024,0/0
/spttest/6a4nwboy8ay4,b7942cf94715b6c,1024,0/0
/spttest/uwofg01ej46o,3874e5f2e8a20df0,1024,0/0
/spttest/exr9m2shouai,1b491578dfebf05a,1024,0/0
/spttest/7y1tjdx2kgli,e8397951fc48706,1024,0/0
/spttest/y0wj88van62u,3e269f5be8882486,1024,0/0
/spttest/xl6pqbgjlx7n,3d5a779dd229fe63,1024,0/0
/spttest/i05ni5t8pd8n,20e318827eca7b47,1024,0/0
/spttest/vyjx2ubukfby,3a60dd1c13c1d49e,1024,0/0
/spttest/49fjamrtv1qy,7c8f74fa0e5839a,1024,0/0
/spttest/7mv7w5unnstx,df254032843f0b5,1024,0/0
/spttest/agypotq4dl7e,13207ef6f940a89a,1024,0/0
/spttest/9vjh1iph4nqe,120a38dcc84b6626,1024,0/0
/spttest/oz0zdt5i4sfk,2d9db89648d6fef0,1024,0/0
/spttest/thwtmhvnac47,35e1792f7d053ed7,1024,0/0
/spttest/98tyq4ag24jq,10e34102fbaabb86,1024,0/0
/spttest/wkm69dne1v4c,3b7f710d5aaeedcc,1024,0/0
/spttest/3n57dnupk7gq,6a7796837cd03ca,1024,0/0
/spttest/odd4owdxjgv1,2c8456fa2a95f11d,1024,0/0
/spttest/qdly582k52d7,302ebffa9c6f373b,1024,0/0
/spttest/v12whg6do8oo,38ae13da4ce986f8,1024,0/0
/spttest/wru7bw3i9vg5,3bdd438a41c20575,1024,0/0
/spttest/fgjwapr5rbqs,1c3d389b7ac5f534,1024,0/0
/spttest/31ahhhrnrr9s,58b9d87f8abd5d0,1024,0/0
/spttest/gamvanctxuwx,1dc3f8d7ebaef7c1,1024,0/0
/spttest/ryp1bn5pzb6o,331440df44fb4060,1024,0/0
/spttest/cma03ve3l62y,170cbe838b569d0a,1024,0/0
/spttest/7gbm953xd6rk,d9d51f40194a080,1024,0/0
/spttest/1j2k2x5dglkc,2cb55616887c22c,1024,0/0
/spttest/zbd3vm7iattb,40821c0ab56ba36f,1024,0/0
/spttest/jd7t70osrxkw,2360596d345d9ec0,1024,0/0
/spttest/g20jngfmm4lx,1d5400cfca2ef2d5,1024,0/0
/spttest/6yl6s2pgrshz,cb6f74fb0aefd07,1024,0/0
/spttest/72wqs6my330b,cef17b65c770bfb,1024,0/0
/spttest/ceqx9h63s5hd,16aaef6c186a15c1,1024,0/0
/spttest/4cvcp60p8wxw,7f5a40c6cddb1c4,1024,0/0
/spttest/gfkyztuhdm9p,1e043be1f2462afd,1024,0/0
/spttest/zx5undeyimmh,419d416ebbb72d09,1024,0/0
/spttest/boe2r5xlxdhk,1554940cb8072b88,1024,0/0
/spttest/ld12mqcb6awr,2705258b9d9537bb,1024,0/0
/spttest/8567mu6o9ttu,ee01a05047a4f42,1024,0/0
/spttest/ax99kkheu9b9,13f421c464287ca5,1024,0/0
/spttest/i85khji8cr2c,214afad2736e1404,1024,0/0
/spttest/suk0sg2ohv22,34b219e0cb99177a,1024,0/0
/spttest/wwzgyyhi1uri,3c201c66a5f427fe,1024,0/0
/spttest/z6dwiemkhfum,40417339717e767e,1024,0/0
/spttest/8oajw68pwd7k,fd876d33e6a43e0,1024,0/0
/spttest/q9jf00sp4pct,2ff9e11849f9025d,1024,0/0
/spttest/wuq4duzj70zq,3c02c247c0497fc6,1024,0/0
/spttest/whgoiod6jxuj,3b567deb57744c1b,1024,0/0
/spttest/e97wicma8mpl,1a0a5ab17611c6f9,1024,0/0
/spttest/q6dmtua2a2e0,2fd0d333731ff498,1024,0/0
/spttest/ozzqzf8c3nfz,2daa43ec8455f56f,1024,0/0
/spttest/9rdvvy42j9cl,11d43fb737986815,1024,0/0
/spttest/n27mt1rusllq,2a1fdc2e6ac2d65e,1024,0/0
/spttest/9fen4lkw55n4,1138a6871a70ebd0,1024,0/0
/spttest/jhpb5214wzrh,239a9ec2030d050d,1024,0/0
/spttest/2klx7ley3kkx,4b2ec907fb3f4f1,1024,0/0
/spttest/1er91plfqv10,2934bfe38fed294,1024,0/0
/spttest/c51c7ni84s1c,162ccce4e66e26f0,1024,0/0
/spttest/ifxr6y8xqe8k,21b01322baba4b94,1024,0/0
/spttest/f3g5o3m10xhl,1b9302d7c8ec9289,1024,0/0
/spttest/c2ccop3i6zjl,1609ce63aefcc771,1024,0/0
/spttest/wu4gmiy0t0vi,3bfaf19601a711ae,1024,0/0
/spttest/jiohxekjtvcw,23a7510fbdbb2700,1024,0/0
/spttest/ljwq5qp4zacd,275e80de82e2871d,1024,0/0
/spttest/6cvhsez2qi0k,b9ceb97f4196bb4,1024,0/0
/spttest/95qpohjf9vn1,10bb1ceda918b36d,1024,0/0
/spttest/ff761cbsvq2a,1c2ba38da38e3db2,1024,0/0
/spttest/5e8bje5xkn91,9daec5b7f5e47b5,1024,0/0
/spttest/b4z52v6bldxl,1458649d1bd96cc9,1024,0/0
/spttest/47whtjwgjokx,7b51b464d990331,1024,0/0
/spttest/kjnwrji731n7,2587b542dbc00a13,1024,0/0
/spttest/7tx958ijlo23,e4dfcc228a2a80b,1024,0/0
/spttest/56qmwqv9z2bb,9799e1b74c71b77,1024,0/0
/spttest/msryeq3vqa7c,29a54cbf543a4128,1024,0/0
/spttest/dnl2q4vxgoja,18f157c828c83d36,1024,0/0
/spttest/pth0zq8h2ap,14f5dc94ea205e1,1024,0/0
/spttest/xz0h6x9xke6o,3e0e1117bd6399d0,1024,0/0
/spttest/ofb35rqdfdc4,2c9d94d334c9b644,1024,0/0
/spttest/l6snigw75j7s,26b42c44bc045788,1024,0/0
/spttest/5nsxiyh4tgxt,a574372f3c20301,1024,0/0
/spttest/k1eklimwhyqf,249a881b69516217,1024,0/0
/spttest/ch8vp5zarn0h,16cb648cfab6f341,1024,0/0
/spttest/7m5410mmnf45,de8e8855a44da45,1024,0/0
/spttest/tulttyccbdne,36865e00fa79b5da,1024,0/0
/spttest/h342kg8uv1l0,1f35e0f37dbc17c4,1024,0/0
/spttest/bht8ukeub79m,14ff2069d4628f8a,1024,0/0
/spttest/uzvle0o2ftib,389e738cd7466523,1024,0/0
/spttest/l6ow22sn66f9,26b2d0b825966d05,1024,0/0
/spttest/nfsk1sy0cjjv,2ad0452db30ab5fb,1024,0/0
/spttest/u92mic85ch10,37424711e4e16634,1024,0/0
/spttest/wnxg6ryi4n19,3baa7a586ada979d,1024,0/0
/spttest/v8uu4nz6osjg,391314eb0089487c,1024,0/0
/spttest/fqd2cdxcqhks,1cbca61c5c0a5b7c,1024,0/0
/spttest/o8ih0g3fi5fa,2c455225aea746f6,1024,0/0
/spttest/d5jtsvl3hkwx,180715e55513cb21,1024,0/0
/spttest/9llvb1az5te6,118931a1803e5f0e,1024,0/0
/spttest/x2j9yrnjqq5v,3c68341350dee5f3,1024,0/0
/spttest/fj4pwsldo88a,1c5eb6778d94a0aa,1024,0/0
/spttest/46byiveqe0mi,7a0b524556abcaa,1024,0/0
/spttest/ogwewvts6tcs,2cb243f88e4ffa1c,1024,0/0
/spttest/ltcdkee6x6sc,27d90dc2db033e9c,1024,0/0
/spttest/kqnu3sacgkvc,25e29b3bcb4441a8,1024,0/0
/spttest/mnnakjri9rni,2962abd3b664c23e,1024,0/0
/spttest/htr98vyioq07,208ff73b66a2a3a7,1024,0/0
/spttest/2f7ky12h111y,46ccda77dad4496,1024,0/0
/spttest/31303iftrod5,588ea56b0506d19,1024,0/0
/spttest/1xza1eo2ud3i,38cfd5c6bdf5fce,1024,0/0
/spttest/lyc6gl11l4ew,2819edcff6e99e98,1024,0/0
/spttest/pjniy9g3gnpl,2ea9a407d47d0f09,1024,0/0
/spttest/59nic6murcfh,99f750b48e1cdad,1024,0/0
/spttest/lnsm51z2fi9n,2790fa1c6daf083b,1024,0/0
/spttest/koqrwez1f6v8,25c9b02b0286bd84,1024,0/0
/spttest/n42ctd3bhtt7,2a37ef37d72b982b,1024,0/0
/spttest/2a9agd6idlf,1dae0876f1af53,1024,0/0
/spttest/q77cmzqfelm4,2fdb8c1a30702bec,1024,0/0
/spttest/jfxb54iua5pb,23838731fd5a215f,1024,0/0
/spttest/hdo0pkq3tk5b,1fbef81df028163f,1024,0/0
/spttest/joc85515pep0,23f0d3138f376fa4,1024,0/0
/spttest/d1bztpd56enf,17d04d606af3d8ab,1024,0/0
/spttest/3b6oisww1cnc,60c22ade66fd648,1024,0/0
/spttest/lcbp0udnt6ki,26fbfd6c93857182,1024,0/0
/spttest/xwsszrj8ly1m,3df151e9982c439a,1024,0/0
/spttest/72aijy0osz1y,ce7127f5c349876,1024,0/0
/spttest/rdprf5ofukwr,3203bd7112c5a45b,1024,0/0
/spttest/flicycoq1k9f,1c7d9ce4473816d3,1024,0/0
/spttest/pij9rffhxj8h,2e9b1db8c5d2dca1,1024,0/0
/spttest/y0lh9wqernx,1b9d9d76ee82d8d,1024,0/0
/spttest/qd7o6tz5szh5,30299947c4f78399,1024,0/0
/spttest/m5x3e855gy8x,287c667a26e86a61,1024,0/0
/spttest/mqqmhjr5d9fl,298ad7470a275201,1024,0/0
/spttest/lztyzn57gxjg,282d56878f77d8cc,1024,0/0
/spttest/s3ov0pa09gj7,335522fb3628b3f3,1024,0/0
/spttest/8bcgbipdf09e,f304a0e05ddc012,1024,0/0
/spttest/fglz298gajz0,1c3df8703481c39c,1024,0/0
/spttest/r4n8hanrvvet,318deccc112c47c5,1024,0/0
/spttest/mf2sw1qmqcl9,28f35d0b3456503d,1024,0/0
/spttest/96safx8jit1x,10c8abd30e8a4695,1024,0/0
/spttest/ywidxubefjh6,3fc12cd939760a5a,1024,0/0
/spttest/br9elr8ozpmf,1579dc61f3f99477,1024,0/0
/spttest/78yaklw26219,d3d96658d2761cd,1024,0/0
/spttest/l6jkrtx7lgh0,26b0e5ec982761a4,1024,0/0
/spttest/mict3qck4edg,291df10b43f2c5c4,1024,0/0
/spttest/prkco0h3nw36,2f1068dac144c932,1024,0/0
/spttest/pr30nirch02i,2f0a27c51851d29a,1024,0/0
/spttest/9b70n836kex7,1101f13ccf547a8b,1024,0/0
/spttest/g2aa17xeo94d,1d5783d13590e62d,1024,0/0
/spttest/8yw81bg7zck4,10622d123132c154,1024,0/0
/spttest/p3lnp2p8zk0j,2dd9235c4c6dbc13,1024,0/0
/spttest/jcqwrrk7ua0e,235a4057aabd352e,1024,0/0
/spttest/5yaga474vpyo,adf7a65703a5530,1024,0/0
/spttest/iaacxysbuc3p,2166afd231b3d3c5,1024,0/0
/spttest/lkjzy5bkwu0g,2766e674940bcff0,1024,0/0
/spttest/szbittg5wagx,34effb2123617201,1024,0/0
/spttest/em16ye7b37c0,1ab0cb411bd80ee0,1024,0/0
/spttest/e6gscrip012g,19e69793702df668,1024,0/0
/spttest/9fxuf9muy8sd,113f943ec492a6fd,1024,0/0
/spttest/420ilmu4x040,7689f3568f5dad0,1024,0/0
/spttest/1azqgdb2jtov,26266933de43b0f,1024,0/0
/spttest/q375gzk6ngwz,2fa784afd9b37b63,1024,0/0
/spttest/hamyosk6p5l7,1f979eca8b163e8b,1024,0/0
/spttest/apwmx29u5opi,1394a66db6bf0e56,1024,0/0
/spttest/wuxh0wfctnvb,3c05694a1c0f4617,1024,0/0
/spttest/zo5xxr0b38z7,4128628f183e2b33,1024,0/0
/spttest/flh79koradkq,1c7d31edb8333e3a,1024,0/0
/spttest/xmbul7ec9hff,3d694f2dcfedf47b,1024,0/0
/spttest/b04tjf0fgc6x,14197eee01e9c0b9,1024,0/0
/spttest/a5hfzmi1pfqr,128b61fe0fdc64f3,1024,0/0
/spttest/3cgr9c7b7fyr,61cc2a42ab9b393,1024,0/0
/spttest/vc7ovipl22pd,393eaffe99229331,1024,0/0
/spttest/c299szbup3wc,1608b1e484d2f9fc,1024,0/0
/spttest/wdiveaa036it,3b235346c0e1cbc5,1024,0/0
/spttest/nansww4u9xmy,2a8d9bcbb0d4808a,1024,0/0
/spttest/n9q5q8xg5ay9,2a8178283454fab1,1024,0/0
/spttest/lww4qldxnm95,2807263ee03bb569,1024,0/0
/spttest/a2uqfjsnn2v4,126935cd5eedc540,1024,0/0
/spttest/d3hyomaae3se,17ec6f2bdacc1cae,1024,0/0
/spttest/jrmw158m5rud,241ba3d2bb4ea235,1024,0/0
/spttest/21pncp4ckrff,3bd78dd8aab73db,1024,0/0
/spttest/khr80okr5tfn,256eecba409a6f43,1024,0/0
/spttest/p5qk700cw9lf,2df4e2bac9aa4493,1024,0/0
/spttest/q1c54zpo298j,2f8f5728e29fe743,1024,0/0
/spttest/ijpu677tr4uh,21e12cdc4875fa49,1024,0/0
/spttest/ftusx0rhdvmd,1cea045277971e55,1024,0/0
/spttest/1op0o58yq6vh,3146254ae24774d,1024,0/0
/spttest/peb31hivxyq2,2e6434815a0f850a,1024,0/0
/spttest/dny1m1rjz4ro,18f605b643e0d1e4,1024,0/0
/spttest/6mbzoeuv7j5t,c17c6b1dfd6f3c1,1024,0/0
/spttest/u7i20ga5kk98,372ddddb9684308c,1024,0/0
/spttest/4c9frb6ngvo7,7edbbcc1d72c357,1024,0/0
/spttest/kmnnypbufb63,25ae96732150e04b,1024,0/0
/spttest/bu5cqj6koucm,159f5de380d2cba6,1024,0/0
/spttest/u62f0p488bwh,371b3c14f3dd1641,1024,0/0
/spttest/9ycqtvkniji1,122ec32b0669aa39,1024,0/0
/spttest/20ld5pbciusa,3aeeffab5a6d45a,1024,0/0
/spttest/s6tv8aimtr6m,337de92236e42cde,1024,0/0
/spttest/j1cxgqbvgiiy,22c6532472f7ecca,1024,0/0
/spttest/j1jtsad0woyp,22c8d047d4903a61,1024,0/0
/spttest/t3ld1i0ycjev,35277cfddc6eaf47,1024,0/0
/spttest/1tl0vhoje2iq,353e3aa3c0e2742,1024,0/0
/spttest/crmorza7y7zz,1752448372461bff,1024,0/0
/spttest/611i6qkgukft,b0337be36a7c2f9,1024,0/0
/spttest/qm0aldsgg70h,309bd72117e89781,1024,0/0
/spttest/h0dly9x7rryh,1f125a3af65b6149,1024,0/0
/spttest/jf88ptrvacvh,237a7bc46ca23aad,1024,0/0
/spttest/f1a9n3rmv88j,1b76e84fea4f4d73,1024,0/0
/spttest/vuxaocrr2bef,3a31bbc2219dad37,1024,0/0
/spttest/je16jbx0twvd,236af2569b02dfa9,1024,0/0
/spttest/7lehhznzsyhk,ddf4d24adb4cc98,1024,0/0
/spttest/xvvcvy3fpwrj,3de5406f9244ad1f,1024,0/0
/spttest/r1otib49juv4,316787594dc28c00,1024,0/0
/spttest/xcnptlrf2cc1,3cebb2ccdd3ff5f1,1024,0/0
/spttest/rm5c3nd1u0br,3271461494ae8227,1024,0/0
/spttest/m959hx1n2oh,1211077d4828251,1024,0/0
/spttest/7g9bi3fyu67v,d9c7da1953928fb,1024,0/0
/spttest/jazpmf8snc4b,234372cd4ba3c91b,1024,0/0
/spttest/nxg2du4iqk83,2bb5920de189eae3,1024,0/0
/spttest/t8wgbxievsq3,356c6fc445dac92b,1024,0/0
/spttest/ariqmftwimuw,13a99d4ae9636838,1024,0/0
/spttest/bwmslckql0ik,15bfa3586ae21fdc,1024,0/0
/spttest/m8q27rgk0nqp,28a0d4a4a90fbc31,1024,0/0
/spttest/xr70u6dt81m3,3da883a7d1392b2b,1024,0/0
/spttest/jg7533ee9iid,2387135695bb7bf5,1024,0/0
/spttest/joa7d58fdkfi,23f018583ed2c7ae,1024,0/0
/spttest/cfaimiva4vle,16b2013af0303ef2,1024,0/0
/spttest/ptq329zp31hh,2f2c74efac965f45,1024,0/0
/spttest/gy82308apyen,1ef65ee5aa44a46f,1024,0/0
/spttest/dzm0xczfwytr,198d8e9d3edf534f,1024,0/0
/spttest/l8p67plggfsh,26cce54ac8db87f1,1024,0/0
/spttest/t163nm6gq9na,350800df769abb56,1024,0/0
/spttest/yqkpzndob5ih,3f7414f67e1f8ca9,1024,0/0
/spttest/2b341uuym1wn,4373bcf0f786d27,1024,0/0
/spttest/g5kty62wnrn5,1d824a5e38f633b1,1024,0/0
/spttest/reo2024pgc8y,32101d1c05f70b02,1024,0/0
/spttest/td4g35al0l03,35a3471d0f2b1753,1024,0/0
/spttest/4fba3htt5ick,8155dc717c08d24,1024,0/0
/spttest/za4jdx05ynb6,407207430f461f82,1024,0/0
/spttest/mjisqcadlope,292d178e4a424552,1024,0/0
/spttest/bfdo0stt6fbe,14df86f069f2240a,1024,0/0
/spttest/kx5zi8wiivoc,263717430e6f42dc,1024,0/0
/spttest/no1knxd5nhg9,2b3b701f8e7c0119,1024,0/0
/spttest/e5p4ods1elyu,19dc9ce1f2efc7b6,1024,0/0
/spttest/jtalq0wv9z5n,24312f77a255993b,1024,0/0
/spttest/k5ludy3nufn7,24d11cd479be6db3,1024,0/0
/spttest/e7zxspms41qo,19fa7dcb784f25d0,1024,0/0
/spttest/b7ox6sdzqxa3,147bac746b7ac1fb,1024,0/0
/spttest/tchcok7fwry6,359af1e83305807e,1024,0/0
/spttest/xcehm0k868l7,3ce85e6b3e48c8fb,1024,0/0
/spttest/cc57qiy6tsqj,16891fae317564bb,1024,0/0
/spttest/m1kf5mggu1ud,2843ded6e24b54d5,1024,0/0
/spttest/k1ajdvb4eq66,24991385f2cd3bfe,1024,0/0
/spttest/c81q01k04cnu,1653e80aff14f91a,1024,0/0
/spttest/ktqh835iy3m0,260a870f54e2fcc8,1024,0/0
/spttest/2dxl0srzmd1a,45c34e99a0efa7e,1024,0/0
/spttest/8jcayj74t0t4,f98265aa8d25958,1024,0/0
/spttest/tmn2dm63hnk6,361ee63eef0bec86,1024,0/0
/spttest/9vpx7d4t8wvm,120c8c8a8134b572,1024,0/0
/spttest/46vqarzrlgbj,7a7d7675012dcdf,1024,0/0
/spttest/gbft8a41wkqg,1dce6a38de2d01f8,1024,0/0
/spttest/4mcb95ww5f0l,870a9e9b2f30b45,1024,0/0
/spttest/h6xg635yr378,1f67724c32468ef4,1024,0/0
/spttest/v6cqt8b4tcd3,38f2934387b033d7,1024,0/0
/spttest/cizr9nlr3dzj,16e21461a247888f,1024,0/0
/spttest/uhsnn462fxsd,37b3959aaf2972cd,1024,0/0
/spttest/taak612lol91,357e840578b18e95,1024,0/0
/spttest/cpjyr9ikctul,17374e8089ef8e1d,1024,0/0
/spttest/4x47e6hzp7el,8fc9ee2a6e0b8bd,1024,0/0
/spttest/hk0n4ldv05yl,201175980871412d,1024,0/0
/spttest/ferww9hlj76d,1c2622935a785415,1024,0/0
/spttest/aqy5beah9oai,13a22f425ef19c3a,1024,0/0
/spttest/211kw04ufkgk,3b4c9b4c9068354,1024,0/0
/spttest/kwq661to3oc8,263162761610d9f8,1024,0/0
/spttest/d96tghgifc63,183659409b1b8d5b,1024,0/0
/spttest/rmk3cdl0h8zx,32769922518d8bcd,1024,0/0
/spttest/skul0v1rit67,343404e8a34bf32f,1024,0/0
/spttest/wds8suqcia19,3b26b4fbeb70174d,1024,0/0
/spttest/gh80xqu72kem,1e198a978c1252ce,1024,0/0
/spttest/wr8bjytmr2wr,3bd55e470645917b,1024,0/0
/spttest/ysyhb0yl78y3,3f930659bc8ee60b,1024,0/0
/spttest/zmg2sdvf5585,4112102cab22c4b5,1024,0/0
/spttest/72zt9yz6z2iz,cf033376430898b,1024,0/0
/spttest/sjxjgfm8cnj5,342818bc26dd1221,1024,0/0
/spttest/dw6e6n5tjdya,1960f2f80e002e62,1024,0/0
/spttest/hrgis46g7kkt,20721d21624c8bed,1024,0/0
/spttest/y38ds23byotx,3e44e04f06eca935,1024,0/0
/spttest/6nerdfqcsmsu,c25c3bf6c3ac66e,1024,0/0
/spttest/v1j799wbaq7i,38b3f562b940de2e,1024,0/0
/spttest/kfwsofu4jypb,2556f5107027e26f,1024,0/0
/spttest/77an8t4qpcpa,d2810d1001cc68e,1024,0/0
/spttest/kojg0qsd9k0n,25c70b1bffe18a97,1024,0/0
/spttest/or5qgx02dcnm,2d378580f8bfd352,1024,0/0
/spttest/7lfb3q9pi6z1,ddf9919b3f6d0cd,1024,0/0
/spttest/ys50an8vk0wr,3f886406a8cad09b,1024,0/0
/spttest/4t3vpcq8nokw,8c88bdd87568c30,1024,0/0
/spttest/1rrqhk73szcx,33c55141ba18101,1024,0/0
/spttest/25nlamaqmop7,3f0afe04a2fc88b,1024,0/0
/spttest/7ya82uoa5ag,674b8d0fbfa948,1024,0/0
/spttest/o1l6eu5sbs1j,2beb5f41bff092b7,1024,0/0
/spttest/11o37kylhnzn,1e94b93182490b3,1024,0/0
/spttest/55qnhpdkri3n,96ca25822684c63,1024,0/0
/spttest/j8kix7viaf4p,2323fd92e1104919,1024,0/0
/spttest/uif98plhyo52,37bbbd204d1b63b6,1024,0/0
/spttest/buyklah0jrzl,15a9e8b86b80d871,1024,0/0
/spttest/meld800b5pv9,28ed12953ab0fd35,1024,0/0
/spttest/i3rimhkx44d8,2111f3dc593d101c,1024,0/0
/spttest/6zxkkus8tvfh,cc86c64b0f51c5d,1024,0/0
/spttest/uxvpvteu3q97,38848491804c0dab,1024,0/0
/spttest/134xctysfo9l,1fc5c1227d35c99,1024,0/0
/spttest/3b3w8sl7c2iy,60b2163323f32ca,1024,0/0
/spttest/r3shgzfg9buu,3182d47391e48046,1024,0/0
/spttest/zkxl2xkkaare,40fe66db637348fa,1024,0/0
/spttest/izu0uoghvtbg,22b283949b51972c,1024,0/0
/spttest/90ziaxpe0xi0,107d5708588f0b98,1024,0/0
/spttest/e70vp5tyx0x7,19edd785904208eb,1024,0/0
/spttest/w8ccph2hixb7,3ae006d4af96c223,1024,0/0
/spttest/dlfc5d0rczge,18d54b3c7780497e,1024,0/0
/spttest/s4d0wbu73yi0,335ddae6f1e72068,1024,0/0
/spttest/l2t29mt90rtk,26805d193e9d69d8,1024,0/0
/spttest/hl6ly8vdkvte,20209a0ab84fe712,1024,0/0
/spttest/smqlrkknqo4s,344c8fda533043ac,1024,0/0
/spttest/ypoi3qpcakty,3f6874f1ca5977f6,1024,0/0
/spttest/5gpkvpt5eyhv,9fb2119f379af23,1024,0/0
/spttest/uh883gaxq8oq,37ac3659e8ae977a,1024,0/0
/spttest/tana74mr4tyz,35831b3a9fb783bb,1024,0/0
/spttest/y03bfifayq02,3e1c14abe9547e22,1024,0/0
/spttest/g4e2h1mynv5y,1d72dc67bffdc786,1024,0/0
/spttest/sor8ntbzjowj,3466c51c9124a3d3,1024,0/0
/spttest/cqlzq030i0ce,174506f89de63e3e,1024,0/0
/spttest/6a9g9lw6552h,b7afd1290e27ee9,1024,0/0
/spttest/wnnopnh6mew2,3ba6f488d6914ee2,1024,0/0
/spttest/tfjro8jtmc6,17e4cb0e7ea6956,1024,0/0
/spttest/gtajfpxqwvlz,1eb651dfdc5a3607,1024,0/0
/spttest/q66qlru3fvh0,2fce564fb82b5814,1024,0/0
/spttest/uyvpw3k8ylqo,389181d85e54aa90,1024,0/0
/spttest/vvy26y4xp65l,3a3eff9dce59dc69,1024,0/0
/spttest/8v7ri4xfa71p,1032620b1dda952d,1024,0/0
/spttest/1e206iulsg9y,28a3009b65a4e66,1024,0/0
/spttest/uwk0y4d57rvy,38734f47d430c1ee,1024,0/0
/spttest/lup41kze3yi3,27eaa35f32018b6b,1024,0/0
/spttest/r36xlms3xx22,317b0dbbe61e989a,1024,0/0
/spttest/dyxv7f4ticbd,1984d71943878bd9,1024,0/0
/spttest/80lok8wb5mqs,ea4bcb177d3ed64,1024,0/0
/spttest/8uw2ka7yol0t,102e2a004c68fe6d,1024,0/0
/spttest/93bq6kzvtg8e,109bba2e560ca26e,1024,0/0
/spttest/5g339j9bjih,46c01b070e5c89,1024,0/0
/spttest/qyz0d44gi6wz,31443cd9f2e31383,1024,0/0
/spttest/7l6hteuun3dg,ddc6b02eb09a6d4,1024,0/0
/spttest/4qxe35jhbcjy,8ac39f11f5e014e,1024,0/0
/spttest/fpgb3eyhebns,1cb0d46953b04b88,1024,0/0
/spttest/tlahgfydwm0s,360d5ee3e64d1c7c,1024,0/0
/spttest/6dmt3l7o5tck,ba6c68e5bb1c7d4,1024,0/0
/spttest/w9xfk6xjfeg2,3af49f243cbb6de2,1024,0/0
/spttest/vcl61bdevvbv,39438cd02865c25b,1024,0/0
/spttest/ldtdqfw791vu,270f5c581d43c8ca,1024,0/0
/spttest/njl9uq5k1tbi,2b01997728a732ae,1024,0/0
/spttest/e6qu4jev6wv0,19ea37cdbf6192dc,1024,0/0
/spttest/ei8vl1kubo19,1a7f9bff89b74c6d,1024,0/0
/spttest/xlyhd5msdpa7,3d647c7682cf053f,1024,0/0
/spttest/t61szoxvbyjn,35476652183e66a3,1024,0/0
/spttest/8cqucfh42p3k,f427873e8504390,1024,0/0
/spttest/aa6dgw4pwisv,12c855c23d0d702f,1024,0/0
/spttest/1c3cylqavsle,270b2aef6746482,1024,0/0
/spttest/osk8frlo067a,2d49be04a0db1b66,1024,0/0
/spttest/qamev3615i0a,3007f31acbaa536a,1024,0/0
/spttest/k8coobp1pu3k,24f4c6a18399b9a0,1024,0/0
/spttest/1vr50lgia6ku,3701303ce6c21ce,1024,0/0
/spttest/9r7xqh1jg9oe,11d21a3f661cbbfe,1024,0/0
/spttest/tgtfq409tim3,35d3432922ad6c7b,1024,0/0
/spttest/gao0ba7grcij,1dc46215f9eb641b,1024,0/0
/spttest/bqfxpf82lr9o,156f3a58b7db0f4c,1024,0/0
/spttest/2dm3run2o205,458109b1228be25,1024,0/0
/spttest/j33lui7bnh78,22dcf088b190bdd4,1024,0/0
/spttest/8fjv1kh4873r,f66eb6fdbf7bdf7,1024,0/0
/spttest/57frmbdw0h6s,982af661c04fb04,1024,0/0
/spttest/72iu0fuhs1bp,cea12d7bc1eceb5,1024,0/0
/spttest/uj3k4s9qp2ac,37c481e867aab5d4,1024,0/0
/spttest/d3o2syi8eefh,17eea3f403b7f08d,1024,0/0
/spttest/9kzpyq3kfmc,7c7a5413677714,1024,0/0
/spttest/eppfxuwudh59,1ae082ea8ccc160d,1024,0/0
/spttest/x6vstvfhjiw0,3ca0adec1c396360,1024,0/0
/spttest/nmvsedniilag,2b2c5c80bd329a48,1024,0/0
/spttest/4nuusjjs116a,88457edd60bb432,1024,0/0
/spttest/ct52os8mft3j,1765e4177ed5f70f,1024,0/0
/spttest/rtwz3abp8l8m,32d62bceaa304286,1024,0/0
/spttest/2meq4qw7q52a,4ca4e56356d2322,1024,0/0
/spttest/pllfgfbuybvg,2ec2dcd6c6274a9c,1024,0/0
/spttest/5mcmkysajs9h,a4464384e9b6fd5,1024,0/0
/spttest/d1o17fu4415b,17d4a5571bbf4acf,1024,0/0
/spttest/odpnvql253x4,2c88dca22962b918,1024,0/0
/spttest/sib2etlva4bq,3412ffa4cacb7766,1024,0/0
/spttest/ujug4ruzjgz5,37ce35962045c7b1,1024,0/0
/spttest/n6dux73bxnzg,2a56103d55737eac,1024,0/0
/spttest/7jnoqmorbmd6,dc8a4852e7d80fa,1024,0/0
/spttest/5glpktchnjoc,9f9bbae2a92f45c,1024,0/0
/spttest/z2e0qad50khq,400d8905b83c00be,1024,0/0
/spttest/mm8ck66ijatq,29504a26bc5e478e,1024,0/0
/spttest/4ir11y9xp20t,842043cdc3abb7d,1024,0/0
/spttest/qju0q9fm5828,307f9918a3793a10,1024,0/0
/spttest/kpkz4km3m7c7,25d495c1d25009a7,1024,0/0
/spttest/opqe6n6q3sf,1410716c4d0f7af,1024,0/0
/spttest/kswgm9gr1o2a,25ffb27506807b12,1024,0/0
/spttest/i924kkawbpf7,2156ba230ced1d73,1024,0/0
/spttest/tplp325dh19v,36455f8a4c9461b3,1024,0/0
/spttest/3jxmntkshm8t,67dc5e6dbb586dd,1024,0/0
/spttest/975qno5ybyyv,10cd863763545bc7,1024,0/0
/spttest/5gzkhteea1m8,9febbcb0889fcb0,1024,0/0
/spttest/ugifzgh7x2q6,37a2e904b83a970e,1024,0/0
/spttest/iz3grqg1va84,22a8ee7b09de8684,1024,0/0
/spttest/r088t5o2zjfl,31548f178a9c7f21,1024,0/0
/spttest/c2748nbshca6,1607eae0c7bb706e,1024,0/0
/spttest/azhwptcp16tt,14113a9d0f4e51d1,1024,0/0
/spttest/x94s7caziadn,3cbde624e41cf00b,1024,0/0
/spttest/uwp2llrm66bg,3875215c7cf5177c,1024,0/0
/spttest/o9fj9pzznxkj,2c51401781ae48b3,1024,0/0
/spttest/wghmh1cpbla0,3b49d7c84c43f978,1024,0/0
/spttest/e326rer60mtu,19ba5b3f344b2592,1024,0/0
/spttest/izbqw16w57lj,22abeb640934bdb7,1024,0/0
/spttest/9p72unrv3otj,11b7d07e47f05b67,1024,0/0
/spttest/3j1ldwes6sw7,67236d85adbabc7,1024,0/0
/spttest/5zjghimw1t1u,aefb77ea0dce152,1024,0/0
/spttest/48gzoqwmsd76,7bc807b297d27d2,1024,0/0
/spttest/v6yw6islbakn,38fa91242eb8cf47,1024,0/0
/spttest/jyi54mble1kw,2474da1e675aa080,1024,0/0
/spttest/fge5gvdzyfy1,1c3b25edc177cc39,1024,0/0
/spttest/2hgxzqynmcd1,48a28f5aae28715,1024,0/0
/spttest/2fw2t7hziwz3,475a45523ac0e6f,1024,0/0
/spttest/imwvzsm1ecqt,220aafe225f57105,1024,0/0
/spttest/w4kj99a8tuy4,3aaf058df75781ec,1024,0/0
/spttest/vs9arflx0tv7,3a0f18a060ee7c33,1024,0/0
/spttest/r9h56v0twzuq,31ccac6e28502a82,1024,0/0
/spttest/w78hefqfoiin,3ad1a424b580fabf,1024,0/0
/spttest/ddyblyj4eta0,18743acbce299bb8,1024,0/0
/spttest/8sk5xstgf2uv,100fe3bac08a6037,1024,0/0
/spttest/9xwehh7exj3t,1228dd9a628978f9,1024,0/0
/spttest/3vbcq4fmeh5t,7119b632d248061,1024,0/0
/spttest/jl7rjk30q3rl,23c83f3e15358191,1024,0/0
/spttest/vjb7kc05o2g0,399ae1d958260760,1024,0/0
/spttest/mtkslggxr2sz,29afb482f37387f3,1024,0/0
/spttest/lb4nk1ttx4l9,26ec75d3b8f6767d,1024,0/0
/spttest/amr9djvy9tdq,136bbe124794aafe,1024,0/0
/spttest/xcesrikyqnaq,3ce87b08da830a72,1024,0/0
/spttest/wkddwe5gzg9d,3b7c4556b6546111,1024,0/0
/spttest/s1pn7zjzszhy,333b70d43cadc1b6,1024,0/0
/spttest/6gfpxad0sfv9,bcb2f9a24007355,1024,0/0
/spttest/pke3equ7iifr,2eb33a1869a9ecd7,1024,0/0
/spttest/4b4biebb7ym5,7dee5cd0de301fd,1024,0/0
/spttest/d0qsgz484wnc,17c8a6c69c424648,1024,0/0
/spttest/yb00x19gs1e1,3ea9c66a86b31a09,1024,0/0
/spttest/s8tzthi63qm0,3397ef6bb8d04778,1024,0/0
/spttest/qsgjh0ecguxg,30efa3578cc9c494,1024,0/0
/spttest/270nf92g2y7r,4026361ba55c1b7,1024,0/0
/spttest/b9w8yhkdh8s4,14984bbe657ad3b4,1024,0/0
/spttest/b4zl6ib0e560,14588ded0594bda8,1024,0/0
/spttest/ttshxwabq1pz,367bc8d0ff101e37,1024,0/0
/spttest/bymdvuy1t743,15d9781f044ad243,1024,0/0
/spttest/seqz8awkep5n,33e4c858bf332adb,1024,0/0
/spttest/3jsy3b0kr0v8,67c156347664124,1024,0/0
/spttest/67tv8zlmoykh,b5b631c1ce93f01,1024,0/0
/spttest/elf9t7iprxi2,1aa8e27b130fd35a,1024,0/0
/spttest/54z7l1otf4i2,962bb965d9eb18a,1024,0/0
/spttest/yd7i5g4dlnj2,3ec673b9a6ed675e,1024,0/0
/spttest/mj3tsf2gvrfo,2927b0befadfe4a4,1024,0/0
/spttest/ph6stxad9fck,2e89a09b0e709af4,1024,0/0
/spttest/fn1etr1g0nez,1c9179f2dc6b1a8b,1024,0/0
/spttest/7vr33drpybux,e65bd891c760589,1024,0/0
/spttest/54zq3nx5yfvk,962eb193052fde0,1024,0/0
/spttest/rcl0yjvxtsjc,31f50ad16f4382b8,1024,0/0
/spttest/mt2t5dpc1bdg,29a9374d994e8fd4,1024,0/0
/spttest/y361q2pts70p,3e4408a438eef389,1024,0/0
/spttest/u9sjascdhdq2,374ba06899007cba,1024,0/0
/spttest/gnocawi9lzje,1e6d5d2f8542582a,1024,0/0
/spttest/18jpaepyaxnq,242a32de06f8ee6,1024,0/0
/spttest/d6kchxbi5xwt,1814431f3555e8ed,1024,0/0
/spttest/wdjhp5oupos7,3b238c7fa0cf17b7,1024,0/0
/spttest/3gi3lsnk46nw,65133b6b4144abc,1024,0/0
/spttest/u8h4uonfio17,373a860854cf752b,1024,0/0
/spttest/mgz3o60f2xcp,290c01bf0501e459,1024,0/0
/spttest/8ocsqrjwny87,fd94644adc48907,1024,0/0
/spttest/5vgtvomtp71v,abacfba55e384f3,1024,0/0
/spttest/j54oylil3mlm,22f74f6797e5222a,1024,0/0
/spttest/pdvg1wdlgwhe,2e5e8fff7d3cd172,1024,0/0
/spttest/t7ns9ell7qsi,355c51ce221a4c62,1024,0/0
/spttest/w8v1h5dbreum,3ae6c502aca252ee,1024,0/0
/spttest/r420yoar4nuf,318645c6c177b4b7,1024,0/0
/spttest/fq2irp2tgxxd,1cb8d8342d7be4c1,1024,0/0
/spttest/2dahji3dqus8,453df8347271758,1024,0/0
/spttest/3o7mcfbmnhxo,6b555cc86588c8c,1024,0/0
/spttest/6f50umjt4x7r,bba565422ffca27,1024,0/0
/spttest/opghoxyvfcum,2d216c85624745ce,1024,0/0
/spttest/jhwnuxp46u0j,239d45f82e58f573,1024,0/0
/spttest/akhk9wh8zty7,134e43d6c815ae5f,1024,0/0
/spttest/89u1pegog0jh,f1ca8ac1d4cdebd,1024,0/0
/spttest/5x09uzaixcr9,aced0fbccb328d5,1024,0/0
/spttest/74aks6hec6zq,d0112babdf9c066,1024,0/0
/spttest/f1xyd64e3wq,c38a56e2bdb74a,1024,0/0
/spttest/b0h9fj6xw8kq,141dfc1fd6a57c6a,1024,0/0
/spttest/c9ryckrshykk,166a5c4b277ff144,1024,0/0
/spttest/p9bje2xm6n0y,2e236c2bfcfc5412,1024,0/0
/spttest/gqmu1ac7iwhy,1e93c9b7d6ab6c06,1024,0/0
/spttest/8cy1ni4dug1f,f4511c7b9fd49b3,1024,0/0
/spttest/5wzvdaf01uam,aceabcd3edbcb9e,1024,0/0
/spttest/2bhcq2z2n30o,43c5f379318bd08,1024,0/0
/spttest/r9vxczgy0i44,31d201dd35a92db4,1024,0/0
/spttest/9avtvsxfgp5x,10fde7d67ae3f665,1024,0/0
/spttest/40ndmotx1wk0,756e4693a5fb010,1024,0/0
/spttest/ov5cedi67d1v,2d6b566db809dbd3,1024,0/0
/spttest/acizpqhq3olz,12e6ddc4c6a8bd57,1024,0/0
/spttest/7gey9ssom1el,d9e85e4e970b89d,1024,0/0
/spttest/fvx1udz5figd,1d04ce79fb03ec2d,1024,0/0
/spttest/7xo8uzyxyrib,e7eb1bdd552f8c3,1024,0/0
/spttest/dj6tbllhnxrl,18b83d78b4523fb1,1024,0/0
/spttest/rrrjenolgukq,32ba3b35e30683ca,1024,0/0
/spttest/b5v0xad2ha6u,1463e5bc9ca2c3d6,1024,0/0
/spttest/i7t0otq9um5y,2146739b4b2fecb6,1024,0/0
/spttest/pshdkirmeyu2,2f1c5352cc0ae9da,1024,0/0
/spttest/9cys4elws1ez,1118f2f001c76a2b,1024,0/0
/spttest/ztc66nbvwniw,416b943666fcba18,1024,0/0
/spttest/85mhclmk3tg,69f19431729a54,1024,0/0
/spttest/fd8hu80x9g8c,1c1223b0a7597b6c,1024,0/0
/spttest/tc2xteq9xrht,3595be9c41fc7a71,1024,0/0
/spttest/ttiwr7q081b1,36785324fc1c909d,1024,0/0
/spttest/w7s6c6tpv0or,3ad8bf1fdae6c23b,1024,0/0
/spttest/54fw291hfe5v,95bc3070b895a73,1024,0/0
/spttest/7mkfck42h0ve,dee6f173ac130aa,1024,0/0
/spttest/hauaofufxifg,1f9a44221461728c,1024,0/0
/spttest/kzew9qr4a0yl,265448c93f3cd35d,1024,0/0
/spttest/ui15778ot7ax,37b6a5999ba73239,1024,0/0
/spttest/s05m5tyrigei,3327397cf290f68a,1024,0/0
/spttest/mcd6273ny3qy,28d022bfdbc59a7a,1024,0/0
/spttest/qm8sov6sja0l,309ee881f1901d75,1024,0/0
/spttest/nd41nyaq9hth,2aad72a7e9646475,1024,0/0
/spttest/j3yogo8qeo28,22e826a936176b50,1024,0/0
/spttest/rze08btnyduw,331d4346b2fa35a8,1024,0/0
/spttest/df96w3fcagrc,188523ff3b49cb58,1024,0/0
/spttest/9gi4yi7k44xs,1146e6a396fda200,1024,0/0
/spttest/lrw7fd8d55oe,27c63adbf31688fe,1024,0/0
/spttest/3tyo539bxwxd,7000aa247a643f1,1024,0/0
/spttest/ktb46fm0cruk,2604fc102c1a9ffc,1024,0/0
/spttest/fa3qktt3tjfw,1be97480494e4eac,1024,0/0
/spttest/ti837e8jn0id,35e589d156961555,1024,0/0
/spttest/6zobim8kr4c9,cc515d3decfe2b9,1024,0/0
/spttest/izhcos4tw6pw,22adf12993447704,1024,0/0
/spttest/x74qfnfw2lv4,3ca3e7175f4fc730,1024,0/0
/spttest/w6k6shygoxml,3ac8e0158aeaa83d,1024,0/0
/spttest/z3miglagt8or,401d96b7d1e3993b,1024,0/0
/spttest/41kv4lwb5299,762f9755e5655ad,1024,0/0
/spttest/4v7kgvi8sd52,8e3db061cc7b186,1024,0/0
/spttest/bys1p0tow7ew,15db830dcec7d988,1024,0/0
/spttest/riyncp67i5xy,3247e499e5f2bd96,1024,0/0
/spttest/42hzlzf4atvl,76eed1cac3f45c1,1024,0/0
/spttest/bbw4ao8l2v0x,14b23a4bf77d5e91,1024,0/0
/spttest/xiv7xo1qm3gj,3d3c57645e577903,1024,0/0
/spttest/t4dqv0jfstbi,3531bac2dbe6de6e,1024,0/0
/spttest/1clh0z5ntt37,2773bbe7bcc1383,1024,0/0
/spttest/pb8ps9alvkp0,2e3c61fc54aaa784,1024,0/0
/spttest/5xuk195gf7k1,ad9be22c7dbe801,1024,0/0
/spttest/l4efqbxzyccq,269510a23c97ca0a,1024,0/0
/spttest/hi9fxg5mntch,1ffaa7ecc3543e51,1024,0/0
/spttest/wohzug6snt8k,3bb1e425b941e7c4,1024,0/0
/spttest/7h51x33h9jxz,da7f0d35332da37,1024,0/0
/spttest/mmfj0vo1qmpy,2952e150849de686,1024,0/0
/spttest/ubruu6y7penf,37655c29176f256b,1024,0/0
/spttest/lwfoayam5y1a,2801362fb6c5198e,1024,0/0
/spttest/rnz5tjzbf8vj,328906453105a1af,1024,0/0
/spttest/cne02mt5lqht,171b2d27c0a41261,1024,0/0
/spttest/qif5sc3o76d7,306d3f4ae980dffb,1024,0/0
/spttest/4m7btp0gsm4h,86edd88f0ab3f01,1024,0/0
/spttest/pg5shw20jba4,2e7c461f7df747dc,1024,0/0
/spttest/su4enibfhcki,34ac778e2796b4e2,1024,0/0
/spttest/n6xa7gyxrv3b,2a5d12748a3e1f27,1024,0/0
/spttest/lx1f4rpckfpd,28090ec1463ecc81,1024,0/0
/spttest/7j7380ufdkla,dc2a76bb64a507e,1024,0/0
/spttest/az7fw64p8vdy,140d73c403aef9e6,1024,0/0
/spttest/e5zut8e00oln,19e07b9f01f5348b,1024,0/0
/spttest/tjy3hkkh8ff8,35fbe95fbf790114,1024,0/0
/spttest/nokjvena7it,1339e79824f6395,1024,0/0
/spttest/pbf39px6jfh3,2e3eaecb7bde8f17,1024,0/0
/spttest/wtdxcxx3qnm4,3bf15e942460110c,1024,0/0
/spttest/x2fl4n74kmgu,3c66df3eb3241ebe,1024,0/0
/spttest/gyf1e0opjn89,1ef8e3b1a5b29559,1024,0/0
/spttest/fb55eokw32a3,1bf6f42cc4c51e4b,1024,0/0
/spttest/tzjnol5e6h6i,36c687c617e5ee7a,1024,0/0
/spttest/pbt9tv37ql39,2e43ccc7d7337045,1024,0/0
/spttest/j2g7pkhbx980,22d47fcaa2fefbf0,1024,0/0
/spttest/ih5xwo1ecq1e,21c00490de6100d2,1024,0/0
/spttest/q6tpc8n48xa4,2fd69f8927021a7c,1024,0/0
/spttest/ra5n6i782or9,31d5836d46990dd5,1024,0/0
/spttest/ixlrqyk7d2p0,22958ec3922325e4,1024,0/0
/spttest/abhar8ttl3u8,12d9441b4d0217b0,1024,0/0
/spttest/s6xlg8mkflo5,337f4183e48b4775,1024,0/0
/spttest/s1z58f3rml7s,333ede5baef8ebe8,1024,0/0
/spttest/wf6v191aojpc,3b38f87122e937c0,1024,0/0
/spttest/j7ehvtlvl68a,2314d37137e095ca,1024,0/0
/spttest/hm52uklaugmy,202d09eb27942dba,1024,0/0
/spttest/tngzpvtveqft,3629b2785b53c059,1024,0/0
/spttest/bgp52dwz47cn,14f0a7fa55d1d137,1024,0/0
/spttest/7utk99r5n533,e59a50da92fba7f,1024,0/0
/spttest/8f7gurv1kw2o,f62729cdf108c60,1024,0/0
/spttest/ngsnd0612pi7,2add4aee4e8ba69f,1024,0/0
/spttest/3hf62p3ehqng,65d2233ab1a6b2c,1024,0/0
/spttest/i15simseqsz,ea39d9ce695333,1024,0/0
/spttest/ua7utiwaqi6b,3751277dc6be0883,1024,0/0
/spttest/bc3fxd9e6nro,14b4deb730f05fd4,1024,0/0
/spttest/deya8voxoidp,1881348e0e65840d,1024,0/0
/spttest/g1o0q8sn2hey,1d4f7bd770342baa,1024,0/0
/spttest/g9lyw51ccb9c,1db6a87291804400,1024,0/0
/spttest/p07o90jzplhb,2dad1fdb2c31a7ff,1024,0/0
/spttest/26lbv5mj9q1q,3fcdc33c57c071e,1024,0/0
/spttest/iqrjou48g0t4,223cb77fa93be018,1024,0/0
/spttest/9h8x0tul102g,115090388baff398,1024,0/0
/spttest/qm57gp7jpmhs,309d9cf07b1b3d20,1024,0/0
/spttest/39uycagql6uq,5faea32855f4ff2,1024,0/0
/spttest/u9u9ds7845zt,374c3fb364ca7b59,1024,0/0
/spttest/ojl9vgl8qxi2,2cd536c294d7681a,1024,0/0
/spttest/oo58jrt8fwx,14074700581bb91,1024,0/0
/spttest/vi1hwzebbxqh,398a637821d39289,1024,0/0
/spttest/y68860mezmlk,3e6bc9add807c328,1024,0/0
/spttest/41gutvv41cke,7618738a35f85de,1024,0/0
/spttest/dle68sffahu1,18d4dfb7b27d43c9,1024,0/0
/spttest/6le5sup1suay,c0b91e2bf080d6a,1024,0/0
/spttest/tcivlpcjeeja,359b7ed2507bb416,1024,0/0
/spttest/aa12jvui5lvm,12c66be83b583802,1024,0/0
/spttest/n84ypowh92j5,2a6cd52ac61e6611,1024,0/0
/spttest/w4wjyz1p6gwt,3ab35bce6756a81d,1024,0/0
/spttest/rsehyeohzjdq,32c283f4c40cbdde,1024,0/0
/spttest/sm265f3cijim,3443bef30cc7db4e,1024,0/0
/spttest/3f1c1gxsk8e7,63e29d71b7a677f,1024,0/0
/spttest/86x5xmnqcr6c,ef6d0db3ce2ca94,1024,0/0
/spttest/5w4ne57l0g90,ac367ebc0ded344,1024,0/0
/spttest/rh7lage5xmvy,3231241c42cd8f1e,1024,0/0
/spttest/azcdmw11q2ud,140f3bd05a6f55e5,1024,0/0
/spttest/q9lz7r8avxtq,2ffacdb2c30d96fe,1024,0/0
/spttest/1xmmae4sk8m6,3886c00f065f49e,1024,0/0
/spttest/1t388kdb5cyv,34d77edd05b4fe7,1024,0/0
/spttest/9kycg6738ao7,1180b4c7053fa707,1024,0/0
/spttest/h6fxgs4ep1td,1f61200cbbc9f371,1024,0/0
/spttest/7w90n5qn2x21,e6c35e04abb42d9,1024,0/0
/spttest/n0kpgbawuk8o,2a0a993ea456f9f8,1024,0/0
/spttest/q559z9xj5qgs,2fc0d207cbc17c3c,1024,0/0
/spttest/ieaxw7opq49j,219ada9ac33d2117,1024,0/0
/spttest/fykph3arfv00,1d27521736d21db0,1024,0/0
/spttest/eg6occba2tpi,1a64d62ae57718e6,1024,0/0
/spttest/ohycq0hfubdb,2cbff457c751680f,1024,0/0
/spttest/xtp4hhptqzpc,3dc906280a1ec840,1024,0/0
/spttest/ro1ufl6lj8ke,3289fe27ec7bcf1e,1024,0/0
/spttest/onoxwbfq8gwr,2d0a7e8818dead9b,1024,0/0
/spttest/x6ro6lgr4yeo,3c9f3086f7c79230,1024,0/0
/spttest/cxtkxc5egpia,17a2b0c00f4ae722,1024,0/0
/spttest/5p6rzyrdabr3,a693fadbae9b2ff,1024,0/0
/spttest/17r18c51qooc,2384b2455d5946c,1024,0/0
/spttest/7gd947ix3t8e,d9de8fb9cbf6fbe,1024,0/0
/spttest/wv8ylpf3vdlo,3c098e70fb08a59c,1024,0/0
/spttest/odn03hfvnzww,2c87e6dec5920090,1024,0/0
/spttest/wm6iskl3v2kt,3b93c5d4c018b5cd,1024,0/0
/spttest/odicbew2ls57,2c8638622efae3bb,1024,0/0
/spttest/omp5j2s62kkc,2cfd94db85ab6a9c,1024,0/0
/spttest/qmdygh1078qe,30a0c5253289dbf6,1024,0/0
/spttest/nuke6em73izf,2b902a044da661db,1024,0/0
/spttest/kj1b58ffnjku,257f8db03e0f8dde,1024,0/0
/spttest/dtqtx0sgxpe2,19415aee31573eca,1024,0/0
/spttest/730h751n3s6z,cf07097e8fadc7b,1024,0/0
/spttest/migmw1z689q,1246cf5de13965e,1024,0/0
/spttest/k22hzi1tzypa,24a32a3e83265b6e,1024,0/0
/spttest/a516ysdwy9ps,128584f2e90b19b0,1024,0/0
/spttest/zrg0hibkdusi,4152fc8d2790dd22,1024,0/0
/spttest/hqrit8brr8r4,20691800fad02c10,1024,0/0
/spttest/le1rdzb05tn4,27126252b130a150,1024,0/0
/spttest/2vb26itmeenc,53de3171fe54ba8,1024,0/0
/spttest/edca7jkuspf3,1a3fe45807f60daf,1024,0/0
/spttest/wjd4m7a477pg,3b6f30437bd0fec4,1024,0/0
/spttest/1ni7bz8rg6f3,304ef96f63f8f7f,1024,0/0
/spttest/aovowopaxdx9,138751e8865792bd,1024,0/0
/spttest/up1v9nspsbsy,3811d548698c83c2,1024,0/0
/spttest/xmh5uvl79jcn,3d6b39eee1e11537,1024,0/0
/spttest/6g52z1pylq3y,bc759083668ad6e,1024,0/0
/spttest/ubr06o4f0vk3,37650d82ad069ec3,1024,0/0
/spttest/6g01mdf8hzif,bc587b8c277c207,1024,0/0
/spttest/qtto3zff85pb,31015d494dcbc9df,1024,0/0
/spttest/el935ulz1a6h,1aa6a73637c380c9,1024,0/0
/spttest/vyx8h7whabe9,3a65ab2527973931,1024,0/0
/spttest/68vwx66lfmnb,b691d647261cd67,1024,0/0
/spttest/l1dfcae09y0k,266dbb7e9250ac74,1024,0/0
/spttest/p1lh6rhm52yf,2dbf1825b46d8837,1024,0/0
/spttest/2k5qvbt90cob,4ad16675198ed2b,1024,0/0
/spttest/5pyqhhkm52h0,a73561b51f091c4,1024,0/0
/spttest/chfjiyml6c9h,16cdcbe594687095,1024,0/0
/spttest/rmf863wtlpvc,3274d7accc01e338,1024,0/0
/spttest/2qzcppqq4p7a,505b4ab92c72a96,1024,0/0
/spttest/lgoy55im4sup,2734baa32c6b5911,1024,0/0
/spttest/2gpafh3vbmg8,4802e8f21368168,1024,0/0
/spttest/wcr6jzu9mp4d,3b1955989fc5f9ad,1024,0/0
/spttest/4q0vuj6sbmvt,8a07f5c0d2e6c99,1024,0/0
/spttest/plnbwk7qm45h,2ec38c765b30d485,1024,0/0
/spttest/g9ojqabk1ad4,1db796a5f872aab8,1024,0/0
/spttest/czzznjdo2i12,17befb42f26823c6,1024,0/0
/spttest/x0txaiofv502,3c5211184ee89a12,1024,0/0
/spttest/bjste37qgbq5,1518f3440482255d,1024,0/0
/spttest/eauon5u29gcz,1a1f903c757c4513,1024,0/0
/spttest/wkg1nkdw4k7f,3b7d3b0661b7b34b,1024,0/0
/spttest/h67r7p2snyhn,1f5e2d0fc647425b,1024,0/0
/spttest/aeyzzv3e4907,13069ee554ca7097,1024,0/0
/spttest/t8wlja7nkk76,356c7d1ea220f642,1024,0/0
/spttest/1ij6a0qwjem6,2c456f80c3718be,1024,0/0
/spttest/vh1qfdf1vn1,198d1ab04b5896d,1024,0/0
/spttest/vlpqgkogdx7y,39ba19fff622996e,1024,0/0
/spttest/ho4ssy2m8ciz,2046eaa8888a2f6b,1024,0/0
/spttest/hlrv3e63yd12,2028453bdf4dd176,1024,0/0
/spttest/7ft0g4gfqwe2,d969b6008e2157a,1024,0/0
/spttest/u7hzulq9sy2m,372dd84f319ebc7e,1024,0/0
/spttest/oxk7if87340z,2d8aadecde042e23,1024,0/0
/spttest/or1xzbjgxuhe,2d36274d90f9c492,1024,0/0
/spttest/r2tbgibffc10,31762422664285a4,1024,0/0
/spttest/dx0jvp46jnue,196bd4a17dc7a576,1024,0/0
/spttest/cq9ktivukfuk,17408c51075da73c,1024,0/0
/spttest/5a02fe5ff7pc,9a3fd01e36b17c0,1024,0/0
/spttest/qhwpablihxcc,30669653ebd6b90c,1024,0/0
/spttest/e66x3jfxeee4,19e30810a3498d5c,1024,0/0
/spttest/e37yfj92zx8o,19bc70156e3e8908,1024,0/0
/spttest/b23rh2bxkgsw,143317c69568bf10,1024,0/0
/spttest/j5celsno1pt6,22fa17c7c5bc0cea,1024,0/0
/spttest/uvklr7f1ogjm,386687699779d6c2,1024,0/0
/spttest/y18k1q8er3js,3e2af5e1125918b8,1024,0/0
/spttest/f6hs1l8xzxr4,1bba9063da6706a0,1024,0/0
/spttest/n1razs8ll7hs,2a19f7fae46cee30,1024,0/0
/spttest/xhj8ifv9c85g,3d2b07326a7fa944,1024,0/0
/spttest/nog1b0714yos,2b40a7f9dfa5659c,1024,0/0
/spttest/n8cbs2kdfdka,2a6f7d4502f50f6a,1024,0/0
/spttest/8re9kxto439m,1000c59c1ddda58a,1024,0/0
/spttest/iwnqcefpejwh,228946a3e8ce9141,1024,0/0
/spttest/k0axn8h84eqp,248c3adae1ce4fa1,1024,0/0
/spttest/wj8zapb5026l,3b6db12463af4c0d,1024,0/0
/spttest/gfg2ugkoodgs,1e0277ec013bc22c,1024,0/0
/spttest/jwbz74ubt8o2,2458a62e2b8cf422,1024,0/0
/spttest/48ote0j0ugrw,7bf534473f45c6c,1024,0/0
/spttest/io36ey123mnv,2219f216544a1b7b,1024,0/0
/spttest/o5uhzm37hx4x,2c22b14d63373501,1024,0/0
/spttest/f4kho8dtwb04,1ba1905f18c810b4,1024,0/0
/spttest/b6c8xputwewf,146a1c8dc844586f,1024,0/0
/spttest/lex1gk1zn7c1,271dab947b026be1,1024,0/0
/spttest/6z5youoi96ii,cbe7649d4931b3a,1024,0/0
/spttest/hrjmw15iybap,20733cc701a403b1,1024,0/0
/spttest/r6b5vb3ul5ih,31a38c3169f04929,1024,0/0
/spttest/qlwdy2jqrb02,309a6e4207c79672,1024,0/0
/spttest/satwcecdp144,33b1e104de508ee4,1024,0/0
/spttest/icwcvmv0kbmu,21889a450be973e6,1024,0/0
/spttest/2ceru14jbhhh,4486e2325374045,1024,0/0
/spttest/xgnxi1mh8x9g,3d1fbb879340b364,1024,0/0
/spttest/nkgshyijj156,2b0cf8b88d52678a,1024,0/0
/spttest/17ouyc16worw,237824c3d72ef6c,1024,0/0
/spttest/8dk8b0mr435e,f4d12f3be35bbf2,1024,0/0
/spttest/gfkx5ydspui,d5734f8e7cf6da,1024,0/0
/spttest/2hyo3yy48y4g,4908e3b26618ac0,1024,0/0
/spttest/1t96d2l7hpbj,34f9d53f810d56f,1024,0/0
/spttest/vvilqg8sago6,3a396bdd4dbaaee6,1024,0/0
/spttest/cig1i6hhlo1z,16daf7482cc3e207,1024,0/0
/spttest/16mcawgxhh4h,2299c734e58f1f1,1024,0/0
/spttest/3kc64pag4kws,68305029dff4adc,1024,0/0
/spttest/sjoqkcjazhpr,3424eba9070f7a6f,1024,0/0
/spttest/8hohn76q5hef,f8291698d304957,1024,0/0
/spttest/57917eo6mjuz,980416a9be4d40b,1024,0/0
/spttest/lyplwj9dd7mt,281ec6391ef588e5,1024,0/0
/spttest/fu1ux4f4uu9g,1cec9009e49094b4,1024,0/0
/spttest/ylbn8w5jcmm1,3f2fdc5394fc2479,1024,0/0
/spttest/h836ngnydtcd,1f76815825f0b3cd,1024,0/0
/spttest/r4s3xajt0llw,318faef31631b664,1024,0/0
/spttest/9fnmn6gyb4cc,113be499b38dacbc,1024,0/0
/spttest/f080oq5x1zsn,1b691b57ae720077,1024,0/0
/spttest/l3yr0patfgqt,268f67b463b83785,1024,0/0
/spttest/q65i7h7wesf1,2fcde465e762f35d,1024,0/0
/spttest/mx0iazn7v6yu,29dc57c50c9e0806,1024,0/0
/spttest/ventah0tvkm2,395e7bba8e95471a,1024,0/0
/spttest/8d80pzodn3go,f48ab12f9a06e48,1024,0/0
/spttest/zogyqullb6t,1cf745a31d4b8e5,1024,0/0
/spttest/iodechpixvcs,221da21efe7c82fc,1024,0/0
/spttest/wx6cybkro8f1,3c2298ab90883b9d,1024,0/0
/spttest/11efoku8z460,1e5cfe498df7fd8,1024,0/0
/spttest/n1vrv3gzqbpl,2a1b94bcbb6bf0c9,1024,0/0
/spttest/jfr3fe9m1vq9,23814931095c90e1,1024,0/0
/spttest/gd43yl1n7mcl,1de42bd9684157e5,1024,0/0
/spttest/5o3lk2hb64a3,a5b1cca1bbf4a2b,1024,0/0
/spttest/f4dhtqgbdpa9,1b9f0a2f9787cc41,1024,0/0
/spttest/31aahd95f4gl,58b8b8fcc32bd55,1024,0/0
/spttest/s3if9uc8fy1a,3352d05ee9d3320e,1024,0/0
/spttest/7jynkohh56av,dcc9994bfd1c427,1024,0/0
/spttest/t1zlz7qgrz4e,3512a6900e8fd28e,1024,0/0
/spttest/lyc1nfftxoz1,2819e178a58985ad,1024,0/0
/spttest/tlz0amk68yck,361638103b4ad5e4,1024,0/0
/spttest/s289pn3pkmcd,33422929b4c7031d,1024,0/0
/spttest/pzyvl4ntvbz8,2f7d909bae30c764,1024,0/0
/spttest/1vykhicxbdak,372c148e9d2e90c,1024,0/0
/spttest/r730lqa7tboy,31ad98fe02118f72,1024,0/0
/spttest/ua3dl7awsjfp,374f89ce8fa08965,1024,0/0
/spttest/dfclzt62cvk2,18865fda7018d4c2,1024,0/0
/spttest/hwesc0xau29y,20b26f3049c3d506,1024,0/0
/spttest/9epyuc4qubc1,112fbf613260bee1,1024,0/0
/spttest/oyhpg6divm9r,2d96c419eff9887f,1024,0/0
/spttest/1a2jmyqsfrui,2566ceec8021eba,1024,0/0
/spttest/kncgzqmmsq8v,25b789c4e68cc1df,1024,0/0
/spttest/qhhl8sxq3tyk,3061226ecdacf86c,1024,0/0
/spttest/d5xdxtnlm3im,180bfa59e8dabc4e,1024,0/0
/spttest/gqv9tv1pdu3j,1e96d52ffbba669f,1024,0/0
/spttest/7myihs2t5l9f,df38450cc427fe3,1024,0/0
/spttest/3o78f646f0rk,6b53212d2d327a0,1024,0/0
/spttest/5j2yeal9saby,a19ef14caa2604e,1024,0/0
/spttest/guq5tverkwol,1ec8f21c58550575,1024,0/0
/spttest/svqiwndywam6,34c16fd3f67523be,1024,0/0
/spttest/kekzychjx500,2545b60e1e4fae90,1024,0/0
/spttest/9i5ooyq7hcgx,115c630041d68861,1024,0/0
/spttest/is81dv1yi9kb,224fa80c9d1c36eb,1024,0/0
/spttest/ghgs2vj75bui,1e1cb32e047cce3a,1024,0/0
/spttest/vomuyifs7hjo,39e00834f7cc2c94,1024,0/0
/spttest/ucg17kkpgbjy,376e1558b763277e,1024,0/0
/spttest/ecixyrv3t87d,1a354e4018efbdc9,1024,0/0
/spttest/817g5auig7g1,eac9733fce1f3b1,1024,0/0
/spttest/js3gub8x3ro0,24219f1c0962bfd0,1024,0/0
/spttest/b9mobvr0dzr,925b51cc03cdd7,1024,0/0
/spttest/yzme0yc1q99q,3fe996503f22226e,1024,0/0
/spttest/aiibsvzsb0us,13348ff4755ed114,1024,0/0
/spttest/tm5221k5efsx,361866caecf0cc81,1024,0/0
/spttest/eu61sfy2bodn,1b1a75e572bf4a2b,1024,0/0
/spttest/j6kgmxaf7n06,2309fd31ee4ad736,1024,0/0
/spttest/mqka1noursad,29888d256516b5f5,1024,0/0
/spttest/g887hk0l0ofv,1da4b4168a3130bb,1024,0/0
/spttest/l0zhqpeb0lrh,2668b47f8447612d,1024,0/0
/spttest/qc5vcmasnej3,301bf5a8f9920d4f,1024,0/0
/spttest/ndva7e9zw0ha,2ab74682b204316e,1024,0/0
/spttest/ai3pi0akc0um,132f4993a8190b4e,1024,0/0
/spttest/t0gti5gtgza0,34fee19e9ad66398,1024,0/0
/spttest/skudk8wg7sgi,3433f1c3990e9bd2,1024,0/0
/spttest/uhortx9wscog,37b22ee131516330,1024,0/0
/spttest/9cfzp4yiwnjt,11122b61071dd939,1024,0/0
/spttest/8trr2uuvg0la,101f9dce48dc7dfe,1024,0/0
/spttest/svjg864rub12,34bee25fc04c7e56,1024,0/0
/spttest/rysmk53p3h1w,33158c76cbd16e14,1024,0/0
/spttest/h406n80efcxb,1f4177320f67fd2f,1024,0/0
/spttest/li3p5ql2pxdi,27470a5e0ed90b36,1024,0/0
/spttest/dv19uhnqrj3r,19521cbde1eb3f77,1024,0/0
/spttest/gkyo958c74p8,1e4a1fc312b94f8c,1024,0/0
/spttest/vik4vjoeuh6n,39911d021ec7d07f,1024,0/0
/spttest/2qfo2wp775xc,4fe9a7823c504c0,1024,0/0
/spttest/6dz1k1accvkl,bab30ac66e02ed5,1024,0/0
/spttest/1zyybhloc9ts,3a6d9cdb83618c0,1024,0/0
/spttest/j9miungtby6n,2331b3624ec9eecf,1024,0/0
/spttest/2vecvf93f67w,53f13a0ac57243c,1024,0/0
/spttest/ih8hs8yk31hw,21c0f04d99d50654,1024,0/0
/spttest/86a3uv5x9w87,eee7f0eeb137067,1024,0/0
/spttest/fc1ytoc6jmnv,1c02cb6f5b442f7b,1024,0/0
/spttest/p0jt0zpu7v52,2db180883a88ab66,1024,0/0
/spttest/4ggfvqmb34e3,82437b7b3c69bfb,1024,0/0
/spttest/axgg4jswhu93,13f6b929e4b1f367,1024,0/0
/spttest/dhucx55ubkk5,18a6c1b68503ded5,1024,0/0
/spttest/u2p8jh58vwt0,36ef82e70343c3d4,1024,0/0
/spttest/t1orgs1yadjd,350ebc97c35e2909,1024,0/0
/spttest/lkcz0x11b1nx,27645d826170322d,1024,0/0
/spttest/eemvmdejyttf,1a50b438aa990673,1024,0/0
/spttest/40ujfw3p9dw0,75979e6214a1390,1024,0/0
/spttest/wtpgr8rwijb0,3bf58866075dde3c,1024,0/0
/spttest/1ftxptya5wl3,2a14148c48c5637,1024,0/0
/spttest/p8ipz7gy4wtd,2e190664a8525121,1024,0/0
/spttest/tecjy40hdmos,35b331386de1251c,1024,0/0
/spttest/ve1b1mj09rgv,39565cd00f59bf4f,1024,0/0
/spttest/lxnpl4wqi0l9,281119ae3f182d7d,1024,0/0
/spttest/yn2wr9iyfe54,3f46afed5cd22f58,1024,0/0
/spttest/atd4damddps3,13c190dda888e8c3,1024,0/0
/spttest/pqee9gb6xnsl,2f01457b6f7e08b5,1024,0/0
/spttest/ufnvskl67dxa,3797e22a2a15bc3e,1024,0/0
/spttest/gjgf5yeu7bb1,1e368c8eba716afd,1024,0/0
/spttest/qem3uu34x8ah,303bcbe3d5f87839,1024,0/0
/spttest/tidyyqoe3g9o,35e7a925b0aac31c,1024,0/0
/spttest/2ckgn30h9zmr,44a7ba0c10fbda3,1024,0/0
/spttest/sb4zze66bqex,33b5e267ec3a9879,1024,0/0
/spttest/rm0wl4n8gp1t,326facccfb3526d1,1024,0/0
/spttest/bhlrccyn3wik,14fc6ceb72d8c65c,1024,0/0
/spttest/94zh105lb2iq,10b148c92ec28a82,1024,0/0
/spttest/ouaq3fuf04n3,2d604a279a4e6e7f,1024,0/0
/spttest/8erpezqqbrha,f5cc2b02ea311de,1024,0/0
/spttest/s1erm3ep7vlo,3337840c0534fcbc,1024,0/0
/spttest/jyt78wrdnsoi,2478d79b543c69f2,1024,0/0
/spttest/d5iebyaizimo,180691d5a583e310,1024,0/0
/spttest/58hb6hbaut85,9903b35fe8fd575,1024,0/0
/spttest/hr19zm71xudw,206c9d0c9d975514,1024,0/0
/spttest/hmdh887yfamw,203011c2415c4198,1024,0/0
/spttest/gkcwbfugnolb,1e424459ba98d43f,1024,0/0
/spttest/xv4n1madvv4p,3ddb9c8e2d4ee459,1024,0/0
/spttest/o7qlnn2yqz0j,2c3b43c0ac3f0dc3,1024,0/0
/spttest/cgkau7q1efxz,16c28630f3778137,1024,0/0
/spttest/j4dsr9cxhdsx,22ed9b33c8b22121,1024,0/0
/spttest/7l6b799v4f3z,ddc5a09a40bb87f,1024,0/0
/spttest/wrgwe959by0g,3bd876b299e36df0,1024,0/0
/spttest/t5h10jgxwgt7,353fe72c9f724e1b,1024,0/0
/spttest/kkk957b9ll89,259360ced984c3b9,1024,0/0
/spttest/3xuza1oc4hh9,732aac3c40ead7d,1024,0/0
/spttest/a1bicyxxn9qp,125548d6bac69611,1024,0/0
/spttest/xq52x8ufmhvj,3d9ad30338646aff,1024,0/0
/spttest/wwsvsrnn3b4i,3c1dbbde6f793e12,1024,0/0
/spttest/w7i377ydocwt,3ad51b63f9f07c5d,1024,0/0
/spttest/wv5we7zzhcds,3c0873abf0d6b7f0,1024,0/0
/spttest/iks61p7pbfm9,21ef0152878028d1,1024,0/0
/spttest/7nosbgbz7ohh,dfcff18cd5546b5,1024,0/0
/spttest/djy1nqikdo3,b00eb064b72c33,1024,0/0
/spttest/fgg670worx3,c8c63ca6f4b357,1024,0/0
/spttest/6d4wqd0qqvfi,ba0513f83f3cb9e,1024,0/0
/spttest/cex1mp5n1k2y,16ad24d651dad6ea,1024,0/0
/spttest/4k72abijhvhn,854ca8c6b7564ab,1024,0/0
/spttest/wpaai9sedv6p,3bbc19d05834ad21,1024,0/0
/spttest/enqiep0kguhl,1ac6eb1a3e06a259,1024,0/0
/spttest/gnlp2hn4h6g0,1e6c68d624810ae0,1024,0/0
/spttest/6sb018uzppum,c655ac818554a1e,1024,0/0
/spttest/1ndrvhbu3whe,303567442a18132,1024,0/0
/spttest/bmfli6me32sa,153b2603a85ef6da,1024,0/0
/spttest/x5o7g6tgb6of,3c90f33b2c3bfa8f,1024,0/0
/spttest/ezcpspuwgvih,1b5dcffce30feb89,1024,0/0
/spttest/bpgw1dmqlfs7,1562952db935c527,1024,0/0
/spttest/dhz1h8wzchn,af588167c7b9fb,1024,0/0
/spttest/djaq984lg885,18b9a713f1cb12a5,1024,0/0
/spttest/bhll0obxyndn,14fc5cb1380df7db,1024,0/0
/spttest/83vqkyzpy8fa,ecf55543ea0a426,1024,0/0
/spttest/h3ui89shgnbm,1f3f6ab5bf8d0b12,1024,0/0
/spttest/pq7n4l9erdsg,2efed5a664c26090,1024,0/0
/spttest/v94ipizkhczh,3916934c3dc6bbfd,1024,0/0
/spttest/d06utwudglm6,17c17576ee3d766e,1024,0/0
/spttest/mcxx1qcnyx5x,28d79f5b7930e365,1024,0/0
/spttest/49q85mvgnjoj,7ccd2c82c674f63,1024,0/0
/spttest/6i4lmkfvp8a1,be12709a8c7d129,1024,0/0
/spttest/36zncmuflcx3,5d5a411ba683ba7,1024,0/0
/spttest/3e7v14p3omy3,6338784c6cdf12b,1024,0/0
/spttest/iohlegq5bxlg,221f25b1f40ecbd4,1024,0/0
/spttest/mv5cuvc7d8vr,29c41d1ea35af537,1024,0/0
/spttest/nl8s72cnh6vj,2b1712415b77440f,1024,0/0
/spttest/8c298xcsfkmy,f39997bd8fc723a,1024,0/0
/spttest/jxqlg0e84a78,246ae9ac20f60ca4,1024,0/0
/spttest/87qslx8knt21,f0181b6d2f6f6d9,1024,0/0
/spttest/e5bkwmz03zbg,19d7b95e3ecaa18c,1024,0/0
/spttest/ag6o4vkxs125,131660aa9982755d,1024,0/0
/spttest/hop58ms4myc1,204e41ee3b472b51,1024,0/0
/spttest/w8o4iww5jl3k,3ae4464180491690,1024,0/0
/spttest/hr8nn4o4t2ro,206f46a872d59744,1024,0/0
/spttest/eo7fdhmzj495,1acd0594539d0749,1024,0/0
/spttest/o6vm3v6cbr0f,2c30157e54eb717f,1024,0/0
/spttest/11v6cc4rzw43,1ebda3042c9d853,1024,0/0
/spttest/voauxxszw6c2,39dbb3bf450f2b12,1024,0/0
/spttest/9fn0balhlxrr,113bab4e58e22337,1024,0/0
/spttest/4dzrc6gjqpmy,8043856df20974a,1024,0/0
/spttest/psxd3vdk5o0y,2f221807558da0e2,1024,0/0
/spttest/ohse0u1thbvw,2cbdcd787080176c,1024,0/0
/spttest/342wc2s719u5,5afd874c4ef5f0d,1024,0/0
/spttest/39ukkcg72izm,5fac6d9b84d33a2,1024,0/0
/spttest/rer4geenqie5,32113882aa9c2e9d,1024,0/0
/spttest/3agysb04og8d,602db70aa3e9c2d,1024,0/0
/spttest/ccsvmdq5sixj,1691a96ef4a56bd7,1024,0/0
/spttest/pgiwjmhu5dgh,2e81014c031bb561,1024,0/0
/spttest/t73wbccdx9hi,355524d771620b46,1024,0/0
/spttest/a0ek4vqbioes,1249653de803cf14,1024,0/0
/spttest/bnvbarx9supw,154dcefa20168784,1024,0/0
/spttest/mckyb31zt6oh,28d2f1cd73ac5e11,1024,0/0
/spttest/3o6014fq3s3t,6b4c02d899f2709,1024,0/0
/spttest/s44l2xpzbw4w,335acf5fe5260e70,1024,0/0
/spttest/9ay255hg4to3,10feb5c4521ef333,1024,0/0
/spttest/puw18kni667k,2f3b97b83676b2f0,1024,0/0
/spttest/ebegji52328d,1a26b2d06360840d,1024,0/0
/spttest/f686yzkiz5x,c5161565982285,1024,0/0
/spttest/et23o1i0gsdl,1b0c0bfc05db8ba9,1024,0/0
/spttest/o8p4e9hg837c,2c47b85abacbc638,1024,0/0
/spttest/b5bghiv15330,145cd64d0ab47bdc,1024,0/0
/spttest/16b353b0l1ms,2258ce4c2377784,1024,0/0
/spttest/s9ef2s54a2dx,339f4def566c2295,1024,0/0
/spttest/lkwid6t36ioo,276b6a21642bbb18,1024,0/0
/spttest/br1g6ng7uaxe,1576fd7dde7729d2,1024,0/0
/spttest/c3wfg27y4vch,161e0a17c58675b1,1024,0/0
/spttest/eja8po7px4y2,1a8d174eea908c4a,1024,0/0
/spttest/vkmgznyqrxn3,39abef5759ed350f,1024,0/0
/spttest/dipjir52okvz,18b202103bc825bf,1024,0/0
/spttest/7q62cz7j5xpv,e1d35a30f69d8f3,1024,0/0
/spttest/g975z3jm4zc0,1db1511862227de0,1024,0/0
/spttest/nb4tlurah0ra,2a93bfd5b957d416,1024,0/0
/spttest/oy53stbvkbjx,2d923822c758d27d,1024,0/0
/spttest/4u571mrbzadi,8d60296cd26f646,1024,0/0
/spttest/2rbx133v8ebl,50a3d371b28d581,1024,0/0
/spttest/hxj8uw8uk94s,20c10850d6d5e93c,1024,0/0
/spttest/u0t17y43xr4f,36d6e7146a185a8f,1024,0/0
/spttest/oa9as0qwyaes,2c5bfd59e8be3134,1024,0/0
/spttest/86zptj2s0pnt,ef7bc9dcc03d5e9,1024,0/0
/spttest/4c46d0mrji1x,7ebd5d8692b3525,1024,0/0
/spttest/qpebl5cdqknm,30c7de9a9a695812,1024,0/0
/spttest/kbuyxfsrydi4,252257563e1893dc,1024,0/0
/spttest/r896nvn14ff8,31bcd0019a263414,1024,0/0
/spttest/mp77k1bne72k,2976d8b6f7ebae4c,1024,0/0
/spttest/w7j8rvnjc37w,3ad5860f5f8bfa4c,1024,0/0
/spttest/3vpzse7q2i6a,716e3b7beaf7e82,1024,0/0
/spttest/paazsl4dcdll,2e3037258ce6dcd9,1024,0/0
/spttest/hzdkuqv4i6yu,20d8f76606f873c6,1024,0/0
/spttest/7g4b614fon7f,d9aaeee1c0c1a7b,1024,0/0
/spttest/n3rv6azeyxoq,2a34264620eb390a,1024,0/0
/spttest/redxv34tg19u,320c76cf3d592772,1024,0/0
/spttest/apuk5t89j9kv,1393e69e4721903f,1024,0/0
/spttest/vsp826bgxs8m,3a14d7962b9a0936,1024,0/0
/spttest/27l6zbv5ahd8,409cced6f43e76c,1024,0/0
/spttest/24v5oxtvecym,3e66d888e815c1e,1024,0/0
/spttest/hwc5fr6kz7xy,20b17bb4741aeef6,1024,0/0
/spttest/tfdbzyz0ukij,35c07673a1cc0f5b,1024,0/0
/spttest/zjvl2ljtatit,40f0b0d70872ecf5,1024,0/0
/spttest/2pqw3xfmfwyk,4f5a9dcbb62969c,1024,0/0
/spttest/txx1xbqxeps3,36b16297601dd303,1024,0/0
/spttest/id49a7jk88jq,218b73fdc3918d46,1024,0/0
/spttest/o8egyiro2gh,13ac63cb516c571,1024,0/0
/spttest/9rcf8obc745f,11d3b8a2e12828c3,1024,0/0
/spttest/f601xfj6wpon,1bb42b1f85646c07,1024,0/0
/spttest/25u0kuye4orf,3f3014d5dbccc5b,1024,0/0
/spttest/per87t2lztkf,2e6a07ad34158d6f,1024,0/0
/spttest/kecpfi7r1zik,2542b81bc94dc10c,1024,0/0
/spttest/21xusetfc3p4,3c06ee44ba180b8,1024,0/0
/spttest/o05h41y9tnlu,2bd8b79033c29dc2,1024,0/0
/spttest/1c1oducu4pei,2701741ba2d079a,1024,0/0
/spttest/6t5jofjlb2cm,c70603b357b31a6,1024,0/0
/spttest/226snj9fka5f,3c3a8ba11b89363,1024,0/0
/spttest/eox3evrrjldi,1ad64876aac2a9f6,1024,0/0
/spttest/a3dfqvyb39aq,126ff5621dae74d2,1024,0/0
/spttest/ev2ixpyyechj,1b262dacb19430b7,1024,0/0
/spttest/25l6cgjxqtte,3efd0c8b7810672,1024,0/0
/spttest/4tw1f42raue9,8d2b4d74b83fb61,1024,0/0
/spttest/6yjfk8iu3bkc,cb6551bb353434c,1024,0/0
/spttest/9uvrs8vwq35u,1201ab965c9f0e82,1024,0/0
/spttest/ncnxloaxcifg,2aa7a256aba2d14c,1024,0/0
/spttest/klcl74giapul,259d9a0b8be4335d,1024,0/0
/spttest/n2f3sb6xpd1o,2a228e532143574c,1024,0/0
/spttest/f8e4vkpnozid,1bd33a5b678c44c5,1024,0/0
/spttest/dyo77de7daof,19815a33c580664f,1024,0/0
/spttest/gc2hu8lpb3p4,1dd69977a0951478,1024,0/0
/spttest/khta7jp1r8i,10a3687b6e51522,1024,0/0
/spttest/r9k1amy7uqre,31cdb78a7ecdf1fa,1024,0/0
/spttest/ub0dtkqo8s1w,375b728e3fb98004,1024,0/0
/spttest/8e5u087iyu83,f54de5d0d4b1b83,1024,0/0
/spttest/rpfe0efzrjz0,329bde6ee0111cdc,1024,0/0
/spttest/659lnh1wb85h,b3a189b23e79205,1024,0/0
/spttest/hsyy3142t0jc,2085c047ba7649f8,1024,0/0
/spttest/85flhjiyjq6f,ee37ce097066547,1024,0/0
/spttest/6l0f0x4r76m,55845828c2c51e,1024,0/0
/spttest/y4t5hq91zse6,3e595c093ce5bf7e,1024,0/0
/spttest/3qbev8qnj8qh,6d0ae99a76c11f9,1024,0/0
/spttest/rpjqrnuh42py,329d70a37106ffc6,1024,0/0
/spttest/4dzsd9gujgpl,8043afb7b91c959,1024,0/0
/spttest/ijlxvr7mqixd,21dfc4e7ff96a451,1024,0/0
/spttest/oudawsa2l97r,2d61384c62388be7,1024,0/0
/spttest/m5m35tmvghqk,28786dd3dd1764cc,1024,0/0
/spttest/6kecrfcqyd0l,bfea67ce3593065,1024,0/0
/spttest/wt9jsurjgqtu,3befca519edc0ad2,1024,0/0
/spttest/n6rda7qkcfoo,2a5af0237fdf0668,1024,0/0
/spttest/rpazm7tad59s,329a4807397c29f0,1024,0/0
/spttest/bv1xrn662uio,15ab1fa2120bd500,1024,0/0
/spttest/a3wcnaijbth,834cadb2a6ec95,1024,0/0
/spttest/vjcky1zcgij9,399b608ce75b49d5,1024,0/0
/spttest/bwk4sr3syj7r,15bead8ec7bfcdc7,1024,0/0
/spttest/gey6mjrne7s7,1dfc02fe291c91e7,1024,0/0
/spttest/hgwstiy9xuga,1fe91af4e500e96a,1024,0/0
/spttest/b6he4xfn3nlz,146bf7bce58bbd47,1024,0/0
/spttest/jfer8pmxet1e,237cd581bfbff382,1024,0/0
/spttest/c6w1dn9tsn37,1644ddc51a0014e3,1024,0/0
/spttest/zdj49d7yhre3,409e41bea87292eb,1024,0/0
/spttest/26t6ekufuquu,3ffb12344444a76,1024,0/0
/spttest/fy7eyhwllcvn,1d228652081c7973,1024,0/0
/spttest/ft8peq2gb5x4,1ce20b38296f6ab8,1024,0/0
/spttest/vzb6zrj82qpq,3a6ab47d9fd497be,1024,0/0
/spttest/cz11t547mnjh,17b25fe76baba7ad,1024,0/0
/spttest/ftyn4pn1u77z,1ceb66f2d4646d0f,1024,0/0
/spttest/c7stslyrq4e8,1650b2764f08abc0,1024,0/0
/spttest/ppcimiu6cbro,2ef39aaf025c6494,1024,0/0
/spttest/tgntqgh9xp3k,35d13ce59ba00a50,1024,0/0
/spttest/yn35m78yxqq4,3f46c6a88c48778c,1024,0/0
/spttest/7bq3hd718um0,d61990787ab79f8,1024,0/0
/spttest/6a2397qzdfx7,b78551c9373ecdb,1024,0/0
/spttest/kyl5iaqhga87,26498d70cde410c7,1024,0/0
/spttest/7am59hagj8fd,d532ede84ef7969,1024,0/0
/spttest/zqk6cwg3upkx,41477fd57d100001,1024,0/0
/spttest/2ybguud0w74b,5650083ce9ca00b,1024,0/0
/spttest/1oc8iwgu9trt,30fc5b237ac9cf9,1024,0/0
/spttest/gi60exw48wk3,1e25cdc5a381ead3,1024,0/0
/spttest/qj2cpqvaxm50,30759d89c1f1f454,1024,0/0
/spttest/m95711b3dc72,28a64a843023bdfe,1024,0/0
/spttest/37fironcpzvk,5db5e34716309e0,1024,0/0
/spttest/5gwle8zapvqu,9fda8fffa6c22f6,1024,0/0
/spttest/sp1tetn942q1,346a9608dfab9bc9,1024,0/0
/spttest/f8nd073qsrwa,1bd68e86e481323a,1024,0/0
/spttest/vpe1w7nc6mfi,39e9d7f22fa76f0e,1024,0/0
/spttest/fzyjv7t34g3,cfd0645f43a243,1024,0/0
/spttest/un31f9igq75b,37f846ee83e68eaf,1024,0/0
/spttest/3s85xgg3atm0,6e97d131e7b1768,1024,0/0
/spttest/avl2witam116,13de6a9066b1acba,1024,0/0
/spttest/ewe4h9bih0b2,1b375a41847449ce,1024,0/0
/spttest/igl22xnxzs4n,21b87b8ae99f8627,1024,0/0
/spttest/fuajx16yei7c,1cefb31f7051dda8,1024,0/0
/spttest/pt1v6ghi72d0,2f23b7debd50bdb4,1024,0/0
/spttest/iwkk9hy8wbab,228821ef19522123,1024,0/0
/spttest/c4dswtqz35qi,16244ee72cd4baca,1024,0/0
/spttest/kb94yzu2ve9w,251a76bdbf048404,1024,0/0
/spttest/lnc62rbi2xpr,278b0b00c33da52f,1024,0/0
/spttest/yaoly004r19l,3ea5a7f28cd34329,1024,0/0
/spttest/qfk8ahriftty,30481bca10ce72c6,1024,0/0
/spttest/kzja3ovez38a,2655ddbfac23e51a,1024,0/0
/spttest/rp4zfcnm18n2,32981d5456d6f3fe,1024,0/0
/spttest/dtjlnpfg4e0v,193ebf299b5e1bff,1024,0/0
/spttest/xakmckiwrtqa,3cd09a4548c5b742,1024,0/0
/spttest/seidjzlq8qn0,33e1adc94ea2f6dc,1024,0/0
/spttest/kz2op468wcge,264fe0efc3c4670e,1024,0/0
/spttest/xmtr52ddy4f2,3d6fc4f5aca42bde,1024,0/0
/spttest/hdmuhnpmuv5c,1fbe8bca2c168330,1024,0/0
/spttest/53736tkm85cz,94b98be2a57c323,1024,0/0
/spttest/59e18q28re3p,99c09dd6c787025,1024,0/0
/spttest/9e9tjn3mhd73,1129ebe5877a4f0f,1024,0/0
/spttest/5l4t5aeozs92,a3494dc454069c6,1024,0/0
/spttest/sbrc27ybty04,33bdf17f8a36f464,1024,0/0
/spttest/llvxofoxszn4,2778324ea936b470,1024,0/0
/spttest/vmab1j89ppnx,39c1862c9a2d872d,1024,0/0
/spttest/vh5vfe9lsw5a,397efa5a607a2abe,1024,0/0
/spttest/8eoaui59f26l,f5b8833c53b35cd,1024,0/0
/spttest/j96tod10h67d,232c094478b5ada9,1024,0/0
/spttest/6xo1sdmp5wih,cab025a1c02d4d9,1024,0/0
/spttest/vetrrogzl4i1,3960a20872238d09,1024,0/0
/spttest/tiusxgp555m,17f7e1be314b25a,1024,0/0
/spttest/gbcd2marqlj9,1dcd2ba94ea63285,1024,0/0
/spttest/dv967xffnehk,1954f661dd4f8418,1024,0/0
/spttest/w3nvh7956shi,3aa33cc2143b6eb6,1024,0/0
/spttest/qyy0xre54glp,3143e1f4622d3a0d,1024,0/0
/spttest/7029teyczo5l,cca1e9efac7d909,1024,0/0
/spttest/pblv10embrf9,2e412039c0526d95,1024,0/0
/spttest/zmmoryfhpcwl,411472ccf5f63a95,1024,0/0
/spttest/p8ffkiawz5bg,2e17d6953eceadac,1024,0/0
/spttest/uhlfy6atkwsk,37b0fb49d9526804,1024,0/0
/spttest/4e7ty8jq4m8s,80721fd2ccdcf9c,1024,0/0
/spttest/6g4gh7t4zis4,bc71f50612011d4,1024,0/0
/spttest/1duedw3l950i,2877189c1f1e2a2,1024,0/0
/spttest/4jhvvyoy4d90,84bb4ecafa6be14,1024,0/0
/spttest/uj6yq2sfnra5,37c5bc7379b5e8dd,1024,0/0
/spttest/j5yqemve7utg,23022629272b21c4,1024,0/0
/spttest/vq37jtlad2mb,39f2eba9e96f9c83,1024,0/0
/spttest/xypw3jgpxnp4,3e0a3f49a50fdf38,1024,0/0
/spttest/dwlkvv1gjgfm,19666daf48973df2,1024,0/0
/spttest/j04vy7w95ewb,22b66f0df62bf3ab,1024,0/0
/spttest/6u75u50kqsln,c7df2b5d67b774b,1024,0/0
/spttest/535ryz94hfdc,94b1f978f856010,1024,0/0
/spttest/z2w8uyxkkfbb,40141c82bdd1e287,1024,0/0
/spttest/ntsrt52iyyeo,2b8632ae7b5f0cb0,1024,0/0
/spttest/jd9uj0a0n56f,23611595530ba1f7,1024,0/0
/spttest/qox3s4kca2at,30c1a8509c01c625,1024,0/0
/spttest/kyv9vtclkuvs,264d34597ebc4e58,1024,0/0
/spttest/vi2it6a6fzlu,398ac221c0113002,1024,0/0
/spttest/cxjq9yoe25su,179f22cbed6e17de,1024,0/0
/spttest/g4fj72c6lsmp,1d7363ae36a9da31,1024,0/0
/spttest/fd5opxe4dfsd,1c11203d5b965d2d,1024,0/0
/spttest/ghlhf94vy2f1,1e1e65adf5af9fbd,1024,0/0
/spttest/9off5jkexgba,11add5bf60c3ded6,1024,0/0
/spttest/xqrjt7ebup9u,3da2ee71bd8a6e72,1024,0/0
/spttest/t5ff9trzfh2z,353f530549cb633b,1024,0/0
/spttest/731h7fc5ysd2,cf0ccfb65834916,1024,0/0
/spttest/avvi85uzxe7w,13e22d9018c3513c,1024,0/0
/spttest/z2e5ninkkpxp,400d95a76377f04d,1024,0/0
/spttest/1s0qiofiazzu,33f9478ee08c2ba,1024,0/0
/spttest/6pt204zmddva,c44e6b143040976,1024,0/0
/spttest/w8jzqh7z459s,3ae2c87e3d1002b0,1024,0/0
/spttest/kmw9l43i0sun,25b1b0dfd5fe500f,1024,0/0
/spttest/k9iwbkx7a7r7,250401b7115bd0c3,1024,0/0
/spttest/ox35ckeqja62,2d84861dbf364c3a,1024,0/0
/spttest/74mnaj4ot7a8,d056d967eb22220,1024,0/0
/spttest/vxxy798here,19eea3818fc20fa,1024,0/0
/spttest/pvfoj807azrx,2f42ae7cf9967a9d,1024,0/0
/spttest/ae4m7et4w7k5,12fba8772b0ea645,1024,0/0
/spttest/in55yc4c76an,220dac621d05779f,1024,0/0
/spttest/4vvwpujt38fa,8eca34a68e7d666,1024,0/0
/spttest/vqhpxvlfxkeo,39f82801482df890,1024,0/0
/spttest/dy3m6vd01ne1,1979eceb9295f0a9,1024,0/0
/spttest/wgxpb46xlprh,3b4fa4f31b830ead,1024,0/0
/spttest/4g09t8a5w3sh,81e62408d102831,1024,0/0
/spttest/zk43wphbeoq1,40f3c41db02cd3a9,1024,0/0
/spttest/4vdx8xzk05x3,8e62605f4dd2df7,1024,0/0
/spttest/6lu0si4venoz,c114aec7f559e73,1024,0/0
/spttest/3nzuy0v45p14,6b288eb2a62edf8,1024,0/0
/spttest/cwk85ginzsz6,179253672766bc72,1024,0/0
/spttest/selal2d2h5j0,33e2bb453d312c3c,1024,0/0
/spttest/99g02r7fn2wg,10eb349453be8970,1024,0/0
/spttest/e4567nto4ui0,19c86c336c274f68,1024,0/0
/spttest/jtx1rjuh8eo3,243948badeecd543,1024,0/0
/spttest/2wdk4xjt7q8n,54bc7277ee8f997,1024,0/0
/spttest/28uunvaubigg,41a4642ac042830,1024,0/0
/spttest/4ri0gxtakzfs,8b3aabc8b50de68,1024,0/0
/spttest/9eo5s75qv2v8,112f187388031e44,1024,0/0
/spttest/bmu5oa6zn5ju,154066eb8a1af6da,1024,0/0
/spttest/54vgyf9ez1kc,9616228ec91f4ac,1024,0/0
/spttest/ro1pmpjfj2r6,3289f1d5a5873fb2,1024,0/0
/spttest/rjxrwt49coq4,3254912fa036112c,1024,0/0
/spttest/o1b9vwrxsptt,2be7cc7d12623ec1,1024,0/0
/spttest/hgegdogep0m2,1fe27c68cd9d9d5a,1024,0/0
/spttest/izpguirqlan,f6b0dae253514f,1024,0/0
/spttest/fzwide8hpgfr,1d38918ada591077,1024,0/0
/spttest/bubfrbz8d0ce,15a18fda3d9c26fe,1024,0/0
/spttest/abbbxaxp9np,85f9b1078ef625,1024,0/0
/spttest/ew3akttxti20,1b3371dab95f25a8,1024,0/0
/spttest/kvjgsa8vb8rj,2621f9de8d69401f,1024,0/0
/spttest/xf265o0evotr,3d0ae461a1bc1d6f,1024,0/0
/spttest/f0adpu2okrtp,1b69f583613849dd,1024,0/0
/spttest/eyzbdbl9ghu4,1b58fa2eb077cb4c,1024,0/0
/spttest/4awqm5tgftje,7dc299c2eb8b74a,1024,0/0
/spttest/qabe8amnnmln,3003f96df54b012b,1024,0/0
/spttest/vj2cht6dp112,3997af2f15a9e676,1024,0/0
/spttest/euyijhco4wok,1b24bb2fce931674,1024,0/0
/spttest/nnb4q8etuj5f,2b31e5a92bbcf173,1024,0/0
/spttest/xq76crtyynad,3d9b948d96f85065,1024,0/0
/spttest/omkbv7iuhb2d,2cfbd746910ae845,1024,0/0
/spttest/uedwqfk9zllm,37874ba38b2d411a,1024,0/0
/spttest/w7bekccamk4r,3ad2b1f8c02bc96b,1024,0/0
/spttest/cxlrz8afvayz,179fdfe651db604b,1024,0/0
/spttest/fhi3fwjn2d16,1c498f7537cc117a,1024,0/0
/spttest/jnnhqb1kooik,23e7e6789431fa1c,1024,0/0
/spttest/jidmauiq5k5w,23a3643b68da3754,1024,0/0
/spttest/d1t2u06yf7cl,17d6775b05038cf5,1024,0/0
/spttest/ukvotni9k4y8,37dba582c7603710,1024,0/0
/spttest/5k1s5lx2g9s,482e38936a43e0,1024,0/0
/spttest/65oe3z4zf5hu,b3f6ec78f6e4c92,1024,0/0
/spttest/982daf1k1fel,10d94c118dd1ac3d,1024,0/0
/spttest/107gs6gdg9sn,1d64ee184186297,1024,0/0
/spttest/1xr7824d5v2i,38a1331190f098a,1024,0/0
/spttest/ym43aqvxbcuo,3f3a1fd26b58d2d0,1024,0/0
/spttest/o7x9furx8x7r,2c3daafc686a0727,1024,0/0
/spttest/3tegizq1wlow,6f8bfbbcc3d2ed0,1024,0/0
/spttest/ca00zig08u8t,166d460177226b1d,1024,0/0
/spttest/6fwt38s2vsvg,bc45cba341415ec,1024,0/0
/spttest/ad0cjxg11dp7,12ed20f85940ac9b,1024,0/0
/spttest/ocj0qv4kyplm,2c7979ce8da54a1a,1024,0/0
/spttest/7br6zfzii8d2,d61fe62285568d6,1024,0/0
/spttest/oelb5j0lqds1,2c9447c27e516d41,1024,0/0
/spttest/k6c1boo49vpg,24da90341cb42cc4,1024,0/0
/spttest/49gtf6z7f8s2,7c96da9878fcd32,1024,0/0
/spttest/hzq92jrhpmfc,20dd89f3d060eac8,1024,0/0
/spttest/639oc1ymvpwb,b2024f9de0a42db,1024,0/0
/spttest/n6ph5nibtirn,2a5a415716852743,1024,0/0
/spttest/64lxqu1lo3vx,b318ecc11d162ad,1024,0/0
/spttest/3jewve48ivof,677051a43a9a8df,1024,0/0
/spttest/51nj6ds7mq2u,9378d247df5d486,1024,0/0
/spttest/sq5kfi7pxl0l,3478edb88faffda5,1024,0/0
/spttest/4j02fah2efer,845471181b0cb83,1024,0/0
/spttest/687eb5v97yiq,b6044cd44783f82,1024,0/0
/spttest/zzhrmqfhzir9,41bb889f3f8cb6b5,1024,0/0
/spttest/thbk1ljv7kyc,35d9ccdef414a0d4,1024,0/0
/spttest/6y66xhmegcel,cb18e2c6d10d8cd,1024,0/0
/spttest/dte9nqqevw1n,193cd288d3e289fb,1024,0/0
/spttest/tee2bec2m7kw,35b3bcb8421c61e0,1024,0/0
/spttest/t507zwkn9swq,3539d6d45005019a,1024,0/0
/spttest/b95mr6kj5i50,148eb1339584ce14,1024,0/0
/spttest/g06baiuklf75,1d3c1b0f44efac31,1024,0/0
/spttest/6ww8rj8ev5yq,ca0f9f106f90df2,1024,0/0
/spttest/eigbo8vcq9pk,1a824bdb50799ba8,1024,0/0
/spttest/xraxxvjanujp,3da9edb1dc0da065,1024,0/0
/spttest/rrc4ut0wysad,32b4ac59dc2133b5,1024,0/0
/spttest/ic23n14x52je,217daf8466bdbd1a,1024,0/0
/spttest/qvn89ozogwf8,311904f1dc054c24,1024,0/0
/spttest/exq1tymb9273,1b48a523ba70d65f,1024,0/0
/spttest/60qgqe1lr7p4,aff3bf6200598b8,1024,0/0
/spttest/uehesoqo9hw0,37888f16a1ad02d0,1024,0/0
/spttest/xr2blnhstica,3da6d16e2d90321a,1024,0/0
/spttest/c85olrcvoq2v,165555eea119b907,1024,0/0
/spttest/aq0o83b06knw,13961b40dc10ea1c,1024,0/0
/spttest/x7r1gkmbz1kp,3cabf37b610b35b9,1024,0/0
/spttest/p61iqcsgjkuy,2df8d707386f305a,1024,0/0
/spttest/ft9um84n699i,1ce274f382407b66,1024,0/0
/spttest/a5izd7awp1nb,128bf0140b0e0c97,1024,0/0
/spttest/93xeldn6fn25,10a38c8c251ab47d,1024,0/0
/spttest/nhmi8m06rh96,2ae810d60b84b61a,1024,0/0
/spttest/rs5uak4tyo1e,32bf644c22d83b32,1024,0/0
/spttest/4o774k5nkktn,888cbfe6c0a916b,1024,0/0
/spttest/1oi2hh0nxnfi,311e068b7a1bbde,1024,0/0
/spttest/9ln7x4jq1nnf,1189ae5ce84b33fb,1024,0/0
/spttest/vjgaqt7rs6ho,399cb7d969f3d6dc,1024,0/0
/spttest/c8a30uwv966w,1656ec66f7846698,1024,0/0
/spttest/re6m6xdrmy51,3209d2494a833555,1024,0/0
/spttest/u0uc13eeljhs,36d75f2ee4ca8bf0,1024,0/0
/spttest/fheskosscx81,1c485e7875eb3f31,1024,0/0
/spttest/dlkjy99p3o26,18d72d18ec62298e,1024,0/0
/spttest/41ekpdiacbn9,760b481676ca7f5,1024,0/0
/spttest/fkxv3cay5dnd,1c7637b2c6881e59,1024,0/0
/spttest/3tu8g8rm37gf,6fe70e73d31ea7f,1024,0/0
/spttest/1ho6db7d4zdo,2b927c9b640251c,1024,0/0
/spttest/x6f35rx34j9,1aef664c0ac56b5,1024,0/0
/spttest/gm3ivhyozrk8,1e58dd0ef5022648,1024,0/0
/spttest/3cohqz3vlkvl,61f8d2fb3dc77f1,1024,0/0
/spttest/hy0jrp6ow5mz,20c746925d6a248b,1024,0/0
/spttest/kntfwyr3bztr,25bda944081fd91f,1024,0/0
/spttest/i35gngj2zins,2109feb270237738,1024,0/0
/spttest/wb8ccfztbq25,3b058c33098cf1ad,1024,0/0
/spttest/mogq9kjyi848,296d4ac6b2860798,1024,0/0
/spttest/m1xkmkl6lbvc,28489da9d3a72958,1024,0/0
/spttest/4pjxa9tava75,89a60c97a9e3361,1024,0/0
/spttest/5yskk0q5gt8g,ae603fe5c01c500,1024,0/0
/spttest/lvjwl9bx2514,27f5bfa9d8e322f8,1024,0/0
/spttest/10liopnhit7z,1db60ebb9ea616f,1024,0/0
/spttest/mrmup5cacwb9,29967821119eb895,1024,0/0
/spttest/4yj9mt6p1bc5,90f0b6991f4d0a5,1024,0/0
/spttest/luzl39xmje0b,27ee6acb14e417ab,1024,0/0
/spttest/lvwk43dq5mta,27fa507013f2e0be,1024,0/0
/spttest/48z8qwrjj1h1,7c3165b0d2c4d35,1024,0/0
/spttest/3kuajrd3fhz3,6898ef99399afbf,1024,0/0
/spttest/52yszlwxs2u,420452aaa3d066,1024,0/0
/spttest/nr1cdpx6xjrn,2b6252a3c5329c53,1024,0/0
/spttest/q0s82mii7i77,2f882752d35211e3,1024,0/0
/spttest/kepca39lhj1r,254747278ff223af,1024,0/0
/spttest/kbwa7bwwbiod,2522d0a23f94434d,1024,0/0
/spttest/lgv8xzl4wkg8,2737008f51969788,1024,0/0
/spttest/duk9z2l8azg3,194bfacee19e2df3,1024,0/0
/spttest/4guctkbv4zxu,8293d05482199f2,1024,0/0
/spttest/hst5z21zqkyc,2083aa5054687394,1024,0/0
/spttest/xvtrj01g1zsh,3de4ad436fd3df71,1024,0/0
/spttest/ruywk5x0416y,32e3db4e5892530a,1024,0/0
/spttest/c8n6qm27rfqu,165ba6b8e63c1776,1024,0/0
/spttest/nfnsna0jacov,2ace8d64e264b1bf,1024,0/0
/spttest/fls3tf5c6hkf,1c8121216e5f8e6f,1024,0/0
/spttest/6hp8c8jjsg4b,bdb9b6c30f4df9b,1024,0/0
/spttest/1xfi1phiq451,385da8b3aa99d75,1024,0/0
/spttest/wbg349y62o4i,3b0857789a0904a2,1024,0/0
/spttest/m7oxp5jjpq13,28936f6dc693ff07,1024,0/0
/spttest/l6a28zpfhcln,26ad77154b41fd0b,1024,0/0
/spttest/vqh6ctvc346q,39f7f5c146496ff2,1024,0/0
/spttest/ine82jibp0f5,2210f120f3e5f161,1024,0/0
/spttest/kc065pe5ft2q,252437ba4e462df2,1024,0/0
/spttest/66so8kpvomr7,b4df77eb10d4c33,1024,0/0
/spttest/9ctt3ywvaxl3,111727a18ae2a787,1024,0/0
/spttest/3tnsu9ourst3,6fc1ea4123f1897,1024,0/0
/spttest/5oss3nn97qnl,a6432c94c6217b1,1024,0/0
/spttest/kpjz5olp2f6o,25d43977d191a660,1024,0/0
/spttest/2fe22wgb1qpk,46f23d44b4de878,1024,0/0
/spttest/p1a0w4i1aduj,2dbaf6492c7ccd9b,1024,0/0
/spttest/97qfxkgl5mq7,10d4fe6e6382f74f,1024,0/0
/spttest/6vmdj0wm4vfd,c906d398ddf8e19,1024,0/0
/spttest/9pkp2qztbhz4,11bcba4de330f8c0,1024,0/0
/spttest/lvc0eml673me,27f2e6820cc12816,1024,0/0
/spttest/r7zgubujd7vi,31b94e70ff7cc41e,1024,0/0
/spttest/36b01l55ihhv,5ccbf6e57c91213,1024,0/0
/spttest/l58t1f7slbwa,26a005d3a134777a,1024,0/0
/spttest/8ny42l9995oh,fd3f9cfa201c201,1024,0/0
/spttest/a6m28owah0i7,129a09d0c9b666cf,1024,0/0
/spttest/g6eqfv756gwk,1d8d1469ddd9ec14,1024,0/0
/spttest/itllb4474r8i,22618936854359e2,1024,0/0
/spttest/7ljg9c1fvom1,de117cd3fc2a159,1024,0/0
/spttest/7plj90ohxo8m,e15cd3d723249f6,1024,0/0
/spttest/rdod1prf4f88,32033c31c596b118,1024,0/0
/spttest/4n9ggaw4yhz0,87c9f670ef2337c,1024,0/0
/spttest/9a5xpbfkyomg,10f490107b07d128,1024,0/0
/spttest/xjj76qru2wrp,3d44fe4f99d25c65,1024,0/0
/spttest/z5dyra1mttmz,40347bbb4a51154b,1024,0/0
/spttest/fpieyvbmn08,cc0b4ed77184f8,1024,0/0
/spttest/44djq62ecvyx,7874d65ef9922d9,1024,0/0
/spttest/dg71dfn3ljb5,18915a5bbc392401,1024,0/0
/spttest/nyxpv9d8skzy,2bc8edd36f3a054e,1024,0/0
/spttest/rizmtfcshq1w,32483f9886db1a24,1024,0/0
/spttest/nmne1lc8k2r9,2b2954b9828f92f5,1024,0/0
/spttest/wq52pv7eza1o,3bc7353e9067979c,1024,0/0
/spttest/f2c12o2fdd6d,1b84885295363af5,1024,0/0
/spttest/6yf4phul7gpj,cb4c7c953630d57,1024,0/0
/spttest/9qkzfhs5m4n2,11c9d2208ac2a5fe,1024,0/0
/spttest/4ju9vb5d0980,8502d37c422ffb0,1024,0/0
/spttest/1atgn6gy243x,26023317789434d,1024,0/0
/spttest/hvananhb37xq,20a3f38838a909ee,1024,0/0
/spttest/5k75ajo41ojv,a286f811984c68b,1024,0/0
/spttest/dog6uudvtwbs,18fc91cbccff7be8,1024,0/0
/spttest/vnuue1i3zt2k,39d5ec6fe93278ec,1024,0/0
/spttest/54ff7z7syeag,95b97d13ebe84d8,1024,0/0
/spttest/wgbtm5nq1w2w,3b47bfe5f93e3ea8,1024,0/0
/spttest/36b3vnxr81hw,5ccc945a62c0894,1024,0/0
/spttest/2r3mkmuqycl0,5073f705ecc6634,1024,0/0
/spttest/e8gdp4tvuk4b,1a006c7bf6f2545b,1024,0/0
/spttest/xmeype570vub,3d6a6ed8631a5c33,1024,0/0
/spttest/y262z900hfu7,3e370e9abc20ba6f,1024,0/0
/spttest/witkrfyvwhr2,3b6822532aa618de,1024,0/0
/spttest/hkistwl3ilzg,201802daea3cd6cc,1024,0/0
/spttest/qsel2y1bjz6k,30eeeebc0e6c67dc,1024,0/0
/spttest/ofk2q9dez8iu,2ca0d308a5e647e6,1024,0/0
/spttest/lifj7ctp9ipu,274b4f81c5639402,1024,0/0
/spttest/ge0yp6ehr2v8,1df006807bec9044,1024,0/0
/spttest/9vfi51gcpwli,1208ca34c7e48d46,1024,0/0
/spttest/g6w5cwzwrlpu,1d935cf33ede32b2,1024,0/0
/spttest/tmuj8lo2cq4,180eee4281578ec,1024,0/0
/spttest/7b895v0uu88l,d5b28f9cd699335,1024,0/0
/spttest/smluwbjocojw,344ad97131d9fb4c,1024,0/0
/spttest/vnehmymc697,19b1c9b34ade8ab,1024,0/0
/spttest/lm6tr7hxw8x,118c80214483e81,1024,0/0
/spttest/bhr05ap9dfht,14fe515980741cb1,1024,0/0
/spttest/xav1rpsuk07q,3cd45d84f48f5c16,1024,0/0
/spttest/3wq4tetut7aj,723ede03aa65c2b,1024,0/0
/spttest/55xoitdbcjce,96f2b91228e7bee,1024,0/0
/spttest/qa91lcllfeob,30032044ada9a10b,1024,0/0
/spttest/6paa8d1x4x6z,c3e20cee893b60b,1024,0/0
/spttest/5i5uc25apl7g,a0dfc81beb2d59c,1024,0/0
/spttest/vj4orqtc5rxz,3998876af92c9cb7,1024,0/0
/spttest/kj3h5mklkazc,258055d8feed1998,1024,0/0
/spttest/td92vgu00kx3,35a4f30d5cd061e7,1024,0/0
/spttest/bheyng53675j,14f9f917c1a940b7,1024,0/0
/spttest/b5684ywu0ldc,145af309e81eea30,1024,0/0
/spttest/j7q1f54n1r4a,2318fd9eab93568a,1024,0/0
/spttest/ip7dc5tfwgr0,222872943a9b6fcc,1024,0/0
/spttest/uzme5k8ylcjn,389b21ac3ce634c3,1024,0/0
/spttest/j8x8qt4jga5u,2328943f08806a72,1024,0/0
/spttest/cypjigsmhxl8,17ae38e888330a4c,1024,0/0
/spttest/fueaso27q56b,1cf10d315055cbb3,1024,0/0
/spttest/ctklyatukfvm,176b7f0b27841f62,1024,0/0
/spttest/li1zjb9kzdr1,27466c4199a4f85d,1024,0/0
/spttest/c8vozlg6bokm,165eb87e184f6726,1024,0/0
/spttest/xx96j4jey3e4,3df73a8a1a8e3fac,1024,0/0
/spttest/c7d2t58y1u97,164b03b353ec616b,1024,0/0
/spttest/hrn59zce80vg,2074810f790ca46c,1024,0/0
/spttest/d7lhbuzc7de7,1821a924bf42d78f,1024,0/0
/spttest/4h6m5ohp828w,82da965258a1a60,1024,0/0
/spttest/n6f1imz9t44k,2a567d87dba8af24,1024,0/0
/spttest/qjo823nh5cuu,307d81b0ebaded56,1024,0/0
/spttest/gsmcugo3pciv,1ead98207abecea7,1024,0/0
/spttest/7hqjz531dcfc,dafb2e3a15c1d28,1024,0/0
/spttest/5tedkw72m7no,a9ff2a807118e44,1024,0/0
/spttest/d1akpzcikx5l,17cfca419cbb56d9,1024,0/0
/spttest/gfl89danl3r8,1e0453a794d6f544,1024,0/0
/spttest/vyx4k2nlqplx,3a65a115de751525,1024,0/0
/spttest/mggj68l4800t,29054e8639dcaa1d,1024,0/0
/spttest/js7d9srccf2n,2423076c500aaf4f,1024,0/0
/spttest/9k88fuofuy2w,117748eacc277708,1024,0/0
/spttest/qyhl7rgm8po8,313df3b91977b9f8,1024,0/0
/spttest/lvce41oryx4x,27f309acc5f24741,1024,0/0
/spttest/swx2j7f4xi7h,34d0c9a6d66c2a6d,1024,0/0
/spttest/d3wzugx1lkp,aa461a271bc479,1024,0/0
/spttest/1mqsxr10iovv,2fb0cb64bd8e27b,1024,0/0
/spttest/mefhcgy4ppxu,28eaf2f48a2b9b92,1024,0/0
/spttest/9pw0maepsoci,11c0cff89cea3b42,1024,0/0
/spttest/24va9ex64if9,3e679417e754045,1024,0/0
/spttest/lb0vwqj13geg,26eb19c8d594e2c8,1024,0/0
/spttest/h0kmdftfpgfy,1f14e1e38638527e,1024,0/0
/spttest/bktrnvwosqdv,1526487514d9bc93,1024,0/0
/spttest/ehcnngljkgc5,1a73fbdc45a4b6b5,1024,0/0
/spttest/x5ezd1fa45gc,3c8d9f2a8b862a9c,1024,0/0
/spttest/19klzvbrqqup,24ff45b0fe6c171,1024,0/0
/spttest/f811eymdl94h,1bce80b03ed30671,1024,0/0
/spttest/pj57jhgx7a79,2ea308201a170065,1024,0/0
/spttest/xpzzjwl4vuoj,3d98fc85f12c6513,1024,0/0
/spttest/xos60etw2iaa,3d892ce447635d12,1024,0/0
/spttest/76okyc07e8r1,d201ad63dcacacd,1024,0/0
/spttest/ms6mw9f77dz0,299d9b7987f5d57c,1024,0/0
/spttest/ocnvek3t1dvo,2c7b39f12aa7e584,1024,0/0
/spttest/ui6y6wxpiool,37b8bdd41eaeaa75,1024,0/0
/spttest/frj1haqt5i5h,1ccbcb5c7a35b025,1024,0/0
/spttest/1o2om7u14tnc,30c534d77af3818,1024,0/0
/spttest/yqtde0jflg4j,3f7733f219b25fe3,1024,0/0
/spttest/9525xoxl4b2s,10b2416e51b92a14,1024,0/0
/spttest/bhy8d9t8zcoj,1500ed05a20b96f3,1024,0/0
/spttest/9b60oylmoevn,110194fe38f2cb53,1024,0/0
/spttest/i0udiszwb52v,20ec041a96ebba77,1024,0/0
/spttest/kr9xbk3qh8g6,25ea939613458b06,1024,0/0
/spttest/km3fh9ra7m82,25a74950ef69d242,1024,0/0
/spttest/6j7ankh43rgh,bef1d3f34c915c1,1024,0/0
/spttest/nfqv73w0jo82,2acfa90b2eea7162,1024,0/0
/spttest/77ykq6fqn1rq,d30b331e0d33eb6,1024,0/0
/spttest/jtydq6ye7oh0,2439c3ca73a7eda4,1024,0/0
/spttest/skmjv2ts35we,34311efc1ae7509e,1024,0/0
/spttest/849frqzjdtek,ed446be7040951c,1024,0/0
/spttest/3toxronx0ggp,6fc87a765de1059,1024,0/0
/spttest/olchlvon97jv,2cec05cd8482957b,1024,0/0
/spttest/yptc6bvs5faw,3f6a3393522684b8,1024,0/0
/spttest/i6luggrosots,2136dfc81a11d0b0,1024,0/0
/spttest/e1t9nmibxd66,19aa261a856153ee,1024,0/0
/spttest/s884yqww7lew,33900c85fb1e2828,1024,0/0
/spttest/oawa22vpzdxc,2c6447f8d1386640,1024,0/0
/spttest/f03qpwrvi43m,1b67904bc9d2f042,1024,0/0
/spttest/sfx9xtd7j6yo,33f40b49fec37500,1024,0/0
/spttest/57xlmz44pnfg,9891eadf3c506dc,1024,0/0
/spttest/h3yyv63tb93h,1f4106de0ffd4bcd,1024,0/0
/spttest/r75egfh120q5,31ae75459ce7e52d,1024,0/0
/spttest/4spqteqtazzu,8c3722b8c21d9ba,1024,0/0
/spttest/loz2qnwkmj9k,27a04c2b7f500f08,1024,0/0
/spttest/qamvvqkt7ftv,30081ec4f469b8e3,1024,0/0
/spttest/hnevj2dx2jbh,203d9013c3adc34d,1024,0/0
/spttest/3cdy3b98lg1k,61bbf114a128078,1024,0/0
/spttest/cntdtgw8v0og,1720b9f25e26dd30,1024,0/0
/spttest/z42dnpka6zp7,40235049d24f643b,1024,0/0
/spttest/lltynd2kmz9d,27777c0f6337c801,1024,0/0
/spttest/qqfioklvvuxd,30d54a6ef471e151,1024,0/0
/spttest/91okgnygngk5,108661c75006fb95,1024,0/0
/spttest/8iz9tychjxuy,f9372acc1e3f32a,1024,0/0
/spttest/2vhwv64yf21c,5405c07ae34ca10,1024,0/0
/spttest/i3wmusykyd1p,2113cc8ecb5a128d,1024,0/0
/spttest/10q3oijhfaa4,1dd0842dc28decc,1024,0/0
/spttest/o9aspu9wwbmx,2c4f8a7dd1e706e9,1024,0/0
/spttest/eqne1p92kvq2,1aecc2942a22b39a,1024,0/0
/spttest/qusx1la1c78e,310e1518a968489e,1024,0/0
/spttest/5skhpz2eue90,a952a3bf8a629a4,1024,0/0
/spttest/nijs2fbzuur9,2af4123482d27635,1024,0/0
/spttest/b0eqqbtd486e,141d136848eef366,1024,0/0
/spttest/cygw7ivyn80g,17ab1a2b6434a650,1024,0/0
/spttest/xdxj4fnfp6t3,3cfc3a8d01a909b7,1024,0/0
/spttest/32xk1vnr5ori,5a0edd78a35f39e,1024,0/0
/spttest/4o7rvoq06ojn,889013e2ee3a9c3,1024,0/0
/spttest/jza5qz44wit2,247ef605da36eb36,1024,0/0
/spttest/bu4qxqkp9vcz,159f25f478747003,1024,0/0
/spttest/e9ushtplp2uk,1a129cdcba1123ac,1024,0/0
/spttest/jxc4sxvuz8ot,2465b1d1f947e0bd,1024,0/0
/spttest/27txjwckpwq0,40cf40cc01875e8,1024,0/0
/spttest/j8luyz3r2vso,232478db48fba478,1024,0/0
/spttest/w8mwuw9n4ir,1a2c5f34f2d7fa3,1024,0/0
/spttest/xsshekzkmco,1b708dd86f5a128,1024,0/0
/spttest/225ii9yndr9n,3c33253731f1a4b,1024,0/0
/spttest/odmgrzfp8g2b,2c87b54cf81e4853,1024,0/0
/spttest/nrsiu22cqgct,2b6c212430f7494d,1024,0/0
/spttest/81y6oyb7bz7w,eb63ce36df51a0c,1024,0/0
/spttest/zddu277u5hj0,409c59bc233731fc,1024,0/0
/spttest/3m8tvlv1nl2f,69bcafb37175767,1024,0/0
/spttest/vnfd9714sjwr,39d056f323b82bcb,1024,0/0
/spttest/i7wblmjspobf,2147a4b4fa3baf5b,1024,0/0
/spttest/tdknk7efostp,35a9202e82547eed,1024,0/0
/spttest/umfewwgycbop,37efc0b4c64e6829,1024,0/0
/spttest/tkujr7jpxqhy,36079ee5b3481966,1024,0/0
/spttest/zyhqxd7hv322,41ae898eaf3c5e3a,1024,0/0
/spttest/tl5577tixnq2,360b719a20400c5a,1024,0/0
/spttest/8qmiz6yf94hl,ff6c3683037d5f9,1024,0/0
/spttest/6p088jl99jwb,c3a8001d6d519fb,1024,0/0
/spttest/sgdy7irn8mn5,33fa0f73949bc7a1,1024,0/0
/spttest/2qnbcevt29ls,5015cbccba79620,1024,0/0
/spttest/1pu48pbjm7gn,32336975c425e47,1024,0/0
/spttest/rryb9v4obpus,32bcaceb98d02fa4,1024,0/0
/spttest/9jvm5jn429yh,1172bb5102344ee9,1024,0/0
/spttest/r3slubbwor66,3182dfaa2860fb8e,1024,0/0
/spttest/tamxeh8ckknc,3582fa65cc47e188,1024,0/0
/spttest/bqs6d0lrtbbp,1573a4f92b978d95,1024,0/0
/spttest/puwd8g8a3thw,2f3bb6800fa82214,1024,0/0
/spttest/6wpc1a445eec,c9e7bc17e39cc24,1024,0/0
/spttest/yurencsmgtmz,3faa7377b6d0400b,1024,0/0
/spttest/1jqxy380vwpw,2d421cb83268764,1024,0/0
/spttest/x1qgo4l54hu1,3c5dce99390d0c49,1024,0/0
/spttest/dlc28hvhugcu,18d41cb271e74b4e,1024,0/0
/spttest/kiaxjc0xf2fp,25760932b5b4fb15,1024,0/0
/spttest/qx1tcitajv8g,312b4570a07e22e0,1024,0/0
/spttest/nk7x471djxee,2b09c541350570d6,1024,0/0
/spttest/6s92f49so9b9,c64a82a5956a525,1024,0/0
/spttest/ityjty0qa78m,22663635ed19fd26,1024,0/0
/spttest/bf1fv6x67pqh,14db1d981d958809,1024,0/0
/spttest/kml0sqno37is,25ada2467358bcd4,1024,0/0
/spttest/1kjr4g5d5n8i,2de86f77bc765e2,1024,0/0
/spttest/h2ikt2ux0vg1,1f2e1fa61c14f831,1024,0/0
/spttest/an956kwj9hbq,137231f092ddf2f6,1024,0/0
/spttest/2imlvyc7b9gx,499315dad51fbb1,1024,0/0
/spttest/io5lyb49yos3,221ad2b0c82d1af3,1024,0/0
/spttest/slo1m8utp69t,343ea62a141b6101,1024,0/0
/spttest/dtre5lgzhghz,19418edb74a540c7,1024,0/0
/spttest/h1ixeuswqmlj,1f2142bbcbf564e7,1024,0/0
/spttest/rg775zjzqr4b,3224029d4007aacb,1024,0/0
/spttest/uelhrphvw1k6,378a08305f3482e6,1024,0/0
/spttest/msajni8sf0gi,299f04a0598f4c12,1024,0/0
/spttest/j7fq6o6jubkb,2315451c2aa1610b,1024,0/0
/spttest/su5js5ppkjr7,34ace115781aae03,1024,0/0
/spttest/sqd56ykh169n,347ba9923017f6fb,1024,0/0
/spttest/jscua71xv3zq,242500e933b47af6,1024,0/0
/spttest/bimwayz6876u,1509d3464feaa866,1024,0/0
/spttest/flbc3m7doxek,1c7b141f9947881c,1024,0/0
/spttest/kewf8an8tlsh,2549d54d395e7791,1024,0/0
/spttest/4ujgsym9k5t,3efa0593d92c51,1024,0/0
/spttest/3kamjv57fpr9,68276682e637b25,1024,0/0
/spttest/rhw4attxosad,3239fdb9878b4a35,1024,0/0
/spttest/n7mp79ot0cyp,2a663e2236d32ea1,1024,0/0
/spttest/6o3bhw71t2ux,c2ea0380c4410b9,1024,0/0
/spttest/2e8sia29pmsy,460402b64e150b2,1024,0/0
/spttest/9pwua9cjoyky,11c11c165a8c7812,1024,0/0
/spttest/ejge1z6dzn0v,1a8f4f393e81d44f,1024,0/0
/spttest/lf7h18lpt8in,27216f392598bd5f,1024,0/0
/spttest/yuka3lop90na,3fa7e1380e079486,1024,0/0
/spttest/nstzn492gbld,2b79a5e3de19a4b1,1024,0/0
/spttest/dlxspnk4kftx,18dbf45d08b89125,1024,0/0
/spttest/dwstygto9g8k,19690b8a45f4e674,1024,0/0
/spttest/bx1yap0pskzu,15c51b811e82224a,1024,0/0
/spttest/wlgqbhwsbqqa,3b8a7790ec914812,1024,0/0
/spttest/8aogehhgpyid,f27a16da8d8fef5,1024,0/0
/spttest/6f1mv1uzih3f,bb91d555080320b,1024,0/0
/spttest/7pxadjr89ky7,e1a0ae3c518964f,1024,0/0
/spttest/rnr28y6pblup,32861a288cf8f461,1024,0/0
/spttest/86dtndieadh3,eefd656ec8a48b7,1024,0/0
/spttest/u70w35p39ur0,3727ac6552d3faec,1024,0/0
/spttest/1thfi7vbtxpb,35297bb9a0606df,1024,0/0
/spttest/4drjyod09djk,801427875be00d0,1024,0/0
/spttest/umhzhq4iws2f,37f0ae3e12a01817,1024,0/0
/spttest/71y973ec4pf4,ce2a61215ddcdb0,1024,0/0
/spttest/k1ynk0wm16qd,24a1c7101a952e55,1024,0/0
/spttest/9or6no8whzcd,11b2145dd8094d2d,1024,0/0
/spttest/w2tg2slsfuer,3a984232806e97b3,1024,0/0
/spttest/7ms2m8x4xirl,df1315f3e118541,1024,0/0
/spttest/34ojzfh79qlo,5b7a8dddcc6e9ec,1024,0/0
/spttest/ngsiag51a6s,130cff1350e6ed4,1024,0/0
/spttest/7wl22he5kx7n,e708df3f6a69223,1024,0/0
/spttest/7aj4lc5kaft5,d52180b364d3689,1024,0/0
/spttest/qkcbyoqd5abo,3086348c77ae9884,1024,0/0
/spttest/6yqzew1m7p9d,cb90e9edb0875a1,1024,0/0
/spttest/mlbx22jutlr7,294496973887bd63,1024,0/0
/spttest/zx21255sg3tr,419be06832af175f,1024,0/0
/spttest/v6owftrx2aya,38f6f61f41e940f2,1024,0/0
/spttest/513lf8q67h78,9305b8a6b6300d4,1024,0/0
/spttest/6agxz7a1flz,51b6b26fd93b47,1024,0/0
/spttest/3i1tjfp53k9n,6654e825cae625b,1024,0/0
/spttest/56sy4594r10u,97a7398414fd5ee,1024,0/0
/spttest/iz0x9iq1cha6,22a803b230278b7e,1024,0/0
/spttest/e9j99eb9fm5y,1a0e737602def2f6,1024,0/0
/spttest/ur459h8fzpar,382ca22d7af449d3,1024,0/0
/spttest/dezkyeg8e2tl,1881ac666198adc9,1024,0/0
/spttest/pyl2ekxk6dux,2f6b97b096df03a9,1024,0/0
/spttest/77jycyw22bdf,d2b6ca694d28813,1024,0/0
/spttest/3i5ekdb4ydr1,666998fdd56da1d,1024,0/0
/spttest/6v9v1rgkmfbb,c8be9643752bb07,1024,0/0
/spttest/hzpa0so6848h,20dd30066882ad71,1024,0/0
/spttest/i3s1y31y7ruz,2112256fe8aa3ecb,1024,0/0
/spttest/6xo9f1oem9a,5a15f1442a542e,1024,0/0
/spttest/cx43aky8ku5l,17997e4dd36465a9,1024,0/0
/spttest/wvx1jroz7xlt,3c123ed6a58078e1,1024,0/0
/spttest/s86m79lqeyqu,338f80032c0dc566,1024,0/0
/spttest/79wz5xg3vewx,d4a1a03edb8d041,1024,0/0
/spttest/hhh0s5g7alvi,1ff066bfef23843e,1024,0/0
/spttest/3vgsf4zfkhsn,713917f8ec17217,1024,0/0
/spttest/cugkg9b64bv7,177706f9c4117713,1024,0/0
/spttest/5zzz0gyw4c9l,af5acebe7f0ff19,1024,0/0
/spttest/98uo61jwnd8p,10e3824a8bc37ec9,1024,0/0
/spttest/xltem2g06vtv,3d62a78f3b78c6a3,1024,0/0
/spttest/2nk5wmn9gi3l,4d941e89e0f84a1,1024,0/0
/spttest/dlw7jkulb69q,18db61ae4284617e,1024,0/0
/spttest/24cypg5rct1i,3dfdcfb19798d06,1024,0/0
/spttest/bvk5pr3dpfnz,15b1b2a727cf248f,1024,0/0
/spttest/9zo7azsujfkn,123fe2bf7d5d5397,1024,0/0
/spttest/dle3cba4vdgl,18d4d8457772f1e5,1024,0/0
/spttest/d211tbi9ym2u,17d957afd406c546,1024,0/0
/spttest/yyzmnqst5vbs,3fe15ffe9756bad8,1024,0/0
/spttest/xdjawdh64vv7,3cf7184b6ea3f453,1024,0/0
/spttest/n8oon8czokg5,2a73f2b2e47a7085,1024,0/0
/spttest/zo34b36mgspy,41275dccb1599366,1024,0/0
/spttest/rb9r5juwhq21,31e3fc5a09746629,1024,0/0
/spttest/92f7zu13qg5f,108fffbb6b03fb43,1024,0/0
/spttest/jybmcz1oi6et,24727fc1389adcf5,1024,0/0
/spttest/dozsu6nf64g6,1903a53166b76706,1024,0/0
/spttest/6m7loc5r7a99,c16314ba7ba1ead,1024,0/0
/spttest/r4je4x5epd4c,318c89d63cd220ac,1024,0/0
/spttest/z1so9lb4n3cy,4005d54f547090c2,1024,0/0
/spttest/t7e31votb67t,3558d1cf60dac139,1024,0/0
/spttest/uo9j8oi55jxh,38079c1cdf562125,1024,0/0
/spttest/1afipivein8e,25b1b5624df501e,1024,0/0
/spttest/gqzrp3wfguw7,1e98748175395f67,1024,0/0
/spttest/jrhs93lww1ma,2419cc4927f7d432,1024,0/0
/spttest/xhlw8mkmiotg,3d2bfcd014175424,1024,0/0
/spttest/n4sjosbf8f8t,2a41626d3caa3a2d,1024,0/0
/spttest/dzauao05erm0,1989858d2a98a848,1024,0/0
/spttest/nh4zqkyu0zsb,2ae1bf1b5f4e1b2b,1024,0/0
/spttest/8g11n59xt434,f6d1ea131ea4ef0,1024,0/0
/spttest/patszlsqjvx9,2e3700aedbb1825d,1024,0/0
/spttest/v8tyineb4scy,3912c3cf3d533b92,1024,0/0
/spttest/7llikae9m3mf,de1d67356d4fcd7,1024,0/0
/spttest/2lxx2dx6u6fq,4c43dde6fe3b616,1024,0/0
/spttest/7kigcob3gu8j,dd3be6a35ea6c13,1024,0/0
/spttest/tosev39uvg1l,363acea2a9ebf4f9,1024,0/0
/spttest/wjd58w59n6fy,3b6f31e17d195d5e,1024,0/0
/spttest/r45sk2wlgqk7,3187a1aed425bf77,1024,0/0
/spttest/zw3lq3ieylck,418f748a9eafa694,1024,0/0
/spttest/j41trvv79rlh,22e94964ca88e6f5,1024,0/0
/spttest/ccjrorn32rae,168e6006b47745a6,1024,0/0
/spttest/reyiky1y10p7,3213e35544b9dfcb,1024,0/0
/spttest/oly1unnnzf8a,2cf3cd7a25da5ada,1024,0/0
/spttest/3087kwqcdtes,57dce1f9ed80a24,1024,0/0
/spttest/8nj9jlqqgefd,fce9e5434eabf09,1024,0/0
/spttest/oc8is53dk35z,2c75b00803a7b607,1024,0/0
/spttest/371wr2ri9a08,5d674ed578618e8,1024,0/0
/spttest/hcvrqq1wo43h,1fb4c6cbc1110ebd,1024,0/0
/spttest/b2qam3a6oi5c,143b38fc361e4fe0,1024,0/0
/spttest/7l48oyogoj6i,ddb9adda109071a,1024,0/0
/spttest/qlely67okdo5,30940429c0cbf635,1024,0/0
/spttest/92ldezvbfyj5,109237d9e2c6d391,1024,0/0
/spttest/8hzexmyovkgx,f86828273a2f961,1024,0/0
/spttest/erds448i3s9y,1af6483f0b3a63e6,1024,0/0
/spttest/s905bd8mna7s,339a27bbce2f1978,1024,0/0
/spttest/s4j9lkbynojh,33601b6fbc7ac9fd,1024,0/0
/spttest/3gc4jk2xogmt,64f0be916747335,1024,0/0
/spttest/rjgr4vqexxiv,324e6cef7bda8df7,1024,0/0
/spttest/awt4sev0nda8,13ee4f9afb245f00,1024,0/0
/spttest/b5a8prtaeim6,145c65fe8bea23be,1024,0/0
/spttest/all803a843eh,135c93147ce38a39,1024,0/0
/spttest/nm2orf8ec8zp,2b21dc7d89675685,1024,0/0
/spttest/a259vg5f17a1,1260061c67fe3e19,1024,0/0
/spttest/qqzsqxahhr7i,30dc9b9faf264cfe,1024,0/0
/spttest/q9qh9lzkf42c,2ffc6d7ccfb55254,1024,0/0
/spttest/unt98758isdu,3801bc8758580c32,1024,0/0
/spttest/kxzp7xfm57fm,2641cfea7b50f6e2,1024,0/0
/spttest/n2fyukw4o90c,2a22de069a63079c,1024,0/0
/spttest/29szja69ltcg,42697485e6e68d0,1024,0/0
/spttest/z0syp37jquf4,3ff8f2d0c577fb80,1024,0/0
/spttest/wshd3tbv6set,3be59ed42574f055,1024,0/0
/spttest/4ol1najj85es,88dcb16f38a4c64,1024,0/0
/spttest/qlpb345u0js1,3097e057a9bc7621,1024,0/0
/spttest/ikpzyjk2fyiu,21ee38f7572d1e86,1024,0/0
/spttest/qo3h9vyjcz6c,30b6f7e37f2a2814,1024,0/0
/spttest/p9o65wtctog,14838c02721ae40,1024,0/0
/spttest/qojo81crgnuq,30bccf9bf27497c2,1024,0/0
/spttest/1neamxq2ofh,156e67c97f462d,1024,0/0
/spttest/16iufjz344po,228597e416e2fdc,1024,0/0
/spttest/6mep8dlkckcl,c18c0ffb58fca05,1024,0/0
/spttest/onlurv44g60l,2d09616982724675,1024,0/0
/spttest/20cuioswio3l,3abdd3581835a81,1024,0/0
/spttest/67s6ivxixdva,b5ac74d6afdaa76,1024,0/0
/spttest/rm73erb8dxqf,3271e88441a93007,1024,0/0
/spttest/7bwu3ghaxdhf,d6407861476b083,1024,0/0
/spttest/lsi1pxm13fp5,27ce1c51a1847b39,1024,0/0
/spttest/qlm8gb1a5x1e,3096c47b01a8d482,1024,0/0
/spttest/zd71zai9e4pa,4099e779e776a04e,1024,0/0
/spttest/b24sh9pcko23,143376b96e6216cb,1024,0/0
/spttest/751uy01fnacs,d0aeabea682272c,1024,0/0
/spttest/4smw3q6q4ybh,8c26aa1323818bd,1024,0/0
/spttest/nv34cab0gw2v,2b96ebc650b2b267,1024,0/0
/spttest/k5lm7ix3qqo5,24d107d894abf085,1024,0/0
/spttest/jp3nnfvdb6pt,23fab8cf60cbafc1,1024,0/0
/spttest/j0ym8ut7u0yy,22c12933b9c13b6a,1024,0/0
/spttest/7pj0793i5fwo,e14e3a0b4686dc8,1024,0/0
/spttest/kq43bibhk0tv,25db7b82df55de33,1024,0/0
/spttest/7espqtf6lkk4,d8982a82bd90d54,1024,0/0
/spttest/q4tmystsxih7,2fbc9eeed13e4bcb,1024,0/0
/spttest/o25ukyt0nug1,2bf2d4a328c4ade1,1024,0/0
/spttest/2tp0z8snhfyv,528f2a5d1731217,1024,0/0
/spttest/3tq405coxbpb,6fcf40522b5d17f,1024,0/0
/spttest/ffc83oazujbs,1c2d76b13b8d6858,1024,0/0
/spttest/me8a8oxm8nij,28e85a25d40ea30b,1024,0/0
/spttest/bcu44avtaxgb,14be7e5ce85480db,1024,0/0
/spttest/oofw5o80h36q,2d14380265de0a62,1024,0/0
/spttest/3xlid66sscw6,72f400e109b4446,1024,0/0
/spttest/l214fhkzso7e,267648562fe80c8a,1024,0/0
/spttest/de6cf85l6bc0,18771fd3f72627e0,1024,0/0
/spttest/xmcyi973xppa,3d69b5999ee96f5e,1024,0/0
/spttest/n4a8jv24q1mw,2a3ac73949c006c8,1024,0/0
/spttest/ff8azn6hfqan,1c2c0ca11f45ebdf,1024,0/0
/spttest/4w9sl9iqyoik,8f1a5db2fe5629c,1024,0/0
/spttest/s5gghntz606m,336c154553968d6e,1024,0/0
/spttest/loyl2tpefqzg,27a01eda3fca585c,1024,0/0
/spttest/rp95jspxx8i6,32999e8396bcee4e,1024,0/0
/spttest/s9grookcqypv,33a027058ec60e43,1024,0/0
/spttest/ge6eciwu4p2t,1df1fc7e6f78d5f5,1024,0/0
/spttest/6phj3b36t247,c40be1e2495d1f7,1024,0/0
/spttest/uja71fnjts2b,37c6e6e43bd01253,1024,0/0
/spttest/g741ezedn1of,1d9635c7c05a3d3f,1024,0/0
/spttest/6tahvvm26i8x,c722978bd97abe1,1024,0/0
/spttest/bmic88w4nyc0,153c2351986a9190,1024,0/0
/spttest/pbiywccqqpps,2e40150d21c3ceb0,1024,0/0
/spttest/q7x6c416vchq,2fe4dd81a4cbfafe,1024,0/0
/spttest/i3rgh1yxe0s1,2111ee5786eed471,1024,0/0
/spttest/b1v0481xxlvk,142feea36d9dd200,1024,0/0
/spttest/wmjhk8zdmbfx,3b9873759333fc6d,1024,0/0
/spttest/44ojt9ezlt70,78b45ab575d520c,1024,0/0
/spttest/i7iaosgk0fzo,214295361668e4f4,1024,0/0
/spttest/9ej3tedikv3,7a257ce669ef1f,1024,0/0
/spttest/8mw8nrt61t2f,fc64f9736261367,1024,0/0
/spttest/pteek02kzi71,2f283e01134222dd,1024,0/0
/spttest/hcgawggkbcqt,1faf32100535e945,1024,0/0
/spttest/u21p6tf8elo0,36e704c7dade5930,1024,0/0
/spttest/7pqg45pe5fi9,e17930997c0ffc1,1024,0/0
/spttest/hy871721ns6l,20ca08d6dcbe876d,1024,0/0
/spttest/j9wx77bwne77,233573e1cb6803a3,1024,0/0
/spttest/7wjdeifbty0h,e6ff24c248e7871,1024,0/0
/spttest/vekp12xd0w7l,395d5bb107625411,1024,0/0
/spttest/326bwurziacy,5971b03d88c33f2,1024,0/0
/spttest/we8oe0qelyma,3b2ca2df0d6a9882,1024,0/0
/spttest/n6twnle5rebn,2a5bda942100ae43,1024,0/0
/spttest/5yb05ezde319,adfad607e31bfdd,1024,0/0
/spttest/sk0errhnx5q1,342921d17a0f6639,1024,0/0
/spttest/9nbzubpyd63m,119f9c198deaf622,1024,0/0
/spttest/395cxtt0shue,5f1ae143af3ed56,1024,0/0
/spttest/7qoo7p5xf191,e23ec5619f1f915,1024,0/0
/spttest/t1xxcscu884o,35120b0468ec2928,1024,0/0
/spttest/6t0byipyram0,c6e7e9532a37478,1024,0/0
/spttest/rj5xileavck7,324a8541c1dd6357,1024,0/0
/spttest/xl3ilk1jbsiy,3d5950363f407c2a,1024,0/0
/spttest/wq932uy3yww3,3bc8a7a4b4b6e603,1024,0/0
/spttest/w5np4tv1yvvw,3abd26febeef22ec,1024,0/0
/spttest/5qdb9g7q7edd,a7898921b1a5a81,1024,0/0
/spttest/j0dp65mt1xnq,22b99cf9531085a6,1024,0/0
/spttest/j43o60ir0hxn,22e9f3be154d5dcb,1024,0/0
/spttest/4676bn5e8o49,79efb4fce0b5e19,1024,0/0
/spttest/tnfvcj2j4sc3,36294ae31063d373,1024,0/0
/spttest/qts5eveiimw0,3100d0f1b81efe60,1024,0/0
/spttest/jjqqyc3ugfcb,23b51e369187bbab,1024,0/0
/spttest/63vsr1iruu2l,b282068a20146bd,1024,0/0
/spttest/jtu9j6w6p9et,2438478e420a61e5,1024,0/0
/spttest/s33m3xp1gzkj,334d7862f9ad8d13,1024,0/0
/spttest/r985yonvechz,31c96f19612c71c7,1024,0/0
/spttest/1t5086cjge2j,34e1c1c8562ae3b,1024,0/0
/spttest/quck9jvzroq6,31082e6aab7104ee,1024,0/0
/spttest/vhye8bde274n,398944e8ba906297,1024,0/0
/spttest/a4nd0snkpp1h,12808754cd265b05,1024,0/0
/spttest/ujfzgtaplwd2,37c8fdabb9d28816,1024,0/0
/spttest/bhfi36xy5f2f,14fa2af6ffed8187,1024,0/0
/spttest/cvpub1xsfae9,17875cd55d257261,1024,0/0
/spttest/ghtrqaz525xq,1e21631229ae3b8e,1024,0/0
/spttest/291g7vhom19o,41ca7c6f5365bec,1024,0/0
/spttest/qrexow7d9tlp,30e211d4e5cfa71d,1024,0/0
/spttest/94eimi7uf0xj,10a9b926a9d8ac77,1024,0/0
/spttest/rce0z57jiyox,31f2844859c4ff21,1024,0/0
/spttest/ubjrwf2xr3ez,376271ad0547430b,1024,0/0
/spttest/pp0la2ndfjmb,2eef4d13238e9a13,1024,0/0
/spttest/1ckcm5worq63,276d40e9680253b,1024,0/0
/spttest/2dqewbfzhu5i,4599e9ee62101e6,1024,0/0
/spttest/7wb1y1s2a5wf,e6cf1f45df4fe5f,1024,0/0
/spttest/y9awyw3r9v2q,3e93b9d290896c92,1024,0/0
/spttest/3vvye0rv7o7x,7190a564644c15d,1024,0/0
/spttest/ovi5chpxkq7w,2d6ff51efd4e96bc,1024,0/0
/spttest/joji5iggc41h,23f37356a9914f75,1024,0/0
/spttest/k43xpcb3e7ly,24bda97450b20d06,1024,0/0
/spttest/bgrq63i0hhk0,14f196dc3c84ab20,1024,0/0
/spttest/upehjp8ymhrt,381662dd57ccd579,1024,0/0
/spttest/cfdh4piuxzb5,16b3127fdc2f2701,1024,0/0
/spttest/ri7f8mv9ouge,323e11d7baba952e,1024,0/0
/spttest/vooq35ujof6q,39e0b47226a79de2,1024,0/0
/spttest/rfpeqedmbsxa,321d9766b2ddf12e,1024,0/0
/spttest/rml7y3ikldk5,32770150408c03e5,1024,0/0
/spttest/gsse25ncrz01,1eafc57351e201f1,1024,0/0
/spttest/waksp28ytzt,1a379423a8eac59,1024,0/0
/spttest/3lw950v3y2v9,697415a214f4205,1024,0/0
/spttest/89mzhsuqg8nx,f1a1c6bdef821dd,1024,0/0
/spttest/e3hmpv1zj68g,19bfedb67aaa7d50,1024,0/0
/spttest/cfu6ypr8g1bz,16b91aacb002cebf,1024,0/0
/spttest/qc7mz8q0s5pt,301c98eab6f5f3f1,1024,0/0
/spttest/3bmjz4ngmpo5,611dce7e548f775,1024,0/0
/spttest/slbmabf4sqju,343a2a6893e0c56a,1024,0/0
/spttest/b4jnpxo82wpo,1452ce8cd626ca1c,1024,0/0
/spttest/k8dve0xi7sga,24f53439c21c81ca,1024,0/0
/spttest/h1q2drkfcks1,1f23d61001882331,1024,0/0
/spttest/89wmbvy94xcz,f1d9653bcc9a2e3,1024,0/0
/spttest/n8ltjuqzgoox,2a72ea2ea6b52c01,1024,0/0
/spttest/m5kpr2kf4zu8,2877ef0d8180ad70,1024,0/0
/spttest/axk6h9ee2c2r,13f811e27c3d3fa3,1024,0/0
/spttest/nn8smqdbak9x,2b310de2a8e8e425,1024,0/0
/spttest/gw3v22ir6sti,1edae0e22b1dfa66,1024,0/0
/spttest/nrga6v948ct9,2b67b68b1f6eaadd,1024,0/0
/spttest/deug2cvfyod2,187fd203026c3ad6,1024,0/0
/spttest/kuw8jgj3jflm,2619983e96aca4ba,1024,0/0
/spttest/xo1lmx9lg9of,3d7f970a58891dff,1024,0/0
/spttest/h8kw0ywgyo4a,1f7ce4b632175e9a,1024,0/0
/spttest/9w1lq6i7b29t,1210c382f660af41,1024,0/0
/spttest/2p2gyva57rsz,4ecda2d519f8583,1024,0/0
/spttest/amcag1odzewo,1366574a93a2d338,1024,0/0
/spttest/cz5fuiszc0ze,17b3f56574a122fa,1024,0/0
/spttest/5wqyt9sx5gj6,acb7552f4aa63f2,1024,0/0
/spttest/b6y4ijxsraqn,1472014fad8adf1f,1024,0/0
/spttest/e8odeo25rvw3,1a034eaf2b874733,1024,0/0
/spttest/r40v1p3o9gej,3185da3a95a38f4b,1024,0/0
/spttest/f4kfknyioxpe,1ba18afc538f4aa2,1024,0/0
/spttest/3lo1ajmunjr4,6944a45fbe969c0,1024,0/0
/spttest/9nsojsiuv20z,11a5a162b6130203,1024,0/0
/spttest/g02cjwbzdkfh,1d3aacd212e477ad,1024,0/0
/spttest/888wjdaixdfe,f080a6c72e20c3a,1024,0/0
/spttest/miljp3sg34en,2921183941dea90f,1024,0/0
/spttest/r1hhua4z8cry,3164e2d5c5f8a5ae,1024,0/0
/spttest/mxsn0hue1jt6,29e67e29568e308a,1024,0/0
/spttest/hj5rdwr71edj,2006511aff2df207,1024,0/0
/spttest/tz9v0z1yvdsz,36c2feef45ca8da3,1024,0/0
/spttest/d10evr9savx0,17cc1f973f339014,1024,0/0
/spttest/3narro2f6wrc,6a97b8fee87e258,1024,0/0
/spttest/15qgtxazy446,21e1c491dba0456,1024,0/0
/spttest/v5gyn3wcx7wn,38e71b91e7c6a247,1024,0/0
/spttest/dgvg2413rdb5,189a28e03e5fc321,1024,0/0
/spttest/6as2y45kqpgi,b81b5e5132b8b62,1024,0/0
/spttest/w8fgp5mblt3k,3ae1262d0e8f1990,1024,0/0
/spttest/66x1khmjskjd,b4f8b2c151771f9,1024,0/0
/spttest/wwu41pxwvcxb,3c1e2d66c5fc672f,1024,0/0
/spttest/idbqli73br8u,218e26fe0cb01dae,1024,0/0
/spttest/emc5c68pwfq9,1ab4bf27cd2750a1,1024,0/0
/spttest/ekhdd0anm15k,1a9ca711aa21ce58,1024,0/0
/spttest/qj2lufe4urcd,3075b4f6bc7bd1ed,1024,0/0
/spttest/1i5hh830aafw,2bf668cf3f6ff5c,1024,0/0
/spttest/gv80bo2k6qbu,1ecf629cdcc0e6ca,1024,0/0
/spttest/kvl3lltxo79i,262290c650721fc6,1024,0/0
/spttest/q2i98c6o24cq,2f9e8920a660328a,1024,0/0
/spttest/620d9dfw64aa,b0fcbfd8bb92732,1024,0/0
/spttest/yo7syy9ut3qx,3f55714f5581fa39,1024,0/0
/spttest/wksi4q866hd3,3b81b9b836162367,1024,0/0
/spttest/wbz3fl2qtuuw,3b0f334612f5f378,1024,0/0
/spttest/ots5595bvz5j,2d5995c62e49b2b7,1024,0/0
/spttest/s9y58b68t64n,33a66c0934465447,1024,0/0
/spttest/jjaf96nuuwnl,23af3a4e196d3ad1,1024,0/0
/spttest/s3hspzwb43dg,3352968251f4c514,1024,0/0
/spttest/ovc9s8adieft,2d6dd64be1952e99,1024,0/0
/spttest/ds9t2cqgyvuk,192e393a51b9cdbc,1024,0/0
/spttest/lthyo8sflw04,27db11c2015e7444,1024,0/0
/spttest/e5ao45yjktd7,19d7653bd703dcab,1024,0/0
/spttest/a8l75al5xzqr,12b3b48c2dd0ac33,1024,0/0
/spttest/7lzs6cdlyfj4,de6fc45184f4c20,1024,0/0
/spttest/po8wwtb3bsjf,2ee5509bbd67243b,1024,0/0
/spttest/ex9rdyocp7nw,1b42c473191d3f0c,1024,0/0
/spttest/v2ho7hsmzd62,38c06565b656c36a,1024,0/0
/spttest/okpc9gy7xt4j,2ce3ab9eafe680b3,1024,0/0
/spttest/9t48s59yoq2u,11eabfa18a9b1006,1024,0/0
/spttest/378agetxv0xu,5d8c24c26194b82,1024,0/0
/spttest/stau2uf9tdiq,34a1cc167c018eb2,1024,0/0
/spttest/pzcdbj9b8o8a,2f7571a38bb7cbaa,1024,0/0
/spttest/adygrvpcqca7,12f97051fa1c00af,1024,0/0
/spttest/mrte8igyq35n,2998d477fc57547b,1024,0/0
/spttest/pov010mnjjyw,2eed48b4e59fbad8,1024,0/0
/spttest/zckadajdtd8w,4091b087df762150,1024,0/0
/spttest/bixejopm7y8o,150d9dc327cdc318,1024,0/0
/spttest/vvsljy87ouef,3a3d0715666e16e7,1024,0/0
/spttest/8na1q63o2q25,fcb4af4d75ed46d,1024,0/0
/spttest/1e0ckajba30o,28997127c9ae4c8,1024,0/0
/spttest/alddxuvgna9b,1359bf5e9e5f9faf,1024,0/0
/spttest/peua5lhuybve,2e6b21c15d43c29a,1024,0/0
/spttest/qkbnd8fu2d8d,3085f570df76e97d,1024,0/0
/spttest/tf568nqv2qo8,35bd84baf2578a88,1024,0/0
/spttest/r10emp83cujz,315eb856574b38af,1024,0/0
/spttest/wj61a737cu07,3b6ca12206bd65e7,1024,0/0
/spttest/9wd0jy7g34x6,1214e19addc9a7aa,1024,0/0
/spttest/texp5dmvxjdb,35bad24ce6a4874f,1024,0/0
/spttest/zzccv3nf54j0,41b994e3f33bc12c,1024,0/0
/spttest/xxnl9kg5rjj,1b8ca271d30caaf,1024,0/0
/spttest/99mvo58fs1ig,10edafda47c1d5a8,1024,0/0
/spttest/8uvrcagch0r8,102e0d3533e28a14,1024,0/0
/spttest/ikwkvveq5wzs,21f098dde3743848,1024,0/0
/spttest/hdb3tqj6mzwt,1fba4f52e018314d,1024,0/0
/spttest/a96e4ehkijih,12bb5a2d77b48b49,1024,0/0
/spttest/kz1dd483ip8e,264f677d5315d33e,1024,0/0
/spttest/c0lsz5uvvmqu,15f33cfd127e4be6,1024,0/0
/spttest/pvpkqun0l94w,2f46407380b23d80,1024,0/0
/spttest/rju0e13jv0h2,325335777ddb8326,1024,0/0
/spttest/bvlvpxxp73wm,15b251bec14d3c86,1024,0/0
/spttest/2mow6m57jemt,4cdf98c09c74bd5,1024,0/0
/spttest/hdncoo7s62y1,1fbeba794823ec69,1024,0/0
/spttest/d89axgexymux,182a418f5d00a139,1024,0/0
/spttest/4kwcy1tsi6om,85deb1a906eb256,1024,0/0
/spttest/jqmd3mm6u001,240e75fe54c45981,1024,0/0
/spttest/ln9wo5aq92hr,278a3a220e5086df,1024,0/0
/spttest/g9bdpcqfll55,1db2d66664567549,1024,0/0
/spttest/vf48yyqnkyxw,396469da5d3dace4,1024,0/0
/spttest/hyxhdgq288mx,20d32893de7d07b9,1024,0/0
/spttest/d7z3ypzigomn,18269401df89aeaf,1024,0/0
/spttest/e4cwl9wtg9sp,19cb36758fca2299,1024,0/0
/spttest/g3j06ef0zf5d,1d67a71978ad3371,1024,0/0
/spttest/enhb7fyaxava,1ac3994f9d067746,1024,0/0
/spttest/3z3h9sxw93q,33a19649a77716,1024,0/0
/spttest/g1zvjg68410p,1d53c2f27eba7e29,1024,0/0
/spttest/qvt993z41666,311b31adab66357e,1024,0/0
/spttest/6v2zump8qwo3,c896f22660c13e3,1024,0/0
/spttest/j347fecwfx3b,22dd27e78f3ec547,1024,0/0
/spttest/xbtexeuiw4lc,3ce0c3ccfdae8940,1024,0/0
/spttest/a58bqaneah83,128817c00d171fb3,1024,0/0
/spttest/67wug1vwfaf,50ca64a344b867,1024,0/0
/spttest/xrpx9mbmx36f,3daf557d59011057,1024,0/0
/spttest/6k3kmg1dtu4k,bfac29bc3478ec4,1024,0/0
/spttest/px2mkygrh7tz,2f57f334e2559ce7,1024,0/0
/spttest/nau2afluqjx5,2a8fde0ff0bda959,1024,0/0
/spttest/ellpnxdw8vpq,1aab355dc8ca968e,1024,0/0
/spttest/gg95u698ka2p,1e0cf647215a1c01,1024,0/0
/spttest/378i4f73sdhr,5d8d5f81d28824f,1024,0/0
/spttest/ctndhhkhzlo2,176c7e6c7aad2972,1024,0/0
/spttest/rybsyt1xgmuz,330f7aa4d3a58cbb,1024,0/0
/spttest/guhte6ild5nt,1ec5ef41cb45fae9,1024,0/0
/spttest/k9wiezbdbngq,2508eb311be3348a,1024,0/0
/spttest/q6dhh3nh7e5c,2fd0c576cda22060,1024,0/0
/spttest/ofgf1j6q92ai,2c9f8127554c15da,1024,0/0
/spttest/ps0ji9di4zpu,2f16404bffd643d2,1024,0/0
/spttest/zjzezzusrcma,40f212bb94ec3ca2,1024,0/0
/spttest/p25npse6frx1,2dc66043469ef915,1024,0/0
/spttest/xoc8lg9vfx8m,3d836da18739d906,1024,0/0
/spttest/a5griiub1zid,128b2331da352d05,1024,0/0
/spttest/yvo2na5y5zuv,3fb63cd334313ac7,1024,0/0
/spttest/3wsv72v2xsdz,724ea4c01260bf7,1024,0/0
/spttest/dvbblnj3n9oa,1955bced07c44fba,1024,0/0
/spttest/so5okkzzm3sa,345efdd51e4b6baa,1024,0/0
/spttest/h7b4w8h387hp,1f6c6286f6981eed,1024,0/0
/spttest/5a0pza25iv3n,9a4397010d53af3,1024,0/0
/spttest/fbzsa8g5t2c9,1c0201eb0d5e1619,1024,0/0
/spttest/uatp0owglggs,375908b56f74569c,1024,0/0
/spttest/ycafvz2gwiy3,3eba85c434666feb,1024,0/0
/spttest/e8omnplijj4m,1a03666bba20fd96,1024,0/0
/spttest/gfv1j3kh6jzc,1e07de11ec161ba8,1024,0/0
/spttest/hb8zw3nqibyq,1f9f91faab845312,1024,0/0
/spttest/oay62mqwljb0,2c64f67c100dfcfc,1024,0/0
/spttest/iv7kbbyx48n0,22767405531cfdbc,1024,0/0
/spttest/psstti6hq1q9,2f207511224f7441,1024,0/0
/spttest/f2fn8jp1e0ce,1b85d64b2630ce3e,1024,0/0
/spttest/1ocmvftjnbf0,30fea82be9dd08c,1024,0/0
/spttest/kb6m94j75257,25198dfa111bad1b,1024,0/0
/spttest/yyzcpgz8kjmy,3fe14675b23d546a,1024,0/0
/spttest/f8ttsqqr3xdr,1bd8e3d2cbd30ebf,1024,0/0
/spttest/ukfr86gnummx,37d5e5c92f30e519,1024,0/0
/spttest/hm83xw3mouoj,202e21d36020b353,1024,0/0
/spttest/zxc53103hxgl,419f866a667876a5,1024,0/0
/spttest/2wng4nbjnyx,25c275b663e719,1024,0/0
/spttest/cdfv50zlts4o,1699f4aa897614a8,1024,0/0
/spttest/zfpfeyx58mrv,40ba831733000e4b,1024,0/0
/spttest/459h41d6256h,792d2791c92b0b9,1024,0/0
/spttest/x1hyjcr9rcec,3c5abd20d712ec84,1024,0/0
/spttest/fh7a5xeoebiz,1c45a8a81d3491db,1024,0/0
/spttest/i45e7h18ze3o,2116f5aece46ae24,1024,0/0
/spttest/lrnhfg3ulz2d,27c3153562542ec5,1024,0/0
/spttest/l5hqgyoy25fh,26a33e8d17ba69fd,1024,0/0
/spttest/u6h5moo5tnxn,37208d83c5a0a36b,1024,0/0
/spttest/770enc2pj4fr,d245f13c56e1e37,1024,0/0
/spttest/ejt1ibfx6zlp,1a93dfd1f83d86bd,1024,0/0
/spttest/bu3bc1yo60rj,159ea18df4f6395f,1024,0/0
/spttest/jx10oduus05y,2461af2e81b1d5d6,1024,0/0
/spttest/kfzlgsomyez0,2557f7a9e8c6764c,1024,0/0
/spttest/mknue71ee44g,293be6eb70066e60,1024,0/0
/spttest/7837gbuap1r0,d325efa94be071c,1024,0/0
/spttest/6c5sgf1t5w1h,b93a56345ac0275,1024,0/0
/spttest/lqmw2wi6f5s7,27b5e12d1f3a9907,1024,0/0
/spttest/jewvfdetcn60,2376619dc61dc548,1024,0/0
/spttest/fendxnorxnt8,1c248073bd4501cc,1024,0/0
/spttest/ubhkhl1hsgxi,3761a5ebee7929b6,1024,0/0
/spttest/o0b6c9g4g9wf,2bdac6225650ea1f,1024,0/0
/spttest/ccqisymepp94,1690cfcf8c6c5218,1024,0/0
/spttest/dxr2jo0522q8,19756618fa87df50,1024,0/0
/spttest/wbd0of6w4cp8,3b073c1ad663014c,1024,0/0
/spttest/xoayoltpou43,3d82f7d466634b73,1024,0/0
/spttest/3gfu7ck66hfg,65062db0035b3bc,1024,0/0
/spttest/qalv5qqoe5lr,3007c08c61d7b3df,1024,0/0
/spttest/vbf349bwoa6o,39345ddbfe6a0590,1024,0/0
/spttest/cr3cj470kax9,174b4a1880ebf04d,1024,0/0
/spttest/9tdm2rr14bld,11ee210ebfc930b1,1024,0/0
/spttest/s9sewdok6x2s,33a45aa2510eb0f4,1024,0/0
/spttest/dpguomxnyh4q,1909cc307444863a,1024,0/0
/spttest/p0i9gdhh1kr2,2db0f1f1cda2844e,1024,0/0
/spttest/nlpk345ixisa,2b1d1fb52729635a,1024,0/0
/spttest/3d79iff567ix,626530c2a3b9c99,1024,0/0
/spttest/g6t9wpik3fxy,1d925384eb101f76,1024,0/0
/spttest/525kibwlgii,41b94f8f9192da,1024,0/0
/spttest/6bc0dddgn28r,b88e6a64f61df1b,1024,0/0
/spttest/npr3n3c1cfk8,2b51a346c9761ac8,1024,0/0
/spttest/vc6ejv13bz08,393e39233777bcf8,1024,0/0
/spttest/u789hxz0bxem,372a5561e9e939de,1024,0/0
/spttest/n7aq5oigeenq,2a61ec2ad5f699b6,1024,0/0
/spttest/eo5n3stwevzt,1acc60adbacecd79,1024,0/0
/spttest/3y7vh3q4lja1,73751caabe4f0d9,1024,0/0
/spttest/lrc94udsk3b1,27bf07e0387c1dbd,1024,0/0
/spttest/godi8qwp8f4x,1e7671a1fd1ad7a1,1024,0/0
/spttest/pydllfewrf8i,2f68e5fb53b2cde2,1024,0/0
/spttest/p7zvk9mww1sa,2e1239b9fc24990a,1024,0/0
/spttest/rixfdauyqcgx,324773bfe4ac3ba1,1024,0/0
/spttest/gfojjbceo8w6,1e0585b11b8f3106,1024,0/0
/spttest/n5fkkdhnp6bw,2a49b125caf5174c,1024,0/0
/spttest/gfeirq0po9dw,1e01e80af7e45e84,1024,0/0
/spttest/bo5xf88nufu4,1551a36c938b82ac,1024,0/0
/spttest/60vhntz8yg2p,b010c2fa7d389e1,1024,0/0
/spttest/hgv0wxoeqqa2,1fe876fd47fe458a,1024,0/0
/spttest/woyn1vq3fnv8,3bb7e594fa2ce194,1024,0/0
/spttest/f4nfqp89t96t,1ba2a0854116acc5,1024,0/0
/spttest/1fd8z6366zk1,29b3be9c957cb81,1024,0/0
/spttest/v22ekv8299wt,38bae32b4044ec6d,1024,0/0
/spttest/xj9ptcka8t3p,3d41926c7b4a5f55,1024,0/0
/spttest/vyf8j1f4rhup,3a5f2ca57fcb8321,1024,0/0
/spttest/4kopojbpicr,3b6bcd0c6c002b,1024,0/0
/spttest/hempy1hl2hby,1fcb7d629a356d3e,1024,0/0
/spttest/sjhn1folen61,34225c098b1f31c9,1024,0/0
/spttest/f9bfy4h2rxxo,1bdf3eea12b7ca8c,1024,0/0
/spttest/86jr594tv9ua,ef1fa20395de092,1024,0/0
/spttest/eg4yjyzii05r,1a6437a1f98f6f4f,1024,0/0
/spttest/6iwykevpyfhi,beb628cd7e4f7e6,1024,0/0
/spttest/1f2wqc4qtxng,29780cfd939799c,1024,0/0
/spttest/92yq5x06ou5c,10970958aa65c4a0,1024,0/0
/spttest/w2s47ouf2ip0,3a97c76376b2b224,1024,0/0
/spttest/2nasrhlp923i,4d5e0df78cb6fde,1024,0/0
/spttest/amo4v7kna8pk,136a9d6571d0c198,1024,0/0
/spttest/zguf753jabr,1ccb3ef26ad0207,1024,0/0
/spttest/zrd8zrasdknm,4151fd460ab71dd2,1024,0/0
/spttest/pn7w8upnh2o6,2ed7f546909582c6,1024,0/0
/spttest/e1dcgdzahpoo,19a46764ae392248,1024,0/0
/spttest/d6erbvdpru0w,18123ef7be918dc0,1024,0/0
/spttest/bry2j9ipo6y0,1582c29f2461ca28,1024,0/0
/spttest/hivkw0xtkv98,2002a4c0f37d3c3c,1024,0/0
/spttest/vnfs40scvjgw,39d07d115c14f050,1024,0/0
/spttest/juqturxai1f5,2444077b13d375b1,1024,0/0
/spttest/udsh0oun6wwz,377f8f9594ec1b23,1024,0/0
/spttest/kbt5mv7unwy7,2521afceb391d08f,1024,0/0
/spttest/ap35dmy16ejl,138a02bf271d9821,1024,0/0
/spttest/1dcdyf1dcb28,280f1ce90b40400,1024,0/0
/spttest/q56mx0gm2kcn,2fc14f97b4c42987,1024,0/0
/spttest/7to03jtyfg39,e4aa63b67afe535,1024,0/0
/spttest/dyo4eee7qufx,198153017999db9d,1024,0/0
/spttest/fpz3oodpz552,1cb79c65aa3291c6,1024,0/0
/spttest/p7pb9l2ee000,2e0e69f78f219d80,1024,0/0
/spttest/gzj11hswli9k,1f075187eed8afb8,1024,0/0
/spttest/q3oq9ja9k9ti,2faddc4c21a7efb6,1024,0/0
/spttest/wge7iurdmq8w,3b489c5206700760,1024,0/0
/spttest/fpf6bh37guba,1cb06bc9e5be2076,1024,0/0
/spttest/xj8fzd7p4k93,3d411cd39b340487,1024,0/0
/spttest/o1hq80oy374z,2bea209d13e908e3,1024,0/0
/spttest/scx778pgics,1705cca9e7fc9ec,1024,0/0
/spttest/eagzxeg28ylm,1a1aa008bf40032a,1024,0/0
/spttest/a2gl0nyg2d7p,12641ac1cf84f765,1024,0/0
/spttest/90xpburszwhe,107cb05273641732,1024,0/0
/spttest/2swyaa9rkijc,51ed16d2eb979d8,1024,0/0
/spttest/ew0onwzb0j5c,1b3280e404b077f0,1024,0/0
/spttest/w77p3vkfixa5,3ad15b8c7d2567fd,1024,0/0
/spttest/psbchokt5rr,14ef2d7cafac677,1024,0/0
/spttest/h2utjtm9apga,1f328a800650f05a,1024,0/0
/spttest/16grpq8r3wo7,22799c8d362c327,1024,0/0
/spttest/t7kpws9nd64b,355b36ab604d5b3b,1024,0/0
/spttest/fq90x95o2179,1cbb30fe566f8e95,1024,0/0
/spttest/spbry7y4u25w,346e2df7cebaa274,1024,0/0
/spttest/jnon3fjwg9b4,23e8509a87ed8f20,1024,0/0
/spttest/weoxamyuj7it,3b327f9d3a5332d5,1024,0/0
/spttest/bxc0pp8jpm,44d9406f8d2ca,1024,0/0
/spttest/jefmnqmpx1hx,237028dc4793b6d5,1024,0/0
/spttest/3poljnkncqyo,6c87343e6198a80,1024,0/0
/spttest/usgr4a36i1si,383e2bee17c12b92,1024,0/0
/spttest/ec9lpkpwibmj,1a31ef7dbed5af5b,1024,0/0
/spttest/8y5c9j61s9j2,105879fa23ac083e,1024,0/0
/spttest/i53bvfvqpbof,21233436c688ed5f,1024,0/0
/spttest/lqz3ekipivmu,27ba48631f1171a6,1024,0/0
/spttest/lvxzn6sioov5,27fad4a75af1f5e1,1024,0/0
/spttest/wykobkpi9z72,3c34c0402370706e,1024,0/0
/spttest/t9szz3xb5z2v,35782df3ca503fd7,1024,0/0
/spttest/wckz9z04bhkp,3b1718b63cd121b9,1024,0/0
/spttest/8anmcbu8cgx1,f27544d1507d0a5,1024,0/0
/spttest/9dwvjfr5lipp,11254039f9fe72fd,1024,0/0
/spttest/tjwnfvg7288j,35fb63d50c4eed33,1024,0/0
/spttest/1sshxs5pk626,34998c47f6148ae,1024,0/0
/spttest/cdnczmuh74e5,169ca90b2abe1afd,1024,0/0
/spttest/3mvgoh80h8x0,6a3f5966cf37764,1024,0/0
/spttest/7ddvusmy7979,d772b8e06eae455,1024,0/0
/spttest/3ja34ej3sm0x,675474c60e24d81,1024,0/0
/spttest/8zpzxw8jm2gh,106ceb591eeb08f1,1024,0/0
/spttest/qf7wyaoo8xbe,3043aa470a73f2aa,1024,0/0
/spttest/7d3a7g4gr56r,d735853ada2b303,1024,0/0
/spttest/tdc5s9i0zq2b,35a60fa03e0486b3,1024,0/0
/spttest/junboksd4pa3,2442c3c00aa4b5fb,1024,0/0
/spttest/ko88zwg92adb,25c30109c47f49ff,1024,0/0
/spttest/57bu2ityphcj,98144366a03ba13,1024,0/0
/spttest/vmy6lf7arju3,39ca2399c029932b,1024,0/0
/spttest/ec3ey56etbz6,1a2fb3ee929557e2,1024,0/0
/spttest/d7rug2tf4i22,1823f5024084576a,1024,0/0
/spttest/yedvbz8hruy3,3ed5bd03165b966b,1024,0/0
/spttest/sgoqvrzufrhx,33fdf4b4653af2f5,1024,0/0
/spttest/7g6ry1frhlvc,d9b92b72386aff8,1024,0/0
/spttest/ao6i9z2tj5e4,137e3bb05683970c,1024,0/0
/spttest/rhx3g7ab6wj8,323a57e9017dad34,1024,0/0
/spttest/yck1wv42wb0v,3ebdfd975ff0c1cf,1024,0/0
/spttest/42wdtth2428u,7741ebf2d3a1a5e,1024,0/0
/spttest/l1zxc3sdypvz,2675d9c44d95048f,1024,0/0
/spttest/833h5pyp999p,ec522d6dafde82d,1024,0/0
/spttest/c13mtrsj7slc,15f9abd6883c5f80,1024,0/0
/spttest/hun5mpqg0f9h,209b79bcf6b21545,1024,0/0
/spttest/klbh6q828niy,259d3362b2d8ab1a,1024,0/0
/spttest/n9rta6uz0c6k,2a8210f5ad4258ac,1024,0/0
/spttest/tb6mtivxhc0b,358a169c790e540b,1024,0/0
/spttest/ulswdrcvs45r,37e7a10e70be230f,1024,0/0
/spttest/rvym37hu3a9i,32f0bdb2492a48b6,1024,0/0
/spttest/qr8y3uuwo9mv,30dfe8b047553ec7,1024,0/0
/spttest/5f0bjyd8numt,9e506b54c9236d5,1024,0/0
/spttest/ntrty1i57x8b,2b85dbcb5061e0fb,1024,0/0
/spttest/vxaozpubd179,3a508bca2f9dba55,1024,0/0
/spttest/qjxlacpwrwfu,3080e2f2d7ae40fa,1024,0/0
/spttest/w62i6o7a9ycz,3ac27eb0889adc33,1024,0/0
/spttest/ik2dore6frzi,21e5b35a256ba96e,1024,0/0
/spttest/h51q92zc6d45,1f4f0320e1f8dfe5,1024,0/0
/spttest/r5ykb7kb879a,319f0075cee6c1be,1024,0/0
/spttest/rrcspjdvcnz9,32b4e98ded1c4765,1024,0/0
/spttest/s9akhe9dixrp,339dea551c0b8c75,1024,0/0
/spttest/bkw68cj35g5b,15272692bab7afff,1024,0/0
/spttest/7jhjmr2mgsal,dc66d3498dc413d,1024,0/0
/spttest/gff3l81sicsq,1e021d760b78114a,1024,0/0
/spttest/pdd70u9jef0,1498e0fa8d870bc,1024,0/0
/spttest/srhioak2rg2s,348a3ae42c4e3c24,1024,0/0
/spttest/cm6jjexird8g,170b7ee606cc91c0,1024,0/0
/spttest/te2vmd448vym,35afb37d7bebb7ce,1024,0/0
/spttest/39ba7s0i2mm9,5f3d14ce02eb101,1024,0/0
/spttest/bqatx28blyku,156d62c962480d4e,1024,0/0
/spttest/til9zl2v23eh,35ea4c023cfd54b9,1024,0/0
/spttest/92cp8h50dnuc,108f16dc9419fdf4,1024,0/0
/spttest/v7le1sxjq6rs,3902af172b5ebbc8,1024,0/0
/spttest/jmjd681bfbdc,23d96c0bfa067650,1024,0/0
/spttest/t9vavxsxjkqg,357902afbd8670b8,1024,0/0
/spttest/l5icro4a6kz8,26a377c2eeedc9b4,1024,0/0
/spttest/qv9gu98265hn,31140dc7f893d34b,1024,0/0
/spttest/csalac8bvipo,175ae4658c25bb7c,1024,0/0
/spttest/kgeqggi0l7gm,255d6dfdfd55a106,1024,0/0
/spttest/swrahaqkpp27,34ceb3d52256671f,1024,0/0
/spttest/br5ks3wl651g,15787ac1cf374404,1024,0/0
/spttest/k76eaqrskxv3,24e58489f717f06f,1024,0/0
/spttest/cwm30llwm5hr,1792fef6d77aa94f,1024,0/0
/spttest/fcdfqq0e7a2z,1c06eee4bb891ccb,1024,0/0
/spttest/ttgxhonyin7h,36779c4b6ab623fd,1024,0/0
/spttest/73b3lw6ghs30,cf445c64ca2d06c,1024,0/0
/spttest/4g2kze7q81n5,81f37a6d20c3051,1024,0/0
/spttest/ql98n27bwkp1,3092142cbcfd77c5,1024,0/0
/spttest/ekyejc0nabyz,1aa2cc5882de521b,1024,0/0
/spttest/s9lrjzgn4mfb,33a1f48733f7f187,1024,0/0
/spttest/lcj89ipxumrc,26feb55ebe70f3b8,1024,0/0
/spttest/gf0326btp5n4,1dfcb294748811d0,1024,0/0
/spttest/38uk2n0fdfum,5edc854edfcf07e,1024,0/0
/spttest/44i4o3zjy7ex,788f49b2102e909,1024,0/0
/spttest/kqc6s8jl86tb,25de6758c6b7b57f,1024,0/0
/spttest/izglgdgjfx0q,22adab49787957ea,1024,0/0
/spttest/6r7jd1yftvcq,c571da4b726cafa,1024,0/0
/spttest/sxyvwiirmi6d,34de6ea20891a885,1024,0/0
/spttest/cd8h416irh5l,16974a18b9f9c999,1024,0/0
/spttest/7em6k6l1wnot,d87273986f5b4ed,1024,0/0
/spttest/hdga01q9zw,644c68537f61c,1024,0/0
/spttest/bw3q0lofivor,15b8c1bd0f7f8feb,1024,0/0
/spttest/1xvyg3kaox6q,38bca8393960802,1024,0/0
/spttest/nc349gsq7elm,2aa01fb2223acfaa,1024,0/0
/spttest/a77odimosslj,12a1d65702820fc7,1024,0/0
/spttest/ek3we85nfnf9,1a97cac016c9cf55,1024,0/0
/spttest/mzx1n35hfc0a,2a020fadd68dbf8a,1024,0/0
/spttest/jtlv5ovbzly1,24353fb9ff90e0d9,1024,0/0
/spttest/firecoq9guo3,1c59e805ec35d043,1024,0/0
/spttest/ou2xpj4i084s,2d5d7abe64a37b2c,1024,0/0
/spttest/obvhm0y613l6,2c70fc3e169ad66a,1024,0/0
/spttest/92hkqh4sqlly,1090d9282465abe6,1024,0/0
/spttest/nkm8h7wjjrb9,2b0eef8fde653405,1024,0/0
/spttest/sergn21dchuo,33e4f5043b229660,1024,0/0
/spttest/dmicpttn0dg6,18e35f0e6d5f5f16,1024,0/0
/spttest/mzq9sila58oa,29ff9e03ba12992a,1024,0/0
/spttest/pvgizj4dnusg,2f42fc9fc35ba8a0,1024,0/0
/spttest/t6umky942rgt,3551cc8deb035f8d,1024,0/0
/spttest/bymsfxnfj3sv,15d99d79122d94ff,1024,0/0
/spttest/bnal4dqt8xom,1546547233bc1186,1024,0/0
/spttest/njmp3fxhhxtk,2b021cf111dd4a78,1024,0/0
/spttest/dm2ki2ch63j1,18ddad233012585d,1024,0/0
/spttest/t5f6rlpkk3hs,353f3d320d77f6b0,1024,0/0
/spttest/e1ic2y2jc9t3,19a63446c66597a7,1024,0/0
/spttest/uh8su3odmh1z,37ac6b90f4f13cd7,1024,0/0
/spttest/gre99srsirn5,1e9daec10cd14471,1024,0/0
/spttest/95zul8cliv9w,10be68d6e6b513d4,1024,0/0
/spttest/9tvdn1d7u3wm,11f48a09d412fa46,1024,0/0
/spttest/egrqxbpg3kp8,1a6c708719788f8c,1024,0/0
/spttest/f75t8sp5jlgi,1bc33c4eabc0dc62,1024,0/0
/spttest/5ws59mn5a17c,acbe240b51ca598,1024,0/0
/spttest/osdbpw6gc77m,2d473fdc0937d782,1024,0/0
/spttest/1yp7c05z7ltm,39657fe45a1a13a,1024,0/0
/spttest/vl05ntd02hkj,39b0df6dabcda973,1024,0/0
/spttest/mx5czgaxa9qw,29de17f5b10338d8,1024,0/0
/spttest/fi73ec4ry73q,1c52948d60f22376,1024,0/0
/spttest/8xt1dlx0cstb,105409a00652d0df,1024,0/0
/spttest/h5nim5oudmsg,1f56dfa2a9bcc2a0,1024,0/0
/spttest/dy7g4x73dtjr,197b4edc0c1745d7,1024,0/0
/spttest/a7u4rqb1qtvj,12a9f081bbd626bf,1024,0/0
/spttest/nskdme28kupz,2b762e13aa3a8887,1024,0/0
/spttest/ucw3c0vqq1cv,3773e0aff754bf5f,1024,0/0
/spttest/5oao19uhh8rc,a5da9b996b4ff98,1024,0/0
/spttest/b64v7gb2gnd0,146772bfbc77e844,1024,0/0
/spttest/v4p8xy84hlho,38dd1bb093da8b0c,1024,0/0
/spttest/fc6kenk4osfk,1c047448db4ae9f0,1024,0/0
/spttest/wc4n5ghs6etq,3b1133b57686508e,1024,0/0
/spttest/lw1e22txuf4f,27fc0ebd9d149d0f,1024,0/0
/spttest/66j91opb4tzq,b4a9133f2d41fd6,1024,0/0
/spttest/u57pc17qqg0,1878f4f29651360,1024,0/0
/spttest/odj4f9j2py31,2c86807ffdfd36cd,1024,0/0
/spttest/bg8sob962i52,14eac24b23130256,1024,0/0
/spttest/v4ek96pch0gt,38d940a9dab04c9d,1024,0/0
/spttest/6p5t3bevpjc7,c3c835b79931527,1024,0/0
/spttest/a2t52sqhggzk,1268a2a4c80f5300,1024,0/0
/spttest/my6rtg0nbqih,29eb97a4adc711f9,1024,0/0
/spttest/5t5t3up5gkjl,a9cdb2e1dc59501,1024,0/0
/spttest/jh8fzkc7s2b2,239488ef6e1611ae,1024,0/0
/spttest/kubfr9utg6g5,26121707627549a5,1024,0/0
/spttest/bki8si8w8d4g,15221ffc705d5470,1024,0/0
/spttest/z9rhc7rbfjve,406d5138d385b95a,1024,0/0
/spttest/8rqlto2gg34r,10053970b69e8bdb,1024,0/0
/spttest/hywcbrxovwch,20d2bf42960c6181,1024,0/0
/spttest/zbs8s4lfwvrs,408792254cfa8bd8,1024,0/0
/spttest/2riukp9rhq1i,50cbd7e5f8bed16,1024,0/0
/spttest/3o2o0iaadbli,6b38c3d69234df6,1024,0/0
/spttest/osk5dt4kc890,2d49b62e6336e8c4,1024,0/0
/spttest/h0ptwhab8l16,1f16c30c2bc37f7a,1024,0/0
/spttest/l4gkm79lj1ca,2695d5e7a0be768a,1024,0/0
/spttest/x47cj1v0w94v,3c7de0bf4996a23f,1024,0/0
/spttest/nr5svbg6t7e6,2b63ee6b63b840ae,1024,0/0
/spttest/u9i0abgr49jy,3747d3f15ddd745e,1024,0/0
/spttest/hp814ghir7cr,2055125dd3c093fb,1024,0/0
/spttest/nhhbc75mz14e,2ae6314a43f56a6e,1024,0/0
/spttest/vd4ysk5mr4qa,394ab197ea4a9ab2,1024,0/0
/spttest/7d92hdig04xi,d756eb7b445c0f6,1024,0/0
/spttest/ilqk8am4d0ef,21fb6a3bcdae7f47,1024,0/0
/spttest/81ehag9arx9l,eaf20b6b07c6f29,1024,0/0
/spttest/glkkow1ao4b6,1e5206b8eb9819d2,1024,0/0
/spttest/fb2ozj9v4n5h,1bf6114e66ee8135,1024,0/0
/spttest/9mlf60j5247a,1196057a269452c6,1024,0/0
/spttest/9zhq1hg7swqg,123d8c3e106e8bb8,1024,0/0
/spttest/tjoaz5qugd2j,35f860e7d7393c2b,1024,0/0
/spttest/2rzxlhw39d7h,512e781fe105e1d,1024,0/0
/spttest/c6e43ksj14es,163e661f0cb5af94,1024,0/0
/spttest/tmhk04sfv14f,361ce9427294b66f,1024,0/0
/spttest/2h844h57zo3f,486f96088af0fbb,1024,0/0
/spttest/fid3db77zmg5,1c54beb047fd2f65,1024,0/0
/spttest/p3dip28g7e47,2dd63395b27cd337,1024,0/0
/spttest/benoedb0kfmy,14d62654f682e82a,1024,0/0
/spttest/w6gmdgc06jiz,3ac7969768b4985b,1024,0/0
/spttest/mb5ix563cnor,28c0638ab2cd4deb,1024,0/0
/spttest/yifu7z8m46g1,3f0a67ecb298dfa1,1024,0/0
/spttest/baj19qw7sp4h,14a0847d4fa13531,1024,0/0
/spttest/nvo0ld9egw4a,2b9e75e454e1a89a,1024,0/0
/spttest/e1gi75fn2068,19a58b3bfe8f9060,1024,0/0
/spttest/nedppusuvtxz,2abdecf0f6e69757,1024,0/0
/spttest/sbdjkth6snx,16fcdfd5c421b9d,1024,0/0
/spttest/95yqdbeqr7nu,10be01a4da93a18a,1024,0/0
/spttest/k2xf22ierqi8,24ae52253927b4f0,1024,0/0
/spttest/gw6yn5logb62,1edbff30384f388a,1024,0/0
/spttest/s3err4x9z2a8,33517eeb765ec350,1024,0/0
/spttest/7jdb5zwqv2xi,dc4e603180a6a96,1024,0/0
/spttest/d21p6x9yil5b,17d993ab6497f18f,1024,0/0
/spttest/4gcyzra32779,822f747ea344bf5,1024,0/0
/spttest/abn01w8zcyyc,12db52d9ff8b9ef4,1024,0/0
/spttest/m2lxa2wmk8dr,285166f754b85d6f,1024,0/0
/spttest/i6rmb2fbhkmo,2138f5147f82e9b0,1024,0/0
/spttest/2zo5hxt0kdx3,576916a584b6777,1024,0/0
/spttest/a1o04nz8zv95,1259cad9959e6cf9,1024,0/0
/spttest/hldigouyq7bp,202317abc55cc195,1024,0/0
/spttest/xlethwpbuva5,3d5d6439e6d328dd,1024,0/0
/spttest/fl9c67e5fa7q,1c7a5b9249ceee76,1024,0/0
/spttest/qy2sderguqlt,31389c8ff8bf5e31,1024,0/0
/spttest/9ksn6up0blgz,117ea6209c02a573,1024,0/0
/spttest/w0ufawlyq2kz,3a7ea2107ac0e593,1024,0/0
/spttest/b7nppj3ufbi,91a53f42bc880e,1024,0/0
/spttest/ps8l8vxink7p,2f1927b4d1572c15,1024,0/0
/spttest/zywgh80pbebz,41b3d845c4b3964f,1024,0/0
/spttest/kxvkngvozht3,264052b8bca2f8e7,1024,0/0
/spttest/iu7sjrz6he2z,22698be467e8038b,1024,0/0
/spttest/7ez1cfek2vh5,d8bcaa156e187d9,1024,0/0
/spttest/x0mtdbm86zph,3c4f807436500a45,1024,0/0
/spttest/gmhk0i8l6hmj,1e5ded22f23b13bb,1024,0/0
/spttest/ectc4v4wpv43,1a390e49b3ad09c3,1024,0/0
/spttest/fce997lvcdk2,1c073a9e749d72a2,1024,0/0
/spttest/5z5fzueeeji4,aeaa914639fc03c,1024,0/0
/spttest/8v7wli01iphr,10326f1caedd528f,1024,0/0
/spttest/tmyfkn4k3jp3,362300270a2c1a77,1024,0/0
/spttest/gwz14mxi552r,1ee61fe06bd17ef3,1024,0/0
/spttest/s9o1i5mjtedy,33a2c6cac8d2c916,1024,0/0
/spttest/1xaacl3y8ero,383f8f3a2969ac4,1024,0/0
/spttest/xn2ma98uabuo,3d72f7d09cd16880,1024,0/0
/spttest/6zrdxmp1c4z5,cc631224716e931,1024,0/0
/spttest/gcbtpmik4jma,1dd9f73df8abf852,1024,0/0
/spttest/edv1rx26aksa,1a46a9b356d565ba,1024,0/0
/spttest/9cn41qwu90on,1114bd1e5ae1a9b7,1024,0/0
/spttest/h1465x249lxq,1f1befaa3f00f34e,1024,0/0
/spttest/7l24twxsskzc,ddad838123c5938,1024,0/0
/spttest/cjsmhaoewdea,16ec7ec6acec19d2,1024,0/0
/spttest/ozt10zcjklqy,2da7d71d79d97e1a,1024,0/0
/spttest/pgx99n4my34s,2e862f1896de5a5c,1024,0/0
/spttest/bf34ssd9f5wm,14dbb9ef8a2088a6,1024,0/0
/spttest/1hn2dqrnggaf,2b8c12ff7675977,1024,0/0
/spttest/9injp556yssf,1162d4d02a96503f,1024,0/0
/spttest/xgoeq5vorz98,3d1fe7b9fdb0af3c,1024,0/0
/spttest/l0k6pzymxkt5,26632eb3533ef599,1024,0/0
/spttest/8f6krx33r37w,f62204de01de80c,1024,0/0
/spttest/mpfyaqdxypn6,297a00461424eb52,1024,0/0
/spttest/vuuo8891bryx,3a30c96cdf6c4759,1024,0/0
/spttest/nq6t0xsaf7v9,2b574dee7c2b1f95,1024,0/0
/spttest/i5dpzxwma7w,ebbfaba627913c,1024,0/0
/spttest/9rg6tuif7g7t,11d51486b0ac64d9,1024,0/0
/spttest/onpua1wwg6fc,2d0ad19d9d93b488,1024,0/0
/spttest/5x5bciqft2e3,ad0a2a404f2e85b,1024,0/0
/spttest/1lfdj00qxgn0,2e9efdddd29ec7c,1024,0/0
/spttest/ndodezb5o00w,2ab4c82bb4b9f720,1024,0/0
/spttest/o51r03le4dge,2c1851bffea58f1e,1024,0/0
/spttest/dh68fatmhtwx,189e0d571f717bb1,1024,0/0
/spttest/m87a99c7hdj6,289a0e47900d45c2,1024,0/0
/spttest/dqhlqz5e7epd,19170ee38fbbf831,1024,0/0
/spttest/nnidkt1kylem,2b3482f19cbaa8de,1024,0/0
/spttest/kibp3ndshz9m,25764fec147eecca,1024,0/0
/spttest/c0v9ecmv1xqk,15f6a6701327380c,1024,0/0
/spttest/j53azjco8bsu,22f6cf2eb343a5be,1024,0/0
/spttest/4yuemu7woem3,913104b44e35bfb,1024,0/0
/spttest/48zuhl9nys27,7c34e23834e8d8f,1024,0/0
/spttest/43pkr00edz8f,77ea72f78a9819f,1024,0/0
/spttest/spvukyozxaec,34756c15d95f35e4,1024,0/0
/spttest/kpoa6nb0xhl2,25d5c73bbc96d346,1024,0/0
/spttest/culwly0cpcx2,1778f402f3d4f9a6,1024,0/0
/spttest/em3f1mrxgcm3,1ab198bf750d50db,1024,0/0
/spttest/lj1slvz18ec7,275357bc6c523797,1024,0/0
/spttest/j1vekrj0ntjs,22ccfdad31c8d158,1024,0/0
/spttest/gjofg0lzlpea,1e3970387582ead2,1024,0/0
/spttest/sfrxbdqwso1u,33f21d0f3c5ac0c2,1024,0/0
/spttest/5zmuc4g93jaw,af0f022cb20ad78,1024,0/0
/spttest/f82uwxjcw34y,1bcf28bec5539fe2,1024,0/0
/spttest/rojdplw5ecj9,329051e14e786bf5,1024,0/0
/spttest/epmt6ytxxz6g,1adf8fd0de052558,1024,0/0
/spttest/ao9erst5fz1m,137f47cd0738982a,1024,0/0
/spttest/2y7hforj4h7l,56390870c15af21,1024,0/0
/spttest/6i4ecwenjdp3,be1146361db3b17,1024,0/0
/spttest/cbson5bthtl,a020bad09c8e79,1024,0/0
/spttest/l4ji88fhrdgc,2696e4e1e87f49dc,1024,0/0
/spttest/8szbhy0ocokt,10155b848e097f6d,1024,0/0
/spttest/ldhi7cim7gzc,270b1364b3272fb8,1024,0/0
/spttest/7i7ulpjueu60,db5f06a67e36a38,1024,0/0
/spttest/8fruak2kiq0o,f69cc752f38f038,1024,0/0
/spttest/i60rvmbc1mgr,212f456e66e9dffb,1024,0/0
/spttest/lk103f6azfl,1180054284f63e1,1024,0/0
/spttest/6jamm560hfey,bf0510a1a2f104a,1024,0/0
/spttest/x8y8at0oa53t,3cbb88dda951a059,1024,0/0
/spttest/c48m5negn5ms,16226fbaee973444,1024,0/0
/spttest/56w3ua6cpza9,97b9764264b02e1,1024,0/0
/spttest/2ars2kns2027,4332505136584cf,1024,0/0
/spttest/a45r754adjfb,127a2d1380928d97,1024,0/0
/spttest/7fm1no8tdzld,d9417e6bbb09271,1024,0/0
/spttest/ej32os2c8vgh,1a8a8145afc8e541,1024,0/0
/spttest/9qioo6879iwa,11c8fdc91b5faeea,1024,0/0
/spttest/kzb87j3ngkjh,2652f5f1e32f1efd,1024,0/0
/spttest/gpoypk2cou8f,1e879130d7ae030f,1024,0/0
/spttest/736sawldakxr,cf2b74b7a78a97f,1024,0/0
/spttest/13299x1xf8p8,1fb658c43658ecc,1024,0/0
/spttest/3tipk5z9vnol,6fa4861dcaaeea5,1024,0/0
/spttest/csttfjvnsee6,1761d44a82807ade,1024,0/0
/spttest/wis7a9hnrewm,3b67a36081e2ef36,1024,0/0
/spttest/hjs8f90j26rl,200e6cebb10dd1c1,1024,0/0
/spttest/mkjwrzcx8ezf,293a7b8f95af5edb,1024,0/0
/spttest/nxxg8rxhk1i1,2bbbd7dfe74dc999,1024,0/0
/spttest/nz3w2p76qj23,2bcb27f5d7c834fb,1024,0/0
/spttest/wqy4w5ba64jv,3bd1b180ac99028b,1024,0/0
/spttest/3oelnem1f2s1,6b7da97ea6614d1,1024,0/0
/spttest/98vw3lceoq0b,10e3f302d63b27ab,1024,0/0
/spttest/vff4234xe5av,3968554c188c1357,1024,0/0
/spttest/hg4e70bp2e36,1fdedb1eb79938d2,1024,0/0
/spttest/xi7m53l8ol7,1b337a397241f7b,1024,0/0
/spttest/b5n0o06tycy9,1461022115c18b11,1024,0/0
/spttest/a8rjgungn90j,12b5fe5ec2763963,1024,0/0
/spttest/7n1jm8j84l80,df49c4dc5837870,1024,0/0
/spttest/yqcdhkxg78zw,3f7111f0945add4c,1024,0/0
/spttest/cs8n0lermjk9,175a3018e29c4f89,1024,0/0
/spttest/7v6avnhunl1n,e5e3dc7217cbc4b,1024,0/0
/spttest/j3pchvmilgq7,22e4c8a4ad8be1ef,1024,0/0
/spttest/8kbb3iqqd02c,fa4c7991bf92394,1024,0/0
/spttest/t09e25bcpkmr,34fc336a18749cb3,1024,0/0
/spttest/xs0el8978tv8,3db31d9e28eb3434,1024,0/0
/spttest/lj3h0jtb1g2j,2753f2ba64fab69b,1024,0/0
/spttest/qd23j2xhpkjq,3027966e3f0ce946,1024,0/0
/spttest/jnl3bkv3w46w,23e708c38f7e9c38,1024,0/0
/spttest/wg51d8nv2eti,3b454d361f37b286,1024,0/0
/spttest/2a2dqqspwqou,429fb0cb731181e,1024,0/0
/spttest/y3zx3o9m66ff,3e4ecfd43c29400b,1024,0/0
/spttest/thspup26i48c,35dffe08a62903ec,1024,0/0
/spttest/35qhy4aw267b,5c559a288c9d3e7,1024,0/0
/spttest/mcdl06sss1x0,28d04917d3aee4b4,1024,0/0
/spttest/bvqe9apj0ttv,15b3f2c81c2e6e03,1024,0/0
/spttest/tun6wtr04uul,3686dbee96a1912d,1024,0/0
/spttest/11syq54zeqtm,1eb0de8e325e24a,1024,0/0
/spttest/r8hnziterp0g,31bfdf66814bf960,1024,0/0
/spttest/6bxbq2d9uqab,b909782d8867d93,1024,0/0
/spttest/348f9qc0d1wa,5b1d6e14b6fdada,1024,0/0
/spttest/z2ta5lmk5esp,40130ababad01629,1024,0/0
/spttest/i791kvsgybq6,213f3e86cb915fde,1024,0/0
/spttest/90zvqjwvmznp,107d7980374b0d05,1024,0/0
/spttest/lrm7chi8i5xl,27c29ef8ada38e89,1024,0/0
/spttest/sen4w4er3peg,33e36566790fd658,1024,0/0
/spttest/o63hzm6rniwr,2c25f09dde4fb27b,1024,0/0
/spttest/vhf477kpphvu,3982502d04e4dfca,1024,0/0
/spttest/12c4o1cta06c,1f1f826a7d71c64,1024,0/0
/spttest/bvnyllu20nb0,15b311deb3c87ffc,1024,0/0
/spttest/ujolx4vejgca,37cc1a3a2e36037a,1024,0/0
/spttest/tqkl9tqiynqt,3651f6a5d814b6b5,1024,0/0
/spttest/sbh72a6iio71,33ba48fdc38894fd,1024,0/0
/spttest/avkw0m8w7n0g,13de58e53cda1040,1024,0/0
/spttest/3vyojfyi0rd8,71a062b9998548c,1024,0/0
/spttest/esk84s2d6afs,1b0598cfeafdaf58,1024,0/0
/spttest/ovv9m1imcgjr,2d74b0da1b89ccc7,1024,0/0
/spttest/ap2gl4zfxw0b,1389c322fe5c7b4b,1024,0/0
/spttest/5v4wnx97o2wu,ab6827405ad1fbe,1024,0/0
/spttest/40ixxis4ahvo,7554aa854564d04,1024,0/0
/spttest/thxck6ifluo8,35e1a9c53646e588,1024,0/0
/spttest/l8tsbn4ips6d,26ce8f7e17f16ce5,1024,0/0
/spttest/d5pwrd1ffosf,180947b1d47ece3f,1024,0/0
/spttest/75e12xl4wmxe,d0f4ee8ebd3c412,1024,0/0
/spttest/pmhpi87mpaww,2ece8268b5765580,1024,0/0
/spttest/fnlod5aphqhg,1c98c9c9b8d85154,1024,0/0
/spttest/xpdj4bby70ek,3d90e24217371bcc,1024,0/0
/spttest/mezvj504irbs,28f24eb760d8eed8,1024,0/0
/spttest/hiak3q2pti9p,1ffb0f00e5a962bd,1024,0/0
/spttest/vq4tiszdapk,19c18e672acca78,1024,0/0
/spttest/uejqcci6pkd5,3789657321914159,1024,0/0
/spttest/3ya4za8wrno2,73822ea81425092,1024,0/0
/spttest/1oxattqi54yi,3175f56e345b25a,1024,0/0
/spttest/sb5t4sy2t9dy,33b62d3305f19ec6,1024,0/0
/spttest/u8xbhlki13cq,37405cf3c8c0793a,1024,0/0
/spttest/w4f1wpfr1lv9,3aad0b3350d24bf5,1024,0/0
/spttest/oxcebatj429y,2d87dc6ea3bfcb86,1024,0/0
/spttest/dle099r4gxn0,18d4d05b6ed1ae4c,1024,0/0
/spttest/lzjtem3egpht,2829ac84f74e7f11,1024,0/0
/spttest/sc5jleez9kqg,33c311fb25f1ec38,1024,0/0
/spttest/va21raoysksg,3922ac536acb7a40,1024,0/0
/spttest/tv4v3yrzfhih,368d3c47a0753569,1024,0/0
/spttest/d831wvzhfk2t,18280037d23b2065,1024,0/0
/spttest/6l99ii6q1tvl,c09cd91f6a81f81,1024,0/0
/spttest/f2btj8i51swz,1b8474fa24a135a3,1024,0/0
/spttest/u7qy0lulsvyg,373112eb7a344dc8,1024,0/0
/spttest/qfbf03i5mqkc,3044edb1d6780cfc,1024,0/0
/spttest/gmya88lo2dpy,1e63f64a35b4bdf6,1024,0/0
/spttest/dkr7f1vim2mb,18cc9642966eb4c3,1024,0/0
/spttest/l33gg5i7wmzj,26841d2aaa357b5f,1024,0/0
/spttest/zplu7ozgb5lt,413b1c2734a5ad21,1024,0/0
/spttest/kxay4eptz471,2638e18d132020fd,1024,0/0
/spttest/obuua3djokgc,2c70c0610844748c,1024,0/0
/spttest/kf5yiex8tjlt,254d4616412a9481,1024,0/0
/spttest/gngjbjsowr5z,1e6a8c3f0ca64987,1024,0/0
/spttest/o7wacbba8zt,13a9794d8058309,1024,0/0
/spttest/tpqhr2v2mxfn,36471a912db550c3,1024,0/0
/spttest/iro0xpwptw5g,22486f88acc95104,1024,0/0
/spttest/dyd7pmwz5bn4,197d63740bf3ed30,1024,0/0
/spttest/4ifcnh4ed4sh,83dcd9393ca8781,1024,0/0
/spttest/gt6t07nydsp5,1eb4f8f43e946089,1024,0/0
/spttest/1n8tys6njdeu,3018dfad49259a6,1024,0/0
/spttest/uqtgw1y9l8i8,3828c7f5a94a9f50,1024,0/0
/spttest/878ecrtrhut8,efade833cf4f53c,1024,0/0
/spttest/u9lyv6ropccv,374941c58ad28ecf,1024,0/0
/spttest/8hz0dwbb68wj,f865d2e81eaa993,1024,0/0
/spttest/8bcrw9jzn5uk,f3067c1cac63c5c,1024,0/0
/spttest/twteeouaw490,36a313e379295f84,1024,0/0
/spttest/e78nmg1olq43,19f0a5bf7002b373,1024,0/0
/spttest/7ru3jdhiaasu,e32dec0d0b71b2e,1024,0/0
/spttest/5979rvpqnmgm,999992dca6ddf76,1024,0/0
/spttest/9r8ppv1ybhp8,11d2620bcc4a645c,1024,0/0
/spttest/dbey1lb4k8z8,1853427aaf2e8a74,1024,0/0
/spttest/ll0ixyeuiys1,276cdd155fabb691,1024,0/0
/spttest/kyn9z8e55xgz,264a51a5b1f995b3,1024,0/0
/spttest/xiq7ak2aa92p,3d3a87e759a79e71,1024,0/0
/spttest/j9x103len10d,23357da38b98d6dd,1024,0/0
/spttest/fv65uqtnynva,1cfb1ad2902ad856,1024,0/0
/spttest/o7k1ze85slp3,2c38e710b1c041d7,1024,0/0
/spttest/oi7aqmlo2j5g,2cc32e91bcbc3974,1024,0/0
/spttest/9prfkk5ui81i,11bf287e53c84b36,1024,0/0
/spttest/3rh3x7khxizs,6dfb9fba5570f68,1024,0/0
/spttest/euvsulvef58l,1b23c08865bb4245,1024,0/0
/spttest/bppxy3zbvpav,1565d964354b98d7,1024,0/0
/spttest/c9pezkuu7gcb,166971e17d17647b,1024,0/0
/spttest/qbe9f7uy6sli,3011ff749a3ba046,1024,0/0
/spttest/txaf53y9c4km,36a938081b948326,1024,0/0
/spttest/66pdbvumdlph,b4cc66702bd6d25,1024,0/0
/spttest/gnks4lx0ois,d855e5ce98f124,1024,0/0
/spttest/v1tufrpkm8uj,38b7cc8b43d8de4b,1024,0/0
/spttest/sjof8lk6827d,3424ce9967b1a329,1024,0/0
/spttest/l6n5q4x8zcw4,26b230ca25851804,1024,0/0
/spttest/yp559q7cds2v,3f617904f2b8b767,1024,0/0
/spttest/hhlzaxgkh1qj,1ff230cc382d870b,1024,0/0
/spttest/h6onkhjn7rvo,1f6445f860b13be4,1024,0/0
/spttest/crho5t4oa07l,175075179300d791,1024,0/0
/spttest/90xt5q1fa7yo,107cba25f12239d0,1024,0/0
/spttest/dn4sr77iksm4,18eb784eda1ccbdc,1024,0/0
/spttest/17dtk9a0uzeu,23386ad981606c6,1024,0/0
/spttest/81v3vj6s5udh,eb5208e26b88d05,1024,0/0
/spttest/cwhs56mhqqui,179171982562736a,1024,0/0
/spttest/o3mo9ynmr5cg,2c05e3f9a6bc45d0,1024,0/0
/spttest/gmo8os13nyri,1e6056a79a7c56be,1024,0/0
/spttest/ijns9rsbexij,21e06f3f390d6c2b,1024,0/0
/spttest/d0v68cszvj4n,17ca3b8e308a2597,1024,0/0
/spttest/3q5fn7psupf2,6ce86626411ac2e,1024,0/0
/spttest/hzxgtuaspask,20e0246f8f9f26e4,1024,0/0
/spttest/vwu4ywqnbkud,3a4a92864c6cdd45,1024,0/0
/spttest/xk5krctolrne,3d4d113c8fa8ab3a,1024,0/0
/spttest/3xadwmgv3mi9,72b3c8fce7fb3b1,1024,0/0
/spttest/2707q93d9cci,4023b1cfd24cfc2,1024,0/0
/spttest/gkitp2mmg2ky,1e4467d590e0bf12,1024,0/0
/spttest/a805144g3dx2,12ac1b6291268936,1024,0/0
/spttest/opcvlt4t23wg,2d201ebee3525d40,1024,0/0
/spttest/ansc6o2zlyri,13791ee733d0ee3e,1024,0/0
/spttest/tscwmb92nt0x,36692b5433d328b1,1024,0/0
/spttest/o5x3gp79y8ex,2c23a123567d1419,1024,0/0
/spttest/r0zewhdxjyjr,315e5caa8de85aa7,1024,0/0
/spttest/et7k7g5f2j4t,1b0e0442eaec305d,1024,0/0
/spttest/d1uvoebxzoaz,17d71dbb5dbc12cb,1024,0/0
/spttest/aa51355b2jzo,12c7d99f028c00b4,1024,0/0
/spttest/s4gb01tuyabr,335f09ee12a7eac7,1024,0/0
/spttest/dj4mqlruf07f,18b773d80d2fa8cb,1024,0/0
/spttest/cn9m9ozz77xq,17199843baae52ee,1024,0/0
/spttest/cba5ncvmj1ox,167deae85344c151,1024,0/0
/spttest/25mo16yois5t,3f05a888f56df11,1024,0/0
/spttest/wf5tpj5g2hez,3b3898ac348478ab,1024,0/0
/spttest/w3iy7mnc92g1,3aa175ee98f7dca1,1024,0/0
/spttest/8ksyfkzokyz1,fab25bb205f720d,1024,0/0
/spttest/sllo7b62wud3,343dcb02188febb7,1024,0/0
/spttest/aptbw5qrbnfs,139375092ae33e68,1024,0/0
/spttest/jxlojej817mz,246923c53415b0eb,1024,0/0
/spttest/p780v75sp8iz,2e082d0612d7f76b,1024,0/0
/spttest/hvtyohsbtsk4,20aaebbd278520d4,1024,0/0
/spttest/lv31pkv4gtdz,27efaa8a49aad8c7,1024,0/0
/spttest/frsztb5i8sml,1ccf62c4a67eb8ed,1024,0/0
/spttest/112fy6gjpbjz,1e17c28860919bf,1024,0/0
/spttest/sii74djiw54y,3415924e49fa3002,1024,0/0
/spttest/giafex6lelbh,1e2765baf8e4006d,1024,0/0
/spttest/yhmrmh8h9a0a,3effea94e6dbfbea,1024,0/0
/spttest/awrg4hut8qxl,13edb3f42791bf59,1024,0/0
/spttest/18du33ztstqn,24085474e2a1e8f,1024,0/0
/spttest/4prb25hdhfj,3d404c236c5e7f,1024,0/0
/spttest/o4k2v3fbnj9l,2c11f18de8f33849,1024,0/0
/spttest/uzu5mgr47zt8,389deebb3bf3010c,1024,0/0
/spttest/8xrv7ejfih5z,10539d6b7f496267,1024,0/0
/spttest/ora1kxgiokyn,2d39137c83e0221f,1024,0/0
/spttest/l2l32t5patio,267d7c3b6c05f0f0,1024,0/0
/spttest/7qa580j1s8f4,e1eae741aa6e6a0,1024,0/0
/spttest/tyv5bywslemz,36bdafda421f395b,1024,0/0
/spttest/a7xl9anro5jw,12ab2fea7cd9c91c,1024,0/0
/spttest/9olcsm3qgv6u,11aff9e768f0a7e6,1024,0/0
/spttest/3llksndouovc,693673577e8b568,1024,0/0
/spttest/fdz7subcph5g,1c1bc7e057e09b14,1024,0/0
/spttest/gyrrjwsqeq0m,1efd7b3e40b68536,1024,0/0
/spttest/btwutw595zgl,159c4cff83ad5fc5,1024,0/0
/spttest/ogp85vgq3ktb,2cafac12ce4d561f,1024,0/0
/spttest/zw5sbvnbgn54,41903e399f4a3028,1024,0/0
/spttest/alyirervj7t5,13615f78dc851949,1024,0/0
/spttest/wram85kb5z0y,3bd63265488e4b92,1024,0/0
/spttest/av24i5845nb,8d196f763b5197,1024,0/0
/spttest/2jacbwc1k6vt,4a1c1aea9fa70d9,1024,0/0
/spttest/kxh04tq4igd1,263b10ebfbba1f55,1024,0/0
/spttest/puwjbjundnc0,2f3bc61dada45660,1024,0/0
/spttest/jxmaemysm902,24695be0bf6c1b12,1024,0/0
/spttest/hqujslyodozm,206a2fa14be0efc2,1024,0/0
/spttest/p28pu8g8f8kb,2dc77ad0e35f211b,1024,0/0
/spttest/5p8vx17aodm5,a6a0278228070ed,1024,0/0
/spttest/ap75pr5bfgk3,138b75154f561093,1024,0/0
/spttest/ew0okcz7b6rr,1b3280a324c98a07,1024,0/0
/spttest/35z7y6pbprbv,5c87f4bc608259b,1024,0/0
/spttest/lr22bris3j3m,27bb5ab9e71d1772,1024,0/0
/spttest/u8ft9qgm6xj5,373a0bf29293e541,1024,0/0
/spttest/hk2tgi7sm45s,20123e92f58ff690,1024,0/0
/spttest/mpk6bb1g3xar,297b86505a5fef53,1024,0/0
/spttest/ntmfd0mgi9a2,2b83e88896b1677a,1024,0/0
/spttest/ne5rfhzxow4y,2abb0e638a68b5b2,1024,0/0
/spttest/sd3t6vxlwfl0,33cf6f1fef11dfe4,1024,0/0
/spttest/okuripz34iio,2ce5a09b6f1095c0,1024,0/0
/spttest/v6fjmd15nd6n,38f395eb2107bb7f,1024,0/0
/spttest/j79qa5wvx6uc,23131b2644fe6fe4,1024,0/0
/spttest/vys12sleg0kp,3a63ca50b8d4e8e9,1024,0/0
/spttest/t9rsvithsels,3577bf5e335d5df0,1024,0/0
/spttest/tdub0ksd80i6,35ac9bacfe3d118e,1024,0/0
/spttest/ozcwlvqhblr,1448029d74cdaff,1024,0/0
/spttest/108xebf8x4yh,1d6d5e129126b59,1024,0/0
/spttest/i36p2ug6b430,210a70b02c4d4f6c,1024,0/0
/spttest/3dtcvt928lhb,62e4bccd4e7b4bf,1024,0/0
/spttest/vcn3cmocrync,39443ea89b1c3428,1024,0/0
/spttest/mipm2th61nj1,29228fce3afb275d,1024,0/0
/spttest/i7uy7gye3c54,214725f980c1b638,1024,0/0
/spttest/u93zeafj99xt,3742c48133fa4991,1024,0/0
/spttest/pmoj5wlt2mjc,2ed0f8b6b9a4cf98,1024,0/0
/spttest/35jih8ofmm2b,5c2d46b8718a833,1024,0/0
/spttest/1yb3c8ysv2n0,39140979680031c,1024,0/0
/spttest/40xnow4d0wku,75a99e885eb61ee,1024,0/0
/spttest/h5jluoyguhr6,1f557677d5bf8d62,1024,0/0
/spttest/su3iwyfouyry,34ac261fa092df8e,1024,0/0
/spttest/widtnxp8f8uy,3b6273466adbb69a,1024,0/0
/spttest/lolxq1zezzvg,279b8e82ac0b6a5c,1024,0/0
/spttest/ryabskys1t8v,330ef236b0a7ee4f,1024,0/0
/spttest/m305zumvrldi,28568a7c0833dbf6,1024,0/0
/spttest/elx1r7sd7dhy,1aaf4c70da9b8d16,1024,0/0
/spttest/hjg5gowhwwoa,200a10e839e21e6a,1024,0/0
/spttest/9x840svr0jxt,122019eb3cc7fbf1,1024,0/0
/spttest/k4bmigslc4yl,24c06fafc800491d,1024,0/0
/spttest/xkeure6ekgav,3d506a36160ed587,1024,0/0
/spttest/xjraxcr9srs6,3d47ead9cfab70a6,1024,0/0
/spttest/w0nlxn3evkg,19fe4caadef8650,1024,0/0
/spttest/b6rznccg6tc7,146fca9d3b9a1a07,1024,0/0
/spttest/wfz1udtx7cak,3b4324394bb3defc,1024,0/0
/spttest/v8eyacrzeho4,390d59b1d757dff4,1024,0/0
/spttest/20xxazue522b,3b3781754dc4fb3,1024,0/0
/spttest/bdk1zdw8a4zk,14c7da748be04fc0,1024,0/0
/spttest/f14bxaqpn9d,c33e550dfcd401,1024,0/0
/spttest/na9nedsdfy60,2a88807dfc98c7b8,1024,0/0
/spttest/sr0cdsus6is4,3484087d1bdc7894,1024,0/0
/spttest/sz4w1hphpara,34ed9674314e07b6,1024,0/0
/spttest/et7y8f76k11c,1b0e284073f47440,1024,0/0
/spttest/j679ih5uxngp,23053a2160d39709,1024,0/0
/spttest/bwaceyzg4s37,15bb256b5c7d8333,1024,0/0
/spttest/thc6v06obld4,35da0769fd7ef0e8,1024,0/0
/spttest/bhnff2oe1gym,14fd070f6c461a1e,1024,0/0
/spttest/ebayt8fvohnt,1a257037fb9b4a69,1024,0/0
/spttest/pgw5l7q6wm3i,2e85c94a18df55de,1024,0/0
/spttest/vpe3gb72ib6y,39e9dbf1bc9f772a,1024,0/0
/spttest/vvme5xuk1rcp,3a3ac9ea436f5cb9,1024,0/0
/spttest/pi790l17pju1,2e96c763bdb18ba9,1024,0/0
/spttest/af79zvkfxtfx,13099b8023e8024d,1024,0/0
/spttest/9w3hnlrrjo0d,121171cd23b2574d,1024,0/0
/spttest/ototp4mczjwz,2d58634be5d47393,1024,0/0
/spttest/3ict64f0miaj,669459c6c3e621b,1024,0/0
/spttest/b4vjph5pznwf,145718ac5832a0bf,1024,0/0
/spttest/fe57kfweuogw,1c1df17cb17b1560,1024,0/0
/spttest/64yxwnd9mlqr,b363fffabac8493,1024,0/0
/spttest/2vxg07ue3av6,545f6a9cce5cfc2,1024,0/0
/spttest/m1o4hdpy8lmo,284534ed3bf19580,1024,0/0
/spttest/b2kejg3jfvyt,143918d9b66fee95,1024,0/0
/spttest/11c2u084kin,d789dc830a8df,1024,0/0
/spttest/mf3f3i9g7x7y,28f39605cbc457ee,1024,0/0
/spttest/nm2txq4692a7,2b21e9c4badda9cf,1024,0/0
/spttest/mdefti0wtjf5,28dd956995fc8791,1024,0/0
/spttest/k6xz382igmvm,24e27a91fe88b1d2,1024,0/0
/spttest/esobwu2xd75u,1b0713fb6b234e82,1024,0/0
/spttest/j1vl7z7v76gg,22cd0eb9c90e0770,1024,0/0
/spttest/aoux0tofdmz5,13870a5c7c475491,1024,0/0
/spttest/lmfq2koexrgp,277f56274cfdf749,1024,0/0
/spttest/k9nk0pbyikh2,2505affddca23626,1024,0/0
/spttest/q29j68kydmbl,2f9b63524f6ae441,1024,0/0
/spttest/doa9p84ehzsw,18fa6ee230fbed80,1024,0/0
/spttest/plkd9yuxfvr1,2ec27ae10055a77d,1024,0/0
/spttest/esdzg7792olj,1b0358531a377e07,1024,0/0
/spttest/41i1sdp3dxao,761f571574ca0d0,1024,0/0
/spttest/xxj55kzzl47g,3dfad2b0de39f78c,1024,0/0
/spttest/n0yu76f6dzwz,2a0fb293f1677913,1024,0/0
/spttest/bnyawwtb1es,97864ee36218e4,1024,0/0
/spttest/ffs2gib3v65x,1c332e1aa97d3ff5,1024,0/0
/spttest/mgiqmy6yfoiq,29061a698f2e03e2,1024,0/0
/spttest/li6ex9u1euzr,2748053601673d67,1024,0/0
/spttest/kd5n6b6rmtmb,25332e7cb82a4273,1024,0/0
/spttest/zj3ltxw17eit,40e6987a5af2b645,1024,0/0
/spttest/4te4lqvtxw1s,8cc3e61fd281980,1024,0/0
/spttest/rmc399x1gd78,3273b5f7902f3bd4,1024,0/0
/spttest/1k39pmi62ncm,2d8946667cfd0b6,1024,0/0
/spttest/oy0lgx4qzxat,2d9097a18b188d55,1024,0/0
/spttest/135ozqdxz9ir,1fca2fab1478ff3,1024,0/0
/spttest/5lolgyxgkbce,a3bb8881320ca6e,1024,0/0
/spttest/btpxovih8atg,1599cdc2990711c4,1024,0/0
/spttest/q2s8b7xfhy74,2fa2227316da8a60,1024,0/0
/spttest/wvjcpdecqxok,3c0d4e4e57cbc104,1024,0/0
/spttest/b840otusbc5a,14811ef6283fb63e,1024,0/0
/spttest/o8d7o62lddz2,2c436c56bcc464fe,1024,0/0
/spttest/qcsx2b1lkiiz,30244686b546a3cb,1024,0/0
/spttest/8u3rysguhkvj,1023f4802c48e1ef,1024,0/0
/spttest/wu82jfuwfp0k,3bfc3eeb03913464,1024,0/0
/spttest/po945mlg3h77,2ee563326f169dd3,1024,0/0
/spttest/xvf2jq7h2zfl,3ddf6003e5a4ace1,1024,0/0
/spttest/dci370kn1sql,1861620e62c24ebd,1024,0/0
/spttest/x4h24wxlh4d7,3c8161c3a4d6895b,1024,0/0
/spttest/5f91zz2wffs9,9e82d819cab55a9,1024,0/0
/spttest/jwwxt3elwwl0,24603658d5b209f4,1024,0/0
/spttest/dl7lzfpop953,18d281869b08c687,1024,0/0
/spttest/c3w93fycuf58,161df9cc7e98ac2c,1024,0/0
/spttest/mm62xrsrvth5,294f78b9efbb81f9,1024,0/0
/spttest/l5o4gsjhg9a8,26a58cab5df73000,1024,0/0
/spttest/prlfklee8wmf,2f10ccad2b9e6d27,1024,0/0
/spttest/9te1sydi7zp7,11ee49691aa5767b,1024,0/0
/spttest/8p4fddko94b1,fe33e45086e760d,1024,0/0
/spttest/5y35gp330ksk,adcd8105bbac844,1024,0/0
/spttest/uyt0adz6anpf,3890876aaedc1883,1024,0/0
/spttest/su6rbz6s5r7m,34ad50d33ab07d02,1024,0/0
/spttest/xpqjukdli187,3d9594ea92451fb7,1024,0/0
/spttest/9l6w7btmpz4y,1183ca68a39c5822,1024,0/0
/spttest/m2mu75lz8kjm,2851bb6db65ba102,1024,0/0
/spttest/f391h2wruqz5,1b90718074d3bf11,1024,0/0
/spttest/nzajo9we88kh,2bcd8eb87379bb61,1024,0/0
/spttest/qtk9w75ea6og,30fdf97f0cddb250,1024,0/0
/spttest/9dy3qo2sbko7,1125b1a2e9222167,1024,0/0
/spttest/qxe1imjyapnv,312faed1f6be0e6b,1024,0/0
/spttest/daaurqa72uhl,1844cb596c7e35d9,1024,0/0
/spttest/2bddv0p6sfze,43af0a96902c9ea,1024,0/0
/spttest/887dzuej35g,6adff530630cb4,1024,0/0
/spttest/9uwgg6dqnrty,1201eadf2a93faa6,1024,0/0
/spttest/m2k9eov8u1ym,2850cd58fe66496e,1024,0/0
/spttest/3k0gbcpb7hic,67ecab91fcac364,1024,0/0
/spttest/1j48tscl38uw,2cbf13e0e773498,1024,0/0
/spttest/seyx0cmy2vdf,33e7a59823b14553,1024,0/0
/spttest/pxm3v8zqtqq3,2f5efa8e19e1328b,1024,0/0
/spttest/lccbi5kpzrr6,26fc371aec85d042,1024,0/0
/spttest/gp9lfh2otoa2,1e820597e390502a,1024,0/0
/spttest/mwljl6r3j5u1,29d6f189e5a67349,1024,0/0
/spttest/lv3h3ngyrlzj,27efd207a8d77a0f,1024,0/0
/spttest/cfmcol13y1bm,16b64666b8961232,1024,0/0
/spttest/w4st9roc3zk6,3ab20231db39b2c6,1024,0/0
/spttest/5jg3throxgxm,a1eadc7d41e87fa,1024,0/0
/spttest/ie0h4cjmo18o,219713e231ddde48,1024,0/0
/spttest/xnmoqycsawst,3d7a358059e7b08d,1024,0/0
/spttest/dha9eyp8185v,189f815ae6708b93,1024,0/0
/spttest/8qp7uf7p4e6y,ff7bbf2b4e6c5da,1024,0/0
/spttest/mymdi9hl13v3,29f138d137bcf2cf,1024,0/0
/spttest/813opxa38ldy,eab3bb9ea46b946,1024,0/0
/spttest/h03kdd66vbl1,1f0eba7de90cfa65,1024,0/0
/spttest/e443kn36jm2x,19c8090f73121889,1024,0/0
/spttest/26lr9vg3fmsg,3fd03bce8a47420,1024,0/0
/spttest/rkxbeev97bfq,3261641440af1aa6,1024,0/0
/spttest/zv145n533u94,41819178daae82e8,1024,0/0
/spttest/u4j9ary2y3wz,37075526f15f8253,1024,0/0
/spttest/8q1vec2juzmv,fef4f8ae1f18ae7,1024,0/0
/spttest/bs2njoo1zowg,15846a018eb9a9d0,1024,0/0
/spttest/869xei71ledy,eee6e7f5efef916,1024,0/0
/spttest/pj0hp819v75q,2ea15459da0542fe,1024,0/0
/spttest/229imdu5a940,3c4a41779e9f9a0,1024,0/0
/spttest/nczlgifif6ln,2aabd7999dfbdd2b,1024,0/0
/spttest/z3q5fe4xxjrb,401ee6c01925d347,1024,0/0
/spttest/e3n37ggml3m0,19c1e5dc4ea0db88,1024,0/0
/spttest/ucsur5cn6onk,3772b591898bf950,1024,0/0
/spttest/pgrsefvgluqr,2e8435fa7ee4eae3,1024,0/0
/spttest/qpfrnl9ozc8x,30c86432e39b14c1,1024,0/0
/spttest/hlyd3v7of52d,202a9da9440f0b65,1024,0/0
/spttest/w81m863zi578,3adc2734650439d4,1024,0/0
/spttest/dvkbpoo06gw2,1958fc8704ecbb02,1024,0/0
/spttest/9zk6udhncs9s,123e70172c20c520,1024,0/0
/spttest/g3au9asayze9,1d64b4f7298001b1,1024,0/0
/spttest/1g1suoguhwdd,2a417bf2c2cdc21,1024,0/0
/spttest/fthg6ao8zqa3,1ce532d74215f7cb,1024,0/0
/spttest/l9qs1uzjmv1i,26da76f288f1c5a6,1024,0/0
/spttest/pg4f7us1medr,2e7bc7af302a234f,1024,0/0
/spttest/hsihfdvs8m5u,207fcfa688202a32,1024,0/0
/spttest/hibmjxg0cv6i,1ffb71a8835538da,1024,0/0
/spttest/vovon4zdygad,39e33750d5321ff5,1024,0/0
/spttest/aqqpeu6eib89,139f7fdfd0c00f59,1024,0/0
/spttest/obvi3utk6rnm,2c70fd8367269982,1024,0/0
/spttest/fdy9ec95ako8,1c1b6f9b29b4b028,1024,0/0
/spttest/dgzyku7bddax,189bc9de24eccb99,1024,0/0
/spttest/ceoi9g4ie4g1,16aa103269d53001,1024,0/0
/spttest/gqrmcdmuc9cz,1e9583d2d5748063,1024,0/0
/spttest/m142vhlecuwr,283df96f8d5b397b,1024,0/0
/spttest/cqsdzmnuysuy,174755c9a9a9809a,1024,0/0
/spttest/4583asviholx,79252aa7c5b04d5,1024,0/0
/spttest/xj099vh79ijw,3d3e28ab45ab412c,1024,0/0
/spttest/9axu69k6dics,10fea151e7c7442c,1024,0/0
/spttest/lj9imuz1kh91,27562117ea100155,1024,0/0
/spttest/g2kioovdfqrr,1d5b35b2df53be47,1024,0/0
/spttest/et54n10vnfpr,1b0d23952fe9fe4f,1024,0/0
/spttest/71chrypn5hom,cdacbfba70d43c6,1024,0/0
/spttest/44m9lccb8vv0,78a72b5e930ee4c,1024,0/0
/spttest/9urpe6fgoy1,800171a2f64949,1024,0/0
/spttest/vs79676l75wi,3a0e5bcf91f316a2,1024,0/0
/spttest/w0cf1bghsl7r,3a7822c0b0053b67,1024,0/0
/spttest/1iylfohoktcr,2c9e761f9270d9b,1024,0/0
/spttest/vn1lewzryor,19afb852e048b5b,1024,0/0
/spttest/i36nvfnuu209,210a6d981e75afa9,1024,0/0
/spttest/6dwmid1d10c4,baa5154b6a2d8f4,1024,0/0
/spttest/rw9yn5uih4w5,32f4d5f56c51cd05,1024,0/0
/spttest/4eh8d2twbvp8,80a864829d4893c,1024,0/0
/spttest/p7he9kcmelnt,2e0b8eb78edd6b29,1024,0/0
/spttest/tcmsd5i6k5yi,359ce7fcd9c0392a,1024,0/0
/spttest/maibb8f7otqd,28b8038cd8ccef85,1024,0/0
/spttest/sz40agjnyki1,34ed44fce83fbf49,1024,0/0
/spttest/fksyxu2zy7jc,1c7473ba536ac5a8,1024,0/0
/spttest/lf3nu3hlb07g,27200f33a4229ecc,1024,0/0
/spttest/o102xn0prko0,2be3c299c2f70a60,1024,0/0
/spttest/5t7zecw4jffl,a9da40f60d418e1,1024,0/0
/spttest/x2p6um9t1dm8,3c6a564ab438dc30,1024,0/0
/spttest/cr5niicudkqu,174c1f033994d846,1024,0/0
/spttest/v0asfyqjmnvf,38a3ef2c4a559d5b,1024,0/0
/spttest/8hk3s7z2zfjc,f80fc60539c5768,1024,0/0
/spttest/1p8l7k72kth7,31b7206dec2903b,1024,0/0
/spttest/xyjikodr00o1,3e07f260eb72d261,1024,0/0
/spttest/9tmakfkqzukm,11f142d757099f86,1024,0/0
/spttest/2xt4jxh9bo2u,55e6251bbfbaba6,1024,0/0
/spttest/2c5hbuchz2e6,44513de7341f7de,1024,0/0
/spttest/u420wrxq9h8e,37011d5e2e86ed7e,1024,0/0
/spttest/835smo33zoz2,ec5f901de39382e,1024,0/0
/spttest/yfc8ngpzfr92,3ee223b4c3b6feb6,1024,0/0
/spttest/qcjsr11cwd3p,3020fc25241d0a55,1024,0/0
/spttest/1rs46tqzv3t7,33c783c050a200b,1024,0/0
/spttest/7hp5u75wkqxw,daf323f6a260964,1024,0/0
/spttest/9myy4cotwved,119ae6e54ef5c3f5,1024,0/0
/spttest/gfbafsg1sun2,1e00bd8fb6c9eb1e,1024,0/0
/spttest/83s8x0cencw8,ece12e5ee855f08,1024,0/0
/spttest/s81vh0z0lzkh,338dc9f578795351,1024,0/0
/spttest/i193uqbvc4ie,20f154d1d3d24cd6,1024,0/0
/spttest/cayoln28ow9h,1679c71dbaf9b955,1024,0/0
/spttest/bjmta1vzgii8,1516c8c4be1930b0,1024,0/0
/spttest/n8903w4xkwl0,2a6e4a37ccc7f2f4,1024,0/0
/spttest/dbdxlhuww2o3,1852e4f6bc7a7d83,1024,0/0
/spttest/9eg3kptt59ho,112c2fd72f98204c,1024,0/0
/spttest/bt46ujmmqqie,1591f527ac70a6b6,1024,0/0
/spttest/cnb1blscjb5c,171a1b4179a14b30,1024,0/0
/spttest/ra73dspdozxv,31d6095e0ac6fcf3,1024,0/0
/spttest/1kbn3d6fc6x9,2db99ae355a850d,1024,0/0
/spttest/2rgsv5hata42,50c005ed28b1672,1024,0/0
/spttest/fhqwio2g3ldn,1c4cbd0233f3e6fb,1024,0/0
/spttest/w8pp9neo7utw,3ae4d7d8693957d4,1024,0/0
/spttest/ht7yasksy8ba,20890025cc3d0a96,1024,0/0
/spttest/kidagdu5ua6e,2576e3145ccabc06,1024,0/0
/spttest/uqz9806rd3u6,382ade7e9ba427ae,1024,0/0
/spttest/theiglbhq9zz,35dadde9a5d5c21f,1024,0/0
/spttest/3avf1jpjn5b9,608124e85a8e1a5,1024,0/0
/spttest/6iw2pgc6q7gh,beb10cde7335e41,1024,0/0
/spttest/u73hrshyrxs5,37289cc4f8c3a9c5,1024,0/0
/spttest/afim8gamons3,130db2f3abc0cc63,1024,0/0
/spttest/jbgh0s6f91ya,23497efe500d7922,1024,0/0
/spttest/suqs5b6wamvc,34b48a47d60c7a48,1024,0/0
/spttest/31uqhypcluxr,592ec0586217fdf,1024,0/0
/spttest/mfzz841024qu,28ff557344c96886,1024,0/0
/spttest/8sy81ejmk65f,1014f645f69d7e23,1024,0/0
/spttest/8wr5myqvp01q,10465e8fd66b937e,1024,0/0
/spttest/kjv64d4tr4z3,258a53d847a3eeef,1024,0/0
/spttest/45fkgtqzzp05,795054a9657e455,1024,0/0
/spttest/j6d9g8th383,f9181dbadec793,1024,0/0
/spttest/uh3h2ztjrpln,37aa7f91c5a7f15b,1024,0/0
/spttest/ic6uf9osn82y,217f65b68dd0d4aa,1024,0/0
/spttest/a9ajxt6zqtzl,12bcda9353ca0551,1024,0/0
/spttest/6k2visgiz1cr,bfa82340dfdc39b,1024,0/0
/spttest/jet0tkujpw1i,2374fdfc1ae71976,1024,0/0
/spttest/9qpuug0vjz7p,11cb94347b273805,1024,0/0
/spttest/fumhspbrncwh,1cf4021a006a3811,1024,0/0
/spttest/dubrlp331q5i,1948e8b98c88d9a6,1024,0/0
/spttest/c2wljc5pz1ou,16111c76de07604e,1024,0/0
/spttest/b63ur2hsphql,14671536893d860d,1024,0/0
/spttest/jxkox8pul7cj,2468c8636c80ba73,1024,0/0
/spttest/c04k56m3psur,15ed0410c51ef953,1024,0/0
/spttest/crgsvexbdnue,175024cfda7b68f6,1024,0/0
/spttest/it5fnwsjnhya,225bb4d6a28e5da2,1024,0/0
/spttest/qiriolzf0qhd,3071b4cd1c25b111,1024,0/0
/spttest/szey8s64yari,34f137c998c086fe,1024,0/0
/spttest/9scqb8rkuno5,11e0d24cb534f355,1024,0/0
/spttest/i120n40jqxfl,20eec60062c61ec1,1024,0/0
/spttest/9f3a389ynv5j,11348d0636a16377,1024,0/0
/spttest/8fhkj0okgbke,f6617b87572528e,1024,0/0
/spttest/xgrjwa3xm7xs,3d210a189f4b1eb0,1024,0/0
/spttest/i4xdm2osntg1,21210e77f0a690d1,1024,0/0
/spttest/9ycjqnvn49g5,122eb0fa80aa4bd5,1024,0/0
/spttest/khgczxgjq3e5,256b0173be0396ad,1024,0/0
/spttest/1vitdasoze03,36d122f583f19a3,1024,0/0
/spttest/poedidyzk3p6,2ee7490a2c726aba,1024,0/0
/spttest/5pt3b9otcm8e,a714ccf295ae88e,1024,0/0
/spttest/amrbwzmj3ozo,136bc4969a91dc44,1024,0/0
/spttest/jqf9ql6ap56n,240be6c9feb5d87f,1024,0/0
/spttest/pfrrvbqb2eld,2e77375c01c6b961,1024,0/0
/spttest/jjsz6hwvex68,23b5ec0ebe222e70,1024,0/0
/spttest/vqvqdpnwvk0n,39fd3649fc772317,1024,0/0
/spttest/1ovq05n1xvq6,316cd8a7787cbde,1024,0/0
/spttest/l0gu0w84626o,2661f904643ff490,1024,0/0
/spttest/l2758h5yy473,2678749cb7c7efbf,1024,0/0
/spttest/bhe8bpmemdbx,14f9b58bc0c622fd,1024,0/0
/spttest/1b5md1ilhnfw,2648648c9489dec,1024,0/0
/spttest/w8qt5uuykz1z,3ae53e34d6d5a877,1024,0/0
/spttest/wksd0vko4kuv,3b81ac9dbc1f1a97,1024,0/0
/spttest/npzzqgi8tmuw,2b54d891446428f8,1024,0/0
/spttest/8huoshis36zq,f84cdf5860e7a26,1024,0/0
/spttest/f7m0258u44lr,1bc913af8498be4f,1024,0/0
/spttest/qm1ou4vij67c,309c580ad3b89428,1024,0/0
/spttest/ozksmjy5x9x7,2da4de9d58854d7b,1024,0/0
/spttest/gxz7hyu46v71,1ef32d7a6a6fff6d,1024,0/0
/spttest/aw4ni4mr4fo3,13e57a6a9084fb53,1024,0/0
/spttest/4n81v7oyopib,87c1d9c3cec8923,1024,0/0
/spttest/2c149ejqhxqa,44380ddf0cc6b02,1024,0/0
/spttest/hfwcfj3teteg,1fdbf3a65bb1a558,1024,0/0
/spttest/kr0e7wb2fhkm,25e72342df1714b6,1024,0/0
/spttest/lsf1vur65o4e,27cd07a2d897bb5e,1024,0/0
/spttest/bijwztb21qa4,1508bff0c48d194c,1024,0/0
/spttest/db7sweuccwrq,1850aeb4159ed4e6,1024,0/0
/spttest/jokgiwkkuwhn,23f3cb8798cde3fb,1024,0/0
/spttest/i87xfx32g03g,214bd4cc5012627c,1024,0/0
/spttest/sxu7hdew2c8c,34dcbe80802fd26c,1024,0/0
/spttest/c5t5ocveztn1,1636d66f5cadeacd,1024,0/0
/spttest/jv04jq0yne87,2447623b181269c7,1024,0/0
/spttest/8jyv6schqtll,fa04a5c04f8b959,1024,0/0
/spttest/3dr681320ir4,62d81f952969cf0,1024,0/0
/spttest/bd6mfc97sh17,14c301c0ae2ff03b,1024,0/0
/spttest/gklru5z4x5z8,1e45782b9e785c84,1024,0/0
/spttest/bz4t8o93t1gg,15e01e264a89d3a0,1024,0/0
/spttest/wzm3md25kx3h,3c424121919ca18d,1024,0/0
/spttest/gujhg46zdg2d,1ec689578ee7ad95,1024,0/0
/spttest/taej402eto35,357ff2c8b5d53531,1024,0/0
/spttest/aje92chb7478,134014b725062004,1024,0/0
/spttest/hjwqhn860rme,20100cbf99e621d6,1024,0/0
/spttest/tnxuuq5awiwn,362fc83f1781c5b7,1024,0/0
/spttest/op8zz7uplakn,2d1eb87dd2de49c7,1024,0/0
/spttest/4vqy3c6xn4bl,8ead8fa08c78ea1,1024,0/0
/spttest/nq270muwmbog,2b55a3fd5e3d9ca0,1024,0/0
/spttest/etzl0ejubt89,1b1820a2ca8752b9,1024,0/0
/spttest/2jvxb60i8768,4a98b3ea7474850,1024,0/0
/spttest/acpmb7sq31xm,12e941f4d2a6a68a,1024,0/0
/spttest/bcrz5d9yeeya,14bdb8df9f1b7932,1024,0/0
/spttest/2db6e1rs1bss,4541f44cc6669fc,1024,0/0
/spttest/hk9jau6w7331,2014ab170982635d,1024,0/0
/spttest/o1hklvo2z4gm,2bea1234ecb1d356,1024,0/0
/spttest/2adulyzz03mh,42e1e60e8d2e159,1024,0/0
/spttest/52e6rayo8xmm,9412b3894bc9c3e,1024,0/0
/spttest/rtuwsj1lj65h,32d56d2c2927aee5,1024,0/0
/spttest/g8q4reabsddu,1dab2bb86e4825c2,1024,0/0
/spttest/ylw0u31w79dn,3f37368e916c9f3b,1024,0/0
/spttest/dwpzi49b2e0,b4aacbd6d3f9d8,1024,0/0
/spttest/w7lzr5pllnte,3ad6840577b6b4d2,1024,0/0
/spttest/gf7i634hqvbc,1dff5fec51221208,1024,0/0
/spttest/dm1dgfgwr2hf,18dd3eb131189553,1024,0/0
/spttest/i850iyuu5ggn,214ac79ba8d89897,1024,0/0
/spttest/7soq7tca5t3u,e3debfd5876ac9a,1024,0/0
/spttest/lgu5bwsbrvm7,27369aebb44373cf,1024,0/0
/spttest/ih2heznx1zm9,21bec52613a39791,1024,0/0
/spttest/osgef2yynoj9,2d485be41c13e5f5,1024,0/0
/spttest/6enuc16b7wdi,bb423593f2372a6,1024,0/0
/spttest/luxar42te9ts,27ed978837e1ae40,1024,0/0
/spttest/37skacpb5g3d,5e012e3680f0fb9,1024,0/0
/spttest/yajn0765l9dj,3ea3dcd42a0b8fb7,1024,0/0
/spttest/e2bh6c616k0d,19b0b806b16563cd,1024,0/0
/spttest/ptuf3196qp0o,2f2e0540a98d5b28,1024,0/0
/spttest/69zuejzbbc4b,b7785a9e536191b,1024,0/0
/spttest/dsy20yhoq2ae,1936f90ee768aa16,1024,0/0
/spttest/4cmsn794zbqz,7f28da595149e3b,1024,0/0
/spttest/u3l5j1ajq8s3,36fb06f5192ad9f3,1024,0/0
/spttest/o50tt40f75d2,2c17fc94bd5c05e6,1024,0/0
/spttest/bd6phlvgdd1g,14c3099c918cff44,1024,0/0
/spttest/918kb09ue0hw,10809b7bc28b5c04,1024,0/0
/spttest/xtqcxku8h42i,3dc978328c4feeda,1024,0/0
/spttest/wxfoo5y98s31,3c25f60cc74c012d,1024,0/0
/spttest/l1b4mi4kjdi4,266ce74328e18f1c,1024,0/0
/spttest/pi5x2l89pg7m,2e964c5ff8abb752,1024,0/0
/spttest/6kqz4cz9hzw9,c0334469dd0a4f9,1024,0/0
/spttest/tnb4ib976nzx,3627948ccb3e19fd,1024,0/0
/spttest/jj7mp8mfnui4,23ae384e190a412c,1024,0/0
/spttest/r3odxc3cf4ms,318159e179463d34,1024,0/0
/spttest/maefgd6zrhtc,28b69cb4c6b33df0,1024,0/0
/spttest/est3321x22h6,1b08cb2cb719be0a,1024,0/0
/spttest/l7sts1o2st47,26c1399a3dd23467,1024,0/0
/spttest/6nxse9v3w2xo,c2ca15eaaaca5dc,1024,0/0
/spttest/ce9dzfuroaol,16a49bb267ea2f15,1024,0/0
/spttest/ogeub0qd0rcr,2cabecd63b251f7b,1024,0/0
/spttest/pxdor8hatpzv,2f5bf0d615ff96db,1024,0/0
/spttest/n5kxp5tgxuj3,2a4ba0af69e74ccf,1024,0/0
/spttest/vuub4ywdxeix,3a30a7d6773594c9,1024,0/0
/spttest/qrovv640qbm3,30e5a8d469506d4b,1024,0/0
/spttest/r0w7a3raqrjk,315d34018c5553f0,1024,0/0
/spttest/cd6g9mp9wjuz,16968f317b0b798b,1024,0/0
/spttest/2njbnaao1ku8,4d8f444ec47ffc0,1024,0/0
/spttest/3ggftl9bbcx3,6509a52783a5527,1024,0/0
/spttest/qgr4t76iy6v0,305796b19e3c313c,1024,0/0
/spttest/y04u4230mcli,3e1ca0f92c84f546,1024,0/0
/spttest/rqj514wsoane,32aa361f865ee7ea,1024,0/0
/spttest/esytzjtaw8su,1b0ade0ac991c28e,1024,0/0
/spttest/xre40ig61mrs,3dab1261d1a04f88,1024,0/0
/spttest/l7slfoije8t1,26c12431e6b4df15,1024,0/0
/spttest/89pkkjhcw6v4,f1b0b3c0e428ac0,1024,0/0
/spttest/guqf8ybdx9j7,1ec90a4711b30783,1024,0/0
/spttest/ssmfp3f7te9j,3498fe595a706077,1024,0/0
/spttest/2hcx0yuj07n1,488b501fd0771ad,1024,0/0
/spttest/8vs289zqiay8,1039b4ede0d75df0,1024,0/0
/spttest/b0f2iufgis6o,141d31a9d8196b30,1024,0/0
/spttest/s2gffw9nre5c,33451acf19e77b60,1024,0/0
/spttest/ym8jvqrk4vto,3f3bbbd80c77ba1c,1024,0/0
/spttest/45rpzazkgmqx,79967db307f3729,1024,0/0
/spttest/rxwegaxqfy6m,3309ebe166cd78ce,1024,0/0
/spttest/fdqvtzes361,c7cc9e068bc909,1024,0/0
/spttest/enr2wnhumw4b,1ac71fb2b5867e1b,1024,0/0
/spttest/kjxzryupcu5w,258b58abdc30f4b4,1024,0/0
/spttest/z14rxltlrqrm,3ffd35e186401942,1024,0/0
/spttest/zjnqnif8q9k2,40eddc36a61c36e2,1024,0/0
/spttest/dgh4p1ocaj70,1894fe90d3d5bbac,1024,0/0
/spttest/hvcm9qy0fq20,20a4a9a36e42d9a8,1024,0/0
/spttest/cdpczha9149z,169d61c4e364ace7,1024,0/0
/spttest/rc1xsxcrfc6b,31ee27b921f3a663,1024,0/0
/spttest/aunosibu4lc6,13d25e347d1b4f06,1024,0/0
/spttest/xsoa11yyalj7,3dbbbac12e800583,1024,0/0
/spttest/x3t7k843wrcb,3c78c6d8b76f456b,1024,0/0
/spttest/ogtpwv9o9esj,2cb14b16b6357f23,1024,0/0
/spttest/c3xui8bn1ir0,161e8d1a3cfe982c,1024,0/0
/spttest/h399wx0ufe1n,1f37c1a42d71e2db,1024,0/0
/spttest/ozx2t2gm4ggo,2da94d27d9e2a258,1024,0/0
/spttest/fkvlh9b4m6mu,1c75664bbf462b16,1024,0/0
/spttest/v8vynia0kwg9,39137ce469be2949,1024,0/0
/spttest/1xd7iq2ivg1v,38506cbe90c1d03,1024,0/0
/spttest/sbbgj7kj3mfe,33b837149002874a,1024,0/0
/spttest/x3nk66ao3vy6,3c76bcfdaae4247e,1024,0/0
/spttest/gk6kblop1cwv,1e3ffb5cfa66209f,1024,0/0
/spttest/q3j16eglaiek,2fabce16941150ac,1024,0/0
/spttest/w9dv7z3pr5wb,3aed8ff55fd9eb9b,1024,0/0
/spttest/y04y0i2f80da,3e1caafba7dc8ade,1024,0/0
/spttest/tnl2hm446toj,362b2b0d12298fc3,1024,0/0
/spttest/psqbqqgl1av8,2f1f8df2eb328244,1024,0/0
/spttest/v3t9non73ff4,38d191bd76c8d3d0,1024,0/0
/spttest/42wpoht6jnuk,7743d2820ab697c,1024,0/0
/spttest/v3bnpznhix1o,38cb373271cc54cc,1024,0/0
/spttest/u0q8pxvkrxyj,36d5e537ca53a4ab,1024,0/0
/spttest/nq7fl0yha0lp,2b5787cf80aada8d,1024,0/0
/spttest/3wir4bclxe4x,721442781435ad1,1024,0/0
/spttest/zpe60p6xjfag,4138577f8571fd28,1024,0/0
/spttest/a9hem0xo268,85508a8e26c200,1024,0/0
/spttest/6wnhockt7sbu,c9dd17e0dd9582a,1024,0/0
/spttest/cdi88qoghhls,169acf05c3df8360,1024,0/0
/spttest/n3r6qvnevkyq,2a33e7987e5975e2,1024,0/0
/spttest/52227likay44,93ccb2269d1f734,1024,0/0
/spttest/232953qegihl,3cf027271fca799,1024,0/0
/spttest/m9i8r17x4txn,28aaffb8e15b7d8b,1024,0/0
/spttest/k6ewrz5udszl,24db99a3f717d601,1024,0/0
/spttest/er45gchjfxsa,1af2ceca6714efca,1024,0/0
/spttest/46ik51ijuev4,7a316d01bee71c0,1024,0/0
/spttest/46szx8b59ifn,7a6dafdbdfdb693,1024,0/0
/spttest/lc2v7y5jqc12,26f8ce02d299c666,1024,0/0
/spttest/r7gtsl0stwkv,31b294acf4ab362f,1024,0/0
/spttest/dq8t5svz7fd6,1913e29786da288a,1024,0/0
/spttest/5kqbqai6b1ow,a2f5b048f7d4b50,1024,0/0
/spttest/yb0nypvfk7l7,3eaa018c957cbe6b,1024,0/0
/spttest/1t3u7qloqpco,34db05139beeed8,1024,0/0
/spttest/goptx6hfnfwn,1e7ae4044457a347,1024,0/0
/spttest/qbfd37417xmx,3012653ae8f70709,1024,0/0
/spttest/fhbmebee6gtq,1c473984572f90ae,1024,0/0
/spttest/hhfm6nue4u00,1fefe4edcfeb66e0,1024,0/0
/spttest/clsdagptvacw,170661b5e5440730,1024,0/0
/spttest/vstetf7ze4xi,3a165a657046bf76,1024,0/0
/spttest/g0a3wzqf53c0,1d3d799b954ae720,1024,0/0
/spttest/t6hpisz2pnig,354d234fc34d3148,1024,0/0
/spttest/l009muvsmjzv,265bfecf229de6bb,1024,0/0
/spttest/2c6l924p6a85,4457a4d4aab2245,1024,0/0
/spttest/nkmh1rhedcgw,2b0f058d6e232260,1024,0/0
/spttest/ql0cs0q1anpp,308edf7a2600df8d,1024,0/0
/spttest/je3uv1l7f0c1,236be97d09c05a71,1024,0/0
/spttest/ytcwa4vfp6xd,3f9839edde16fa51,1024,0/0
/spttest/hkumx4fnimo7,201c481bd35ad647,1024,0/0
/spttest/bi706cbagau7,15041750e2b730df,1024,0/0
/spttest/7zyg8atcl0mx,e9c5ad88df7b679,1024,0/0
/spttest/7ang03fkin24,d53a6cace06a53c,1024,0/0
/spttest/mra2h8die8s1,2991db4ddb8689f1,1024,0/0
/spttest/emh3zzyljmq,bdf599569e14a2,1024,0/0
/spttest/s3yitq2csk5j,33589f60809c0907,1024,0/0
/spttest/ny9p31cgs3l7,2bc042fa02c4912b,1024,0/0
/spttest/x4i1nuxt3shy,3c81bceaba7db406,1024,0/0
/spttest/tvnp11jvbk3,1841ca8580e3343,1024,0/0
/spttest/jfqvcf0blgj6,23813473f2fd21f2,1024,0/0
/spttest/qfj65mqksb9k,3047b9f1682e0408,1024,0/0
/spttest/cq3wsdnaujki,173e80d099299492,1024,0/0
/spttest/hjagz6t6k7jm,2008043d59f1dd32,1024,0/0
/spttest/iuo09p9w7a26,226f6597a0e1e2ae,1024,0/0
/spttest/kaiwsq090jit,251100318ae5abd5,1024,0/0
/spttest/9dxsi0fhb0gl,112594cbb63ba415,1024,0/0
/spttest/7c3fd3zvhzcy,d66684d7c8d2842,1024,0/0
/spttest/3lo1gp9o1cb3,6944ab65015608f,1024,0/0
/spttest/axluxzgp2i4s,13f8ad061314314c,1024,0/0
/spttest/xr4op2z2xshw,3da7abc43b3a1c84,1024,0/0
/spttest/coool461tzys,172c04fd92fe5454,1024,0/0
/spttest/t8x3202wpoy,17be8479fb46c12,1024,0/0
/spttest/oqvt7ml8xg91,2d33f0db4e6c6c85,1024,0/0
/spttest/9z1s1vcf6127,1237cb82777599df,1024,0/0
/spttest/2a0mr016v9bd,429596c6c716ae9,1024,0/0
/spttest/5nkkuajc1pm7,a543ff4acc50fef,1024,0/0
/spttest/2y3c2andsomj,56211456a9174ab,1024,0/0
/spttest/831tnnlrbbru,ec48a2ba13eaf5a,1024,0/0
/spttest/8cze0yfs7txn,f458de58c7ceb4b,1024,0/0
/spttest/r4bmvh77oi4c,3189bd4f59bb24bc,1024,0/0
/spttest/gkyroydwyjc9,1e4a28960e402a69,1024,0/0
/spttest/wqd1zzlw1t85,3bca1658921bce35,1024,0/0
/spttest/1fyp0fvuulj3,2a2f8ca1f53727f,1024,0/0
/spttest/dazfwc9jwlt1,184daa65afc5ad65,1024,0/0
/spttest/f1sjc3yzf8pb,1b7d7fd09650d4cf,1024,0/0
/spttest/4lwuykedl6ui,86b1694d5b0faea,1024,0/0
/spttest/sk1jy7zbkv2j,34298b79c842214b,1024,0/0
/spttest/bzoqqudk27tg,15e74f1cb1bcdc14,1024,0/0
/spttest/ojq2qx2np6m4,2cd6f2512c223cbc,1024,0/0
/spttest/5ch1j9l1tl7i,9c4177dc0b9759e,1024,0/0
/spttest/x4ieide7rl7w,3c81dde18a26532c,1024,0/0
/spttest/rnnkklgkx5rb,3284d7b31a4bbf67,1024,0/0
/spttest/s9esn3rfrtf5,339f70bd11bc78b1,1024,0/0
/spttest/kvxn5bpzrwo7,2627175951a6d527,1024,0/0
/spttest/gcq2t4fe93jb,1ddf1bbd22906427,1024,0/0
/spttest/rh4x3yb832m7,32302d54e73023ff,1024,0/0
/spttest/a26kqf7aqi11,12607e58379e13c5,1024,0/0
/spttest/7a2u7qa4hp1y,d4c3786343ee516,1024,0/0
/spttest/kbt80zqurt8t,2521b5f21db482cd,1024,0/0
/spttest/orzcq06v03ht,2d42354720f4e8b1,1024,0/0
/spttest/hn8wygctnd06,203b6987bf9d0e96,1024,0/0
/spttest/fc8os8ktov76,1c0538409b0d40f2,1024,0/0
/spttest/as5210o3vw3j,13b1aaa81a37373f,1024,0/0
/spttest/oywni43m0cly,2d9c28a1a517c1d6,1024,0/0
/spttest/euf14tum37hv,1b1db387083026b3,1024,0/0
/spttest/nyvcahvhwl3h,2bc812411e2b4fcd,1024,0/0
/spttest/f3kdpaqqkeco,1b9488ed739567a8,1024,0/0
/spttest/jm29zri3f940,23d341a10271b6e0,1024,0/0
/spttest/lcrxxtc7aj3m,2701da313372a632,1024,0/0
/spttest/r5n0gzqobtr2,319ad58187735b5e,1024,0/0
/spttest/j9twwehure25,23345e01ea1821ed,1024,0/0
/spttest/ob4d2kpnykwz,2c6732a689b6d963,1024,0/0
/spttest/6nprl53vkct0,c29bc58f93e78d4,1024,0/0
/spttest/6d6f8gqg7bju,ba0dd17392dee3a,1024,0/0
/spttest/xikf7pan161r,3d3872045f1403df,1024,0/0
/spttest/cz3l8qkw9uip,17b34a807f9a92c1,1024,0/0
/spttest/x3oooobn4oy3,3c7724f0db9d5a4b,1024,0/0
/spttest/viu7vjdodqw0,3994c06331422560,1024,0/0
/spttest/mi2q3gx2gmxw,291a4da5433bfe24,1024,0/0
/spttest/2mq4anzmywsv,4ce6abaf3d60c8f,1024,0/0
/spttest/mc9ytr0fesg0,28cefb150b04e680,1024,0/0
/spttest/amm1ul6pvd3z,1369dceb0927b51f,1024,0/0
/spttest/oidcekrua0nw,2cc55d0d2a6c0bdc,1024,0/0
/spttest/e0ybjzev093x,199efb8f6340951d,1024,0/0
/spttest/93zl0coif982,10a455beecfd4e72,1024,0/0
/spttest/pscjgqzfx0i8,2f1a949bac8afbd0,1024,0/0
/spttest/v4pluoovkstk,38dd3ccff076ade8,1024,0/0
/spttest/64bjvj6qn2lh,b2dcf8752818ee5,1024,0/0
/spttest/39yqqf21d3j7,5fc4826a3ceac23,1024,0/0
/spttest/arn33a4z75ql,13ab2ec15f310bcd,1024,0/0
/spttest/r9a6veielh35,31ca2a2ae0f03fc1,1024,0/0
/spttest/xx4ajh129fk4,3df576fc726d6d04,1024,0/0
/spttest/vvd4gjia4nsi,3a3771b2db7d5372,1024,0/0
/spttest/t6v6sozduyqn,3552006c0042245f,1024,0/0
/spttest/4jgvxaw020hy,84b58a6d7c1cf06,1024,0/0
/spttest/n8prklb08x4r,2a7456938253b5bb,1024,0/0
/spttest/tuegsvv6qclz,3683b5fea8005457,1024,0/0
/spttest/fgltppikt5dl,1c3deab70f62ac79,1024,0/0
/spttest/dmiylpsskpaj,18e39735e774190b,1024,0/0
/spttest/f54s8r0wxe5p,1ba8e2db442095ed,1024,0/0
/spttest/613h2ku9so6s,b03ed9e07110a74,1024,0/0
/spttest/szmj9ezq4437,34f3f44ab61fd3b3,1024,0/0
/spttest/kwxxtyb2oidx,26343004ca7c2115,1024,0/0
/spttest/5va70a7p0rlh,ab86ad54b9160b5,1024,0/0
/spttest/8cfs4ff3baiy,f3e7ab34307790a,1024,0/0
/spttest/scjwk1d7s7u7,33c840650049e1af,1024,0/0
/spttest/tlqgue65lflo,36132335e9f59f3c,1024,0/0
/spttest/dfwszshkgb4c,188da92d6165944c,1024,0/0
/spttest/96l9t3wab181,10c6239ee4a414f1,1024,0/0
/spttest/99sczo5okugi,10efaa2237936332,1024,0/0
/spttest/gjxx1bn9kbd7,1e3cdcabef22cb8b,1024,0/0
/spttest/yo0952zmizet,3f52b7da7d8425c5,1024,0/0
/spttest/uwc2lnyox54i,3870709417202832,1024,0/0
/spttest/uv844rvm6qu8,386205c6c7262f60,1024,0/0
/spttest/s0advsxdyzeo,3328f21696d9b8c0,1024,0/0
/spttest/oersid8zvvdw,2c969e80ad8923a4,1024,0/0
/spttest/sujaas8zhwsw,34b1d5e8af0d2350,1024,0/0
/spttest/awa36umatsnd,13e7708197a3f849,1024,0/0
/spttest/y8uh1vxtijsm,3e8dcb17716dc5b6,1024,0/0
/spttest/jn2jdgb62g8d,23e056f410c5d0ad,1024,0/0
/spttest/nowp0c3yfgh0,2b46aaafb6500f24,1024,0/0
/spttest/m6rs4lgk2cin,288778fb9199cfdf,1024,0/0
/spttest/3rhguv3kjtnb,6dfdb2bc3f10cd7,1024,0/0
/spttest/d75dbhb6jh1y,181bd8f6223a7f16,1024,0/0
/spttest/mnrqzlmzcru9,2964476ce13942f1,1024,0/0
/spttest/rs64satomkrb,32bf7f383f1d5e97,1024,0/0
/spttest/qaz66dcxc4h7,300c8d9a9b1162ab,1024,0/0
/spttest/4615a100uxkj,79cce6bdf4c9573,1024,0/0
/spttest/j2cpein0qrf0,22d33bb70e77694c,1024,0/0
/spttest/cnksreri8hp3,171da0f8fa624997,1024,0/0
/spttest/tlmkos4yqnlb,3611bb99cd5cabef,1024,0/0
/spttest/cyb8zzmu395a,17a910c73983370e,1024,0/0
/spttest/2dadjpmz3yo6,453d543bcfa3d46,1024,0/0
/spttest/ofeh1gpvzdye,2c9ecd8b3955f466,1024,0/0
/spttest/cqlgiy97zi8,a577b6e3864080,1024,0/0
/spttest/o9oebndkn6n5,2c5472b6e5209961,1024,0/0
/spttest/p65glinhlqmz,2dfa43065cb6471b,1024,0/0
/spttest/hk0cf96q6sn2,20115a214d88587e,1024,0/0
/spttest/lqo6zxxz1kff,27b6598ea23b14ab,1024,0/0
/spttest/pgl6gf8mcyl2,2e81d3768be22016,1024,0/0
/spttest/1yuhag9gz8q8,3983f61b2ab6af0,1024,0/0
/spttest/bnhes9e0wrs1,1548cac3e4b4dca1,1024,0/0
/spttest/heoxgkqp1px2,1fcc496734e8da76,1024,0/0
/spttest/u59fenxivzd,18793bbb8958f69,1024,0/0
/spttest/e7um01ts4gco,19f891afedd26bc8,1024,0/0
/spttest/arfexr7q8jd8,13a86a347b81da0c,1024,0/0
/spttest/40mxhgbbg3od,756bafc3af6ad9d,1024,0/0
/spttest/n3hbysgwqico,2a30594e597a7f68,1024,0/0
/spttest/x0dclij0lrmw,3c4c161af4540b28,1024,0/0
/spttest/7shjvhdgkjd7,e3b552365d3d30b,1024,0/0
/spttest/8asjh1ta3m5c,f291ac80e6bc0e0,1024,0/0
/spttest/stlkxw80jtdi,34a5acb192437b76,1024,0/0
/spttest/rjwtyrj2n1s3,32543a16b93606c3,1024,0/0
/spttest/u2sjttdkmsax,36f0b4f7ba2030c9,1024,0/0
/spttest/m5no3ktsjlif,2878ffead60c23a7,1024,0/0
/spttest/u8lccsx9fw3a,373c0ac1e231dd36,1024,0/0
/spttest/h3drdedme6dj,1f395fe846f361c7,1024,0/0
/spttest/yefpaeajxnqx,3ed6663db8ffb179,1024,0/0
/spttest/p0swhli1qce8,2db4c8ba26ca7a40,1024,0/0
/spttest/m2995fq7jbky,284cd4a32e2c0062,1024,0/0
/spttest/xdfznm466equ,3cf5e6578a7b0626,1024,0/0
/spttest/lv3148bwugw0,27efa904c73d5d00,1024,0/0
/spttest/pbmzbssgahz9,2e4187a039e8f985,1024,0/0
/spttest/x2qwjknpd2pe,3c6af4955102c3f2,1024,0/0
/spttest/klbwcqrql0b,10b7b65b2374fdb,1024,0/0
/spttest/49w8jqilzr5i,7cefdff14119136,1024,0/0
/spttest/w986o441dcn3,3aeb831f7895f23f,1024,0/0
/spttest/ty00lpvjxpol,36b2744d8efc9f45,1024,0/0
/spttest/7ddccil4pk2m,d76f980897249de,1024,0/0
/spttest/bftr2vi6qca1,14e554ad1b0a7ea9,1024,0/0
/spttest/mhxmuiap9v3v,29187777e0d6c6bb,1024,0/0
/spttest/2is3b6qk2brm,49b2be943110412,1024,0/0
/spttest/g4srujl9rbl1,1d782aaad7ee4065,1024,0/0
/spttest/tj23wyv75i3r,35f05eb009144de7,1024,0/0
/spttest/j7qrflghnhy8,2319405cced3bba0,1024,0/0
/spttest/g9gg86cornt7,1db4aab6db06d94b,1024,0/0
/spttest/1brxms6pe4ka,26c934db446df9a,1024,0/0
/spttest/mq8o7b7ez1qw,29845d0d125bad98,1024,0/0
/spttest/5ml39aezujon,a4771f3b5a99a27,1024,0/0
/spttest/t8tn4ftnj1hr,356b6c16aa35894f,1024,0/0
/spttest/s9q1ck65bj2t,33a37f2138f97255,1024,0/0
/spttest/7xff1q8thrzg,e7b824d3cc9e4ec,1024,0/0
/spttest/vtdp7g89vq8y,3a1dac6b32941fa2,1024,0/0
/spttest/ym941ybxzpf5,3f3bef9a2c729871,1024,0/0
/spttest/6cj7q4jcyjt4,b987d5a860810c8,1024,0/0
/spttest/9ubnlaw4kl8t,11fa6976e4fe8c8d,1024,0/0
/spttest/rrgvw0g8pmwn,32b6632fa6e08837,1024,0/0
/spttest/jdwm97i8chcg,23694cd4046522d0,1024,0/0
/spttest/llp8hgsv8h1a,2775c774dcd9b73e,1024,0/0
/spttest/bnjbq4uujhzq,15497ba71f63b7d6,1024,0/0
/spttest/vcgbxepm9gx8,3941ce168ff8b7ec,1024,0/0
/spttest/g3ak49stki4,d1044ddca1ad0c,1024,0/0
/spttest/he0u4bpccdgz,1fc397feacc30f33,1024,0/0
/spttest/gpt1eo1qxj5s,1e890995c342dd40,1024,0/0
/spttest/9806v1mw9xcn,10d882d77d741917,1024,0/0
/spttest/cfwxa3inz9o3,16ba16eec402cab3,1024,0/0
/spttest/wlf3o5rsdwl1,3b89e1165ae71e35,1024,0/0
/spttest/qqdc0qzif6x1,30d4809ab5642ec5,1024,0/0
/spttest/f4iqctmylvza,1ba0ede9f2f2df26,1024,0/0
/spttest/qko54ltty2sw,308a776dd30e63b0,1024,0/0
/spttest/7rq9k47w7vhg,e317cba542e7724,1024,0/0
/spttest/831iru08dvhm,ec46e3e9b9188aa,1024,0/0
/spttest/ce9s87995lln,16a4c03e07c5d99b,1024,0/0
/spttest/3x0k4j0pnlmj,727b0d65e1cb63b,1024,0/0
/spttest/xaw1b90csnml,3cd4b8b6c92d429d,1024,0/0
/spttest/s59jgjxfr6le,3369964fbbfc1d22,1024,0/0
/spttest/9ogu1nb7syp7,11ae58532d13c1ab,1024,0/0
/spttest/ch3r0akeu4fm,16c98aac735eaff2,1024,0/0
/spttest/t9s3bfo37p59,3577da28f1136e0d,1024,0/0
/spttest/t4l2kc0kql3p,35345f5df45b4155,1024,0/0
/spttest/tnb5mh4icxk3,36279769978ba6e3,1024,0/0
/spttest/m69m60dd3q5c,2880eb0f7719a820,1024,0/0
/spttest/hrep0glqo6g9,20717462268d04a9,1024,0/0
/spttest/p09q1h8uk7i9,2daddd2fe390b101,1024,0/0
/spttest/7a0gwo6x56rq,d4b5ca4f912ca86,1024,0/0
/spttest/2i70kk5ozufd,4939126146c10c9,1024,0/0
/spttest/ke7hvo33b6vh,2540d6e49d25068d,1024,0/0
/spttest/j8fmn821yqol,232239488749e495,1024,0/0
/spttest/bk6xxiumedat,151e0c11c0aba8d5,1024,0/0
/spttest/emmdwx1q4djr,1ab870d7b9e62b97,1024,0/0
/spttest/2l9u14n53iv9,4bb8d3e7bf3e345,1024,0/0
/spttest/mzx6egmsfls3,2a021be4aa155003,1024,0/0
/spttest/yz3l6359hjey,3fe2cda4aadc098a,1024,0/0
/spttest/wvnx8xlui5ri,3c0ef47d25dd4fae,1024,0/0
/spttest/t46phvpy01d8,352f30ae7e179cec,1024,0/0
/spttest/pp238hl0a193,2eefd7839f33a8d7,1024,0/0
/spttest/ubaqfynf80op,375f2e9f7e02c079,1024,0/0
/spttest/7xriw44qm79r,e7fe0956806f84f,1024,0/0
/spttest/p6tyzz1scjx6,2e031b13ba491fda,1024,0/0
/spttest/ry3eavr0931g,330c72125e0133a4,1024,0/0
/spttest/jf85z8gb1o76,237a74bd8d359bc2,1024,0/0
/spttest/44ie8321cjf1,7890d1f22dd064d,1024,0/0
/spttest/g12m62pcvhl2,1d47c2bfff059ac6,1024,0/0
/spttest/guhyu63ub215,1ec5fd39b8448909,1024,0/0
/spttest/l9zp9r2h3vr0,26ddaf206bf7ac7c,1024,0/0
/spttest/8tywye49c1y2,10223375c1092dda,1024,0/0
/spttest/lcu7opes4lf4,2702abeff2c36970,1024,0/0
/spttest/5wt190cu9d6o,acc345051ac7900,1024,0/0
/spttest/r5ejjfo9l851,3197c71da400d575,1024,0/0
/spttest/8pjs4ti9sxtn,fe8c889e1509b3b,1024,0/0
/spttest/6sal8cox6kgo,c6534cd24b58e18,1024,0/0
/spttest/tn2iybtnrljt,36247a4c5a29e0d9,1024,0/0
/spttest/v50bpbb3hsxl,38e11ad27dc38bb9,1024,0/0
/spttest/3kaifslwetkt,6826bda8cd3a13d,1024,0/0
/spttest/g1s4wahle6bc,1d50f80236abd078,1024,0/0
/spttest/s7u760dj2q1l,338b05046567b759,1024,0/0
/spttest/en97bx2x12i1,1ac0ac6bc0ac9be9,1024,0/0
/spttest/au8e7vpinhhm,13ccd98da73cbe4a,1024,0/0
/spttest/39xm1ew8g461,5fbdfbcc9082119,1024,0/0
/spttest/nx8pn42453o2,2bb2eac84ddc6dd2,1024,0/0
/spttest/cr5r5ydqn23e,174c2861847b785a,1024,0/0
/spttest/9lfwujy3dbzp,11870b60d5e5d8f5,1024,0/0
/spttest/e7qj51vc10k2,19f718df936f7112,1024,0/0
/spttest/isey35nov9bo,2252262aa79224f4,1024,0/0
/spttest/l946yk0rwjkn,26d250baa422e617,1024,0/0
/spttest/my6sxju2wd2z,29eb9a806fd1f43b,1024,0/0
/spttest/dets5w8clk44,187f94af60a14514,1024,0/0
/spttest/acq2sqpny4as,12e96c4209a06544,1024,0/0
/spttest/qdjhjkmv8cyl,302ddca595238a9d,1024,0/0
/spttest/a6dr57y2iayx,12970a660ce9c209,1024,0/0
/spttest/1myzirn8dxz2,2fe008cf8cde13e,1024,0/0
/spttest/khvp6kir3ouw,25708a3d0b7de398,1024,0/0
/spttest/7oyvrbpgyn54,e0da0dd555a2da8,1024,0/0
/spttest/7pkxh2nxjv57,e15955deb02016b,1024,0/0
/spttest/gnmv6515u48,d85b3f00591cb8,1024,0/0
/spttest/bcquzmdje617,14bd51d5205f7d0b,1024,0/0
/spttest/qiv69rhkbsl0,3073066d34c6cd74,1024,0/0
/spttest/hthjju2ilkea,208c75fcda3b9482,1024,0/0
/spttest/ofnb4rmbrmxv,2ca1fdb2df0e5fe3,1024,0/0
/spttest/t7mibb5jy2zw,355bdbea3320daac,1024,0/0
/spttest/toph161ssnta,3639bf186a6a478e,1024,0/0
/spttest/uiwqlpxqwwho,37c20bee8d3eba7c,1024,0/0
/spttest/beotpxu9x6et,14d6905a8bcfcfb5,1024,0/0
/spttest/d5ic7z4s6q27,18068c6b6893e56f,1024,0/0
/spttest/wy0l334amsg3,3c2d809555c80383,1024,0/0
/spttest/v89gw51xdhsv,390b5f38d809505f,1024,0/0
/spttest/yjb9rup1oqq5,3f15bf3e4a9ee24d,1024,0/0
/spttest/akmfqlv885oh,1350060ab97282c1,1024,0/0
/spttest/7euyklcac32u,d8a520ab5cbe496,1024,0/0
/spttest/xhkmedmpgtc8,3d2b873257681988,1024,0/0
/spttest/nxgcnw7aw8by,2bb5ac6dcc47782e,1024,0/0
/spttest/vb7cmnfafdlu,39319350f6d6c8a2,1024,0/0
/spttest/hknhsgbi2lr7,2019b45e86c138a3,1024,0/0
/spttest/csnu4tn7d3vw,175fabe1fa5947ec,1024,0/0
/spttest/ix9co1aq7fbv,229113a65e1f1b5b,1024,0/0
/spttest/sg7riuldy63n,33f7d416c4f05463,1024,0/0
/spttest/efypzcoglyao,1a61f76d691190e0,1024,0/0
/spttest/s1s9gfflkged,333c629d49975105,1024,0/0
/spttest/lw7ekruuhl8b,27fe3a48567a4bbb,1024,0/0
/spttest/x4jg1t1b40np,3c823e333e767b55,1024,0/0
/spttest/adwxi17xjca2,12f8e280122691ea,1024,0/0
/spttest/nug789xdypls,2b8ea6b773a59720,1024,0/0
/spttest/nrxk5hr0qc0w,2b6df25d08915b60,1024,0/0
/spttest/n4qwexw18fim,2a40ca57ff04b18e,1024,0/0
/spttest/mqs7q7ohmlyu,298b6a250ee619b6,1024,0/0
/spttest/zb258juag9iu,407e277a92484636,1024,0/0
/spttest/fey9av47nybc,1c286c9d76b17478,1024,0/0
/spttest/tnkhcupqaaj2,362af4d48b5b91ce,1024,0/0
/spttest/ke5ylw2w8kgq,25404913f6c2c19a,1024,0/0
/spttest/rys8tzlxq077,3315693eb2342883,1024,0/0
/spttest/coyxeddqlxdg,172fb748cb089a34,1024,0/0
/spttest/g2lvv6yhuhvz,1d5bb3e2b6aa4f0f,1024,0/0
/spttest/qbxhl454j69m,3018ef660cd5de7a,1024,0/0
/spttest/9h28us0x46vl,114e280058e1fcd1,1024,0/0
/spttest/2s9t56uqnlme,51677c3ce7cff36,1024,0/0
/spttest/nuvox0q5pzal,2b943d9f46018bed,1024,0/0
/spttest/hcr9sz4xru1k,1fb3274ca24f51d8,1024,0/0
/spttest/my8xb4qee4ac,29ec5e781fcf8334,1024,0/0
/spttest/tncc15v5fzvv,36280438e24af46b,1024,0/0
/spttest/f7xnnhiu1mix,1bcd484535345e49,1024,0/0
/spttest/kpm5d4cepfv4,25d5022119eb1a90,1024,0/0
/spttest/xat5mjhhkr20,3cd3aead59880af8,1024,0/0
/spttest/xhv154dhb9i5,3d2f48b4c0d689dd,1024,0/0
/spttest/owdydzi2btrz,2d7b6f0d00f9a57f,1024,0/0
/spttest/s23071al8mw,16c73a2deae7cf8,1024,0/0
/spttest/kywsleh85m5h,264dc0b9bf800b65,1024,0/0
/spttest/l9nczstkutsi,26d93b3585fb9a52,1024,0/0
/spttest/2u7kj5fbbure,52fa371dbdc077a,1024,0/0
/spttest/km1onhhdqd3w,25a6a81d59e8a5dc,1024,0/0
/spttest/2rz96mwinfl9,512a8deab3860ad,1024,0/0
/spttest/79iaaa8dj00p,d44cd0696b6f3d9,1024,0/0
/spttest/s19a8iiwspz6,3335899e99673a82,1024,0/0
/spttest/7yrr3jh9dfjx,e8cf2e55a850cfd,1024,0/0
/spttest/pik37zo8h0bp,2e9b694f587e73e5,1024,0/0
/spttest/pkg310q1b97p,2eb3f1da86378c65,1024,0/0
/spttest/5i6bmq5kfy4g,a0e28e2a9954280,1024,0/0
/spttest/rgk0g9m2r595,3228a22c6dbc3d59,1024,0/0
/spttest/7n0pivpes9ik,df44f174ee1612c,1024,0/0
/spttest/gue6xxrhaol7,1ec4a08c1eafe7fb,1024,0/0
/spttest/2mu4sx6ttud7,4cfdd811da863fb,1024,0/0
/spttest/36y7qnkeivue,5d51fa5cef4ffb6,1024,0/0
/spttest/dcbz4ifud18f,185f2d67b870e17f,1024,0/0
/spttest/106dy2z0y29c,1d5eb3c6ea44bf0,1024,0/0
/spttest/241m7yds821y,3dbc4e4da9b8c66,1024,0/0
/spttest/mqi94aufebbo,2987d2083d8a77d4,1024,0/0
/spttest/h8bxd6ugy6x0,1f79a8d594423f84,1024,0/0
/spttest/cze0d3c8rppy,17b70cfb42cee2f6,1024,0/0
/spttest/2ts0ti2vzofm,52a0757dc458d72,1024,0/0
/spttest/aa9g21eq7tri,12c971809004746e,1024,0/0
/spttest/8fz03m8r4xq7,f6c61ef806ebebf,1024,0/0
/spttest/ez41wlgeaq48,1b5aafbd4c0e00b8,1024,0/0
/spttest/jkpv2ho2s3d3,23c1c9a92f963207,1024,0/0
/spttest/u1xbrqt6h32i,36e570e0d601e3ca,1024,0/0
/spttest/vbscam7mhl4v,393926311300b73f,1024,0/0
/spttest/81eipgjf5zyj,eaf24595b3e204b,1024,0/0
/spttest/iqzblyhwn39k,223f85b693fbd448,1024,0/0
/spttest/kp1skpyq7nr3,25cda9f371ff25ff,1024,0/0
/spttest/fodre19skydv,1ca2ebdc0321db13,1024,0/0
/spttest/biolzyxh3f33,150a7191b7fd241f,1024,0/0
/spttest/aic3la8r5ikp,133250ad5e51e849,1024,0/0
/spttest/ornxrovbsn1n,2d3e16dc4c8f6aab,1024,0/0
/spttest/hr4xrecnjmub,206def25aa5fc163,1024,0/0
/spttest/syxnm7e707m0,34eafa42aa167588,1024,0/0
/spttest/3th3bvdvf75j,6f9b2f9c26654f7,1024,0/0
/spttest/vtpdkgskj5r3,3a21e2f9d3a727df,1024,0/0
/spttest/ste2w6svmrq4,34a2f7cf6aa104dc,1024,0/0
/spttest/e2p1jiemh9yp,19b59d116007fab1,1024,0/0
/spttest/13fqp9s63yz0,200430c341859cc,1024,0/0
/spttest/ebju7tcjaex8,1a28a3be3e609d0c,1024,0/0
/spttest/63l7cotvw7fb,b244dd267758097,1024,0/0
/spttest/c8m85x5lvhrp,165b4e02c6ce24b5,1024,0/0
/spttest/4dwacj8o7kv7,802f7a43eb4cd63,1024,0/0
/spttest/sxeu762zyih0,34d732e55902fd04,1024,0/0
/spttest/8wh77l6v02vx,1042c6ea43a5759d,1024,0/0
/spttest/g7zkgbg6ya9x,1da1960a73e61e85,1024,0/0
/spttest/9w30pjjnm6n0,121146523565de1c,1024,0/0
/spttest/f02lyycg2es1,1b6727be521d1751,1024,0/0
/spttest/l2eluw0zak1e,267b25d6ff2306f2,1024,0/0
/spttest/bkv1infkvcsk,1526be1c3c8e7284,1024,0/0
/spttest/uc5j8bfl9pe,18a10520380df62,1024,0/0
/spttest/3qdnvdctma79,6d17e7019df5a25,1024,0/0
/spttest/2au57hexngfq,433ff7621343bf6,1024,0/0
/spttest/22ja7be4gojs,3c82a2c8706cc48,1024,0/0
/spttest/jm5fszxamc1i,23d465a56a108476,1024,0/0
/spttest/h0jxw8er5gu8,1f14a3156a3a5780,1024,0/0
/spttest/d6pvgphi3br9,181641a051a42445,1024,0/0
/spttest/9xl9fljmuryn,1224d896eb02fb0f,1024,0/0
/spttest/8f6skppl4l86,f62345125210d76,1024,0/0
/spttest/pmmyyuf8i0i0,2ed06886d02bd708,1024,0/0
/spttest/i8sn06ytemgp,21534dc0a7bcce39,1024,0/0
/spttest/78u8ksscwxn6,d3c1fce48f7ae52,1024,0/0
/spttest/1f6jo2qxsvdn,298d0c4c04616db,1024,0/0
/spttest/2akkg05kg0ph,4308adf80f92f95,1024,0/0
/spttest/ehcyz2bixgmu,1a7418e93b4d1076,1024,0/0
/spttest/qmi5pv3rbyr3,30a2493f82109baf,1024,0/0
/spttest/hw9qpddxd36y,20b09d2ac3b7766a,1024,0/0
/spttest/k1c5fsypxwwe,2499a87a051325ce,1024,0/0
/spttest/lvfnoddd4r6r,27f43751fbd7b3a3,1024,0/0
/spttest/9kv9epgwmjc7,117f97def6e37b67,1024,0/0
/spttest/zfcr8y7nisch,40b5f0a9f2227301,1024,0/0
/spttest/77zckamwdd8t,d30fa9e13835c4d,1024,0/0
/spttest/6s6j015bckwt,c63bd9a90d223dd,1024,0/0
/spttest/5p850x3bu6va,a69bd7854d56546,1024,0/0
/spttest/6xy4nohx9u2s,caea5659cd6e584,1024,0/0
/spttest/fke73683bw71,1c6f1f1c61fe9abd,1024,0/0
/spttest/zt8eqg0atpg,1d12c3db38d14e4,1024,0/0
/spttest/hh8xkp2utujd,1fed7b933c21f5d9,1024,0/0
/spttest/4zahlyemytck,918ddd1fd45f714,1024,0/0
/spttest/xctedq6dlwpj,3cedbfa78b4f7dd7,1024,0/0
/spttest/4ev9e0banj7i,80f9611c16296fe,1024,0/0
/spttest/ln9aor2tfu1i,278a01ba98a27ad6,1024,0/0
/spttest/g14351nfk7oo,1d484aa9c7ecdee8,1024,0/0
/spttest/qk6vaeyukmxe,30843becd231b712,1024,0/0
/spttest/i7my4as58wxz,214442cd7a0a0dc7,1024,0/0
/spttest/5a289xqljtii,9a4c4bfed7e492a,1024,0/0
/spttest/vs5k7f1yr9qc,3a0dbf6283a32004,1024,0/0
/spttest/5vl8xvolmpr0,abc67d8179ef0dc,1024,0/0
/spttest/butr3uqu2k4k,15a82b98cf44f864,1024,0/0
/spttest/7hlplnjmjqro,dadf37b3e3ec044,1024,0/0
/spttest/6xdzwnhbas40,ca761d7b39febd0,1024,0/0
/spttest/9kr25sjp4szp,117e13cd590950c5,1024,0/0
/spttest/eht0rwb8etiv,1a79e36c787360f7,1024,0/0
/spttest/4pdzsrikzz1j,8983d06eeb66827,1024,0/0
/spttest/o5a4jrubz0la,2c1b57740ab380be,1024,0/0
/spttest/bdeqc4qpsww2,14c5eebba8d33682,1024,0/0
/spttest/3ywp80kfbd6f,74046f491485677,1024,0/0
/spttest/1r0cjvbods08,33273612cb3a308,1024,0/0
/spttest/hfatdidlzqpi,1fd42f05d9bb5af6,1024,0/0
/spttest/59l6qcicyv63,99e9e8711fd264b,1024,0/0
/spttest/73bz164omw7z,cf496671799949f,1024,0/0
/spttest/y902huhc0tcr,3e8fcff3a431249b,1024,0/0
/spttest/qnkmwrv3e0cv,30b02b5a2455684f,1024,0/0
/spttest/ex5kkgn01g9r,1b41417ab58bc49f,1024,0/0
/spttest/s9z9in134dbj,33a6d3674d7a936f,1024,0/0
/spttest/a5054qkgw13b,128523df82bb4d87,1024,0/0
/spttest/10s3ctwyu6f3,1ddc02a37d42dff,1024,0/0
/spttest/68oj7bw044ju,b66739e21d3e00a,1024,0/0
/spttest/7dje45bxosyy,d79283f2802c5aa,1024,0/0
/spttest/epltuzcvt9oa,1adf3528c1fab53a,1024,0/0
/spttest/12m3ik1u3yg5,1f590e084671325,1024,0/0
/spttest/x0aq64lb30nf,3c4b23d32b3f450b,1024,0/0
/spttest/k527nonaicek,24ca0783ab32554c,1024,0/0
/spttest/gy2l9xti29cr,1ef465ee8481d1db,1024,0/0
/spttest/ojd02j6g7zbj,2cd23aa90b2e468f,1024,0/0
/spttest/dt4lzz7dk97x,19395683750d04ad,1024,0/0
/spttest/egb13tot7aop,1a66686380f85ed9,1024,0/0
/spttest/te0n81ivok8k,35aee534e7b39374,1024,0/0
/spttest/gijoebf6ht0k,1e2abc17f0f73f24,1024,0/0
/spttest/8olkt0v7sxqy,fdc713798371cda,1024,0/0
/spttest/1b9a99abxs68,265d8b2bb822fe0,1024,0/0
/spttest/boi4t2g1c1su,15560aca3443d51e,1024,0/0
/spttest/qwl22fteq52w,3125398da0e26e38,1024,0/0
/spttest/57hyhsq8trwg,98379c618f4e280,1024,0/0
/spttest/kem06d1pu02j,254612fea31208db,1024,0/0
/spttest/o8wvlloztc6s,2c4a84bb3adbd5f4,1024,0/0
/spttest/5fv4fi8jx5u4,9f023d8a0d88ecc,1024,0/0
/spttest/eq3iw4cvbfyd,1ae597a526449485,1024,0/0
/spttest/5nlr2gqu7e4z,a54ac4d19e74953,1024,0/0
/spttest/x7b1havrphl,1af4861029df0c9,1024,0/0
/spttest/n9ptwk52s9ym,2a8159d14532d76e,1024,0/0
/spttest/ecky1n7qdugf,1a3607310499616f,1024,0/0
/spttest/xo2a3kqefkto,3d7fd5ce59408d2c,1024,0/0
/spttest/qadw1kcglsm1,3004dfded6c8c419,1024,0/0
/spttest/sqex8sy2u6z5,347c4de9a4a348d1,1024,0/0
/spttest/gaqfej0qbsa9,1dc5418a550f6df1,1024,0/0
/spttest/f32js7ztd4nn,1b8e19e6faa871d3,1024,0/0
/spttest/91ganmccx0ha,108365aba507dcae,1024,0/0
/spttest/2zi8st6wi0n0,5746fad9c149bbc,1024,0/0
/spttest/1skmd5ulp9at,346c12e52b5f855,1024,0/0
/spttest/6unfnmgae66v,c83d1cbaf82c0d7,1024,0/0
/spttest/mcimydbsr54l,28d21befad1c4ab5,1024,0/0
/spttest/4127fnkltrmx,75c3e09e0936629,1024,0/0
/spttest/gcem7291isjv,1ddaf9103476a60b,1024,0/0
/spttest/xvuj9uulxf7h,3de4f47423c0583d,1024,0/0
/spttest/v44f39t01t2m,38d597bb0c372d6e,1024,0/0
/spttest/szphfmp5fjth,34f504b5381b5b15,1024,0/0
/spttest/tzx6kwrtm7zm,36cb690c7d1f5af2,1024,0/0
/spttest/i7sjn1b7dn4e,214647dc59cbf94e,1024,0/0
/spttest/snnlpl1yrm7u,345877dcfd773f3a,1024,0/0
/spttest/sbh7o2g3imkt,33ba4a8b3f3385cd,1024,0/0
/spttest/79jln8783fjm,d45468a454b3572,1024,0/0
/spttest/fs373jl9mem7,1cd31123f822007f,1024,0/0
/spttest/6guskjgcr5el,bd09fea2150501d,1024,0/0
/spttest/gmho0bynbscv,1e5df76320f1534f,1024,0/0
/spttest/pdeo05pshloa,2e588223ddcf77fa,1024,0/0
/spttest/umemx29z3v4d,37ef78e02c85e74d,1024,0/0
/spttest/mfjp5gxyz9p6,28f975b6592ce1da,1024,0/0
/spttest/whd4nbqc3fov,3b5535d48a00162f,1024,0/0
/spttest/hx1rwuctify3,20baba937caeee3b,1024,0/0
/spttest/gars9sdh6y2a,1dc5beed0bd0f6f2,1024,0/0
/spttest/vnz32ntdjck4,39d77430eba57754,1024,0/0
/spttest/wmwx10p1q2f,1a7ecc69a1f4337,1024,0/0
/spttest/7spyjyu1l33m,e3e5dc012ccbbf2,1024,0/0
/spttest/n01pp28rl0y0,2a03bedf21077308,1024,0/0
/spttest/8yudp2l9l0pe,106182db427c73d2,1024,0/0
/spttest/2f2bnkrrf5s8,46ae7f9db761208,1024,0/0
/spttest/6uw84l8tsna7,c86fdcaf3de11df,1024,0/0
/spttest/cyrz1dpgum0y,17af197ac92aef02,1024,0/0
/spttest/3n6dah0uteze,6a7e4f155c95f1a,1024,0/0
/spttest/8y5es8b7um5t,10588070fc17beb1,1024,0/0
/spttest/3605d8ubu39r,5c8d50a49f54f0f,1024,0/0
/spttest/alwlr0dce3p1,1360ae678b2daa35,1024,0/0
/spttest/l3tdfivf941r,268d76ffb186a7bf,1024,0/0
/spttest/onvyzg3cmh96,2d0d07e5ecd538da,1024,0/0
/spttest/t5zwhvf8n9gu,3546b693c86e63ae,1024,0/0
/spttest/mpfhadt7xiln,2979d4a1692f276b,1024,0/0
/spttest/kzu4vjlfejjn,2659c863ccbe2d73,1024,0/0
/spttest/tm4lz235oxl5,36183d8700c7b109,1024,0/0
/spttest/cbvbhhepicdl,16858d9ddd4c1029,1024,0/0
/spttest/5048qp0ykzcm,9239a1cff8961f6,1024,0/0
/spttest/gpia2kownblc,1e8527c3b60fda70,1024,0/0
/spttest/sphu1svvdtmh,34705d9075343239,1024,0/0
/spttest/gns2ik8nbuol,1e6eb58bf09ac715,1024,0/0
/spttest/fio0f22xl3r3,1c58af2a9955ef3f,1024,0/0
/spttest/lv8too4u7ot9,27f1c02897dd675d,1024,0/0
/spttest/70jzvuuek6bh,cd083c3fa3102fd,1024,0/0
/spttest/y4d7prbod1sh,3e539bd91b4b5e51,1024,0/0
/spttest/a4lhbiokn2if,127fd99f45914077,1024,0/0
/spttest/v52am3yr49ox,38e1d0c3bb797d11,1024,0/0
/spttest/mzjq26u6fnsc,29fd412dc9f1042c,1024,0/0
/spttest/unekl4kdd23n,37fc70266d9ec8e3,1024,0/0
/spttest/3jg2z52xgt8,2dfc080e17f95c,1024,0/0
/spttest/n5rpbgro1s9q,2a4e11c2b06a695e,1024,0/0
/spttest/s8z8uzjnzqyn,3399d476077fc63f,1024,0/0
/spttest/lda3c3bjgjhq,270866aac37af5ae,1024,0/0
/spttest/m9ugzxcdx4kw,28af694d18004270,1024,0/0
/spttest/9qo7xt1d4pg8,11cafd10343d3ad8,1024,0/0
/spttest/pu5myr12i8pe,2f32118631f01292,1024,0/0
/spttest/h4li2hrfunr2,1f49283d9b581ebe,1024,0/0
/spttest/la4l5szt05h3,26df726c670dc4b7,1024,0/0
/spttest/idvljm7smdib,21955164cb0325e3,1024,0/0
/spttest/ipups2q9jklp,2230def8e517600d,1024,0/0
/spttest/q8g887m4xrwf,2febbd5b4a3c177f,1024,0/0
/spttest/s3hztrv9giak,3352a8bd1e77359c,1024,0/0
/spttest/n2llyh4vusrr,2a24e7285ef88c27,1024,0/0
/spttest/xv7qxrg9b8kg,3ddcbba5fc2bd920,1024,0/0
/spttest/hw5r4uwf41bp,20af2ccc3e83aeb5,1024,0/0
/spttest/nwca3zh4k2rm,2ba737260f6da302,1024,0/0
/spttest/v89ovkejbc5s,390b73b51ad6fd50,1024,0/0
/spttest/4yum4n2l3m8j,9132385f3e38053,1024,0/0
/spttest/fm9ephb1viwz,1c875f55622b6e83,1024,0/0
/spttest/msm15jm1l3lo,29a32994ba912e7c,1024,0/0
/spttest/bxfvy2vy4tw6,15ca22a10df24e56,1024,0/0
/spttest/g6neq4hjy4cb,1d9035ab5efce17b,1024,0/0
/spttest/lhyu4bsy64tp,274549412cba5fed,1024,0/0
/spttest/3ljs5fq3fsic,692c158206df914,1024,0/0
/spttest/6196rwpfgcu0,b05fd688d52d7f8,1024,0/0
/spttest/v152gkpoperm,38aedbebf06a7302,1024,0/0
/spttest/dm2qoewenkc6,18ddbcfc1196f4b6,1024,0/0
/spttest/7b13j6w9adv2,d5893f41392adae,1024,0/0
/spttest/6y9u7k3nvmt6,cb2df0249b6e83a,1024,0/0
/spttest/jb59pbouzy1d,2345742a65f0c511,1024,0/0
/spttest/vfld5yw9k061,396a96e01df1c6d9,1024,0/0
/spttest/5m6o45keija6,a423df1a14d201e,1024,0/0
/spttest/72ezav3ny8to,ce8aef10bc2342c,1024,0/0
/spttest/ww5j4yzd3mu,1ab42312a541ea6,1024,0/0
/spttest/yq5agw28p1o0,3f6e839d903824b0,1024,0/0
/spttest/xhdutq28jgfh,3d29163d296709ed,1024,0/0
/spttest/9288h63o3vfa,108d7a63d1fe65d6,1024,0/0
/spttest/ne4yergfhxv1,2abac3edb457a4ad,1024,0/0
/spttest/ls3gflie0sby,27c8d88b9a74f56e,1024,0/0
/spttest/ex4ggb2slncc,1b40da8d465bfd6c,1024,0/0
/spttest/f3r1v7qwjngu,1b96f1233516f58e,1024,0/0
/spttest/yigbcbqdg4db,3f0a93da4e58ff1f,1024,0/0
/spttest/95c9lbhsu47,76d49ff639d477,1024,0/0
/spttest/aiirxcpvax8t,1334b9535eda49cd,1024,0/0
/spttest/9mhjnwbxn4b6,11949f8ab9b40292,1024,0/0
/spttest/aezfdhg0vg59,1306c65a76d4f37d,1024,0/0
/spttest/esq274gox7zp,1b07b3cb44a2feb5,1024,0/0
/spttest/1kaoz57nyqlz,2db422499bebe37,1024,0/0
/spttest/j21fpad0stg9,22cf2ac62eecb819,1024,0/0
/spttest/kg6l9qh03scd,255a7dbcf5ac763d,1024,0/0
/spttest/zu9s8eju8e45,4177b4efdae5e375,1024,0/0
/spttest/b3a9guyb9v9r,14426d695293998f,1024,0/0
/spttest/q8gf03mv9ei4,2febcebd31b778ac,1024,0/0
/spttest/w74zckfpa212,3ad060b8a7d2bdc6,1024,0/0
/spttest/7wr9r4yvnsut,e72cbe14ff738d5,1024,0/0
/spttest/c4ja142x8ox1,162648ab09d9b925,1024,0/0
/spttest/u7oruqwundiu,37304a5efc042236,1024,0/0
/spttest/6nru7u221z5v,c2a7bd53e3b9243,1024,0/0
/spttest/glwvh6vf3l47,1e5676d0f02878a7,1024,0/0
/spttest/xmqgqegqb4dg,3d6e9526e6a9e4e4,1024,0/0
/spttest/1ezgdh7zswif,29641bcf8e56297,1024,0/0
/spttest/jmm68vyz4dwl,23da6f6185e0da65,1024,0/0
/spttest/qz955tpkuoq2,3147e4d7db6580aa,1024,0/0
/spttest/909rwq30ssli,10740e1a6e730bc6,1024,0/0
/spttest/h5wsghyb79uv,1f5a38343e68f0a7,1024,0/0
/spttest/vvnmj1qk4li6,3a3b3bbe6c7851de,1024,0/0
/spttest/nvrz0sz1k0fs,2b9fe35560910c38,1024,0/0
/spttest/8x3eezrv87li,104ac98133c05376,1024,0/0
/spttest/l5tz5i3h0t9z,26a7a93ec9d19137,1024,0/0
/spttest/cd9g222xyu5y,1697a3c21efa7636,1024,0/0
/spttest/w474jnn2loa1,3aaa2f0593109c29,1024,0/0
/spttest/vo7iwds0wdob,39da7fbdf94acd3b,1024,0/0
/spttest/m01ynq08j8gn,283038a039801997,1024,0/0
/spttest/e7beevosf2l,b87d6c3d768f4d,1024,0/0
/spttest/xea6ryu425y2,3d00cba8f566269a,1024,0/0
/spttest/tkvepj3y1ce1,3607ee512284b2f9,1024,0/0
/spttest/xzswi6f52r75,3e1852b1402c9731,1024,0/0
/spttest/bdsdhayrz9tn,14cadae6e45cbf7b,1024,0/0
/spttest/tv3g6pob4xyz,368cb99ede26dffb,1024,0/0
/spttest/7v75icdi1u8z,e5e8c5e5e2f3563,1024,0/0
/spttest/jal3unkeqtpo,233e2dc932dba6ec,1024,0/0
/spttest/wn1yfq81022z,3b9f1d623d922b8b,1024,0/0
/spttest/bv8we243xtnl,15ada2ad41652761,1024,0/0
/spttest/z8jgdykxtk80,405d6e93f11cfca0,1024,0/0
/spttest/7qv6iagvmz8v,e26457c1c2e3aef,1024,0/0
/spttest/18nqoiczokug,244183914ad5288,1024,0/0
/spttest/9gwviibrpc4a,114c37ee3419b09a,1024,0/0
/spttest/js4g0kf1mivl,2421f95b96468611,1024,0/0
/spttest/32uja3qlx3og,59fd6c1f2bd1de0,1024,0/0
/spttest/488x8y2kqmmk,7b99747059bf10c,1024,0/0
/spttest/eo2y1yp7awcb,1acb67aaa6fd8d3b,1024,0/0
/spttest/c9ay7fvjd514,166439aada89d9b8,1024,0/0
/spttest/96vn5rk6jmdm,10c9e18f770d7e0a,1024,0/0
/spttest/s3u1s3ro6woe,3357022b94f07eee,1024,0/0
/spttest/b7quj5vn10i2,147c5e6038b81bca,1024,0/0
/spttest/ggbdh7zf9ksm,1e0dc29e14805c86,1024,0/0
/spttest/on5ahmzq3ur0,2d036779cc9d246c,1024,0/0
/spttest/gnfsbhj6d7qx,1e6a46f733022a79,1024,0/0
/spttest/uhnfbo9okjhd,37b1b26bd8f6bba1,1024,0/0
/spttest/msc5at147p2i,299f9889648ef2aa,1024,0/0
/spttest/5vfcn6sjr4w0,aba4722c3ae5480,1024,0/0
/spttest/ev7kejk7w99,c11c6ca9533f0d,1024,0/0
/spttest/c85dq69rn7kc,16553a05ebc2250c,1024,0/0
/spttest/uw0vidomagp0,386c6655496df904,1024,0/0
/spttest/iauqs8rfvi1j,216e0ab2f31fa817,1024,0/0
/spttest/2b2fno6hbhlb,436fd380e83f6cf,1024,0/0
/spttest/p5yye7dem67d,2df7ea1c2babdae9,1024,0/0
/spttest/sya3iik4i6qz,34e27a364fe2e6ab,1024,0/0
/spttest/842ha540oo3q,ed1c40af7bef006,1024,0/0
/spttest/tev9olqf2v98,35b9f1e1ad7e71bc,1024,0/0
/spttest/olz0iw7scp3r,2cf42670f7cfa217,1024,0/0
/spttest/sbd7bro1fo15,33b8d831c1a29869,1024,0/0
/spttest/nz6dki5w0khh,2bcc0d95881adbb5,1024,0/0
/spttest/81b14esam4z0,eade22034c2dcac,1024,0/0
/spttest/hgg90hp00ilp,1fe3223ed693722d,1024,0/0
/spttest/jwd2ctwksvc9,24590aa6e48f71a9,1024,0/0
/spttest/u5z792p3gdds,371a130c4343eec0,1024,0/0
/spttest/yvmutziw7x3i,3fb5cc68888bbb4e,1024,0/0
/spttest/kfqx6ftlriyr,2554d6669812d1c3,1024,0/0
/spttest/qecx3ns2ilfo,30387b3e88609f04,1024,0/0
/spttest/mpr3mcp9ys4x,297e05fb43c6aff1,1024,0/0
/spttest/4omhjedj2e3w,88e503ba29d9aec,1024,0/0
/spttest/8ke1ukb1069f,fa5c4f8ef308cb3,1024,0/0
/spttest/j63f0lr45er6,2303d6c73fc0f9f2,1024,0/0
/spttest/24q8e9qm5vw9,3e4a6a1103bbeb9,1024,0/0
/spttest/a5xfgv5siy4t,1291268c1b2a3d4d,1024,0/0
/spttest/7jq2hxxleb9o,dc9808efb90d98c,1024,0/0
/spttest/iwf1lprwd1oi,22862436af4d85c2,1024,0/0
/spttest/gqevbzks3dta,1e90ea19c407c4ae,1024,0/0
/spttest/u54u4iqk8uni,370f1e5221a1a92e,1024,0/0
/spttest/mz9g5p2aeywy,29f98c16a7440a42,1024,0/0
/spttest/e81ufprhbxlc,19fb2de85c7bcbd0,1024,0/0
/spttest/ayl9zabj7ota,1405747de347d85e,1024,0/0
/spttest/hltf3au3ksa6,2028d4e944ff472e,1024,0/0
/spttest/nom62550ne0e,2b42de61fe6baaae,1024,0/0
/spttest/oy3tbw5q5vck,2d91c0e75bfb7bf4,1024,0/0
/spttest/l91bepv81d1x,26d1470a1616ec55,1024,0/0
/spttest/zrj8xdn5m3tt,415427503ff2ade1,1024,0/0
/spttest/gnqwcnv6t0pd,1e6e495cfd35bad1,1024,0/0
/spttest/mjif3ubo32zw,292cf498da13f5ec,1024,0/0
/spttest/dumodo0k2m28,194cd8817d853030,1024,0/0
/spttest/gx45ieij6g0c,1ee7f8f64ec3718c,1024,0/0
/spttest/1j4ulu8b2grz,2cc291f8b2dec6f,1024,0/0
/spttest/rvem5ouqulhn,32e986822c4e1a4b,1024,0/0
/spttest/ufaed5krern1,379304a9113dde6d,1024,0/0
/spttest/ssrhl2c73281,349ad108da8ba501,1024,0/0
/spttest/6hdmdgotb3zi,bd76b0318a2c5ee,1024,0/0
/spttest/pr9ecku4l7l7,2f0c751ed6af15ab,1024,0/0
/spttest/zzkygcczk8hg,41bcaf3b5709daf4,1024,0/0
/spttest/smspfih2b0y4,344d51fe379ddf8c,1024,0/0
/spttest/61quqxe8k5fg,b0c5d2d6d59e87c,1024,0/0
/spttest/1murg6vu6iji,2fc7a5e26d0bd5e,1024,0/0
/spttest/kf66qdhsgsex,254d5b2e38b2c3d9,1024,0/0
/spttest/3ilq7v1ot5hj,66c7d5a12bb2d07,1024,0/0
/spttest/xyqdxmqjjxog,3e0a6d0cf7106c40,1024,0/0
/spttest/kb8x168oa9pc,251a625ec1cd27a0,1024,0/0
/spttest/whfb0vmdfoi9,3b55feed65bc5ed1,1024,0/0
/spttest/swuxl7b8h51v,34d0043a878bf7d3,1024,0/0
/spttest/rqucv21vzt4l,32ae42444cda8135,1024,0/0
/spttest/lpe3iip4ffkp,27a5b7adc9262499,1024,0/0
/spttest/6nrh1a4asor0,c2a5a02bbe1264c,1024,0/0
/spttest/roeo86qpaneg,328e9f0559f955f8,1024,0/0
/spttest/8hidqnx0fcnn,f805d2fc89c01d3,1024,0/0
/spttest/7mi8bi8tzpeu,deda4519c81a866,1024,0/0
/spttest/35iqyr0u7nau,5c28dd374e37fb6,1024,0/0
/spttest/20a96pvjd11t,3aaedbce7b92591,1024,0/0
/spttest/4qmidgjv7s4e,8a84ce38d1e751e,1024,0/0
/spttest/l75pfwd4c4ad,26b8e20107ee38b5,1024,0/0
/spttest/89mddbu7b8nx,f19e3a7c44e8f9d,1024,0/0
/spttest/vrq6l3kb36sd,3a0832ea4e47701d,1024,0/0
/spttest/alq5ei7o95zh,135e5a4051fbba8d,1024,0/0
/spttest/9tco1coqz1b9,11edc9b847ddab65,1024,0/0
/spttest/3t16v3xdsyn8,6f3f626f4b1df64,1024,0/0
/spttest/gzbjlk2spre1,1f049e32f8ccbae9,1024,0/0
/spttest/63ehhvbw5pe5,b21e14571bb6bcd,1024,0/0
/spttest/f0ymeu78q5c8,1b72b4a8cac38188,1024,0/0
/spttest/le3in2caisyr,2713049d69e13d23,1024,0/0
/spttest/chtg9vgv4wc,a24ce89586a68c,1024,0/0
/spttest/2qbluarj2im3,4fd23404bbb29bb,1024,0/0
/spttest/ej9fop2y33n5,1a8cccd4b9e06f31,1024,0/0
/spttest/x6a8h97wuagm,3c98e5f96b0dfc76,1024,0/0
/spttest/2wpn2qzhzgte,550231d70f07ce2,1024,0/0
/spttest/4zoi3nyvc2m8,91dec3ce6940f40,1024,0/0
/spttest/k5krd38guwvb,24d0b8b40a06a1e7,1024,0/0
/spttest/crc88gqny5p7,174e7e633a65705b,1024,0/0
/spttest/lvq5rdleit5u,27f80166ab653622,1024,0/0
/spttest/2bxhjyxrmaiu,442318094b6ddc6,1024,0/0
/spttest/q2245apnl2pp,2f98b630a4305bfd,1024,0/0
/spttest/q15wibd6j9sq,2f8d16cecbbc025a,1024,0/0
/spttest/nmt7apmu6ev1,2b2b6d9fa1a196bd,1024,0/0
/spttest/bl66pjmvc3rc,152ac37b34bda508,1024,0/0
/spttest/ibjb5debbjb3,2176e7c9ca49297f,1024,0/0
/spttest/er52fowu3gxu,1af3236a33ad1682,1024,0/0
/spttest/71rjmux7onvv,ce03a463ca079eb,1024,0/0
/spttest/3hflx0v46kn6,65d4ad99d0c4e02,1024,0/0
/spttest/rs0ngv1akcgo,32bd84f1e6075a18,1024,0/0
/spttest/j2bt5kfhluln,22d2e8f8d8e05b2b,1024,0/0
/spttest/gsad1mh30hsr,1ea94437e650c11b,1024,0/0
/spttest/fwkxr6rofewu,1d0d6cd2b59d7d3e,1024,0/0
/spttest/7677zrjclnwf,d19d752d629943f,1024,0/0
/spttest/nffudizorg71,2acbaee27fc16ebd,1024,0/0
/spttest/h8k8s60taw2k,1f7ca91241505ddc,1024,0/0
/spttest/9l5jif63m46p,11834d79d5e5e9b1,1024,0/0
/spttest/am829h0wczkp,1364d0d2d43faf19,1024,0/0
/spttest/jdefx6res5oz,2362bdf2c941c5d3,1024,0/0
/spttest/6zc3g2qqzzre,cc0acb387edc1ca,1024,0/0
/spttest/r7o8rxbjosij,31b541b17247755b,1024,0/0
/spttest/x2mvap090ui8,3c697fe963955370,1024,0/0
/spttest/nhsa93a2b9uw,2aea268db19d20a8,1024,0/0
/spttest/71disr2rame5,cdb2af9239c82dd,1024,0/0
/spttest/n5ctmad9b10w,2a48b3457575f6f0,1024,0/0
/spttest/nez430wcanjz,2ac5a588b0ba61bf,1024,0/0
/spttest/lau0by46xztj,26e89e8dd6216997,1024,0/0
/spttest/wq1kyt4js9al,3bc5f297c666f10d,1024,0/0
/spttest/2rv22qvb88sc,5112528bb0bc57c,1024,0/0
/spttest/gch4yv0jjdd6,1ddbe1f716c42d6a,1024,0/0
/spttest/94h66to0mgp0,10aaae5941d3ae04,1024,0/0
/spttest/ikdjg01w3fdd,21e9ba2c571c3491,1024,0/0
/spttest/isrqbjb6uqxw,2256c30652b5a5e4,1024,0/0
/spttest/mrf5vwy175v6,2993b1e39f054272,1024,0/0
/spttest/5jsj1anu0gkr,a23293e0b6dcdeb,1024,0/0
/spttest/6oypaah7xdf9,c39f30377562d35,1024,0/0
/spttest/bjofaeptjxgj,15175d9c034fd123,1024,0/0
/spttest/qc4qxwqvmw0x,301b8dfaf3d1b2a1,1024,0/0
/spttest/ve71evej91aw,39586e4ef689c9d8,1024,0/0
/spttest/3vefmv6qd67e,712b7f515f702aa,1024,0/0
/spttest/i117m8005xxk,20ee7b87c6913b08,1024,0/0
/spttest/8lydad30unek,fba16f193ad0dfc,1024,0/0
/spttest/u2v778vq0mbu,36f1a9aca823e70a,1024,0/0
/spttest/t44mq2jhrwds,352e70d4d9f859b0,1024,0/0
/spttest/nlstuoymk9hh,2b1e4ddeb51e0b05,1024,0/0
/spttest/ilgm45u1veqi,21f7d3636129855a,1024,0/0
/spttest/n1phgnexswog,2a194fd7208abd70,1024,0/0
/spttest/hz8xadwzq928,20d74976223b8360,1024,0/0
/spttest/98a1twua0n6o,10dc119d4f983760,1024,0/0
/spttest/b1jj6iaq8743,142bcb21d89e3803,1024,0/0
/spttest/pxbpff75vysv,2f5b39d2d83e12ef,1024,0/0
/spttest/1s6ryhzzpon1,341c2600f9f47fd,1024,0/0
/spttest/1mpwsq67kqno,2faba3fba5ca2f4,1024,0/0
/spttest/by489oa4e8y9,15d2eb152bacd0d1,1024,0/0
/spttest/1430ui5zuo0,e767cc9401300,1024,0/0
/spttest/u1pss83nc18f,36e2b995bb9d743f,1024,0/0
/spttest/zls3n89427lk,41096988f38b1af8,1024,0/0
/spttest/q2yptq5haq45,2fa47998a91667b5,1024,0/0
/spttest/m3cpvt7dh8lt,285b11ee61db7ed1,1024,0/0
/spttest/63ioyd0cshht,b2365e14cd02391,1024,0/0
/spttest/uuomsfws0bb7,385afe4856f94543,1024,0/0
/spttest/f5icvax570pt,1badc8911478a861,1024,0/0
/spttest/oi5sjgkpiv0f,2cc2a3818f02b67f,1024,0/0
/spttest/n8vglnalycob,2a7664a3224ec1ab,1024,0/0
/spttest/g4300vqg9zk4,1d6ede122d24c444,1024,0/0
/spttest/oyyhkbfyyb0l,2d9cd2215a5b1a45,1024,0/0
/spttest/78217tpn4uv7,d31f29c1cec8043,1024,0/0
/spttest/4qp6h8k5mr9a,8a943793409e87e,1024,0/0
/spttest/h7vykhln1jdi,1f73e60744b91356,1024,0/0
/spttest/kwcbooiar68i,262c63766d2daa52,1024,0/0
/spttest/v7keyjhaog5y,3902550e369745d6,1024,0/0
/spttest/b90venygjb7u,148cf98f6bb2878a,1024,0/0
/spttest/r7u00l9vwndt,31b7556d9ab5d161,1024,0/0
/spttest/eifvcd4v1xuz,1a8221f5134040ab,1024,0/0
/spttest/jx3wgefl5sk4,2462b97447e0d0d4,1024,0/0
/spttest/e76c7n0kcsnr,19efcfbb7f1be017,1024,0/0
/spttest/3kbrz53mi5bz,682e0b16295bd7f,1024,0/0
/spttest/eds0xbha81qn,1a45926a3966d8cf,1024,0/0
/spttest/lftd9c9mtci1,272955a38c0e7e89,1024,0/0
/spttest/ctbsj9rtb930,1768509e63ecdbbc,1024,0/0
/spttest/771t4qurz0f0,d24e09b7a7dbfdc,1024,0/0
/spttest/2ro3g7mrz80n,50ea21b5e879657,1024,0/0
/spttest/hmjtvtdk8s6i,20325c705618b8aa,1024,0/0
/spttest/6j7t0g7bvwva,bef4c595e651f26,1024,0/0
/spttest/r7dcsrgo4w2f,31b153f71d9a8357,1024,0/0
/spttest/21zcen8h03v1,3c0f8768762d48d,1024,0/0
/spttest/jo6880z3l1fc,23eea9129e924978,1024,0/0
/spttest/egn85d0lpnab,1a6acee0abfb8723,1024,0/0
/spttest/fq3l5lymeo73,1cb93ab1fcec9fff,1024,0/0
/spttest/fx0uqsko6tzp,1d132afd50670555,1024,0/0
/spttest/lkqa874mvg1i,27692b09fa9238f6,1024,0/0
/spttest/j9n5jts284dr,2331eda025178a2f,1024,0/0
/spttest/f4bd98huu0kr,1b9e45b9acfce06b,1024,0/0
/spttest/jw033m502ktb,24545bc6139029df,1024,0/0
/spttest/m1z4meukat0p,28492d560133dd69,1024,0/0
/spttest/b0ydowb3rupg,14242950a692c334,1024,0/0
/spttest/j0xcr69g2qkb,22c0b47b4566e6fb,1024,0/0
/spttest/t8iny310pulb,35677626938dbb1f,1024,0/0
/spttest/bjx4kt4kn1dv,151a8170f4155ac3,1024,0/0
/spttest/rwnae882cvyg,32f9a4e604b78ec8,1024,0/0
/spttest/6inh7huo47qi,be7f6b26e7a202a,1024,0/0
/spttest/3upavxf1wcwk,709a69178791654,1024,0/0
/spttest/u2v9yeqzguri,36f1b0bdf17e0abe,1024,0/0
/spttest/telgwdaceywx,35b668b68be86c41,1024,0/0
/spttest/bjlhg546rpue,15164e0b7dec6196,1024,0/0
/spttest/n6gpglhijg56,2a5717550f695e7a,1024,0/0
/spttest/qhwu01ohmw7v,3066a26ca4b06d9b,1024,0/0
/spttest/f0h9by32vdsp,1b6c70d680736599,1024,0/0
/spttest/ehxpsotiqk6m,1a7b9519052a4eae,1024,0/0
/spttest/ol1x1n3bh0bo,2ce8355cbbd3a2e4,1024,0/0
/spttest/8gktzge5o3jj,f744258738704ef,1024,0/0
/spttest/23u7rd7nnqk8,3d91936886c6938,1024,0/0
/spttest/sch5imyl45en,33c74248361bd15f,1024,0/0
/spttest/mj0byzc0553r,29266decc7620917,1024,0/0
/spttest/hvpq7u814oam,20a9648d79b7b4fe,1024,0/0
/spttest/fsnliq6bhljz,1cda6d8229df6a5f,1024,0/0
/spttest/jiqluqxlfjjm,23a813df2c6489b2,1024,0/0
/spttest/je2xo0fi7ndh,236b9450fc016015,1024,0/0
/spttest/y21acwenslkq,3e3553b25371cb3a,1024,0/0
/spttest/qive7ayp5xvp,30731ac711231bc5,1024,0/0
/spttest/gow56j9dwuf3,1e7d2b1dd27d02ff,1024,0/0
/spttest/fmo6j5zb97vc,1c8cb3e17e84f718,1024,0/0
/spttest/mclpl928wdfr,28d337cda7992c07,1024,0/0
/spttest/v59mecjemp52,38e4759417f762c6,1024,0/0
/spttest/o49t5zx4rb5l,2c0e3cfdb9c08939,1024,0/0
/spttest/tluikvpv63vg,361499231d12cc1c,1024,0/0
/spttest/t0wj3q5f51z7,35048cd3511e9c43,1024,0/0
/spttest/d092o9ic1nyr,17c2425324a7d393,1024,0/0
/spttest/tt1sx3xfzn4q,3672270a94bc62da,1024,0/0
/spttest/dq41kyu88zva,19122a5b9a60c796,1024,0/0
/spttest/rrcr7yom0eda,32b4e5bc6b225ebe,1024,0/0
/spttest/mnbehetlkghs,295e617297ec7980,1024,0/0
/spttest/tkibxyoyqx2n,3603366ef6d34bef,1024,0/0
/spttest/2bucmu9nz25b,4410fc5efc7909f,1024,0/0
/spttest/s13oly467b3d,33338449d838e9e9,1024,0/0
/spttest/eibxja2kjveb,1a80b61bd7c661b3,1024,0/0
/spttest/2ivuk7n9m9kp,49c86ef720baef9,1024,0/0
/spttest/6wk76phl912i,c9ca178f55a96aa,1024,0/0
/spttest/f4niv4a0czz3,1ba2a88862c7a91f,1024,0/0
/spttest/gexxik83v7cg,1dfbeb9dd7aaf9f0,1024,0/0
/spttest/sfdl0p8kzhi0,33ecf05a7cb08758,1024,0/0
/spttest/6dsmpt58smm7,ba8e0638415ad7f,1024,0/0
/spttest/uzpcobrcv52t,389c32fbbae4b375,1024,0/0
/spttest/dvwxfsnml9h4,195d88b053243538,1024,0/0
/spttest/372wi0o1h6le,5d6d0a656ddbca2,1024,0/0
/spttest/gzqwxnfdk1s,dcba0dcb5de1c0,1024,0/0
/spttest/br0l6qn166qe,1576adf56b64e496,1024,0/0
/spttest/c9kz85023w23,1667d7f72126570b,1024,0/0
/spttest/gyjw697v9f3g,1efaa4272734bfac,1024,0/0
/spttest/wu2zogufk76i,3bfa69bcde80085a,1024,0/0
/spttest/tauxie9eimv7,3585dd9f6f703643,1024,0/0
/spttest/h0ku7go7h8ls,1f14f5fd35f1ccd0,1024,0/0
/spttest/a7lrkwkmzsgo,12a6ebb8196020d8,1024,0/0
/spttest/z0v5apnjzmcf,3ff9bc7ce39d1adf,1024,0/0
/spttest/4e12ezyme84c,804b121d5946e9c,1024,0/0
/spttest/8txqiohypy87,1021c693c556bf87,1024,0/0
/spttest/d8q6b899or9d,183057f90ddb4d01,1024,0/0
/spttest/lzxuyo213o7x,282ebdab7e71865d,1024,0/0
/spttest/45d8bu1loury,7942d68e0e32ace,1024,0/0
/spttest/149va325hxr3,20b21d76b50e21f,1024,0/0
/spttest/48clyrxofegq,7baebcd499162fa,1024,0/0
/spttest/h060051ec8yi,1f0f9b5696dd7a5a,1024,0/0
/spttest/lx24bpgs3x1x,28094f64e14bf615,1024,0/0
/spttest/qjgvra85adl6,307adb8d9213084a,1024,0/0
/spttest/f1wgntgvek1z,1b7eea6cc4cbac07,1024,0/0
/spttest/uxmotx599yjo,3881428da1814424,1024,0/0
/spttest/32oh4prgf4wg,59da70855a6b290,1024,0/0
/spttest/8y37i71rqsh1,1057b507768ea1a5,1024,0/0
/spttest/1o9by75hytyp,30eb961075ea131,1024,0/0
/spttest/iq4u8lu7qz1l,2234861892d222e9,1024,0/0
/spttest/6yfgng5pgp8e,cb4e66e114690be,1024,0/0
/spttest/mxqv8b1tq2h3,29e5da820bd32007,1024,0/0
/spttest/fd67wqua6w5x,1c115179bb830a55,1024,0/0
/spttest/oyhw5kucvme,1443097833b2916,1024,0/0
/spttest/mewozwm85948,28f128d89b579d68,1024,0/0
/spttest/7jhept6hb56l,dc66098329687fd,1024,0/0
/spttest/78wf2zuybdvw,d3ce93bdff9650c,1024,0/0
/spttest/qaky61zvn8b6,30076be656d604d2,1024,0/0
/spttest/y0y9tz6pismi,3e273ffc890b626a,1024,0/0
/spttest/kcaqt035z1zc,25280862e45845c8,1024,0/0
/spttest/39hszxtv63,12d773fe4700b,1024,0/0
/spttest/zc3zdd501304,408bce6b9ed20974,1024,0/0
/spttest/95fxtruhdujl,10b739c7de3db4e1,1024,0/0
/spttest/9pfblk1ltkip,11bac9e1e8a96621,1024,0/0
/spttest/5hjj7rosd2h4,a05efe0455fb9c8,1024,0/0
/spttest/lked2b5hnqc6,2764dde5d380fa16,1024,0/0
/spttest/kwyno92bjrjt,26347252a189d539,1024,0/0
/spttest/av794gdpjjsc,13d96d5e6587f7ec,1024,0/0
/spttest/vcxl0grfxfx4,394807a87f5189d8,1024,0/0
/spttest/4i2lptpb5wij,839340c804e32db,1024,0/0
/spttest/aizu6xkfsqbm,133ae1666baa4342,1024,0/0
/spttest/yqcmjuz200uh,3f712931baa05249,1024,0/0
/spttest/qvw287insir6,311c34c224debcf2,1024,0/0
/spttest/xapij1gumvps,3cd25e4f54ef3810,1024,0/0
/spttest/cvu5524zb3kb,1788ea1a5235d9cb,1024,0/0
/spttest/dmwakq92541b,18e866b77d1549af,1024,0/0
/spttest/pg3plzp9kelo,2e7b85fb426ea3ec,1024,0/0
/spttest/xz1xxjmt5ax3,3e0e98692dfe8b87,1024,0/0
/spttest/vijqq86nzao,1995c3decc51870,1024,0/0
/spttest/f3sgb1tvg8bx,1b97728e2de6712d,1024,0/0
/spttest/91bysewg437v,1081d5bfee31594b,1024,0/0
/spttest/pvg3lntfkx1z,2f42d52617ac9757,1024,0/0
/spttest/s75odp3jnu4x,33822bfa2ff5a751,1024,0/0
/spttest/xoc3x9zqxkso,3d8361a516677d88,1024,0/0
/spttest/j5zgm1x71jv3,230269665c8835cf,1024,0/0
/spttest/6xjvtjqd8jd9,ca98191527e590d,1024,0/0
/spttest/ml1hwb5hy1y2,2940d402cb13d35a,1024,0/0
/spttest/uxr0ht9cy7yd,3882d1f3e27ebcc5,1024,0/0
/spttest/lj7f8y1tc3rl,27555faaf9179f11,1024,0/0
/spttest/7ajt7o86l2au,d525736e9e424e6,1024,0/0
/spttest/9p6rowmp4wwg,11b7b3dc0c095090,1024,0/0
/spttest/txf1bj44mhg2,36aae268d84905d2,1024,0/0
/spttest/ynugdbyvxtyt,3f50a03145734cf5,1024,0/0
/spttest/8cxre08pfhuq,f44f7720bc76122,1024,0/0
/spttest/80fl2cyeppa7,ea28982f625223f,1024,0/0
/spttest/plxxy0pb3i6t,2ec760b2284fedd5,1024,0/0
/spttest/7fzcwtfic1j8,d98e59054fa50c4,1024,0/0
/spttest/2plj5hs2k7sf,4f3bac70209e66f,1024,0/0
/spttest/i3qljsx1ro4w,21119eff9c2df7f0,1024,0/0
/spttest/96egxt31k6xk,10c3af56a2eafd18,1024,0/0
/spttest/e1jqlbk7z7bd,19a6b5e0132836c9,1024,0/0
/spttest/1pc2v1obv5n,162174ca899e7b,1024,0/0
/spttest/vhtmazteiwu5,39878bc8fc4088bd,1024,0/0
/spttest/40l9or4vh8km,756218efbcb04a6,1024,0/0
/spttest/fitnx6r2eyh7,1c5ab9501378d40b,1024,0/0
/spttest/9w9fdmgmd8ma,1213962af8ef22e2,1024,0/0
/spttest/empssodcgz4l,1ab9ac21c4d275d5,1024,0/0
/spttest/swvg5rk5bxco,34d033e0d6876298,1024,0/0
/spttest/wmr14jl7fn9z,3b9b2c3bba822e97,1024,0/0
/spttest/qi53xxjbr3bs,30699ee09f05b098,1024,0/0
/spttest/o0j0y6udjcdu,2bdd9b3f89250a72,1024,0/0
/spttest/pwyx563kgar3,2f569cd4fe16ba6f,1024,0/0
/spttest/ce5n5v0xvmht,16a341c60e4974a1,1024,0/0
/spttest/uhza66eimydg,37b5f99e9a088184,1024,0/0
/spttest/5s2r97v2qx1,4b13ab29413fc5,1024,0/0
/spttest/lsge2bi47bw4,27cd83412b0b73f4,1024,0/0
/spttest/712cd9gv88db,cd7226c83ef6b5f,1024,0/0
/spttest/an4kb122wkm7,13708ae7015f8a5f,1024,0/0
/spttest/46iv25iwz70z,7a332d4a76b8653,1024,0/0
/spttest/q92eftgwvh2h,2ff3bd6512855829,1024,0/0
/spttest/4cc3r2wn43u8,7eeb218a3c6c370,1024,0/0
/spttest/67g1tbzhsbzc,b5666cc90c038a8,1024,0/0
/spttest/tad0ziy1lzz,17c6d8d99ec3f9f,1024,0/0
/spttest/13ox13dpmf7m,203929961b77382,1024,0/0
/spttest/14xtkoygly30,213c64dc5faf7cc,1024,0/0
/spttest/pxaie7kw33ta,2f5acb6894f6160e,1024,0/0
/spttest/ka24r0t6rq4r,250af256a98ed70b,1024,0/0
/spttest/o565c23zo0fa,2c19e7ff0ab82726,1024,0/0
/spttest/ap9d33pjp8bb,138c40bb4b8bdd57,1024,0/0
/spttest/4wghxk21it9b,8f411161d80cd9f,1024,0/0
/spttest/szc3y5rpakyq,34f0315205ba5da2,1024,0/0
/spttest/5mk4e2dlcyvj,a47187d6f17648f,1024,0/0
/spttest/dytcyvomkw7h,198336d539e9860d,1024,0/0
/spttest/7zvhzsdclbxb,e9b4a441d028f9f,1024,0/0
/spttest/lo7cnjs3s2kt,27964b4b8438bf0d,1024,0/0
/spttest/g9e6r64zzggq,1db3d9ac76fdf11a,1024,0/0
/spttest/a0y7g8xa83vs,12507c0fc3e0b3a8,1024,0/0
/spttest/bjkb8uq6317p,1515e1c3313176e5,1024,0/0
/spttest/3443c9zptzzc,5b046cc94301068,1024,0/0
/spttest/gge8yv9sguox,1e0ecc26a9f0cf61,1024,0/0
/spttest/ubqcwqt5y4au,3764d1ca3e30a346,1024,0/0
/spttest/awr4cz9wcqkz,13ed95c4db872593,1024,0/0
/spttest/fdqpykt5kzlz,1c18b727b4166a47,1024,0/0
/spttest/smn4je4db9sq,344b4e8bfc51635a,1024,0/0
/spttest/495ghajvv5jm,7c55467ee37b8d2,1024,0/0
/spttest/v1d170auuvsw,38b1bb9eb41a0280,1024,0/0
/spttest/1lj4qwxcml05,2eb4acfc5e743d5,1024,0/0
/spttest/by5mde3s7m67,15d36ba3098913ff,1024,0/0
/spttest/v453b3hvequ7,38d5d5ddfeaad25f,1024,0/0
/spttest/4ml5fixgec75,873da4927a14941,1024,0/0
/spttest/a2fdpt74k4m5,1263aba79c11645d,1024,0/0
/spttest/8ix6fra8anxo,f92b13aad5577ac,1024,0/0
/spttest/dz4jthehpj9e,198740759deb26c2,1024,0/0
/spttest/j0c5ybyq40v4,22b90f4c52962f60,1024,0/0
/spttest/tpj0qux5ptc1,3644685af7f409c1,1024,0/0
/spttest/akbc2shheedi,134c0498b0fd1546,1024,0/0
/spttest/usrzyoq61x3j,38423aac93accbcf,1024,0/0
/spttest/7cb16ij9q7uv,d6926db86651f47,1024,0/0
/spttest/3ob2v0hdpj08,6b69547eedbfd78,1024,0/0
/spttest/5247c1fcx83z,93d9104343bdf4f,1024,0/0
/spttest/6ogo9kvacku8,c3371c4c8d89a80,1024,0/0
/spttest/x09f2adluwsa,3c4aaaf59990aa7a,1024,0/0
/spttest/6cyf9bbti13a,b9dfa3491760f06,1024,0/0
/spttest/hogw53stovs8,204b47a4259753e8,1024,0/0
/spttest/kty1hc05fzjj,260d419cbc1b86af,1024,0/0
/spttest/5q2tjuk2u76a,a74cf71fec531d2,1024,0/0
/spttest/g0qq6bw22cm0,1d43789cc6369e58,1024,0/0
/spttest/fo4ojouxljlr,1c9fa5403dcc8f7f,1024,0/0
/spttest/1l4yq0cve4i3,2e62e3270b8bd4b,1024,0/0
/spttest/qbevdsxco5sx,301237cd4969e361,1024,0/0
/spttest/8wxc0z2foqmn,1048992a1a9683cf,1024,0/0
/spttest/jooqwmcjsiwg,23f557a357a851b0,1024,0/0
/spttest/8oa927wqbk23,fd85b08501e044b,1024,0/0
/spttest/vwhmm27fqb2m,3a460f01801f458e,1024,0/0
/spttest/whbkhwr8zdwj,3b54a5c2a289c523,1024,0/0
/spttest/64cibqnulz7o,b2e27eba0eb9f84,1024,0/0
/spttest/n50nw83ijk2h,2a44502a7a52aa59,1024,0/0
/spttest/ho07gzdj7afe,204542738250a78a,1024,0/0
/spttest/qqny7gyhd4ii,30d855368b49911a,1024,0/0
/spttest/555j8hj5cafa,96503b0e9bc20c6,1024,0/0
/spttest/t5o093z2dio0,35426bcc075ebdc0,1024,0/0
/spttest/xkn2qwzyzthp,3d5361a64457ce0d,1024,0/0
/spttest/p8hbef4hdr0a,2e18849f56707afa,1024,0/0
/spttest/i3zcekpfuo88,2114c6d9156d0928,1024,0/0
/spttest/cwabh8r3j22f,178ec041fc978037,1024,0/0
/spttest/ez6djbd01nyn,1b5b86519e64f38f,1024,0/0
/spttest/up5dr16j2vre,381319cf50c9a84a,1024,0/0
/spttest/gncevlxqn66d,1e690f5fc2de0d05,1024,0/0
/spttest/9pci8fe2rcay,11b9c5cd6ef1a10a,1024,0/0
/spttest/mmn6m7kymbdx,2955a46cf1810525,1024,0/0
/spttest/cw5z9u1xiv10,178d2f77a5c0f294,1024,0/0
/spttest/op94y5fe7svd,2d1ec53e8d93c7e9,1024,0/0
/spttest/kx8jfmczry8h,263803207f48b911,1024,0/0
/spttest/h9ddrk1iqqzr,1f872c8926ca0127,1024,0/0
/spttest/j2wzcwaey5j2,22da8c9f4b19867e,1024,0/0
/spttest/fflhfgtfl1ad,1c30cdf061ffbcc5,1024,0/0
/spttest/x07qzda4bwh7,3c4a10cde265f52b,1024,0/0
/spttest/v3t26j3d2vhx,38d17e8e9708d4f5,1024,0/0
/spttest/ud8biqochz07,37784a1c7b02d777,1024,0/0
/spttest/wl349fg382j3,3b858e2f2cbf11cf,1024,0/0
/spttest/dciguxh0ytg6,1861851da3a23d96,1024,0/0
/spttest/3kxzuc5u4rxp,68ae4fa6790b86d,1024,0/0
/spttest/33fomvn2wur4,5a7783ae98fd1b0,1024,0/0
/spttest/ou6oz0x75amg,2d5ed5cd22d91008,1024,0/0
/spttest/k2vhl06w1zsr,24ad9fe3dadda37b,1024,0/0
/spttest/axl2ns6wzjdt,13f8647463d0c4e1,1024,0/0
/spttest/4ml62bzhurxo,873dbe948ba35ec,1024,0/0
/spttest/i1m44navr5k9,20f606504287abe9,1024,0/0
/spttest/1tzjcv6z0x65,359203e2c7e72ed,1024,0/0
/spttest/6c7c4t2jon4z,b94343e84939623,1024,0/0
/spttest/3g5h7an5w6yy,64ca5d065cb2c4a,1024,0/0
/spttest/tu3fqaa7mbdo,367fbb316a31d21c,1024,0/0
/spttest/asv3vxz9kact,13bb11003703566d,1024,0/0
/spttest/4la6ip5kj2o0,862e7c5319a6c40,1024,0/0
/spttest/1w8n80zu5rgf,37663fd2052643f,1024,0/0
/spttest/6q48ytb82naf,c48f09bf4554667,1024,0/0
/spttest/arvbe3766y8f,13ae26ff7194e4cf,1024,0/0
/spttest/4ip3q87k7ng3,841525cee328273,1024,0/0
/spttest/x0yi4xwgu76a,3c53b80d49b81fd2,1024,0/0
/spttest/g8wl73oqhs71,1dad801a0fcc52fd,1024,0/0
/spttest/8nyiq80txdc1,fd41f6a9753fec1,1024,0/0
/spttest/t29vx1pj7tt9,35165bbf9eeed9ad,1024,0/0
/spttest/nj53kmwqvzht,2afbc375b134ff71,1024,0/0
/spttest/bdfv0yz2qrw,93bb4f2e497f0c,1024,0/0
/spttest/122zhygag2io,1eeab9313635ac0,1024,0/0
/spttest/574gv9m04vrj,97e9bc3333ee1cf,1024,0/0
/spttest/gvnxhcs9iyz0,1ed521366a221a8c,1024,0/0
/spttest/2j4mbts3o3r2,49fb120284f8bfe,1024,0/0
/spttest/mju7lrm9llt0,293135c46a5112a4,1024,0/0
/spttest/sc3mwuzxnep4,33c261c23c70b728,1024,0/0
/spttest/5ooy38vjd1ji,a62d0adc6ff580e,1024,0/0
/spttest/g5se677k3gxm,1d8504d5777a787a,1024,0/0
/spttest/5paqoepg2elj,a6aadc31ad0aa67,1024,0/0
/spttest/nwcn52n5uqib,2ba75894d79722b3,1024,0/0
/spttest/al5bczyrl9sj,1356d5ce332617d3,1024,0/0
/spttest/1z3uycmuurwy,39ba1c11d541ed2,1024,0/0
/spttest/xybqj2vycmp2,3e0523d858ad1be6,1024,0/0
/spttest/c05efp7ickah,15ed51c9e0010fb9,1024,0/0
/spttest/gjuo2xauj7ek,1e3bb096c6f6823c,1024,0/0
/spttest/xhhnuns0nyoc,3d2a75d171bbef4c,1024,0/0
/spttest/4sf2b6bpb9fb,8bf979bfa92e977,1024,0/0
/spttest/3b245in2g8jj,60a7cf19aa5ed3f,1024,0/0
/spttest/f5ciejq0p7py,1babac8eca6e4b56,1024,0/0
/spttest/ou1hobr1xdpa,2d5cf53cafe1609e,1024,0/0
/spttest/kztm21ppgxh8,2659981a7afc5a7c,1024,0/0
/spttest/rrn3u3z3j78u,32b8a1c94b36aa6e,1024,0/0
/spttest/6ecurq5qhc4j,bb02c6a9f3245a3,1024,0/0
/spttest/cnt0l341oh2h,172097fe7c920d69,1024,0/0
/spttest/jwoquhfrxrge,245d418a2551303e,1024,0/0
/spttest/1ilkp73998u3,2c534b54212d9fb,1024,0/0
/spttest/os9losv1m3zu,2d45e7f76ff7faba,1024,0/0
/spttest/ci3k76hq7dud,16d67675f1129fd5,1024,0/0
/spttest/fyuu2eq6qm2p,1d2af98e3a46c041,1024,0/0
/spttest/gb1sqe5r7jtx,1dc95bcab7b3ef25,1024,0/0
/spttest/oup2cpngd4f7,2d6576c2a781b3a3,1024,0/0
/spttest/d6jjtrw9pk5v,1813f98f05c04b53,1024,0/0
/spttest/4332y0hq31yl,77689665b83eaad,1024,0/0
/spttest/p3s58z97ubv6,2ddb7a9b60eef292,1024,0/0
/spttest/m5y8lfr6m59i,287cd03034060626,1024,0/0
/spttest/tmrujsq2gw20,3620a0005a627048,1024,0/0
/spttest/ab027yp5xeq9,12d30bf22ed7d1d1,1024,0/0
/spttest/da3h47r1p6og,184221bd8fca4b10,1024,0/0
/spttest/pu4hxz4nej2q,2f31a8459488cf12,1024,0/0
/spttest/gdwwozxdnesp,1dee8fe270b22ba9,1024,0/0
/spttest/2dj414j8yk6r,456fc297c3a4eb3,1024,0/0
/spttest/lipzu1ubp0wh,274f15dc01dc83d1,1024,0/0
/spttest/7xfw0byy0908,e7badd20d330798,1024,0/0
/spttest/4lgugbjx0bn6,8654f639c0fd7f2,1024,0/0
/spttest/dk2o8ptstyhb,18c3bc388ce213cf,1024,0/0
/spttest/i5xddexkmxmo,212e0b1ba87d2bc0,1024,0/0
/spttest/kw3hbhuw8753,2629329a7a52fe27,1024,0/0
/spttest/j5y73jcxaw9b,2301f49eb1fd22cf,1024,0/0
/spttest/b9so2bytl94,926ab200859ed8,1024,0/0
/spttest/wtqclr4x6cyg,3bf5da1cc4a2c818,1024,0/0
/spttest/p4fzek8027k,14655e6bda68330,1024,0/0
/spttest/j1xqqra5j246,22cdd5a12c5f4e76,1024,0/0
/spttest/457y24nuj06p,79245380b99e1b1,1024,0/0
/spttest/baat9izxu7q7,149d8d006bec0f9f,1024,0/0
/spttest/1at5t896ynpd,26007669880f681,1024,0/0
/spttest/30kvx2ouh572,58260fd021fd28e,1024,0/0
/spttest/3f0cykjw1drm,63dcfd4c5dd07f2,1024,0/0
/spttest/u2wot0j70la4,36f2333664933ebc,1024,0/0
/spttest/9w6o5dlybr3q,12129791475a43f6,1024,0/0
/spttest/fjeokgumo3er,1c624eb483b23543,1024,0/0
/spttest/jqpjc2jlw2vh,240f9b18394b578d,1024,0/0
/spttest/ue3mdelirchf,3783955ec0ae5df3,1024,0/0
/spttest/d7ktwlcp8r1t,18216d0ad817f3f1,1024,0/0
/spttest/pnknxsp5v75r,2edc90bfa0935eff,1024,0/0
/spttest/a6utw0el1nnv,129d33b321cd5b0b,1024,0/0
/spttest/nrlph93kkg5k,2b69ab9c8f15dec8,1024,0/0
/spttest/m6fs66wwb0es,288324ad725856d4,1024,0/0
/spttest/pb0nhgfkxhy8,2e39792367a24920,1024,0/0
/spttest/8bd498t7m8ir,f308778b2988fa3,1024,0/0
/spttest/g9fs6fxqjpyq,1db46d030ac6f832,1024,0/0
/spttest/gud9r5wotkpl,1ec44b64c7f9b619,1024,0/0
/spttest/bycavmzl3dsz,15d5d4b9c2b029a3,1024,0/0
/spttest/9vdxvbyq4s3w,120839d490abf94c,1024,0/0
/spttest/fvxk256hzet3,1d04fd369f4c8eb7,1024,0/0
/spttest/3n258s78sob7,6a65ed2b3b0ae13,1024,0/0
/spttest/ax551tevc1x7,13f2a4b1cea41bbb,1024,0/0
/spttest/l31w81u86bv7,26838ce7c155d193,1024,0/0
/spttest/gagqymnz1uqg,1dc1c383a3d0f0d8,1024,0/0
/spttest/403m6qcl6oit,74fc3003bfdc6a5,1024,0/0
/spttest/atidx5etwahe,13c37736d8f9c212,1024,0/0
/spttest/e0yb3dhqckpp,199efa605949c1dd,1024,0/0
/spttest/6zywbb87dqza,cc8e6deedecc0d6,1024,0/0
/spttest/d4rqw5cbsgwy,17fcf41eedd72fa2,1024,0/0
/spttest/mvmp2dk4mfyr,29ca5eb445dc9e53,1024,0/0
/spttest/695w98sz1q4n,b6cb75e9518ed87,1024,0/0
/spttest/baji225k581t,14a0af8f58e22001,1024,0/0
/spttest/6qgeptgvuwaw,c4d53c81c21ce08,1024,0/0
/spttest/iezci4q3qs2e,21a3a8eceb095b96,1024,0/0
/spttest/3ik7lm549te,2daa41855957b2,1024,0/0
/spttest/to6iltxn5axd,3632e823244a7191,1024,0/0
/spttest/cp10elp5d8qk,173077bc122b667c,1024,0/0
/spttest/b6pg9g15160q,146ee0232590ddba,1024,0/0
/spttest/94udf7h2hnot,10af71b19dc8e82d,1024,0/0
/spttest/7f5kdlvix7lk,d8e25ac760c62b8,1024,0/0
/spttest/uot1kj312n0c,380ea62356cb9dfc,1024,0/0
/spttest/vttyl2kqarg6,3a238a5f9ab63376,1024,0/0
/spttest/nljl6gqqbfsl,2b1af84d7d8ea6b5,1024,0/0
/spttest/5erewvxgf7ja,9e1d00358f8f7e6,1024,0/0
/spttest/oopdrhl2xy97,2d17a47f296cb1ab,1024,0/0
/spttest/qhoysyx38c22,3063cbcd9183160a,1024,0/0
/spttest/nnapitdz3nn5,2b31bea539944171,1024,0/0
/spttest/3ttv8f377j5g,6fe4efd8c2f9fb4,1024,0/0
/spttest/6jdjwihkhhmt,bf15f2f98e00b85,1024,0/0
/spttest/7qvnrgigv3z4,e2671c1ad847de0,1024,0/0
/spttest/bqbri6lzs3tl,156db8f682265959,1024,0/0
/spttest/7l4c0cnkelky,ddba35fef9074c2,1024,0/0
/spttest/2c0gn9sol10o,4434446ca5f5068,1024,0/0
/spttest/1wfg8s25rw3x,378d8a8d90d084d,1024,0/0
/spttest/pih0cxdhxlt8,2e9a4cdc137601ac,1024,0/0
/spttest/ezzd741e0a1t,1b65fc20cafaa4e1,1024,0/0
/spttest/lbque428e9of,26f477773566387f,1024,0/0
/spttest/43lqb3erohw9,77d43f93ac25399,1024,0/0
/spttest/13r4vmgctfxd,2045f78d787e1e1,1024,0/0
/spttest/xdboboq42uwx,3cf457cb96477501,1024,0/0
/spttest/hoppgjihm79n,204e75cf5b52374b,1024,0/0
/spttest/25z9wnz3a0be,3f4e713b16fdf1a,1024,0/0
/spttest/3gj8324l939l,6519b9350181dc9,1024,0/0
/spttest/udzf8yfilppn,3782119e9c49836b,1024,0/0
/spttest/zqlrfc99ytni,41481241eb98b79e,1024,0/0
/spttest/hkpiktdykuto,201a6f2090e85f0c,1024,0/0
/spttest/vkts6xpxu1wn,39ae92a92783ba27,1024,0/0
/spttest/e9rxaecf5iys,1a11940e9d226e44,1024,0/0
/spttest/ltyyuiunwtjg,27e134772b78ac8c,1024,0/0
/spttest/vcgo339c9z34,3941ed48525a59e0,1024,0/0
/spttest/mlwrw4vtj6jk,294c1d12659e00e0,1024,0/0
/spttest/wblf28o4of4q,3b0a43f4e71f469a,1024,0/0
/spttest/fvae9ipw1pft,1cfca1dff234bb09,1024,0/0
/spttest/bq2qhiiy0fs0,156a770907ba99e0,1024,0/0
/spttest/7b8tk43si36t,d5b5d4ea8f0a8a5,1024,0/0
/spttest/apz39qcjfjki,1395891edb2893d2,1024,0/0
/spttest/st6c7p5007s3,34a02cc6d175ab63,1024,0/0
/spttest/n1lxwp1a5f5p,2a180890403459fd,1024,0/0
/spttest/2u04g67kknj6,52cf39a2d0c2422,1024,0/0
/spttest/9arsy0h00q5t,10fc73f4df91e871,1024,0/0
/spttest/tmlbwizfya7s,361e45f303536338,1024,0/0
/spttest/8jpao8695bi3,f9cd6682096ca7b,1024,0/0
/spttest/bgaoihdq2hmr,14eb7059f20703c3,1024,0/0
/spttest/g4x7q0xffdyk,1d79c4deefb8076c,1024,0/0
/spttest/agds8bpllt3t,1318f1c0c3db6f99,1024,0/0
/spttest/j9xry9ed8qno,2335c2c8b2d36df4,1024,0/0
/spttest/luc1vtez4xsw,27e5ed0acd990f20,1024,0/0
/spttest/a53970q0gksr,128643675259354b,1024,0/0
/spttest/kkelqiz5i2rx,259156e863400f8d,1024,0/0
/spttest/q14tw1i8yhjk,2f8cb3b871c92d50,1024,0/0
/spttest/pwwua23xclal,2f55dcbf22b143cd,1024,0/0
/spttest/sa5ofoic2ulr,33a923e38c705b6f,1024,0/0
/spttest/6ix3req51b7y,beb6fe0b0205c0e,1024,0/0
/spttest/tlngrvp5tupp,36120ded401f19bd,1024,0/0
/spttest/qc30xz5idxa4,301aeee80a4ddfbc,1024,0/0
/spttest/x6yytz8xf67q,3ca1d26de6841e36,1024,0/0
/spttest/gztec58x1mfv,1f0b0f53e71c58db,1024,0/0
/spttest/ffwfumn6q8cg,1c34c1f04f070ec0,1024,0/0
/spttest/124f4gsc4ypu,1ef3008a74a04c2,1024,0/0
/spttest/8d1gtgiciicb,f464dcbce42815b,1024,0/0
/spttest/n42xbx22jyqg,2a3823db324d9098,1024,0/0
/spttest/1mept1qoenwl,2f6b042bc038085,1024,0/0
/spttest/g6avlnpwwthp,1d8bb02eac72314d,1024,0/0
/spttest/hsj4bod77l34,20800a6633b96180,1024,0/0
/spttest/c3rebhoziypz,161c395c31d4b347,1024,0/0
/spttest/f7csc856cbhe,1bc5c09049073f22,1024,0/0
/spttest/mklax8x683kk,293afc39b36b6e14,1024,0/0
/spttest/74h1b81hhske,d03675945853fde,1024,0/0
/spttest/vk9fokkpmndb,39a73b32947be8cf,1024,0/0
/spttest/g6jwsmw5sg62,1d8ef28f3ecf45da,1024,0/0
/spttest/s28l0fjg0kkq,33424627d2db942a,1024,0/0
/spttest/rdqrznf6n62o,32041b453f5a1080,1024,0/0
/spttest/8f960lvtmkcg,f630f8a9b177980,1024,0/0
/spttest/fzrf2rg6s3jg,1d36bb3ef9c636ec,1024,0/0
/spttest/nuf4khekp7x9,2b8e43856554905d,1024,0/0
/spttest/ckc4ckn1zii9,16f3879ec363e571,1024,0/0
/spttest/3n86zk3esc9v,6a88d81af70e723,1024,0/0
/spttest/hwkx4v77iils,20b4a5b77e0801b0,1024,0/0
/spttest/6ly8iwbclaka,c12d03d090a40ba,1024,0/0
/spttest/7hu4oqe2k3e4,db0fd223200282c,1024,0/0
/spttest/twdreevui5mw,369d6f5509510708,1024,0/0
/spttest/hi2a0gmx52o6,1ff8122acebe75c6,1024,0/0
/spttest/8cqmiir0srae,f42645c50716526,1024,0/0
/spttest/uhm1gws76n14,37b1328159511118,1024,0/0
/spttest/gjucdus4upxo,1e3b92941c8772cc,1024,0/0
/spttest/u4eudt5l79l9,3705bd689968a54d,1024,0/0
/spttest/wkmlc8iwcfvm,3b7f97be1b2d0362,1024,0/0
/spttest/42vkonfqyzox,773d3f881534f31,1024,0/0
/spttest/wazotew6w25,1a39f781073cfcd,1024,0/0
/spttest/2l1dzd6f0f25,4b8811eb478233d,1024,0/0
/spttest/8neais9z3w9q,fccd2fec36bcd1e,1024,0/0
/spttest/8jq7q9670wlq,f9d2b38df3cf40e,1024,0/0
/spttest/h0nn8wu5f07a,1f15f93c92d10bc6,1024,0/0
/spttest/795unrl4g93f,d405083e1e1fa0b,1024,0/0
/spttest/qu4pcvoy1r50,310558896ebef1a4,1024,0/0
/spttest/iyg1892f7vzi,22a07a22bd85e4ae,1024,0/0
/spttest/583w05j6lru5,98b637c6d2ac22d,1024,0/0
/spttest/3iglvyxce8vt,66aa46660ebb479,1024,0/0
/spttest/hygujreandnv,20cd281f176956eb,1024,0/0
/spttest/9rc1wgqdeowt,11d3966928a64a9d,1024,0/0
/spttest/aqodj2jrzdjt,139ea8a669113659,1024,0/0
/spttest/qn0tuyuzves9,30a905d1ae6f3799,1024,0/0
/spttest/jbzba5vpfaen,23504b438dd6476f,1024,0/0
/spttest/3p472ikgc1mq,6c116c2038a1342,1024,0/0
/spttest/tvw9neqgaff6,36971f8771b9c492,1024,0/0
/spttest/fi66gdjndg6j,1c524006d6a7062b,1024,0/0
/spttest/o317lv9spdfd,2bfe2578eac8a039,1024,0/0
/spttest/t3vugilxiwp8,352b455cd5c7cb0c,1024,0/0
/spttest/sfb3qkvutvlk,33ec0b46fd8ebf38,1024,0/0
/spttest/d4dt1ssccxme,17f7ec7ff09bb136,1024,0/0
/spttest/dgk33poxkzvr,18960f9590f263a7,1024,0/0
/spttest/3msmjx865zdo,6a2ef8d8b38f85c,1024,0/0
/spttest/up4rtlk6f2vm,3812e18ba30de252,1024,0/0
/spttest/h2m1nqfnycx8,1f2f5ffdb08de8ec,1024,0/0
/spttest/ck8t4c0st8kc,16f255b45f0d2c9c,1024,0/0
/spttest/c8l6u19vivpe,165aee3ace5c4402,1024,0/0
/spttest/ydttoivmjocs,3ece8168e801d40c,1024,0/0
/spttest/poqa02u6yt6u,2eeb9474d441e646,1024,0/0
/spttest/cilsjim1f6bl,16dd0a7e9e8c66c1,1024,0/0
/spttest/tmgpkcxbulyp,361c9b296aa999b1,1024,0/0
/spttest/gnhzulkpob4i,1e6b13065715a752,1024,0/0
/spttest/mptq7kpfkct8,297ef8ad8467f0dc,1024,0/0
/spttest/8o5yjr30w05m,fd6ce95e06224ca,1024,0/0
/spttest/6g3xy97r1nrk,bc6efc74a78b590,1024,0/0
/spttest/y16s912j9zh2,3e2a52307836a6d6,1024,0/0
/spttest/31mck9hsphxy,58fe5518d2d3716,1024,0/0
/spttest/a6gynpc0qruw,129832c7fab50f88,1024,0/0
/spttest/awuo9zf7uim4,13eeddf9d2982cbc,1024,0/0
/spttest/hfroe6iarpeb,1fda448077a96b53,1024,0/0
/spttest/qr2fig6pqtxi,30dd8ec4ee0c2b06,1024,0/0
/spttest/n9tchuv23xu6,2a829e9fce860c0e,1024,0/0
/spttest/onxfn62ejonp,2d0d8f0275ff3995,1024,0/0
/spttest/dxcsbbwn35sp,19703eb0b182a719,1024,0/0
/spttest/v7x0gehc6n4l,3906e0a0ffa80a95,1024,0/0
/spttest/1wc8q6mfw7nz,377b044dde655cf,1024,0/0
/spttest/4yp0rlfo2c76,9111edeec396e42,1024,0/0
/spttest/13132d5a5npg,1faf93f23d0d544,1024,0/0
/spttest/3earywtsaqzk,63494c495a35720,1024,0/0
/spttest/rxalds9iu99h,33020d8f640ea065,1024,0/0
/spttest/9z18i4dbkgs2,1237995a273b90f2,1024,0/0
/spttest/8qthnslxv8vt,ff9469b43f5f3b9,1024,0/0
/spttest/brxzcv4wway5,1582ba77db3a9f6d,1024,0/0
/spttest/agm33pupp21z,131bf0981d5017a7,1024,0/0
/spttest/vv9oe7o4qlw,19df3347282d3b4,1024,0/0
/spttest/c4sfbknfhtft,1629958e86eada49,1024,0/0
/spttest/lnw2zwmda4d9,27923a779795399d,1024,0/0
/spttest/bdfeq69h5hl,93ba25c774d709,1024,0/0
/spttest/3mfaahi7qjjy,69e1f4dc3ca647e,1024,0/0
/spttest/g0h67osbz5um,1d4006144f04235e,1024,0/0
/spttest/jcjgbuc50mks,23578f93ccece74c,1024,0/0
/spttest/wy9q73m5fyn7,3c30cd0334248a23,1024,0/0
/spttest/ctz1ghs6ufwh,1770b3fb7e2a7201,1024,0/0
/spttest/c3fd7nbth5cp,1617e219fc6fae59,1024,0/0
/spttest/47edcrrgn944,7ae912fe34099e4,1024,0/0
/spttest/43m5hv6askxf,77d6af16326aaf3,1024,0/0
/spttest/sbrpcn9f1ltl,33be1398af5bc7b9,1024,0/0
/spttest/4k0axud8dn91,8525a2c758532f5,1024,0/0
/spttest/p9ya82rqmbks,2e2ba11f138baa1c,1024,0/0
/spttest/pjrqmhdj51q7,2eab2930b5646eff,1024,0/0
/spttest/w7q5qpceqzp4,3ad804db4c51c538,1024,0/0
/spttest/1yk4bhsfgz8c,394826b15e7455c,1024,0/0
/spttest/forz07o24l2s,1ca80c8e52de55b4,1024,0/0
/spttest/dyydm0qpmizg,19850652c9d3ea9c,1024,0/0
/spttest/9sagstlc3fxz,11e001287d514377,1024,0/0
/spttest/uu2gldh9ttgn,3852fe4866e7d767,1024,0/0
/spttest/exd2mkgetlgf,1b43f6642912dfdf,1024,0/0
/spttest/a60lnfoon7s8,12924b83d655af28,1024,0/0
/spttest/5ta92jwf3s32,a9e759cee834fee,1024,0/0
/spttest/mkiij73ta4i8,2939faa542508e50,1024,0/0
/spttest/e2i837ygkp22,19b3274a2536c3da,1024,0/0
/spttest/8nj07eiecuw,706749b914f298,1024,0/0
/spttest/wji3rru7yn0i,3b70fbefa3fdb802,1024,0/0
/spttest/pmcuo6eaguft,2eccc1d21dbfa019,1024,0/0
/spttest/emfj3fqg0bnx,1ab5f78efbeaa30d,1024,0/0
/spttest/fbuc625t6pfa,1c000aba1458d736,1024,0/0
/spttest/bi1i77oq0gu,956450bb0708de,1024,0/0
/spttest/iyl4857nvnpk,22a24faaa8e3ccc8,1024,0/0
/spttest/bwb7731bxzse,15bb74658430b26e,1024,0/0
/spttest/5bar4dtt204g,9b4d54e77cd0e20,1024,0/0
/spttest/c9d3yxp6yphv,1665013143190f93,1024,0/0
/spttest/sssq1m0j02bl,349b431bc07a9ec1,1024,0/0
/spttest/mwn6jb3u37pk,29d788c938c983c8,1024,0/0
/spttest/z0uncfr9hsav,3ff98e6d3aae8e87,1024,0/0
/spttest/m28ogjtcj5zk,284c9f8c4baff510,1024,0/0
/spttest/23ugw4msm9j2,3d930a4fae3cdbe,1024,0/0
/spttest/i9npsharyhyt,215e8450d27b0275,1024,0/0
/spttest/gzm7w7aebyn7,1f087838128a2a23,1024,0/0
/spttest/kkp58i65y2wk,2595249f13a26034,1024,0/0
/spttest/pq4b9lc8x3ci,2efda21cc2dbd732,1024,0/0
/spttest/1ne3ho748wea,303744264be1602,1024,0/0
/spttest/yvbxmupjjm1e,3fb1db8bece94d52,1024,0/0
/spttest/ffz39jqoebkq,1c35b6c06683621a,1024,0/0
/spttest/tv9b4gmug0qp,368ed6d735ff5dc1,1024,0/0
/spttest/ni5o4uksgyh2,2aeefaf595775e86,1024,0/0
/spttest/r5i61uoaozmd,319915faf8f19455,1024,0/0
/spttest/i09tz37l8zqk,20e49a957a1c07ec,1024,0/0
/spttest/blw992mkndim,15342b943382b02e,1024,0/0
/spttest/fnj8bhsjdhrq,1c97e7e191fb4e36,1024,0/0
/spttest/bigyzk78unxl,1507aff3062f58a9,1024,0/0
/spttest/ey9k1qv3sife,1b4faee00758eb4a,1024,0/0
/spttest/5r5jxdplzsd7,a82c91d051ec35b,1024,0/0
/spttest/1rit6vjnyeod,3391cb3400d91cd,1024,0/0
/spttest/ywcwr2rjk30j,3fbf32e824836b43,1024,0/0
/spttest/3yucpapzgw83,73f6e186af5ee23,1024,0/0
/spttest/u7epcv1y88u1,372ca84847d6d4b9,1024,0/0
/spttest/ji03woo0spet,239e84405be84fa5,1024,0/0
/spttest/aac6e9o8ssp8,12ca6dd21995f84c,1024,0/0
/spttest/hkvoyyn5hfht,201ca9bd5549e9b1,1024,0/0
/spttest/nl01vwcknfsh,2b13ebcd976db3b1,1024,0/0
/spttest/u2okfmbncnfi,36ef450c7980a49e,1024,0/0
/spttest/gr0vswyd47wz,1e98db688d99f613,1024,0/0
/spttest/54lkuouy2jrd,95dd07978056a89,1024,0/0
/spttest/hb3ym78lxndv,1f9dc0ddd65839a3,1024,0/0
/spttest/2icngsaellco,49599bbe8715558,1024,0/0
/spttest/7br0sv5usf0q,d61ee8515c83d0a,1024,0/0
/spttest/12ntediz0fa2,1f62fa85c35285a,1024,0/0
/spttest/1ovbxg528f91,316a96d47bcb535,1024,0/0
/spttest/w3qu97rh12gm,3aa44eba57836fb6,1024,0/0
/spttest/rxjo16nwm4z0,330553ac73153eac,1024,0/0
/spttest/pawxmmzzvm1p,2e3821b14a01d05d,1024,0/0
/spttest/kdelpeausm6s,25366a07b663c554,1024,0/0
/spttest/vmzw5nctpiqz,39cac18e15e6c82b,1024,0/0
/spttest/tdysxpxs6l4f,35ae3b211504406f,1024,0/0
/spttest/441o7s1ep77e,783047f5e88e2ba,1024,0/0
/spttest/85l7jqq9jcza,ee58352949a7976,1024,0/0
/spttest/q5jtp3ub28th,2fc611c6da052c25,1024,0/0
/spttest/k9ovt7zsa36h,25062a9db72ee699,1024,0/0
/spttest/ga1f0m8z3jhd,1dbc3b57c7570861,1024,0/0
/spttest/1nvnvysn3faf,309cada9c66b727,1024,0/0
/spttest/im8e4ml5gvwa,2201d934b4adfe7a,1024,0/0
/spttest/6n2obt1yf7ff,c216783eb8e695b,1024,0/0
/spttest/vjibjlhpaqpe,399d72a3293b52b2,1024,0/0
/spttest/6fn2s3xiajid,bc0d9e8c07e2745,1024,0/0
/spttest/e02rbb4p8o74,19939835ed56e580,1024,0/0
/spttest/9yo6j8heutbn,1232e3834a7ee1f3,1024,0/0
/spttest/3cnspiofos8o,61f4cf01c0cd3f8,1024,0/0
/spttest/e4qh2ogtg2rp,19d01bcd70fbef05,1024,0/0
/spttest/kq62u10n6rab,25dc33007816d6a3,1024,0/0
/spttest/dm9ho04pohso,18e02c70e807b918,1024,0/0
/spttest/3q9tclwm7raw,6d01b05bba62bf8,1024,0/0
/spttest/1cprr0kudxc,1193cc4ec6a600,1024,0/0
/spttest/hgfxs9bj1j8t,1fe3056f6150a6ad,1024,0/0
/spttest/noebxsomy5y6,2b400a85955a889e,1024,0/0
/spttest/wdtsaxc7sgf0,3b274363e856e91c,1024,0/0
/spttest/j5pieoi85py3,22fed252d2e7a29b,1024,0/0
/spttest/fx22h45u1yrl,1d139b31ba5ff841,1024,0/0
/spttest/tvtjk7dhwobs,369623da9352b828,1024,0/0
/spttest/ohqcxqxjkxvb,2cbd11f2bdb6df77,1024,0/0
/spttest/wzi5zmps0mnm,3c40d5bc41b332b2,1024,0/0
/spttest/u9fcm964zl95,3746de7a6e28c259,1024,0/0
/spttest/u3ebtp02x6qt,36f89088b993b265,1024,0/0
/spttest/crpxmw87o1p6,175370590c2a259a,1024,0/0
/spttest/k209aurpnmmv,24a25b398d5c3757,1024,0/0
/spttest/v5rdyp5s2slc,38eade90b22add40,1024,0/0
/spttest/1vzd4fb4325l,3730ac28f21ada9,1024,0/0
/spttest/ckdeobofx2bd,16f3fe7bd8c508f9,1024,0/0
/spttest/zlk5jn7fh6gy,41068b7711955602,1024,0/0
/spttest/pctgtv0ic6dz,2e50dbff694a2d57,1024,0/0
/spttest/4q1jmhjo3y0w,8a0bc5d6f44a300,1024,0/0
/spttest/5ox768s2sflj,a65caee318a6ff7,1024,0/0
/spttest/oywx8rsys7ub,2d9c419f9c7f18b3,1024,0/0
/spttest/42c763i109j8,76cd64beb030944,1024,0/0
/spttest/pr4vzh0irlht,2f0ad4877e52c791,1024,0/0
/spttest/zyziq7d3w9uy,41b4f326236820ea,1024,0/0
/spttest/qo4lkltofhe6,30b75f48b1e501ce,1024,0/0
/spttest/12l891byh5z7,1f540a8c103f683,1024,0/0
/spttest/decf4tmusc95,187950fe4b1bf309,1024,0/0
/spttest/w9n7i5loine1,3af0eec9a512a2e9,1024,0/0
/spttest/hshkbyqjw6cm,207f7abc5f176326,1024,0/0
/spttest/4s873o8h41rg,8bd1d5367b6f2ec,1024,0/0
/spttest/pf3septx7kqb,2e6e8fe7565fc9b3,1024,0/0
/spttest/2vguo2g0y500,53ffa062364add0,1024,0/0
/spttest/edkw6js8g6xu,1a42ffaa8c662f22,1024,0/0
/spttest/gi1rkdkcbgsf,1e244598298055bf,1024,0/0
/spttest/xn5nhjt89hb1,3d7410015683cbdd,1024,0/0
/spttest/cr8p1ad66sr2,174d38057df6d10e,1024,0/0
/spttest/lx0q2fz3yxdx,2808ce71d1629c85,1024,0/0
/spttest/v9xsk3tpatyn,3921233f91b7332f,1024,0/0
/spttest/5o4yqynsniuk,a5b9b0117a7b72c,1024,0/0
/spttest/reoy3mfxzj0u,32106f77f61ec80e,1024,0/0
/spttest/9v3c31rbavcb,120466402872c42b,1024,0/0
/spttest/uua8nindro2w,3855ccdaf27c7ba8,1024,0/0
/spttest/naeahw7ye9zy,2a8a2d3a7c32481e,1024,0/0
/spttest/8on4a259ht2o,fdcff8ca9e52a70,1024,0/0
/spttest/eow5lp84cabp,1ad5f1b67aed3345,1024,0/0
/spttest/a0vol94p88cp,124f92ee94d7f549,1024,0/0
/spttest/4cgp1mb4nith,7f05a33aabeef05,1024,0/0
/spttest/d6itmc83u1bs,1813b6517fcaa538,1024,0/0
/spttest/7oh7m1cl3qnc,e0740a615a01ea8,1024,0/0
/spttest/46ipeam3wnwk,7a3244d228d5c04,1024,0/0
/spttest/ogkr3r06n0oo,2cae0ed4ae169938,1024,0/0
/spttest/maf237tuycaw,28b6d6c8343014c8,1024,0/0
/spttest/bnmj2rzekjzz,154aa39e7c980c3f,1024,0/0
/spttest/84eu3yyrr8x8,ed639608d2208ec,1024,0/0
/spttest/82kk19dirvt4,ebe4f38db554fc8,1024,0/0
/spttest/rhjbnbp9eeai,32355fc9e87f5cda,1024,0/0
/spttest/vn159lfptyym,39cb354beebb3b3e,1024,0/0
/spttest/itvkbuvisz79,22652261f14c6f35,1024,0/0
/spttest/rjr5qrvc0oqg,32522e1966a81538,1024,0/0
/spttest/dx8j0gu6x3x1,196eb559d8049015,1024,0/0
/spttest/lg904948aljo,272ef9d01cf3b394,1024,0/0
/spttest/qadwywwop9y8,3004e23f4f4816a0,1024,0/0
/spttest/524mvjtry4s7,93db8e4ceeecbb7,1024,0/0
/spttest/7qe2zc5t0dn4,e201a2d301e3610,1024,0/0
/spttest/6mdx1k0g5b7n,c1878abb27e5803,1024,0/0
/spttest/pk6wiyh26q5d,2eb0a1db7cf58fe1,1024,0/0
/spttest/3igp9661glak,66aad09c388e8cc,1024,0/0
/spttest/owt2bfntumvm,2d80e2a7df367852,1024,0/0
/spttest/9f3sttis0att,1134bd1a80376ad1,1024,0/0
/spttest/n0wjmukylggx,2a0edebc151bd8a1,1024,0/0
/spttest/kf1eo99flm6h,254ba1b6f62f2689,1024,0/0
/spttest/nes51v2zyo8j,2ac3217072a52a33,1024,0/0
/spttest/3h12h05dea6x,6580bcd9094cc19,1024,0/0
/spttest/xd64jgm5bz7h,3cf25731462e83fd,1024,0/0
/spttest/te87nuw86ilt,35b1a03a2e88cbb1,1024,0/0
/spttest/g9cwjbszqax1,1db36316b1921cc5,1024,0/0
/spttest/t1lo96kujgf5,350d9f3fd3ca27e1,1024,0/0
/spttest/1cjf5rezx8vm,2767e3791069632,1024,0/0
/spttest/r3a3qjpd7j02,317c32956c483cf2,1024,0/0
/spttest/fw5mcbovjv5s,1d07e6043852b380,1024,0/0
/spttest/31hjknzatpyi,58e29776dc84eaa,1024,0/0
/spttest/i067gbk0esqz,20e34bb1bb58090b,1024,0/0
/spttest/wmd61zs1lknh,3b962bb99eca5ccd,1024,0/0
/spttest/u94opkx6hysd,374305743def345d,1024,0/0
/spttest/31kekdxspbr3,58f31b8f20d97bf,1024,0/0
/spttest/f2hbei0g68v2,1b8670aa3844225e,1024,0/0
/spttest/fypf27lzdp1x,1d290536a8632715,1024,0/0
/spttest/2bi0lgs6kszz,43c9c778676c5cf,1024,0/0
/spttest/ktnjq1g3s3zu,2609785dc23bb63a,1024,0/0
/spttest/54jv8p7kf7ip,95d3264f3eb73d1,1024,0/0
/spttest/e7sc4uojrfao,19f7bfa29642b930,1024,0/0
/spttest/umlqilf7zy9a,37f208af72976b2e,1024,0/0
/spttest/23wp2v3lbpc6,3d9fe63225ae606,1024,0/0
/spttest/sorlrszg3bu9,3466e6c04db85ab1,1024,0/0
/spttest/nbmzgkw7eubs,2a9a4d7b674eb808,1024,0/0
/spttest/kgud362c8zoz,25631194e6095ab3,1024,0/0
/spttest/kxwqobtckv6s,2640be8bbafcaae4,1024,0/0
/spttest/vq61xaz093d5,39f3f255adc0c549,1024,0/0
/spttest/2xzvl69fb75s,560d1e4c108cc00,1024,0/0
/spttest/d0j51zo0a5u9,17c5e41df9b50c11,1024,0/0
/spttest/o69a2p7ehhp6,2c2806850740cdda,1024,0/0
/spttest/shb4cajzmheh,340607569a8cd099,1024,0/0
/spttest/s70aazpluudc,33803a05b511de40,1024,0/0
/spttest/z8o3oyzcvynr,405f1bd94407d937,1024,0/0
/spttest/rh3o9f9b6f19,322fba42e1e4709d,1024,0/0
/spttest/izydorrmo3y4,22b415fcd255fbfc,1024,0/0
/spttest/7onllljwhbo4,e098ebf78733154,1024,0/0
/spttest/36a5b9qo6vnj,5cc7094f431f5bf,1024,0/0
/spttest/hx3wlichacay,20bb7f5571811dca,1024,0/0
/spttest/mpvhmi7m71pg,297f9b62e8b8f664,1024,0/0
/spttest/cm37ttd0wy8r,170a4bbee556d95b,1024,0/0
/spttest/o2gzytc2icjr,2bf6da80ffec5207,1024,0/0
/spttest/w1b4enovjssa,3a84a85e4899e77a,1024,0/0
/spttest/kkrnwy5ix8xi,25960d48bef55176,1024,0/0
/spttest/1k9gwmp87mwa,2dad111baf3dbaa,1024,0/0
/spttest/papkmuuc0xmf,2e3579c67148ce37,1024,0/0
/spttest/uern8gvo9re4,378c406c010de6ec,1024,0/0
/spttest/jeolz0sd8xfu,23736669b7f5384a,1024,0/0
/spttest/5j8we2eiiq1v,a1c142494a53e63,1024,0/0
/spttest/k25zdxns8ymb,24a46bfef75a0943,1024,0/0
/spttest/ahymrur99ass,132d74bd6eff33ec,1024,0/0
/spttest/s67lw8jtm615,3375e114c2e2b109,1024,0/0
/spttest/8btf6zdd0bsh,f36696cfe0f6cb1,1024,0/0
/spttest/4hlrhj7ibyy9,8332097abdfc3b1,1024,0/0
/spttest/45t99kwe3rac,799f5b4ea287ae4,1024,0/0
/spttest/fu6a0yaphph9,1cee284576f9dc3d,1024,0/0
/spttest/7ysz4c8seoky,e8d63d8edcdeff2,1024,0/0
/spttest/ofatkclaeela,2c9d7c34cec0bf5e,1024,0/0
/spttest/5n5qxlz80sxm,a4ee6103442967a,1024,0/0
/spttest/61r16sf952fm,b0c6db3e1b22092,1024,0/0
/spttest/ma6kxklx2muk,28b3c7d0c09e952c,1024,0/0
/spttest/4bxhi3i6kyok,7e96bda740aea94,1024,0/0
/spttest/41pfxnw4p3zw,764a0516600947c,1024,0/0
/spttest/kwqsehoc1yh8,26319b82954fe0cc,1024,0/0
/spttest/qg6c2kpkrik3,30501596e63beeb3,1024,0/0
/spttest/axusu3pkg54i,13fbe6edfe52c5f2,1024,0/0
/spttest/n0ah02e0pjc4,2a06e7e0c47e4624,1024,0/0
/spttest/3fk79zh67yz3,644f89d651ac6cf,1024,0/0
/spttest/5alp3d7f6h1j,9abcae5793b16c7,1024,0/0
/spttest/2w97s9cjfi13,54a35fd1cc33c07,1024,0/0
/spttest/b7252d5y6kfo,147374323c9e92f4,1024,0/0
/spttest/6zjc22yjrou0,cc3495fa9271178,1024,0/0
/spttest/a5qd0jps1r9b,128e99accddc103f,1024,0/0
/spttest/bapm23zfzc9m,14a2e4094231b3da,1024,0/0
/spttest/rumt68eopqcz,32df7e32683161b3,1024,0/0
/spttest/agohphdzlu8,87e94cd20e3a50,1024,0/0
/spttest/2zoousgwqje7,576c314cf0a84af,1024,0/0
/spttest/dqy4xmljituf,191d060137616e97,1024,0/0
/spttest/4sozj6hf81yq,8c32c2a33c72ef2,1024,0/0
/spttest/az8ws5oicamz,140dfb775e4fc2db,1024,0/0
/spttest/nsxg7im7bpau,2b7ae58052bcb3d6,1024,0/0
/spttest/ocouajyks0d0,2c7b93758a38fcd4,1024,0/0
/spttest/ofwxdd7tgts9,2ca57612b5fbc3c9,1024,0/0
/spttest/zo8y3qn36w4,1cf5fc7c15e14a4,1024,0/0
/spttest/m61s793hbtr8,287e179904775864,1024,0/0
/spttest/om17pestnt2i,2cf4f19a49543fea,1024,0/0
/spttest/f4f00jjdq7zb,1b9f9539362433e7,1024,0/0
/spttest/t8q6zctpxbdc,356a2d91a76284d0,1024,0/0
/spttest/7a5do0x7dvvc,d4d222c0ae36d98,1024,0/0
/spttest/wtmbfqwc3xkg,3bf465a540ab38b0,1024,0/0
/spttest/v4ewjcgutu7c,38d9602d524bdc28,1024,0/0
/spttest/bwizkeulj0m6,15be43c42141d6de,1024,0/0
/spttest/zsovcfkchnpr,41632bee7ab0de4f,1024,0/0
/spttest/58srkjmkku1r,9945d51076fb11f,1024,0/0
/spttest/ke02cb4biy4l,253e2872df94a845,1024,0/0
/spttest/i2stf57cf4on,21056eac2726dd77,1024,0/0
/spttest/we0bwsomiqf,1a4b6383cc7d057,1024,0/0
/spttest/9oaop7g3pmrl,11ac20665d371281,1024,0/0
/spttest/sy3f1ryulynz,34e0113b1afa38bf,1024,0/0
/spttest/nxlv5wqmesmo,2bb7a9bcf9cf4670,1024,0/0
/spttest/i9nfvzv1ztba,215e6ae88f10ec26,1024,0/0
/spttest/30xatehxvhvs,586dba1dd373148,1024,0/0
/spttest/m9bgaktcdfq8,28a88c7f790970e0,1024,0/0
/spttest/oi5hpo16l3bq,2cc287b990062e16,1024,0/0
/spttest/ja0qfp2dny3t,2336d3fff13bd169,1024,0/0
/spttest/p5u2cskgbhxz,2df6266e6f51cf97,1024,0/0
/spttest/fl5h4m51dz5f,1c78f6d065222833,1024,0/0
/spttest/fwi3wut9wtqn,1d0c67845bb97b8f,1024,0/0
/spttest/tjhztuza4g1m,35f61a184970003a,1024,0/0
/spttest/dpo89iqixzqh,190c759c4e118d29,1024,0/0
/spttest/1kkilbog8mxo,2decd721872861c,1024,0/0
/spttest/jfn23w8qyl88,237fd4554772d9f8,1024,0/0
/spttest/stim8h9rxquh,34a49ae8b9cbd529,1024,0/0
/spttest/7dbql4q3czrp,d76654cf3f84b15,1024,0/0
/spttest/btg3un3ib9f7,159641e2266e3273,1024,0/0
/spttest/52kvhpz9ca61,94394e4608da379,1024,0/0
/spttest/tzo8wc32vspp,36c82fae33ae911d,1024,0/0
/spttest/6m1jso7l14zy,c1402437165008e,1024,0/0
/spttest/23t9bd0mhshe,3d8c0d5ea8e1072,1024,0/0
/spttest/pqepppzp6ca8,2f0162dd853778b0,1024,0/0
/spttest/yuzxmk1nzot2,3fad871b47b54356,1024,0/0
/spttest/92lx5nqms600,10926a8058333b60,1024,0/0
/spttest/3zxet3tampmk,74d85dc1d21793c,1024,0/0
/spttest/perihn8yh6hu,2e6a22091db36d22,1024,0/0
/spttest/iuhjsb15dvoy,226d111729405ab2,1024,0/0
/spttest/4ekdm35qo9kx,80ba8db8e048481,1024,0/0
/spttest/k6il16fd6w3s,24dcecfad8f75108,1024,0/0
/spttest/26a585guxm22,3f8d31e06fd5bea,1024,0/0
/spttest/ildenutaiym4,21f6ab292b1ffdbc,1024,0/0
/spttest/5fspvb6lfwee,9ef45bfd45dcec6,1024,0/0
/spttest/g5y2q8z3ow2u,1d8711aecda80766,1024,0/0
/spttest/91vpds187l8d,1088f4fabca1133d,1024,0/0
/spttest/qhypvz2ny892,3067509b84550d46,1024,0/0
/spttest/a2y8mmzobifl,126a7998a7889611,1024,0/0
/spttest/tvt5nl25nhts,3696002c79f33700,1024,0/0
/spttest/1e3urou99t21,28adae366911c59,1024,0/0
/spttest/7ibt9rd73833,db75e789e4ff6af,1024,0/0
/spttest/cmoqs68h9dn5,1712101c93b2de51,1024,0/0
/spttest/eni4w3x7h7gp,1ac3e57a0a2ffb09,1024,0/0
/spttest/a1h7hx0g362f,1257572d59baa177,1024,0/0
/spttest/tkj2ss8n3rig,36037b572b080508,1024,0/0
/spttest/nxhnav0mwfq6,2bb6241786275d9e,1024,0/0
/spttest/xhdfmkth7u6p,3d28ef3e2c379991,1024,0/0
/spttest/rmt3blcoq71k,3279d86470e97e28,1024,0/0
/spttest/pfk1v65u6uen,2e746e0f6eb0116f,1024,0/0
/spttest/c1rbzayf9cwe,160238d8b491408e,1024,0/0
/spttest/ji9p4pzeas6o,23a1fa0514317730,1024,0/0
/spttest/9jvc8bj7r4rp,1172a1db3a4093e5,1024,0/0
/spttest/rw3ajjo64fdw,32f26de9a57f3ce4,1024,0/0
/spttest/rbn0x7lmf1f9,31e8c633c779aef5,1024,0/0
/spttest/q3h96e99quez,2fab29e0a96ee97b,1024,0/0
/spttest/m3lm8nj122ik,285e47e5c3ebb63c,1024,0/0
/spttest/jjzlji5njqlu,23b84fa42d7f9872,1024,0/0
/spttest/dvn444bv15ag,1959fe227aa59c08,1024,0/0
/spttest/6u1sutbowvsq,c7c038fe073dcfa,1024,0/0
/spttest/djk6p3ytztvg,18bd1093a641f6fc,1024,0/0
/spttest/d3a0grqx9l6v,17e990cc2debec87,1024,0/0
/spttest/crj9xriki867,175109558f5f05df,1024,0/0
/spttest/fd5x8nzt0k4n,1c113619fccd7ee7,1024,0/0
/spttest/p1zzpo0p6i2p,2dc454d587421a01,1024,0/0
/spttest/ywgmh6fazbkt,3fc08a0436bbab5d,1024,0/0
/spttest/rz5xbvb8rt4t,331a58e2a13a903d,1024,0/0
/spttest/jw5yxben70cl,24567b456bb95c85,1024,0/0
/spttest/w9qfn3cg65q0,3af218c5441a1278,1024,0/0
/spttest/4cof8c4k67wo,7f323f7fa455188,1024,0/0
/spttest/c5ofdq8i6gx9,1635217e7dd6ed2d,1024,0/0
/spttest/d3dba8dq45rr,17eac1a8f32da437,1024,0/0
/spttest/7iwogioxb7jo,dbee5db68a03bf4,1024,0/0
/spttest/jqz5qkzo7wzl,241313e3f0a1e6c1,1024,0/0
/spttest/i7i4ow40ziw6,214285d2e4b7da66,1024,0/0
/spttest/njefmhnjd4qb,2aff21b20a559833,1024,0/0
/spttest/m97k5jur0ial,28a724ee0a78ff9d,1024,0/0
/spttest/fvhfa6ug58od,1cff2b10e7c8e32d,1024,0/0
/spttest/ou6zds5c09jo,2d5ef082c802f054,1024,0/0
/spttest/a55buczpc7cx,128702ef68fd1541,1024,0/0
/spttest/2fm9gklepnyw,47219b5c4cac798,1024,0/0
/spttest/gmudwhpc0frp,1e628e3e28aaefd5,1024,0/0
/spttest/15ksqwkiijvt,21c10a679dfd729,1024,0/0
/spttest/vtis63yn0x2a,3a1f81dc9b7e9662,1024,0/0
/spttest/dtss2ecyilxv,19420eeb27ffb193,1024,0/0
/spttest/umr7n7ho35n4,37f4027942526b50,1024,0/0
/spttest/5yvv90myg5ai,ae73489ac2838ca,1024,0/0
/spttest/lc58q285q53f,26f9a964c734814b,1024,0/0
/spttest/9qghgmkpxn2z,11c8328d006ddc1b,1024,0/0
/spttest/2tr2n1ewlr1p,529afa55a0d642d,1024,0/0
/spttest/c81tnjaeze8k,1653f16a27b158d4,1024,0/0
/spttest/sdn7xq2p18uc,33d66ff47f97c404,1024,0/0
/spttest/djt5v7lievp1,18c04dc28d738df5,1024,0/0
/spttest/bbkioc2390lp,14ae0ac5c325564d,1024,0/0
/spttest/qptit46u2bgg,30cd5aa7eb81dc80,1024,0/0
/spttest/lgit1qjzse03,2732835b077a44e3,1024,0/0
/spttest/swc2lwjggpe7,34c9361c636f608f,1024,0/0
/spttest/we9o11dlvvof,3b2cfe5074e48b1f,1024,0/0
/spttest/fv7sgebal70p,1cfbb12e64d34cc9,1024,0/0
/spttest/axkq1887x1e7,13f8440ec770cc4f,1024,0/0
/spttest/7pg3upuci3hf,e13d7e48d66b623,1024,0/0
/spttest/kg5u1zhvxcyz,255a37e8ddc692eb,1024,0/0
/spttest/ek2qqd5ddvws,1a975fda404493cc,1024,0/0
/spttest/23l8ns4u30qz,3d5dc3585f7148b,1024,0/0
/spttest/oixnaglptnpb,2cccb058b87fca3f,1024,0/0
/spttest/dh6j7onx6irf,189e29056c2f617b,1024,0/0
/spttest/1r61bsfq32ii,33480ca1e27a57a,1024,0/0
/spttest/o8mqi2sb45v,13adb718e426dd3,1024,0/0
/spttest/gpeeqrrj9a8c,1e83c247790c0b0c,1024,0/0
/spttest/qmjsc60rx1dg,30a2dfa73658e034,1024,0/0
/spttest/y2a4lnklcnl9,3e38843d71a9b76d,1024,0/0
/spttest/i277414z9kzw,20fda1b3388d758c,1024,0/0
/spttest/xmt8gtv2eanz,3d6f950c553c1b7f,1024,0/0
/spttest/9a4cood23avi,10f3fdc4dc4b6fce,1024,0/0
/spttest/pp0fhr4t9fqj,2eef3e3a38e074eb,1024,0/0
/spttest/r1ptx5bvmzy5,3167e4c652e27a7d,1024,0/0
/spttest/s68goxlna0fg,337630198f0b1bac,1024,0/0
/spttest/sldb92pdzovn,343ac6d534bdf9b3,1024,0/0
/spttest/40tzwwzldkla,75947cbefe94a7e,1024,0/0
/spttest/fke32b4axqma,1c6f14c941300f02,1024,0/0
/spttest/pmafc329k7bp,2ecbe1bc53a98315,1024,0/0
/spttest/qrn4s4u95wsc,30e506f80ec5563c,1024,0/0
/spttest/9o2nxrrbmd1y,11a93b7f9f251296,1024,0/0
/spttest/irjd8s4ruo1v,2246c1453e352043,1024,0/0
/spttest/dulh1suv5ygh,194c6954d766f4b1,1024,0/0
/spttest/82m3d1skn9j4,ebedd2e34fe6400,1024,0/0
/spttest/fv9tkm4u40ik,1cfc6cc8b887a99c,1024,0/0
/spttest/k22qia3jzlud,24a3401bdfe95855,1024,0/0
/spttest/dg6xxewqui0z,18915184e996b0c3,1024,0/0
/spttest/bqrwxnpwmrpj,15738cc9637b09c7,1024,0/0
/spttest/4b6n651m1yfm,7dfbc740a1fae92,1024,0/0
/spttest/fpgv1u6itnpe,1cb1079d5e336742,1024,0/0
/spttest/gtc2eodqh03g,1eb6deeb1293c8bc,1024,0/0
/spttest/rdwkodmesz6,163ba4c34033432,1024,0/0
/spttest/vd1e510u092x,3949677ef1595bf9,1024,0/0
/spttest/z3jeaz0tn5x9,401c76f321ef6abd,1024,0/0
/spttest/us7lioi5gf9a,383ade3f5c865e3e,1024,0/0
/spttest/1imr6yu4ht5s,2c5a1bccf7b09e0,1024,0/0
/spttest/gvrsnesgp4ln,1ed68649c7d8838b,1024,0/0
/spttest/blwf2mq6zba8,15343a83b6ee71e0,1024,0/0
/spttest/9jek0rt9wec9,116c9395a624fd99,1024,0/0
/spttest/fnrxb5t3e0hk,1c9b0af2ad8080f8,1024,0/0
/spttest/oasn50j0rr38,2c62f810364c2de4,1024,0/0
/spttest/uknwv53dxd1m,37d8d73280f5e94a,1024,0/0
/spttest/u3myuf3rc7jp,36fbae8b74340835,1024,0/0
/spttest/h82f2x1le6j0,1f763a9a96f3818c,1024,0/0
/spttest/q6ka2b16yk1r,2fd33906dd7933ff,1024,0/0
/spttest/9pc7ei4zat1,7e0bd56b05cd75,1024,0/0
/spttest/lycqy23ewbxk,281a225f9afa5e68,1024,0/0
/spttest/f6nba8nwdfu2,1bbc8f9902f06d6a,1024,0/0
/spttest/ha0xp6abc0yg,1f8fac26b79c82d8,1024,0/0
/spttest/pmcjdntyev9q,2ecca4d9008d3bce,1024,0/0
/spttest/bet4gves5mdr,14d81d676f05848f,1024,0/0
/spttest/wiz3nvo41c9x,3b6a20a977d08865,1024,0/0
/spttest/tjj9anbivpbi,35f68ec06ac6dfee,1024,0/0
/spttest/rive1xodjta5,3246b7a32123f7fd,1024,0/0
/spttest/ecacwnbolo9m,1a3235457cc2021a,1024,0/0
/spttest/j525yu2orbom,22f665ef6a3533e6,1024,0/0
/spttest/okyiko0zotq7,2ce6fb2073732f7f,1024,0/0
/spttest/vjkj5e0c21cp,399e3ee332921f59,1024,0/0
/spttest/21ujey13zysj,3bf3c9a8923c1e3,1024,0/0
/spttest/hm8kkjwpiub5,202e4c7e4c41d2f1,1024,0/0
/spttest/8od421e09v55,fd9634b9d4f8de9,1024,0/0
/spttest/6kzrww4otg7y,c066118e7179f5e,1024,0/0
/spttest/i8bw103lr84t,214d42a46587c2ed,1024,0/0
/spttest/mx7fomuqef9i,29ded79f5f6036c6,1024,0/0
/spttest/ugmk6tf9qmsl,37a46547718f8ae5,1024,0/0
/spttest/n3831s6oi1c3,2a2d031cf1aac743,1024,0/0
/spttest/owpq0gv00l39,2d7fadfae0c946c5,1024,0/0
/spttest/7qretim3spch,e24e9569601ca51,1024,0/0
/spttest/mw9ltkujvbuk,29d2a2d9724ff8bc,1024,0/0
/spttest/f0rs1kpkbexk,1b703c87f1963858,1024,0/0
/spttest/s5ob2he2c2a8,336eea4e55986090,1024,0/0
/spttest/psmkd4sqb3d4,2f1e32993bfdafc8,1024,0/0
/spttest/z7ot8g2viqtf,4052601fe52d1f43,1024,0/0
/spttest/udv3eno4jik4,378081c375b4b8b4,1024,0/0
/spttest/86lvgiqdzq6a,ef2bdedb1a16442,1024,0/0
/spttest/u7syps0i027a,3731cd7347e95d26,1024,0/0
/spttest/702iv8u5eakd,cca35d7f025c9fd,1024,0/0
/spttest/naalp0t1ywc0,2a88d87cb2884d30,1024,0/0
/spttest/s151dmhzqgou,3334016b31925dfe,1024,0/0
/spttest/2hucg8b5nf7q,48efed7abe65dc6,1024,0/0
/spttest/vmg65u4ocw5x,39c3a3dc867bf5d5,1024,0/0
/spttest/klt1i9kelob5,25a389c89c881c51,1024,0/0
/spttest/m2dnqcu1tgzc,284e6b85b9201438,1024,0/0
/spttest/m7lqkorv6s3c,2892480b99331eb8,1024,0/0
/spttest/3fo1578mzl5n,6465a5a2303fbdb,1024,0/0
/spttest/i4k69pb89cb5,211c4ad6d1078a91,1024,0/0
/spttest/uv0c8kqwniij,385f37a0b654c57b,1024,0/0
/spttest/4u5o8t4r1dss,8d62eb80b62571c,1024,0/0
/spttest/iyo7rr47w5lu,22a36dddc2934b62,1024,0/0
/spttest/4qnt6oihas44,8a8c4ff62f2e5d4,1024,0/0
/spttest/fuj694ab02v4,1cf2cf609cc2e180,1024,0/0
/spttest/kmd671v68dl,10bdb0860cd82e9,1024,0/0
/spttest/gtk6k163gw2m,1eb9cc824e3ad15e,1024,0/0
/spttest/hm9en49pr5o5,202e99a65569d275,1024,0/0
/spttest/dmnwvv09njba,18e560a4ab001a86,1024,0/0
/spttest/srxe54ypmvym,348ff527a1504c4e,1024,0/0
/spttest/l252qo0f1rz9,2677b5798b93b2e5,1024,0/0
/spttest/fyu4hxogtjyc,1d2ab7f3a7adca44,1024,0/0
/spttest/mlept72b46jn,2945991a38d9dd23,1024,0/0
/spttest/aznjk2efl8fd,1413430edc9ea4e9,1024,0/0
/spttest/mlfggssrymky,2945dd7ebf7c51d2,1024,0/0
/spttest/8xer5uh0j16c,104ee24234f090b4,1024,0/0
/spttest/ll9zf5yftwyq,277046ad41979322,1024,0/0
/spttest/hv1xgyyc5zuv,20a0ce537cbab8c7,1024,0/0
/spttest/2g4hc25szt07,478ac8b08366d97,1024,0/0
/spttest/wkf94jokqq4x,3b7cf1d3d0df2ad1,1024,0/0
/spttest/9j2nzwzvjief,1168495e27208ee7,1024,0/0
/spttest/p3gviobevjv6,2dd76996e93b5052,1024,0/0
/spttest/8xln91m0mlk3,10515ecd16c47ea3,1024,0/0
/spttest/bimr0otjqiu3,1509c5b6813ae8db,1024,0/0
/spttest/hhwsbtt1ap7e,1ff616f3b2c3631a,1024,0/0
/spttest/l2f5n9i1nj53,267b589cad7a39a7,1024,0/0
/spttest/mkxm8e5tk0ws,293f6da98c59929c,1024,0/0
/spttest/euh3jcj422tb,1b1e726e28dcaabf,1024,0/0
/spttest/wj9q90aqyr28,3b6df64c2b9bbf80,1024,0/0
/spttest/ji1wau64w621,239f29786653a2a9,1024,0/0
/spttest/vxf7a5oo0qew,3a522c30e303cdb8,1024,0/0
/spttest/u25l8yfl7hup,36e86c249a2a4721,1024,0/0
/spttest/m5a74yhhy3w4,2874239c32e8fd34,1024,0/0
/spttest/eve99gak78m4,1b2a69459182635c,1024,0/0
/spttest/5jdmvr4updpp,a1dc9963b67efad,1024,0/0
/spttest/4tg1lycrcirk,8ccef6fcae8f500,1024,0/0
/spttest/49x3ojyi4k0i,7cf4de10c558852,1024,0/0
/spttest/2qr0h1f4dxko,502b25107ed5b38,1024,0/0
/spttest/nyhq96tj495,13732ea2567c149,1024,0/0
/spttest/j4ttx5uhb4qt,22f36414a3ad65c5,1024,0/0
/spttest/d82mneh5y88e,1827d90e1fe6072e,1024,0/0
/spttest/cd8tlqqqk7ix,16976a25f24d4519,1024,0/0
/spttest/pprgg794kpuw,2ef8fea008ae77e8,1024,0/0
/spttest/ar6ngv27wogl,13a540c764e5e2d5,1024,0/0
/spttest/z4q5ibg6wzra,402be437321eb306,1024,0/0
/spttest/b13krpkae7ja,14260951348887a6,1024,0/0
/spttest/ile0o7t6bpv6,21f6e3a240fe21b2,1024,0/0
/spttest/7u68c91ng2xq,e513a01bc961dde,1024,0/0
/spttest/c5f1fl6hwhui,1631be6437c9bb5a,1024,0/0
/spttest/qa3dx19eu8j4,300115ae592a68b0,1024,0/0
/spttest/l4j4b1h659xw,2696c129595e3b94,1024,0/0
/spttest/uvbk6e4ujtjt,3863440c9131ea59,1024,0/0
/spttest/laq85wdbv4kv,26e7412d1fd3a7ef,1024,0/0
/spttest/u54o2h4py8jo,370f0ec7c7e838c4,1024,0/0
/spttest/91vaw4m7448s,1088cfccebfaad7c,1024,0/0
/spttest/tv34rpncbctb,368c9c53ebd9ad9f,1024,0/0
/spttest/rgxdfvq34mkj,322d7449d4de8643,1024,0/0
/spttest/5p6brpoklr5c,a691609b61bc0b0,1024,0/0
/spttest/xbse90022y9q,3ce065b14d739bfe,1024,0/0
/spttest/kzi6ebsrag2u,265577e01d408ae6,1024,0/0
/spttest/xnjdqxy0cihk,3d79042c156f4098,1024,0/0
/spttest/u8znw7m3xqjk,3741358506736fa0,1024,0/0
/spttest/3adu7mlf6hv7,601ba993585a2f3,1024,0/0
/spttest/40pi8qnk0r12,757a8fb755578d6,1024,0/0
/spttest/ixjhonecplt0,2294bc3479482ea4,1024,0/0
/spttest/eflkzorj9om6,1a5d39d5d20163de,1024,0/0
/spttest/phqyg7vzqmep,2e90e663700542f1,1024,0/0
/spttest/rvv26s90rdy0,32ef7587ea2c8358,1024,0/0
/spttest/et3wb7mpn2ti,1b0cb1d8977d6f06,1024,0/0
/spttest/ilrezbuehhe0,21fbb9224854e848,1024,0/0
/spttest/fsf9fwq2t2vj,1cd76b927ec95dcf,1024,0/0
/spttest/u785434lo0ko,372a4a21b9a10de8,1024,0/0
/spttest/kd2v8wb2krs,1088147c5e880a8,1024,0/0
/spttest/3znes6m4icce,749ea1c96410afe,1024,0/0
/spttest/55glmn2v5cfd,96901e1d0bc8529,1024,0/0
/spttest/grllhlmgi3dj,1ea054ad5f589997,1024,0/0
/spttest/wodhshirlppc,3bb04459b1470860,1024,0/0
/spttest/2xpxvjpbrfcp,55d3c1500d46579,1024,0/0
/spttest/4a0y321n794m,7d0b0fdb04824f6,1024,0/0
/spttest/hmfbwuxzo3vr,2030bcdb293430a7,1024,0/0
/spttest/7ov226sax7ak,e0c3f8f8156bd2c,1024,0/0
/spttest/4prix3ae22f,3d40db89bac7f7,1024,0/0
/spttest/81oqbnkbbkax,eb2d392e7f82689,1024,0/0
/spttest/6o9vbx1tok7p,c30fd5171e42d55,1024,0/0
/spttest/uoouud2kscwx,380d2367c8075c61,1024,0/0
/spttest/f65fayknn3m8,1bb61b48a5245910,1024,0/0
/spttest/cgx4pnlw9aaw,16c727423d70e068,1024,0/0
/spttest/cc2etcoyo2nn,16881cbcd5afe573,1024,0/0
/spttest/p710oyfqts7p,2e05a60049c94a15,1024,0/0
/spttest/834acd6v2zg0,ec56db87c2546f0,1024,0/0
/spttest/kgy8tlbpk44y,2564781be4dda6f2,1024,0/0
/spttest/36x55i76ohyv,5d4bca3fab512f7,1024,0/0
/spttest/s09f893ugy7t,3328992c4e996b39,1024,0/0
/spttest/w9v5spn6pqsp,3af3cd5abcb965e9,1024,0/0
/spttest/rki3gmqwdstl,325be62ff58cfb29,1024,0/0
/spttest/qfzrhfkiu18x,304db68eb322b3d1,1024,0/0
/spttest/4anzc13uyvo6,7d900aa79d2aed6,1024,0/0
/spttest/wtplod50kys9,3bf59505b546f119,1024,0/0
/spttest/pyzpm1ipea9u,2f70e063d5e7fc82,1024,0/0
/spttest/arza68f7vz0h,13af95585dadc601,1024,0/0
/spttest/rv5cox0lh0wd,32e62ee8230d63cd,1024,0/0
/spttest/9qcf3d05unp1,11c6bb0032438875,1024,0/0
/spttest/o486ys1eo9ez,2c0da7a93e62f7ab,1024,0/0
/spttest/5czeo400m939,9cab7d1f15c1785,1024,0/0
/spttest/s29mltcwaby9,3342a69d18553b01,1024,0/0
/spttest/9bea8126s2e2,11049063dd06191a,1024,0/0
/spttest/t9gs3fvie58y,3573c550dc89f012,1024,0/0
/spttest/lzndqhkb1g8f,282af5c93e6b536f,1024,0/0
/spttest/x1uao9j8rfp1,3c5f30afc3fa4c35,1024,0/0
/spttest/5p9ecoo078h3,a6a31c4d87b06a7,1024,0/0
/spttest/gd0eamyfto3n,1de2d4e4a6973643,1024,0/0
/spttest/lzdrdy6n56x9,28277d218bb9614d,1024,0/0
/spttest/6eozy28gi024,bb48e1da921a0cc,1024,0/0
/spttest/3h3hucswiy3d,658ebfa52b8cd19,1024,0/0
/spttest/d0kyxir8cs2z,17c68d23eaeccd2b,1024,0/0
/spttest/tohy6kzgxpfo,3637082758bf3b04,1024,0/0
/spttest/h19l2pwfh5x8,1f1de3c3d82f373c,1024,0/0
/spttest/9bp8o6vjmohk,11088476077d5478,1024,0/0
/spttest/id7s3eb6iqlv,218cb95c42c1c933,1024,0/0
/spttest/ax5wvdnbgiz5,13f2ec13e30bfb11,1024,0/0
/spttest/sxfr82f7irgk,34d787a17c477e84,1024,0/0
/spttest/qkekybt5u9tv,3087045a06a07643,1024,0/0
/spttest/48cd48c02y1l,7bad519423048d9,1024,0/0
/spttest/a00meq42zmk5,12445deb6a5c4ef5,1024,0/0
/spttest/fb3et5i3ngrt,1bf6538fcf8fafa9,1024,0/0
/spttest/t1cyh0jut8je,350a7a26b6f41a7a,1024,0/0
/spttest/n6aezn444d8u,2a54d241ae77600e,1024,0/0
/spttest/1gv9qhe6zcx7,2aeb9bebb4f7a2b,1024,0/0
/spttest/i51zotfbcj01,2122b8958f844231,1024,0/0
/spttest/5u03u2yheqs2,aa7c9c132b49812,1024,0/0
/spttest/ek5mmu7lpawo,1a986a715cee1478,1024,0/0
/spttest/h9sa27qud27i,1f8c8c8e4efec26e,1024,0/0
/spttest/m2dagwm53qys,284e497e5c90e844,1024,0/0
/spttest/xznc591z43hk,3e16509d39e561a8,1024,0/0
/spttest/546c8uz79gz6,95850de63987132,1024,0/0
/spttest/wraelmbvzrns,3bd61ed43f25a1c8,1024,0/0
/spttest/6egx03tcr03g,bb1a39e4509893c,1024,0/0
/spttest/1rb36hkpi4n,16d7a64a13c007,1024,0/0
/spttest/2sbks63q1rb8,5171b0c0c14e684,1024,0/0
/spttest/p6ill6aljxsm,2dff009dd0656ed6,1024,0/0
/spttest/kr8utmxxft0w,25ea30cf244ec5b0,1024,0/0
/spttest/1p6x0dbdqb7y,31ad79136c1c44e,1024,0/0
/spttest/fvs5sza3r94l,1d030acc4cbde1f5,1024,0/0
/spttest/6n7wk0o3pqzv,c234a77d24797eb,1024,0/0
/spttest/oxa5wk6qfy17,2d870e1e6fb7cc0b,1024,0/0
/spttest/5yr1g3xyqkx3,ae57698c2f7a267,1024,0/0
/spttest/2f9pfvbi0jpm,46d91ece6a871ca,1024,0/0
/spttest/cs4x379xdc5m,1758d877c94c33ca,1024,0/0
/spttest/w0vbdlqykh1o,3a7ef45c9e472d4c,1024,0/0
/spttest/87jmr2opi2z9,efeec1be0add895,1024,0/0
/spttest/awkq3gy3zx69,13eb46f5f765fdb1,1024,0/0
/spttest/d65xab3qy5q0,180f0eefd61bc778,1024,0/0
/spttest/jh971yo4jw5y,2394ce61e30d6d96,1024,0/0
/spttest/u4qfg6j1xp1t,3709eb827f412a11,1024,0/0
/spttest/s02uiqqyig51,332639d46d174c35,1024,0/0
/spttest/nmu17t2ie3ym,2b2bba63dc5e358e,1024,0/0
/spttest/a15njvudjlei,12532bf37637081a,1024,0/0
/spttest/7uwcteoh6uo8,e5aa711270411c8,1024,0/0
/spttest/nvcbykk56ftm,2b9a3ea33b364a9a,1024,0/0
/spttest/359tfhmqrqf,28decd0f17f8e7,1024,0/0
/spttest/zn4u3dsursz5,411aff1284ab2971,1024,0/0
/spttest/kz618qtasl69,2651163ace3bd831,1024,0/0
/spttest/7xbvccmf5dvb,e7a3aa368691c77,1024,0/0
/spttest/2itiyqhursw9,49bb071ce8bad09,1024,0/0
/spttest/g9tp03omndxj,1db972049dfe0c47,1024,0/0
/spttest/pkqtlcvz2xo1,2eb7d1b229f1f5f1,1024,0/0
/spttest/l0gchc6t12io,2661cc0146cad800,1024,0/0
/spttest/xha51u7cvnc5,3d27bf008dc3afe5,1024,0/0
/spttest/7ukob766glob,e567023c6939fbb,1024,0/0
/spttest/br80js5vywbj,15795bf3e32d0b1f,1024,0/0
/spttest/k2j2eiove7wb,24a92485a8889e7b,1024,0/0
/spttest/5jlcyb3lo0x3,a20930e98256ba7,1024,0/0
/spttest/nnjxhddo1cwt,2b35126205f5739d,1024,0/0
/spttest/8uzfegmucwn8,102f600bd107a644,1024,0/0
/spttest/26xnq74983cb,4014f0ea17debeb,1024,0/0
/spttest/34wc5gkwlwib,5ba77b7542cc7d3,1024,0/0
/spttest/vjpwkm6h6sju,39a02f2b4db4bf0a,1024,0/0
/spttest/8xhvhnfdyw31,10500277c1b54fed,1024,0/0
/spttest/5ii44erkr84q,a126a09d33b21ea,1024,0/0
/spttest/3gyk8t7puocp,657244c6903dbc9,1024,0/0
/spttest/qo6sso33b2db,30b82a8e3b512fbf,1024,0/0
/spttest/swbz79t70miy,34c92d5ee872bd0a,1024,0/0
/spttest/oekfmvi27o4b,2c93f6e416d3afdb,1024,0/0
/spttest/87bthilv3i1z,efc1a713756d127,1024,0/0
/spttest/6en32cclfxg2,bb3dd61c0757c12,1024,0/0
/spttest/hy5idfzc3go5,20c910d4c57b9f25,1024,0/0
/spttest/gy0f4y10pem7,1ef39d71cf74da3f,1024,0/0
/spttest/zrluxmdvee6,1d09603a8ab2f9e,1024,0/0
/spttest/jpon1njn386m,24024afd89599f2e,1024,0/0
/spttest/yr2jgnd7bc7t,3f7a82d7a2ef3d99,1024,0/0
/spttest/xluub1j3x767,3d632c31ca90818f,1024,0/0
/spttest/87fzuntovoqj,efd9c3f2da72afb,1024,0/0
/spttest/dgwsmhjp8xr4,189aa57c5da6d1e0,1024,0/0
/spttest/vr3byq8zfcrw,39fff43efcf4316c,1024,0/0
/spttest/eg64z8ib4mtn,1a64a47bccb3ff8b,1024,0/0
/spttest/wencfo7c6y6d,3b31edb9278a3a85,1024,0/0
/spttest/6auuwovhgtyy,b82b65f2b2108ba,1024,0/0
/spttest/vp0qojsejyaj,39e50a639d4d225b,1024,0/0
/spttest/ommhzpn6jbpv,2cfc9fba51609413,1024,0/0
/spttest/h12r0fvqzgg6,1f1b6c6b6e126406,1024,0/0
/spttest/4zynyb4r0tum,92196eee9a8521e,1024,0/0
/spttest/j6cxj1t516f2,230745975f745fbe,1024,0/0
/spttest/ps4scb3s0j5f,2f17c8700cea98f3,1024,0/0
/spttest/qiv6itlh484n,307307127c2d7727,1024,0/0
/spttest/7osj8s8lodjk,e0b568b55db6f90,1024,0/0
/spttest/mpud5mxtspgs,297f338d7f4270ec,1024,0/0
/spttest/n2f7km2sqka4,2a22980a0ba12d2c,1024,0/0
/spttest/hzz0yer7oonb,20e0b471ff67a5c7,1024,0/0
/spttest/rrp110bhfhj,168b4179698a3a7,1024,0/0
/spttest/26z0ft5i2jex,401cc0a4c4ae4c9,1024,0/0
/spttest/palb2nytgoml,2e33efc56602d5ad,1024,0/0
/spttest/zcllk5n8f1oi,4092299ca19dca42,1024,0/0
/spttest/wghsjxychgm,1a59bc2bb6d9966,1024,0/0
/spttest/drd4kid8t6mw,19226e97ee5042d8,1024,0/0
/spttest/soj1ue607vgb,3463d0ac8d90d2fb,1024,0/0
/spttest/ye9uoe9bqjjx,3ed449dbba27747d,1024,0/0
/spttest/gbp2n06r0zu3,1dd1c1ad8502486b,1024,0/0
/spttest/8mwggkzpojq1,fc6639ac377ded9,1024,0/0
/spttest/4sdi9yjglqzf,8bf07d6b37a17db,1024,0/0
/spttest/njh61376ovxj,2b001e2eccdb69a7,1024,0/0
/spttest/1s6xul6db6db,341d17dbbe5c9ff,1024,0/0
/spttest/fji56r5r3wsp,1c638e7367d527c9,1024,0/0
/spttest/74t5f6purkpp,d07c6503007a39d,1024,0/0
/spttest/3wftzdpnf4mf,72036652fc1d027,1024,0/0
/spttest/rf7awktif6zw,32170ef33647f72c,1024,0/0
/spttest/nrwqpimsmmv1,2b6da6d12ad5313d,1024,0/0
/spttest/ecsjk8nbe5j1,1a38c4f9d9613a7d,1024,0/0
/spttest/neqokkdk7xtm,2ac29ac91f8acefa,1024,0/0
/spttest/6omyd41mfa4o,c35b5e344d8db08,1024,0/0
/spttest/4r2o85g70n6h,8ae21cc101b6c59,1024,0/0
/spttest/jo4hq5dqi57h,23ee08b84cf068dd,1024,0/0
/spttest/v4om4naxrkqj,38dce1276c053abb,1024,0/0
/spttest/hzccuhi3zuth,20d8867c492d81c5,1024,0/0
/spttest/ee8shs9e3bek,1a4b9f0aaa1cee7c,1024,0/0
/spttest/515aupm505xq,930f927f40c6b0e,1024,0/0
/spttest/84ed75pdtaad,ed60dfc68d01a55,1024,0/0
/spttest/dv52g3x645bq,19537b3aad130df6,1024,0/0
/spttest/hf6e3nf3zxtf,1fd2965c41d144f3,1024,0/0
/spttest/o951zf3osh1v,2c4d780e8864f953,1024,0/0
/spttest/6dh7y9ekr67j,ba4c274233ff42f,1024,0/0
/spttest/coltqvz11zzy,172afd2049c5e97e,1024,0/0
/spttest/xgjwaz3smspv,3d1e46fca88772e3,1024,0/0
/spttest/tfgzuri7mv2n,35c1c8c39c2865cf,1024,0/0
/spttest/55hs2atg1uju,9696ec2d86314ea,1024,0/0
/spttest/xwd9vr02kc6a,3debb75a50af2ca2,1024,0/0
/spttest/tqs27m6aogr,1825a04e175685b,1024,0/0
/spttest/8bvexmnhyqzy,f37217ee05cca2e,1024,0/0
/spttest/pdhgqs6txqaa,2e59849db99b5852,1024,0/0
/spttest/i7lbavtkccx8,2143abe4010e646c,1024,0/0
/spttest/wznezcu26nuv,3c42baa62aa8b847,1024,0/0
/spttest/gzhx7ybku15r,1f06eb5c2523e15f,1024,0/0
/spttest/x7clehee14i3,3ca6bd200569230b,1024,0/0
/spttest/aa2ulwtb335n,12c7104306c3f1bb,1024,0/0
/spttest/7bsulnjzzzb8,d62975901787c84,1024,0/0
/spttest/wr6bqvymacnm,3bd4a608c0cd6c92,1024,0/0
/spttest/b3hu7r228vt2,14452938af9b4d06,1024,0/0
/spttest/3hg6cboy9hfw,65d7f419a24328c,1024,0/0
/spttest/4okbe683xeic,88d87bab0f6aab4,1024,0/0
/spttest/1aysjj7gf4eh,2620f9061504009,1024,0/0
/spttest/569q1elsjo4m,97383e0665a30e6,1024,0/0
/spttest/iwum9ldhm1n6,228bc2c1376846d2,1024,0/0
/spttest/q063ye0cv9lx,2f802ca83a5c2e65,1024,0/0
/spttest/adbbcvwsdv28,12f115f3fb60ea80,1024,0/0
/spttest/iz0aw6ruw8rx,22a7ca4c70e37e6d,1024,0/0
/spttest/kypzij0e21fr,264b4be74dbdf1c7,1024,0/0
/spttest/8ggptm0cal4k,f72c631616cb574,1024,0/0
/spttest/eqregv0lvz0g,1aee3521d9b1e800,1024,0/0
/spttest/9q2bhw5wle1f,11c3161747dfce53,1024,0/0
/spttest/gnh8jnu94r1u,1e6accf8158e72f2,1024,0/0
/spttest/kyy1w4hjpn1o,264e34f3392b57ec,1024,0/0
/spttest/w59i6sk9hgrz,3ab80804e949282f,1024,0/0
/spttest/koigiu0qs211,25c6b007c9cab345,1024,0/0
/spttest/t0xrtqxicpzz,3504ff931819649f,1024,0/0
/spttest/7740ej7nv69k,d25ac007cb3d478,1024,0/0
/spttest/gawnq7owcwnb,1dc7811be27fa047,1024,0/0
/spttest/nix3chedvnwm,2af8dfeec63abfc6,1024,0/0
/spttest/dqw61h4boy7z,191c501bb90a8e3f,1024,0/0
/spttest/r7p9ra18mtm,1617d5977261e8a,1024,0/0
/spttest/81xj1cqhkvmx,eb6003181d13629,1024,0/0
/spttest/xl0nkx3hyasl,3d5847e403011825,1024,0/0
/spttest/jijutc4kibjn,23a5a44919c42ef3,1024,0/0
/spttest/1lu9vctwqn62,2ef5001fdbb2bca,1024,0/0
/spttest/q7fpxtgxec06,2fde912cceb24546,1024,0/0
/spttest/8s5rqo06f46u,100ab2250a6f88f6,1024,0/0
/spttest/ggsp21w4uu30,1e140295fd9587cc,1024,0/0
/spttest/ur5outvadi2g,382d30d1497012b8,1024,0/0
/spttest/18sw2fp3scw2,245f3e2b9398742,1024,0/0
/spttest/gytzv71lfeeg,1efe494f69f9ffa8,1024,0/0
/spttest/2edinvcp20au,461f4c05aa28706,1024,0/0
/spttest/dolohmyzkbis,18fe8ce15612e254,1024,0/0
/spttest/tsu1oglp1efh,366f5a9233712c4d,1024,0/0
/spttest/l7a6pscg42uj,26ba7fccd314a76b,1024,0/0
/spttest/ophhofvpr8hs,2d21c8da7c9ae8c0,1024,0/0
/spttest/83gcbniuolgw,ec9c738662518b0,1024,0/0
/spttest/sde0gjv1yghf,33d31d74dbc634f3,1024,0/0
/spttest/4elorysnbvo5,80c21de55fcbc15,1024,0/0
/spttest/8l4yp536a9ss,faf7ad4c362921c,1024,0/0
/spttest/3fofef93k7ws,6467eee2e037c0c,1024,0/0
/spttest/ilc6ihbhso4c,21f639e21ac3b61c,1024,0/0
/spttest/v9l0me7n45de,391c87268a5b4732,1024,0/0
/spttest/l0ptt28m2a3,11108a90d8d150b,1024,0/0
/spttest/br75rlhrsd56,15790cf867db208a,1024,0/0
/spttest/oq5sukn2ghd5,2d2a8e5a1a8c79e9,1024,0/0
/spttest/xjwe2g0xodst,3d49c0c0918a9cdd,1024,0/0
/spttest/pszb7v2ouj33,2f22cbeb059fcc1f,1024,0/0
/spttest/stgk0ytcrbgt,34a3dc816e4fb2cd,1024,0/0
/spttest/aplszz3tivn1,1390bdfaeb6689ad,1024,0/0
/spttest/glb80cithlag,1e4ea6de9dac0b08,1024,0/0
/spttest/ikzqlrtt9twt,21f1bca5791ac0ad,1024,0/0
/spttest/h4k0wkvcij66,1f489fd524ffd98e,1024,0/0
/spttest/1oi2ic9fccsl,311e0788d583ec5,1024,0/0
/spttest/sgglb5wi8646,33fb0375ec04b2f6,1024,0/0
/spttest/t1pwbrwnhady,350f256eef55b5d6,1024,0/0
/spttest/c1g6crbxvvnh,15fe325c2e712efd,1024,0/0
/spttest/2g773h18lepa,479a760c304b9ae,1024,0/0
/spttest/ohmb4cnjsaq8,2cbb9bd076409450,1024,0/0
/spttest/xvi0ivtjkxbc,3de06fed9ff5dca8,1024,0/0
/spttest/w2lr74temyce,3a957bc8c2fab95e,1024,0/0
/spttest/vjhyavh9awpp,399d50a914fac11d,1024,0/0
/spttest/djjh6njg05rh,18bccf1de1e1492d,1024,0/0
/spttest/53cr122qig3f,94da3c0883423fb,1024,0/0
/spttest/j2h4nls6th7n,22d4d4528d84c263,1024,0/0
/spttest/hyxhb1e6457e,20d328679bb2815a,1024,0/0
/spttest/9rujp49hqjz8,11da42b31de1dca4,1024,0/0
/spttest/wxg14he7vgh1,3c26160098f8d425,1024,0/0
/spttest/ypgkq5k4gv3a,3f6598ba3e392566,1024,0/0
/spttest/b2ch8bu6qe63,14363ccf36d4783b,1024,0/0
/spttest/89tbjfe39b5v,f1c65893fe82bc3,1024,0/0
/spttest/f6wpki3lg9o2,1bbff39073bad5f2,1024,0/0
/spttest/7aujzlyjpzqd,d56379933fd4c25,1024,0/0
/spttest/dxpe6pkn6o7n,1974cb3a21a71713,1024,0/0
/spttest/i2anjcsgxod4,20fee0f312ee7998,1024,0/0
/spttest/m9bi1u92drg1,28a89101ba1cf231,1024,0/0
/spttest/xbd6cn16hose,3cdae7e6ef2071be,1024,0/0
/spttest/ys615oj03jm5,3f88c29b3116720d,1024,0/0
/spttest/fgj9k5pf9qix,1c3cfe446f6eb189,1024,0/0
/spttest/gred3h7vzv79,1e9db89115ae53b5,1024,0/0
/spttest/v18niw6arsoy,38b02712b4fd6c02,1024,0/0
/spttest/rt29ar4zy3ph,32cb1694f0fa0a45,1024,0/0
/spttest/erp8xf5ah5dd,1afa6b701ea5e371,1024,0/0
/spttest/widav8hapjbc,3b62430b9fb79c08,1024,0/0
/spttest/2ppaanmam0jd,4f51586b550fe39,1024,0/0
/spttest/5f7syhwyg42e,9e7b9f0d443ea96,1024,0/0
/spttest/3ikia14q5ot3,66c0c9ca6b886d7,1024,0/0
/spttest/tb8330tobnlm,358a9cb57f61b83a,1024,0/0
/spttest/oiu4cgoh0o6u,2ccb6aa276eb8b76,1024,0/0
/spttest/8a6njgvtwo1g,f21351d9b771ab4,1024,0/0
/spttest/jopyg2ruxqbf,23f5c75a7d304d7b,1024,0/0
/spttest/qnw6i7nkdhd,15a57b69e371441,1024,0/0
/spttest/ptsmd5gm4co5,2f2d5f32987bbf25,1024,0/0
/spttest/fsk8mzxlzabh,1cd9375a59b327fd,1024,0/0
/spttest/q12db6ntnlhi,2f8bd071e808e586,1024,0/0
/spttest/w80l0ghaq42j,3adbc7b8931dc51b,1024,0/0
/spttest/9hi5047m63aj,1153e402b58be82b,1024,0/0
/spttest/xctra63pxsu4,3cede0c19080953c,1024,0/0
/spttest/ljxrooh2a43q,275ee127292dd946,1024,0/0
/spttest/uo9dhom6mn45,38078d5c1830bc85,1024,0/0
/spttest/a3i3bemsf26s,1271a354ea1d0cd4,1024,0/0
/spttest/5ee94dlw70ra,9dd105d78766396,1024,0/0
/spttest/kfoib1yrkglg,2553f781a57a2404,1024,0/0
/spttest/we4av0n9vrc4,3b2b0eb054c5c124,1024,0/0
/spttest/ym0vfw03fool,3f38f68eb3fecdb5,1024,0/0
/spttest/gxma1szre7,61c2690b2d56f,1024,0/0
/spttest/tsivc8cqk6w0,366b52410eb2e9e0,1024,0/0
/spttest/jctaxf8ej8od,235b1d67343fd0ad,1024,0/0
/spttest/rpwmjjbw35su,32a2169555ee5c1e,1024,0/0
/spttest/h8nmh100nmjf,1f7de14d972421db,1024,0/0
/spttest/denaa945fjuq,187d3c9a2241d742,1024,0/0
/spttest/v13d6bb4djna,38ae3ead6d0964b6,1024,0/0
/spttest/xipupmts6fc6,3d3a679f80f86326,1024,0/0
/spttest/iujzbdbl76us,226df1ac23f3ef74,1024,0/0
/spttest/lq4r7ykzkdwu,27af56145663366e,1024,0/0
/spttest/3p5qv895mh28,6c1a5ec278028e0,1024,0/0
/spttest/88v35bergj2l,f100b7be260a78d,1024,0/0
/spttest/k77yk811bckg,24e614e6021fd960,1024,0/0
/spttest/vw9kkd1izoab,3a4326cea8aa2bb3,1024,0/0
/spttest/ka25patt8l5q,250af4c816c9ce1e,1024,0/0
/spttest/w6k2xx0af89s,3ac8d635090471a0,1024,0/0
/spttest/wa2yaeotgh6v,3af69d090a1db807,1024,0/0
/spttest/l611bdi81xao,26aa355f81f37ed0,1024,0/0
/spttest/cpnkj9v0gafq,17389b7c0edbc4d6,1024,0/0
/spttest/70q6sj61zeq2,cd2bfb2d43dde4a,1024,0/0
/spttest/8x04uwhq0sfv,10499be03fe14dfb,1024,0/0
/spttest/btesbyiujw0u,1595c7f5c17f6ede,1024,0/0
/spttest/d8strdnnsbv1,18314cdf9977ee0d,1024,0/0
/spttest/z3hezo6skqw7,401bbff93daa7927,1024,0/0
/spttest/65arxz0fzzvl,b3a851e03727f61,1024,0/0
/spttest/lj4mxyepi6kb,27545e4e5e9f02bb,1024,0/0
/spttest/41wysycrl14e,767574f56e3c3ee,1024,0/0
/spttest/3gt8h7uio1zc,655384459d55a08,1024,0/0
/spttest/fqrf1zt62rcr,1cc1d3e17618c0fb,1024,0/0
/spttest/oa9cv8ml0p7o,2c5c02b652370ca4,1024,0/0
/spttest/o494xu5gtm42,2c0dfed4a8467932,1024,0/0
/spttest/h1wvr9x74a3j,1f264ba4817ce71f,1024,0/0
/spttest/ptzh3gitxl2g,2f2fd8416eb76de8,1024,0/0
/spttest/bpbw5w6d55gt,1560c7a8c125efed,1024,0/0
/spttest/d5pmmy1v20zl,18092db8d7da3481,1024,0/0
/spttest/fk78l7ua6abi,1c6c9c62929cabbe,1024,0/0
/spttest/n81tityz3lc0,2a6bb2be9c13a9c0,1024,0/0
/spttest/d57jf33g833r,1802a6d60d11adb7,1024,0/0
/spttest/9c0uqvd64orp,110cb52666cae065,1024,0/0
/spttest/c6027s5vc2wm,163954224e03ccb6,1024,0/0
/spttest/4srgv5zwv40j,8c4115fbcafc213,1024,0/0
/spttest/8s8up8l3g6bb,100bced850329af7,1024,0/0
/spttest/veejkzii6feu,395b23818b989d86,1024,0/0
/spttest/hmf34huam4a4,2030a64eead7512c,1024,0/0
/spttest/t96m2s4epum0,35701a3113c40538,1024,0/0
/spttest/2kjuizbiktce,4b22cf12f4adf8e,1024,0/0
/spttest/sf9xjp1k3xjf,33eb9f06105a548b,1024,0/0
/spttest/glcp93i0nw0u,1e4f2f7ad156f9de,1024,0/0
/spttest/hdbz9z69zgom,1fbaa005400e3036,1024,0/0
/spttest/9qdvpzuzlc0i,11c74208e815db12,1024,0/0
/spttest/f6m9kets6fd0,1bbc2ed2a3a7a344,1024,0/0
/spttest/htwz7rihlbsw,209207b41d4fd800,1024,0/0
/spttest/3xus671yxhuv,73298879faccea7,1024,0/0
/spttest/n1f9pflbv9z8,2a15a041f1fad344,1024,0/0
/spttest/b9u7bstz6xj,926ea24ec5aad7,1024,0/0
/spttest/k6ix2malwv5n,24dd0bdf39ace2bb,1024,0/0
/spttest/9no9bagy02bh,11a408d1e76e0dbd,1024,0/0
/spttest/6nip0vwwwx01,c272f31d493ff11,1024,0/0
/spttest/5hezxxhwd92w,a044cf3b3f4c338,1024,0/0
/spttest/ogn4z419i38b,2caeeb285e2d2ddb,1024,0/0
/spttest/o3t58629j68m,2c0839acd41ef756,1024,0/0
/spttest/xofysmtb3iaw,3d84c5f53bd95e68,1024,0/0
/spttest/773pivqlcn7h,d25901691904d7d,1024,0/0
/spttest/8gfwxohrv76q,f727c133cdad522,1024,0/0
/spttest/ej06y3gl3ybf,1a89771839bef57b,1024,0/0
/spttest/hbwvnqm1f783,1fa82ff5361ceb53,1024,0/0
/spttest/7qdc1tfg6w8y,e1fd513ba71a4c2,1024,0/0
/spttest/mifvmcj3aj0m,291f0c9b6b77cdc6,1024,0/0
/spttest/g219ygt8iy3u,1d54444e8b61992a,1024,0/0
/spttest/j8wia60sstqj,23285059885d018b,1024,0/0
/spttest/bbspdb3l1zd8,14b0fee49f237a4c,1024,0/0
/spttest/4jveidoj2nyl,850957e54d688cd,1024,0/0
/spttest/ihjv5dzikuh4,21c50aa53e26a548,1024,0/0
/spttest/jbtejcgtjyzq,234e2968012534e6,1024,0/0
/spttest/bo4nzjq1v429,15512ed8a11c5f51,1024,0/0
/spttest/n1fvl5salgln,2a15d8667dbb114b,1024,0/0
/spttest/5bqhib3em0ij,9ba82886f05961b,1024,0/0
/spttest/o808sm4kj49w,2c3ebe6f2fbb2064,1024,0/0
/spttest/1y81b5oyfw8b,390264730fb22eb,1024,0/0
/spttest/vxj1bdy1f3nj,3a538e5b5aabb93f,1024,0/0
/spttest/g1ag31ay88p2,1d4a9615aa597806,1024,0/0
/spttest/hityctbcmx81,20020e91a70eb9b1,1024,0/0
/spttest/pjionipyzy9j,2ea7e4d18611de37,1024,0/0
/spttest/15h2augyu2t2,21ab7b0cfaf6bb6,1024,0/0
/spttest/5hl1q9slj1lf,a067bbf45e0c3d3,1024,0/0
/spttest/ewomzvb4gzah,1b3b2572eb1356a9,1024,0/0
/spttest/fvdlfx14yhhy,1cfdc9655e998516,1024,0/0
/spttest/t4uf6czpniqk,3537bf0a5f67239c,1024,0/0
/spttest/n9ygaswahwcv,2a847639ce1dc80f,1024,0/0
/spttest/ts6ozsufu3pr,3666ed8df6ed954f,1024,0/0
/spttest/338a1ga98gu0,5a4cc344f605838,1024,0/0
/spttest/6pc02qah4yep,c3ebf7c46a5c031,1024,0/0
/spttest/lg9ib81k7z8n,272f287e6c3c2627,1024,0/0
/spttest/cucjgmsg399k,177592f6ad38b1a8,1024,0/0
/spttest/oaaxiz50eilo,2c5c94167e3839ac,1024,0/0
/spttest/384715h3ie5q,5e4454bd7cf6f2e,1024,0/0
/spttest/jjluq1znoxlm,23b35a0b7d57331a,1024,0/0
/spttest/7aijc86rsbqv,d51e18355867d77,1024,0/0
/spttest/9jsu214wwthe,1171ba7ccf2f9d42,1024,0/0
/spttest/7k8q4fgdaqnx,dd03bcd7764027d,1024,0/0
/spttest/s8i36dt7e310,3393a39e52f651d4,1024,0/0
/spttest/2758nuykzw66,4040b5986ab899e,1024,0/0
/spttest/ihis68j7sdud,21c4a6a3eea3c815,1024,0/0
/spttest/8sj4k2tc358y,100f83d145057d52,1024,0/0
/spttest/uh4n4ffc40sz,37aaeb6f3de7f513,1024,0/0
/spttest/rp8p9wif2tr,167d17727d45e0f,1024,0/0
/spttest/m2dnu9px3ogg,284e6bcd20787390,1024,0/0
/spttest/7eu7d8w8su4o,d8a0c3dfb16cf88,1024,0/0
/spttest/mnplil34e32s,296380a5ae564714,1024,0/0
/spttest/h4wczuc2uwxj,1f4d1346025b9437,1024,0/0
/spttest/8egvzdl1fnz5,f58db7c2ee9cc21,1024,0/0
/spttest/np9genln2hyx,2b4b4566eaf4a279,1024,0/0
/spttest/kco08bkzq15,1085b2618bf8e89,1024,0/0
/spttest/vh7c606g1noj,397f81ab97489623,1024,0/0
/spttest/rzwzo16wd958,33241cd387c5778c,1024,0/0
/spttest/wwkb1krik01f,3c1aa3ab55915b33,1024,0/0
/spttest/iddzgt0cp2vh,218ef67c68d536cd,1024,0/0
/spttest/7smj9vaypb1y,e3d217067e1fe36,1024,0/0
/spttest/j96tukyn9ai7,232c09b5f75b9c6f,1024,0/0
/spttest/60dvtw216gqv,afab1e91795c347,1024,0/0
/spttest/4pjugsp6fd31,89a598e006279fd,1024,0/0
/spttest/9fvtmg5fi12j,113ed9746885f8eb,1024,0/0
/spttest/wjh81d0gh826,3b70aa83acd4630e,1024,0/0
/spttest/k2kwv4o378jl,24a9cf0c38c76a01,1024,0/0
/spttest/l2c1o7hje0gj,267a394fba9640d3,1024,0/0
/spttest/4qb2gldeab1p,8a42c024e86c86d,1024,0/0
/spttest/3e45pdgu5evq,632316e718c0896,1024,0/0
/spttest/mzweuatbvflx,2a01d52e19f4ffc5,1024,0/0
/spttest/rgod1o3nsnlv,322a33f619668983,1024,0/0
/spttest/wpyuhykqwvzd,3bc4f5f1f5def3e9,1024,0/0
/spttest/klmwo4vznklw,25a15329e3a5e714,1024,0/0
/spttest/44u1y8rhztl2,78d420cb9527d86,1024,0/0
/spttest/lr6ew9grk9ke,27bcec731442386e,1024,0/0
/spttest/sl61l4j0gxns,34382774c726ba68,1024,0/0
/spttest/pooagdjq3270,2eeadce1a55883dc,1024,0/0
/spttest/gzc71jcdbchq,1f04da59de4860fe,1024,0/0
/spttest/d160xyymgel0,17ce26097bf7abd4,1024,0/0
/spttest/2w5znre2krr9,5490c097dec7385,1024,0/0
/spttest/xwvmdi8eknbv,3df256093e35011b,1024,0/0
/spttest/r4jkiu407u26,318c9a392e3483ee,1024,0/0
/spttest/fgi50iv573rf,1c3c963c8f3b2fcb,1024,0/0
/spttest/hd5hggqljbvk,1fb84816dec69fe0,1024,0/0
/spttest/stksdno5hoy0,34a56368c83bcd88,1024,0/0
/spttest/xoiyreoj58pi,3d85daf9ad37ae56,1024,0/0
/spttest/4cvb5cgsnpgn,7f5a011f0bbbca7,1024,0/0
/spttest/cyqpcydu9zp7,17aea44749ce6efb,1024,0/0
/spttest/mplxhp4jjm5m,297c2869f02f49ea,1024,0/0
/spttest/grhhfzhhtvju,1e9ed8d37697c9fa,1024,0/0
/spttest/5ko2zd49g4en,a2e8bd5fcd5434f,1024,0/0
/spttest/uila8yik1qao,37bde9eb48517760,1024,0/0
/spttest/ce4yy9bxdqp4,16a303a7294aa568,1024,0/0
/spttest/2eerzxcqrfx2,462691227246356,1024,0/0
/spttest/1e7mqlth3jxx,28c37c1fa2b9cb5,1024,0/0
/spttest/8mky9g18b5jn,fc23cdc6d02dcd3,1024,0/0
/spttest/pvz1lt71tg99,2f49ab0644a6248d,1024,0/0
/spttest/3nfbdjfrxdy3,6ab1f580b69cbdb,1024,0/0
/spttest/u4zvoh49q3fr,370d5477b674dce7,1024,0/0
/spttest/ky0sat9uof16,2642342fe711541a,1024,0/0
/spttest/kr8tbkk9l9ja,25ea2cf4acb19c86,1024,0/0
/spttest/6uo6ijduckse,c8416b59af8d63e,1024,0/0
/spttest/udyfscq7fge3,3781b6a2409dcfbb,1024,0/0
/spttest/hvx2s75n527c,20ac0b5eec34b568,1024,0/0
/spttest/1yq54khkssan,396aeb3320d363f,1024,0/0
/spttest/s21n4ag941kj,333fc4fc049e69f3,1024,0/0
/spttest/kjoss9kbn1hh,2588076af8f1b245,1024,0/0
/spttest/24pn1vqlr0cu,3e46fdd5cfe478e,1024,0/0
/spttest/w9hdqqmhqzws,3aeed495b04c214c,1024,0/0
/spttest/p3abia2hojym,2dd50c0940b4940e,1024,0/0
/spttest/ial658405jm5,216a966db958428d,1024,0/0
/spttest/i2vjupq1fvox,21066b3aa35ca731,1024,0/0
/spttest/jekualjtk678,23720a4a96d89564,1024,0/0
/spttest/uk5lea1bm8n5,37d23b24b92b8441,1024,0/0
/spttest/kflgqhfafbqz,2552de5eac515f3b,1024,0/0
/spttest/3svylv5kz2ed,6f2132038faeee5,1024,0/0
/spttest/6ibm4tfn5e4q,be3aeea8740b9ca,1024,0/0
/spttest/e2fiavotqkb,b6ba1f35443fbb,1024,0/0
/spttest/srv2fd1rxap4,348f1e5b8dade368,1024,0/0
/spttest/1jnwnnk99as,1415980a715754,1024,0/0
/spttest/wua6tvvysjy6,3bfd02a97f53c1fe,1024,0/0
/spttest/vw4yt1no7rz0,3a417d81852fad5c,1024,0/0
/spttest/ov87lktyiy5u,2d6c5f37c1f8f372,1024,0/0
/spttest/quyzn6oydjwn,311045f9f96d8807,1024,0/0
/spttest/nlau62rr1u5q,2b17d00d8bce35ee,1024,0/0
/spttest/xmz1o0dzhvtl,3d71adcf180b1259,1024,0/0
/spttest/rixu3bt3kvsk,3247998687d2c4f4,1024,0/0
/spttest/o0tg9uhnxx1b,2be15e3f8902a07f,1024,0/0
/spttest/oop97o2t502a,2d1798d22d6a5492,1024,0/0
/spttest/dhvh21s7tbl,af4f5a44c13031,1024,0/0
/spttest/av4q65bunfb2,13d88400c541673e,1024,0/0
/spttest/7xdvpxss1791,e7af457df90b6f5,1024,0/0
/spttest/s5nh7gmvm1w3,336e9daff4560a13,1024,0/0
/spttest/8zupj5s4mew2,106e9e7b375b78e2,1024,0/0
/spttest/q1blbynb0ri8,2f8f24573f5d1240,1024,0/0
/spttest/6mn65jxjozaa,c1bcf5ca30f4fa2,1024,0/0
/spttest/gup8t8vxom30,1ec89d652eaae2cc,1024,0/0
/spttest/mq7x4r1c1mkl,29841797a7ec0885,1024,0/0
/spttest/ne8vtmqavws7,2abc2ec38d0349b7,1024,0/0
/spttest/ikfzgh5zo79a,21ea9bff01ea81be,1024,0/0
/spttest/zsdv90g9tycl,415f33a31ca97c25,1024,0/0
/spttest/kd9u13izpvp0,2534b18c934067b4,1024,0/0
/spttest/fw92l4s4ol38,1d0924cd311f74c4,1024,0/0
/spttest/r62u1ld9ewo0,31a08ae7d65c29e0,1024,0/0
/spttest/2vfns1ktofsk,53f8bfa867e82f4,1024,0/0
/spttest/jdkmo3anzb8f,2364f978537a329f,1024,0/0
/spttest/t9sm0j28lwyw,35780a21ef961a28,1024,0/0
/spttest/jcln8vgcwmlw,23585a100e54f674,1024,0/0
/spttest/rx0p71qd88j9,32fe7ba922038235,1024,0/0
/spttest/w0g9m34zd2ni,3a79864fa9d491ae,1024,0/0
/spttest/sv1x2r549eor,34b88efa5bca9a9b,1024,0/0
/spttest/af9l0e9gteha,130a707f679aa28e,1024,0/0
/spttest/ovlvx3gaj6w5,2d714e67965ea3a5,1024,0/0
/spttest/3fhvf3aq1zvh,6442173eddc1ddd,1024,0/0
/spttest/a6w5afh47k25,129dad51ba36394d,1024,0/0
/spttest/rdrdpiiacl3j,320452feccb527cf,1024,0/0
/spttest/7skge1e2dr7g,e3c614d68f894fc,1024,0/0
/spttest/fqyt9drhtgzr,1cc47ee7ea210847,1024,0/0
/spttest/x1370aq6qsk1,3c556956a95b2111,1024,0/0
/spttest/x9gw12s6djxj,3cc244613219bc27,1024,0/0
/spttest/zs3ra0hzj6qr,415b8dc351490fe3,1024,0/0
/spttest/m4hk1uszwz2n,2869ce10b1fc8c8f,1024,0/0
/spttest/6fhe54tvm5ov,bbeccda0764594f,1024,0/0
/spttest/h1k9glydivvv,1f21be0429ddb6eb,1024,0/0
/spttest/krga3ysou00d,25ecde9c1bdb438d,1024,0/0
/spttest/ozt7tzssr1fh,2da7e893df223bfd,1024,0/0
/spttest/xvpsjbuoqvvt,3de33e612f1de3e9,1024,0/0
/spttest/a1apygllz98u,1254fff673a9428e,1024,0/0
/spttest/kd2skrd7ukjp,2532273dc05b2e85,1024,0/0
/spttest/byfs5jdoshle,15d716277df32412,1024,0/0
/spttest/xk7oh5fka05i,3d4dd3824328df46,1024,0/0
/spttest/hzucik94z5mj,20df044398310f3b,1024,0/0
/spttest/iuezhic3rf2f,226c2444ce0c7807,1024,0/0
/spttest/33rh5ob6p9pa,5abb976609e8f5e,1024,0/0
/spttest/i4wwfturhe8m,2120e267b1ea2556,1024,0/0
/spttest/7e9vewcna7am,d82b6349f60ea6e,1024,0/0
/spttest/ustqu13dzcm3,3842dbfc96eed39b,1024,0/0
/spttest/w750qj1h9nzj,3ad064483a39e6af,1024,0/0
/spttest/q22du1lrdsmn,2f98cf0bbb6cd12f,1024,0/0
/spttest/hkbys19awrsd,20158b89f24372ad,1024,0/0
/spttest/1069wyime9xd,1d5e0e490a6a7c1,1024,0/0
/spttest/tzlqwp5hhwax,36c748c9263432c9,1024,0/0
/spttest/p9er6pu9hpmo,2e2495472b938d00,1024,0/0
/spttest/bkdiq22xuf0a,15206ba0d00f507a,1024,0/0
/spttest/qquhzousaupv,30dab22f04e9ce03,1024,0/0
/spttest/l4oza57dowz5,2698de7a68c635f1,1024,0/0
/spttest/rsshsvgw4apy,32c790b795145f46,1024,0/0
/spttest/klu7e9rjz9ch,25a3f5430b7d6911,1024,0/0
/spttest/8ui0ewuvg0p8,10291754d5b69e8c,1024,0/0
/spttest/8mzup5opsxh8,fc79d3dcc6e417c,1024,0/0
/spttest/q2jvwio0y05e,2f9f1faa98f9b542,1024,0/0
/spttest/smjalwehahj5,3449eca5b4e36041,1024,0/0
/spttest/8bqmgek5oxew,f3566f3f9eb9428,1024,0/0
/spttest/vsc40eife1bc,3a101c68f510d528,1024,0/0
/spttest/upqb2iadykxm,381aa6a9d61ed37a,1024,0/0
/spttest/ykkv068pxl78,3f263249eb572294,1024,0/0
/spttest/cyr7cz2snij5,17aed276c650d191,1024,0/0
/spttest/rblxmcvgzyck,31e8615cf540c4a4,1024,0/0
/spttest/mfyq3r38xis,1238644d4903ab4,1024,0/0
/spttest/8z7dqmuhi0ho,106633c148569bfc,1024,0/0
/spttest/ajnajc4f3y6a,134357ce68d74ec2,1024,0/0
/spttest/cz11ig7w6py,a882a490aef106,1024,0/0
/spttest/cwoj1hnrzxx5,1793e0d114739d79,1024,0/0
/spttest/mmv1z59m3nur,29587b76eb414583,1024,0/0
/spttest/yxyz9tg4kqy0,3fd426bb6ecf9968,1024,0/0
/spttest/ia2q9wmx9f9t,2163ef14d252ce91,1024,0/0
/spttest/1z51akkuwm6g,39c0e63672da648,1024,0/0
/spttest/qtla7kic8d1u,30fe56accae80812,1024,0/0
/spttest/63qfztl8eort,b2631d68ab580e9,1024,0/0
/spttest/pgj2osxa6b85,2e81110f8b1dac55,1024,0/0
/spttest/44hadt72htjy,788a6e5fa967dde,1024,0/0
/spttest/l3acl6u4zm5n,268699d71838b6eb,1024,0/0
/spttest/ko9rlk4m83jx,25c38d22546ba9fd,1024,0/0
/spttest/kc1z0qmc2b95,2524de265aade979,1024,0/0
/spttest/hx7wvrzxxli,e8cdd20d4e6756,1024,0/0
/spttest/8w755ehb8gw5,103f25f1fd6ff685,1024,0/0
/spttest/6pvvy7ki97es,c45ec43d7f19fc4,1024,0/0
/spttest/urifvbnsuaxi,3831ca8c3f6e5ad6,1024,0/0
/spttest/77knd3uyepeq,d2bacce1eee8222,1024,0/0
/spttest/kkcm2fudrwtr,25909f0534f4b3ef,1024,0/0
/spttest/luh80q9k9g4z,27e7caa0d46ab1f3,1024,0/0
/spttest/5p0uhtx3rbh9,a671bdfc22489dd,1024,0/0
/spttest/l5wgnv690390,26a88ee8abc14174,1024,0/0
/spttest/z8xshnl7dbak,40629ac93959056c,1024,0/0
/spttest/qw4d6xgm5dj3,311f33d6361579bf,1024,0/0
/spttest/5bmkmy27wxo0,9b919167f95c170,1024,0/0
/spttest/ioze95i848ff,222591fc03b523ab,1024,0/0
/spttest/uo0plst5cfy8,38046d20dc8794c0,1024,0/0
/spttest/fe5evlt2qmze,1c1e043e4642dcda,1024,0/0
/spttest/l78ww3a9pd86,26ba0a3929f85036,1024,0/0
/spttest/txddn12n8vbk,36aa494832b0df90,1024,0/0
/spttest/ejo2wlks9cme,1a92159008ef6426,1024,0/0
/spttest/iez2oarf4721,21a38fb50aed57b9,1024,0/0
/spttest/cmdaxmbphyg6,170def6589022da6,1024,0/0
/spttest/z9zku02xn1ia,40703d2209eef062,1024,0/0
/spttest/cnikw08gw9jn,171cd409935a2853,1024,0/0
/spttest/65baek5tytpi,b3ab47bcbfffbe6,1024,0/0
/spttest/yrj9r4uoxqfe,3f808c312330540a,1024,0/0
/spttest/jnu3vktf1wgt,23ea4980e1085d9d,1024,0/0
/spttest/oebvhgo2knyk,2c90e03e5dbf984c,1024,0/0
/spttest/h53otf7w3axn,1f4fb82edae4261b,1024,0/0
/spttest/5oq1a36kjes2,a63353b6742ed92,1024,0/0
/spttest/wy7bejoicr1a,3c2fee51e99275de,1024,0/0
/spttest/lcjehu964z1v,26fec55b996d3473,1024,0/0
/spttest/apnbqyaxprcc,13914a748c741fac,1024,0/0
/spttest/qxin53o92wvi,313157c6c7eb8bee,1024,0/0
/spttest/bvhxleu2auyg,15b0e514b17d5538,1024,0/0
/spttest/w52tkda9azxd,3ab59ea1f6feb561,1024,0/0
/spttest/3f4l14ko9bcv,63f560337f209bf,1024,0/0
/spttest/ehvb6x65aibd,1a7ab6e389b50839,1024,0/0
/spttest/cvy6f32m2rbz,178a5edb2bec04df,1024,0/0
/spttest/15nmy6vyje2c,21d16e1308febf4,1024,0/0
/spttest/xoyidubs9207,3d8b76d909403a67,1024,0/0
/spttest/rgzem8t0i9ok,322e300b50dd9584,1024,0/0
/spttest/3ugqtsitmz0j,706902785641fc3,1024,0/0
/spttest/x623qxoypcfb,3c95f6e3aad75d27,1024,0/0
/spttest/9cpfl6p2eiwq,11159376cf603d3a,1024,0/0
/spttest/weoiz5qay8a4,3b325ae004bd606c,1024,0/0
/spttest/b0hkwdfqf9ud,141e198c5868a595,1024,0/0
/spttest/waz7gre0ayxy,3b02405d28da7766,1024,0/0
/spttest/w7c0h37phv0k,3ad2ea2fe2e75c44,1024,0/0
/spttest/qj9221sergys,307808c4e155dca4,1024,0/0
/spttest/cwzkxx7v9ndx,1797ddbea2a329a5,1024,0/0
/spttest/e3pm10y0la4i,19c2cee37c412e82,1024,0/0
/spttest/guegbe0v1dza,1ec4b8991f031c06,1024,0/0
/spttest/obkvtwcs5ilz,2c6d28ac867f7977,1024,0/0
/spttest/d71435zu01w1,181a4fcdc9536391,1024,0/0
/spttest/2f1w6f24nkaz,46ac0442cc8028b,1024,0/0
/spttest/xvv7n85cyhd9,3de532fc40948c6d,1024,0/0
/spttest/1mwbf2vhlffk,2fd09f8f5ebae60,1024,0/0
/spttest/feucly5d5hcv,1c2703a124d5a81f,1024,0/0
/spttest/d0jco7ya8jkj,17c5f7a976979713,1024,0/0
/spttest/s9yiwh0pwwy0,33a68f1cfdfa37c8,1024,0/0
/spttest/o9s44fwd4oi5,2c55ca040ed3f20d,1024,0/0
/spttest/fou1e16mk44e,1ca8cb68b2818fde,1024,0/0
/spttest/m7tgv5jsqc4l,289512144f1397e5,1024,0/0
/spttest/sk8gshup0kg7,342c09f2ae0f6887,1024,0/0
/spttest/8y5oi84y5ags,10589962d95ab63c,1024,0/0
/spttest/22h92oa0gld2,3c76e8a73093826,1024,0/0
/spttest/3893o737hv6l,5e60a844be67b1d,1024,0/0
/spttest/1ytzzczyyduc,39812f90c52c894,1024,0/0
/spttest/lexfwndp7dds,271dd0a5dde5bc80,1024,0/0
/spttest/5c7ksgwisvmq,9c0ad36f2866122,1024,0/0
/spttest/fz61v6jzuy4t,1d2f059e107e574d,1024,0/0
/spttest/z63gr065m9h3,403daf1a2c3c9677,1024,0/0
/spttest/ml88stn6fi0q,2943433f81755afa,1024,0/0
/spttest/dj6ngiry9qgo,18b82e6d752fbc38,1024,0/0
/spttest/vm587o8tklc5,39bfb112bea44605,1024,0/0
/spttest/dkzpa3g75b1m,18cfa70974121e2a,1024,0/0
/spttest/kwq0zc5zb1df,26315527678d92b3,1024,0/0
/spttest/8bs60g1yqa4v,f35f57fe42bbbcf,1024,0/0
/spttest/9s8xb3vtxyoi,11df72c70a0436d2,1024,0/0
/spttest/kbwjy6h3llfq,2522e9a3b0a306c6,1024,0/0
/spttest/28x8afjru5jy,41b21f5ced00e9e,1024,0/0
/spttest/p0hcyj7ns5y8,2db09e9160feb020,1024,0/0
/spttest/3grgx4jvgsqw,6549530cbdf2088,1024,0/0
/spttest/e1v9zgjcee8e,19aadfaefb40b78e,1024,0/0
/spttest/nn2jhopsm2nd,2b2ecc3967ee16e9,1024,0/0
/spttest/n72teauayqpi,2a5f11887aab5db6,1024,0/0
/spttest/8pmq3byx2t12,fe9d867dfebf876,1024,0/0
/spttest/rh5ovp0qdqit,32307495c5d27185,1024,0/0
/spttest/c6187jcq2xxe,1639bfe127aa1242,1024,0/0
/spttest/5hollx2b25bq,a07c3db77320a76,1024,0/0
/spttest/kxcb7lf88iad,26395f80692dc295,1024,0/0
/spttest/4t80gp68wavi,8ca098ce9006f0e,1024,0/0
/spttest/9wm73i9vf12a,121831b52dbdd622,1024,0/0
/spttest/ozhswioxxej7,2da3ca385acc08d3,1024,0/0
/spttest/yyr85fc3j124,3fde57d26d974f1c,1024,0/0
/spttest/idhcea7oef3p,21902cc42209f7f5,1024,0/0
/spttest/m2pifhjxctt6,2852b256733cdeea,1024,0/0
/spttest/58f2kbzhpkkj,98f6c5e9fdb0163,1024,0/0
/spttest/ceirsmzsw75o,16a7fe728206543c,1024,0/0
/spttest/bxg4h07a28gr,15ca388116129d5b,1024,0/0
/spttest/e1fn0xmru70x,19a53b408037a211,1024,0/0
/spttest/mivsek9psa8n,2924ca3f2d315fd7,1024,0/0
/spttest/wio8uq6rqa63,3b6635eda461a8fb,1024,0/0
/spttest/ayp5yz37gthc,1406dbade99bfc40,1024,0/0
/spttest/usuxeuqcxptm,3843493bd66494fa,1024,0/0
/spttest/alpiztyzjc5d,135e20c219061f41,1024,0/0
/spttest/1vte4zszhnlb,370e3282ae1b4af,1024,0/0
/spttest/n9uosdndl70,12e4ef58f3f378c,1024,0/0
/spttest/l0ptya8zkklq,266538253180e84e,1024,0/0
/spttest/86o3o51srgt5,ef38bbbfd901dd9,1024,0/0
/spttest/gsu1f7qm9zw2,1eb05dc32e67cbf2,1024,0/0
/spttest/spqhrw2hn0jf,34737d61f4d51b7b,1024,0/0
/spttest/fn7bm2wzqbhv,1c939bea0376dfb3,1024,0/0
/spttest/we2uxp75wnk5,3b2a89758ae6b045,1024,0/0
/spttest/5oth30oo4grl,a6472e2aea965e1,1024,0/0
/spttest/t3xgunoirk48,352bdb2f9cba4098,1024,0/0
/spttest/f40pmefhihxw,1b9a6d66feb5d854,1024,0/0
/spttest/xbwrtjny2kgx,3ce1f9fc30f46221,1024,0/0
/spttest/t2irsd4k0oxr,351990773f31723f,1024,0/0
/spttest/vtxhag7njsy4,3a24cf7899ba8c4c,1024,0/0
/spttest/umv37cappesn,37f5688d7ba4b827,1024,0/0
/spttest/17v2y4q6qspw,239c104e27041e4,1024,0/0
/spttest/4x6n1af7tkk5,8fd7fc170ebf055,1024,0/0
/spttest/15h1x5bettcu,21ab6b6deb7a3de,1024,0/0
/spttest/kh3v06c892kq,25667edddde88d4a,1024,0/0
/spttest/aem6lgh85xqb,1301ff0adc406603,1024,0/0
/spttest/lwkjummf2qel,2802f899db26592d,1024,0/0
/spttest/tcojfc7q8aw9,359d89c9b7083f29,1024,0/0
/spttest/vosm5m3cg3ps,39e21bd497978ed0,1024,0/0
/spttest/rrxgsnah77w4,32bc5eb83960acb4,1024,0/0
/spttest/3tb1zpqr2fj,318ad098d4130f,1024,0/0
/spttest/4cryhy7k0cdn,7f46a822a8baeab,1024,0/0
/spttest/oforolyzi83p,2ca28488a4c51485,1024,0/0
/spttest/kaw3cuerruo0,2515c1cf3deea700,1024,0/0
/spttest/o6fgxy0tb8zx,2c2a4259c6819f4d,1024,0/0
/spttest/c66nflertn28,163bb4c81fff1d00,1024,0/0
/spttest/waeq990ipjqt,3afadcd86e995235,1024,0/0
/spttest/zuarekz41211,41780f2e03837085,1024,0/0
/spttest/965is355te83,10c074bf830c7643,1024,0/0
/spttest/6gpj4r0dkxu3,bceb9db1cd2c54b,1024,0/0
/spttest/w0vqpucp439n,3a7f1bb889d1728b,1024,0/0
/spttest/izro5zdcm85z,22b1aa4b5e2822d7,1024,0/0
/spttest/mq5z8gh62f4y,298364406d7a6322,1024,0/0
/spttest/2nq43gt6dqj1,4db6779514fe18d,1024,0/0
/spttest/ah75cq0t3fd9,13238a19c38d4d8d,1024,0/0
/spttest/8p1dcuy4i6h7,fe223ff19cd1d4b,1024,0/0
/spttest/pcnb0j5cns3k,2e4ea2de737ede00,1024,0/0
/spttest/oxo6py2su5y8,2d8c1d5e6122bda0,1024,0/0
/spttest/ga1pkgwtxz73,1dbc566a64beed6f,1024,0/0
/spttest/hiwyyc0h20c7,2003253518b05f37,1024,0/0
/spttest/alme4x92fm40,135cff2ff93e33b0,1024,0/0
/spttest/ienygiaktojn,219f8cd68fb13d83,1024,0/0
/spttest/8kpbjgermpsd,fa9d5e3a337df0d,1024,0/0
/spttest/qe9uyu3sie7m,303760aa04d50072,1024,0/0
/spttest/qff21ypl4uf7,30463df20c840c03,1024,0/0
/spttest/ohlmuzjvpbwd,2cbb5d916e6b637d,1024,0/0
/spttest/tozwht2b0jsy,363d82735282a742,1024,0/0
/spttest/1jtin7brplzu,2d50fa316b2729a,1024,0/0
/spttest/hrko0uys0x7t,20739c0e3593ec29,1024,0/0
/spttest/1tr5lgvli1d5,35619fd322e2869,1024,0/0
/spttest/6lauorxqovea,c0a60444e6de2f2,1024,0/0
/spttest/604kl5z1h8rh,af755c03a64e39d,1024,0/0
/spttest/hojtryncz0a2,204c56ad78cb142a,1024,0/0
/spttest/a2mcvnmg493x,126630154ebf5f1d,1024,0/0
/spttest/ffno7ns2il6q,1c3198145f6c9dc2,1024,0/0
/spttest/5yjpr9kavvla,ae2d20654b91bae,1024,0/0
/spttest/crr8h6k1rsye,1753e8885402dc56,1024,0/0
/spttest/in5h6rzbacng,220dc9355d96e58c,1024,0/0
/spttest/746np83ejqap,cffa8be43a085e1,1024,0/0
/spttest/c0nd42yyif2k,15f3cd05ec7e66cc,1024,0/0
/spttest/glue5q4fqh4r,1e5591a4e9d2b83b,1024,0/0
/spttest/unctkpfq2tbf,37fbce79c9ae86eb,1024,0/0
/spttest/s0gh2xmp2mpq,332b2480d5bb407e,1024,0/0
/spttest/p885e1gez7bh,2e1535e2ef35adcd,1024,0/0
/spttest/4373tu5nu2ax,777fd2415e83229,1024,0/0
/spttest/iefv3b4zdptv,219ca1410f20c703,1024,0/0
/spttest/nzuoigt6kgk8,2bd4d28015fe6ad8,1024,0/0
/spttest/vdhnvzf3121r,394f4666a6312f9f,1024,0/0
/spttest/9ws8830d5li1,121a5ecf21b85919,1024,0/0
/spttest/rk43ddiyb1gx,3256d8ccc49ed631,1024,0/0
/spttest/le37t0d9b0rh,2712e8d0a349159d,1024,0/0
/spttest/a5y2bg5fi8vh,1291612c9c2a606d,1024,0/0
/spttest/2yqrmu33hxip,56a85b100c9f2f1,1024,0/0
/spttest/tr8ermuikja8,365a8ecb5e7548a0,1024,0/0
/spttest/fepj1baflyss,1c2546472ea56a6c,1024,0/0
/spttest/ki5plc8xtp0f,257426f93c9504df,1024,0/0
/spttest/g8e3vm83v6s4,1da6d5095ac85714,1024,0/0
/spttest/rorbmwj9sez8,32932f8071478fd4,1024,0/0
/spttest/bbx1jf6f4gh2,14b28f9755292366,1024,0/0
/spttest/vyqwbywkul74,3a6361c5a7ffbad0,1024,0/0
/spttest/q3qgxx3egl12,2fae7d1d27f1d876,1024,0/0
/spttest/5ydi8yjvfsj6,ae0948cd2b80932,1024,0/0
/spttest/ojq69bvrn62b,2cd6fb539ee24573,1024,0/0
/spttest/om7un2xihqxc,2cf756a8bd38f890,1024,0/0
/spttest/kwg90gdjlgau,262dce13cf4a8cc6,1024,0/0
/spttest/fyldjzddz50y,1d278fe023ff7532,1024,0/0
/spttest/71ze4pg7fjlp,ce30f18ffd447fd,1024,0/0
/spttest/8vbcbogzhyv3,1033ac91c5364dbf,1024,0/0
/spttest/f25kfi2rs218,1b823368d31a1c4c,1024,0/0
/spttest/h180i6lq5al5,1f1d529e10d872d9,1024,0/0
/spttest/xfm2mpr7wfqd,3d1212b2baa5daa5,1024,0/0
/spttest/i1287duexty4,20eed9682a45abdc,1024,0/0
/spttest/ogj2qw67tgmh,2cad73f7a80ab869,1024,0/0
/spttest/tmig8919xo8d,361d3bf1787ad5ed,1024,0/0
/spttest/sz7ft4pgoyyw,34ee81e8feea5b08,1024,0/0
/spttest/ljiaxzlyk0pw,27594cacab6c86a4,1024,0/0
/spttest/hmcf8roxuxcd,202fb04c2c1ad54d,1024,0/0
/spttest/64v50tjkcd9d,b34e0c896895e21,1024,0/0
/spttest/qfc4s4r4l4gd,30452fd65e3419cd,1024,0/0
/spttest/huv6n8xh69hz,209e5f49b1998a97,1024,0/0
/spttest/9jeibvenyw7s,116c8f3e7d84f698,1024,0/0
/spttest/ifpjy7ztuq1g,21ad1d9b69a67854,1024,0/0
/spttest/zprt9hc1rof6,413d43ec99665562,1024,0/0
/spttest/5bhtsfqfkxsq,9b762bae675ef1a,1024,0/0
/spttest/7meyt3b8bmx2,dec76cf3e9eccc6,1024,0/0
/spttest/mqtnfau22od8,298beec9addbc1dc,1024,0/0
/spttest/2jj687xylhkm,4a4f156f3734236,1024,0/0
/spttest/tnoyuavdaxxb,362c932a4842f33f,1024,0/0
/spttest/jf72ima8z22p,237a0f7d982a4541,1024,0/0
/spttest/6whyjv0ao3b,59a967b0a52477,1024,0/0
/spttest/e1xc6lkj6b41,19ab9e0f792210c1,1024,0/0
/spttest/eecmshjz3v2g,1a4d01e1f9a2ff08,1024,0/0
/spttest/zrbparotvdcf,41516e5fdaa7224f,1024,0/0
/spttest/hjerm92t5388,20099103a3343498,1024,0/0
/spttest/46h3j7v5e0vc,7a28fd633832ce8,1024,0/0
/spttest/nms2c7uywyym,2b2b0488a3d482fe,1024,0/0
/spttest/e45q8nlfg1kd,19c89f965e65beed,1024,0/0
/spttest/dxnxocxd6dqx,1974447f93f89c19,1024,0/0
/spttest/lqszcvczcuk,11a7253dd7213cc,1024,0/0
/spttest/1dkjhosw95ci,283e2f48b835352,1024,0/0
/spttest/i2jqhn7gatbj,210227d6d0aeeeef,1024,0/0
/spttest/k1a7vpzekuoe,2498f601946b624e,1024,0/0
/spttest/8v1e5kkbjch9,103015954c2300ed,1024,0/0
/spttest/s1uvscyw5xct,333d54a6062ce01d,1024,0/0
/spttest/ltj4mgyxx1eu,27db7d64f9b98e66,1024,0/0
/spttest/yhpl4re5552k,3f00ef07650175ec,1024,0/0
/spttest/i5ioc1svt4t5,2128bdb5f4b33c99,1024,0/0
/spttest/9bx9b4y5otgt,110b690adc81982d,1024,0/0
/spttest/t7wd9izqyv1m,355f6aa42d93f7aa,1024,0/0
/spttest/w51pusy111nl,3ab538beb96267a1,1024,0/0
/spttest/2lcuqk0nbos1,4bca42939f38931,1024,0/0
/spttest/kv1wg69ajy92,261ba36e2d10a226,1024,0/0
/spttest/5cazx51g22jr,9c1e92395e2bd67,1024,0/0
/spttest/56ro74p3g1wn,979fdc8080654a7,1024,0/0
/spttest/3fp0wokfa7pl,646b61cfa820489,1024,0/0
/spttest/ks6mdr9o0nmm,25f65fabdc75439e,1024,0/0
/spttest/lq4i50m4f3xe,27af3ec710149da2,1024,0/0
/spttest/6d16lzhib5wo,b9ef91f006e98a8,1024,0/0
/spttest/816a2b1fga8v,eac2b3a088adadf,1024,0/0
/spttest/4sk1kfcch465,8c1638b44df5b5d,1024,0/0
/spttest/frcp6u27yunz,1cc9819ddb13debf,1024,0/0
/spttest/lp6xtaigrvnx,27a32279673a510d,1024,0/0
/spttest/h9rwkxktyodh,1f8c69f80ccecce5,1024,0/0
/spttest/m2q7bu23988h,2852f238d3885cf1,1024,0/0
/spttest/ivq9hq4h1w61,227d333fdaaa7a19,1024,0/0
/spttest/gcskchzpj6av,1de001798291dba7,1024,0/0
/spttest/hfe74toaei4f,1fd5676df296cd3f,1024,0/0
/spttest/nmii0cyhq9rb,2b27910f077eece7,1024,0/0
/spttest/cw6bof88huz7,178d4f4be859cf13,1024,0/0
/spttest/9ttx4wnidlxp,11f403534b9bbe4d,1024,0/0
/spttest/xs75rvbrcxev,3db58d93a636eb27,1024,0/0
/spttest/reyif4dt7hri,3213e2eb00c2e6ae,1024,0/0
/spttest/krtaxapxbp8o,25f1917cc8daf988,1024,0/0
/spttest/9i9etvt0m96c,115dbb2aad169bf4,1024,0/0
/spttest/srfkbq73pr3v,348986640c6e147b,1024,0/0
/spttest/tzjsve6hv27z,36c695167bfe45ff,1024,0/0
/spttest/nrj2udsn3a58,2b68b8cc40970d1c,1024,0/0
/spttest/ftuupzbb33yh,1cea08f3b1fa9dc9,1024,0/0
/spttest/nqsz3qgw6wa5,2b5f4da08018a8ed,1024,0/0
/spttest/mz9f18pfo1vv,29f989348a45528b,1024,0/0
/spttest/3ccb1dx2551k,61b278c89b31ec8,1024,0/0
/spttest/prr21hywjyaj,2f12d42b74986c5b,1024,0/0
/spttest/7ie4zqb4xcun,db8354841c9af4f,1024,0/0
/spttest/8xfn5neriekg,104f345988babd40,1024,0/0
/spttest/of6x5bweotv5,2c9c13ed0e82eb31,1024,0/0
/spttest/m5t1awr2vjr,11fdbfd69d06737,1024,0/0
/spttest/m8q8ccx4tkdj,28a0e45d907a7467,1024,0/0
/spttest/o3alrx8qwaej,2c018923978546ab,1024,0/0
/spttest/pprhryzhmxfq,2ef90207a1a64fc6,1024,0/0
/spttest/pxnnfeeic3kh,2f5f891c00268711,1024,0/0
/spttest/yem16vg9rg7s,3ed8aefd25b5e3d8,1024,0/0
/spttest/52hkj5srrink,94263aa94c39230,1024,0/0
/spttest/m2couw3wumd,11e9cf215a6a605,1024,0/0
/spttest/mdbkzkn10zyp,28dc8d91c73f1311,1024,0/0
/spttest/stdmbio7p1nz,34a2cd48d27a7baf,1024,0/0
/spttest/2fcch5awrq5b,46e85c415fbd51f,1024,0/0
/spttest/qifqkejwlhag,306d749bd8e376c8,1024,0/0
/spttest/nz8yck8p8956,2bccfba2d165f94a,1024,0/0
/spttest/cqe99n0oxvpj,17423c84505ae6c7,1024,0/0
/spttest/2kqvdc1dtwqs,4b4b5aee3821c04,1024,0/0
/spttest/c8gmaiyvccev,1659480cf720b0d7,1024,0/0
/spttest/mzeco56sd250,29fb50fb3bbc1014,1024,0/0
/spttest/g7kng1hkwrij,1d9c3431e016db4b,1024,0/0
/spttest/ieyh2d7uejna,21a358433a2f04f6,1024,0/0
/spttest/4rubl4ghaopq,8b81bad62500c9e,1024,0/0
/spttest/9t9cubplm09x,11ec97e401e513e5,1024,0/0
/spttest/wnldjdbsf1p9,3ba61f206e60ee5d,1024,0/0
/spttest/kaz78y7zh5zu,2516e0e65d6cd79a,1024,0/0
/spttest/ecg3z4toovq3,1a344890e69f629b,1024,0/0
/spttest/s978j3act1l8,339cb68f23a2914c,1024,0/0
/spttest/vry4o7l34e55,3a0b10f38f4ae799,1024,0/0
/spttest/inkoxw85c6ss,221346a015be326c,1024,0/0
/spttest/lg912pvsoudc,272efc44f5c337c0,1024,0/0
/spttest/addlq4zw94hw,12f1e94aba66cb04,1024,0/0
/spttest/x37dqnitlmp6,3c70e6991a4c1b2a,1024,0/0
/spttest/egj8o19csa55,1a695ebc4c808259,1024,0/0
/spttest/awn4eusq7oss,13ec246dffd5234c,1024,0/0
/spttest/vkmvwfl7wced,39ac1598fb6ad1c5,1024,0/0
/spttest/icm948mtrdot,2184f4effb57530d,1024,0/0
/spttest/vr4ilnc7lmhp,3a0061a479fa2c1d,1024,0/0
/spttest/dyz5xtr64egf,19854f01bcc8442f,1024,0/0
/spttest/hzqfa35bjuha,20dd99e266fff00e,1024,0/0
/spttest/n97spvx3sqg3,2a7ad825d18fabe3,1024,0/0
/spttest/xi1al4anukzb,3d318b25d4b324b7,1024,0/0
/spttest/yd42ku1jty4x,3ec536aa20b9c911,1024,0/0
/spttest/9r56lyy1kb9v,11d11bea00773f13,1024,0/0
/spttest/djlplpwc3bla,18bd9d74072b396e,1024,0/0
/spttest/n1dlxaqx2hqs,2a1506df011a0f54,1024,0/0
/spttest/9huya77rolm1,1158838e5011ea69,1024,0/0
/spttest/lvri8lcgpdbj,27f87dc922181faf,1024,0/0
/spttest/r0xltic56wie,315db5ada51a1f16,1024,0/0
/spttest/tazjo73wylqd,358787f4dccb1e85,1024,0/0
/spttest/v9j5lh1h9bmv,391bdb2d64814827,1024,0/0
/spttest/l2b5zku872yx,2679e8044a724ac9,1024,0/0
/spttest/4i12b7hep340,838a5e38e49be00,1024,0/0
/spttest/8a4bv9h3bkxy,f205e6e2b3655c6,1024,0/0
/spttest/ak3t03rswcni,13494d13cefa200e,1024,0/0
/spttest/fc5sa0vo21vg,1c042c1cd620e9fc,1024,0/0
/spttest/k2xcfdk7knjw,24ae4b657e607b3c,1024,0/0
/spttest/ulojdgeo2f5r,37e60e34e11b093f,1024,0/0
/spttest/drpvg05vyszf,192707f7aa6f7a3b,1024,0/0
/spttest/jb9gqir2p05k,2346f7af3059fb08,1024,0/0
/spttest/uoxyvdpcerq,18eadb22bac52c6,1024,0/0
/spttest/srfvyrt3ndbj,3489a441c3384a2f,1024,0/0
/spttest/tipli82qatk6,35ebdb08a4a95626,1024,0/0
/spttest/et129kbwnao2,1b0bac04c59d41c2,1024,0/0
/spttest/iymqks6ljy9z,22a2e562045d0147,1024,0/0
/spttest/gz5e7irbwwvj,1f0266290a75856f,1024,0/0
/spttest/tqdt5hmy8la4,364f844990cfe7bc,1024,0/0
/spttest/3rnv6y1t3may,6e22a2999a514aa,1024,0/0
/spttest/xe4smiopx1vv,3cfed9826c6c40cb,1024,0/0
/spttest/ux2cetsvq9ee,3879eb52c2c77116,1024,0/0
/spttest/pfv41xizab1t,2e786bb96d773171,1024,0/0
/spttest/sg3wh7zgt56u,33f66f54305aeb86,1024,0/0
/spttest/6yd1x1m5uyk7,cb407e3fffa9777,1024,0/0
/spttest/1xva84ov68wf,38b8c5e00c2918f,1024,0/0
/spttest/7373syjhdtke,cf2d4ce2295d3ee,1024,0/0
/spttest/vjshyyza3h0g,39a11ecf6d3ccee0,1024,0/0
/spttest/f1fl6k701eae,1b78d3c3819f3a96,1024,0/0
/spttest/9q6zpjwudcqa,11c4c5b04bdc4fb2,1024,0/0
/spttest/k7ht0q3nlrdn,24e9a25cc0c580db,1024,0/0
/spttest/kpitpwibeqe2,25d3cf256c0f301a,1024,0/0
/spttest/mnur6uoojbq6,29655d0bfe909a1e,1024,0/0
/spttest/5b49rnsla04t,9b27e92696f742d,1024,0/0
/spttest/irnliqhgofvm,224847faabb97a62,1024,0/0
/spttest/70doyrnhaj20,cce3d8a39f71bf8,1024,0/0
/spttest/jci67suywvr9,23571943642582c5,1024,0/0
/spttest/34zjtwzcgoqd,5bba0863b321935,1024,0/0
/spttest/id5mrghkcvx,ee8ddc0be59f3d,1024,0/0
/spttest/7fd7ht09ui34,d90e79049ae7010,1024,0/0
/spttest/3amtd0hlhomj,604f7bb1189efeb,1024,0/0
/spttest/dnw37q8vghh1,18f551162169bb75,1024,0/0
/spttest/kazxtegn61i7,251725115e89241f,1024,0/0
/spttest/61qmq292zi7r,b0c4896ea9aecf7,1024,0/0
/spttest/vh11dt4bh6z6,397d3bcb1bb3c892,1024,0/0
/spttest/4civ4nqcmlg,3879d93df01364,1024,0/0
/spttest/s42s6fc5aemp,335a28d8e7d2ad91,1024,0/0
/spttest/9w4s340l82m8,1211e8eebfa2f440,1024,0/0
/spttest/6rafag95mw5m,c58284cac06b54a,1024,0/0
/spttest/crub5jw52q4p,17550481790f05c9,1024,0/0
/spttest/8ao890kx16mj,f278c83233ba8cb,1024,0/0
/spttest/mugpb325v6cl,29bb37dbd18e8ee5,1024,0/0
/spttest/nano9zp2sv0,12e99549fe3b39c,1024,0/0
/spttest/p33qm9gr6pu0,2dd2ac3aa6aa1348,1024,0/0
/spttest/1kt6z6wuewif,2e1eef575571a17,1024,0/0
/spttest/djeitbj9s7ut,18bb0574efd1dbc5,1024,0/0
/spttest/nxjwfy1owgt0,2bb6f448651ab914,1024,0/0
/spttest/t2x3roll37uh,351ebc5cafed3379,1024,0/0
/spttest/b7tb3kyr79k6,147d419ec5d9ef26,1024,0/0
/spttest/fg5zkhpr8toy,1c3833d89a385752,1024,0/0
/spttest/btwnerqdx6q0,159c39f5b54ea548,1024,0/0
/spttest/k3unxubyut10,24ba5116936b7c74,1024,0/0
/spttest/h26sl3g7x9aj,1f29df2fee41c44b,1024,0/0
/spttest/by594mftw8jd,15d349a81ecf2c39,1024,0/0
/spttest/p3mvtmeby7g0,2dd9949442a6dd30,1024,0/0
/spttest/4of4equ21k89,88ba7f7e682b6a9,1024,0/0
/spttest/orn8bogcjsdv,2d3dd59323562273,1024,0/0
/spttest/mg2be4nyd8uh,29002d67b20c4c09,1024,0/0
/spttest/khsg5bl9ps18,256f5df3e545672c,1024,0/0
/spttest/n370ooyga29j,2a2ca0ae29d681f7,1024,0/0
/spttest/y8zx7eiikyq0,3e8fc260e38f66c8,1024,0/0
/spttest/e6gcdoagchex,19e66e96980c1b29,1024,0/0
/spttest/twp1lvvrnmuz,36a18192bfe1da7b,1024,0/0
/spttest/5dcrvjpla0by,9cf8a7e10ee492e,1024,0/0
/spttest/l9bfbott4i8o,26d4ecc4e3104658,1024,0/0
/spttest/dokwlv2kbfkh,18fe4556e14c2f91,1024,0/0
/spttest/pb01r9d16a11,2e394163c751bd45,1024,0/0
/spttest/kzxu1mi582cf,265b1e1294210adf,1024,0/0
/spttest/e230gywkwjqv,19adaa3837bc5ff7,1024,0/0
/spttest/5jhzzyzmragf,a1f5cb734e58faf,1024,0/0
/spttest/9nn5whpyab8f,11a3a3b31a31cd5f,1024,0/0
/spttest/f81oz0h5nwum,1bcebd216fb4cf0e,1024,0/0
/spttest/1ohon5cc1d5,15d3782002c1e9,1024,0/0
/spttest/hmg2x34f0fc3,203102260230bca3,1024,0/0
/spttest/o13lffaksbqt,2be507283627d675,1024,0/0
/spttest/hzx28f5lb6kf,20dffefcf4e14eff,1024,0/0
/spttest/67ikio0o32t1,b574f867a7f48f5,1024,0/0
/spttest/6m3zkodo77c,55e9dfe068c778,1024,0/0
/spttest/xep8vexcpv6o,3d063a8f953dba20,1024,0/0
/spttest/eibkgpkph5ah,1a809492086e4e09,1024,0/0
/spttest/2ngtgzmded4y,4d80ce65d31af02,1024,0/0
/spttest/drveyzfhiz88,192907e9494e7fd8,1024,0/0
/spttest/ecyz2l72sx0k,1a3b16fadcd62424,1024,0/0
/spttest/ng79f31hmvzh,2ad5936ccfa6906d,1024,0/0
/spttest/s7roh3y2k5yy,338a1c52641ed53a,1024,0/0
/spttest/kmpx94vcajqz,25af670592066a7b,1024,0/0
/spttest/mok5wm1f4rxa,296e88028566d95e,1024,0/0
/spttest/1umojiu0pht7,3617a040b6f3e6b,1024,0/0
/spttest/wwx871zq4qnb,3c1f4d264840f5e7,1024,0/0
/spttest/bvl8pogbgugw,15b216b69c19e940,1024,0/0
/spttest/5rhs7vqotqfz,a8732ce94d79b1f,1024,0/0
/spttest/jvfuthrtp8d4,244d0f29478fcf98,1024,0/0
/spttest/mbkv18oc41b2,28c5ec25996b8b9e,1024,0/0
/spttest/mmvpbuurx4ok,2958b7622c7068f4,1024,0/0
/spttest/mom0t17d6saf,296f33a98f90cdb7,1024,0/0
/spttest/k07m9xdseoa7,248b089401b5b26f,1024,0/0
/spttest/bh60szfh03kr,14f6bf4e02d98f1b,1024,0/0
/spttest/pdf108c2p8t0,2e58a3801fea6ad4,1024,0/0
/spttest/19ihxd70of1f,24f312d7a4eee23,1024,0/0
/spttest/d7x3yju0s5il,1825db4236fcf2ed,1024,0/0
/spttest/ss0rfvkf134m,34912c614f59b516,1024,0/0
/spttest/s16y9esgr518,3334b2285264723c,1024,0/0
/spttest/bxz4yy9u5w14,15d114c7a9197368,1024,0/0
/spttest/g89iiavwamkl,1da52cbbad62acc5,1024,0/0
/spttest/ltazshn8ap20,27d88e0c6d137158,1024,0/0
/spttest/weyjxdsju4q4,3b35f8ff27bb666c,1024,0/0
/spttest/lwbwkyxl3w5a,27ffd9f423b53e7e,1024,0/0
/spttest/pzw0seyrogmk,2f7c88da04010d2c,1024,0/0
/spttest/torbulp2plhf,363a6a88f66e4f03,1024,0/0
/spttest/bqetjt7w0bbv,156ed350b447655b,1024,0/0
/spttest/t5hbrzxygu8k,354002ca02b17314,1024,0/0
/spttest/9z4ipit17s3c,1238c8a468591ef8,1024,0/0
/spttest/o68urxixype0,2c27df43ee75ce08,1024,0/0
/spttest/wznp832rh709,3c42d4edd6e9b0b9,1024,0/0
/spttest/zvhc1k9a9izi,41876b997562565e,1024,0/0
/spttest/d953qrw1qz1g,1835bae8378184e4,1024,0/0
/spttest/c272urgxnwpb,1607e75299d9364f,1024,0/0
/spttest/v9bj7z2ofmxd,39191b30b48971d1,1024,0/0
/spttest/7td3nomt89ce,e46b7504d3f764e,1024,0/0
/spttest/g5dvkcu4801j,1d7fc7efffe02e37,1024,0/0
/spttest/cuvofmct1p1y,177c7ab78bed4216,1024,0/0
/spttest/cx98rbu6wtyd,179b5a2aefd2cda5,1024,0/0
/spttest/xckid0cg95az,3cea8a8d628b831b,1024,0/0
/spttest/2ryswk3jcnoc,5127f19568921dc,1024,0/0
/spttest/uyfaumsvo7dh,388b955cb1d28a55,1024,0/0
/spttest/f196byay6ex8,1b768373a6fd3b0c,1024,0/0
/spttest/kc9gi9l9bnqu,25279198540a79f6,1024,0/0
/spttest/s1lntsldawq4,333a00e907f2652c,1024,0/0
/spttest/qfs0lll3zu6g,304aeb00235d6a88,1024,0/0
/spttest/acc8idf7m4i5,12e46dc21c1f134d,1024,0/0
/spttest/gpjt9w7oba1,d90c266e550619,1024,0/0
/spttest/w3z6hrlw49lz,3aa751129d718da7,1024,0/0
/spttest/l2zx0okicux9,2682d6359c81c98d,1024,0/0
/spttest/fsori0amh9x0,1cdad9385ca60a74,1024,0/0
/spttest/ud8e5kvdy6x1,377850dede61e085,1024,0/0
/spttest/dwjhv20d1ugn,1965ad3181f35d77,1024,0/0
/spttest/4jenhd8l3tuk,84a8a40d6671edc,1024,0/0
/spttest/1ydc4aftuw08,3920fda7a3c7688,1024,0/0
/spttest/s2nlakyz3o2q,3347b067155a27a2,1024,0/0
/spttest/vryvxfgxpbh6,3a0b56e277f9375a,1024,0/0
/spttest/wwvi298dp9z2,3c1eadba97965bbe,1024,0/0
/spttest/ys8iqc3oq2xc,3f89a86ee2c2d550,1024,0/0
/spttest/cm516p8a8z7a,170af370a60ede36,1024,0/0
/spttest/cliqhhvlfgdp,1702e7e26ec361ad,1024,0/0
/spttest/geugfqofj924,1dfaaab145a2e39c,1024,0/0
/spttest/4yb0032ujp2n,90c0fc1352d5baf,1024,0/0
/spttest/flou4xotbv3y,1c7ff3304f971f3e,1024,0/0
/spttest/j43hobgkbnp8,22e9e316297bd0bc,1024,0/0
/spttest/m0ghpixqcdd,11dedf6781ada21,1024,0/0
/spttest/o5zrnl41584,139e7c6b6c8f8b4,1024,0/0
/spttest/kg77enxv8win,255ab6896724e99f,1024,0/0
/spttest/6427b01la8dv,b2a6ff63017e1f3,1024,0/0
/spttest/afxpslxcbpn2,1313259c0293568e,1024,0/0
/spttest/ba0kfsggd9cg,1499daac6bad4090,1024,0/0
/spttest/7zy6ra9imjjk,e9c428a88728270,1024,0/0
/spttest/euxjpjozhorp,1b2461d109c66aa5,1024,0/0
/spttest/qzxs80vkk8va,3150c8d9cd2ad9e6,1024,0/0
/spttest/qyi7rt653vey,313e2d9960274eca,1024,0/0
/spttest/et55441bwzfg,1b0d24cce38a4a5c,1024,0/0
/spttest/a926lofuk5as,12b9d568e12191d4,1024,0/0
/spttest/2b7ek34cu80f,438c83d2807d00f,1024,0/0
/spttest/vw4co5eedvtz,3a4144b5b0d2f867,1024,0/0
/spttest/ih7hmjqpqtcq,21c09387526d281a,1024,0/0
/spttest/yvu2oexhoam,1c51f4f0a8f4e3e,1024,0/0
/spttest/m8joto2j11l6,289e8812f3f7b94a,1024,0/0
/spttest/ucgly6fa8xe2,376e4a8efdea210a,1024,0/0
/spttest/7hnct9s8e6kj,dae8b67d7bde0c3,1024,0/0
/spttest/rjphy8inq508,325194af1b819ad8,1024,0/0
/spttest/jdg1vm9v5l39,236352a6ecf45d05,1024,0/0
/spttest/6qtirtc50kg0,c520ef9689bcc80,1024,0/0
/spttest/f0uj05fgzc28,1b713a71324923d0,1024,0/0
/spttest/2hg2imsawbe,2046016cdf161a,1024,0/0
/spttest/ylbzng1rtq2i,3f2ffc27318b883a,1024,0/0
/spttest/40ie9m9seyz4,75518343a99a890,1024,0/0
/spttest/fuuqdsgn7f1s,1cf6fb13a29dfef0,1024,0/0
/spttest/lo5up6fuxg7f,2795c0dbd768ea4b,1024,0/0
/spttest/7lm4c4pzgjst,de20e50ff3a0f3d,1024,0/0
/spttest/3ca9nqi36i35,61a6b4618c16c11,1024,0/0
/spttest/w9jk13g2ymv8,3aef9d743a619a44,1024,0/0
/spttest/oowjw89dfhw4,2d1a3ace995b7954,1024,0/0
/spttest/uuggpfxstheo,38580bba6967ed60,1024,0/0
/spttest/zz9ue9c2eak8,41b8acc4fb2e2ef8,1024,0/0
/spttest/5969lfpbu9g8,9993c59eea7aa58,1024,0/0
/spttest/bob3i78u14rn,155380df343fbc63,1024,0/0
/spttest/eagrhc1dir6i,1a1a8a5cdee72b1a,1024,0/0
/spttest/4a4xaaht6tr1,7d22069ede71d1d,1024,0/0
/spttest/ebgue8331n04,1a278f18604bf9b4,1024,0/0
/spttest/mw76ps1s2mm0,29d1c35af6061ef8,1024,0/0
/spttest/mawg88vi8zzv,28bd1d525328163b,1024,0/0
/spttest/95vnslk702xr,10bce5ee598695df,1024,0/0
/spttest/ut95583nbvug,38486a3aaa4e98f8,1024,0/0
/spttest/pytvpncallpn,2f6ec5d50e810b2b,1024,0/0
/spttest/tz6ajwat796j,36c1b54c13298f3b,1024,0/0
/spttest/mukw5tjto4ms,29bcbaeabcbea674,1024,0/0
/spttest/vy0vt2cjl1pf,3a59fed9b69ffee3,1024,0/0
/spttest/4l7oh8m6dmfd,86200bee40c50c9,1024,0/0
/spttest/f56aaarr2va9,1ba96d84ec9c71e1,1024,0/0
/spttest/dehf28sz1jj4,187b1ea698740c20,1024,0/0
/spttest/3devm76fxaw4,62912575bf1ec64,1024,0/0
/spttest/xl39cutji1s7,3d59387fee8c4087,1024,0/0
/spttest/dn20aevssch5,18ea76887bb50629,1024,0/0
/spttest/c0kv1fqrgs18,15f2e5e9fc33c4ec,1024,0/0
/spttest/jrm3gpdxilby,241b5a863e0ce17e,1024,0/0
/spttest/v90m6j3k8mh9,39152abbea2053cd,1024,0/0
/spttest/t6nvsojtprh1,354f5d9ea4674055,1024,0/0
/spttest/98267ahwwaph,10d939e2a0a86235,1024,0/0
/spttest/f4ghbkv230ew,1ba01dff25fa42d8,1024,0/0
/spttest/hhjylf0zs68i,1ff1763e32a04192,1024,0/0
/spttest/dysgxdblrlw4,1982e49ec48cf894,1024,0/0
/spttest/q9sgu2bjwltg,2ffd251db33cd574,1024,0/0
/spttest/3yogqnlgxopw,73d4e3eee6e6f64,1024,0/0
/spttest/qviczyx4jjgm,3117433d4a2a7146,1024,0/0
/spttest/xlhk4cwv2oso,3d5e6145ebe6a908,1024,0/0
/spttest/5id8og3lczru,a10a7e36cf6611a,1024,0/0
/spttest/oe79wx6t7bch,2c8f376cd81a5a31,1024,0/0
/spttest/q39z65u558nv,2fa889a0186ae81b,1024,0/0
/spttest/fyse74xl3mt8,1d2a181a7f79ef3c,1024,0/0
/spttest/495vdmy2fi5k,7c57aa1d79fb3a8,1024,0/0
/spttest/n52k7npv8142,2a44ff7445e46aa2,1024,0/0
/spttest/todfjozvpbeb,363566dd841c30f3,1024,0/0
/spttest/thgsos2e0mvs,35dbb0e3fb0449d8,1024,0/0
/spttest/5nk0scu8pdob,a540c8088c2117b,1024,0/0
/spttest/xzhvtxq0g9ub,3e1458e9fa418dd3,1024,0/0
/spttest/9mwrkmxdel3c,119a1d5c000a1348,1024,0/0
/spttest/f6le21wo4i2j,1bbbddf99adc5c7b,1024,0/0
/spttest/ay3pvyu276sb,13ff1eadec06781b,1024,0/0
/spttest/f8bw1u6ixvtl,1bd26af991b36959,1024,0/0
/spttest/5yrdmy147rej,ae595df92f94e7b,1024,0/0
/spttest/gbr3x5rkkryj,1dd27db42eff3a8b,1024,0/0
/spttest/girf6loph68h,1e2d8765c5a922d1,1024,0/0
/spttest/jtyshdxhlhx3,2439e9a6639c32f7,1024,0/0
/spttest/hc81y2nk2c8z,1fac3823c94a9a83,1024,0/0
/spttest/czlsws11eg03,17b9dccddfac4d83,1024,0/0
/spttest/oagltz66oil7,2c5ea04abdcc821b,1024,0/0
/spttest/sdn4qeo2m1i8,33d667bc79d7b320,1024,0/0
/spttest/x38mgw1svv8n,3c71595cce6aefe7,1024,0/0
/spttest/loxgql5n3rx3,279fb75956082b17,1024,0/0
/spttest/4bd4oxuyo4rg,7e2139efa96d81c,1024,0/0
/spttest/ulxmbun6iph0,37e9551a8e867374,1024,0/0
/spttest/hymdta64d70y,20cf27642478a0d2,1024,0/0
/spttest/4w8ifvvaxa8s,8f12f725cac881c,1024,0/0
/spttest/qx62ikkbr6io,312cce6fa2b9d4c0,1024,0/0
/spttest/qzyiel97jayy,31510c07770eb94a,1024,0/0
/spttest/axx05lu7cbgw,13fcb2724f12f410,1024,0/0
/spttest/ub69033rh323,375d9066721e40bb,1024,0/0
/spttest/wlt89286a11u,3b8ef9fedc3069d2,1024,0/0
/spttest/zl8yaicbiub0,410280cd8956a4ec,1024,0/0
/spttest/occ187i4m2zl,2c76f4771c3234a1,1024,0/0
/spttest/rmxvhdxgsu3t,327b921ec6b6cb69,1024,0/0
/spttest/mwfxvzl88p29,29d4ec051e889ce1,1024,0/0
/spttest/xyb4yjgzrwc3,3e04ec7fefe1cf73,1024,0/0
/spttest/8o36zf74bcqd,fd5cf1fb2afc535,1024,0/0
/spttest/p8lzraqjw2rd,2e1a34979130d0f9,1024,0/0
/spttest/qmvjky6swuug,30a71d9b2050f828,1024,0/0
/spttest/z2e3jai9bjjc,400d9038985ec8a8,1024,0/0
/spttest/u3aeipspql5g,36f725f9de6ca694,1024,0/0
/spttest/bi2ep5yidts9,15026ebcc0868209,1024,0/0
/spttest/bd4y90ugg0ho,14c2675af956ee7c,1024,0/0
/spttest/3fwzp7408efg,64995f5bb713b0c,1024,0/0
/spttest/u5atixza7j86,371146fe1300a316,1024,0/0
/spttest/jrwo9j7m2ruj,241f2b93c076bb7b,1024,0/0
/spttest/qbnt0t6efp43,3015710ef87fa2e3,1024,0/0
/spttest/7cn9rqnp7lrw,d6d9150c4483efc,1024,0/0
/spttest/7vi3ydaao8eu,e62806e0c4f4296,1024,0/0
/spttest/viqxz8zsqfnq,399391e3b14919c6,1024,0/0
/spttest/e84dp1vdxlby,19fc180f396f433e,1024,0/0
/spttest/k10jbyxi79lq,249577b49791825e,1024,0/0
/spttest/7e2q6q08ixv6,d80223758f9a3f2,1024,0/0
/spttest/16fb3v4r5zm6,22712ce2d677e8e,1024,0/0
/spttest/ecmn2d5ter6e,1a36a3c175964216,1024,0/0
/spttest/10938t1htnwn,1d6e4e1a9414347,1024,0/0
/spttest/15n2ytz1zfpa,21ce39c12ce973e,1024,0/0
/spttest/l6pf88c7yoef,26b301e867e94707,1024,0/0
/spttest/gf2usujo0xox,1dfdb27e5b6ace91,1024,0/0
/spttest/q233ejoblgkl,2f9910a6d2cd4225,1024,0/0
/spttest/plu84xkglpks,2ec6095f9da864bc,1024,0/0
/spttest/bbfv1m1ks506,14ac5caac163e056,1024,0/0
/spttest/h9mbb3sn060k,1f8a658bbcb47574,1024,0/0
/spttest/znqd09xzf49g,4122c35579577a54,1024,0/0
/spttest/nht3c553urot,2aea712dc2354ead,1024,0/0
/spttest/31j03hjltuur,58eb03a8e707273,1024,0/0
/spttest/ptffrhk7k0kl,2f289d78c4f246e5,1024,0/0
/spttest/wbuxp5m994r1,3b0db31691efd14d,1024,0/0
/spttest/wrhcflch66b4,3bd89fd87bc9d670,1024,0/0
/spttest/rk31c7l15l78,325677378f1e7f94,1024,0/0
/spttest/h6a4gkaelb9h,1f5f07c9075da245,1024,0/0
/spttest/x91iaot2q0t2,3cbcb79ebee85c96,1024,0/0
/spttest/vogkql9x87lw,39ddc3c669962d84,1024,0/0
/spttest/7v4zmclpucx0,e5dc485e17709e4,1024,0/0
/spttest/pv0g5548k4yw,2f3d2f6f4b987e28,1024,0/0
/spttest/8zu3cvh0srvg,106e65960512501c,1024,0/0
/spttest/tjw0kpescep5,35fb2929e040f969,1024,0/0
/spttest/fpset0nazu7z,1cb5325a38f9c9bf,1024,0/0
/spttest/mcfigxlougwz,28d0fb535b9f4d23,1024,0/0
/spttest/lhmoh90vx9x0,2740e65cac2bff74,1024,0/0
/spttest/ichphfbzigb4,21835116ac246210,1024,0/0
/spttest/tougqvnk3frn,363b8c340aa53293,1024,0/0
/spttest/1q3f0s3c9lrj,32691907b0b0e6f,1024,0/0
/spttest/jjvyp0uy64pt,23b6ffeabc2d3761,1024,0/0
/spttest/qt0kyq1ibyqw,30f6de88f6c09aa8,1024,0/0
/spttest/bo2f5tk4z05,9790dfbfdbc235,1024,0/0
/spttest/97w6vxwjyf8v,10d7116ec394c4af,1024,0/0
/spttest/9v9jh4wv5f0f,1206a36cb3785a3f,1024,0/0
/spttest/ugfi1dzcztdp,37a1d92ed131877d,1024,0/0
/spttest/tfnarvufbdry,35c40efdf131717e,1024,0/0
/spttest/6m8jxx5cel2c,c168937175d7224,1024,0/0
/spttest/uyfbyveg91bt,388b983ae043e6f9,1024,0/0
/spttest/xkhn6b4nzpr3,3d516bda4ef7a41f,1024,0/0
/spttest/lo0qb8896eqi,2793e7c2989f991a,1024,0/0
/spttest/jlsgpfghgnz0,23cfb72ba25ffe5c,1024,0/0
/spttest/9fhj99o0o5lm,1139b1b3bd7f625a,1024,0/0
/spttest/9tcwam43g0ap,11eddee7febcb881,1024,0/0
/spttest/ffqihlnpr7fj,1c329e7f84d1635f,1024,0/0
/spttest/8tmkavk2lldn,101dbe935e24e17b,1024,0/0
/spttest/eqr86udjc02u,1aee250606573266,1024,0/0
/spttest/djsija1er29m,18c011e580fc163a,1024,0/0
/spttest/ifu7fwre97km,21aecb5a8f136896,1024,0/0
/spttest/er2o0qr4jz9s,1af245b123bba950,1024,0/0
/spttest/hho8reov2zk8,1ff301ccfd379f88,1024,0/0
/spttest/ze6vrw1auzkv,40a6d4cf875abd9f,1024,0/0
/spttest/5pzmxwyvzl4c,a73a961f597dcac,1024,0/0
/spttest/gtmvz2d5s1b,da85834839822f,1024,0/0
/spttest/1h4yye2v8g0n,2b239c477cf2a17,1024,0/0
/spttest/jvg1sxsknnx9,244d21150a1c6cdd,1024,0/0
/spttest/l0y1gg5dlt9q,26682e58a67fe86e,1024,0/0
/spttest/w4vimo6mq0ai,3ab2fbfed71731fa,1024,0/0
/spttest/awfw4iz5n2vd,13e98896ef591f49,1024,0/0
/spttest/a3k22wd1pivj,127258e563a6a0cf,1024,0/0
/spttest/fquulb1ehg6f,1cc310d93db4ce27,1024,0/0
/spttest/um6t0rd0xmhr,37eca596822df41f,1024,0/0
/spttest/mh2677koguh2,290d1d56f8331646,1024,0/0
/spttest/zm07ydiixfxc,410c5789d7e3f8e0,1024,0/0
/spttest/5ygwocect6rm,ae1ceac1b480b82,1024,0/0
/spttest/mlnrs7v4p2br,2948dd7a7ea1a807,1024,0/0
/spttest/dz7ortwetvsi,19886246796a2432,1024,0/0
/spttest/1vvgp2p2pvci,371a274c42e10f2,1024,0/0
/spttest/neqgmsv0ka0s,2ac2866b301f8bbc,1024,0/0
/spttest/howtlu2qzx1d,2051070731255401,1024,0/0
/spttest/sldnlve0ctl8,343ae688c7d748cc,1024,0/0
/spttest/3yfecfbychc0,73a08c9313c40c0,1024,0/0
/spttest/2juuq9gu4wo,2124ac7afc6858,1024,0/0
/spttest/qo1e0h11uo78,30b636c8a82c2b04,1024,0/0
/spttest/r9klafrenz5p,31cdead7ab1c9bbd,1024,0/0
/spttest/lis7rsswoapn,274fe2f6339cdc3b,1024,0/0
/spttest/gxoxk34kvrey,1eef7849f8ecf08a,1024,0/0
/spttest/mhlk2qzxfdio,29141bf07d393f30,1024,0/0
/spttest/l59z2psep7uy,26a071ae8c7ec20a,1024,0/0
/spttest/jxzf9570js78,246e191a3a5f2184,1024,0/0
/spttest/sgetr9cin0x7,33fa6065c89ab66b,1024,0/0
/spttest/srlqbmjkm5ur,348bbffcdcc0a723,1024,0/0
/spttest/ututldutjsxq,38503cb15ce89e3e,1024,0/0
/spttest/4dn0emef71ka,7ff9ed17f994aaa,1024,0/0
/spttest/gj1bdn2osw5,d6b27b27573645,1024,0/0
/spttest/5a5u5wfy9z2i,9a6120398e957ca,1024,0/0
/spttest/nsuzn09n4tup,2b7a02401e536b21,1024,0/0
/spttest/ah65k1v3dizo,13232e4136d97064,1024,0/0
/spttest/mrsk01qtv5g9,299886e451a52259,1024,0/0
/spttest/e8r4jank7667,1a044d06d8afcaff,1024,0/0
/spttest/colewb3f8puo,172ad70691563fe0,1024,0/0
/spttest/tfurvfip8aw8,35c6c170d5c4da28,1024,0/0
/spttest/d7mdlrqfdzgb,1821fbf476b5fbbb,1024,0/0
/spttest/6rqjvwq8dfea,c5df9fbdd01ff32,1024,0/0
/spttest/oxc607scg4q,143c587ef7674aa,1024,0/0
/spttest/avsyyq8bbg99,13e1436772e5520d,1024,0/0
/spttest/pbfyzakoib7w,2e3f00282810514c,1024,0/0
/spttest/kltnwtugyz5k,25a3c344d379fe78,1024,0/0
/spttest/hauuozgonwc9,1f9a777cd6cd8b79,1024,0/0
/spttest/8qjp24ysvgww,ff5bde826cb8b60,1024,0/0
/spttest/hpckrghtk1tp,2056b63a8930273d,1024,0/0
/spttest/l7niqipj2nae,26bf4f6dc9827966,1024,0/0
/spttest/vjnu6zfsjm3m,399f70545d09dea2,1024,0/0
/spttest/1abuamuxjy4f,259c7977d9f0c7f,1024,0/0
/spttest/2afqmq4ct9nj,42ecce7d50a121f,1024,0/0
/spttest/bt6as9b3kxej,1592b7fddaf9651b,1024,0/0
/spttest/3t4uy72y1qtt,6f5490e4819d811,1024,0/0
/spttest/aioj0dwdqdk7,1336cca8c23b4427,1024,0/0
/spttest/ewkuw1mcu9g1,1b39c83ac8083f51,1024,0/0
/spttest/kkkzqwrdul0q,2593a510c419beea,1024,0/0
/spttest/fashzu3z3g2,c6bba86cda8732,1024,0/0
/spttest/mpdowmwzz0u5,29792f70c61dd1fd,1024,0/0
/spttest/6z6sjjiezwm4,cbec2e22ab0d5dc,1024,0/0
/spttest/g5gjqwqwu9gz,1d80beb848d5d373,1024,0/0
/spttest/hoywl3okec3n,2051c768e0aa98c3,1024,0/0
/spttest/dzvess9n73yc,1990f185f7510ac4,1024,0/0
/spttest/1bwl8ne9ewk0,26e41591947ad50,1024,0/0
/spttest/cgt6wgn83bf,a1efdf4e71f9cb,1024,0/0
/spttest/7ojnwg72it8n,e08232e0ef72287,1024,0/0
/spttest/m9f41xcf12ci,28a9de909a703122,1024,0/0
/spttest/8dwgu7ghk9ww,f517d43d6115030,1024,0/0
/spttest/n8cxwm7zdqer,2a6fb60a7449a5f3,1024,0/0
/spttest/ctyzy31hewyc,1770b01ac295a354,1024,0/0
/spttest/bfrx5t43f5zl,14e4ab8b229b4f11,1024,0/0
/spttest/xp9lgrxdk3q5,3d8f76ce0cbe50dd,1024,0/0
/spttest/g7mpfai89jv7,1d9cf2026c10bcd3,1024,0/0
/spttest/xnf0zzcak4zj,3d7771fcfd9c403f,1024,0/0
/spttest/oaxzck7esk81,2c64e53b5834df61,1024,0/0
/spttest/wtf9bza2bwat,3bf1d9aaf2271245,1024,0/0
/spttest/f572mloguk0k,1ba9b63cf18300d4,1024,0/0
/spttest/h545qaejnqpb,1f4fe393f8daf1ef,1024,0/0
/spttest/zzvnslpekvhm,41c08beebeadfe6a,1024,0/0
/spttest/1fivyl0zyxcw,29d44b9cd61b060,1024,0/0
/spttest/qbob54z6fwrj,30159f8d1178059f,1024,0/0
/spttest/kd5wzk4dpxua,253347a9efbe3492,1024,0/0
/spttest/psbq5jpw6hzl,2f1a4966e7fe3491,1024,0/0
/spttest/yv0uyubvqhhx,3faddca72fc8c615,1024,0/0
/spttest/hejyibfhvhqa,1fca7e40781de882,1024,0/0
/spttest/a7xrykq4qiab,12ab411cc60ecb13,1024,0/0
/spttest/imza0y6e8t6j,220b8c9f86c30bbb,1024,0/0
/spttest/8q36ffqbinx8,fefc83680a58c9c,1024,0/0
/spttest/jfbwnxq1xj5g,237bce50ecdaf834,1024,0/0
/spttest/xj7vv8wfqkzp,3d40e9379f151bc5,1024,0/0
/spttest/g9vr7n81wn5l,1dba306c760b2e39,1024,0/0
/spttest/anzzlssvpndk,137be19281f6b198,1024,0/0
/spttest/s8p3ij4tb5gw,33962b0fdbef6d70,1024,0/0
/spttest/rwdhqh35wgoc,32f61c0ca48ebd6c,1024,0/0
/spttest/v6fifg9oy2qh,38f392dc35b3de59,1024,0/0
/spttest/a2jydeke75lp,1265521ffc2ad61d,1024,0/0
/spttest/3jarpa9d921x,675865d8d2143a5,1024,0/0
/spttest/9ld2nl0b2g63,1186052be3a5b95b,1024,0/0
/spttest/2jcnqhsgi5ug,4a297aec40a7e18,1024,0/0
/spttest/drixnkg1a35o,1924870f74890f7c,1024,0/0
/spttest/rqgqhbzree5l,32a9580de4149629,1024,0/0
/spttest/18ztbplmr7x6,248736d5234fada,1024,0/0
/spttest/ocrbjkflm28s,2c7c7874d2fc85dc,1024,0/0
/spttest/6uowlkgef4m8,c8459a2bf245320,1024,0/0
/spttest/4k8w6pgb1vzf,85573a1ff23932b,1024,0/0
/spttest/1wikdge372gv,379f85c55dd233f,1024,0/0
/spttest/ttdkv6ww4khs,367666cc1de800c0,1024,0/0
/spttest/94auuq193m7d,10a8670d997d0029,1024,0/0
/spttest/h554sj7e0rgk,1f503d8a5a670504,1024,0/0
/spttest/7m8y799cplmh,dea4b0b3c62d9b9,1024,0/0
/spttest/e6wb0c3bntel,19ec30f6b31a8b9d,1024,0/0
/spttest/rugqi3u0fek9,32dd4d22e481df79,1024,0/0
/spttest/reiusw0nati,163f37771905686,1024,0/0
/spttest/lb3ijyt9cgjr,26ec0c9fb840fbc7,1024,0/0
/spttest/eyngpaz5ekt5,1b54b37249c5d1d9,1024,0/0
/spttest/k4ovew9ljl40,24c5374fb8206aa0,1024,0/0
/spttest/ggkfmcfvizpk,1e11076dade4e048,1024,0/0
/spttest/tlkhnn2dr5wq,3610fb15ec68fbaa,1024,0/0
/spttest/gonlvkl84yjf,1e7a16a3a86803db,1024,0/0
/spttest/mkpjyskmjotb,293c84e68dd7ea5f,1024,0/0
/spttest/bd1esuq1k144,14c1205927d16ba4,1024,0/0
/spttest/gkrfj6d8rliu,1e4782cea58f21b6,1024,0/0
/spttest/ya8y7d0rgezn,3ea0018320693ae3,1024,0/0
/spttest/g518sukjfw8p,1d7b391c5f35f3f9,1024,0/0
/spttest/p6t9tvwt2c6b,2e02da7fa48a9723,1024,0/0
/spttest/xalcgdm83x2e,3cd0dd40a091ba26,1024,0/0
/spttest/llus8dztln08,2777c7f765a4e0b8,1024,0/0
/spttest/z4r7kfzqkm85,402c45ddf0ef6385,1024,0/0
/spttest/ix2zifrsblf,f5be6f8befa0b3,1024,0/0
/spttest/g15zj4diqrpc,1d48fa23c6dcb4c0,1024,0/0
/spttest/tge7qb44uvsa,35cdc51ff5ae406a,1024,0/0
/spttest/60g52ayfqids,afb8256b7553690,1024,0/0
/spttest/o5onahdhu26,139cb3dd759236e,1024,0/0
/spttest/81k15eo4h3ul,eb12182d2dd31bd,1024,0/0
/spttest/q2v234mjsgpj,2fa32795375a4e97,1024,0/0
/spttest/7b2a28zzz93g,d5901131fb587cc,1024,0/0
/spttest/jdzso0qsn3go,236a72622100b548,1024,0/0
/spttest/hrhebcd0lxga,20726e0a434d709a,1024,0/0
/spttest/7c0xni5llrw2,d65821f7176c972,1024,0/0
/spttest/d5yv22f8twhi,180c82a3e6638db6,1024,0/0
/spttest/rsx5mflgh9as,32c93f4f530a3d54,1024,0/0
/spttest/lj5d90cpdgw5,2754a1cdeb0b3fc5,1024,0/0
/spttest/8i9o72phjkts,f8a35f4e8e98530,1024,0/0
/spttest/gc721gl7pzyw,1dd83ec54a829d58,1024,0/0
/spttest/nzyxlt3n2kly,2bd65b4db31847d6,1024,0/0
/spttest/iyj7i7wzjghq,22a19f5877d04d3e,1024,0/0
/spttest/9mocfrthl39w,119713947a7fb8d4,1024,0/0
/spttest/988g5bonjba0,10db7d9cc45786d8,1024,0/0
/spttest/l7t9dabrzzbv,26c1619a663f849b,1024,0/0
/spttest/6cbbheohjos6,b95a40ca80d3536,1024,0/0
/spttest/n0lt4o9yswj7,2a0aff0be75f39b3,1024,0/0
/spttest/vxnpbblenb2m,3a553d676c4e49ce,1024,0/0
/spttest/1j4f8ucs1mol,2cc01b5cd335515,1024,0/0
/spttest/r2618ku7zaj2,316dbd7117c3ff0e,1024,0/0
/spttest/mz7uw40wcpr3,29f8f927da4b6d5f,1024,0/0
/spttest/j1fm3dzd4fre,22c74b128f4551ca,1024,0/0
/spttest/4i65bx9ftap9,83a7b7a7e6fde6d,1024,0/0
/spttest/8uy0y9n4c1nx,102ede9a4d37e36d,1024,0/0
/spttest/5zhhqou9iq33,aef01fa48b4358f,1024,0/0
/spttest/p6zyhlmub7mo,2e0543fa20ef8160,1024,0/0
/spttest/1yex21t05fap,392a1f189bd00b1,1024,0/0
/spttest/dcs916ylgxf9,18650cb7e541aa35,1024,0/0
/spttest/kea6xzytwb1x,2541cff0b01b74f5,1024,0/0
/spttest/ob93tphjngna,2c68e8c487c95b06,1024,0/0
/spttest/vlgzokqmtkej,39b6f25917f3ca8b,1024,0/0
/spttest/e9v0iacuppmn,1a12b16be3d5fbff,1024,0/0
/spttest/zv3lgorry311,4182769d375a0ad5,1024,0/0
/spttest/7k9uere05baq,dd0a32b9aa8f072,1024,0/0
/spttest/g379hp80vu30,1d636a93f9cb9a0c,1024,0/0
/spttest/zo0wwqd491n4,4126921454d6e890,1024,0/0
/spttest/vfqpi07ucro9,396c845d2c95f119,1024,0/0
/spttest/hgmkpf7x53zf,1fe56a7497de106b,1024,0/0
/spttest/2cpuxrghp571,44c6e26b89ec78d,1024,0/0
/spttest/u0j8fgoxnt9q,36d35de4bc08d4ee,1024,0/0
/spttest/p7aijjtqkv35,2e09131d3884b861,1024,0/0
/spttest/lbdih9p0lckw,26efa81d32f906f0,1024,0/0
/spttest/qbkxs5sjx1lz,3014682a8c53b967,1024,0/0
/spttest/h5v9clo8q5t8,1f59aacee6ab57ec,1024,0/0
/spttest/pmstyoe4jnh4,2ed285e52c447998,1024,0/0
/spttest/51jbb6keqwez,936077c415ce49b,1024,0/0
/spttest/qrbz3t0hsvbd,30e1005afea6ce89,1024,0/0
/spttest/xw9a5mm06y5z,3dea4695771faa77,1024,0/0
/spttest/eta5ej8cdap7,1b0ef3626564d36b,1024,0/0
/spttest/1v3q6dgxjbh0,367a078682511d4,1024,0/0
/spttest/t5erophlr2gx,353f16809e53ee41,1024,0/0
/spttest/3hea2xvsxg3m,65cd01d374ed7c2,1024,0/0
/spttest/dgo67a95bplm,1897890253a89f5a,1024,0/0
/spttest/51yw20vfmilk,93ba63cde3ed2a8,1024,0/0
/spttest/k2bqk806p7f8,24a67f8fbc4737d4,1024,0/0
/spttest/xwnffrretaon,3def614a84426557,1024,0/0
/spttest/g5cprc5gk5xj,1d7f5cac0e6c1f07,1024,0/0
/spttest/3vrq6nidhiwy,71783d006af1f02,1024,0/0
/spttest/9ryhdo47rkak,11dbae39a16d567c,1024,0/0
/spttest/3d6szd65ezo2,62628a2e7c53912,1024,0/0
/spttest/th61unhpawxe,35d7d059bb6c5232,1024,0/0
/spttest/prw0wbwmupko,2f149f13aa0be2f8,1024,0/0
/spttest/f1ozsk9v13dx,1b7c389126da4a65,1024,0/0
/spttest/iaba3sjpel8i,216704e840bbc802,1024,0/0
/spttest/v4mbr3i6ehdc,38dc0dcb3f148d70,1024,0/0
/spttest/jtvnq01jgrmd,2438c8548be306d5,1024,0/0
/spttest/wql7y6pfvk4d,3bcd088ee20aca9d,1024,0/0
/spttest/s1g9m4tny7mx,33380e9a24992629,1024,0/0
/spttest/daraj5shsmte,184ab9aed9221382,1024,0/0
/spttest/6a0fwv493sj5,b77bcd99e2ddc31,1024,0/0
/spttest/n47y8gvyis6r,2a39f40474af9d33,1024,0/0
/spttest/yls3e89tgil,1c17e8bbe0e61dd,1024,0/0
/spttest/js6h1x1acja3,2422b4c19bcc2a9b,1024,0/0
/spttest/wgkshhfds4qr,3b4afc504ccf2003,1024,0/0
/spttest/dkg9syse5257,18c8a4552c0c781b,1024,0/0
/spttest/573xsaznlmqo,97e6acd2fc3e960,1024,0/0
/spttest/f4hut2yuzaza,1ba09cf7b3512856,1024,0/0
/spttest/q5kpr6ueo7g4,2fc66407c57b61b4,1024,0/0
/spttest/ete3xze5osw9,1b10611ca6d73549,1024,0/0
/spttest/7cqvsjb28fje,d6edeec98627eaa,1024,0/0
/spttest/hzudqr2ma1nm,20df0769db1e74e2,1024,0/0
/spttest/aqy559xqbi8m,13a22ed2b0cd7f16,1024,0/0
/spttest/bh1kh8fc94dl,14f523f1170c6669,1024,0/0
/spttest/uu5jbdo28vju,38541a5f5fe083ba,1024,0/0
/spttest/3k24u93rj22r,67f66046aa08843,1024,0/0
/spttest/b6jqfhpsel0v,146cd004430dd1ef,1024,0/0
/spttest/dnakm3x9hw7s,18ed8da0da653a58,1024,0/0
/spttest/ij2d69go3bp4,21d8b4c6ea45c5f8,1024,0/0
/spttest/mmzwmvxv13wn,295a3b9a6432dd07,1024,0/0
/spttest/2gw1gr5b6enl,4829e22c96f5eb1,1024,0/0
/spttest/rppablmkapiw,329f70a68de95bb8,1024,0/0
/spttest/h8qm4yrfmhl,dff8993b28a299,1024,0/0
/spttest/obwa3wi9m1t4,2c71455bcd0ca3a8,1024,0/0
/spttest/4n0d7wic5fxb,87957cad9c9b3df,1024,0/0
/spttest/fv78t9uykbnk,1cfb7ec8832de200,1024,0/0
/spttest/j3kzz988b5gy,22e3370dbc676872,1024,0/0
/spttest/5ep3jbd4osuq,9e0fa15f16df012,1024,0/0
/spttest/pl1gvsvflux,14c52eba1db7b69,1024,0/0
/spttest/gp129t7np5pz,1e7ef17e6e44ec37,1024,0/0
/spttest/n9nwjq01jzjv,2a80a7dd07ba3bbb,1024,0/0
/spttest/xbcgyoisx9zs,3cdaa6c33ae2d4d8,1024,0/0
/spttest/84tmujkqd3gl,edb9044b4dc2cc5,1024,0/0
/spttest/hzkw7gcctzsd,20db9b1b06ed566d,1024,0/0
/spttest/tq70njrmt5vv,364d10f50f99d50b,1024,0/0
/spttest/d732cg7vmoq6,181b0412095f21ae,1024,0/0
/spttest/z0slcr8bhf0w,3ff8d094d2922150,1024,0/0
/spttest/2ksjkbk9u53q,4b55020d1269e56,1024,0/0
/spttest/5nvmaynvsz7s,a583bc2a4c47c48,1024,0/0
/spttest/9be1uhw6c1td,11047ae63adb6a31,1024,0/0
/spttest/o92tovq6m22o,2c4caa0afd8c1200,1024,0/0
/spttest/15ijj2iyayzj,21b40436c36999f,1024,0/0
/spttest/9dr73tchja03,112333b167e3aa63,1024,0/0
/spttest/d40puwznl3xn,17f3338651476a2b,1024,0/0
/spttest/bb5nl6xlfaqu,14a8adda94c4dd26,1024,0/0
/spttest/7zkcot31oyum,e97449a9942236e,1024,0/0
/spttest/zv42223hmi05,4182a130949041a5,1024,0/0
/spttest/gqknosq1trz6,1e9300b260e63be2,1024,0/0
/spttest/v8jm1rhi93ro,390f0822589fa154,1024,0/0
/spttest/ckv0pymwhf76,16fa594ed13aff32,1024,0/0
/spttest/ru33d9ocftow,32d860fdc68e0010,1024,0/0
/spttest/2i982eqbq46x,4945d1e2cfc8ab9,1024,0/0
/spttest/p0lf3ha2w6mw,2db2158663a26398,1024,0/0
/spttest/4u67pzayqu9d,8d660b152d755b1,1024,0/0
/spttest/82qa5vsqde3q,ec0601a6a5a02a6,1024,0/0
/spttest/nc3tq2q3qnkz,2aa06106326e24e3,1024,0/0
/spttest/9z557hp2z1o5,1239025ec3930935,1024,0/0
/spttest/uoewltmhi0ha,38098c3ef102abee,1024,0/0
/spttest/i45ghv4shn7,eb4e1947bdb853,1024,0/0
/spttest/lsfvn93sai,7dcb4f006c6fa,1024,0/0
/spttest/je4sak1uku1,fbe5501b35d5f9,1024,0/0
/spttest/2z7zxrdgvb2c,570bd41a5e69dc4,1024,0/0
/spttest/u91t8p7ruiza,3741fbf9a32fc296,1024,0/0
/spttest/qqakqs0tju16,30d381e189099bca,1024,0/0
/spttest/xihaypgx58vk,3d3752021376cd30,1024,0/0
/spttest/azxr0xa7r7xh,1416f1e707a13fe5,1024,0/0
/spttest/cehi7c3ye9gz,16a78977ff1ff573,1024,0/0
/spttest/7bnic3zfxfi,5f212aedc485fe,1024,0/0
/spttest/s57micc1zcd5,3368e5665be9ba59,1024,0/0
/spttest/jmffhtsz63xf,23d800884fe15c63,1024,0/0
/spttest/heu9oukovptz,1fce369f986d5c87,1024,0/0
/spttest/8pzpt0a5ydip,fee887501a545f1,1024,0/0
/spttest/bum6ubrfw0cq,15a571064565b4ca,1024,0/0
/spttest/ikp56u2gwnuk,21edea049108f8bc,1024,0/0
/spttest/svqbxbelcmy7,34c15dea3fd71c2f,1024,0/0
/spttest/9ta1nv1khd0u,11ecd7931b7b442e,1024,0/0
/spttest/k09p61sbcr8f,248bc8bc519e7fdf,1024,0/0
/spttest/1pghtounupi9,31e4c496dfa4ba1,1024,0/0
/spttest/mh16zp6yqifl,290cc300815f69d1,1024,0/0
/spttest/lg56x1mwkpv8,272d99c9686c47f4,1024,0/0
/spttest/12nteb9x4lz8,1f62fa73816fd44,1024,0/0
/spttest/ecvp4agjnnhh,1a39e856b186a9a5,1024,0/0
/spttest/ggnzyrmyqfad,1e1250bbf48e79e5,1024,0/0
/spttest/grci92iqaw05,1e9d0d0ec5c20285,1024,0/0
/spttest/54iokt8lnmjw,95cc4edc921f6ec,1024,0/0
/spttest/kegga7f9b3ai,2544121c9a161a6a,1024,0/0
/spttest/6dakwwhpbqe9,ba25d226343f761,1024,0/0
/spttest/8df7th3v3fqi,f4b43dc527d2d6a,1024,0/0
/spttest/v3twbqqvjzqt,38d1cbe6ebf5c2b5,1024,0/0
/spttest/2m7zuu4jo5q6,4c7e0b5e89115fe,1024,0/0
/spttest/th0msoyd7pf0,35d5dbe204faf16c,1024,0/0
/spttest/pv5b5zj5py2d,2f3ef081db3239b5,1024,0/0
/spttest/qmk70z9g82f7,30a30557b2a5c243,1024,0/0
/spttest/yhnusdtzakym,3f004f117179ef9e,1024,0/0
/spttest/8n1zqe2bq0x7,fc862e508de1a2b,1024,0/0
/spttest/ju6t8m5qkbnj,243cce8959e065ff,1024,0/0
/spttest/e544e7kg1hgh,19d5086cac74dea1,1024,0/0
/spttest/7yaplgfvyufj,e86ccc7f610298f,1024,0/0
/spttest/7ogtqrcnl1p5,e071d10793252d9,1024,0/0
/spttest/nf9n711y8qky,2ac972406da60e92,1024,0/0
/spttest/6zsfn2q7fgwy,cc691e1a757f262,1024,0/0
/spttest/yy3j0topke1d,3fd5cae13d926d11,1024,0/0
/spttest/etnop3vrf2o4,1b13d5acce0e0244,1024,0/0
/spttest/2exmhhsh1wm1,46935ecc5ab4c59,1024,0/0
/spttest/lawjmtlck8nt,26e988d0c2e2b8d9,1024,0/0
/spttest/6lztqe8onj8n,c136305c46b5927,1024,0/0
/spttest/d85f3fy4522e,1828dac6e20395b6,1024,0/0
/spttest/7njhe3zxdeqo,dfb1538b00d68e0,1024,0/0
/spttest/2bhc69wes6du,43c5dce2c5c6d52,1024,0/0
/spttest/hv6uz0sgd8vu,20a295c1aa962e3a,1024,0/0
/spttest/9t6xamtgbji2,11ebb7439289bb7a,1024,0/0
/spttest/gklk6a35ks8k,1e456481ec52fcf4,1024,0/0
/spttest/m0c5qxp01xi7,2833e67f71c3f3df,1024,0/0
/spttest/ju94wpbqfswh,243da536a3a33611,1024,0/0
/spttest/9qj1layh6stx,11c91eefb2c13075,1024,0/0
/spttest/8n9p0d8jk9yk,fcb2a53fb8b526c,1024,0/0
/spttest/gxvow5a32d2z,1ef1e8a2556049bb,1024,0/0
/spttest/fz5izbwr5g6q,1d2ed529c8dacc32,1024,0/0
/spttest/vfmyao00zp6k,396b2975c01b6a3c,1024,0/0
/spttest/migxwols3dsf,291f6ed7f271f88f,1024,0/0
/spttest/reex8wqd1iry,320cd198dccfea4e,1024,0/0
/spttest/8z0qmhsoyl42,1063ce3cc7fd3762,1024,0/0
/spttest/c0spnqjelltr,15f5bb0df998bbbf,1024,0/0
/spttest/qreuirl6yw70,30e209b28fef417c,1024,0/0
/spttest/nz2avscdheh3,2bca9537ca2ac087,1024,0/0
/spttest/fhqvaemiwpbe,1c4cb9da9ca7122a,1024,0/0
/spttest/bl9adf6d7iot,152be1fc2c4b8f5d,1024,0/0
/spttest/xx31bi56jb78,3df502f535a59974,1024,0/0
/spttest/bb06zqxk1dvg,14a6b56e82b1147c,1024,0/0
/spttest/p8i7q0eryvyd,2e18d78dbbe34945,1024,0/0
/spttest/kfrlu6n3ti21,255515ac03dd7fa9,1024,0/0
/spttest/hx0oc614vmdj,20ba550974650b07,1024,0/0
/spttest/kgyoezf9sr1q,2564a01ecf316cee,1024,0/0
/spttest/6dniq22izjc8,ba7084d534a86a8,1024,0/0
/spttest/j2zga18q0nqz,22db70c5e6b9823b,1024,0/0
/spttest/iok2m21h8cbv,22200a974f3de56b,1024,0/0
/spttest/w2ksjgngkrhq,3a9522dc4709542e,1024,0/0
/spttest/pqaiw0afwrbk,2effdfe13f442950,1024,0/0
/spttest/colet3u03gk,a4bedb01122b84,1024,0/0
/spttest/kov0wnbi0l7r,25cb38bfe3413967,1024,0/0
/spttest/9g5ioryziu5w,11425914579ae434,1024,0/0
/spttest/8cpp5n7a4tyl,f420ec5a15ce6ad,1024,0/0
/spttest/buxai3or1bx6,15a9727790dffd9a,1024,0/0
/spttest/9cfomdg5vvfp,11120ef5584265e5,1024,0/0
/spttest/sk184pr3ws9e,34296d262c411612,1024,0/0
/spttest/hkrkyorak29a,201b2dfbe12bde6e,1024,0/0
/spttest/lj7gutji1di6,275563caee74c89e,1024,0/0
/spttest/zupx797wz5ak,417d87936ed7f18c,1024,0/0
/spttest/wxma7ynfewnj,3c28578d4495a7cf,1024,0/0
/spttest/bspb50c275k8,158c96a3e89e49e8,1024,0/0
/spttest/i437ovjjfh0r,21162c39e85812eb,1024,0/0
/spttest/wipio98md6pg,3b66ab7e41d5e934,1024,0/0
/spttest/gkrjvnlv903w,1e478df5b1c38bcc,1024,0/0
/spttest/7ub16per7tqc,e52f57e05799544,1024,0/0
/spttest/30umlg2g084j,585e4bff989c123,1024,0/0
/spttest/4ljoj39jecf1,866554be930dd5d,1024,0/0
/spttest/7ff66q8gzdmh,d919cf1e1777fb9,1024,0/0
/spttest/bdijqpkh4ckm,14c74f48d8f1a9a6,1024,0/0
/spttest/hkmb0t29642h,201946a2cb281b19,1024,0/0
/spttest/7nlfo8fqq5vn,dfbc98c407e1643,1024,0/0
/spttest/2ketuesj7bo6,4b05d59896979d6,1024,0/0
/spttest/by87fah2ndjs,15d45a63e2cc2a58,1024,0/0
/spttest/xb4gfioulk7w,3cd7c2737294779c,1024,0/0
/spttest/cskm78s3jq2b,175e826c9a771db3,1024,0/0
/spttest/5frwxoh45ji6,9eefb82ac5b19fe,1024,0/0
/spttest/gealrzu2u9mm,1df38107a994f63e,1024,0/0
/spttest/a6126nqgts2r,129275f00949db63,1024,0/0
/spttest/jndxp84560yi,23e473c39a00bf5a,1024,0/0
/spttest/fxp6a1c3s6w0,1d1bf16c26e834e0,1024,0/0
/spttest/vful6iz2ixfh,396deac17346c7bd,1024,0/0
/spttest/sbf3ddafkwf2,33b986c82325c81e,1024,0/0
/spttest/zsqj5iweyfkg,4163c562e6953150,1024,0/0
/spttest/ydtl5nb2i59k,3ece6b89c21fe928,1024,0/0
/spttest/7h8jw784gud6,da9340d1e0c11ba,1024,0/0
/spttest/5yls3i3i3p2z,ae390c3d319bfbb,1024,0/0
/spttest/wbbt9hp33ded,3b06ccb644829d95,1024,0/0
/spttest/pyf5qa5dovix,2f697602f92e3699,1024,0/0
/spttest/fi9gqqwsw99t,1c536f87496732f1,1024,0/0
/spttest/lez84val4ll9,271e7571a7d7d34d,1024,0/0
/spttest/f26autigkq64,1b8277362a7aa97c,1024,0/0
/spttest/mk405eoslugg,2934be52bf76a970,1024,0/0
/spttest/nctiyvqhr1r4,2aa9a700a3490aa0,1024,0/0
/spttest/hb7l1pp0rns4,1f9f0f862ef58524,1024,0/0
/spttest/erhvhk7aurz6,1af7c25fee732f22,1024,0/0
/spttest/zy7f4lvgmvhx,41aacf9a013484f5,1024,0/0
/spttest/ill0g9i48lm4,21f969a509abbb6c,1024,0/0
/spttest/zielbfvsyjkm,40dd91f40e8bbf96,1024,0/0
/spttest/iyu8qc0usw7u,22a59a8a537cb01a,1024,0/0
/spttest/66u8lwbehmax,b4e8820d955a529,1024,0/0
/spttest/391ylhaf86d1,5f0742c5b91f935,1024,0/0
/spttest/tt2q2z53cx2x,36727c216028f979,1024,0/0
/spttest/l3324k1vvayq,2683f86b518fac42,1024,0/0
/spttest/mbs7joim2a3j,28c892d407643d9f,1024,0/0
/spttest/bix2fmzf2yo5,150d7eaf351e1705,1024,0/0
/spttest/r6sx3fimzj6g,31a9f44ee86a59d8,1024,0/0
/spttest/ym7nqa6hz4ag,3f3b69598228a978,1024,0/0
/spttest/adtwvol1t1wh,12f7cbcd743503e1,1024,0/0
/spttest/i69f7tv9wtbo,21326442ad637174,1024,0/0
/spttest/yjqn2qr5ssbl,3f1b4ae5fa370f61,1024,0/0
/spttest/d7oblmvb8e7l,1822af8cdb5b60f1,1024,0/0
/spttest/qhnybprfw2bh,30636e347b89debd,1024,0/0
/spttest/ku5iaiivnm90,260ff352814e7764,1024,0/0
/spttest/sst7ifnfmldl,349b6fecfee2b0b9,1024,0/0
/spttest/cw6mm8846j3i,178d6b5d1dc04a2e,1024,0/0
/spttest/zpol4fbi1kho,413c19eed0236bfc,1024,0/0
/spttest/6etbmh83mttg,bb61d8d7b3ad374,1024,0/0
/spttest/f34lqkr7ks7i,1b8ed7a72d663ece,1024,0/0
/spttest/e5pnlkaq8haa,19dccd6e7dfe4b82,1024,0/0
/spttest/5xzumo8d34ne,adba7295701874a,1024,0/0
/spttest/98ze6lhswc3d,10e5368398455539,1024,0/0
/spttest/tl1iw8y3s81w,360a2344aff142c4,1024,0/0
/spttest/3r6cdsfsvqiv,6dbd7a3e876d007,1024,0/0
/spttest/lgoufbovdzyw,2734b119651d4658,1024,0/0
/spttest/23opnzksx8fi,3d71cf2667a04ee,1024,0/0
/spttest/1b6dhnc3mxp4,264cbe3879e9718,1024,0/0
/spttest/gwz4cbrp34ea,1ee6281f4062ee02,1024,0/0
/spttest/rexs6cxsaity,32139f95444e7dd6,1024,0/0
/spttest/szqy6ihpqg4z,34f58c0b70f71133,1024,0/0
/spttest/avhvwosx22k2,13dd4382bd9daa72,1024,0/0
/spttest/dweefokpyzw4,1963d68f2463b334,1024,0/0
/spttest/zk1vco9jymsb,40f2f56ce4c6dedb,1024,0/0
/spttest/wlbveiw0s4hp,3b88b6c502ba25bd,1024,0/0
/spttest/pdg3js3bpbqb,2e590664c1735ea3,1024,0/0
/spttest/qx4ryt4ej1xa,312c570062033e7e,1024,0/0
/spttest/xbngzq17vrym,3cde9ee3366b0a4e,1024,0/0
/spttest/bd5fsg2tsqw2,14c2945ba783fc22,1024,0/0
/spttest/j6volnaxsmo6,230e09ae52663ac6,1024,0/0
/spttest/v2axqb517t97,38bdf740ae9594db,1024,0/0
/spttest/kpnkfxcx316z,25d5852f2e1669cb,1024,0/0
/spttest/wbjqvciibird,3b09a984ae898db9,1024,0/0
/spttest/6i6rpljdfctd,be1ef628985d7a1,1024,0/0
/spttest/icalqp9t2nt2,2180c0e8aa90f606,1024,0/0
/spttest/5l158woi0f1k,a33426f4e19fe28,1024,0/0
/spttest/vzx0ntu4pan6,3a729458bdc84e22,1024,0/0
/spttest/clr30u3041ko,1705eaff8915acf8,1024,0/0
/spttest/ut75rh1trxun,3847b3141047951f,1024,0/0
/spttest/54x4b5igd3n1,961fa72c8f2fbad,1024,0/0
/spttest/suwmvjcq52g8,34b6a6f6eeeb95a8,1024,0/0
/spttest/62ugdho43048,b1aa7074bc95758,1024,0/0
/spttest/afe9a37taij1,130c203d85c5e54d,1024,0/0
/spttest/g9bp6mq0et8t,1db2f3dae0d5138d,1024,0/0
/spttest/4dpfr9g1tfgi,8007ef147242482,1024,0/0
/spttest/59fq52hgr7xw,99ca61e074db4f4,1024,0/0
/spttest/p3elznd7jocx,2dd69867a7e5ed11,1024,0/0
/spttest/rxgft8zi7ciy,3304297a1ffbb92a,1024,0/0
/spttest/lrtl7pu7na91,27c5492155f882a5,1024,0/0
/spttest/xfhxwzyugpcj,3d1095211372ba53,1024,0/0
/spttest/5jc9ypg2a19p,a1d4c12e97ab6ed,1024,0/0
/spttest/6px1k53v1vx1,c46570678f912d5,1024,0/0
/spttest/jrsum922rzk1,241dca67c34b86c1,1024,0/0
/spttest/dto9f31nxilp,19406d998efbe76d,1024,0/0
/spttest/7cf2vrfaen1d,d6a9cb21748c221,1024,0/0
/spttest/mtjckyrhcij8,29af2f0e40d105d4,1024,0/0
/spttest/6qu66gke57q9,c524b07f583d461,1024,0/0
/spttest/d24i43u3c93m,17da969ce7ad0412,1024,0/0
/spttest/y07g5zm4rlcr,3e1d924b73c6b0db,1024,0/0
/spttest/5y4v8cz77k8,4d434b02c41508,1024,0/0
/spttest/273b0wpita5b,40358acbf052e9f,1024,0/0
/spttest/4uuq2q6w2uta,8df389f83ac207e,1024,0/0
/spttest/b5qj54yk2jn7,146246a39f6aabf3,1024,0/0
/spttest/ygsaf8y9uopv,3ef4eb66967e89a3,1024,0/0
/spttest/pgmk6zavz5np,2e8253144cfe9e65,1024,0/0
/spttest/r43q22md958z,3186e2880ade67d3,1024,0/0
/spttest/lh3qesgc98i3,273a105255479f4b,1024,0/0
/spttest/30rlo5ttnmfl,584cd45deeef251,1024,0/0
/spttest/xf57ascyoy1u,3d0bfc6ab6f81462,1024,0/0
/spttest/4r4j3bgj3r41,8aecd5c37774f01,1024,0/0
/spttest/oejya4jfufax,2c93ca5d2ee903f9,1024,0/0
/spttest/b4wbrhipavsm,145760a88fd3d076,1024,0/0
/spttest/blij7mtl37jg,152f37fa928b31ec,1024,0/0
/spttest/6iq7e6bh56tr,be8f29eb50d4ecf,1024,0/0
/spttest/jsbsew1tdscn,24249fbee6bd31c7,1024,0/0
/spttest/aokb3grfaz5o,1383366b79fe4b7c,1024,0/0
/spttest/qdfx9jc5sbm0,302c9382d79f6ec8,1024,0/0
/spttest/2wkin6alqfmd,54e49e68e8b8e95,1024,0/0
/spttest/gc5ves6nqebt,1dd7d16434605a09,1024,0/0
/spttest/jus9cfvg504k,24448b9845cd6be4,1024,0/0
/spttest/jgtaiy874ayq,238f116609ea3782,1024,0/0
/spttest/2d89de3megm2,45311d083832d9a,1024,0/0
/spttest/kjvpbgkrtmz8,258a8519b840a494,1024,0/0
/spttest/a6nplsgdh9y3,129aa2216499b99b,1024,0/0
/spttest/xumo11dumhih,3dd520738fd88429,1024,0/0
/spttest/5fcinbec8dn9,9e96d53c44deb15,1024,0/0
/spttest/jj7n2kwikpo8,23ae3941839d50f8,1024,0/0
/spttest/6ft0roh8cdmz,bc2fef4dbf8fc0b,1024,0/0
/spttest/xnsdwtqstay2,3d7c43e7dbf0f0aa,1024,0/0
/spttest/d8wwm7edhav9,1832c5accd816645,1024,0/0
/spttest/t7hjdb8fz5wl,355a10c838d487a5,1024,0/0
/spttest/cadztjvz7lki,1672502ba9f2b7f2,1024,0/0
/spttest/jejg5qwpb2el,237189a808f7f9ed,1024,0/0
/spttest/q4g73dq2dvnb,2fb7c56b6d075b77,1024,0/0
/spttest/82tt3albw2mh,ec1a5c5f6829449,1024,0/0
/spttest/pftgkqc98p85,2e77d31e00452ab5,1024,0/0
/spttest/lliycal2qhpa,277383387491321e,1024,0/0
/spttest/38jrv36bmay5,5e9e444e9b793ed,1024,0/0
/spttest/de8e7jj67zm3,1877dd25fd29920b,1024,0/0
/spttest/phijcoprgl21,2e8ddcb435d94d99,1024,0/0
/spttest/v28l5u7bugui,38bd1e448e7a37ca,1024,0/0
/spttest/76jffxpiofxy,d1e3edb053a8cb6,1024,0/0
/spttest/6xcm4y4f7c3t,ca6e225049f5809,1024,0/0
/spttest/ug6fag8v43ps,379e92d138b90ad0,1024,0/0
/spttest/4ftr7kbphq42,81c08507f126372,1024,0/0
/spttest/j9abemyyfdpd,232d4bdd0011fd21,1024,0/0
/spttest/q33dnojuudkj,2fa62837a2daea33,1024,0/0
/spttest/z5il0emfjgi,1c89d8226651e42,1024,0/0
/spttest/bh052gk7wyka,14f4a008a5a22dfa,1024,0/0
/spttest/5jhk35eaddmr,a1f33e3bcbcd843,1024,0/0
/spttest/98sygduu4cuk,10e2e3f31b0d000c,1024,0/0
/spttest/ugm4257ld1wa,37a43be4bc71cbda,1024,0/0
/spttest/4czdnvmel28f,7f717fed4d3948f,1024,0/0
/spttest/vbbwt4pjjnxa,39333891185476de,1024,0/0
/spttest/jssxmnrae1tf,242acf63756e86b3,1024,0/0
/spttest/5m0xvz71c2id,a402ccf3966a4b5,1024,0/0
/spttest/b63anm6x4ilm,1466e1a6b869f02a,1024,0/0
/spttest/nwy99gsmqrzd,2baf25132ac31629,1024,0/0
/spttest/bqblu9wbinef,156daa6e137fc1f7,1024,0/0
/spttest/p05mnur6aprf,2dac630bb1d652eb,1024,0/0
/spttest/x95dqoiidixp,3cbe1d6767037b1d,1024,0/0
/spttest/mb6eygl0di10,28c0b5bda2c49084,1024,0/0
/spttest/l269gz2n5j5d,2678231cda0adf31,1024,0/0
/spttest/f8jt1kvltfjd,1bd546347dfd84e9,1024,0/0
/spttest/4wk55u20uw5l,8f561cb4c1b6649,1024,0/0
/spttest/m2pr7or2c0jx,2852c8dfb3875bcd,1024,0/0
/spttest/5fslv2fz2457,9ef3b78096f007b,1024,0/0
/spttest/4ev0fofhmz3c,80f7f18a7fee828,1024,0/0
/spttest/dmczqc2n9zjk,18e16fe565441b30,1024,0/0
/spttest/g8sz2uqhhs6c,1dac323f3be861e4,1024,0/0
/spttest/jq8s5lc1mfy,10043fc31ce77de,1024,0/0
/spttest/ljpwcd5zoz54,275c0a2886cacee8,1024,0/0
/spttest/2lljwextjgti,4bfc7ab4eb61ce6,1024,0/0
/spttest/ak2vvxmrky9x,1348f81bf77ecd85,1024,0/0
/spttest/al6xuxevs0j1,13576be61858f8ad,1024,0/0
/spttest/lkwm5t5rajji,276b73de1e52c06e,1024,0/0
/spttest/lyegwy7r9iki,281ac15f86855d42,1024,0/0
/spttest/xk0086zlkxq4,3d4b0eb6c539e8bc,1024,0/0
/spttest/994kh118twf1,10e7147e5272455d,1024,0/0
/spttest/o7eed3z6k9m3,2c36dc9f68490fab,1024,0/0
/spttest/cnrb1y2twpo,a4719d46f524dc,1024,0/0
/spttest/22eabnqi6a2z,3c65ca46a5fa28b,1024,0/0
/spttest/fc9sbb06cntb,1c059dad4b45398f,1024,0/0
/spttest/s4t2ssuodq6m,3363a5ac969ad5ce,1024,0/0
/spttest/c3kyfxpi6epc,1619e66a3834b5f0,1024,0/0
/spttest/olk8xik3faqn,2ceed27c67a9f71f,1024,0/0
/spttest/ao6gbv5ss5tz,137e36b1297e8c87,1024,0/0
/spttest/otast4y5iy91,2d5353dc6c94eae5,1024,0/0
/spttest/wepup70vp6vx,3b32d552941c1e1d,1024,0/0
/spttest/u0xvzr1cs4sp,36d8a782026ea749,1024,0/0
/spttest/8aob6t0asibx,f27940d54b9e5cd,1024,0/0
/spttest/k1g2wq48qjvf,249b13754f4c1f1b,1024,0/0
/spttest/cj1dqcozcs17,16e2aa630c31bbeb,1024,0/0
/spttest/7a8122h6dbwv,d4e16ec25e3c78f,1024,0/0
/spttest/ji46ex3he5mb,239ffc27d04c40f3,1024,0/0
/spttest/pls85i7gjmqi,2ec550ad8930e5da,1024,0/0
/spttest/re991f75liyc,320ac5a4ba072434,1024,0/0
/spttest/95o4uhuaqs2s,10ba2ebd16e222a4,1024,0/0
/spttest/46qoupzejbud,7a605da2c6d0cb5,1024,0/0
/spttest/qvn1advwd4wq,3118f3089746a61a,1024,0/0
/spttest/85wd08ucoho1,ee98960dd79b371,1024,0/0
/spttest/7k8t0stfnksr,dd0433dc7788c0b,1024,0/0
/spttest/rzeuk478ikya,331d911701f3fe92,1024,0/0
/spttest/7qy68kyvwya7,e2759e5c948fc8f,1024,0/0
/spttest/f1hg2dy0e2ds,1b797f5fb1481b90,1024,0/0
/spttest/449dot1n7ac5,785cc6ef7391b15,1024,0/0
/spttest/q8ad2q50wou4,2fe99f95c9f599bc,1024,0/0
/spttest/4knfv7copsew,85ab348b8275418,1024,0/0
/spttest/sdidnjhs4pws,33d4b0c866e0cc2c,1024,0/0
/spttest/u1g6n85bqdd6,36df41779978252a,1024,0/0
/spttest/jc7scx5ecbx8,23535a065218d95c,1024,0/0
/spttest/dafd6m9trde7,18466c114a545d8f,1024,0/0
/spttest/x6mgl9ag42ak,3c9d4f3467622c9c,1024,0/0
/spttest/vd1kgjssm9xu,394977b634a197d2,1024,0/0
/spttest/ucqhvidgn91e,3771dbc9a616d182,1024,0/0
/spttest/b1crz0djapnk,14295b1cb886a760,1024,0/0
/spttest/6ri7inzjpmyx,c5af74dfd678f89,1024,0/0
/spttest/1e9tvapesmw2,28d02c9ffb694e2,1024,0/0
/spttest/h6j5prezosy7,1f624a521f73938f,1024,0/0
/spttest/3ykke7l4qlkr,73be626274dd7bb,1024,0/0
/spttest/25lsiuds3bjs,3f009afb28ead38,1024,0/0
/spttest/bamhgkxv5t1j,14a1c32246a80547,1024,0/0
/spttest/x8ju4c0flc4z,3cb6575404075fb3,1024,0/0
/spttest/4v30rx4e9u64,8e23705bc462efc,1024,0/0
/spttest/npbwcs2z2ssk,2b4c270eb1050944,1024,0/0
/spttest/ibne0mamlcwx,2178609eacb2d2a1,1024,0/0
/spttest/ddttdllpfcvd,18729a8b12b1abe9,1024,0/0
/spttest/lu6mv013xwma,27e3f8a7f2776a62,1024,0/0
/spttest/1iq24cuu1r8b,2c6d2e13d19161b,1024,0/0
/spttest/79pnexzoebjh,d47754a6f0945ed,1024,0/0
/spttest/ez86rpeofslr,1b5c2db15b569e8f,1024,0/0
/spttest/usotc7fj9xeb,384114928d9f1053,1024,0/0
/spttest/62uwj0wgb8fh,b1ad079b96d4f6d,1024,0/0
/spttest/2u8m7fxevelj,530041c2fc7fda7,1024,0/0
/spttest/9wfkcqvv53zp,1215cd24cb1a9e75,1024,0/0
/spttest/igoh0psdrkz9,21b9b6f9da244ff5,1024,0/0
/spttest/ceyygqiq7rpn,16add5738e150a0b,1024,0/0
/spttest/t2tga6ur8d7l,351d6aff5e8607e1,1024,0/0
/spttest/vypk6kc6ut6i,3a62e63aaf8a253a,1024,0/0
/spttest/pc0ezyzbolmt,2e46609f61a0ba85,1024,0/0
/spttest/dnjtl0158gj0,18f0e3f4a2150eac,1024,0/0
/spttest/3lfscs6825i,2eb402cec032e6,1024,0/0
/spttest/u8ltl9dtwyd6,373c36fa7c1cd6fa,1024,0/0
/spttest/ox9e2ggmfj92,2d86c6b27a78a536,1024,0/0
/spttest/31jrpgh5x2jm,58ef7121ed8d422,1024,0/0
/spttest/j83tmijovvcd,231df6c63e89946d,1024,0/0
/spttest/2kv3i3dj2nc3,4b63c05887fd9a3,1024,0/0
/spttest/wlkuk64fqi90,3b8bf3eb9a933de4,1024,0/0
/spttest/movs7u294epx,2972b94ec20eb485,1024,0/0
/spttest/5hi5t7n64e7q,a05711d790552f6,1024,0/0
/spttest/64dq7fnr2tz4,b2e9882110e6b40,1024,0/0
/spttest/92xti9mg979j,1096b58e42a3c507,1024,0/0
/spttest/58824pazai53,98ce4ad8e167557,1024,0/0
/spttest/giqca8oofw2z,1e2d23975f6cc82b,1024,0/0
/spttest/g6x3fc0o3anq,1d93b45bf02af0b6,1024,0/0
/spttest/49gnkhyyx4p6,7c95ea548bcd00a,1024,0/0
/spttest/ekd6z37y9oub,1a9b25359562b403,1024,0/0
/spttest/xcww8y4gcrtr,3cef029a49ffd7df,1024,0/0
/spttest/m5kt6mlnfm4d,2877f7dbdda5e8bd,1024,0/0
/spttest/fg45qsqb2gcf,1c378af429dd923f,1024,0/0
/spttest/lt85te4nekbr,27d788671fd78567,1024,0/0
/spttest/kot3rmmwi657,25ca875a4bbe479b,1024,0/0
/spttest/l7h1s7ivv4t5,26bcf9b8b1eda119,1024,0/0
/spttest/61anj60gtrfc,b0684c59f776018,1024,0/0
/spttest/bote27uj6qnn,155a1a95b0e2e773,1024,0/0
/spttest/vat1sl12fbbe,392c6a5c31891d0a,1024,0/0
/spttest/c7ktwmv82p85,164dcfcd96593035,1024,0/0
/spttest/8sii5f781m3s,100f4a535d6bda28,1024,0/0
/spttest/23k0a3jhr36r,3d56a56deacd5e3,1024,0/0
/spttest/kuzemgi4y5hi,261abcf52ac2dc46,1024,0/0
/spttest/s26xteckjd9f,3341ae45e4472de3,1024,0/0
/spttest/1btmo84jv13b,26d2feb51d01a47,1024,0/0
/spttest/8gqh2dipurfe,f764b686bdf775a,1024,0/0
/spttest/27ays64gcoa2,4061c3560d105ea,1024,0/0
/spttest/c5jv3q2e91zs,16337bfe0d7fe858,1024,0/0
/spttest/4zvfd793fi5k,9206bcc40a560a8,1024,0/0
/spttest/uw3pr97ujkzo,386d6cacffb69b04,1024,0/0
/spttest/qvnj4ls4ltkr,311920ce41044cfb,1024,0/0
/spttest/dem9tmxxnnlp,187cdf0cb2675c3d,1024,0/0
/spttest/kj6vxizw8f2p,258190dca45aea51,1024,0/0
/spttest/hx3iz1gqkoun,20bb5c608dc324cf,1024,0/0
/spttest/jumo7u23bidb,2442878b39d1fcbf,1024,0/0
/spttest/tz04s3pldht3,36bf7c47213e0467,1024,0/0
/spttest/ebvb5pte1zzb,1a2cc7433a439e67,1024,0/0
/spttest/mh0icb8beanj,290c83c199bbe86f,1024,0/0
/spttest/jxi7c0x2dfc,102e2bc98bdf178,1024,0/0
/spttest/ysmcbut799aw,3f8ea5296b933258,1024,0/0
/spttest/qm81vxd0j4wx,309ea3bc0fb3c3a1,1024,0/0
/spttest/u2a2cv3fenbd,36ea09834472b889,1024,0/0
/spttest/ol3qpkwnqn9f,2ce8ddd82cac6f43,1024,0/0
/spttest/cguhi17qtg6f,16c632f74ad25d27,1024,0/0
/spttest/t3hjohx5w8nk,35261c8d6bb34cd0,1024,0/0
/spttest/ateyt34mi6d0,13c23b5548ffc6b4,1024,0/0
/spttest/8ub0q0hcn9hr,1026918b7b877fcf,1024,0/0
/spttest/th6gze8rrr9v,35d7f72ce2aa7dd3,1024,0/0
/spttest/nkkzb011yaoh,2b0e7ba8910c6f91,1024,0/0
/spttest/z49wmqv33gqj,4026078c19ee567b,1024,0/0
/spttest/a08o2ad1fi0t,1247451c53ea1dfd,1024,0/0
/spttest/9dfyj9jc89ka,111f25a6c1b7ea6a,1024,0/0
/spttest/3fxpvgmeazfz,649d91de34077ef,1024,0/0
/spttest/v5vxzj9veza5,38ec8369daf2dd1d,1024,0/0
/spttest/4qrdg0i99zij,8aa0e154d6a4d0b,1024,0/0
/spttest/m5jg2opq4ns0,287779dac0e9af60,1024,0/0
/spttest/ij3mwmk31zcd,21d92a1dc6487c2d,1024,0/0
/spttest/1i0sp26znxkv,2bdb57dd4e044bf,1024,0/0
/spttest/womtdr1qnl35,3bb3a1675baab881,1024,0/0
/spttest/i3vqv8ye3r7b,21137a7bfe7b8277,1024,0/0
/spttest/tc3md1myi2bu,3595fd96b6c8a64a,1024,0/0
/spttest/6vh8ua6ft0ue,c8e935b66931086,1024,0/0
/spttest/e3zcputku9bl,19c652aed05ad2b1,1024,0/0
/spttest/qhpu9sqylcw1,30641c8aae933e81,1024,0/0
/spttest/6lsju08rqm3o,c10c30b5b3a8d64,1024,0/0
/spttest/1wo7ex5f0k4h,37c0151c3b598e1,1024,0/0
/spttest/o8lyrxu4oqb,13ad977ad938833,1024,0/0
/spttest/oifi62twzsm5,2cc62493b153cf9d,1024,0/0
/spttest/awudzpxoq5hc,13eec39626792a40,1024,0/0
/spttest/r961gfh8e0mu,31c8aacc669ad6b6,1024,0/0
/spttest/axveoyfrsu2k,13fc1f0297883e3c,1024,0/0
/spttest/tz1ejd287e84,36bff1ae565c23c4,1024,0/0
/spttest/sjtdpsifm8pd,34269888c59acc91,1024,0/0
/spttest/t2latnz4i7ob,351a7a0b81cd975b,1024,0/0
/spttest/rtbmnuegn7jg,32ce782f262d2dec,1024,0/0
/spttest/21uo0odlp219,3bf486a68cfdf8d,1024,0/0
/spttest/gie31nmblrjl,1e28b777ec5731b1,1024,0/0
/spttest/1cqnzldityh9,2791b727d4b09cd,1024,0/0
/spttest/856spxt1y64h,ee0501f3f4fd881,1024,0/0
/spttest/iw8ohi26dok3,2283d8593dc22b93,1024,0/0
/spttest/5o4os569ehkg,a5b816e3b032170,1024,0/0
/spttest/fmzmimrjwpj5,1c90d4f22dfb6841,1024,0/0
/spttest/828smnkgrj72,eba10dab16269ee,1024,0/0
/spttest/55u0nfx9zvzw,96dd9368ee109bc,1024,0/0
/spttest/ntlrlqln4d8i,2b83ab938a01e702,1024,0/0
/spttest/va4ufsqd0s1l,3923aea6897be2f9,1024,0/0
/spttest/ru9a3gugga1u,32da9c7675be9ee2,1024,0/0
/spttest/wm8f650ewc1i,3b94754578bda2f6,1024,0/0
/spttest/g954thm8iuoo,1db09564a949dbd8,1024,0/0
/spttest/en5pj16y389p,1abf69a39c44569d,1024,0/0
/spttest/xxpb52cy4gjs,3dfd0c42161e9ec8,1024,0/0
/spttest/9pkuzab06bfq,11bcc973bcc0eb66,1024,0/0
/spttest/x4hzxopbrpqd,3c81b87c579e6a05,1024,0/0
/spttest/21whksepukhv,3bff0a004af3443,1024,0/0
/spttest/na5pipl344ez,2a8714758cb5565b,1024,0/0
/spttest/dhfa1y3zks1s,18a150d599941a00,1024,0/0
/spttest/j9to0u5s0puy,2334473b44b332ea,1024,0/0
/spttest/x7ribbwt2cz3,3cac1eba080ddb2f,1024,0/0
/spttest/anx1wjycloov,137ad25d9897f43f,1024,0/0
/spttest/nwkkri0tqg6d,2baa356dad7df165,1024,0/0
/spttest/d6zn6wpe973l,1819c8157f01de31,1024,0/0
/spttest/6slprw5krtsc,c69388201f9578c,1024,0/0
/spttest/i7t6mmjcbswn,214682d833c4ff17,1024,0/0
/spttest/ifzas9dzts29,21b0a1c5c75d1a51,1024,0/0
/spttest/sugviaw9ooxf,34b0f738b362dd33,1024,0/0
/spttest/c5chk986symp,1630d2ac07e91451,1024,0/0
/spttest/u2sm1yjec7mo,36f0baadfd4e0ba0,1024,0/0
/spttest/c1a6nktjfcpp,15fc08ebf659751d,1024,0/0
/spttest/xp804zib3cgb,3d8ee3b7048404cb,1024,0/0
/spttest/1ck4ofcs1y83,276bfb123ea9f83,1024,0/0
/spttest/6z7cndoamjf5,cbef67901f345d1,1024,0/0
/spttest/31gaxz27kg7x,58db6f46656ae1d,1024,0/0
/spttest/mmkdpcxe3pxl,2954a18176fe9809,1024,0/0
/spttest/pxppr7xczr4d,2f6047d1e313540d,1024,0/0
/spttest/xqhr0aczru92,3d9f653a256a24e6,1024,0/0
/spttest/ubx9hf5s0pyx,37674f9405e48379,1024,0/0
/spttest/iyswz7b0l75j,22a52003c9005377,1024,0/0
/spttest/89s86vtqakgm,f1c00939806e416,1024,0/0
/spttest/sob7471a64gh,3460fb417024ba11,1024,0/0
/spttest/klakwqj1tz8l,259ce0917da4c4a5,1024,0/0
/spttest/5w67hu3a45t0,ac3f7de2fd84c64,1024,0/0
/spttest/gr1yctc2w736,1e993e53950fade2,1024,0/0
/spttest/jnxfx4meejka,23eb7d821000c08a,1024,0/0
/spttest/bhtksdmx34nr,14ff3f0bfe94e357,1024,0/0
/spttest/94v12682ynuz,10afae57f874ef4b,1024,0/0
/spttest/xpyt4yaig38y,3d988fb1ceb14e72,1024,0/0
/spttest/q8zciw21dqoh,2ff2a360a0d33151,1024,0/0
/spttest/wqfq0o9hkfoh,3bcb0cb5c9718161,1024,0/0
/spttest/uylszxj8c1ep,388dee221e039621,1024,0/0
/spttest/qdgj1603w6sb,302ccb5c9e1f6d5b,1024,0/0
/spttest/hcjvmugrz9sz,1fb07c5d217fb763,1024,0/0
/spttest/nd77kk4qky2y,2aae96e9d9b1138a,1024,0/0
/spttest/pysbzb82ehct,2f6e36d648c6215d,1024,0/0
/spttest/7vxkd9ueq55d,e6814117e017291,1024,0/0
/spttest/3jiymkg3zbsm,6787b1406310976,1024,0/0
/spttest/nscrdaquluj4,2b736e67628ff3d0,1024,0/0
/spttest/hf2b4dgvjt9p,1fd11d3ddb42a9ed,1024,0/0
/spttest/ydq1gpha9lj4,3ecd23e7ef119340,1024,0/0
/spttest/h8ey3q89weze,1f7abfd4992f3cda,1024,0/0
/spttest/1j90ppbxd8kk,2cdaa442b0d09a4,1024,0/0
/spttest/9fmng4fo6xew,113b8a4b857ae2a8,1024,0/0
/spttest/j6ax181xgsie,23068b9593b41956,1024,0/0
/spttest/51rpv1qfxq5w,9390fc4a66ae9b4,1024,0/0
/spttest/b93xvh3n23c9,148e14fe9cd5b069,1024,0/0
/spttest/y879b3hbmzds,3e856ac0897e1ba0,1024,0/0
/spttest/8nnbnvjnham8,fd0153ceb65a300,1024,0/0
/spttest/of3lizth5esh,2c9ae10178accf21,1024,0/0
/spttest/upbdbs76qfzi,381542eeb342956e,1024,0/0
/spttest/vpzae80quca1,39f1817d3195f3a9,1024,0/0
/spttest/r1wwzv0zymdd,316a733e408f58c1,1024,0/0
/spttest/x4p6cbviyeqz,3c844f8075ca5d2b,1024,0/0
/spttest/29q902dvwpn6,4259a775a8b3cd2,1024,0/0
/spttest/e5rnhniu4g9c,19dd85e3af434150,1024,0/0
/spttest/g4219lutzwv,d14acd716d7d0f,1024,0/0
/spttest/r2vieivnbx9p,3176eeb09e74702d,1024,0/0
/spttest/onek3h054upi,2d06bf702a4a6976,1024,0/0
/spttest/6zjoswn1o6e7,cc36a132db4935f,1024,0/0
/spttest/dxjvzklg9fpd,1972ceb1677b3bc1,1024,0/0
/spttest/w5l5tnqvlaob,3abc3cb66dbf004b,1024,0/0
/spttest/msx13achy90x,29a7217883422331,1024,0/0
/spttest/o3b6grybba7q,2c01be39ddf86b76,1024,0/0
/spttest/ci7plbx8g5zk,16d7f5c56aad9e50,1024,0/0
/spttest/4esd2bgfsvy6,80e8a65024e6fbe,1024,0/0
/spttest/7t2q7xdq7g57,e42f9272ca0cb7b,1024,0/0
/spttest/xmjp8zq7g3j8,3d6c246cef29b4e4,1024,0/0
/spttest/z2quypda4b7l,40122b03c130bfc1,1024,0/0
/spttest/l8jj6dwmoi8j,26cadc57ecc21853,1024,0/0
/spttest/owt4ncghdewx,2d80e8a2e06bfdc1,1024,0/0
/spttest/ebqukrn6ocva,1a2b2b3e76898926,1024,0/0
/spttest/eijr06r43ieh,1a83884c9c59afe9,1024,0/0
/spttest/inc6q15lekfa,221034ef52a157e6,1024,0/0
/spttest/z8gnukn2xkim,405c6c9e207fa41e,1024,0/0
/spttest/bz93m7r3rnwd,15e1aa3edaf9d0bd,1024,0/0
/spttest/q6l528veax1p,2fd3888fd5f66fcd,1024,0/0
/spttest/jb5w3hsipeaz,2345ad9f6d5826ab,1024,0/0
/spttest/jr5qsxkme39k,241574261600be08,1024,0/0
/spttest/92hs48nue93m,1090ec192c413f92,1024,0/0
/spttest/bov4rdzuajzv,155abb7513f15dbb,1024,0/0
/spttest/wljevcpehp80,3b8b6f4beaf5ebf0,1024,0/0
/spttest/1bn2a0k4jzki,26ad1619be60ed2,1024,0/0
/spttest/sli6gafopgca,343c885bfd4172fa,1024,0/0
/spttest/srubbl8hq6vg,348ed8d00487864c,1024,0/0
/spttest/vivhnb4vjcc8,399535d3ba4d4438,1024,0/0
/spttest/990c4ffqpmh,78277d20de4f39,1024,0/0
/spttest/9x7qsja9713z,121ff7f97a59425f,1024,0/0
/spttest/y2i8q3bcoxw5,3e3b71c3edea0995,1024,0/0
/spttest/hqo8ba67o5ed,2067e7f646afd055,1024,0/0
/spttest/snxlex8og8k4,345c12c92a795754,1024,0/0
/spttest/1te1s12ck8t4,3515f6806ce4d98,1024,0/0
/spttest/66hgy0jtdp58,b49ecbb2843a98c,1024,0/0
/spttest/fy1xeudxi62t,1d208b75cd256445,1024,0/0
/spttest/4jcclfavsgny,849b59513925a5e,1024,0/0
/spttest/b4xao8mr3gfp,1457ba3abffd08f5,1024,0/0
/spttest/i7goax2l8dnq,2141ff6837ed0426,1024,0/0
/spttest/4hwzwsz74az3,8372e4200fba38f,1024,0/0
/spttest/v72hsctvqrif,38fbddaf07bee0c7,1024,0/0
/spttest/eq8n795wecyh,1ae7708b0025dd19,1024,0/0
/spttest/5n2cjqqw9k0h,a4dac0c99d9f591,1024,0/0
/spttest/tokbw5xi7s3r,3637e41192a05007,1024,0/0
/spttest/6d7ndq53g62k,ba14e5c373179bc,1024,0/0
/spttest/xqr88fgpm7hq,3da2d0bd6c12b86e,1024,0/0
/spttest/s2bpkve3qcxp,334366faf1598efd,1024,0/0
/spttest/p2ei7u8qa58k,2dc9917804d85304,1024,0/0
/spttest/pdhwm0ghfb3e,2e59ad54241656ea,1024,0/0
/spttest/u2r1htphg41j,36f0298f8aed3d77,1024,0/0
/spttest/t710ajta9as2,355419f1893c2cd2,1024,0/0
/spttest/k90mqw5jnz8,1070a11ebe7c524,1024,0/0
/spttest/pnga3kz8t5d5,2edafbc456083469,1024,0/0
/spttest/s3kknvr2m4v5,335396efcfc10021,1024,0/0
/spttest/27sp6gutews8,40c8232b5709278,1024,0/0
/spttest/kx58axnz7igs,2636d176f086a83c,1024,0/0
/spttest/ukofr74njss8,37d907aa875f4f78,1024,0/0
/spttest/bzszozpwmwi8,15e8d78b8f16a210,1024,0/0
/spttest/9f0e9o8satpx,113382a4552230f5,1024,0/0
/spttest/gil786xlrjy1,1e2b48c6706456b9,1024,0/0
/spttest/lbbdyw3uw27k,26eee3cdfd171d30,1024,0/0
/spttest/axljfidvnr23,13f88f7bbfd19bbb,1024,0/0
/spttest/sq3cxxv0jmeq,347821c5a5272432,1024,0/0
/spttest/z0z3ab69mx3e,3ffb28ccf2ea020a,1024,0/0
/spttest/z57kmryvb5e3,40322d47c10c670b,1024,0/0
/spttest/iz2nn7fkw7ua,22a8a3c009274fb2,1024,0/0
/spttest/8nhnug3ygdeh,fce0a4948ea75d9,1024,0/0
/spttest/m7x5x4vmvvs9,289667784a7fe4a9,1024,0/0
/spttest/zwboqj7m1907,41925f374293e5d7,1024,0/0
/spttest/pt5tw5atqwki,2f25260adaa91c62,1024,0/0
/spttest/596bp2mxkol3,99941bdf94bf277,1024,0/0
/spttest/jkifghojp1ep,23bf1b0749633661,1024,0/0
/spttest/sppj8bxh7nml,347324c07eb6f85d,1024,0/0
/spttest/mynqrd8q70fy,29f1b730880f07fe,1024,0/0
/spttest/rbvkofi2a8h0,31ebdbd68d020364,1024,0/0
/spttest/41itosvsv822,7623d07994e728a,1024,0/0
/spttest/ic7k4pw00vdp,217fa7abecc6aedd,1024,0/0
/spttest/n1x827epmbqm,2a1c1aaa2b7785ee,1024,0/0
/spttest/s5qgmxc41knf,336fb1541269e2cb,1024,0/0
/spttest/u4v8tomkcp96,370ba85a538e76da,1024,0/0
/spttest/46kdqscgk9eg,7a3bf2384dd6c98,1024,0/0
/spttest/i4qi5wqcia1z,211e93914e287767,1024,0/0
/spttest/gp4d7prs1his,1e8022ac414746f4,1024,0/0
/spttest/2g0q90n4blvo,47751f2033dc384,1024,0/0
/spttest/k8pye5lowl0j,24f99059e3b68e63,1024,0/0
/spttest/oawqf6tyhzzi,2c6471f57732e66e,1024,0/0
/spttest/y5mfta0h3ei3,3e63ed323210fd2b,1024,0/0
/spttest/ei87eljxjpda,1a7f5df5c330c42e,1024,0/0
/spttest/cr3vi6s0v1jx,174b7ac78b15e99d,1024,0/0
/spttest/5jq1h91bnc5q,a2243757997fc4e,1024,0/0
/spttest/oa4x8otqxr4f,2c5a692530a3758f,1024,0/0
/spttest/u453kxx2trqy,37023953996ca7ba,1024,0/0
/spttest/tcueh9l3z4la,359fa74e4a5528fe,1024,0/0
/spttest/dt1gj2068eib,1938335fafe0a173,1024,0/0
/spttest/fhxicjkfsa4a,1c4f1f3a9148913a,1024,0/0
/spttest/4ybfnio4n767,90c37e95ed8480f,1024,0/0
/spttest/4bkjkqhvnyvx,7e4c062c488135d,1024,0/0
/spttest/7jci9md0p9r3,dc49bdcd359f19f,1024,0/0
/spttest/as5ytkp58omr,13b1fecc0950d7b3,1024,0/0
/spttest/lm5242cuhha1,277b7cffa01a1fb9,1024,0/0
/spttest/qjae9o33y9pq,307884784294f4ae,1024,0/0
/spttest/3op0a6h8tu1e,6bb9bd1ea140952,1024,0/0
/spttest/53qgwee667m0,95296eaeb760a08,1024,0/0
/spttest/mm0d5be2trfn,294d68b65f775a23,1024,0/0
/spttest/uozv8b2m73iw,38111c732d60db98,1024,0/0
/spttest/pleabewx25vf,2ec049133db56b3b,1024,0/0
/spttest/vagrjkhyrxf8,3927fba410a727f4,1024,0/0
/spttest/ky2dwc1mu97o,2642c7f88055c424,1024,0/0
/spttest/5vk348zqqong,abbfc88ff06454c,1024,0/0
/spttest/ik2s2oxbgays,21e5d8441adeaa84,1024,0/0
/spttest/zjx703qdmoh6,40f1457a47aa2a6a,1024,0/0
/spttest/b0uc49s6swql,1422b3ce66ccdabd,1024,0/0
/spttest/64vp2y1kqc1l,b3514402d3f9779,1024,0/0
/spttest/7o3mvh7ab0n5,e025aa7291e6e01,1024,0/0
/spttest/69ceftd8u784,b6f103b3bb56c14,1024,0/0
/spttest/s5wom6gj0pcq,3371f002cc0d935a,1024,0/0
/spttest/x7offyrb0rw,1af6abab3a14bac,1024,0/0
/spttest/vfgvchwshxge,3968f7af0318ef9e,1024,0/0
/spttest/26z82eo396rs,401df9c7dd62d88,1024,0/0
/spttest/pn1moaf8qdwt,2ed5b2822ea60ced,1024,0/0
/spttest/l5ukt2z7hytn,26a7e0cead6bfd8b,1024,0/0
/spttest/uh0gno4naw43,37a9695f5a410813,1024,0/0
/spttest/loxnrqe29lok,279fc9641ec27004,1024,0/0
/spttest/1ul0escxpz9r,360dfbb31c12fcf,1024,0/0
/spttest/5dsnddcvqosk,9d544d362413f04,1024,0/0
/spttest/c34y23qawvd2,16141f89832808c6,1024,0/0
/spttest/md4ozub8egwp,28da1146273b0119,1024,0/0
/spttest/12b1qovby7m5,1f194464595220d,1024,0/0
/spttest/ellx82ol57sx,1aab48c344326bc1,1024,0/0
/spttest/pq8ilzqmva4w,2eff266df8eb3310,1024,0/0
/spttest/maumcp5wt0nz,28bc744c114f8c9f,1024,0/0
/spttest/68d78t9x69g8,b625ce220f3ca58,1024,0/0
/spttest/en0mt6wuuq11,1abd94d31798dd45,1024,0/0
/spttest/qvbhfbdfhqx0,3114c804c1efd584,1024,0/0
/spttest/ml9cvvvs9kln,2943aa1902baf88b,1024,0/0
/spttest/s9qzj9bke6zx,33a3d6d808010aed,1024,0/0
/spttest/hyi3zjk5lo9e,20cd9cb4e2e05312,1024,0/0
/spttest/ogw8y0dcysh7,2cb234a80f3324ab,1024,0/0
/spttest/ix3koqprtln6,228efe045b30b1d2,1024,0/0
/spttest/xqu8lp4dsgmo,3da3e6ca51cfd030,1024,0/0
/spttest/atzpgetuprgq,13c9b7122083a94a,1024,0/0
/spttest/cejaon64lnwa,16a82ee9972c383a,1024,0/0
/spttest/qiyx9oiz8njb,307460cd37e97427,1024,0/0
/spttest/52i7tpcw8frp,9429f6e49fea1d5,1024,0/0
/spttest/9vp0bio668f2,120c382a8bcd761e,1024,0/0
/spttest/hy0g1u8a570u,20c73d08038b3cce,1024,0/0
/spttest/htbokyj7qefh,208a58aff1b17e8d,1024,0/0
/spttest/hrbt3wcqnuz1,207069c96c40c68d,1024,0/0
/spttest/r8143nneeomx,31b9e67ccc832e39,1024,0/0
/spttest/feukd7ce009m,1c27178852152f5a,1024,0/0
/spttest/z0qf5zx3lm33,3ff807f7ebf8da0f,1024,0/0
/spttest/pjwxyggs3idq,2ead09d86e40dbce,1024,0/0
/spttest/7ma89f5ss2om,deac1396578fc96,1024,0/0
/spttest/ug3074sm4bym,379d56fd421cdb8e,1024,0/0
/spttest/msj83kqmzpqa,29a2264be27deb02,1024,0/0
/spttest/aa2rxb8hs1z8,12c7096083bbba04,1024,0/0
/spttest/oaiorxhekaxm,2c5f6094750bf65a,1024,0/0
/spttest/o71a1icrrt9l,2c3220bedf72d7e9,1024,0/0
/spttest/v34uqnr06mcb,38c8c2a0a72ef29b,1024,0/0
/spttest/fxz8gogmk5ho,1d1f92b5ba7deecc,1024,0/0
/spttest/84rxc4a103sz,edaf2713df85c43,1024,0/0
/spttest/7c6fmrp4nt4c,d677e1884f8ab2c,1024,0/0
/spttest/mgtdwyz6gmhp,2909f1d273d327dd,1024,0/0
/spttest/lhhxyuxr8rh7,273f30de2ba6bc1b,1024,0/0
/spttest/6wz1482ixxom,ca1fb6ca53942c6,1024,0/0
/spttest/qm7m4xt0no32,309e7b530b217dae,1024,0/0
/spttest/5zn9ld8jbs1b,af1174811a885af,1024,0/0
/spttest/janaqbz5sfvg,233ef82cc4a7005c,1024,0/0
/spttest/60ogr5ni1c45,afe834793cf1195,1024,0/0
/spttest/jsufmir59ld,10134469ec662d1,1024,0/0
/spttest/bhkyzekth0sg,14fc2427881fcb40,1024,0/0
/spttest/ou5v2lxccj5h,2d5e89154b076bf5,1024,0/0
/spttest/8gr59tro3lw6,f7689848e3f0596,1024,0/0
/spttest/y69rkq4przly,3e6c57d874c2d606,1024,0/0
/spttest/ni7kzjfbl7ca,2aefab9eb8b98f6a,1024,0/0
/spttest/t6g1mr0e1aep,354c89a54cc8e8f1,1024,0/0
/spttest/hctwvnsdopl2,1fb41b3d7f90e486,1024,0/0
/spttest/3h7x5rdkmoam,65a84c01a95fc7e,1024,0/0
/spttest/vram3bj79d41,3a0294cf0e72ada1,1024,0/0
/spttest/hqljpffq8oxa,2066f016d23d562e,1024,0/0
/spttest/56llfr09f1ah,977cc7d2906cd49,1024,0/0
/spttest/aygtmqj5p7g3,1403d91260ca62f3,1024,0/0
/spttest/99xw3srtlbaw,10f1a904dd5a3578,1024,0/0
/spttest/tztottovy0j4,36ca266531202630,1024,0/0
/spttest/eqftoxppi75o,1aea07c68db7c1bc,1024,0/0
/spttest/y7qhd7l43kd1,3e7f5d2b3e8431d5,1024,0/0
/spttest/navdm3qb9obk,2a90577c63352660,1024,0/0
/spttest/mncbt315qvbp,295eb6f350035a15,1024,0/0
/spttest/vm0l1z2mg2my,39be042e56e6ff5a,1024,0/0
/spttest/vgkei4eywc90,39773b3227ae2004,1024,0/0
/spttest/9ycq985m91ty,122ec1b23eb23b86,1024,0/0
/spttest/i6k8tpmm3yew,21364be9040e8ef8,1024,0/0
/spttest/hxq0joawxrxt,20c3799146b6d3b1,1024,0/0
/spttest/x0ryp6hx3i6w,3c515bf81e71c3d8,1024,0/0
/spttest/sv50kmp13iw0,34b9ad0ddba28760,1024,0/0
/spttest/w75vl664p62t,3ad0b3708ad0e705,1024,0/0
/spttest/dm7mbttyutuw,18df7faa6e6578a8,1024,0/0
/spttest/sv4kb4n6eedk,34b983530ba5c248,1024,0/0
/spttest/5yti1eh85f6j,ae659e7406ce81b,1024,0/0
/spttest/bl17anzlhj2s,1528f725381f0bd4,1024,0/0
/spttest/ccm9wfxr0fp0,168f477e69be5e74,1024,0/0
/spttest/nw1mmipdin2a,2ba35f3558771642,1024,0/0
/spttest/g6fcddtja7lk,1d8d4caf10f7dbf8,1024,0/0
/spttest/7zt7omno1cpe,e9a771391592a92,1024,0/0
/spttest/iuj38eqimy50,226d9f5b36c63054,1024,0/0
/spttest/d4s8m3am8a1j,17fd21969212d2d7,1024,0/0
/spttest/tm1w1tu66pfy,361742472824d44e,1024,0/0
/spttest/ob5t52llhqnv,2c67b83fd16caa3b,1024,0/0
/spttest/o2n60zw12z6a,2bf914437a716f92,1024,0/0
/spttest/jbhlgk37bykx,2349e6bfc68616d1,1024,0/0
/spttest/z8k58d57znr6,405dae52deccce02,1024,0/0
/spttest/n78al73t8q4r,2a610b7bf30c0f4b,1024,0/0
/spttest/bg623ejfltg4,14e9c55b3e31c354,1024,0/0
/spttest/33si8syy7et4,5ac189e964030b8,1024,0/0
/spttest/q6g5p0fcta1n,2fd1bc57da71401b,1024,0/0
/spttest/4n2nc4nlt97w,87a2a7ce90a04ec,1024,0/0
/spttest/vj2gbaxsnc57,3997b8fbbb18bd3b,1024,0/0
/spttest/3xaijia1qh46,72b4874b1eec226,1024,0/0
/spttest/nzrkt2lmouhp,2bd3b3e369705a5d,1024,0/0
/spttest/o9w77obiydpc,2c57436aaa5f17e0,1024,0/0
/spttest/8f1rclhcg4bl,f606354d88a39e1,1024,0/0
/spttest/vwyztv5ez3bn,3a4c532d69402d93,1024,0/0
/spttest/fhb9ywz70p62,1c4719a141e3d26a,1024,0/0
/spttest/8jz7urfzi0xr,fa06adb8bb2a43f,1024,0/0
/spttest/e3k4nyif78em,19c0d47f6a40fd4e,1024,0/0
/spttest/61ov6sajqcke,b0ba5923aee5d1e,1024,0/0
/spttest/ox0abdkpgk79,2d837dc16e7be345,1024,0/0
/spttest/qoczqkzmaocu,30ba6693ad729bce,1024,0/0
/spttest/r9hay4d0dhze,31ccbb33b9a2b04a,1024,0/0
/spttest/o3fz4nghzsg6,2c03793e1b49dbc6,1024,0/0
/spttest/3juzz1qlxs9m,67cd2f3d113ba5a,1024,0/0
/spttest/lo6m42zx50k6,279607327b9adf16,1024,0/0
/spttest/jjhjzzlvjydx,23b1cd0e688117d5,1024,0/0
/spttest/dfuho3zzbcsw,188cd3627a79b490,1024,0/0
/spttest/v6yac9o94dkq,38fa591a88fdb6ba,1024,0/0
/spttest/fxwus352bf4x,1d1eb6dd8ebac761,1024,0/0
/spttest/9smojpnk833z,11e46974404261bf,1024,0/0
/spttest/tqujakqaqtwo,36558d408b4ecbe8,1024,0/0
/spttest/ut9jzi2yj363,3848904edce320cb,1024,0/0
/spttest/m8yb5lopkm26,28a3ce86f8a555ae,1024,0/0
/spttest/xwndg71col0b,3def5c3093c6205b,1024,0/0
/spttest/2ahgj8smys2d,42f6bbc7241c895,1024,0/0
/spttest/4cihbbvr2lyt,7f0ff1aa6cb22b5,1024,0/0
/spttest/8edhoxhc82ee,f57a1b6fbfa3e26,1024,0/0
/spttest/fzwus9uapx1k,1d38b16466468588,1024,0/0
/spttest/nij9nrc2ee72,2af3e2f9c670a15e,1024,0/0
/spttest/mpfmkt440wkz,2979e233d39588f3,1024,0/0
/spttest/gz7v8n6ta1il,1f034a985db5ab2d,1024,0/0
/spttest/r7s2z4qo4kpk,31b6a448f62001d8,1024,0/0
/spttest/rgzz61rfq0n5,322e64c57965d0c1,1024,0/0
/spttest/1ey7v2q4y78u,295cf88354a652e,1024,0/0
/spttest/t7k0hq6wdfu2,355af5739e87696a,1024,0/0
/spttest/muhg1k12zcjt,29bb7c74aa869049,1024,0/0
/spttest/n3oyaxi43bar,2a3319323c89f7f3,1024,0/0
/spttest/svxj8fz2hc8e,34c3f73f0aeef62e,1024,0/0
/spttest/gycipbur0ecu,1ef7fb037e1f6bae,1024,0/0
/spttest/lf9j32o3cxod,27222d38da35587d,1024,0/0
/spttest/w216zy9x0n41,3a8e1097824ada01,1024,0/0
/spttest/80ef9qw4pf7s,ea21e466dcbfd48,1024,0/0
/spttest/g8hi3oevm2e9,1da80ea302996ca1,1024,0/0
/spttest/ap70vp6wrths,138b68ad96861610,1024,0/0
/spttest/jn1yosapvc99,23e021e12f5330cd,1024,0/0
/spttest/fjqfknl6tv9v,1c668c0b9a4ced93,1024,0/0
/spttest/5rimea9335td,a87803ca26b0731,1024,0/0
/spttest/jlvra3dyi9xi,23d0e767e48168c6,1024,0/0
/spttest/xwbbxsl0xsyn,3deb03e4bfea84df,1024,0/0
/spttest/bgq0qlbvk3vd,14f0f93e0d74ab99,1024,0/0
/spttest/2s9gsk8uwfg,242d1cfb1a97ac,1024,0/0
/spttest/kwheixkf75qj,262e38976acde7cb,1024,0/0
/spttest/u7x81i6svfny,373356d9e56d350e,1024,0/0
/spttest/oloc9y13hl69,2cf04c8acbe06c71,1024,0/0
/spttest/kigoi2a511td,25781c399421ec71,1024,0/0
/spttest/uaykir9uchwf,375acb02343cb79f,1024,0/0
/spttest/l9leb3uzngm5,26d885d81eccdedd,1024,0/0
/spttest/z9v0w4841ds5,406e987ebbace005,1024,0/0
/spttest/5ityaesfy193,a16af7d81b9f9d7,1024,0/0
/spttest/z5404yrjo0r5,4030e39726c078d1,1024,0/0
/spttest/hamnic9wi3cy,1f97821b91150582,1024,0/0
/spttest/nt6ns2fpnprv,2b7e383d98ad573b,1024,0/0
/spttest/hg7ooe66j6jr,1fe00b1f20e425e7,1024,0/0
/spttest/12u412i3hdik,1f87524733129ac,1024,0/0
/spttest/7m4zi8yo2i9g,de8dceb8c1ea8f4,1024,0/0
/spttest/kd06q4hf0bml,2531367096aa4ddd,1024,0/0
/spttest/cscu6djb2h3u,175bb3f1558d2a1a,1024,0/0
/spttest/vxr7f0enmpc,19ed8ea5a2c50b0,1024,0/0
/spttest/pfi1l3wnrrxg,2e73b49b4b272d24,1024,0/0
/spttest/niodkh5gdm6z,2af5bad89743059b,1024,0/0
/spttest/p2xbzx966mto,2dd05c81aae1130c,1024,0/0
/spttest/il31knop2rvc,21f2ede530068298,1024,0/0
/spttest/3h1azpks32se,65821a9996decde,1024,0/0
/spttest/37gq2ujbdvoc,5dbcd5448c8589c,1024,0/0
/spttest/djl9tei3c2nb,18bd74f2c3822367,1024,0/0
/spttest/cr1oixn5w1zz,174ab022bba9431f,1024,0/0
/spttest/j0zsiix7fkgu,22c195a77885405e,1024,0/0
/spttest/6570nzykcr8x,b392a06867660f1,1024,0/0
/spttest/5rkyc5qlecrc,a88579c7c616518,1024,0/0
/spttest/lqti5gjklqby,27b84403e358788e,1024,0/0
/spttest/jytzk0k2t5r5,2479203d7f90d461,1024,0/0
/spttest/gtq42mblay5x,1ebbf0588b6aec75,1024,0/0
/spttest/798a00mchq4l,d41309c8f844285,1024,0/0
/spttest/6n7ry8azszd5,c233ea6ece40d09,1024,0/0
/spttest/bo80blgbcqsd,155263995a664d9d,1024,0/0
/spttest/11v6evs28umf,1ebda5eb59fef07,1024,0/0
/spttest/c34qlr9ax6v1,16140c6960439efd,1024,0/0
/spttest/maj137qc5qji,28b845b064cd799e,1024,0/0
/spttest/sl2uwf4rwpfx,343701322865c3cd,1024,0/0
/spttest/t6xhpxlfzqv0,3552d52f6b33a5bc,1024,0/0
/spttest/j5adkcjfik49,22f95c5ffa1e9159,1024,0/0
/spttest/vfdx6zw49i5k,3967e75185fb7828,1024,0/0
/spttest/e5qlef8ot3c1,19dd2428cc775e21,1024,0/0
/spttest/83m9ikoftecp,ecbea39c6337ce9,1024,0/0
/spttest/mktwlqystqr1,293e16cc8f0370ad,1024,0/0
/spttest/341mqhw84wlz,5af637530219617,1024,0/0
/spttest/jwywwsh79nn5,2460ecc7fa54eaf1,1024,0/0
/spttest/s9qgz2sf59cq,33a3a738ac96fd9a,1024,0/0
/spttest/gnarrbclctru,1e6877afcdbc76ba,1024,0/0
/spttest/970jaflnegda,10cba5789e6aa55e,1024,0/0
/spttest/c2l751p59t7,9cce35264b2deb,1024,0/0
/spttest/dfa0vjjqhmnj,188570ee61d102ef,1024,0/0
/spttest/8th4zscni506,101bc975141a90d6,1024,0/0
/spttest/nfxluvoi828e,2ad217a86629df4e,1024,0/0
/spttest/iq3cacbd6tp8,2233fbaad53254dc,1024,0/0
/spttest/iltm0610zujk,21fc83e401a88960,1024,0/0
/spttest/s7ge38fgjxcy,3386099fd8891ba2,1024,0/0
/spttest/478uoxf9p3ol,7ac937660ad33e5,1024,0/0
/spttest/bmptnkwfvw1,97142efcccef31,1024,0/0
/spttest/pbhsz400w6ix,2e3fa97c51e5e909,1024,0/0
/spttest/eqngvjw9axep,1aecc9d67fc6e0a1,1024,0/0
/spttest/inbz7sdpwubk,221021ac91caee80,1024,0/0
/spttest/p48s48mky3y6,2de17b2c8f90747e,1024,0/0
/spttest/qkh0i6h7ndhi,3087e4fd6347cf06,1024,0/0
/spttest/f88h4mmy3ht2,1bd12f950f4956e6,1024,0/0
/spttest/x8vjilir642p,3cba908a43d3ad21,1024,0/0
/spttest/76ymp3qmtn4y,d23bafe396d0862,1024,0/0
/spttest/w98wpsfjaq6x,3aebc5f3e7683219,1024,0/0
/spttest/rfgetmb7zhxl,321a585106885889,1024,0/0
/spttest/1gn3ay0d7wce,2abc64c04a06c7e,1024,0/0
/spttest/ukxn0sd3iv6e,37dc599fd1556556,1024,0/0
/spttest/2gme9kgov968,47f234be90b1830,1024,0/0
/spttest/lug1w9uy21n,11bc2a056e120db,1024,0/0
/spttest/26wpb6ti1nln,400f6c0351333bb,1024,0/0
/spttest/fjgxnpkf88gv,1c631ec3c6cc6bdf,1024,0/0
/spttest/uz8oq0puhjmy,38962fa21fa1dfaa,1024,0/0
/spttest/u7htv4ixu89,1886206c4cd2949,1024,0/0
/spttest/a6uo49v6073h,129d24e4d8b455ed,1024,0/0
/spttest/ofq0m2xyx128,2ca2f7d0589da9a0,1024,0/0
/spttest/13wckzxidfys,20641150c3e3814,1024,0/0
/spttest/ngo5mgl91nvy,2adbabf2a006cc2e,1024,0/0
/spttest/fkurl61rivaz,1c751999da24adfb,1024,0/0
/spttest/jw0buejk17gm,245472359584fc06,1024,0/0
/spttest/5wjl093i6fdv,ac8cb52a79a6163,1024,0/0
/spttest/lorn0iy12rfk,279d9d3e18778060,1024,0/0
/spttest/uy0e2ibcsk1j,38863418db468c77,1024,0/0
/spttest/1904lqeq1ma6,248905d6f87590e,1024,0/0
/spttest/l3l2a9ooceaw,268a7774663b5b68,1024,0/0
/spttest/3nglb9qhouzf,6ab953550835bdb,1024,0/0
/spttest/gi17nztp42og,1e2412895d2a2390,1024,0/0
/spttest/z27kdwkngsnb,400b34e0b5897c07,1024,0/0
/spttest/gas2j0fqfwbi,1dc5d93dc046075e,1024,0/0
/spttest/hurlybj26yz3,209d15173ead948f,1024,0/0
/spttest/dcxx38q56x91,18671848cfd1fad5,1024,0/0
/spttest/3lea1s0dzay3,690c50ee2bc4f2b,1024,0/0
/spttest/ocl7yd8ale7p,2c7a4509df97f535,1024,0/0
/spttest/cx1t8u22swvv,1798abc90063ff7b,1024,0/0
/spttest/v88iabvibo2r,390b066e4f65aca3,1024,0/0
/spttest/2wtpwyrdg420,5519bdf82bd1188,1024,0/0
/spttest/mpywvmcon349,2980d7a0a4045789,1024,0/0
/spttest/2mxonrjrpx9o,4d1258ea7fb0bac,1024,0/0
/spttest/elbkauyzpee7,1aa78bec769f401f,1024,0/0
/spttest/bwf1w7ciogdr,15bcd843e03cdaef,1024,0/0
/spttest/y1ugt6rab7ak,3e32ddaca7d72fac,1024,0/0
/spttest/r8u0h5dd0ff9,31c453dd711d5f15,1024,0/0
/spttest/aicphtsat36d,133288e0ca0eff55,1024,0/0
/spttest/1bh1ibrd69im,268a532ca0c1eae,1024,0/0
/spttest/dl1j9y4jl7wo,18d0505e4017fe48,1024,0/0
/spttest/iy7pcsbx4frw,229d78b93c3bb5dc,1024,0/0
/spttest/o9k3wdg4q9v9,2c52e67eb0c24875,1024,0/0
/spttest/jtkuwexzwq65,2434e2b27cc0537d,1024,0/0
/spttest/ayztsudnzkp6,140ab480eedcfe8a,1024,0/0
/spttest/w3aera0jhlhj,3a9e61122100da07,1024,0/0
/spttest/mb3949t1deii,28bf91a7d1bd4fba,1024,0/0
/spttest/ltw8vc0xoi7p,27e039138dd5b335,1024,0/0
/spttest/ensfudpw4l01,1ac79d4276bfb751,1024,0/0
/spttest/jryzk4v6ncll,2420014af8d88189,1024,0/0
/spttest/khxo1czl1hr2,25714009b2deb11e,1024,0/0
/spttest/go87yv58qdrp,1e74896debf37435,1024,0/0
/spttest/8eafl61liv7p,f568735d98ee785,1024,0/0
/spttest/t9jg570ad1w8,3574bbc1942644d8,1024,0/0
/spttest/kb2itarb349j,251813adb0994f57,1024,0/0
/spttest/dfrzi2a63rcn,188bec0875a47b37,1024,0/0
/spttest/zs8u2415mjb,1d0d0f70739d257,1024,0/0
/spttest/au7zxlmxs1wy,13ccb4e6523d61b2,1024,0/0
/spttest/xr4oh6z30gh7,3da7ab344b46426b,1024,0/0
/spttest/c6a9zmzz1p64,163d03c32685c4ac,1024,0/0
/spttest/rmqqergf5p1p,3278fe86ccdeed0d,1024,0/0
/spttest/u9kq5xb3tcmy,3748cf139c79243a,1024,0/0
/spttest/uhewtk43g4xw,37aea00006857004,1024,0/0
/spttest/6b7r6bvi2tc1,b875d952efb5f01,1024,0/0
/spttest/nkafgtma84hq,2b0aad13460ffabe,1024,0/0
/spttest/h48ypvar1ogj,1f44a22c0ed8c513,1024,0/0
/spttest/55rwdhsr8ejf,96d15812619369b,1024,0/0
/spttest/p39gn8tax8sf,2dd4bcd9c750c8bf,1024,0/0
/spttest/lt61qjtsf2sp,27d6c5335f469be9,1024,0/0
/spttest/jlnj2h6fob23,23cdef6407bd24fb,1024,0/0
/spttest/wmuxnclt13o3,3b9c94c8927cf9d3,1024,0/0
/spttest/sdyd1i65kic7,33da751aa660f6d7,1024,0/0
/spttest/kpwgcvjna35l,25d8ba04977cc179,1024,0/0
/spttest/rc4ewnk0b6ui,31ef0c57fbad376a,1024,0/0
/spttest/5ixbng39k8ic,a17e6e1197cbd14,1024,0/0
/spttest/4svhrp8ago6e,8c5852a6c679866,1024,0/0
/spttest/s2k7dh2pyqod,33467795437f0c8d,1024,0/0
/spttest/i16gqnnaxglp,20f060c79b31c84d,1024,0/0
/spttest/3b232t37ttn2,60a7a2f5274de4e,1024,0/0
/spttest/wx30d68vv0wo,3c216344ce455558,1024,0/0
/spttest/h2tjro7v01h1,1f32150892f64275,1024,0/0
/spttest/eg16pg6wrrh9,1a62db1391b6fbdd,1024,0/0
/spttest/3rmvnpqt37x8,6e1cefd4ba57fdc,1024,0/0
/spttest/6kkw9nvxyj1y,c0102bf3acae1f6,1024,0/0
/spttest/ehz5nts6ecpi,1a7c1a2c07eb7dd6,1024,0/0
/spttest/gg4l6jx1riua,1e0b4fce43650d22,1024,0/0
/spttest/is04qoi3anup,224ccdb6d8f40241,1024,0/0
/spttest/inptaj4hev1l,22151fa159d685a9,1024,0/0
/spttest/4l64e7km75op,86170d889daae89,1024,0/0
/spttest/jyieylk6d9q0,2474f358f3ded878,1024,0/0
/spttest/2gddpcds44k8,47be28a78f4e018,1024,0/0
/spttest/3jqlxfe2be4a,67b3d716475863a,1024,0/0
/spttest/oqbczfdv9r36,2d2c8fdad5c87462,1024,0/0
/spttest/77bxl12z6qiw,d2887b6a7d266c8,1024,0/0
/spttest/1crtdjst2n0n,27985a39a737e07,1024,0/0
/spttest/mmxz0h4kixr6,295988f7768faf62,1024,0/0
/spttest/60ugcjfcc5sy,b00ac727ead0062,1024,0/0
/spttest/pc2fnmytf3mw,2e471b0bb9f5e528,1024,0/0
/spttest/14al9ejiemiq,20b6480dad20782,1024,0/0
/spttest/64163s98c6x2,b2a1083692ffa06,1024,0/0
/spttest/88cycfhxand3,f0980889c0929c7,1024,0/0
/spttest/5dpigysigq6,45e4882a73092e,1024,0/0
/spttest/v6gc116vokhp,38f3dece5ad524bd,1024,0/0
/spttest/7ab7rajoqjf4,d4f3d383b8e88d0,1024,0/0
/spttest/83nwusulcihp,ecc827a78bf959d,1024,0/0
/spttest/d4fxczqftxik,17f8b04c10d195ec,1024,0/0
/spttest/3dxxlim0594d,62ff26bb88d356d,1024,0/0
/spttest/mvhuxyzw78s,12920e327db47ac,1024,0/0
/spttest/tsurhi9ya8dv,366f9cc93122cef3,1024,0/0
/spttest/e9nryeg2yg35,1a1014e66f1467f1,1024,0/0
/spttest/bhok0snip5ac,14fd6f3d60edb504,1024,0/0
/spttest/vloh614dstmj,39b9a5c9c181d1fb,1024,0/0
/spttest/td9hgkffduy3,35a5187a1d1028eb,1024,0/0
/spttest/mtnr2r4y16os,29b0c5b7a91cfa1c,1024,0/0
/spttest/mmxm4yygzebt,295967ee8d302b49,1024,0/0
/spttest/iqhadyqk1xho,223903f3086dfbcc,1024,0/0
/spttest/jxa4nzyuz7aj,2464f8bb42f6a5ab,1024,0/0
/spttest/22fd9o5rbjly,3c6c090ee842706,1024,0/0
/spttest/6so2a3j04j0k,c6a1154cb8b1544,1024,0/0
/spttest/4dx5494vsiua,80346973982ed62,1024,0/0
/spttest/ruqymk237mdn,32e0fda98678580b,1024,0/0
/spttest/2tzzppr49bv5,52ce77416384451,1024,0/0
/spttest/8i97g4gjz7we,f8a0afbb6b585be,1024,0/0
/spttest/g43bsh219utj,1d6efc42dccbfd47,1024,0/0
/spttest/vjghglir40tc,399cc914f1a7b020,1024,0/0
/spttest/afr2ft58h0o4,1310bf798446e9a4,1024,0/0
/spttest/y0nc63gf9geo,3e234dee5b6c1a50,1024,0/0
/spttest/gatwuofk4tv,d3bc8a0eff0473,1024,0/0
/spttest/tb55dxj27ojm,35898d8366863602,1024,0/0
/spttest/jvmisige4z5i,244f76e12e2cb8f6,1024,0/0
/spttest/xe6bws6ta3vc,3cff675bf0ff0718,1024,0/0
/spttest/80rs75gq9dkx,ea6f03b85025701,1024,0/0
/spttest/mqpt3l8x59tt,298a8bdff96eb201,1024,0/0
/spttest/s5ku68csa01s,336da9d9a2006ac0,1024,0/0
/spttest/qj4m81ss4jhi,30766eabd341d7a6,1024,0/0
/spttest/4mehxcmwymrw,87173c495dadfcc,1024,0/0
/spttest/xggr5v498ysv,3d1d24b0652ccb2f,1024,0/0
/spttest/e95qyli88be2,1a0993b84f414baa,1024,0/0
/spttest/nvivrrfhz1k,13620c4d14af6a8,1024,0/0
/spttest/w77lsmiv3kk5,3ad1530cae77f1d5,1024,0/0
/spttest/9a0vq1ebwpb9,10f2bd249bb6bb25,1024,0/0
/spttest/7e9engm1kw0l,d828b328fcd5815,1024,0/0
/spttest/mi6fwx94tyvu,291ba4fe7e9badda,1024,0/0
/spttest/jxw7rkzd8w9x,246cf0c91cecee65,1024,0/0
/spttest/c6zyim6qvv0h,164647e6564ac0c1,1024,0/0
/spttest/a1300xuwnee,8248a27f8e4076,1024,0/0
/spttest/c826rvu6jffv,165413146da882eb,1024,0/0
/spttest/vclsfmqqyowr,3943c647db68d49b,1024,0/0
/spttest/bxq9ncokkm4w,15cde177ca3c2110,1024,0/0
/spttest/tf9jzkn5pkuq,35bf197a040e16d2,1024,0/0
/spttest/51o99fq2ii5n,937d01212f0466b,1024,0/0
/spttest/14om040eu1ug,210738fedee72d8,1024,0/0
/spttest/69cdfbghcs28,b6f0da150af7a10,1024,0/0
/spttest/53q7y9nc9qx5,9527ff5703a4889,1024,0/0
/spttest/tkesmyyqssjm,3601efcb9d464182,1024,0/0
/spttest/uube3xp5ymgy,38563738fa689f42,1024,0/0
/spttest/o0mgmzwvfgjb,2bded89b95dab077,1024,0/0
/spttest/6h2t3b5kxf6a,bd38432c0230312,1024,0/0
/spttest/an6yrrk8p95k,137168c0adf54298,1024,0/0
/spttest/l9her4xmnsr,114326018fba2fb,1024,0/0
/spttest/ij04yiupfs53,21d7e6f67152cd37,1024,0/0
/spttest/7y5sh2xebtz6,e8506534d4ebe82,1024,0/0
/spttest/sino0c6dc3vy,34178b7a425e63ae,1024,0/0
/spttest/9i56ft2shg3s,115c342a0c53dfc8,1024,0/0
/spttest/n473bfg01mfy,2a39a4b0652917de,1024,0/0
/spttest/xqrp3gyerbjg,3da2fc013e94c92c,1024,0/0
/spttest/jr6bxribczrj,2415aa5fe5e2a30f,1024,0/0
/spttest/oidigfiev26q,2cc56c9408f862d2,1024,0/0
/spttest/da0tvqxk02wh,18412d63317e26b1,1024,0/0
/spttest/5adijohpu62z,9a8d7271389574b,1024,0/0
/spttest/voox9213d3qi,39e0c6d393403b2a,1024,0/0
/spttest/keqlz3kuyxw0,2547bc65b2ab7e10,1024,0/0
/spttest/u2p4xz75zmzl,36ef79ac3cc17021,1024,0/0
/spttest/tic2k47lf2td,35e6f9a1b04aad01,1024,0/0
/spttest/ft31dflthqsv,1cdfffb5155b82ef,1024,0/0
/spttest/6ihznw8b9og7,be5fbd729b6af07,1024,0/0
/spttest/h4nuc84jkuzb,1f4a0075cf1ddcd7,1024,0/0
/spttest/83ror7b5vaz2,ecddf2b2bf9aa4e,1024,0/0
/spttest/8f24kjcyz925,f608540aa875a9d,1024,0/0
/spttest/q6vyy1197djs,2fd770eacea81d58,1024,0/0
/spttest/eg72w3zmdwhh,1a64fb7f5c6557b5,1024,0/0
/spttest/ow4jweb9uc3j,2d780a8fe33f2dbf,1024,0/0
/spttest/56uw7vka98su,97b27772f4a5ece,1024,0/0
/spttest/henbr0dgp4rr,1fcbb554d11e0867,1024,0/0
/spttest/hd1xo3inr197,1fb7003681e86e1b,1024,0/0
/spttest/ptgdrmazllz8,2f28f4b7c313ed84,1024,0/0
/spttest/k6aey4zw9h1p,24d9fa6c2e360a8d,1024,0/0
/spttest/1uiox9gi7drc,3600985a69aa368,1024,0/0
/spttest/7zqg6wv45ez6,e9977cd13e3bb12,1024,0/0
/spttest/vl3u2lszcamj,39b2332a83f683cb,1024,0/0
/spttest/nsnizgre2f2k,2b7750f13d5992cc,1024,0/0
/spttest/grcu0hsgzi7o,1e9d2b3c644b56f4,1024,0/0
/spttest/d448m782it9e,17f478c21480b6a2,1024,0/0
/spttest/63uciu390bm0,b279a672daf2fc8,1024,0/0
/spttest/ws44e4bu5sjc,3be0d7af1921c9b8,1024,0/0
/spttest/pb9up3t6z4h6,2e3ccaf549facb6a,1024,0/0
/spttest/uoc7cmmfwnxr,380892b59f2f282f,1024,0/0
/spttest/vb86vl3j19ij,3931e0ed3863d56b,1024,0/0
/spttest/o7c3yte00cix,2c360935a7818769,1024,0/0
/spttest/f394rq1y1qnb,1b9079f52a13a327,1024,0/0
/spttest/sti1y8lch7on,34a466dd0e054127,1024,0/0
/spttest/h6c4pddrmw6x,1f5fc126475aab79,1024,0/0
/spttest/whlsimrtnr95,3b5856053f7352b9,1024,0/0
/spttest/18iaw4cumqr8,24221df24e6fef4,1024,0/0
/spttest/eh2w8phr5drg,1a707637f68f43ec,1024,0/0
/spttest/b5xo6m00fhif,1464da269977e667,1024,0/0
/spttest/e8xj60ki2r0c,1a069cc6c690973c,1024,0/0
/spttest/87vmfa6p3bsq,f033faff9014f7a,1024,0/0
/spttest/anzqvljo6l2i,137bcb2db7f2042a,1024,0/0
/spttest/earfj1njibqv,1a1e63befad18af7,1024,0/0
/spttest/6srcybgocod6,c6b41d1edec8e5a,1024,0/0
/spttest/9k7qr4cwhjhu,11771b8945034cf2,1024,0/0
/spttest/jn6w5dn6oi26,23e1e934c2c3036e,1024,0/0
/spttest/9djsel5rel1g,11208765746f6104,1024,0/0
/spttest/khqexu85lf5x,256ea21dfeb4a505,1024,0/0
/spttest/6g1zxdrjkwyc,bc63c1c7e2632d4,1024,0/0
/spttest/710gyn5rxa9r,cd675796f5fd13f,1024,0/0
/spttest/ilql501ylbkx,21fb6c908e3573e1,1024,0/0
/spttest/qtjxeqrshsmy,30fdd9767c15b33a,1024,0/0
/spttest/1la9pr9hs9em,2e8183e6e53839e,1024,0/0
/spttest/bvyfwqtmuch3,15b6d9f6ed44a4a7,1024,0/0
/spttest/hq6fl9j74jb9,20617c016eaa9dc5,1024,0/0
/spttest/e2uovktp08v5,19b7a6c83ccc79e1,1024,0/0
/spttest/smpm9ub339ev,344c34c968a26167,1024,0/0
/spttest/vl0n2h38zw93,39b10c176e0a1207,1024,0/0
/spttest/7z0gw5m7y931,e901806a199317d,1024,0/0
/spttest/c12vxpbj4jg7,15f966d78f150a77,1024,0/0
/spttest/yrjv5mu77o89,3f80c31b5955b569,1024,0/0
/spttest/o1d1jr7fvdr8,2be86fd51d9bb264,1024,0/0
/spttest/vruxhh85nzm8,3a09e96807e1a910,1024,0/0
/spttest/kppa9yl5ecjv,25d623d67608300b,1024,0/0
/spttest/8kho7cdlic3j,fa7136f6ac616bf,1024,0/0
/spttest/2tzsf62zh5yi,52cd4bdc69aa36a,1024,0/0
/spttest/1bj6593jjymx,26969d4fdf5e519,1024,0/0
/spttest/3mqqnpc2p9os,6a2415959873f4c,1024,0/0
/spttest/5ygagh6hwu2d,ae195aa1128f935,1024,0/0
/spttest/23ncne0x5rtf,3d69f2e46b47d13,1024,0/0
/spttest/tpfacqk23ag9,36430f88a59309a9,1024,0/0
/spttest/6lulewmzbmb0,c117fd61139e0ac,1024,0/0
/spttest/issj57rrjg4f,22570cfb62a4cf5f,1024,0/0
/spttest/oixu05kqitsz,2cccc1928fd9e163,1024,0/0
/spttest/4rbtxaek919m,8b16fbb5931daaa,1024,0/0
/spttest/1d6htf7n4yey,27ed1812b23aa3a,1024,0/0
/spttest/d2m1j71pygg4,17e0eab2c8a514c4,1024,0/0
/spttest/dcpd80nfbuqu,1864025cf8309b66,1024,0/0
/spttest/nabf4e9dhhr3,2a8923fd9570451f,1024,0/0
/spttest/3kd0e2zqgzox,68352a6ff447eb1,1024,0/0
/spttest/tgy7jk37qvuc,35d4fc0230d176b4,1024,0/0
/spttest/ajnoao0zohpb,13437b1c012e729f,1024,0/0
/spttest/weuq1yoms1lh,3b34973eb0b78d15,1024,0/0
/spttest/aacovpro7izw,12ca9d3f91360fec,1024,0/0
/spttest/dun269f1fmu5,194cfbe624ff6e5d,1024,0/0
/spttest/xfb6jwmb268s,3d0e24b5dd084f1c,1024,0/0
/spttest/99ndukemvk0r,10edde7e9411051b,1024,0/0
/spttest/oiruxh4gqtg0,2cca99bce5f80790,1024,0/0
/spttest/8s2owx11577t,100995c9c14108c9,1024,0/0
/spttest/vucxtaxtddtg,3a2a63641934c834,1024,0/0
/spttest/wz7tkbtspbuj,3c3d1a2c437fe83b,1024,0/0
/spttest/fxufm98rosj3,1d1dd73a0642d16f,1024,0/0
/spttest/gb5shzvxtx9v,1dcaccaa997e5ab3,1024,0/0
/spttest/kb7wtqlhdf3,107d57c3edb0b2f,1024,0/0
/spttest/2liwkfgqmm98,4bed310bf5ba42c,1024,0/0
/spttest/6p0wgibhf7kw,c3abe2756e6b120,1024,0/0
/spttest/28dzsu6vqyzi,414312ef3376a9e,1024,0/0
/spttest/xms3il3hc93a,3d6f2bf9e82c2606,1024,0/0
/spttest/kmnwqki6fwbd,25aeacf649c05f59,1024,0/0
/spttest/76l4cwfi6c9y,d1edb26ed4671a6,1024,0/0
/spttest/5hzhzd2hri51,a0bb29a60a01d95,1024,0/0
/spttest/rsdlm8cnodsq,32c230fbb45982da,1024,0/0
/spttest/4xg9fo46tn59,900f88abfa1b06d,1024,0/0
/spttest/i431ajtygx46,21161bcf7d41b1a6,1024,0/0
/spttest/m8gp24sd081j,289d7392948905b7,1024,0/0
/spttest/5d93c9kofmkv,9ce366f45c0980f,1024,0/0
/spttest/umen6kbqjosg,37ef798d881f2a40,1024,0/0
/spttest/ilgemjcok065,21f7c02bec9ab5dd,1024,0/0
/spttest/n867fzibvseq,2a6d47ef88140492,1024,0/0
/spttest/8pbjl1e7l2r5,fe5cfa81420b031,1024,0/0
/spttest/aawoi6ex5wkm,12d1d3a5f799cd26,1024,0/0
/spttest/c3kpxyh5jdx,9d2959a6d6ba65,1024,0/0
/spttest/onfikp1a823w,2d0717e6ffc43aac,1024,0/0
/spttest/sa7saipf3ni8,33a9e6854872acc0,1024,0/0
/spttest/olryalec70qu,2cf19a23f2c65386,1024,0/0
/spttest/h9qywhzil7yt,1f8c138e8192e995,1024,0/0
/spttest/rppv9bx9265d,329fa65ecd9048a1,1024,0/0
/spttest/nr9bxri8x8d7,2b653472ce10289b,1024,0/0
/spttest/4yc13txuq4u3,90c6ef4ab532cfb,1024,0/0
/spttest/8vdv7kmx4pvr,103495c35c3f3507,1024,0/0
/spttest/p0ami6d3zvxv,2dae307b7499a373,1024,0/0
/spttest/83illfm9m8qi,eca97bef4bac6ba,1024,0/0
/spttest/l45se2mb3kcm,2691f1cd105c2cc6,1024,0/0
/spttest/ax7vhcvwnb7l,13f3a13fc3209481,1024,0/0
/spttest/rwbr2aam9kkk,32f57b3f2c9f2e64,1024,0/0
/spttest/2969x2s1tlsf,41e6574416e048f,1024,0/0
/spttest/25tcoc2b8lxl,3f2c3f898101409,1024,0/0
/spttest/65q0mkm7t8ru,b4004eba29110aa,1024,0/0
/spttest/5s2rvpb25tj1,a8ec5ac0b91c2bd,1024,0/0
/spttest/7rtm4rsburb3,e32b21815d370bf,1024,0/0
/spttest/hjp70d39xz6n,200d54306c3d955f,1024,0/0
/spttest/vq0vma1s4eg1,39f214501d3a8221,1024,0/0
/spttest/r04ys6aud7zj,3153604265d00faf,1024,0/0
/spttest/bowyrdawjwx5,155b64cc38d34569,1024,0/0
/spttest/zn6ghxlr7wx9,411b94ecc2e4616d,1024,0/0
/spttest/bcwd7qm547zl,14bf4e6fb9959e71,1024,0/0
/spttest/6ljqbn692mh6,c0d9461c4558f4a,1024,0/0
/spttest/w7sp68hgxx80,3ad8ef7332de1a70,1024,0/0
/spttest/gx3x67k7w2uy,1ee7e3911c2afd7a,1024,0/0
/spttest/ga0cqn3jf4od,1dbbd921cd2a946d,1024,0/0
/spttest/fnjxb4kaiyp9,1c9827ffe2e89a2d,1024,0/0
/spttest/ngpjgzv7r3io,2adc2bd8f69abd90,1024,0/0
/spttest/6nu6dh2gv3bl,c2b53c2c38cca91,1024,0/0
/spttest/s254yu20q4xm,334107e26d08437a,1024,0/0
/spttest/ywxxeazj8onr,3fc6c84ba134add7,1024,0/0
/spttest/f8wmmk6lwi4s,1bd9e686ec2df0cc,1024,0/0
/spttest/vh99nymv1r17,398033fd3f1ab61b,1024,0/0
/spttest/jwi2z3yxz84u,245ada14bf5a8cee,1024,0/0
/spttest/5jemjnniy3za,a1e2517ca7186a6,1024,0/0
/spttest/l45iuwfh72zm,2691d957b17bd7e2,1024,0/0
/spttest/tidar4c83kx5,35e76b06783a44a9,1024,0/0
/spttest/47emhno8t5wg,7aea8a09c4bdb20,1024,0/0
/spttest/m4wlx8wygqzv,286f3c6459fb8eab,1024,0/0
/spttest/boy3n9qdgtd3,155bcdb3e7881da7,1024,0/0
/spttest/ol3w27r12ifz,2ce8eb92e73ca6df,1024,0/0
/spttest/4jamqqhj57pt,84916e1d757ad51,1024,0/0
/spttest/nid2bup3ixb1,2af1a5f5069b001d,1024,0/0
/spttest/pkwit367hn0h,2eb9e03b935c3dc1,1024,0/0
/spttest/4t9uf5s5oc2y,8cab2c854ee782a,1024,0/0
/spttest/6kk7bemn4uay,c00c2ba01f1a16a,1024,0/0
/spttest/94y487xxd4tx,10b0cb93a5bdaeb5,1024,0/0
/spttest/6zeqv9scvgo1,cc1a188aa173221,1024,0/0
/spttest/h6r4mx1iv5v8,1f652a7f8ea8b574,1024,0/0
/spttest/d6x9wn0kyeq1,1818ed42a8988309,1024,0/0
/spttest/5alnvnol60wd,9abc7c7fa5d0f0d,1024,0/0
/spttest/f9ntg6f9rxwv,1be3b5f9a751896f,1024,0/0
/spttest/c8rxgeqgmmmi,165d5cbe8362b40a,1024,0/0
/spttest/k6q490zim7bt,24dfa4ddebddcc99,1024,0/0
/spttest/44th1of5hdlx,78d0c69bd08e025,1024,0/0
/spttest/i3nffdvschtn,21107a2f2704ed3b,1024,0/0
/spttest/ny16zm4g16t9,2bbd319a435d98bd,1024,0/0
/spttest/l5072yfqpsp4,269cea8af52ff388,1024,0/0
/spttest/6ik137xc5y4m,be6b83c27ac1c06,1024,0/0
/spttest/tetsm93bmj4v,35b969ba371af15f,1024,0/0
/spttest/onfnjivt494j,2d0724a5d6f50033,1024,0/0
/spttest/itnuthbilwzn,22625a59bd894843,1024,0/0
/spttest/25yjkrqnq1ab,3f4a384cb035803,1024,0/0
/spttest/25lcex8ehfoe,3efe05ab4e0e79e,1024,0/0
/spttest/wbz09iwf66q2,3b0f2b24f9b4b68a,1024,0/0
/spttest/cyjoz4h0ec5g,17ac1cb70b921904,1024,0/0
/spttest/m8ucwu0uk29y,28a2618f967f0686,1024,0/0
/spttest/rb8p30y1t1xh,31e39aac023bd805,1024,0/0
/spttest/itbsrgjpz1ov,225e00a7ef6d984f,1024,0/0
/spttest/epaidey4obb1,1adb1fa204c7bb3d,1024,0/0
/spttest/3wq6ff1w5msn,723f20295f876a7,1024,0/0
/spttest/qhu0f284h3dy,30659dc8d693af66,1024,0/0
/spttest/gq0fjlztpxmp,1e8bb46f9cb82f81,1024,0/0
/spttest/dtxm3xsaekt0,1943cd798d7a6ad4,1024,0/0
/spttest/pjtctt6fabm6,2eabbe872d89b04e,1024,0/0
/spttest/elw3j87hl1yw,1aaef4a283876a38,1024,0/0
/spttest/h5hbtb42r4ip,1f54a3f99fd311a1,1024,0/0
/spttest/jvprx6ywqegi,2450a368f70053b2,1024,0/0
/spttest/isoclit22awy,22558ab5f10fd9c2,1024,0/0
/spttest/vxcam42qcnx7,3a511fa2baf8661b,1024,0/0
/spttest/pe5rz9wh14oe,2e624a4865d24eee,1024,0/0
/spttest/9l1rch35hjim,1181f01afb069e0e,1024,0/0
/spttest/ylx4ids5qwrr,3f379c5ab1498d67,1024,0/0
/spttest/7egiowti8j2u,d851c244681f896,1024,0/0
/spttest/e4t3cgun6i4l,19d10daf13645045,1024,0/0
/spttest/os2hjd8k101d,2d4356bd0961fa71,1024,0/0
/spttest/aeqxng5ocfu9,1303b5eef8c6e731,1024,0/0
/spttest/q7dafbyss87,1546159d7ea5be7,1024,0/0
/spttest/r7rr70s97v0r,31b6860ed4c0f1cb,1024,0/0
/spttest/53ouf6yui4iv,95200e03685ad67,1024,0/0
/spttest/z3c3nl022px9,4019d50c143c41bd,1024,0/0
/spttest/4a38ssl6n3cz,7d185383aa26ac3,1024,0/0
/spttest/91cqm52ab26b,10821d2503ac41c3,1024,0/0
/spttest/5gpjh6rurbre,9fb1d8006373e4a,1024,0/0
/spttest/kychkx8segjq,26466d1a5ccc1746,1024,0/0
/spttest/n38rx4oetnqz,2a2d42ed1188cb7b,1024,0/0
/spttest/8gw14aai4d3p,f784cb3718b7555,1024,0/0
/spttest/4mez616hl1ji,871a0014892140e,1024,0/0
/spttest/qi6zpxi6il7e,306a4cc7d136d9da,1024,0/0
/spttest/idzp1at7awax,2196cbd309299d09,1024,0/0
/spttest/f1aiilursvp7,1b76ff156bfe927b,1024,0/0
/spttest/iyip1omo2kib,22a16ffba0fbc453,1024,0/0
/spttest/a1lq92g7l2r,8278b02337ce73,1024,0/0
/spttest/xh4xmnghtfru,3d25de1e36f7d61a,1024,0/0
/spttest/97l2pkrr8ig6,10d30eaa4cd0d666,1024,0/0
/spttest/imv0tvzgzv2o,220a038e0c643410,1024,0/0
/spttest/p0jhfk2nven5,2db162c7e4c91ae1,1024,0/0
/spttest/idn5nphps6dp,219245afd24afc4d,1024,0/0
/spttest/ooo91xc9zevx,2d173c0b20e7df1d,1024,0/0
/spttest/mpu0ko4dgkz7,297f1344d9520b33,1024,0/0
/spttest/gd7xgms4zs4j,1de58ca5e6e64d23,1024,0/0
/spttest/frkjrsnbqle6,1ccc56a9697b15ce,1024,0/0
/spttest/c5ngshqqernr,1634c8be70f49587,1024,0/0
/spttest/gm0bfunb5jz6,1e57b4e0c2973b62,1024,0/0
/spttest/cw3p5w5fd5z2,178c5ccac78d427e,1024,0/0
/spttest/ijcio98fu9ki,21dc5e921feaaaf2,1024,0/0
/spttest/tcfrxly8qkeu,359a604d5db349d6,1024,0/0
/spttest/g9lwfvumkzy,d34b9d905dbdce,1024,0/0
/spttest/20x18j53olff,3b325cf77e8c97b,1024,0/0
/spttest/h8ufdwqwzjap,1f8055b2b3f45471,1024,0/0
/spttest/suqxs18wa3jq,34b498baa6078076,1024,0/0
/spttest/gd8sqawfzd73,1de5dce067033c8f,1024,0/0
/spttest/gu9hp576ajv5,1ec2ee4d93c05511,1024,0/0
/spttest/gams9k4azph3,1dc3f1118315c5b7,1024,0/0
/spttest/ylqtuc4al7oe,3f3556c5ed4f341e,1024,0/0
/spttest/h36q5gr94ihy,1f36d632c9636ba6,1024,0/0
/spttest/7k39clnh4dh9,dce42eced67da3d,1024,0/0
/spttest/armfoqssge8f,13aaf2b4cb17d80f,1024,0/0
/spttest/c2ehz6w6vsyu,160a94b3e74b0a66,1024,0/0
/spttest/u7dlm1gpdv50,372c424e1b2667e4,1024,0/0
/spttest/p93ntq8hgbkc,2e20949aaf3c4f8c,1024,0/0
/spttest/m3qscv2k7axa,2860256ef73cff0e,1024,0/0
/spttest/ifpfh1k6rs8g,21ad121e9d06adb0,1024,0/0
/spttest/23eputpuq3cp,3d381c072dec579,1024,0/0
/spttest/usemmxkplh0m,383d67b1ac2d6266,1024,0/0
/spttest/pgyv7iaymeet,2e86c3c26beb9c75,1024,0/0
/spttest/vzqsouq1080j,3a7055af16bc5193,1024,0/0
/spttest/szz69ncjf5if,34f883bd86ce1ca7,1024,0/0
/spttest/tl6ckuajmq94,360be0e6dd366968,1024,0/0
/spttest/tsei208w83nn,3669beb27b558483,1024,0/0
/spttest/g9frpr0opln1,1db46bd27bdb41cd,1024,0/0
/spttest/dapkqe3yohve,184a1b1ea6c61e7a,1024,0/0
/spttest/xp2sdjco5sz3,3d8d01f4f65659ef,1024,0/0
/spttest/rh2yqfsbrwg8,322f78c376962808,1024,0/0
/spttest/q7rkzod7v86w,2fe2d8e5bfc03638,1024,0/0
/spttest/3asydvfptqhw,6072ed49403b064,1024,0/0
/spttest/bxu41bk7zf74,15cf448ab2015eb0,1024,0/0
/spttest/rwf3wev74kgs,32f6b149c24a639c,1024,0/0
/spttest/cnhfwyltuilg,171c6ae885778aa4,1024,0/0
/spttest/bmrlivtq7nah,153f7a7bac28cfa9,1024,0/0
/spttest/ls8kxumk3cb,11af6b889a76beb,1024,0/0
/spttest/449wbhtvz1ov,785fc3c1098d64f,1024,0/0
/spttest/xtdcdm2lobtx,3dc4c5fcc0056ee5,1024,0/0
/spttest/cexjmoz4zsxt,16ad53055cfe6d41,1024,0/0
/spttest/c9qyhjaba4pk,166a00475bf5f958,1024,0/0
/spttest/55hryoe8ble1,9696e80be874109,1024,0/0
/spttest/70rjaro325c4,cd33c27eb01fa84,1024,0/0
/spttest/5wrehyk9lgtz,acb9d9202c72177,1024,0/0
/spttest/qeae88k9xf7t,303792158853c449,1024,0/0
/spttest/ds6fruyahts4,192d02051c126304,1024,0/0
/spttest/y9qv6lsu5fkz,3e997b21f2677c23,1024,0/0
/spttest/8azr2cdgcubq,f2bb4d65795c886,1024,0/0
/spttest/shojnble1zb9,340adf65f4881b05,1024,0/0
/spttest/9yc52hic4cwp,122e8b559bd7be59,1024,0/0
/spttest/82h5d1giqtdv,ebd14785e5bf943,1024,0/0
/spttest/jdebzb29zxwt,2362b3d61820f76d,1024,0/0
/spttest/wzua3wpywbak,3c4534b8ea07272c,1024,0/0
/spttest/gwftmcihsezb,1edf319db42eb3d7,1024,0/0
/spttest/27u82hx0ydz6,40d0f0882a42f42,1024,0/0
/spttest/56du5sux5ywt,974ffed0cc038fd,1024,0/0
/spttest/2l7pxhv4n5kw,4bac9fc4cac2c00,1024,0/0
/spttest/toimtpvldv9d,36374761a791c081,1024,0/0
/spttest/uwtls0jw6d8q,3876c40a82ead48a,1024,0/0
/spttest/npjx971y849s,2b4f0c504c6e7da0,1024,0/0
/spttest/4yjydkgz5ba5,90f4ae5f6d38b5d,1024,0/0
/spttest/80we352u5kn3,ea899ddeb9e2dbf,1024,0/0
/spttest/iwnh38fdyjb0,22892ee516159f3c,1024,0/0
/spttest/fnbmgl0ou192,1c9529380b5ec9d6,1024,0/0
/spttest/wj8cdjdbmfh2,3b6d7654c6d7a6d6,1024,0/0
/spttest/9h90l9f6x7z2,1150995fdf47d89e,1024,0/0
/spttest/p9647fgo4d86,2e21775ea80623f6,1024,0/0
/spttest/jghjwwk3f6p7,238ad510f50d82ab,1024,0/0
/spttest/khfct8mgk27l,256aa49b69503031,1024,0/0
/spttest/mpy8cswheb0e,298098b51d43203e,1024,0/0
/spttest/rvvw365qh3to,32efc23f34ecdb9c,1024,0/0
/spttest/kl9y19nxt0x4,259ca5e0d512f6e8,1024,0/0
/spttest/11gawmceixgv,1e67c5fa90157ef,1024,0/0
/spttest/nmfu5rxcvecx,2b269b211f90fa71,1024,0/0
/spttest/zel9hfa835ca,40ac052422aaddca,1024,0/0
/spttest/cwfak8n5i6wb,17908bbf2d6d546b,1024,0/0
/spttest/kh06dsnzplx5,25652a968b3cfa39,1024,0/0
/spttest/730yqf0jmc60,cf09d95ec4d4a18,1024,0/0
/spttest/dlt0se0nwd4f,18da3b3e4fca616f,1024,0/0
/spttest/qb35qimpcnv3,300dfdf26db674cf,1024,0/0
/spttest/m6ezxn0t9g6g,2882dc39db79a728,1024,0/0
/spttest/a26bozzue40p,12606726b26785d9,1024,0/0
/spttest/hqs3anjzrii5,20694c8fb07ab56d,1024,0/0
/spttest/by2s08ubjekq,15d264fd6983738a,1024,0/0
/spttest/oxin9yyb2r2w,2d8a1da391450898,1024,0/0
/spttest/3jr1etvxe1tk,67b652b86daedb8,1024,0/0
/spttest/nanm1za7n756,2a8d8a32a0fdc2ea,1024,0/0
/spttest/fvbnko0xkro5,1cfd16212cb60a15,1024,0/0
/spttest/apffwoix44ux,138e722e44dcba99,1024,0/0
/spttest/rgjhql9096j2,32287228ce721d4e,1024,0/0
/spttest/2a3rk4i4msqb,42a7addfc1686f3,1024,0/0
/spttest/cu6k3s5sz60e,17736a676d38592e,1024,0/0
/spttest/g6gzh9ll8f2l,1d8de45784cc774d,1024,0/0
/spttest/h5jcz56cbiwa,1f555fb17841a86a,1024,0/0
/spttest/xggka8196b7e,3d1d130a09c0cb3a,1024,0/0
/spttest/k1rqxcpkt4iw,249f4921e9405428,1024,0/0
/spttest/5ra65jtlr7q5,a84739da91598dd,1024,0/0
/spttest/bysnz8esq2dk,15dbbc3a9b576288,1024,0/0
/spttest/2b5nxfqxbte6,438278bc69e028e,1024,0/0
/spttest/fu6dy24m2yyx,1cee325408682389,1024,0/0
/spttest/qm2xdu5666vn,309cca574bd98253,1024,0/0
/spttest/j27h8byg48kx,22d158e81e7b8c71,1024,0/0
/spttest/xej9iht3hx7i,3d0411ff1243c95e,1024,0/0
/spttest/odbil6p4ffke,2c83c1e5a42f248e,1024,0/0
/spttest/ajmdwgx76bxq,1343041249750cee,1024,0/0
/spttest/x60hlx85hozs,3c9561b76f2f2dc8,1024,0/0
/spttest/8x9wdbnrn34u,104d21c77d9c169e,1024,0/0
/spttest/f5uj66u2vrd6,1bb22d27ff33f64a,1024,0/0
/spttest/5dcc4eta2sz5,9cf6212573ebd31,1024,0/0
/spttest/6n4qq0ssifhj,c22266581712ae7,1024,0/0
/spttest/tq834zxtyk0x,364d73b3624a2ae1,1024,0/0
/spttest/8npurq5qh5b,7078dc6f8ed64f,1024,0/0
/spttest/eabwodgtorj5,1a18c9da2af8ee61,1024,0/0
/spttest/sr2yskwq23ah,3484fab9cdc69729,1024,0/0
/spttest/cegsqji6hyxw,16a748208c82c924,1024,0/0
/spttest/vo9y9baiom8r,39db5fe30f15309b,1024,0/0
/spttest/hm3iu0ejvlz1,202c7a31d61bebfd,1024,0/0
/spttest/43lhk5j8vi50,77d2d86f2eaf194,1024,0/0
/spttest/rlpd2ea4a935,326b82aa40889881,1024,0/0
/spttest/bjxjo9hmth1y,151aa82c98824596,1024,0/0
/spttest/d6er0evhns56,18123e26ad645b3a,1024,0/0
/spttest/960pm3kko49r,10beb870ca763f9f,1024,0/0
/spttest/63tqmpl7k0fb,b27623b61912a27,1024,0/0
/spttest/t5g3jijpb730,353f914a3b83bd9c,1024,0/0
/spttest/jq7dcja48np1,24090d1accb945f5,1024,0/0
/spttest/7h1tt8ssg3nh,da6c6ebb239c27d,1024,0/0
/spttest/ip4fip5p4a89,22276312604109c9,1024,0/0
/spttest/2soec7prdowv,51bbb4d66aa2e5f,1024,0/0
/spttest/cb5rcvypx4ea,167c54c471ef0582,1024,0/0
/spttest/hk4jv2svvjd2,2012deb0f665c2c6,1024,0/0
/spttest/llb4rn6p5kax,2770b0c368dfb709,1024,0/0
/spttest/qy3llv0xw6sh,3138e7929023db61,1024,0/0
/spttest/5lmz0d79z86c,a3b22885d790924,1024,0/0
/spttest/d0o1gvppkq67,17c7a8c1a4916e7f,1024,0/0
/spttest/8cie3pnf2ose,f3f6bd53d8064fe,1024,0/0
/spttest/o4tno9k9n651,2c15664363c487d5,1024,0/0
/spttest/eeylrmcusow1,1a54ef5b43ae1b01,1024,0/0
/spttest/fwdnvg1taa32,1d0acce418cef28e,1024,0/0
/spttest/kceff82f2g5j,25295ca7543cb547,1024,0/0
/spttest/8w82c3f9wtsf,103f7b17da57d3cf,1024,0/0
/spttest/fr0es5zt8ixe,1cc5127e921a0ad2,1024,0/0
/spttest/hv03vtoh38o5,20a0260b00b6efa5,1024,0/0
/spttest/183ergw836wh,23cc247953f8db1,1024,0/0
/spttest/e5bny3lw7lvt,19d7c12b71ddae89,1024,0/0
/spttest/4ufclvrf96di,8d9ac8b2e3c7386,1024,0/0
/spttest/1cvijl3pejra,27adb5191741086,1024,0/0
/spttest/aissqfqe8o3o,13385714b8921204,1024,0/0
/spttest/bava6n59uqpe,14a4efc77ba7afb2,1024,0/0
/spttest/mezghfhj9w2c,28f2281b96831194,1024,0/0
/spttest/nd6nhmbqmkt1,2aae636368bc18d5,1024,0/0
/spttest/nik7xhi8cx5l,2af43ae7d68312d9,1024,0/0
/spttest/ciupu3ru64nt,16e042ddb54e3719,1024,0/0
/spttest/ktcmy7rx6m1y,260588987b75b226,1024,0/0
/spttest/jn89ljcax4ur,23e26814c75a00d3,1024,0/0
/spttest/u0hf1647vz8p,36d2b61948405b29,1024,0/0
/spttest/axz9v0nmf5wl,13fd841610d21da5,1024,0/0
/spttest/wjzwmduhyr8h,3b7768384bf4f761,1024,0/0
/spttest/2e9ims1mrva3,46083335a17911b,1024,0/0
/spttest/ix413fdy2oj,f5c11d45587b13,1024,0/0
/spttest/cccm4ognkcht,168bcb30166eb341,1024,0/0
/spttest/tqzdbrlvmv65,36574bc894a6aa4d,1024,0/0
/spttest/1q10vff7k0xe,325b48684f0f4b2,1024,0/0
/spttest/9mmeipacaryn,1196602f12d4b00f,1024,0/0
/spttest/9k35unvjolp4,1175746f291942d8,1024,0/0
/spttest/aupideyp4g1c,13d30678983fcb30,1024,0/0
/spttest/964j9jl1ntog,10c0199fbfdb7b00,1024,0/0
/spttest/8x0oe1e8u1fi,1049cdfd6065f2be,1024,0/0
/spttest/8qp6l4cqprzq,ff7b8b826cde3f6,1024,0/0
/spttest/l27484058nd6,2678720534d48d4a,1024,0/0
/spttest/64iogirr5ivs,b3061dd85ba55d8,1024,0/0
/spttest/uylaz5cfq2sq,388dbfe4b20ebfaa,1024,0/0
/spttest/uzimqyxmex5g,3899c6407bee3954,1024,0/0
/spttest/3ahbhtioo90c,602fc0c474df39c,1024,0/0
/spttest/gdhcy32tks6,d4b16f98085c76,1024,0/0
/spttest/ckk1b9vxcti,a349dada59f226,1024,0/0
/spttest/vmlx0jr54ysm,39c5b69a17762a26,1024,0/0
/spttest/ngmnwuwxc71,130c0f2bf8ad3fd,1024,0/0
/spttest/cjqs96b4n1dk,16ebd4db005a96b8,1024,0/0
/spttest/ane9b1oxfumx,13740a5cc75539d9,1024,0/0
/spttest/mx2ie5w4trve,29dd10bb7e1d065a,1024,0/0
/spttest/n75psawo4fo7,2a601d5f65c16057,1024,0/0
/spttest/k8ioqpe0mt1z,24f6f10290e04497,1024,0/0
/spttest/77atj2l26lw6,d2820f14ad94a56,1024,0/0
/spttest/j7jwbtd90xrx,2316c65825ef37fd,1024,0/0
/spttest/lljaym6cotnu,2773a399d29af02a,1024,0/0
/spttest/97vytf4tmqky,10d6fcba086f2d12,1024,0/0
/spttest/lhjrgtznknr,1171b5be8ff1f57,1024,0/0
/spttest/s19phxipxf7k,3335b0c705885c40,1024,0/0
/spttest/lquwwxdgip7b,27b8c6431722c417,1024,0/0
/spttest/a3zrhy5044r8,127803a30ba18514,1024,0/0
/spttest/44w9p57usbye,78e0ea9fbc81586,1024,0/0
/spttest/3h6cb3v0eyt9,659f2e1bb4273bd,1024,0/0
/spttest/1wfcqotcjxqw,378cfac42aa5198,1024,0/0
/spttest/jusn21xtvs70,2444aec686cf917c,1024,0/0
/spttest/tgsrax9mkp4q,35d3047fdb0ce63a,1024,0/0
/spttest/dif2xosl7jdy,18ae3bd3bb9742e6,1024,0/0
/spttest/7eywce3zs53l,d8bbdcc7acad7d1,1024,0/0
/spttest/6er4ah4m5oct,bb552000f31008d,1024,0/0
/spttest/87mq4iu2689z,f0009de96610967,1024,0/0
/spttest/usc3a4ru0jfc,383c7d4b9cae4c58,1024,0/0
/spttest/uyhvbvqhbol4,388c82a4c1035a38,1024,0/0
/spttest/98j3fwplxj0v,10df550feb62d78f,1024,0/0
/spttest/ewrlpl9rfkln,1b3c37415830650b,1024,0/0
/spttest/xq7xl3zuev3y,3d9bda6c6be54efe,1024,0/0
/spttest/q4o98yvj37ly,2fbaade5375e3846,1024,0/0
/spttest/ezypha61ut0e,1b65bf462cd9475e,1024,0/0
/spttest/trgvtfoxfpr1,365d9d7cb046811d,1024,0/0
/spttest/2zdqjzu2pt0o,572cf648d20c928,1024,0/0
/spttest/tls5xadb125z,3613bfee03d6e037,1024,0/0
/spttest/t41y9s7n1kld,352d795af7851181,1024,0/0
/spttest/3o6g5j9k6qoy,6b4e98b7d2294a2,1024,0/0
/spttest/4r0sbehtk96x,8ad738e35062c89,1024,0/0
/spttest/8ui0p3yno0f4,1029180ee441c720,1024,0/0
/spttest/817en1t6z3nq,eac935625882746,1024,0/0
/spttest/j43vv5yl491o,22ea077edd9713cc,1024,0/0
/spttest/gik779uk1vnz,1e2aec5766a3728f,1024,0/0
/spttest/ljkzgsni0dmg,275a4454879f12f8,1024,0/0
/spttest/q2lg7gevdrse,2f9fb0213e4204ee,1024,0/0
/spttest/p6fiyx8uni9q,2dfde4cb555a4a3e,1024,0/0
/spttest/15legn4jg1xu,21c485dbb7d60d2,1024,0/0
/spttest/nma42olztuz8,2b248a5b7e77b914,1024,0/0
/spttest/jahonkhaj441,233cf1b07e13c991,1024,0/0
/spttest/2blpyh8ctm5k,43df2a4c6cf5168,1024,0/0
/spttest/dsu07basfswh,193582e81b64b411,1024,0/0
/spttest/40qjw92r1l4u,75809978de4f43e,1024,0/0
/spttest/ovkfvm8iabn3,2d70c8e0e48deb6f,1024,0/0
/spttest/lppeqhqe8xz8,27a9cc857b466404,1024,0/0
/spttest/uz06z81p7yjn,38931f28c0b247a3,1024,0/0
/spttest/2v4s8t7dw2nz,53b9f62d9514e7f,1024,0/0
/spttest/xrai6k3e7iye,3da9c542d148d5b6,1024,0/0
/spttest/t4gtavqtztar,3532d620d9a3d413,1024,0/0
/spttest/fhedl0q4h2co,1c483801e4779228,1024,0/0
/spttest/k4atvkgkmaui,24c026367296b46a,1024,0/0
/spttest/xfz38wnz90mi,3d16c511251f2a6a,1024,0/0
/spttest/n62e2xvlafhw,2a51ecfadf2f0df4,1024,0/0
/spttest/eezwix041zkp,1a556753f8157e59,1024,0/0
/spttest/7d4gusolpd2y,d73c5c101cce37a,1024,0/0
/spttest/hacb1sw2dxcv,1f93c67505b0ac1f,1024,0/0
/spttest/xxl4fs56q6e5,3dfb8996a4e51cdd,1024,0/0
/spttest/160hgsrwqb05,221b9992b50e635,1024,0/0
/spttest/i82mvolemrrp,2149ebdb56d7b815,1024,0/0
/spttest/4cfbw4q86rww,7efdc1653f1c2d0,1024,0/0
/spttest/m68g4hq0mp17,28807f3073fde03b,1024,0/0
/spttest/l1e99tgin6h6,266e084ab98e228a,1024,0/0
/spttest/jcddp7ybsfsl,23555e9fc046a1f5,1024,0/0
/spttest/30zwwja4cvlw,587cd0a103c4704,1024,0/0
/spttest/ct72vrfvhcks,17669d535994e4ec,1024,0/0
/spttest/o4t51s5ow8qt,2c15367a07e04045,1024,0/0
/spttest/mz17egn8ty6d,29f692acde7a9645,1024,0/0
/spttest/1xe6qipjes9y,385612792db1da6,1024,0/0
/spttest/7t1fibbgpbta,e42814d2caa540e,1024,0/0
/spttest/d1mui1cnfo1a,17d437c44ffdde6e,1024,0/0
/spttest/eidlbtwxr1ip,1a814f8662b01171,1024,0/0
/spttest/71bdnhpienv5,cda65086b429651,1024,0/0
/spttest/poa2uqerz23e,2ee5bc39185f085a,1024,0/0
/spttest/tdxkz9sfizsh,35adca58645a34b1,1024,0/0
/spttest/mqkc2h2kox8u,29889255f7b02a4e,1024,0/0
/spttest/7yupsbqi18ck,e8e04a2b2788a84,1024,0/0
/spttest/ub4ip9mpquaa,375cf08ceb9bbcd2,1024,0/0
/spttest/4z71kq3c8ol9,9179f93443b467d,1024,0/0
/spttest/5wtsmbqcx3cy,acc7a89fabef342,1024,0/0
/spttest/ewwmrt3jrixk,1b3e07d1fe760798,1024,0/0
/spttest/85daipblrvty,ee2a7fffbca2ae6,1024,0/0
/spttest/h3vjqcukd9lr,1f3fcaeed44f7ddf,1024,0/0
/spttest/ni6nrdx1pljj,2aef565e37ce8e4f,1024,0/0
/spttest/6qejzdpc186a,c4ca88e3d4fffa2,1024,0/0
/spttest/w697e3g1tjg4,3ac4e9929ea898b4,1024,0/0
/spttest/x1cyatzwsx3w,3c58eeae0462729c,1024,0/0
/spttest/pdov5m6kstz4,2e5c302c06c692c0,1024,0/0
/spttest/lzou3zhlfh75,282b7c2b3e920dd1,1024,0/0
/spttest/uj2mo0fvs34s,37c42c0a9fa219dc,1024,0/0
/spttest/hkc7zp8bm8or,2015a32d6201307b,1024,0/0
/spttest/gibmafkoycvu,1e27d3bd38b6cdba,1024,0/0
/spttest/7wt0hbuo34wa,e736cd351547b8a,1024,0/0
/spttest/n8lo66cssotr,2a72dc60e41d98af,1024,0/0
/spttest/yqli3e1otu63,3f745d1249ca99fb,1024,0/0
/spttest/77d9vikbdqgz,d29039e54de6243,1024,0/0
/spttest/oukdmbrv9tt3,2d63c5d3f9bcfa27,1024,0/0
/spttest/ds43dkct91ma,192c2979abb6dd72,1024,0/0
/spttest/bxgzrfedqe3q,15ca88c94f6a9ee6,1024,0/0
/spttest/xhii8s49qy9n,3d2ac3cc4ea628fb,1024,0/0
/spttest/7z6vgl4sag1m,e92679ccc76ebba,1024,0/0
/spttest/p0uuw09ga2lu,2db57d5bedeeffb2,1024,0/0
/spttest/bwajcw1kqx6m,15bb373b43f6627e,1024,0/0
/spttest/hkj7vs73d6f4,20182979cb5340c0,1024,0/0
/spttest/1j0ecqq77mny,2ca8df3063e1d7e,1024,0/0
/spttest/smr9emur48mw,344ccc8277de17b8,1024,0/0
/spttest/f9a179yjm1f4,1bdebcb62e44bbb0,1024,0/0
/spttest/eqg0lggxva7o,1aea197cf69a8674,1024,0/0
/spttest/hrs48a4mfb4x,20764c36f4f5ec21,1024,0/0
/spttest/sdx5n9w20ia8,33da05c2dbf06e90,1024,0/0
/spttest/s8qsdw8mh309,3396c73e90845f79,1024,0/0
/spttest/pam2libdccch,2e343663e71f6281,1024,0/0
/spttest/vbvxtri5itw0,393a728ae3ee04d0,1024,0/0
/spttest/9u7satjlow2f,11f90412c5316957,1024,0/0
/spttest/b87ieokb2f3k,14826186f70f73f0,1024,0/0
/spttest/hf5wveghh9nx,1fd26a2774cadc2d,1024,0/0
/spttest/cm8kytu2w1i6,170c3b4ca526999e,1024,0/0
/spttest/lg23vkdfuzpf,272c7ce11492d343,1024,0/0
/spttest/6i1glv548fdg,be0050dd2a3e7d4,1024,0/0
/spttest/8ra480cps57e,fff4662ebe2725a,1024,0/0
/spttest/3jzdhilcil1t,67e6718ca4a9b11,1024,0/0
/spttest/63vpls6m6nxk,b281856265e6ca8,1024,0/0
/spttest/h1kqniorbrl7,1f21ea20855c9b6b,1024,0/0
/spttest/d24nw84l33hv,17daa572290e7973,1024,0/0
