/spttest/ve37iq281v32,39570c8133dec39e,1024,0/0
/spttest/y5s7s4g7k4dh,3e6602cc063e3a25,1024,0/0
/spttest/5v4zv34h9mwa,ab68aa93cef0d2a,1024,0/0
/spttest/dzdsdt6nogxw,198a95bfa84ccac4,1024,0/0
/spttest/czvvnh7lc6bx,17bd7f8567702c0d,1024,0/0
/spttest/m0g6fg5gmgpf,283559b7c5ec0213,1024,0/0
/spttest/dn0ll3ip1d45,18e9f4708adea9a5,1024,0/0
/spttest/492hd0e2v6m8,7c4418fd430ad40,1024,0/0
/spttest/7men2gw00x8b,dec58b03ef1a83b,1024,0/0
/spttest/pzfqy1vtc0vt,2f76a9b421133879,1024,0/0
/spttest/3l5o6ifh28xr,68daa00994586bf,1024,0/0
/spttest/azg91s5yvqmb,1410a184f4802e83,1024,0/0
/spttest/ubn6k6gquz0t,3763ac65212406cd,1024,0/0
/spttest/j4sm2h2311go,22f2f3908d7578a8,1024,0/0
/spttest/48nzk56skr7l,7bf06bb10338ac1,1024,0/0
/spttest/fx4e7rox3m67,1d14720dd3f823ff,1024,0/0
/spttest/ncxefsy2tabn,2aab0cda466f6383,1024,0/0
/spttest/lv19gqr4jcxu,27ef05b33fac3842,1024,0/0
/spttest/xi31y2enfl38,3d322db709dd2784,1024,0/0
/spttest/u1p2wh3ojndy,36e2772d6a531126,1024,0/0
/spttest/da64f79cgosh,18431645e4aa6181,1024,0/0
/spttest/7v5teo4ri0i3,e5e10f2fbfd5e0b,1024,0/0
/spttest/t4pemxsh9798,3535efd0a6f0bdfc,1024,0/0
/spttest/th0h7qhzshnk,35d5cd8f70f68f60,1024,0/0
/spttest/ux02jv44hohx,38791949b4915a45,1024,0/0
/spttest/34ne279nteih,5b73d4d1f9219b9,1024,0/0
/spttest/8t5jphw2a5sw,10179acab14a4de0,1024,0/0
/spttest/i1sf0101gi00,20f84c6ad8337020,1024,0/0
/spttest/nv0y65ye774o,2b9623350d3885d8,1024,0/0
/spttest/kqw7nvtugv9i,25e5a0f797932446,1024,0/0
/spttest/niyt142g9jjq,2af97e3372b5a336,1024,0/0
/spttest/hhaoelcqco6c,1fee1cc8d886df64,1024,0/0
/spttest/se0zkihjxi24,33db67a483d2d0ac,1024,0/0
/spttest/cjluik2tdi1m,16ea0cd08575e19a,1024,0/0
/spttest/ylaxqj25g39p,3f2f9adf811a918d,1024,0/0
/spttest/uo6rzshk59j,18e67edfc01e8a7,1024,0/0
/spttest/c8j5t800dlru,165a32de96a06f7a,1024,0/0
/spttest/iytttsdrb52o,22a5744cbdba3d70,1024,0/0
/spttest/vivmglqx60v5,3995422d976902e1,1024,0/0
/spttest/mitykmwrmr24,292421567e370d7c,1024,0/0
/spttest/5m94olq8rdnh,a432130b9ff7ddd,1024,0/0
/spttest/1gguj5n1zpo0,2a98594a96fd9b0,1024,0/0
/spttest/mkb7crcsausg,29375762a9b9b660,1024,0/0
/spttest/d7dz2quocb9d,181ef3bb6b1a3401,1024,0/0
/spttest/5mlt9n3df0cz,a47b4afff137893,1024,0/0
/spttest/xkt9ci4wx5be,3d559ccacd6d692a,1024,0/0
/spttest/kry0bsz3s54y,25f34423936fd802,1024,0/0
/spttest/vhu6ti6r8u4z,3987c06b88847d93,1024,0/0
/spttest/b9w3pu718fpo,14983e4c62053e8c,1024,0/0
/spttest/evw3f2cbitga,1b30d8e7c99de09a,1024,0/0
/spttest/2jxp48skw11z,4aa2ef6281fd157,1024,0/0
/spttest/vo5gx82jp4sf,39d9c1ef1ad0df7f,1024,0/0
/spttest/ivkhp11bepdn,227b1e1635c356fb,1024,0/0
/spttest/6qxoyhbqht8h,c5390512a5ca441,1024,0/0
/spttest/h5u7yy475k89,1f594ae6a8958ca9,1024,0/0
/spttest/zxkqg719t4hs,41a2a02e77ed7900,1024,0/0
/spttest/fjzfxw44rlt3,1c69cc4d8c17fb27,1024,0/0
/spttest/w80uw9tyb6hi,3adbe114a1917b96,1024,0/0
/spttest/ugjo631vmwpr,37a35a62a17c221f,1024,0/0
/spttest/36mvfh63uk29,5d10802cdcf4c11,1024,0/0
/spttest/9wy8ax2m7grg,121c89387acdfe9c,1024,0/0
/spttest/id315cynl99b,218b02c0492f611f,1024,0/0
/spttest/ex6g7dja2qjw,1b4192a6d9bbf8ec,1024,0/0
/spttest/wkn909fgghnx,3b7fd477cc31f96d,1024,0/0
/spttest/ivedktj31qyn,2278e950707f1dbf,1024,0/0
/spttest/gmmdfhlrshba,1e5faa15c5f285a6,1024,0/0
/spttest/2mc13sbossa3,4c955632072222b,1024,0/0
/spttest/iugmq64o4l70,226cbc447017cc4c,1024,0/0
/spttest/4env6441hrkp,80ceb020dbd96d9,1024,0/0
/spttest/gx366falr8k0,1ee79e4e53a17110,1024,0/0
/spttest/pt6ch1xaiubr,2f2555b76f722807,1024,0/0
/spttest/nwd9zll13w36,2ba793344eb7ea32,1024,0/0
/spttest/amf8u0ms18ox,136768429d281641,1024,0/0
/spttest/2vpa7ejpzhm1,54304d5b618c8e9,1024,0/0
/spttest/cyewxgjuvkuq,17aa63480d60c552,1024,0/0
/spttest/5qi3f4z4vqub,a7a524a81ce89a3,1024,0/0
/spttest/daqwysgmapno,184a96e03ff7f664,1024,0/0
/spttest/go65bz2ko3wl,1e73c9ee0a8ff5c5,1024,0/0
/spttest/bx3ub432r7uv,15c5ca01ee798e87,1024,0/0
/spttest/n2qh92tqfruw,2a26a8ecf75188c8,1024,0/0
/spttest/hcfgev3jrbi,e14d709afab00e,1024,0/0
/spttest/dgy1oro9xt4n,189b191bd3c3cab7,1024,0/0
/spttest/5qcle8awfar5,a785633764e6c31,1024,0/0
/spttest/q5wokgt2dmmo,2fcab567807789d0,1024,0/0
/spttest/xqowa6lqofl5,3da1f956cae412e9,1024,0/0
/spttest/1bbssyp7uga,1113957fabd6ea,1024,0/0
/spttest/zfp1kfq8w207,40ba5f8f2c9c7227,1024,0/0
/spttest/7e0mim7gnnla,d7f60107727432e,1024,0/0
/spttest/7hiqcjmki64e,dace04b13e2cb7e,1024,0/0
/spttest/ut3ma3yfvnpx,38466bfc775e70d5,1024,0/0
/spttest/cw9ee2vmwsav,178e6b5c867ca947,1024,0/0
/spttest/h2q5q2th7psz,1f30dbe4e69b6363,1024,0/0
/spttest/e0mua515v6zt,199ad73083d0ce29,1024,0/0
/spttest/45iungln8hun,7963486dc61b75f,1024,0/0
/spttest/3i1o2p9uyyws,665407cd60a973c,1024,0/0
/spttest/5m9kogektdu,48faf36e175fc2,1024,0/0
/spttest/wfrrhmirzizn,3b40831435716de3,1024,0/0
/spttest/86j6jvq2sbu1,ef1c549742fc4e9,1024,0/0
/spttest/m0iu7ms0jgc7,28364f79e31ce977,1024,0/0
/spttest/kplb1e2yhb75,25d4b451dd491cf1,1024,0/0
/spttest/z1hodztz7sf,1c729b5da538b2f,1024,0/0
/spttest/8een556noyj9,f580c114ac0a3d5,1024,0/0
/spttest/3wgmkfhgsfv0,7207fbcc918234c,1024,0/0
/spttest/vy3oka4qmvp8,3a5b015e5f4cd3fc,1024,0/0
/spttest/dhh3229k5tdx,18a1f79e5c261c05,1024,0/0
/spttest/8erh7dbeexf3,f5cad9e5edb0aaf,1024,0/0
/spttest/3lq0cyagnwrp,695009d9a389da5,1024,0/0
/spttest/2n3yezt75cph,4d368cca9807a95,1024,0/0
/spttest/61w4qvrer0vm,b0e44ac5b92c732,1024,0/0
/spttest/fcp5sjyuj4pa,1c0b29c8fe5e748e,1024,0/0
/spttest/sj5in4quxvg0,341dfc55f537a370,1024,0/0
/spttest/u17mkjckkwpv,36dc2b038ffc56a3,1024,0/0
/spttest/t240e5fmk018,35143d056d247f2c,1024,0/0
/spttest/rp6gk4fx5b1q,3298a5a7f7f2642e,1024,0/0
/spttest/30eo3edmik2c,58022b40ef90014,1024,0/0
/spttest/ab4zys9nt8bo,12d4d40061df4a64,1024,0/0
/spttest/4pv1u8hg31yc,89e64860d1220a4,1024,0/0
/spttest/x36kpj6jp7v6,3c709c1c45d72f12,1024,0/0
/spttest/rayp18qrxsmr,31dffedcc4d87233,1024,0/0
/spttest/hidgetc62mql,1ffc1aa2b2eba59d,1024,0/0
/spttest/i9gttz0zmxfq,215c081b868ac5c6,1024,0/0
/spttest/zefh49n63v1z,40a9ee8530bed1f7,1024,0/0
/spttest/g85c4jt5yd30,1da3aae2a3045fbc,1024,0/0
/spttest/6t21eupyrnkp,c6f1c427ff97619,1024,0/0
/spttest/zarfcr6re5nh,407a4962b6ea971d,1024,0/0
/spttest/bw4sxi8k6z98,15b925955f5c0bfc,1024,0/0
/spttest/vnhnnb3kftfw,39d12a59967432cc,1024,0/0
/spttest/svdb9kgoapnx,34bcab6f6f65786d,1024,0/0
/spttest/frc5ydvh8bmp,1cc95043b610c9e1,1024,0/0
/spttest/muyziaephw6a,29c1d0a888248e22,1024,0/0
/spttest/osujp6d4xdyc,2d4d769845523ce4,1024,0/0
/spttest/sbij3bhrocvv,33bac43908e5a63b,1024,0/0
/spttest/eu92cbmb2rl3,1b1b8c6afa2cab27,1024,0/0
/spttest/g5r90ec7dedm,1d849b3921d4810a,1024,0/0
/spttest/7qkgzj00wkqz,e2268520be8210b,1024,0/0
/spttest/ea9wopcyd2mn,1a181123a7b2f08f,1024,0/0
/spttest/7na09nnwisfc,df7a9f8b3b8ec68,1024,0/0
/spttest/1k6c4cwno706,2d9afafb784f076,1024,0/0
/spttest/pwv71r89pzjl,2f5544c60c363931,1024,0/0
/spttest/b3hd4rcfmwh,90237ba94079b1,1024,0/0
/spttest/nnvidqzdls8v,2b39400e904ffb3f,1024,0/0
/spttest/qwqaukovhsin,31271ded0d51499f,1024,0/0
/spttest/fv965s31ctf8,1cfc30b6b6a9acf4,1024,0/0
/spttest/uvbf4spafvxs,3863371b414f5d70,1024,0/0
/spttest/ljtrk1a0nov4,275d6f59579655a0,1024,0/0
/spttest/odnp3shf5ec1,2c88270963aeaad1,1024,0/0
/spttest/mz7gwp8rxxse,29f8d546d5cdd44e,1024,0/0
/spttest/1qhlagoyzbx3,32baecdfc386917,1024,0/0
/spttest/vohd0suvrv8v,39de0c5841244def,1024,0/0
/spttest/wya741p4chr7,3c30f869ca107ce3,1024,0/0
/spttest/e451xt7t3qia,19c8613c562471f2,1024,0/0
/spttest/d2nndmy904kq,17e17f1e2398282a,1024,0/0
/spttest/kkub2d2qkiyk,2597016b6a918efc,1024,0/0
/spttest/rf0heyj1aw9r,32149913bc242edf,1024,0/0
/spttest/gptlmmozgg2j,1e893d77db89f85b,1024,0/0
/spttest/idmpezpbehy7,21921c035545f15f,1024,0/0
/spttest/49d3bzlj3mpz,7c8159e616becc7,1024,0/0
/spttest/u1e1t9sp6zh5,36de7c552a1d7219,1024,0/0
/spttest/qkunufsezg0n,308cd1a9e77669d7,1024,0/0
/spttest/c7ykjm3wpwal,1652c4f0394c9bbd,1024,0/0
/spttest/zvu17efago8o,418c00943ccb64b8,1024,0/0
/spttest/752qcslpodfl,d0b3b56a1844701,1024,0/0
/spttest/3s28wpp0caa6,6e75a827663530e,1024,0/0
/spttest/vrluy2c32xza,3a06a393b4934b86,1024,0/0
/spttest/fug0v0dp2gln,1cf1ac702e268d8b,1024,0/0
/spttest/6ezc5raxs6mt,bb84922e0422995,1024,0/0
/spttest/ikuomiae28zb,21efe9b9da0b6ff7,1024,0/0
/spttest/ap8vmki6lxt,8b008dc267f691,1024,0/0
/spttest/r767b6q69jay,31aebf4e562b57fa,1024,0/0
/spttest/ec3fude9m7ru,1a2fb63a98a5c1da,1024,0/0
/spttest/pdyhj4c1jlqv,2e5fa8e5590b45d7,1024,0/0
/spttest/valpttgaws77,3929c514ba40f0c3,1024,0/0
/spttest/vobs47h32ywt,39dc08dd642e543d,1024,0/0
/spttest/fjd3a26rqiji,1c61bbb6b31a535e,1024,0/0
/spttest/ga0yn3q7dhty,1dbc1153bee89a86,1024,0/0
/spttest/p0hmb1skmhfi,2db0b68d4f8055be,1024,0/0
/spttest/hpbm8d9b583m,20565da1a4253742,1024,0/0
/spttest/13zx9mw1ou0f,2078b4234786eef,1024,0/0
/spttest/2zt4e18ci35b,5785c699bc41c6f,1024,0/0
/spttest/y227j24qcp0v,3e35a8ce72b9d3af,1024,0/0
/spttest/ci5dkx66g6eu,16d71e374f643276,1024,0/0
/spttest/5bazsyeodjhq,9b4eb9584cfd3ee,1024,0/0
/spttest/xp39x6eshifi,3d8d2ef99bf4ab8e,1024,0/0
/spttest/kefs6nrctu5s,2543d447b81005f0,1024,0/0
/spttest/73pcpnyapkuq,cf96a4a75faf7d2,1024,0/0
/spttest/cbl61pxbq1j5,1681e3fb58cc6941,1024,0/0
/spttest/o6q94xaj8zq8,2c2e265f5e62d1e0,1024,0/0
/spttest/guuilsln6xkg,1eca845cf7ccda70,1024,0/0
/spttest/twxsfsisp4ct,36a4a95c6faa864d,1024,0/0
/spttest/qrhcm3fba9z7,30e2f0daf9278803,1024,0/0
/spttest/iylwsfwc8xuo,22a298f487c35960,1024,0/0
/spttest/t4tyzd5ovp2w,3537957d48cf6cb8,1024,0/0
/spttest/4s1bulzqxtdt,8baa2ee5f3da901,1024,0/0
/spttest/yzu3i5ch3w6w,3fec5e42e2fcf6b8,1024,0/0
/spttest/i4xpsu1b35p,eb969a97ebbdbd,1024,0/0
/spttest/p3x6wm95lxcq,2ddd4cb2dfcce51a,1024,0/0
/spttest/s68p2qan3fd6,3376459c05576f8a,1024,0/0
/spttest/1b74e8wli496,26510ec2e8b9b0a,1024,0/0
/spttest/r4mtt6xn1m4t,318dc728835a614d,1024,0/0
/spttest/25fvremwpjrj,3ede7c8d43f084f,1024,0/0
/spttest/qf759c9rnm5w,3043633900aa8ef4,1024,0/0
/spttest/pjcuza08cnvg,2ea5cad77a6d6bdc,1024,0/0
/spttest/i1ncv2mf1elr,20f67917680b672f,1024,0/0
/spttest/ggqbp819lfmf,1e13279470b04f57,1024,0/0
/spttest/i8ur281mpv3d,215410e598a8e3a9,1024,0/0
/spttest/d1bmbxwutsg0,17d02ac1660a6340,1024,0/0
/spttest/f1avr0c9fbcr,1b772109a8b9003b,1024,0/0
/spttest/kf8enznnvep0,254e2845fbfd7f24,1024,0/0
/spttest/jj48w0xt319c,23acffc357288a20,1024,0/0
/spttest/fjw92xd61ll6,1c68a598b68bcd8a,1024,0/0
/spttest/7ot5lpitpplr,e0b8fe9a655e2df,1024,0/0
/spttest/hfy0tapho8o2,1fdc8e93fd7ad6e2,1024,0/0
/spttest/at6rmxqvqkfe,13bf45fd099fa0ea,1024,0/0
/spttest/z8h5mmp36lh9,405c9a3c56d9793d,1024,0/0
/spttest/kqw5fbk687oa,25e59b39ac54deda,1024,0/0
/spttest/76craucahpyv,d1bd6b44909f7b7,1024,0/0
/spttest/ylpprp34na3f,3f34eff4210d52db,1024,0/0
/spttest/cwh7s7ppwxnv,17913d5ab0659f6b,1024,0/0
/spttest/o7eprjz0v63f,2c36f9e0339a8c9b,1024,0/0
/spttest/v665wp646m0f,38f0336b88b8a0ef,1024,0/0
/spttest/p7qr1bw0apzi,2e0eeeccaaa3120e,1024,0/0
/spttest/pp89vnnaypme,2ef212c5024aec36,1024,0/0
/spttest/bt4sj6zlq89p,15922ccb10866d5d,1024,0/0
/spttest/ais7x1gs1iql,133821ab8d35411d,1024,0/0
/spttest/i2154p2hj8yu,20fb72680c213d26,1024,0/0
/spttest/7fk3cukm8rc0,d9363866160c260,1024,0/0
/spttest/qcb1edl871g5,301dd3057269cf15,1024,0/0
/spttest/anowp5hlh34l,1377e2102e4ad315,1024,0/0
/spttest/1798pj85fjt9,231dfb3203ec70d,1024,0/0
/spttest/kxg29lp4hf1,10fda802e9b6e2d,1024,0/0
/spttest/6iog8g0x9o0x,be850912e47a2e1,1024,0/0
/spttest/o9dgbafar10z,2c507fc50a9a83f3,1024,0/0
/spttest/2ht09jjoedvg,48e8335498df1bc,1024,0/0
/spttest/78bxdluo4rgg,d358470f0ac4400,1024,0/0
/spttest/zy6t5aenrh1s,41aa9733f0b8de10,1024,0/0
/spttest/2faxxzi8rtj0,46e041c70bece3c,1024,0/0
/spttest/it0ofu8bnafj,2259fd8396d13f8f,1024,0/0
/spttest/cr3z9dlcoz1i,174b846a2677d766,1024,0/0
/spttest/6xoxwyqonl0x,cab54c8b2a5aa31,1024,0/0
/spttest/kgvj316odfp7,25637d55bd9950bb,1024,0/0
/spttest/3cmg5t5432m4,61ed0602411f7fc,1024,0/0
/spttest/wahko3vgvypg,3afbe39d4695dd74,1024,0/0
/spttest/7gvkq1c0i0j9,da48563fcce1335,1024,0/0
/spttest/a4hinlzfase1,127e6b93a7069939,1024,0/0
/spttest/u4sqh9skn1al,370ac08c2fbeba4d,1024,0/0
/spttest/ji3u5s8mgtyo,239fdcb70d3bf1b0,1024,0/0
/spttest/r517uyw1yj36,3192f85c7aed5622,1024,0/0
/spttest/qqhmflmll2r8,30d60ccb2a3f5e34,1024,0/0
/spttest/gwifizj7wd35,1ee0228f6d5b4d41,1024,0/0
/spttest/zyflwgebjgv,1d30c8db3fd854f,1024,0/0
/spttest/6yu0doh960ue,cba26346d3a96c6,1024,0/0
/spttest/g3f1coy7dc4n,1d6638a40b282da7,1024,0/0
/spttest/rnw8y2pmoz80,3287f92f611a4250,1024,0/0
/spttest/iv6201m1pvhg,2275e8a9f7ff34a4,1024,0/0
/spttest/z4nfdzxy14r7,402ae875facac453,1024,0/0
/spttest/lx8k7eu87rdk,280ba25995fc6658,1024,0/0
/spttest/lnix0hbfg4zu,278d7a53867a084a,1024,0/0
/spttest/hk8psbnbbopo,20145f5cd584a8dc,1024,0/0
/spttest/85obz0x3tyo2,ee6a3c79a2f1bc2,1024,0/0
/spttest/l647ywtnxfq5,26ab5b8ccd4758dd,1024,0/0
/spttest/17qzm8pzfov1,23847005bf3329d,1024,0/0
/spttest/ca5hx5r6nxey,166f3f4c3000aaea,1024,0/0
/spttest/r5vop3ihzt6d,319df69bbf222775,1024,0/0
/spttest/6m9tv7udo0wo,c16ff0c7421af98,1024,0/0
/spttest/jrssjuaqjq8x,241dc51a1c116da1,1024,0/0
/spttest/dacrpartwqf9,18457c3716e3b6c5,1024,0/0
/spttest/yhl3r7cfkk0v,3eff50f8aabff15f,1024,0/0
/spttest/t5ttmqw45jl,17acace59655d11,1024,0/0
/spttest/sb1v4erj2bzm,33b4c0d46fd6c832,1024,0/0
/spttest/sjai1d81jh8v,341fc8a033b8af0f,1024,0/0
/spttest/79l1jlkrv6q1,d45cbb3ca8f0ec9,1024,0/0
/spttest/ynddu51sdhlb,3f4a776ed349aa4f,1024,0/0
/spttest/1ygpxuf2fbul,393486b7750e7bd,1024,0/0
/spttest/rz97bpyvkufx,331b87a323e36e1d,1024,0/0
/spttest/icesyni9z2ax,218244e8b3e21769,1024,0/0
/spttest/7it3yfd386ak,dbd9c25ac9a78dc,1024,0/0
/spttest/5w7izn7i9dpy,ac471baa369abb6,1024,0/0
/spttest/vmys497mb2p9,39ca5ad309aac46d,1024,0/0
/spttest/csc7s38t7x3w,175b7a7a2e85305c,1024,0/0
/spttest/sii8aw1owt6k,34159555fb5997bc,1024,0/0
/spttest/gvx7rxx7v7lp,1ed87af06c25933d,1024,0/0
/spttest/f0m1vkanw97t,1b6e2b8d0c5ed5a9,1024,0/0
/spttest/dz9bt6m13lsx,1988f9c0c58cea21,1024,0/0
/spttest/ktuhcybs0ps9,260bf8e131974a89,1024,0/0
/spttest/ril1cpi76rg0,3242fb5e0ec04f70,1024,0/0
/spttest/6g6v4xh8fbfp,bc7fda9596de3a5,1024,0/0
/spttest/kf3qgzp0l1vc,254c78b9062230b8,1024,0/0
/spttest/wl3b4bdhwzny,3b859fc7c4db318e,1024,0/0
/spttest/uz4upkhgpsp6,3894cd85dc70d18a,1024,0/0
/spttest/zdmoaguol24z,409f8a3e5ef4ce13,1024,0/0
/spttest/y4078lw5rayu,3e4ee9d6ab0d6546,1024,0/0
/spttest/7vacy1zfg447,e5fb48dba17e3d7,1024,0/0
/spttest/bb28wbwp43tj,14a7730e6195d557,1024,0/0
/spttest/675rqg1bg2fa,b52b140c5c27f46,1024,0/0
/spttest/5xzd6aogxu21,adb7a603f66a669,1024,0/0
/spttest/qg3cpw1eejnb,304f02257a9a0cf7,1024,0/0
/spttest/jmzt5xv270c1,23df5af898536b71,1024,0/0
/spttest/689a94nchluh,b60f32155bf50d9,1024,0/0
/spttest/d3cvtncmkjyv,17ea99fdbfd8d817,1024,0/0
/spttest/nl5siq6hqgjz,2b15fdfb534e7f4f,1024,0/0
/spttest/hbpb4n07ljex,1fa574b402a52c89,1024,0/0
/spttest/w8qwnjz9itm3,3ae5472a44866b6b,1024,0/0
/spttest/7rypusixg5gt,e34897cb7bb08ad,1024,0/0
/spttest/is8l5nk64dkw,224fdac7aae863c0,1024,0/0
/spttest/95336ga0gpvp,10b296b9e3fbcf05,1024,0/0
/spttest/oci525yc6dnr,2c792881d5c6aea7,1024,0/0
/spttest/khw1ealuljon,2570a994132ec8e7,1024,0/0
/spttest/10qohvdfljsu,1dd3dab4d4f4a7e,1024,0/0
/spttest/pou9gkjvidef,2eed0489f9b3ff57,1024,0/0
/spttest/623suz1awa,22f9caa7ba86a,1024,0/0
/spttest/t2wn31vdfncp,351e918dd222fcf9,1024,0/0
/spttest/les6z67zfbm6,271bebe4fd39878e,1024,0/0
/spttest/448bom9irblv,7856aeb93bce983,1024,0/0
/spttest/nbs0y3t41i1,12f00dd6d322999,1024,0/0
/spttest/778v3oohdm5v,d276c3db3f00273,1024,0/0
/spttest/fgq720c7ai0c,1c3f7e6b80e610ac,1024,0/0
/spttest/5qf0krlvrocj,a7935e3df5d5703,1024,0/0
/spttest/jfo2kj89a2d0,238031e320e02374,1024,0/0
/spttest/6c9rek3xcil2,b951429959a5616,1024,0/0
/spttest/wi2pjas2anq3,3b5e70a17bdb289b,1024,0/0
/spttest/mw4fmyknwsk6,29d0c52449d23f96,1024,0/0
/spttest/gm41c2hcvt88,1e590c6c6ba935b8,1024,0/0
/spttest/vwjgegz5vxjr,3a46b7ce844fcc97,1024,0/0
/spttest/lothr974gzl9,279e487d47fa682d,1024,0/0
/spttest/j7xkaixecm6y,231bb49e4d648d5a,1024,0/0
/spttest/cllk3wesov6i,1703eca0202907da,1024,0/0
/spttest/8kpnta3acewv,fa9f560fb17ec7f,1024,0/0
/spttest/2rbmpbpq2qpr,50a22b81cf241bf,1024,0/0
/spttest/5pwaeofym8l,4a4a562b2dd415,1024,0/0
/spttest/kgg72hoera2c,255df4fbb66d29b4,1024,0/0
/spttest/qq1ssm3ypuep,30d0573953641431,1024,0/0
/spttest/ac0aqu0gk03p,12e01f12ec68ad85,1024,0/0
/spttest/bzgn9qla46oq,15e4633feaf198da,1024,0/0
/spttest/wvac9s1f0ntp,3c0a0de167358b9d,1024,0/0
/spttest/g5kj81xd0m1k,1d822ed952e0d098,1024,0/0
/spttest/dgrbw76r0ju7,1898acb7ed2ca76f,1024,0/0
/spttest/wtpff20sa8op,3bf584f6d17bc679,1024,0/0
/spttest/9qi78cmeq6dn,11c8d10a1fd948cb,1024,0/0
/spttest/2isgf5j9ldgr,49b4d8c90d11c6b,1024,0/0
/spttest/9vvdjp4bqp8g,120e84505497cd40,1024,0/0
/spttest/4gz10ijhz43c,82aec915ae2fc78,1024,0/0
/spttest/l1te5nsgc7wb,26737e59200062fb,1024,0/0
/spttest/j8cw0g6j8p4z,23213c36988dfc43,1024,0/0
/spttest/eg3v6rnir88y,1a63d2a045eca082,1024,0/0
/spttest/us3w5pw0eydb,383988130a2af57f,1024,0/0
/spttest/vt5k0bezf3w1,3a1abc22ac8e6c71,1024,0/0
/spttest/uq6t6cfi8owx,38209b034e625e21,1024,0/0
/spttest/bpahydh9uy1o,156046d58482e4dc,1024,0/0
/spttest/vi27xpvbddz7,398aa63b691b1f03,1024,0/0
/spttest/2u5x2uf9h54e,52f0ae6be97d92e,1024,0/0
/spttest/gnefhpmyj2oa,1e69c9af9460de4a,1024,0/0
/spttest/j8k5xmlt92uw,2323dc3f6a03c7b8,1024,0/0
/spttest/ruhyj2enp0pp,32ddbe1969771edd,1024,0/0
/spttest/93n23rk8ayi0,109fd0d1fcd91528,1024,0/0
/spttest/o4b9wyan30zo,2c0ec455419726c4,1024,0/0
/spttest/o95nbkhymp61,2c4daecddf516ee9,1024,0/0
/spttest/doe5tdac4b2k,18fbd663821f150c,1024,0/0
/spttest/9bjb6gy4bva6,110660af9d863f1e,1024,0/0
/spttest/g7bkyj6cid3e,1d98ee804ea326ca,1024,0/0
/spttest/d1z58u4z33rk,17d8a7c0efc4a8d0,1024,0/0
/spttest/arox7gymw4wr,13abd8654eca3edb,1024,0/0
/spttest/imxzofjlswas,220b15b47517e384,1024,0/0
/spttest/s1bmp97bobf2,33366256ae0386ce,1024,0/0
/spttest/5f51afy7jyg3,9e6ba36b250d423,1024,0/0
/spttest/b882cb07fgmu,148294ac6b4118f6,1024,0/0
/spttest/apll89hr128q,1390aa0b6bfc309a,1024,0/0
/spttest/98f73alqsg6p,10ddecf40d126ef1,1024,0/0
/spttest/d7yw2dyo8dee,18267fbe08ff25d6,1024,0/0
/spttest/139ax2ey9n7e,1fdf0575c4597ba,1024,0/0
/spttest/mwkemdf6qj46,29d6886d0c679546,1024,0/0
/spttest/ixufbqe9tsst,2298ae3416fc380d,1024,0/0
/spttest/rwcmqafjrdkk,32f5cc7f34192c74,1024,0/0
/spttest/7remfptghni9,e2d4959bcd78541,1024,0/0
/spttest/22tp9yk61ph6,3cbec8812ed2d3a,1024,0/0
/spttest/i7pitu33ed1h,214530acc1be2885,1024,0/0
/spttest/dew920j76stx,188078c368d7ea75,1024,0/0
/spttest/9m8lw11htekt,119165f053ff540d,1024,0/0
/spttest/zyeheq23mj2p,41ad5c08274a5511,1024,0/0
/spttest/n7kyvij10m0f,2a659e379d8f1c6f,1024,0/0
/spttest/7shcczxnwsuq,e3b41dc40ce2512,1024,0/0
/spttest/u9rq00titq08,374b553bcedd0ee8,1024,0/0
/spttest/b68483hh4wq6,14689efddc6f43ae,1024,0/0
/spttest/9ed2vjg1mx7y,112b18f1006222ae,1024,0/0
/spttest/tgcetkbm7emv,35cd1e94b576a7d7,1024,0/0
/spttest/ks2bm9nzviyt,25f4d294d22040c5,1024,0/0
/spttest/oiblz1vspukh,2cc4bcddc6bcaf01,1024,0/0
/spttest/nm76q2ey3at1,2b237c0d02915375,1024,0/0
/spttest/t30o2y5sm70s,35200595dc873d0c,1024,0/0
/spttest/5cyunx7k0ug,45a01fef88bc48,1024,0/0
/spttest/nqn3mcat0fkh,2b5d2f01ba5f33d1,1024,0/0
/spttest/u6fcuv6fq0m,187ff5082b4b376,1024,0/0
/spttest/ymykyuz9lt08,3f452034c8befb18,1024,0/0
/spttest/use7rt4p6z95,383d418e0904d0f9,1024,0/0
/spttest/1qvy50hc8hyr,330dced40b3bcf3,1024,0/0
/spttest/rzzmyz46ynzh,3325115b0f32b3ed,1024,0/0
/spttest/eas0npjk387f,1a1e99f5ba2d5c4b,1024,0/0
/spttest/1h3sapa27x5t,2b1cc50ef725da1,1024,0/0
/spttest/lwlvj78qvzbp,280372f1b8516e95,1024,0/0
/spttest/t6vy3slcdcbk,3552467d3c0affa0,1024,0/0
/spttest/ipyu24jl5g6s,22325b6cb6c70234,1024,0/0
/spttest/oby9os2qowcg,2c71fd04695e1bc0,1024,0/0
/spttest/1bvx7hzgffeq,26e03afee3a47c2,1024,0/0
/spttest/bqt1ladkbib2,1573f51a2749f96e,1024,0/0
/spttest/p8yrd09p4bwy,2e1ecfd59b9fd252,1024,0/0
/spttest/awaipqfy4ohw,13e79856c1103304,1024,0/0
/spttest/4jwzm6rjxy3v,8512803bc7549eb,1024,0/0
/spttest/sauu57ap95k,16f9dfe2bd99098,1024,0/0
/spttest/ne0fchl0axfa,2ab9218b27414bb6,1024,0/0
/spttest/s6idmoef9ys2,3379c3ec95347f52,1024,0/0
/spttest/81fmjydzlvpa,eaf8a96900bcabe,1024,0/0
/spttest/sfp3a8lo4f1e,33f117449df7b122,1024,0/0
/spttest/9zv8v9e8c8y9,12426d55fec00851,1024,0/0
/spttest/gcugcimq1rky,1de0aff302c7d3e2,1024,0/0
/spttest/hebd4o2p3715,1fc764739f13c759,1024,0/0
/spttest/d9o1cevgabmm,183c8fbfa1aa255e,1024,0/0
/spttest/ntsgkxzqyul0,2b8615dfae65a554,1024,0/0
/spttest/c388ft0mu94n,16154f46bd4befb7,1024,0/0
/spttest/jy5zxp74jrnx,24707860b274e2cd,1024,0/0
/spttest/s250jnkv4o2w,3340fc8a18afd1e8,1024,0/0
/spttest/u6yogslrwhu3,3726e01adc04514b,1024,0/0
/spttest/acynzbwytrw0,12ec858e13488470,1024,0/0
/spttest/lbdaez6eka3b,26ef936ca6a9c617,1024,0/0
/spttest/wujkevqcxopm,3c0064d3efea9f5a,1024,0/0
/spttest/ajmkm2jqxlox,1343154a6ea01211,1024,0/0
/spttest/rbohf5mljdmx,31e94ce6ec5428c9,1024,0/0
/spttest/xmv478pc8h9z,3d7042d6935fd977,1024,0/0
/spttest/ocuucmn73sx9,2c7dbdd10307382d,1024,0/0
/spttest/8votr7wjqn66,10388a151ba59ace,1024,0/0
/spttest/epvvshd77w6w,1ae2d5cb87dd69b8,1024,0/0
/spttest/y50gcxodlq9i,3e5bfe7ee9c81536,1024,0/0
/spttest/x8kbe4ojsyfp,3cb683a50cf9b055,1024,0/0
/spttest/g5gio8gxdtv6,1d80bbf6a5f25972,1024,0/0
/spttest/6ucoz5ktzc1x,c7ff1a8ad5b44c5,1024,0/0
/spttest/jgnut35pxbd8,238d1b3a30a214cc,1024,0/0
/spttest/vexh2ajav2ka,3961f809ea58b4ba,1024,0/0
/spttest/tw1xf4vzm1jd,36992a5c05119049,1024,0/0
/spttest/b4i4td0926c5,145241ad19554595,1024,0/0
/spttest/7wdrlmc9icoj,e6dec83ff4909b3,1024,0/0
/spttest/4n7nktblbcwj,87bf8f2ba0c2713,1024,0/0
/spttest/ct44uer1kfr,a6605e43def0b7,1024,0/0
/spttest/9pkzdey4xj3w,11bcd4b8e4474afc,1024,0/0
/spttest/yfs33v8hsnmt,3ee7db5f537de7a5,1024,0/0
/spttest/dexmd9m8gnd,ae3fc20d9ff049,1024,0/0
/spttest/373cy44vg33d,5d6fad97ab942a9,1024,0/0
/spttest/alf75q99mzfu,135a66b4e5d8a9ea,1024,0/0
/spttest/xs1xvj95lh32,3db3ab786f9c22be,1024,0/0
/spttest/snejnhtv0bhq,34553344c0821d2e,1024,0/0
/spttest/cji0tz1p9cjo,16e8ab8cc62674c4,1024,0/0
/spttest/k0tax11m9nb6,2492db895cd8a842,1024,0/0
/spttest/71bi2u3k0521,cda7063bedef999,1024,0/0
/spttest/90guj21b0ooc,10769b6776cfebec,1024,0/0
/spttest/ufszw5gmnycx,3799ba8631b573b1,1024,0/0
/spttest/wezd7by5s0xo,3b36441d0f8050bc,1024,0/0
/spttest/5obiv09h7kw1,a5df8d152f09a81,1024,0/0
/spttest/5q92fquvpvda,a771074535f820e,1024,0/0
/spttest/cmcwpazh7t1l,170dcae20d388bc9,1024,0/0
/spttest/4zybwzsxfu7l,921780cd5ed27b1,1024,0/0
/spttest/a7mu5celu4xg,12a74eacfc96a174,1024,0/0
/spttest/rbymf2090c0u,31ecf567fe38c5de,1024,0/0
/spttest/913q1a7y29l,754d3b559e9ef9,1024,0/0
/spttest/55fm861r8eji,968a70c5102fa9e,1024,0/0
/spttest/57wnlanoo6gl,988c752b915eab5,1024,0/0
/spttest/rtyb9i28i3eo,32d6a7686b7191c0,1024,0/0
/spttest/h1d95xwsotda,1f1f36ada19916ae,1024,0/0
/spttest/5vsu6ohxzy6j,abf24ee35893ccb,1024,0/0
/spttest/k9wa0xgn1sfo,2508d5aa01340d34,1024,0/0
/spttest/miic3ib5ok2k,291fef9e84748c9c,1024,0/0
/spttest/ijhs8bo9qfeg,21de44ef30d08978,1024,0/0
/spttest/gm4lqaqrsk4v,1e5940c0dccb17ef,1024,0/0
/spttest/iu1qq07m7u57,22675cfec024665b,1024,0/0
/spttest/mp588cwfh39b,297621b63093d9bf,1024,0/0
/spttest/sq158plvjjal,34775546e57b6b6d,1024,0/0
/spttest/x94ty28ozjc7,3cbdea9d431524a7,1024,0/0
/spttest/xxl8nfpq7vfb,3dfb9465ac2fa8d7,1024,0/0
/spttest/hw058mzs4cq3,20ad26c75ed7816b,1024,0/0
/spttest/k01bgdu1geth,2488c29af2cb5805,1024,0/0
/spttest/ey1yg9uk94re,1b4cf0e2b327dc5a,1024,0/0
/spttest/b4i2jlkxxay0,14523bd94eaf56a8,1024,0/0
/spttest/dg0425bv5g0b,188edaac707f3b4b,1024,0/0
/spttest/kiiozxm6uhki,2578d63c2cbd6272,1024,0/0
/spttest/hhi8s0xeh74w,1ff0d7a2a3913060,1024,0/0
/spttest/vz1as87ln67x,3a672288c64ab03d,1024,0/0
/spttest/szgcj7ebd2yx,34f1b8d1cfcc6349,1024,0/0
/spttest/i63uijatbtq6,2130614d03b2c03e,1024,0/0
/spttest/jfjtrawm7zru,237ea9cdfb2e66da,1024,0/0
/spttest/x7sj25pziktg,3cac7d01cb9310e4,1024,0/0
/spttest/41ey87p7db7q,760d7340eac5506,1024,0/0
/spttest/8usiddqgpgwg,102ce116bbbfe9d0,1024,0/0
/spttest/wqiwtel2tbbz,3bcc3341dbdfb49f,1024,0/0
/spttest/aygv0yg85xmw,1403dca6ab9aa188,1024,0/0
/spttest/91zo6xuiyir1,108a6366342fad6d,1024,0/0
/spttest/34ypuqvmz4xd,5bb539c289ad5b1,1024,0/0
/spttest/g0pc6eceeh25,1d42f853f9e92bdd,1024,0/0
/spttest/neo1kmw9mgbd,2ac1a70a85548519,1024,0/0
/spttest/154iaychg3j,ed6aa68a8dfbf,1024,0/0
/spttest/qjzhofqi2ne2,3081926cfc78ccea,1024,0/0
/spttest/j87yr0lmuceb,231f7565a947a443,1024,0/0
/spttest/qorq5gwe4qoa,30bfb780ee6cee0a,1024,0/0
/spttest/9ftqo3txn6d8,113e192397d404fc,1024,0/0
/spttest/wmps81inifip,3b9ab905b6eb2e11,1024,0/0
/spttest/l75oye83e1ls,26b8e0c1a99f62a0,1024,0/0
/spttest/byooqb8r4w8p,15da4caf97acc739,1024,0/0
/spttest/s33fn0v8pvq9,334d67c95cfc10e1,1024,0/0
/spttest/t9yfpyox6q07,357a2431bb4d4a27,1024,0/0
/spttest/n595hvcinvjc,2a476045df9c3168,1024,0/0
/spttest/hdsx5uvn0v0o,1fc0bcdb00241008,1024,0/0
/spttest/mtj5yeoqeuej,29af1e0da15cab6b,1024,0/0
/spttest/b4ma5y71jmb7,1453c0e011bb74b3,1024,0/0
/spttest/twwtamddvz8s,36a44f30a975252c,1024,0/0
/spttest/78cecl3fryfk,d35affc9af99210,1024,0/0
/spttest/r08sqi66y4el,3154c237f54f88cd,1024,0/0
/spttest/pgp1avws2gcd,2e8337b665fa4b3d,1024,0/0
/spttest/lud47c0hkw2g,27e64f5ce1c31058,1024,0/0
/spttest/qsfoi1brixlq,30ef53e0333a119e,1024,0/0
/spttest/lgsigh0bvk9z,273603dd53867367,1024,0/0
/spttest/75771zficzxh,d0cd7a8c3b69ee5,1024,0/0
/spttest/6ht56x7pkzf3,bdd04d1c789b54f,1024,0/0
/spttest/jwbn3zacolj6,2458872a872c6702,1024,0/0
/spttest/er9zqkuefwg2,1af4ea55ab681802,1024,0/0
/spttest/wpui54avzk9i,3bc364c47febb856,1024,0/0
/spttest/mdsf9mbxy9pn,28e2a126a355d2ab,1024,0/0
/spttest/ug0ykgfiauei,379c9a122054a66a,1024,0/0
/spttest/pfcj2cezdwp6,2e71b73e746421ca,1024,0/0
/spttest/o16recsdxvio,2be62b948d2e7ad0,1024,0/0
/spttest/a6fyb3qu7aeg,1297d583d222a668,1024,0/0
/spttest/gmkvqyhimh2o,1e5f2059a023d5f0,1024,0/0
/spttest/qmr7pkwkqa3s,30a58dac737c49a8,1024,0/0
/spttest/re59ztryviq6,3209569f6271ae8e,1024,0/0
/spttest/m2mgqtrk83iy,285198e8d954f3da,1024,0/0
/spttest/1dgft4qw8i5j,2826808e23755e7,1024,0/0
/spttest/rc8nlbn1ojf9,31f09419e3f7c555,1024,0/0
/spttest/157jz1ody438,2174959f365a634,1024,0/0
/spttest/m4isaat6jt90,286a3f8fc4b594d4,1024,0/0
/spttest/5t1ynpw04ph,4b6dffa8a22bd5,1024,0/0
/spttest/hl3h27mij5jo,201f78640e67fcd4,1024,0/0
/spttest/zy98p06ao5i3,41ab77d4d19193db,1024,0/0
/spttest/w0p7q3r54ubv,3a7cc0c7b4ed938b,1024,0/0
/spttest/hn9hj5x6h3s7,203b9e526f142767,1024,0/0
/spttest/1f3ng7geeaiq,297c55db9abaac2,1024,0/0
/spttest/zfj3qggvsywz,40b83ae9157bdec3,1024,0/0
/spttest/4giwofx304d3,8251b8d64ec0d17,1024,0/0
/spttest/ej1pf6r7zzk9,1a8a02dd79c971c9,1024,0/0
/spttest/66x5eqpqb419,b4f95069414672d,1024,0/0
/spttest/jzfdkdycof7f,2480d7ebbb3886fb,1024,0/0
/spttest/wehut3pi1ol3,3b2ff2a7b834f8b7,1024,0/0
/spttest/5kqu3s7fmdth,a2f8a29dc115a75,1024,0/0
/spttest/gxl4qplv5ruy,1eee193fa5111f4a,1024,0/0
/spttest/9oxmtp847fev,11b4680ee310bdc7,1024,0/0
/spttest/a0mzbv9ba598,124c6f2c28bb981c,1024,0/0
/spttest/zn9l3wt2xqco,411cb5dbef1599a8,1024,0/0
/spttest/2mfmyp9i7ick,4caa293a8017ea4,1024,0/0
/spttest/bsq0s3eoz22v,158cd86e22a93547,1024,0/0
/spttest/rul5p8kosw49,32dee59ab5163999,1024,0/0
/spttest/wahcarnqmsaz,3afbce232a747ecb,1024,0/0
/spttest/em4law226az9,1ab2052bafc28715,1024,0/0
/spttest/9ejls5nnabc8,112d73a8df64dae8,1024,0/0
/spttest/ic1ou05bw99u,217d898701bd95f2,1024,0/0
/spttest/xjkpfenms0xv,3d45897b133e25c3,1024,0/0
/spttest/kd1iecoo4ecu,2531b0c2288bd9ae,1024,0/0
/spttest/cuf7w4n3662m,17768a6220bd433e,1024,0/0
/spttest/12ngbcau79qy,1f60e16123df31a,1024,0/0
/spttest/ljz9tfreboby,275f6c0b60c299ee,1024,0/0
/spttest/qgv3ok6r1sgk,3059054538b75954,1024,0/0
/spttest/4j32wxxh2yr8,8465d6e612c0174,1024,0/0
/spttest/d2wnfjrl21vt,17e4be917255e709,1024,0/0
/spttest/8infi91232u9,f8f2cd107532721,1024,0/0
/spttest/bwrbp6c5clbr,15c145d74b4e6bf7,1024,0/0
/spttest/cnp1o59o5lpt,171f294e13a12931,1024,0/0
/spttest/1jl53t0x016v,2d209f415365707,1024,0/0
/spttest/dbne8p0rprne,18564efbe61ae33a,1024,0/0
/spttest/k65eugy84zw4,24d82c51e7f8deb4,1024,0/0
/spttest/qn9ywnjkoubd,30ac52151254df79,1024,0/0
/spttest/fa1yuqiz5flg,1be8d0ff43fd8934,1024,0/0
/spttest/3n04407yypeo,6a5a32e28679320,1024,0/0
/spttest/zefejhp30g7h,40a9e7e86ee0090d,1024,0/0
/spttest/om864xzrtb50,2cf77427e80d54a4,1024,0/0
/spttest/wwi5dakbpvle,3c19dc5f86ce0732,1024,0/0
/spttest/18z8v7e8fmrx,2483eef5924510d,1024,0/0
/spttest/4s3ughdp37gy,8bb8b691cbb6592,1024,0/0
/spttest/areuch3044ff,13a8355f5fb3eb6b,1024,0/0
/spttest/tumkycooqk4v,3686a397eebea06f,1024,0/0
/spttest/kvszbwayyxrk,262568c3f6bc6970,1024,0/0
/spttest/m9oa34henxhh,28ad2d5bf14dbb45,1024,0/0
/spttest/x4d2evulcbun,3c7ff1007862a3ff,1024,0/0
/spttest/kkigzmmz2lw1,2592bc3354731651,1024,0/0
/spttest/8wz5a4fwph8p,10494097b1319f89,1024,0/0
/spttest/22ufrgrojn9z,3cc307d56cd2097,1024,0/0
/spttest/jry5kqre1u5z,241fb45cd7f908f7,1024,0/0
/spttest/ihdn6jjtqgd1,21c2cbfdf612ee55,1024,0/0
/spttest/l702wsag39ec,26b6da5a73868a54,1024,0/0
/spttest/rci8pqoyl6xm,31f4099c9721b85a,1024,0/0
/spttest/mloa98rx22kt,29490ce04421468d,1024,0/0
/spttest/2gsf3ifjtg9b,4814fa3de54668f,1024,0/0
/spttest/tjlzvp3fxyms,35f78bb2e041d894,1024,0/0
/spttest/c2t65qc7aw48,160fdfe73173b818,1024,0/0
/spttest/jq51xhe8jjtr,240837125efb3b1f,1024,0/0
/spttest/6ghn34fewip7,bcbe10e9fdf90ab,1024,0/0
/spttest/gs41912j7l0s,1ea6fbbf4e41f12c,1024,0/0
/spttest/dbwn02cfkvq,ad2821f4e7ab76,1024,0/0
/spttest/1hc3fu1jynwq,2b4cbd9fcc6e48a,1024,0/0
/spttest/f6y3oajqhu67,1bc0741fa618d8ff,1024,0/0
/spttest/ua955f11xa5x,37519e5d70fe26b5,1024,0/0
/spttest/18ncq0xkheuc,243f468f7969d64,1024,0/0
/spttest/rq2f8vsda7v0,32a42e12aeca534c,1024,0/0
/spttest/6ikfdjmt0ca4,be6dce450e8032c,1024,0/0
/spttest/gu5u3y6dvxdi,1ec19cacb6309fb6,1024,0/0
/spttest/f1yuqxtbq60f,1b7fc74e051aafef,1024,0/0
/spttest/rxpy7qs51t5y,3307980225dcbee6,1024,0/0
/spttest/v3bxirj0n8g3,38cb5057042ee683,1024,0/0
/spttest/1cgy7rklq95,117d2ab3ed4829,1024,0/0
/spttest/3onyjz70xnym,6bb3b04ba0e638e,1024,0/0
/spttest/y0mc29q4e1gx,3e22f14a483d3af1,1024,0/0
/spttest/r2xswqp007jk,3177c261f2e9ca30,1024,0/0
/spttest/42o0yn00erpw,7711aca083973d4,1024,0/0
/spttest/92xds903jk0i,10968d36f2b25f12,1024,0/0
/spttest/83e3a0pkhw0n,ec8f7467bc0d457,1024,0/0
/spttest/2ozno571huhz,4ebd644b7b521a7,1024,0/0
/spttest/hk3h7jay4mwc,20127b837af406ec,1024,0/0
/spttest/ore76ghpuq1f,2d3a93529a70fc53,1024,0/0
/spttest/b6lk2sk86c9h,146d78740fb09b95,1024,0/0
/spttest/kn3wrw9kmqg,10c1fa330778918,1024,0/0
/spttest/uimnnw1uzgqs,37be68b4eb1d8184,1024,0/0
/spttest/c05h1we5a26k,15ed588099c1868c,1024,0/0
/spttest/6ea3yuc7hf63,baf2ee93772de0b,1024,0/0
/spttest/nmmvg2uf8k49,2b292501d81eded9,1024,0/0
/spttest/5j1p8kj136ev,a197b3684625037,1024,0/0
/spttest/eh9kk8wtmvvy,1a72ded44e8987ee,1024,0/0
/spttest/rynl9bho71d0,3313bb492427eea4,1024,0/0
/spttest/3347fnc6blf,2817aafe027833,1024,0/0
/spttest/vutb54v0cgf6,3a304b7b37953a22,1024,0/0
/spttest/2q15jurukrby,4f95dc594ca915e,1024,0/0
/spttest/gdd0m1tn5ga0,1de76292a0527ca8,1024,0/0
/spttest/qnveoyow5ej2,30b40e51e1c778ce,1024,0/0
/spttest/ffs6x1axxhvl,1c33398b94fb51c1,1024,0/0
/spttest/4pgbjzs0djd,3d241bee813c89,1024,0/0
/spttest/gqqunais40pq,1e953cc26a04609e,1024,0/0
/spttest/u831v0xc5n9o,373571343fbd750c,1024,0/0
/spttest/5bjie2pvqfst,9b7fe38281af57d,1024,0/0
/spttest/3mw66iz7y71v,6a43704c1bacb33,1024,0/0
/spttest/qso0r2dmgit9,30f2564131a8cd3d,1024,0/0
/spttest/3sl4xhxt0f0y,6ee2b4c8ba4fd12,1024,0/0
/spttest/baidfrq9zzx5,14a0475707166199,1024,0/0
/spttest/5t0hczl17ay7,a9aef335cb9782f,1024,0/0
/spttest/klbdxx51w5a9,259d2b0f78a607c1,1024,0/0
/spttest/usqzqy2mlgzs,3841ddc114360748,1024,0/0
/spttest/kn0laqmv861k,25b34065ba458798,1024,0/0
/spttest/sd60anshxdme,33d03a1737365436,1024,0/0
/spttest/ee710gjkn1je,1a4afc299419278a,1024,0/0
/spttest/jnkxi8mo9rzg,23e6f9d808b225ec,1024,0/0
/spttest/1tf4of9iwn94,351c337088c43b8,1024,0/0
/spttest/ulr2jy6hqk48,37e6f827e0635158,1024,0/0
/spttest/hug62qhfcnlp,2098f44d61d8757d,1024,0/0
/spttest/b9uwwvggt6y4,1497d07895ec086c,1024,0/0
/spttest/lpbk0vem19u9,27a4ccef4a3ca611,1024,0/0
/spttest/yck08ekaumfz,3ebdf948409fc71f,1024,0/0
/spttest/1hekkw53rw75,2b5b0911d00f2c1,1024,0/0
/spttest/lhd48sst59zv,273d73213cd4aedb,1024,0/0
/spttest/w0coogg4n0ed,3a783b7e6eb025c5,1024,0/0
/spttest/egliku8pha8t,1a6a30e6f429071d,1024,0/0
/spttest/bsc8v0ht7q62,1587e0025753613a,1024,0/0
/spttest/uu3fx0pzg2g5,385358ea4fe7b765,1024,0/0
/spttest/e7qizjts5s5s,19f7187b34113dd0,1024,0/0
/spttest/2coxewmtq9da,44c1822ee4e86ee,1024,0/0
/spttest/o7xmo51i4lit,2c3dccee81a68bf5,1024,0/0
/spttest/8611y25u2022,eeb3ad716cf1eca,1024,0/0
/spttest/rvt6zoiw1chy,32eec91df8aadd86,1024,0/0
/spttest/410bj5duvmrr,75b8fd07706c707,1024,0/0
/spttest/xth4cj58n5ez,3dc622db5ff3e72b,1024,0/0
/spttest/kp06odzcseo,10cced10b4771d0,1024,0/0
/spttest/a4v9381qxne4,1283602fe44532ac,1024,0/0
/spttest/88i859kcmyi6,f0b6785a477842e,1024,0/0
/spttest/lwmcwcumw96u,28039f800c8ac486,1024,0/0
/spttest/6t4r30djhnbj,c7016dcd223974f,1024,0/0
/spttest/gtzbqvxnihkd,1ebf4359a086346d,1024,0/0
/spttest/m0h1cyztqeef,2835a914a70e9467,1024,0/0
/spttest/lnffq0t4b5wp,278c38db99208aa9,1024,0/0
/spttest/2bvjnjg0yq68,4417e26da47e900,1024,0/0
/spttest/c91e17v8353h,1660c69812e2d08d,1024,0/0
/spttest/bgixqrt2ql3a,14ee6afaec2cf346,1024,0/0
/spttest/g60zjv5u5dgx,1d881ea29dee9571,1024,0/0
/spttest/orouc6lq7toe,2d3e6a6d1ae2bffe,1024,0/0
/spttest/tzjyx2qmw1hx,36c6a49a38e1ad95,1024,0/0
/spttest/732jn41ju3tc,cf12f998d9605d0,1024,0/0
/spttest/nifwlz3gyvsr,2af2ac6379f9417b,1024,0/0
/spttest/8gh2jhp67186,f72e6d3abcd9bf6,1024,0/0
/spttest/a713y8a30wrz,129f77b9a4abf0ef,1024,0/0
/spttest/1b95yezf3m2o,265cda98e17cd80,1024,0/0
/spttest/6zyqfpsl6nz5,cc8d7ca3fc933e1,1024,0/0
/spttest/22mdwuhuyuob,3c948cbae8f71cb,1024,0/0
/spttest/qofltz35hw3y,30bb5800991a3dce,1024,0/0
/spttest/v2f4ene7dqh2,38bf79dae9841646,1024,0/0
/spttest/zjdkp7tq760p,40ea314205e9b839,1024,0/0
/spttest/xwbcmthjsit2,3deb05ad58d67536,1024,0/0
/spttest/964mypukwwsk,10c0231d962a4a04,1024,0/0
/spttest/vuryphex9x3a,3a2fcf354a3c18c6,1024,0/0
/spttest/sxttmz5g45qe,34dc9afaf95bea06,1024,0/0
/spttest/xtj4u71b5upp,3dc6dcda32bda9bd,1024,0/0
/spttest/gf2vpxou1eex,1dfdb4da0ded8d39,1024,0/0
/spttest/6pkrpyuaed16,c41e95d1ef91b7a,1024,0/0
/spttest/1faxr2yuqmge,29a666073857a2e,1024,0/0
/spttest/bghtjelewxqo,14ee03d2dfa054d0,1024,0/0
/spttest/o8o22fs4hw2y,2c47560305ada0aa,1024,0/0
/spttest/13hxidmbz8wz,2010d40db066ae3,1024,0/0
/spttest/d4xzohdgl691,17ff34e0401086e5,1024,0/0
/spttest/lt2gqxie985j,27d57a3dd6e87787,1024,0/0
/spttest/mrsnfjdwe0kj,29988fb177435e63,1024,0/0
/spttest/pdidjoga6plo,2e59d8c7dbfc911c,1024,0/0
/spttest/k5j1oj5mpzq0,24d01a70ad8cbb18,1024,0/0
/spttest/6fblfclotvua,bbcb554b0775272,1024,0/0
/spttest/k5t24tpwgigh,24d3b748a95db571,1024,0/0
/spttest/sr1851r90617,348459f85128638b,1024,0/0
/spttest/l1t0v4caev8i,26735c3de1948fa2,1024,0/0
/spttest/enpxg1kzvwra,1ac6b55133249a96,1024,0/0
/spttest/veujywy83wm4,3960ea64016b17dc,1024,0/0
/spttest/9ojjskic6lu6,11af531ff293080e,1024,0/0
/spttest/5xf5lgu3qzsr,ad42f90ec5c92bb,1024,0/0
/spttest/5vmkxcoxdeaz,abce2f6d3cdaaab,1024,0/0
/spttest/o1owjmco9y4c,2becb769b127fcfc,1024,0/0
/spttest/k1mcpb0pgc9,1045edaffc4baf9,1024,0/0
/spttest/zmgg0gn2vk4y,4112321af78f75b2,1024,0/0
/spttest/brnkyjzjj41d,157ef9d84b8baa31,1024,0/0
/spttest/9vx89bhulcs3,120f2f7b4e36e5f3,1024,0/0
/spttest/ronfax0ixk0b,3291c770057fc58b,1024,0/0
/spttest/aabljlrs128i,12ca3851cd49b992,1024,0/0
/spttest/y0d7cbqstt80,3e1fa5dd20532d30,1024,0/0
/spttest/l2usgt8icjrg,2680fcb059e8310c,1024,0/0
/spttest/u2tc3mwh1318,36f0fd8271cf169c,1024,0/0
/spttest/nk49m3xm9w3b,2b0873d91059b4b7,1024,0/0
/spttest/6feqswdipvao,bbdd83aeaed10b0,1024,0/0
/spttest/ilzl3yne9hl5,21feabce075e2b49,1024,0/0
/spttest/a83z2qwle0vk,12ad7d9464ebd0f0,1024,0/0
/spttest/3aprno0yermu,606087695122566,1024,0/0
/spttest/6dgmg9d5yunf,ba48b4a0a34d8ab,1024,0/0
/spttest/9713iliqua6i,10cbd95e6673410a,1024,0/0
/spttest/xg047mgbxarx,3d1723e8d59effcd,1024,0/0
/spttest/jsewgyhjmqt4,2425bf42cd182838,1024,0/0
/spttest/fbok8vnanqv7,1bfdf53e9eeeddc3,1024,0/0
/spttest/uzzh6a6p3o4g,389fda356abc4de0,1024,0/0
/spttest/rssavoed9tjo,32c77ef4d99662d4,1024,0/0
/spttest/603ii1h47ojl,af6f407428e7001,1024,0/0
/spttest/zhpnuz4kf33v,40d4934567cb917b,1024,0/0
/spttest/xf16xe6bj8kv,3d0a89fd40ba952f,1024,0/0
/spttest/o2bsfzwjlu7s,2bf4f95c6d37ef38,1024,0/0
/spttest/i54aev8l0jbt,21238cd5d02426d9,1024,0/0
/spttest/xikldeoi4s0g,3d3881d1829138d0,1024,0/0
/spttest/5dr0yr3ncnns,9d4aef7e5ad95c8,1024,0/0
/spttest/7srzxgcuglqr,e3f1a038712a013,1024,0/0
/spttest/m72tep5ooaxm,288b7451b5e2a95a,1024,0/0
/spttest/dgextuhi2ctc,18943435fc3e0360,1024,0/0
/spttest/4c6fdpkwqdqk,7eca5b929b4880c,1024,0/0
/spttest/apcjf75kzlvb,138d6617d7f15177,1024,0/0
/spttest/w6zlqk7jdzpa,3ace6ff4db4c24fe,1024,0/0
/spttest/11z2f99b6vbb,1ed419b4209e307,1024,0/0
/spttest/vq0ctyddzyj4,39f1e41c2f3a7a90,1024,0/0
/spttest/eotnma74obvn,1ad50ad56f2d7223,1024,0/0
/spttest/fzkfr0yqwxui,1d343665cd3b555a,1024,0/0
/spttest/tfmm6n8nol72,35c3cfe63e72084e,1024,0/0
/spttest/u7dht8i9p3fj,372c388e0812ce9f,1024,0/0
/spttest/3e94gcf5s6x8,633fc103664930c,1024,0/0
/spttest/txgpyzk4r9yt,36ab7e07471b6f35,1024,0/0
/spttest/cvaywnryw89m,1781ff1ce6ba0fda,1024,0/0
/spttest/uzin6e0a9r1g,3899c759cebe9b24,1024,0/0
/spttest/3ju1o77li0t1,67c7af14cd9f595,1024,0/0
/spttest/j4vjs9fygbkk,22f402cf5db82c94,1024,0/0
/spttest/t2mzu8jwh6gz,351b16993a198703,1024,0/0
/spttest/nyixcxtnuzmw,2bc39785d6bd2ae8,1024,0/0
/spttest/4m5if7dxm1xb,86e35b9ea1cf83f,1024,0/0
/spttest/c8w7gbd3tkt7,165ee7de4b1cf59b,1024,0/0
/spttest/usz7ap0ddxre,3844d41171a1292a,1024,0/0
/spttest/nmsf5xaampf0,2b2b2570bcf22c2c,1024,0/0
/spttest/ly817wosi6d9,28186ee46110acbd,1024,0/0
/spttest/fqzwfy2nvnjg,1cc4e370796b27ec,1024,0/0
/spttest/4q4ygzhnybez,8a1f7907a7ff94b,1024,0/0
/spttest/szavwhzb1aub,34efc04eb92e5423,1024,0/0
/spttest/8f4l2o1ih9p,6d5f57b4ff88ed,1024,0/0
/spttest/m8na5ubvp807,289fd3ed8a529fc7,1024,0/0
/spttest/mgqoe325xgra,2908f7984b71f016,1024,0/0
/spttest/fps2g19hldji,1cb512a34097bcce,1024,0/0
/spttest/9goo78e2ukpp,114942386b823e5d,1024,0/0
/spttest/rjbd1y0fbe1,165ae1513c3ff69,1024,0/0
/spttest/7y0jo02lmwbq,e8321e2a7e8ca26,1024,0/0
/spttest/w9svrutr8fi4,3af2fae62b722f7c,1024,0/0
/spttest/rdz12m1rja5u,3207158504413932,1024,0/0
/spttest/hc2410wi75m1,1faa1345b2512a29,1024,0/0
/spttest/49a41rqqrhm8,7c70259f96383f0,1024,0/0
/spttest/5c3boe1hy58,454f3b70d4a01c,1024,0/0
/spttest/uuaiuxiu9szm,3855e70a9cedf102,1024,0/0
/spttest/2wm4luvp4n6w,54ede9f4b790368,1024,0/0
/spttest/bp8na9cadg62,155f9bc607f69d1a,1024,0/0
/spttest/3r0pmwa94e39,6d9cf6f60b8b155,1024,0/0
/spttest/4696su052kus,79fb545fe5edb14,1024,0/0
/spttest/r6ymfu9pd1t,16138fa288d5f51,1024,0/0
/spttest/ezxyrokbyks7,1b657abd399798b7,1024,0/0
/spttest/cedz1j1drapm,16a643333f9eaffa,1024,0/0
/spttest/1yxaqv9nf86t,39943b2280b8235,1024,0/0
/spttest/xkxcliktw04i,3d57169ad6ed35a2,1024,0/0
/spttest/wcp8hk0qzd6u,3b18a1d141af0786,1024,0/0
/spttest/w645dvuudt3v,3ac31695bdcb1a9b,1024,0/0
/spttest/sx2k1r8t8wul,34d2c46ef333a54d,1024,0/0
/spttest/841o0zillj11,ed178fb89a44095,1024,0/0
/spttest/mvc0ejnm41da,29c683be969121ee,1024,0/0
/spttest/9z7g570hxk3k,1239d72aa5d84500,1024,0/0
/spttest/zesqo226do8j,40aeb7cf5656e9f3,1024,0/0
/spttest/owg33mwq7pyt,2d7c33e0e8fd7935,1024,0/0
/spttest/on61a0uga5oh,2d03ac358ef80341,1024,0/0
/spttest/ygskj2tifh5c,3ef50554deddca90,1024,0/0
/spttest/owhrv9nj46sj,2d7ccfcb84aefa63,1024,0/0
/spttest/x4jckf25y2po,3c82354376949f3c,1024,0/0
/spttest/moz25tey1olr,2973e7ed28479ccf,1024,0/0
/spttest/zfbcord7y6is,40b56eef85eac084,1024,0/0
/spttest/348b0s4vkrjw,5b1cbfaa264977c,1024,0/0
/spttest/92ts2u3hvsk7,1095406ac94a9f57,1024,0/0
/spttest/nd1iohahfjan,2aac89350595386f,1024,0/0
/spttest/kq9e5ktqobx6,25dd652744e6c05a,1024,0/0
/spttest/jzt0suoiqtxw,2485c4530616ac14,1024,0/0
/spttest/40n45g21km36,756cc1709e5d5d2,1024,0/0
/spttest/nojwvfu4y073,2b420e1396c5a17f,1024,0/0
/spttest/nzqzi9c3yvgr,2bd37d3c777876cb,1024,0/0
/spttest/s0vak9xnddmb,33307d4d6940b133,1024,0/0
/spttest/w49frwrm0cvs,3aab0491f4292338,1024,0/0
/spttest/yscgdws5wjna,3f8b13e392ac8076,1024,0/0
/spttest/i6m9659mcmrt,213705886dde6849,1024,0/0
/spttest/ux72ns0wy8t7,387ba0250338011b,1024,0/0
/spttest/48xu376opvml,7c2946065af8c5d,1024,0/0
/spttest/s2ogoh29ncwo,334800ee9b42a218,1024,0/0
/spttest/ii7lkvjfwfzi,21cd9aede582a3ee,1024,0/0
/spttest/ahsrqectyal3,132b5741759fb717,1024,0/0
/spttest/5977eefqy841,999931628efb391,1024,0/0
/spttest/7zn6rw4g2fap,e984a88a40b19f1,1024,0/0
/spttest/v3urwcm43cw1,38d21ce8fb72c001,1024,0/0
/spttest/iao1auc09pib,216b9f1ad219f963,1024,0/0
/spttest/1k89oc16qk7r,2da622633fb12d7,1024,0/0
/spttest/soy1lylotmfb,34693998c05002c7,1024,0/0
/spttest/cl3k3bbcspf8,16fd6df4928d77b4,1024,0/0
/spttest/3rxivqzp8c7t,6e5a641eea274d9,1024,0/0
/spttest/gvkgvs1a2b8p,1ed3e1847a3c1369,1024,0/0
/spttest/jn2196l893g2,23e02877058695b2,1024,0/0
/spttest/piwls2u61ur8,2e9fed583cbc6ff4,1024,0/0
/spttest/piofduit9dxr,2e9cf9fd610993cf,1024,0/0
/spttest/ltphn6jezpn3,27ddc9027c51868f,1024,0/0
/spttest/jd4ywm8u4uu0,235f52f9a9ced318,1024,0/0
/spttest/184znh9984hi,23d543eb63705b6,1024,0/0
/spttest/xdbmln7qq4qh,3cf4535f987f2079,1024,0/0
/spttest/1vttc5tw7qkk,3710a278d858644,1024,0/0
/spttest/k2ugi5xnq1tv,24ad40c0eb12f6c3,1024,0/0
/spttest/llgea21b603y,277297024643750e,1024,0/0
/spttest/4jo47vta6fzk,84df48285542470,1024,0/0
/spttest/59k3ets7g759,99e39a415d82f2d,1024,0/0
/spttest/1mfdhc1fuwje,2f6ed012ff1133a,1024,0/0
/spttest/e46291po72k0,19c8be679d2f74b0,1024,0/0
/spttest/b6j5z0xsze7r,146c9b870349b2b7,1024,0/0
/spttest/o8ee9sxalpm9,2c43d9a4cabae2f1,1024,0/0
/spttest/uhrqclmq6rsf,37b3402f15f6942f,1024,0/0
/spttest/pdnoah5ike9u,2e5bc2308ca39b42,1024,0/0
/spttest/mc0c8vepkvn6,28cb81d52f657e32,1024,0/0
/spttest/srdczln3qhjh,3488bad45de38a4d,1024,0/0
/spttest/qatdjy6clqev,300a76529d42bcf7,1024,0/0
/spttest/crb1np0oottc,174e1124f39614f0,1024,0/0
/spttest/afr7wqgijowm,1310cd8288b836d6,1024,0/0
/spttest/2vpc8loacf3x,5430a0d4026d17d,1024,0/0
/spttest/5o5r1y64i95j,a5be3a116a0bad7,1024,0/0
/spttest/gff57f9e6lhj,1e02219bf171f447,1024,0/0
/spttest/2inzowycq8wp,499b1274c470399,1024,0/0
/spttest/lljbs54yuz01,2773a5b48df94eb1,1024,0/0
/spttest/84f86ukl1n4c,ed65d80d52d904c,1024,0/0
/spttest/laa3yytyri1m,26e17086f7ef2a1a,1024,0/0
/spttest/jvxy731qj8wf,24539674a389a1cf,1024,0/0
/spttest/3su6sk5ke1ab,6f16f648d8a0603,1024,0/0
/spttest/5u9cn0zcbagn,aab1fa879c7c1b7,1024,0/0
/spttest/pg00bkiqvb5q,2e7a2ffd474a2c3e,1024,0/0
/spttest/8wdap8bp69re,10415e659b34fbea,1024,0/0
/spttest/aykozh66nt1y,14053e9fb3e560d6,1024,0/0
/spttest/2pvvnxa24bx3,4f7769013248f57,1024,0/0
/spttest/389vnubf45n1,5e652555de7108d,1024,0/0
/spttest/rx8kl9oi7e6f,330152ca8e48c587,1024,0/0
/spttest/3iajbvgw1f29,66873a069aa1281,1024,0/0
/spttest/2znzl2k9ndrk,576823e72947e70,1024,0/0
/spttest/aulvr5llyqhx,13d1b755234173a5,1024,0/0
/spttest/a3awssndkbd9,126f0c086aad1f8d,1024,0/0
/spttest/1gkkku5867f9,2aadd83ffbb8715,1024,0/0
/spttest/qmusv67nmrbn,30a6d90ef23046d3,1024,0/0
/spttest/5yaky3tg84k,4d51f46721d624,1024,0/0
/spttest/lljlma9xvl6u,2773bef217f52206,1024,0/0
/spttest/dnybxqo7bjyg,18f62033ff8be0c8,1024,0/0
/spttest/ob169nbw7n56,2c660c16e3334cea,1024,0/0
/spttest/gtanz0r97e9x,1eb65d835facf905,1024,0/0
/spttest/thqacw0gxigr,35df1d8a9980ebbb,1024,0/0
/spttest/m3z4v7fx4dl8,28632879e823aacc,1024,0/0
/spttest/opqnej1kxyur,2d2516db1c1816b3,1024,0/0
/spttest/5fhib7q41nv3,9eb3a4e4f088b0f,1024,0/0
/spttest/1u3vh88t2sxh,35ab0d0f0e41bf5,1024,0/0
/spttest/p0vuijch55y,1450d21e6a38c66,1024,0/0
/spttest/sarkyun2xtgn,33b10b17e6987167,1024,0/0
/spttest/9an9aidyeffh,10fad00f00ce9b9d,1024,0/0
/spttest/o49fx7n1pw1k,2c0e1b027f437b78,1024,0/0
/spttest/qxdgvj4nx6k1,312f79dbc35b9671,1024,0/0
/spttest/76cdn458ti0k,d1bb3a86df83c74,1024,0/0
/spttest/23043yob7dpg,3ce3ccce44d6c24,1024,0/0
/spttest/e1bqy9xqcw6,b6541b6591e8c6,1024,0/0
/spttest/yfa1wi8iho2i,3ee159a750ff261a,1024,0/0
/spttest/3ktdb1n5zcpb,68939aed42adc0f,1024,0/0
/spttest/89g7rdd2ndek,f17ab0d4fd9c99c,1024,0/0
/spttest/yr0tcf11vevc,3f79e3764bf49208,1024,0/0
/spttest/r41ay7u17mfh,318603088caa364d,1024,0/0
/spttest/zvslfnuc8k4e,418b7bbf407e0bde,1024,0/0
/spttest/dcg3506m9lr2,1860a92d2834c45e,1024,0/0
/spttest/ao7y5lv5dr7y,137ec0cc61e55c0e,1024,0/0
/spttest/v54d2v8tclom,38e28fd3b591c5c6,1024,0/0
/spttest/4wp1rj6908ac,8f726eb2bea9af4,1024,0/0
/spttest/d8ggb6hm6ll0,182cd5f1dd948cc4,1024,0/0
/spttest/7z6001v0r29t,e9216e509543041,1024,0/0
/spttest/b19bup1g16b9,14281ca5bac89a35,1024,0/0
/spttest/wkjc9iw9fpso,3b7e6b5a3f7db958,1024,0/0
/spttest/gmp5l3dtoouw,1e60ab101f7494d8,1024,0/0
/spttest/uzwxckdpfw48,389eee9ab34f9d58,1024,0/0
/spttest/1m32v2qxqsjy,2f27d576d0b5c0e,1024,0/0
/spttest/87jwptf2nqoz,eff05ad57e8d4e3,1024,0/0
/spttest/9s9k797oij6d,11dfad8418d21595,1024,0/0
/spttest/brn6p4hm4det,157ed540755e56e5,1024,0/0
/spttest/24w40rkacm54,3e6c59cea88c518,1024,0/0
/spttest/7oq2v8cw6p45,e0a73ca12c4d4a5,1024,0/0
/spttest/5a5wca9w6pfn,9a61799c33e4a43,1024,0/0
/spttest/mab9x811jcdw,28b579687a55ca74,1024,0/0
/spttest/3jq0iu0nzlyw,67b0685770330f8,1024,0/0
/spttest/22q311evz5fj,3ca9e580050cd3f,1024,0/0
/spttest/9p5s4v55sr15,11b758a0f3d5c0d9,1024,0/0
/spttest/fij6xjjt3g1a,1c56f209914a4cee,1024,0/0
/spttest/1h5boxfe344c,2b25a72bfbeb19c,1024,0/0
/spttest/mxgj73x3qk2h,29e21ff36542df19,1024,0/0
/spttest/g4ut74221liy,1d78e6dd8b4ead3a,1024,0/0
/spttest/rypl9dfe16ai,33147406a9b4501a,1024,0/0
/spttest/bw3asd50buji,15b89aaa27c6735e,1024,0/0
/spttest/1fv6a7bfnufb,2a1b3a1733064c7,1024,0/0
/spttest/awnt31uhgsr9,13ec63bba551ae95,1024,0/0
/spttest/ru0pttzhk6ic,32d78583afb18af4,1024,0/0
/spttest/7dgm0fasv1o2,d78276724860e32,1024,0/0
/spttest/pemwu1f52dqd,2e6878ffaab40305,1024,0/0
/spttest/84jzxfuptw44,ed81625c95c68d4,1024,0/0
/spttest/go2qrlkp5g0i,1e728f73b5187952,1024,0/0
/spttest/oog623yozgf8,2d145169cd49cde4,1024,0/0
/spttest/46wpoxf5s8ka,7a83236ee53eb5a,1024,0/0
/spttest/m2hg4zlu1sve,284fc9830e5dca6a,1024,0/0
/spttest/hawnzu4v6cnt,1f9b1f097e873499,1024,0/0
/spttest/8lvkhb7c3zlf,fb9144b6b28cef3,1024,0/0
/spttest/c0zj7an2e7fo,15f83110d56b7b24,1024,0/0
/spttest/nddb7052zu5t,2ab0ca6b8294b971,1024,0/0
/spttest/b67frh9o7kv7,1468603a7de81163,1024,0/0
/spttest/vnnjpx4xziss,39d34a7b8165eaec,1024,0/0
/spttest/1s4f8vxzmwp8,340e9061cf4660c,1024,0/0
/spttest/jeeifqzqo5c3,236fc1a8dd675703,1024,0/0
/spttest/4edoq73tvnkr,8093ecbe565a21b,1024,0/0
/spttest/f7m1fn6lqf7y,1bc91736a4860c8e,1024,0/0
/spttest/i9bcv9hfrl38,215a0ebd6d224684,1024,0/0
/spttest/fnbajzbq97qs,1c950aabf129e574,1024,0/0
/spttest/pyyz7qd9id5n,2f709ca8e254701b,1024,0/0
/spttest/f5zr0zt7vep9,1bb40f274944872d,1024,0/0
/spttest/uekmbhq4uc9o,3789b77e7033959c,1024,0/0
/spttest/oif0zy2zd300,2cc5f88584be7b70,1024,0/0
/spttest/k34gydt7bg5i,24b0dd978a487186,1024,0/0
/spttest/m94u0elrlafu,28a6291dc023771a,1024,0/0
/spttest/foadyfj7k1f3,1ca1b44991e7472f,1024,0/0
/spttest/5s4es4s6mp2j,a8f5ccc83fd1e6b,1024,0/0
/spttest/2nsuk4p85k3b,4dc641bc1c240f7,1024,0/0
/spttest/7h2tp0liu8qj,da722fcd3bb8dbb,1024,0/0
/spttest/s3ogbsivigdx,3354fd48f219aa75,1024,0/0
/spttest/eycntrh1triy,1b50cdac8beea59a,1024,0/0
/spttest/llpdvmrya4l,1189b42191faac5,1024,0/0
/spttest/15r9s4se6clv,21e6690cd458353,1024,0/0
/spttest/qcxj4ygvday2,3025f0a2a65e57aa,1024,0/0
/spttest/ehurrek4g031,1a7a8508720d586d,1024,0/0
/spttest/1pkngt0vhtlp,31fcc3c7a26ff1d,1024,0/0
/spttest/q0j07hwwt4ih,2f84d3d4908d2c19,1024,0/0
/spttest/qckq67u3z2g6,302151e6049e0226,1024,0/0
/spttest/ieqfgo13g3hz,21a071344d977cb7,1024,0/0
/spttest/t2c2jo6205i4,3517257dfdcd75dc,1024,0/0
/spttest/6ouudbljsr55,c388e95e4ffcf69,1024,0/0
/spttest/2gan195fv8rr,47ae56089f0b127,1024,0/0
/spttest/sfwtpz5amm8c,33f3e1ad81b6080c,1024,0/0
/spttest/xedvbkkrc2pq,3d021fbda21e63be,1024,0/0
/spttest/26mmkzpdob27,3fd5411d582aeff,1024,0/0
/spttest/tzfhzeaweo04,36c507ad32fb9904,1024,0/0
/spttest/pn3n0hfujil5,2ed66c1d39c16ed9,1024,0/0
/spttest/hx6qjs4za8kx,20bc84ebae195cf1,1024,0/0
/spttest/rlfk57tx43xr,3267f924e7a5f1ef,1024,0/0
/spttest/hk0qoetb14c0,20117eb423022b30,1024,0/0
/spttest/hsutky60kgzd,208443415f008af9,1024,0/0
/spttest/5u3xeykui2oh,aa92ac154972c11,1024,0/0
/spttest/v05dbhjwkxbj,38a1fa86a2bb01af,1024,0/0
/spttest/ccpi9lr4hr9v,1690721017150453,1024,0/0
/spttest/cvwpq50sixmb,1789d7a84bf1e6b3,1024,0/0
/spttest/xrca9k5gvsyl,3daa69af659d685d,1024,0/0
/spttest/gokfkymu190y,1e78f1623827f9f2,1024,0/0
/spttest/v6mk335y3cxx,38f61db03192ea45,1024,0/0
/spttest/97e4engmtivx,10d08c70c0f10add,1024,0/0
/spttest/g9zot2hkir6d,1dbb9bb9e9923215,1024,0/0
/spttest/reuf6itriotv,3212692282917d33,1024,0/0
/spttest/9pvmpt0k6r81,11c0ac4d02207351,1024,0/0
/spttest/hmf8ns5ys308,2030b48305221438,1024,0/0
/spttest/t9mfh0v9afzj,3575cf236221346f,1024,0/0
/spttest/xfqtu5kqbura,3d13c9fa3fb36a76,1024,0/0
/spttest/qju1auahmm07,307f9a901f0991e7,1024,0/0
/spttest/qma96080l2eq,309f6f2664aa9f72,1024,0/0
/spttest/gnra11n53b2h,1e6e6c74cbca8bc9,1024,0/0
/spttest/4vwaew4t1qzk,8ecc66e48568be0,1024,0/0
/spttest/legpg8u9gm9w,2717c6e062a735c4,1024,0/0
/spttest/yrec7gjzdo1t,3f7ec4a5543daa01,1024,0/0
/spttest/gte40jlqcnk3,1eb79bc76f4d0043,1024,0/0
/spttest/26cexwgomzz7,3f9a4c7f4c7f7a3,1024,0/0
/spttest/ojb1p6fnbtac,2cd1861a88911c04,1024,0/0
/spttest/l82wdw5icuex,26c4dbf93b2eeaf9,1024,0/0
/spttest/nsh3r76hodb8,2b74ffa82fb61264,1024,0/0
/spttest/5tita377yhgo,aa18c6968e71fe8,1024,0/0
/spttest/d67a96jdw1o2,180f8c947a4ec972,1024,0/0
/spttest/4uyi4gz26f2c,8e095b1b0003fc4,1024,0/0
/spttest/uqqay81yrmkz,3827a39d63e4b113,1024,0/0
/spttest/iwwuvrnb9f8r,228c919910b3cc6b,1024,0/0
/spttest/vewioaotulzt,39619fcdf77b07d9,1024,0/0
/spttest/ecmjoy44ec7,ba67dd2b81ad97,1024,0/0
/spttest/9ukr85ju18b6,11fdb21ac9f43a52,1024,0/0
/spttest/669arapifmjr,b46f9e96187d5e7,1024,0/0
/spttest/701f9tid2koe,cc9d04038569a2e,1024,0/0
/spttest/pm8bwvppvj1s,2ecb2037db271f30,1024,0/0
/spttest/50sciv837etm,92c4ca80526b9ca,1024,0/0
/spttest/l786t5xeeqe3,26b9c74de79eff1b,1024,0/0
/spttest/u77s0vjmo34h,372a288c36ea17d1,1024,0/0
/spttest/87ycju76acnp,f043b7580024095,1024,0/0
/spttest/3hqtpxbvok3g,66156ebccfb56bc,1024,0/0
/spttest/af7y8djgakmu,1309d9af64cf92f6,1024,0/0
/spttest/fy1bcawry4yd,1d2052d4f0d16895,1024,0/0
/spttest/vbi0gxpwizma,39356c2b96d8b8d2,1024,0/0
/spttest/yoapkpmj5tsp,3f567db3ccfbc119,1024,0/0
/spttest/njftpvfztlf6,2affa239cee5e0b2,1024,0/0
/spttest/mciwnukwmouk,28d234d8209cb74c,1024,0/0
/spttest/3snvqtjfrmel,6ef28d5f2e0952d,1024,0/0
/spttest/ttpdgvkkwspx,367aa83c4914ad65,1024,0/0
/spttest/f8a71ptgda9s,1bd1ce74111de940,1024,0/0
/spttest/x1i2jisha52i,3c5ac76742ecb92a,1024,0/0
/spttest/q0w4i5pz5frf,2f898fa3f5feb60b,1024,0/0
/spttest/xuaduoq6ypp3,3dd0b1ec06312497,1024,0/0
/spttest/jx9mgryqqimk,2464ca0859ebb2cc,1024,0/0
/spttest/j1189iu5eus5,22c21a6ef0e55055,1024,0/0
/spttest/2x8s76y57q1a,5570b41d9698c8e,1024,0/0
/spttest/s89e7oe8ob2r,3390809ec0a28e13,1024,0/0
/spttest/h6gw12n9hear,1f6178bb913427a3,1024,0/0
/spttest/1eh3egggx7eo,28fa1d309bb73c0,1024,0/0
/spttest/6wja1itgjuta,c9c4c6e9a3026be,1024,0/0
/spttest/k4fj1fbfj6sq,24c1d83f6a72542a,1024,0/0
/spttest/m7rj740tnb3d,28945f539f96d4e9,1024,0/0
/spttest/4htfx62959cp,835e5dd02334f99,1024,0/0
/spttest/am1rgo5u7c4o,13628ae74bb7cb28,1024,0/0
/spttest/9sqx7sg4y9ic,11e5f12b5e2ba8a4,1024,0/0
/spttest/3upae0v2lm91,709a54acbd201e5,1024,0/0
/spttest/s5mkpghl1xwh,336e4a4c8d81bae1,1024,0/0
/spttest/m6248dki8w8t,287e36779eba473d,1024,0/0
/spttest/io86n0fayjbu,221bc080dbc63c5a,1024,0/0
/spttest/w4ab4hwqortr,3aab5501ae9c8cdf,1024,0/0
/spttest/9vma46g22fsi,120b3c323aa49e72,1024,0/0
/spttest/59bczwsqc7d0,99b12ebe839ba44,1024,0/0
/spttest/pzbgfip6lc6y,2f751d407f43dafa,1024,0/0
/spttest/q8b8lwstd1dy,2fe9f07de58bb546,1024,0/0
/spttest/7dt90bfu20jq,d7cb6d3c4349946,1024,0/0
/spttest/zikz8d9a77pv,40dfdfdd61ae00d3,1024,0/0
/spttest/8avzoh1ijz3n,f2a5977c1db3e73,1024,0/0
/spttest/eiu52rdzwx73,1a8748160872f70f,1024,0/0
/spttest/s6ajbfj09hi5,3376ef9244da9cdd,1024,0/0
/spttest/ckkv0ah9yzbm,16f6aef787aa1452,1024,0/0
/spttest/6qgblrl46nio,c4d4bcba6a7a490,1024,0/0
/spttest/xdbg8tt82ntt,3cf44310b3965121,1024,0/0
/spttest/opvbvqgho6wb,2d26c7224d7789eb,1024,0/0
/spttest/fqxbtlrxcpv9,1cc3f5cb7b4eaaf5,1024,0/0
/spttest/k9bg6vij893r,250151bfdd50cb17,1024,0/0
/spttest/3mpdvc8gbxb8,6a1c42b79472d64,1024,0/0
/spttest/ncrw8smu727v,2aa91053e993bcfb,1024,0/0
/spttest/gc5y1z7x0on5,1dd7d82d199c29c1,1024,0/0
/spttest/l59x67jj6rk7,26a06ccc9a09e007,1024,0/0
/spttest/bwkf9e6a7e2,9aa202db1751ea,1024,0/0
/spttest/xks9vuci4h8z,3d5541cd6316d253,1024,0/0
/spttest/oyfl65y4c2fj,2d9600635c7ab34f,1024,0/0
/spttest/gz8n43rm7z7w,1f03921d1566000c,1024,0/0
/spttest/akim6d49ml78,134ea5162f289dd4,1024,0/0
/spttest/5m005g8w8y09,a3fd63f7cf7de29,1024,0/0
/spttest/62xcaruekpzb,b1bb1ad29b9f687,1024,0/0
/spttest/5adufxo9xc81,9a8f5acd6769521,1024,0/0
/spttest/y0tdtuhwe2ih,3e257c662bf52839,1024,0/0
/spttest/lnc8427utqhl,278b103a36afa559,1024,0/0
/spttest/97ptdjtbdmw1,10d4c48ea6b0a421,1024,0/0
/spttest/bhrvxoeypmcs,14fea2e964f9576c,1024,0/0
/spttest/xkc56xuygkoe,3d4f6fdf57ddf6ae,1024,0/0
/spttest/o4j4eqtjif34,2c11992700f7c3e0,1024,0/0
/spttest/72bwm08eeefh,ce792ef03ebae8d,1024,0/0
/spttest/nkjyt5675q3w,2b0e1e047b8de26c,1024,0/0
/spttest/9g1yqvbwk6im,114110cee8a2f9fe,1024,0/0
/spttest/orjyt43d0wq6,2d3ca80e05453eae,1024,0/0
/spttest/zudlx70m2mji,417916375ede649e,1024,0/0
/spttest/tqpzjrvstys5,3653e91e7b893d55,1024,0/0
/spttest/i9lgqdzxxh1r,215db4568ce4518f,1024,0/0
/spttest/9rh9emhlpmaz,11d57781bba1362b,1024,0/0
/spttest/xbvoqv1ix8pg,3ce195ba6d991054,1024,0/0
/spttest/os8a7ojdrrj,141edb9fcd010cf,1024,0/0
/spttest/a3m4hpt6cby6,127317d1f95df17e,1024,0/0
/spttest/hdkod9c8wrsg,1fbdc358521cdcb0,1024,0/0
/spttest/r27m0kuvi48n,316e4f1f10a5dcf7,1024,0/0
/spttest/4r7hkmkcaj5,3dc62eb2d5ec51,1024,0/0
/spttest/5sehai1btnjm,a92feec09304b72,1024,0/0
/spttest/peip7tca5xe0,2e66f3fb33fdc248,1024,0/0
/spttest/nflw8b3awlab,2acdddda91d319c3,1024,0/0
/spttest/yxm899iao948,3fcf8cff6228e628,1024,0/0
/spttest/34ka44r5mn9p,5b61e122aaed04d,1024,0/0
/spttest/nqo54lhv9jiz,2b5d8f3deb907e1b,1024,0/0
/spttest/zloyz7h0jgsg,410848747d00efc0,1024,0/0
/spttest/j483xbig8jd9,22eb8da5fa3e9c0d,1024,0/0
/spttest/thif8yv7fb7w,35dc47251b71498c,1024,0/0
/spttest/fe6vkeus9n70,1c1e8b6e9d1a91ac,1024,0/0
/spttest/2zmd0sdbuob0,575ebfb9a04d58c,1024,0/0
/spttest/1ltwn51zxdnx,2ef2e1127aa7a6d,1024,0/0
/spttest/e4wu7tr7lz9v,19d267bbe6a8e8d3,1024,0/0
/spttest/3firpzza52hv,6447455db0ec1e3,1024,0/0
/spttest/vg6nwyrixif7,39724630c2cb9983,1024,0/0
/spttest/kklnpkph2fq8,2593e28c977bf120,1024,0/0
/spttest/gv6uh3d6gp4r,1ecef73c86e56d3b,1024,0/0
/spttest/s7q6a6q3stcq,33899146acdcee9a,1024,0/0
/spttest/2c6x4rcyl6nr,44598c8f0ced6f7,1024,0/0
/spttest/pko3chpuv76,14c3099b8e31672,1024,0/0
/spttest/5d2qkyb8eg2j,9cbeb7d392b7cdb,1024,0/0
/spttest/si7t6fnz0xoe,3411d2d96246d97e,1024,0/0
/spttest/nj1hiyv1fjdl,2afa75c9f3442cd9,1024,0/0
/spttest/8k1hb4xn5d0v,fa13bda6b7e6c2f,1024,0/0
/spttest/u65qycn5s77f,371c6fcf0a20347b,1024,0/0
/spttest/tg3ge4fwazb1,35c9e34c3a2b4d3d,1024,0/0
/spttest/cbyby7s822x,a02f3846e8b489,1024,0/0
/spttest/i9a99kk9k00y,2159a920d8883622,1024,0/0
/spttest/823cjfw5hb4g,eb819bb4329a790,1024,0/0
/spttest/vu9bnc1k9ldp,3a291569e03d8c7d,1024,0/0
/spttest/i61nshwc668y,212f975055668122,1024,0/0
/spttest/kl0627sv6gt3,25991eca28d4f997,1024,0/0
/spttest/i42xo66rgjjo,21161284a618f9f4,1024,0/0
/spttest/8khs5dq903ly,fa71d8ef9667346,1024,0/0
/spttest/dwkwdu8ve6lr,19662ed247d6d7ef,1024,0/0
/spttest/e3621q6z22ey,19bbc0a0557233ba,1024,0/0
/spttest/uhux6d7uq4j6,37b466ce0b604372,1024,0/0
/spttest/d9e9bzrjfdzi,1839088ffffe238e,1024,0/0
/spttest/7skkczb0cigi,e3c6b7d789c2472,1024,0/0
/spttest/mmv3jjigssmy,29587f7be43a07fa,1024,0/0
/spttest/qvw709gwgte5,311c41055f58e8cd,1024,0/0
/spttest/luxii2u5kk3b,27edab6a1b229fb7,1024,0/0
/spttest/509x64bcogay,925a6a1f600c08a,1024,0/0
/spttest/mu51uujfakut,29b703a342c68315,1024,0/0
/spttest/u1q5ojhcoe65,36e2daad730afdbd,1024,0/0
/spttest/5wvd5s3w81gu,acd0b9c082fc56e,1024,0/0
/spttest/lucqbfccziv3,27e62bbbc7b5363f,1024,0/0
/spttest/39s5iejrvhge,5f9e77d23dcf11e,1024,0/0
/spttest/6xtpjn1fxx8t,cad0d2632d9698d,1024,0/0
/spttest/xze1wjmkebzp,3e12f70588f41035,1024,0/0
/spttest/bx1ea3hmlkvn,15c4e82563f5c6f3,1024,0/0
/spttest/azixdhvrk2d7,141198ab690e6ffb,1024,0/0
/spttest/cyx2gao0bivw,17b0f014cd28345c,1024,0/0
/spttest/7j5v225dr9nm,dc23619e7236aa2,1024,0/0
/spttest/pnp8eibrc13g,2ede36ba7134378c,1024,0/0
/spttest/ssyrv8n3mafp,349d71fecd86bd55,1024,0/0
/spttest/4bcwrgnebnkw,7e1ff4644359620,1024,0/0
/spttest/i3x2pn0hlkx8,2113f53e0177be2c,1024,0/0
/spttest/cfovd04ysgpz,16b72f0ff25e75a7,1024,0/0
/spttest/taatqxppk8mz,357e9c9a7e81b5bb,1024,0/0
/spttest/vye00pxe9esx,3a5eba7241dd3531,1024,0/0
/spttest/5v8stacl1coz,ab7ea0b9a6abb83,1024,0/0
/spttest/ga8td7orbegu,1dbee6bd40db28fe,1024,0/0
/spttest/w7wysrlt4kdu,3ada799ef0a1a132,1024,0/0
/spttest/zkdjthw4seq8,40f72c40fd538d90,1024,0/0
/spttest/4mdqiejx87q0,8712d6d2baf2618,1024,0/0
/spttest/k8uexe7fpde1,24fb2c3f732c1b09,1024,0/0
/spttest/ng20qcd4v8ku,2ad3af4b51e6552e,1024,0/0
/spttest/42fxvdfdzcdj,76e2fe9c2b08267,1024,0/0
/spttest/vo23i088rop5,39d88a63b4a15dc9,1024,0/0
/spttest/4b5ilvuwofnm,7df5460d6b8ed42,1024,0/0
/spttest/2j23mrrdlxyu,49ec86b51a74836,1024,0/0
/spttest/o2vfzxswj1gi,2bfc10cabe7a6e22,1024,0/0
/spttest/ug40pjvigs1p,379db4ab97858ffd,1024,0/0
/spttest/g45jub56wwyg,1d6fc9a79fbe98d8,1024,0/0
/spttest/lmozvjoriat6,2782ae9feb3b523a,1024,0/0
/spttest/pwgjc6bg8fsw,2f4ffac8307d7e00,1024,0/0
/spttest/iuh6uxg0nknu,226cefec14b1985a,1024,0/0
/spttest/d6plgbbdzn5e,181627f0ba9e48f2,1024,0/0
/spttest/rg40xviubq76,3222dd896301ef62,1024,0/0
/spttest/7lazklyh1swa,dde0a0a85a3118a,1024,0/0
/spttest/i356bgwahoq9,2109e42f44c92171,1024,0/0
/spttest/uqqe2vqb5lgb,3827aba4e507fedb,1024,0/0
/spttest/5vg3prlp5b5o,aba8c988141e4bc,1024,0/0
/spttest/5nwbgc327j3g,a587c49b1dc4a6c,1024,0/0
/spttest/rx73d38jpaeo,3300ca38c2e383f0,1024,0/0
/spttest/aba0gccmgvos,12d6a31815f04a6c,1024,0/0
/spttest/bili0u7sbfow,1509524366da1c30,1024,0/0
/spttest/1n73ynk5hzfs,300eee45abfb2a8,1024,0/0
/spttest/4rhz753chz58,8b3a778efd6542c,1024,0/0
/spttest/u7twlc4msdw0,3732245ed6069b50,1024,0/0
/spttest/tbsf1motefft,3591f2c3946982a9,1024,0/0
/spttest/vt0e3b3cxdhn,3a18df1cda09aa8b,1024,0/0
/spttest/xmsccm62ydtk,3d6f42a48b5df478,1024,0/0
/spttest/qmogoz62gfdd,30a48f9e3123fbd1,1024,0/0
/spttest/i1byp48lawue,20f25cb2026599c6,1024,0/0
/spttest/zzev7fiif4by,41ba7cb095c44dae,1024,0/0
/spttest/5p75k3rdifh5,a6962781b54c7d9,1024,0/0
/spttest/5evh61yohfyt,9e3474560bedb15,1024,0/0
/spttest/lgc9yzo2r3my,2730283350a29d2a,1024,0/0
/spttest/5mg46t95j63e,a45a68002bbde9a,1024,0/0
/spttest/sp3wqc4rbl5e,346b574a01ca0ad2,1024,0/0
/spttest/9czwx2bmqa87,11195b9c891bf847,1024,0/0
/spttest/au1yguxix4et,13ca86ee6541ea95,1024,0/0
/spttest/t038axzlpmti,34f9fa6fed5470c6,1024,0/0
/spttest/8jraio39pzqb,f9d8ebf42d91623,1024,0/0
/spttest/x1cmy7nwyl11,3c58d18e80856af5,1024,0/0
/spttest/h4hvo23y3rfp,1f47d9a8ed511ba5,1024,0/0
/spttest/4jntxtgcrlrf,84dda22760582eb,1024,0/0
/spttest/pecmx6cy8nnj,2e64c3e1cc33dbbf,1024,0/0
/spttest/g3fmr1aqw2a8,1d666f8b65cd6590,1024,0/0
/spttest/nj3gvwwg8v9b,2afb2ce1d92ca03f,1024,0/0
/spttest/cg9i6x3za26e,16bea101ae04a886,1024,0/0
/spttest/pbkdysoj4rjg,2e409814c7e0f76c,1024,0/0
/spttest/reaebxrvvhlj,320b2f97124405d7,1024,0/0
/spttest/tfvg1rxfkq18,35c6ff78c71f43cc,1024,0/0
/spttest/og35712scrh0,2ca7b45b6e8fca14,1024,0/0
/spttest/ke3ghf4izgfz,253f61d6b6a14fff,1024,0/0
/spttest/grptqx27kceb,1ea1db572fbbbac3,1024,0/0
/spttest/flc467c8dwxg,1c7b5c2658498ff4,1024,0/0
/spttest/ta8czu7oy5ry,357db8e2188c85be,1024,0/0
/spttest/k0vs5h2gpvfk,2493c07e48611360,1024,0/0
/spttest/r3n65lm8aniz,3180e99344d4459b,1024,0/0
/spttest/gq49bqsvpnls,1e8d15f41e8412c0,1024,0/0
/spttest/qajl5rpgjcqf,3006ee27ec60cb37,1024,0/0
/spttest/asecc73ybc52,13b5046ce827d036,1024,0/0
/spttest/1v9bgrodg12o,369a4ef1221a670,1024,0/0
/spttest/h2dlfwrd5f3n,1f2c536f511114b3,1024,0/0
/spttest/8zkweiuwwmwf,106b146dcd2133ef,1024,0/0
/spttest/g2ktekvkelbm,1d5b5133a4269372,1024,0/0
/spttest/1lxxdq3k5cpc,2f0a16f491a2f90,1024,0/0
/spttest/w8spdvhzt4dg,3ae5ed404e0fd264,1024,0/0
/spttest/ft123qk411ru,1cdf48d87ab4733a,1024,0/0
/spttest/spre8mqu0tsr,3473d0ae4ffd7cdb,1024,0/0
/spttest/zkkkn4qmhw92,40f9b4f194cd3b86,1024,0/0
/spttest/wwosrd0r5w7j,3c1c42992b58bd4f,1024,0/0
/spttest/v8lxlfeofsvk,390fde7eece97ff0,1024,0/0
/spttest/ic4084z71gmz,217e5f7eae971d7b,1024,0/0
/spttest/14kjp33lefjx,20efc2c0108d73d,1024,0/0
/spttest/idmxxrn8pizm,219231e0a459e062,1024,0/0
/spttest/rmtfq74xeq5o,3279f8390291bcec,1024,0/0
/spttest/mf0fytft4j23,28f283264362627b,1024,0/0
/spttest/irl86kolwtdy,22476d054fffb1c6,1024,0/0
/spttest/vsjv9ispngbb,3a12e8e9eec5bb57,1024,0/0
/spttest/c2z0fcih979,9cf1a66c363ad5,1024,0/0
/spttest/jqzuuag9anuw,2413544c9a04a048,1024,0/0
/spttest/pjnxjt63gr9m,2ea9c97cc129390a,1024,0/0
/spttest/b06hl0nhcfx8,141a18fdabc5889c,1024,0/0
/spttest/9yx7kuo6vs2w,123625820dbba5e8,1024,0/0
/spttest/q0gf0n6f53ft,2f83e4b950dd57a9,1024,0/0
/spttest/gz1bo7xtimil,1f00ee2e2112137d,1024,0/0
/spttest/sbux3ra94an7,33bf3c980cfe8fe3,1024,0/0
/spttest/9yduv9d4fngx,122f29e5e4bf4c91,1024,0/0
/spttest/vb0mcdwizdwq,392f25aa335fd32a,1024,0/0
/spttest/723df5r19liz,ce47ebff4c9d23b,1024,0/0
/spttest/acpq07q5w4pi,12e94b6f72e31cd6,1024,0/0
/spttest/sw2z5m03aq5s,34c5edf02a4225f0,1024,0/0
/spttest/uufb6umw404w,3857a134b86171b0,1024,0/0
/spttest/89xqc7ay187s,f1dfcfb1fe519d8,1024,0/0
/spttest/ply8eckogh4p,2ec77b848303e2b9,1024,0/0
/spttest/rhl7lvgsjhtn,32360e289c6eecfb,1024,0/0
/spttest/51ymugptoov4,93b8e9b5dbd54e0,1024,0/0
/spttest/78bwxn50l0pp,d35834da9d0dadd,1024,0/0
/spttest/l58dahyi8isd,269fdd6bc6b8bb1d,1024,0/0
/spttest/v2gzqvlwsnqj,38c026a25bb06b2b,1024,0/0
/spttest/l8jwogz2kbhi,26cafefcd4b92526,1024,0/0
/spttest/tc8as65glkky,3597adb7f221ff72,1024,0/0
/spttest/jub3idv39uqm,243e5a5d175112de,1024,0/0
/spttest/xpfduak6yqau,3d918d7394826fa6,1024,0/0
/spttest/1owy5k1hpcuy,3173ed1fd86e25a,1024,0/0
/spttest/odw2g7jz21dz,2c8b2c3910ec1287,1024,0/0
/spttest/nb7unuh759e5,2a94d7a5b961a9cd,1024,0/0
/spttest/3r8bdxmtakvu,6dc8dd23d7e2d3a,1024,0/0
/spttest/4j3b0ye0480d,846723e523f198d,1024,0/0
/spttest/8z2j79rd9rng,106473edadb9bd3c,1024,0/0
/spttest/5ehqiuhyjv3f,9de521e92dcca2b,1024,0/0
/spttest/s523gzutttdk,3366e6b67679def8,1024,0/0
/spttest/blu7dg4vatzp,15336e05ced60555,1024,0/0
/spttest/3sm030ndrz56,6ee7b3b527893aa,1024,0/0
/spttest/i3polile88vk,21114a731f1280f0,1024,0/0
/spttest/9fiu5wtid4ts,113a2a0e02ea7fb0,1024,0/0
/spttest/7cuzggenound,d7059cc9f442029,1024,0/0
/spttest/uo39xg3y81jz,38055a02ba8947df,1024,0/0
/spttest/qvv9d6nfm5lv,311beab48c4d90e3,1024,0/0
/spttest/kqwh3wd08ymk,25e5b9335bce754c,1024,0/0
/spttest/g7h1g2pusa8o,1d9ae6a530a624d8,1024,0/0
/spttest/zhrow74snuzr,40d54ea916fe98a7,1024,0/0
/spttest/v94epi4z0d8g,39168908727d3600,1024,0/0
/spttest/1eak8j6354va,28d467157ac92e6,1024,0/0
/spttest/ohb35htyozhu,2cb78f51a2640fb2,1024,0/0
/spttest/wietgtgl4hur,3b62cf22d1c57863,1024,0/0
/spttest/k2j9luxrgubf,24a9370178633c7b,1024,0/0
/spttest/dsjhpb1ux710,1931b7c1b99a13d4,1024,0/0
/spttest/t9aeux8ao92w,35717924e5593df8,1024,0/0
/spttest/8hbj4tz62qig,f7de4729b4cf4b8,1024,0/0
/spttest/fzvryj9cun0q,1d384dc5da92d00a,1024,0/0
/spttest/7k8xujusvu7y,dd04f9ff7be2ebe,1024,0/0
/spttest/7z3ja45zcqnw,e913341d36908fc,1024,0/0
/spttest/r0ipr3o57dll,3158563f0853b599,1024,0/0
/spttest/8be9uxjusmrc,f30f236de2cfc38,1024,0/0
/spttest/n8ypbbvbipwr,2a77901944048aab,1024,0/0
/spttest/19cp6yjs02af,24d199cc6b67397,1024,0/0
/spttest/fr0vq8qokk4l,1cc53df9c40462e5,1024,0/0
/spttest/6mv8jdpo3pkg,c1eb86cc3fa5030,1024,0/0
/spttest/m993flpksa1v,28a7b2c3aef7c9e3,1024,0/0
/spttest/inwbpn7wo5j9,22177919dd997e05,1024,0/0
/spttest/tzyhhuq6xfmf,36cbe16c3c155b57,1024,0/0
/spttest/us19av21ko6,18fcb3dce461ce6,1024,0/0
/spttest/odqogeqa6h0t,2c893a7994a06dad,1024,0/0
/spttest/avqlz5nxtj77,13e06957ccd29373,1024,0/0
/spttest/e6s718c71nro,19eab54a99620594,1024,0/0
/spttest/wyen2ujhyfxg,3c3292da7355c224,1024,0/0
/spttest/81qmx6yr2rdt,eb3839512ae5a21,1024,0/0
/spttest/2x6jgq8jel1l,5563c1bba4d1509,1024,0/0
/spttest/c6g9evuh0doz,163f2c7e19069e53,1024,0/0
/spttest/bvz7619qqggt,15b71fe7227483dd,1024,0/0
/spttest/1pf94qplm68r,31dd99d3c59a21b,1024,0/0
/spttest/955lf00k0bs8,10b37e41889f8fa8,1024,0/0
/spttest/f7o264fefx5u,1bc9d1d64ec57fa2,1024,0/0
/spttest/nhtrnvgu56e,1312f8b553591b6,1024,0/0
/spttest/3exhizf3xaqu,63cc671c5c8e3a6,1024,0/0
/spttest/w3qfnxenjyyr,3aa4294a2a1076c3,1024,0/0
/spttest/wd86pgkfmdgu,3b1f783eebc06cae,1024,0/0
/spttest/85d5249itkou,ee299fd2d73e3fe,1024,0/0
/spttest/5jb5wyhcizy7,a1ce5515def167f,1024,0/0
/spttest/3k7r3we7q1h7,6816cfe478ea8fb,1024,0/0
/spttest/snxup6nsgzs7,345c2a9bf69f1127,1024,0/0
/spttest/qtrlwhlxhavx,31009ee254f2965d,1024,0/0
/spttest/kd8ruhr3c2cu,25344f941d2b55ee,1024,0/0
/spttest/err0yl5c5zpj,1afb0fbb3869d407,1024,0/0
/spttest/p5yu2z5jgwt7,2df7df0bf0c9e11b,1024,0/0
/spttest/58y6hfmmexju,996516c3a8abf5a,1024,0/0
/spttest/biwwa1u1d0ug,150d6ee4372fae88,1024,0/0
/spttest/vpem2nttutq3,39ea0bb8ad46b2fb,1024,0/0
/spttest/9k0ucpyyv3a7,11749e320338dc5f,1024,0/0
/spttest/2wob6adnj68m,54fa835a58c9156,1024,0/0
/spttest/28i0turwypzh,415a54b69b5440d,1024,0/0
/spttest/jan3ylerc5n1,233ee6cda0c16a8d,1024,0/0
/spttest/8gc48hgjgo5m,f711d552df3214a,1024,0/0
/spttest/tr77csr15gmj,365a1f688570906b,1024,0/0
/spttest/e3oo04g3e9ly,19c277966d258b26,1024,0/0
/spttest/x08ztvi60h1e,3c4a83df7c0cd442,1024,0/0
/spttest/vb1s8bes6x5t,392f9123451f3161,1024,0/0
/spttest/8yydnd3f3gap,1062f4352c336041,1024,0/0
/spttest/p90ryixnem10,2e1f8a1ac3e5a204,1024,0/0
/spttest/xx3f0lyowbze,3df5261a373f34aa,1024,0/0
/spttest/ec6d83uklnc2,1a30c49d7bc36562,1024,0/0
/spttest/41glqbchhlhw,7616fdfef6d1814,1024,0/0
/spttest/5gywfgurx8ym,9fe7e0c01099e9e,1024,0/0
/spttest/2qy5yztpoi0v,5054700bce76e3f,1024,0/0
/spttest/bsyecxiysuyt,158fde37673d85c5,1024,0/0
/spttest/aku6x3lhmg65,1352d25bc6d4905d,1024,0/0
/spttest/t72irha8rtgr,3554a5b3d5960deb,1024,0/0
/spttest/7kykxbjyddd5,dd9900a96a302e9,1024,0/0
/spttest/kf8ikgdoolcj,254e3248d742ee13,1024,0/0
/spttest/elx8ltqty1qz,1aaf5e046510325b,1024,0/0
/spttest/ki9edioy2y2k,25757baa5e933afc,1024,0/0
/spttest/827t97hvm0s,68b6d5ff787e3c,1024,0/0
/spttest/6t0dnomzae23,c6e82f12d50c0ab,1024,0/0
/spttest/wpnu8kdgj1ss,3bc0fd3994cb33dc,1024,0/0
/spttest/bkoketrmiv27,152468028cd0dfbf,1024,0/0
/spttest/9w5al158ltat,12121864d95a1395,1024,0/0
/spttest/g5n79adthl7l,1d8325409367f6a1,1024,0/0
/spttest/thujzwnk9f93,35e0a7bf388bc577,1024,0/0
/spttest/t4tuepvbjvti,353789c134e3fed6,1024,0/0
/spttest/9w52zke2sj6v,121204e750828a27,1024,0/0
/spttest/ic454zhsm96q,217e6c195ecf8802,1024,0/0
/spttest/5f307ifc7spr,9e5feb3d567951f,1024,0/0
/spttest/anv9pdax3oqy,137a2da4b157d90a,1024,0/0
/spttest/u7l3x287tvap,372ef7da38692ab1,1024,0/0
/spttest/jphfqx42lsi7,23ffb1afe863e58f,1024,0/0
/spttest/l14d2dsgplpj,266a7657ba338a27,1024,0/0
/spttest/v5dnem1iqft3,38e5e9a2d4c8a887,1024,0/0
/spttest/l97mcx987j0v,26d38d5835b0380f,1024,0/0
/spttest/hd2nqsfqrtep,1fb7431d7d6503a1,1024,0/0
/spttest/601sj6quvt3i,af655080b854b0e,1024,0/0
/spttest/sosm6on4bomd,3467442e0e789165,1024,0/0
/spttest/6pxsddcjdl5d,c469bd1a1fd5f51,1024,0/0
/spttest/v1t28sghzaf3,38b7843461b4d07f,1024,0/0
/spttest/831k7wf8co4k,ec471f49a436924,1024,0/0
/spttest/cx2yvqktzgq,a7ced9b45804ca,1024,0/0
/spttest/b8g5hv625o9m,14857fb68c81541a,1024,0/0
/spttest/a3cmh4kkjgta,126faa47a4d7bfde,1024,0/0
/spttest/f6sn0ybhdwui,1bbe7b90ffa9c48a,1024,0/0
/spttest/9hvztj166try,1158e3de1423b63e,1024,0/0
/spttest/hxonfsxe0nz5,20c2fb916fc8eb61,1024,0/0
/spttest/t3dfd5xwvr6v,3524a00234516f67,1024,0/0
/spttest/7143getjoc6w,cd7c44aeff6bab8,1024,0/0
/spttest/oql73a3h8yvd,2d301c6acaf65f89,1024,0/0
/spttest/x9ldkhoqcgp1,3cc3e2daca40a985,1024,0/0
/spttest/ywum1vvj93xf,3fc59614f6f67b23,1024,0/0
/spttest/s1msih9wmejg,333a694d1148671c,1024,0/0
/spttest/cq9dwloobhmb,17407a934c93f5f3,1024,0/0
/spttest/j2ljtrwynxr9,22d66cb8d3c7dca5,1024,0/0
/spttest/vy9cvca7zoz4,3a5d0d93b1e5b830,1024,0/0
/spttest/mesugjq25qyg,28efc5635eec31b8,1024,0/0
/spttest/giyc5d6zh8nw,1e300630972c311c,1024,0/0
/spttest/63drmq7h5qcs,b219ee836d261ac,1024,0/0
/spttest/czez4ur04cum,17b766325f3a460e,1024,0/0
/spttest/lqrvustj239p,27b7ae70a3e9440d,1024,0/0
/spttest/ck9s4rm2a58j,16f2af89b3c44303,1024,0/0
/spttest/5fgel4qkwj7s,9ead4619e01e548,1024,0/0
/spttest/5ssqe70u20yc,a98236ec8ed3f54,1024,0/0
/spttest/darbhm2x9xoq,184abc23742ebbca,1024,0/0
/spttest/r9dn7cseqrin,31cb692d37674bcf,1024,0/0
/spttest/rapt5swskp3a,31dcca22e7aed806,1024,0/0
/spttest/izysketp7sbx,22b43c29e46eb82d,1024,0/0
/spttest/7me4n4vnppr7,dec29695729a1a3,1024,0/0
/spttest/9a3nctud8jyf,10f3bcc7aba54c07,1024,0/0
/spttest/fol0kha9xgok,1ca589fd0f49f3b4,1024,0/0
/spttest/ox10aibmc3u1,2d83c06774332069,1024,0/0
/spttest/i23k8xaevhla,20fc51ee593ab0ce,1024,0/0
/spttest/nl3vsqjtb8nl,2b154da7f37b0991,1024,0/0
/spttest/4lup00fbpmlm,86a4e8d9e1cc5aa,1024,0/0
/spttest/og9ly0y68bl4,2caa098b1246faa8,1024,0/0
/spttest/ui82verj1lix,37b92634aed60239,1024,0/0
/spttest/hal3bornvuxl,1f96f1f317c0b159,1024,0/0
/spttest/ajkr071kkvos,13426cf4a73e856c,1024,0/0
/spttest/r8hpapp9olmf,31bfe2c389664077,1024,0/0
/spttest/1d7oph5zeao8,27f3f8d5518b488,1024,0/0
/spttest/ybrgccsglmji,3eb3abeff4ff255e,1024,0/0
/spttest/fe21ac3opx61,1c1ccc447515b829,1024,0/0
/spttest/87bucud9wm14,efc1cacca411488,1024,0/0
/spttest/ybu08hh9ao8l,3eb497b6b53d3635,1024,0/0
/spttest/5y5uloje36ei,addd14cdeb9fd2a,1024,0/0
/spttest/r2mgn0q0ctp1,3173aad983bd8955,1024,0/0
/spttest/irwhzk6c44u1,224b7e3ab7275579,1024,0/0
/spttest/6uaaq8zp61qf,c7f145de2867347,1024,0/0
/spttest/bj1okdgq2s0i,150f28f130836452,1024,0/0
/spttest/thiltqv7lx67,35dc5805413ebe2f,1024,0/0
/spttest/co91wj8qy10k,172661448682e3a4,1024,0/0
/spttest/27itsazhj4aj,408f255cc80597b,1024,0/0
/spttest/56qs45ja3t2l,979ab76d0157bed,1024,0/0
/spttest/r3q21cilk808,3181f41d1ef52288,1024,0/0
/spttest/2gxn3gshzc1b,48332011d3d88af,1024,0/0
/spttest/hreji96rh9c5,20716641c4732c85,1024,0/0
/spttest/wdg8cm0nhvrd,3b225f6855489209,1024,0/0
/spttest/dgllo3eq4p1s,18969b96d5aed9d0,1024,0/0
/spttest/g7cc5d7sqbau,1d993443b551e3b6,1024,0/0
/spttest/pbbhlsd5n2kx,2e3d621a5c58e5d1,1024,0/0
/spttest/2etprfbdqtsa,467ccdb6a75024a,1024,0/0
/spttest/pyaul89kjbzq,2f67e7f47617db76,1024,0/0
/spttest/29pq284tu68v,42569dec84a481f,1024,0/0
/spttest/80zqg538jma1,ea9ceb004d03b89,1024,0/0
/spttest/r2fnbnonvek7,3171356c336d6277,1024,0/0
/spttest/sytmpyj79rtj,34e9867d3c12e817,1024,0/0
/spttest/p465r6ptbbyt,2de0890f5c917255,1024,0/0
/spttest/qk7ppwx19sgp,30848a00d3bafd59,1024,0/0
/spttest/u1xztr5keio2,36e5ae99ae7b0e02,1024,0/0
/spttest/9pvrapd9gyhr,11c0b80dae2b1f9f,1024,0/0
/spttest/2yi3heyho9ar,56764c7c46ede13,1024,0/0
/spttest/90qa8po1ka27,107a03089fb400ef,1024,0/0
/spttest/s2h2trq2iggv,334556cf934efddf,1024,0/0
/spttest/cnyrr6bjswlu,1722ab8ba39eb312,1024,0/0
/spttest/uhg2vyq7wh5e,37af0bef3d1b0dd2,1024,0/0
/spttest/1foomwjn5ik0,29f5c246d6f1030,1024,0/0
/spttest/v3z5p9578din,38d3b1cc5b4b616f,1024,0/0
/spttest/kwyzck76r6im,263490476aeadbbe,1024,0/0
/spttest/1rp1zwbh0lft,33b5d811c52e989,1024,0/0
/spttest/7go6icefhp,2b15a8979b9ed,1024,0/0
/spttest/9ft48saqb40d,113ddf9990cc6b0d,1024,0/0
/spttest/djy29nwouyd4,18c2125e3e865178,1024,0/0
/spttest/beldwcdalrrf,14d552a71e87ddcb,1024,0/0
/spttest/wnr78bwefsfi,3ba8392794f13bae,1024,0/0
/spttest/hf8ot1g4g6ao,1fd36a90747097e0,1024,0/0
/spttest/xf678uu7ru81,3d0c58a5c00b50c1,1024,0/0
/spttest/x8wfpgmaoq43,3cbae32268103c33,1024,0/0
/spttest/vrd8jf77wxs,19c8add70f1d580,1024,0/0
/spttest/ie2i3bfoab9m,2197cf1cc4887b8a,1024,0/0
/spttest/pb2pbwwvx7kg,2e3a369c81866390,1024,0/0
/spttest/66njq7x5u1e0,b4c1e15123f9b88,1024,0/0
/spttest/wsgcsjc9el30,3be541a81cb9eb3c,1024,0/0
/spttest/3rtcvsh5g5k4,6e425648f300924,1024,0/0
/spttest/m5fhopguvp21,28760c844c7d3e99,1024,0/0
/spttest/fvyaeyzwilvc,1d0540d68aef6b38,1024,0/0
/spttest/ldfllkj8n0my,270a635e2f0116fa,1024,0/0
/spttest/bnju3fr5o7as,1549aac8f9275bf4,1024,0/0
/spttest/h7wxq7qc6kfm,1f74403d2b49d0f2,1024,0/0
/spttest/77fw1pf0r07c,d29f53e5115a5c8,1024,0/0
/spttest/u4k94yh4nbcd,3707b11b0c6e212d,1024,0/0
/spttest/xyemhjij6cl7,3e062e93baa9703b,1024,0/0
/spttest/ounr6q6kb2q0,2d64fdbdee3c6e88,1024,0/0
/spttest/t0ifsh1ii028,34ff772bb20ad6d0,1024,0/0
/spttest/m5qw7fqwi2vi,287a29d2c7d3570e,1024,0/0
/spttest/2nz7cq1rmdgp,4deaf2529d42ca9,1024,0/0
/spttest/8wk49gnjgbme,1043d474be6c8dd6,1024,0/0
/spttest/nrdm9cih0mmk,2b66c067a432ab8c,1024,0/0
/spttest/u9popqubqfqm,374a9932ea13d52e,1024,0/0
/spttest/d9prxjljwvub,183d305550b14033,1024,0/0
/spttest/qb8gtjud0161,300fe83a6127dae9,1024,0/0
/spttest/ekes23crwlkd,1a9bb7ac50d8902d,1024,0/0
/spttest/r9zu3rgi5fm2,31d36afb7f16e04a,1024,0/0
/spttest/fumk93otks16,1cf40866e44ed7ea,1024,0/0
/spttest/86zobjbcnqv,6a6fcc92e3ca37,1024,0/0
/spttest/y90sv7a6u75,1bce419b3159461,1024,0/0
/spttest/9rzj6ogfevs2,11dc0f3a09034762,1024,0/0
/spttest/gg4ucym99zq2,1e0b675ac130fe1a,1024,0/0
/spttest/a7499wkliwi5,12a09a7dabb7ba0d,1024,0/0
/spttest/k3qsu9vey53l,24b8ec3097f00851,1024,0/0
/spttest/v37v7x271jyq,38c9d8f65b699a52,1024,0/0
/spttest/b08w6gp5vzt8,141af72d45d7700c,1024,0/0
/spttest/gxkybrgz0pvc,1eee08c9dc6135f8,1024,0/0
/spttest/gc2dg3mhxt66,1dd68e324d8c0aee,1024,0/0
/spttest/rcenwv8afo2s,31f2bf22241a81a4,1024,0/0
/spttest/to5xjw0to0bd,3632b21e0d2e1499,1024,0/0
/spttest/v9dkdh167nwq,3919d6e26a6b2eca,1024,0/0
/spttest/v3cxs5akj039,38cbad607923d335,1024,0/0
/spttest/bpzv7cp345qk,15696e09038d5d0c,1024,0/0
/spttest/hvt875elwazc,20aaa7cad7c13c98,1024,0/0
/spttest/b3zj3q6nvok2,144b8b56dfb53d12,1024,0/0
/spttest/neq5l8yo7n0i,2ac26a159bb71042,1024,0/0
/spttest/7qfvbzi4ykti,e20bf49c76599e6,1024,0/0
/spttest/llk1c2h521e2,2773e74523509c8a,1024,0/0
/spttest/2uibkhqfwg8l,533847fbf0c4135,1024,0/0
/spttest/jslrjqa193k7,24283935105fe347,1024,0/0
/spttest/93la1fh38eec,109f2c718e95f1e4,1024,0/0
/spttest/l5q2i8zm0wpg,26a64060ceabe794,1024,0/0
/spttest/lozjev7hyq5z,27a076f28bd055f7,1024,0/0
/spttest/rqxd761s7jmo,32af583c154cbf20,1024,0/0
/spttest/l2y8cs1q3ad7,26823a8f07b8153b,1024,0/0
/spttest/n2xakp3la7em,2a291e5ef604f4fe,1024,0/0
/spttest/rn79j8s98d7x,327ef57cdcc2cded,1024,0/0
/spttest/xdjda3dyhbcp,3cf71e677042b9b9,1024,0/0
/spttest/kbnik3vkvpig,251fa6c1a9e932e8,1024,0/0
/spttest/kwokg1lgye6d,2630ce5ba8791045,1024,0/0
/spttest/ppx0n57ydka,14e15574d70842a,1024,0/0
/spttest/12b7dfqdbrh5,1f1a2b97e3864d9,1024,0/0
/spttest/q0ecj0eapxp0,2f8325995f8a78d4,1024,0/0
/spttest/cq4nw5sx1103,173ec65c4ec2bc53,1024,0/0
/spttest/7x4f9adm5bht,e778aca3087d371,1024,0/0
/spttest/srzw3z0hf3u,175cd38d5a502ba,1024,0/0
/spttest/wf4uq7f9z2xr,3b383eeb13f92e9f,1024,0/0
/spttest/d0m770lzka0i,17c6feb62c71a6b2,1024,0/0
/spttest/6j1qtvq2ms35,bed1c8a36b651b1,1024,0/0
/spttest/b5tw3fsya7ji,14637cfa5e6946ae,1024,0/0
/spttest/qbtbh8kkq06h,30176e412ff1a769,1024,0/0
/spttest/ypkt7198iinb,3f671fee0b59cae7,1024,0/0
/spttest/vvzimfkovr5m,3a3f86240d0bf33a,1024,0/0
/spttest/pm9g3jxmqfzy,2ecb87533cf2bd7e,1024,0/0
/spttest/cojmr3j11fd4,172a3271b104c108,1024,0/0
/spttest/vjzkxiftifv8,39a3acfb360959d4,1024,0/0
/spttest/a03vs45m26uw,12458b121a50d938,1024,0/0
/spttest/bozjldr1bnwh,155c52fd2c5f4ac1,1024,0/0
/spttest/ve9xwvzd9z4n,39597a6f1fa8a317,1024,0/0
/spttest/u6na8rzhuj97,3722c38fd6ac89fb,1024,0/0
/spttest/q6cbl0lsxgzm,2fd059faed2b2442,1024,0/0
/spttest/t8w3mqalc12q,356c4f2e62b14d72,1024,0/0
/spttest/pjkxqs5bxa4p,2ea8b4e125501089,1024,0/0
/spttest/z2oz0rcwr9p4,40117cb013d0e9d8,1024,0/0
/spttest/yj26zsq6grjs,3f1278cc4e20dd78,1024,0/0
/spttest/nqcsy4twdpyw,2b5977f0f06f38b8,1024,0/0
/spttest/kghlk04i0mmm,255e7685474e548e,1024,0/0
/spttest/dbc175ws1dj5,1852357810d326c1,1024,0/0
/spttest/3vzwfis6obhf,71a76c90bc5e623,1024,0/0
/spttest/jo9slm1sydq3,23eff2761ec759fb,1024,0/0
/spttest/7bh1mdlm4ssi,d5e54f0d9c904c2,1024,0/0
/spttest/xf83jdsktvae,3d0d07defd4557a6,1024,0/0
/spttest/aqnuejk3ufvt,139e7793d3c70ee9,1024,0/0
/spttest/xrjtbxyhndvi,3dad212ec074eefe,1024,0/0
/spttest/xozqxpn8669p,3d8be928924af93d,1024,0/0
/spttest/p4hrubgjjtqk,2de4b9c7f89f804c,1024,0/0
/spttest/j0nrtla7qpug,22bd3f7549816458,1024,0/0
/spttest/70ah45so58p,5b07acc09c8089,1024,0/0
/spttest/7ar4i7s2vrer,d54fac46b3dbe83,1024,0/0
/spttest/h0nvmzvpqc1k,1f160ec447e10478,1024,0/0
/spttest/ord98g134pod,2d3a3c3a459ae1fd,1024,0/0
/spttest/1kkupwv237ai,2deec8fe773a5aa,1024,0/0
/spttest/lc6xrq7he0rz,26fa46067809886f,1024,0/0
/spttest/a0li95c4q53x,124be6fdf74a605d,1024,0/0
/spttest/zvzyaufdr7h8,418e23562ec0879c,1024,0/0
/spttest/4im8szkrwv0d,8404a48af8e5ffd,1024,0/0
/spttest/7b6cktasp3b5,d5a7900983fb101,1024,0/0
/spttest/g057w4o0x7q3,1d3bb5f7d9d6455b,1024,0/0
/spttest/v4o2l8826m7b,38dcaf052322d7e7,1024,0/0
/spttest/gkx5tp0mw570,1e49941bc449884c,1024,0/0
/spttest/a7j3au4wccnv,12a5f4afb018db1b,1024,0/0
/spttest/3ctpaksqremp,6216e6299208cd1,1024,0/0
/spttest/3zppuj8wr4qn,74abf3d452340bf,1024,0/0
/spttest/goam4k1nbyx0,1e75667e14d4e084,1024,0/0
/spttest/6rsjx40jylq1,c5eb2ce57951579,1024,0/0
/spttest/nuxa6dgmik4v,2b94d089dda29c6f,1024,0/0
/spttest/9fota1xf9apn,113c51fe5cd0c17b,1024,0/0
/spttest/7fk9ed0qbqgz,d937307054704c3,1024,0/0
/spttest/gj4vg4u4h364,1e3261eaa711264c,1024,0/0
/spttest/t4ukpihp9y08,3537cd3c07bc1168,1024,0/0
/spttest/70jc27rrid6c,cd046a3d27e4a34,1024,0/0
/spttest/y6whiglezukp,3e748a7eef724789,1024,0/0
/spttest/25k9y50r6l69,3ef7da886e17bb1,1024,0/0
/spttest/bj0jc5lzcdb9,150ebf28c5229565,1024,0/0
/spttest/pq7q0j69cq05,2efedd0ee033bfa5,1024,0/0
/spttest/2g69sbazd2r5,47951e968ba6a31,1024,0/0
/spttest/8wx3eih0zeyx,10488309905bba89,1024,0/0
/spttest/mpodnite3njz,297d0a9e3511dbff,1024,0/0
/spttest/wzkgzxjh2qjk,3c41aab788439fe0,1024,0/0
/spttest/7yexqgbuy8gm,e885322f07ac956,1024,0/0
/spttest/wgr8q3c1hrvu,3b4d50307109a86a,1024,0/0
/spttest/9y9u2ip78nd7,122db6606c41334b,1024,0/0
/spttest/kafztlrd7fmu,250ff2d9591a53e6,1024,0/0
/spttest/drifd7mtsvx3,192458235f0f9597,1024,0/0
/spttest/y39yczrmlrd4,3e45717c17b2cfc8,1024,0/0
/spttest/utk5wi3qzp9z,384c6439561fd0b7,1024,0/0
/spttest/ccc4s5hcgb9y,168b9ead3a025d16,1024,0/0
/spttest/wx9u90v2a01f,3c23da27f0b67cb3,1024,0/0
/spttest/iipm05o0z3ak,21d41aa5930dab6c,1024,0/0
/spttest/tq3nxa9lupvn,364bdb30f5dfb783,1024,0/0
/spttest/7izmbmb1nvu4,dbff57b2429cdec,1024,0/0
/spttest/7qai2vw5v992,e1ecf7175245596,1024,0/0
/spttest/60psexv2yqeq,afefd910aee6832,1024,0/0
/spttest/j5xqjapihgq6,2301ca1ff23724ee,1024,0/0
/spttest/ajhnx23k6omj,13414fee13e4a22b,1024,0/0
/spttest/pmpt7mjqqbfg,2ed16edccc27625c,1024,0/0
/spttest/frbrppgnhqx3,1cc92bb99a382987,1024,0/0
/spttest/t3g9bpyw07u1,3525a59da0ec5fa9,1024,0/0
/spttest/os7ibfneinoh,2d4526947c658261,1024,0/0
/spttest/3nsvxiv2wbgk,6b004defe188004,1024,0/0
/spttest/nw1k0w9ixdyo,2ba35889222edaf0,1024,0/0
/spttest/90ejklrgd9lx,1075c68deb071de5,1024,0/0
/spttest/fl1p78xfj4na,1c779a0e15167146,1024,0/0
/spttest/5dij6oqbelgt,9d19e675d62f72d,1024,0/0
/spttest/1uiohjjcrdkl,3600866d471a575,1024,0/0
/spttest/mubfxllpxpw3,29b951f6dc55be53,1024,0/0
/spttest/noxwpmlfkt1i,2b471ad152625306,1024,0/0
/spttest/h9uf8tc60m8b,1f8d52977847b68b,1024,0/0
/spttest/uaok7dgzg476,37572e83ce924c42,1024,0/0
/spttest/lpbluvcqb1va,27a4d1a378c15836,1024,0/0
/spttest/jhfgtmyeulpl,239711a8039aff69,1024,0/0
/spttest/ks5yilofjced,25f6227013706485,1024,0/0
/spttest/7wihfbtnej3,66a801c813224f,1024,0/0
/spttest/m5xx5nw08m1h,287cb2d725b15195,1024,0/0
/spttest/j50seyc8g6rt,22f5e6cb76cbde49,1024,0/0
/spttest/pzhk67rx8prr,2f77510fbbfa3177,1024,0/0
/spttest/338yzxlulstv,5a50c3d9e75a733,1024,0/0
/spttest/npl1s53nqrti,2b4f744b9bbfc256,1024,0/0
/spttest/y0bxq0p83mfb,3e1f30d049e92047,1024,0/0
/spttest/dvcjuigzk6ne,19562e73ac6741aa,1024,0/0
/spttest/dycpofzk0ski,197d352f279680a2,1024,0/0
/spttest/yiuhhedqfq2u,3f0fb0c3b3ddffc6,1024,0/0
/spttest/ea75ba72j0ck,1a17122b88dfa684,1024,0/0
/spttest/jjpmbnudbtd5,23b4b5f73c35fe69,1024,0/0
/spttest/s2c9zdqm8ost,33439b547f1e3d8d,1024,0/0
/spttest/enfksatekb0e,1ac2f92731df76be,1024,0/0
/spttest/ble26cqguqk8,152d9acbd718d9f8,1024,0/0
/spttest/8acnsxen79rt,f235fffcfdeac39,1024,0/0
/spttest/3mepxduxjqww,69deb0de8461800,1024,0/0
/spttest/bm4yfa8ie569,15374f1cb67ae3b1,1024,0/0
/spttest/w9vv459zr441,3af40e5062036491,1024,0/0
/spttest/t2s9ykqzjzfi,351cfe68264ea51e,1024,0/0
/spttest/ukovdekp9rp5,37d92fbc51579d79,1024,0/0
/spttest/blhkkzccf8bt,152edf20ae8243e9,1024,0/0
/spttest/1efm8vsyio3o,28f1970c7458c84,1024,0/0
/spttest/ickmo5x4l8t3,21845ef9e89c17d7,1024,0/0
/spttest/a3yg2qmhscq,83520df20547ca,1024,0/0
/spttest/w35pb6ujri28,3a9cae4e7e5ddf30,1024,0/0
/spttest/g4hai2e418l8,1d74061bea28fdbc,1024,0/0
/spttest/mscs929n6slj,299fd36cec1c7147,1024,0/0
/spttest/j4ics48mvjcx,22ef400d54fea9c1,1024,0/0
/spttest/mcjzfof025jm,28d29853d4cf6492,1024,0/0
/spttest/9eacdvkw52m6,112a1c3c544cbc7e,1024,0/0
/spttest/29v5aqjyw4x7,4275ece0bbf8eeb,1024,0/0
/spttest/ya1v7jrchwrg,3e9d734020f4881c,1024,0/0
/spttest/cn5kjny480pm,1718225ee3d7319a,1024,0/0
/spttest/1trej1ta1hmt,35630e8a32dbd85,1024,0/0
/spttest/vjawg24eb6oi,399ac5521ab37492,1024,0/0
/spttest/4gr7ig4j8o39,8281a4b6f7c2ef5,1024,0/0
/spttest/1xcdvwfvtngs,384bac31b57f70c,1024,0/0
/spttest/p1d2prouf3j7,2dbc1011b30beda3,1024,0/0
/spttest/32bko1f7itrm,598ff51ebe57a32,1024,0/0
/spttest/8r4j36quv61n,ffd4251ecf3d65b,1024,0/0
/spttest/eay1tsg48m34,1a20c72b2252e5d0,1024,0/0
/spttest/ala2b5ganuks,13588c6c45bd948c,1024,0/0
/spttest/eg7lu8eg056t,1a652c1d14e42245,1024,0/0
/spttest/c1ew99gjhg2l,15fdbc15b54d6e9d,1024,0/0
/spttest/e4i6uaklxlj2,19cd1e99dd97103e,1024,0/0
/spttest/61qtj7z6p126,b0c5a0ffc1d339e,1024,0/0
/spttest/rernjfbu74hz,32116979d89eac87,1024,0/0
/spttest/352l5yqpxg6u,5bcb90db8b19136,1024,0/0
/spttest/5zrs0ahp7rlc,af2b8009399c470,1024,0/0
/spttest/fca04znncdbq,1c05b1c0cbbb3176,1024,0/0
/spttest/jmltndt9jesh,23da4f0f12959ea1,1024,0/0
/spttest/ec91yenqhyat,1a31bcce11483de5,1024,0/0
/spttest/qisujfnscs26,30722f97099a210e,1024,0/0
/spttest/duzcecgzbus9,19516a8d4e67f399,1024,0/0
/spttest/b5cepr6gni98,145d2e1fcf73942c,1024,0/0
/spttest/jqmn9ej3z536,240e90101d723382,1024,0/0
/spttest/gknv7jngclfu,1e46398ece24b38a,1024,0/0
/spttest/skih3i0ha3o,17319f4ba0d4564,1024,0/0
/spttest/uyjwn51oc4ih,388d3ebf8e296dd9,1024,0/0
/spttest/8xw0j4ttoerz,10551c8ece8831cf,1024,0/0
/spttest/2sr7cj2vkuyw,51cbe7815cad0c8,1024,0/0
/spttest/y56dwa3pkgv5,3e5e2262f992d761,1024,0/0
/spttest/dit0hefi5bmj,18b342b0a689d81b,1024,0/0
/spttest/k91pm7m5q6hu,24fdce408c3cd062,1024,0/0
/spttest/i3qxh11e2997,2111bd97143d5d5b,1024,0/0
/spttest/n4ekv5fxdjvw,2a3c584a6c1812ec,1024,0/0
/spttest/8xc7h0talssm,104df700c3dda306,1024,0/0
/spttest/dw1lkmhcvsqe,195f3815af107336,1024,0/0
/spttest/9kov8qi9na5g,117d49509fef6424,1024,0/0
/spttest/ip8fhdfed3gp,2228d47343f4ccc9,1024,0/0
/spttest/b6ioxf4folhx,146c6fcb6a94b1d5,1024,0/0
/spttest/q2as45t099bn,2f9bd6a23fe37b73,1024,0/0
/spttest/qo617pu8t9q5,30b7e3c942d6667d,1024,0/0
/spttest/dnz3rtz90xy3,18f6679fbe8050db,1024,0/0
/spttest/l3dynfmm53v8,2687e78d599140d4,1024,0/0
/spttest/xfodz1tnidum,3d12e88994ddf19e,1024,0/0
/spttest/re7y856c0i58,320a4d87d8bf0fdc,1024,0/0
/spttest/dvjip69oq189,1958b2154f8604b9,1024,0/0
/spttest/8y6iutzvr628,1058e742198c9270,1024,0/0
/spttest/dc42l2ttliu8,185c5356584683a0,1024,0/0
/spttest/2dy5gxir25qi,45c6960c0771c8a,1024,0/0
/spttest/9rqcv5wnl11k,11d8bfb274f9ff88,1024,0/0
/spttest/5g2k5pxh65op,9f2d2c76a430749,1024,0/0
/spttest/eu6c583cjinh,1b1a907711a51d2d,1024,0/0
/spttest/ulkkas6pc16y,37e49f1bdf71620a,1024,0/0
/spttest/6w39g0n2p9gj,c968501e942fa23,1024,0/0
/spttest/9zcs1yher5t2,123bc39107396826,1024,0/0
/spttest/h4n38xp12i9j,1f49baf315477df7,1024,0/0
/spttest/zj2hg9e73wel,40e630df1d4fb5cd,1024,0/0
/spttest/4ra2gnsfawnb,8b0cce6fc1a92c7,1024,0/0
/spttest/hz3zde4zl250,20d580f75075b114,1024,0/0
/spttest/jvm8b62rl6h4,244f5bfc52cf7708,1024,0/0
/spttest/hgrv0t1lv2jl,1fe752c40f5ac7a1,1024,0/0
/spttest/9roj5u75fnck,11d8171dbaa3e4f4,1024,0/0
/spttest/bask66izh3mg,14a3f44ca8809798,1024,0/0
/spttest/oultiugb7yzj,2d644b002eff37df,1024,0/0
/spttest/iqg3eke2dnms,223895a9d9e9b2e4,1024,0/0
/spttest/dd8czu29w0ly,186adcc6cc355c16,1024,0/0
/spttest/quq9nabpp7zm,310d2053caf719b2,1024,0/0
/spttest/nr7hpzhg2l0o,2b648a8d63713ae8,1024,0/0
/spttest/j19coufupqx9,22c508bc077cae8d,1024,0/0
/spttest/dkbcypevujy1,18c6de9910ea4779,1024,0/0
/spttest/rrib38oxhd05,32b6e68e6e2fbd15,1024,0/0
/spttest/h5upxj5c9uy0,1f5978fbf63534e8,1024,0/0
/spttest/sewst904rw37,33e6e216acdb2f33,1024,0/0
/spttest/1aiziblnm8sz,25c5b8bd82df113,1024,0/0
/spttest/hntfx72ga5e5,2042d18e2c4941cd,1024,0/0
/spttest/nnp1q1wenmsm,2b36eb1b2112b126,1024,0/0
/spttest/zrfbvoiqsww5,4152bd6ab6b8b785,1024,0/0
/spttest/lnynzkfu51zg,2793290f9db3134c,1024,0/0
/spttest/gs4wwqdzs78x,1ea74cf9da0f0ab1,1024,0/0
/spttest/rneogvpctmgx,3281a2623ea99701,1024,0/0
/spttest/kqjgfzwxc1xq,25e106b5c12bc5ce,1024,0/0
/spttest/o8bhupezsuwa,2c42cdb9e21b966a,1024,0/0
/spttest/xjgibpgyylf5,3d4405c89ba192f1,1024,0/0
/spttest/vbgi6s82fzuh,3934e0e4f1710539,1024,0/0
/spttest/yf546iz37jyq,3edf91a87a434fd2,1024,0/0
/spttest/nvjmr65sfulh,2b9ce0e95abb38a5,1024,0/0
/spttest/41ebpksr22t2,7609d6d8813e5b6,1024,0/0
/spttest/oer543kr0cxv,2c966278ff703c83,1024,0/0
/spttest/164c655ydouy,2231d7b9fa3251a,1024,0/0
/spttest/fcnvdmg0wpw4,1c0ab2b1e3112b14,1024,0/0
/spttest/49e1s8toygb8,7c86e039314b314,1024,0/0
/spttest/r461b5p4bq6o,3187b82399e9f150,1024,0/0
/spttest/dut5keswfcng,194f2ed07471ddcc,1024,0/0
/spttest/twas66ip99yh,369c5c34dcdabba9,1024,0/0
/spttest/ce846149iqai,16a42623fa571e9a,1024,0/0
/spttest/t446a6z3cvpo,352e46a5b7395a8c,1024,0/0
/spttest/mfn6s6ve7nwj,28fab80dff217ec3,1024,0/0
/spttest/n6z52d1wjbd,12d45471a0b7ec9,1024,0/0
/spttest/4qbh4w6ozyv3,8a451a973f88b3f,1024,0/0
/spttest/7j5tfkt1lj3f,dc231eedea188eb,1024,0/0
/spttest/b9o7b82w6vy,925f3cf874bcde,1024,0/0
/spttest/4c8637tkpaqb,7ed469eadd15a93,1024,0/0
/spttest/4y51tsfw2kwy,909ea3a676d9262,1024,0/0
/spttest/eozpuq96cxp4,1ad73ac6d6cadf98,1024,0/0
/spttest/lzmb5vk4kuvz,282a92d13a575d5f,1024,0/0
/spttest/9c546uf2602g,110e3eda7f9883d8,1024,0/0
/spttest/l0qvdjbaxdb9,2665982a94fb87a5,1024,0/0
/spttest/l3ajeyr1psq3,2686ab5b68adeaab,1024,0/0
/spttest/b1a3r6d5d1zx,1428643d1249e45d,1024,0/0
/spttest/of3t7awwl84x,2c9af4b2dfdb1c71,1024,0/0
/spttest/1t6lto5pfuwj,34eafe4a1e4f733,1024,0/0
/spttest/8wu5degka08e,104772fc27eb13ae,1024,0/0
/spttest/1cbiwi65nmvw,273a4dfdf85f09c,1024,0/0
/spttest/ag2kmeigfutv,1314e62deced41d3,1024,0/0
/spttest/chr1rx7bj7sr,16d1f2c52c90e53b,1024,0/0
/spttest/ni1rqx0yhxix,2aed92c1ab86b5f9,1024,0/0
/spttest/d9o44m5s8hv2,183c96e3e1f13c6e,1024,0/0
/spttest/5m76dhvwoh2r,a426ccb381ab873,1024,0/0
/spttest/birfiblvgov4,150b76057d2704e0,1024,0/0
/spttest/13cl1n6a5565,1ff1f6e15217b6d,1024,0/0
/spttest/kpqk4bl6tcg,10d127c2c7b5b10,1024,0/0
/spttest/g6zpv9w5h6vf,1d94a6add427320b,1024,0/0
/spttest/xwziytlcdywa,3df3bec3dfd441ea,1024,0/0
/spttest/frewf6u8hb40,1cca4ce8b900b280,1024,0/0
/spttest/pd1w9kndpguc,2e53e68cdc558a84,1024,0/0
/spttest/q80hj7k2ytlh,2fe60f57356a0c55,1024,0/0
/spttest/njrg372bijx,131e253028e20ad,1024,0/0
/spttest/ipyjga2m8vtd,22324035b4751111,1024,0/0
/spttest/xof482ksbf5,1b5751905fa84d1,1024,0/0
/spttest/mk07j5fnv9uh,29335fca4d346699,1024,0/0
/spttest/rme5i1vovqi0,32747475ebf41be8,1024,0/0
/spttest/njxla6znzh83,2b060b35dd9d04f3,1024,0/0
/spttest/7ek3ukz8xgoz,d866788373506c3,1024,0/0
/spttest/srcxpyu68kna,348893a7fc947886,1024,0/0
/spttest/2vuoc23oqlcj,544f6edc0f31293,1024,0/0
/spttest/lt8luawhl91r,27d7b185301e720f,1024,0/0
/spttest/pi9cfngc0tli,2e9788e5b6be91d6,1024,0/0
/spttest/6rkdoaj3egv,57e1c5f36686ff,1024,0/0
/spttest/bqit558awzvm,157043be304477a2,1024,0/0
/spttest/49pembvm0i2b,7cc86ff8cdf3d73,1024,0/0
/spttest/ebpihybvde4w,1a2aafe2c13173d0,1024,0/0
/spttest/8ve3zwv915ww,1034ac4f29911930,1024,0/0
/spttest/gs86c168we92,1ea87a4361140026,1024,0/0
/spttest/4eys88wole2s,810db836c795284,1024,0/0
/spttest/xc1ubov016kn,3ce3ce4046f2f387,1024,0/0
/spttest/ce7umzz1axrm,16a40db129f88672,1024,0/0
/spttest/2m9n32pt6625,4c878add619852d,1024,0/0
/spttest/bv3sdhz5aim2,15abca8855dd5dba,1024,0/0
/spttest/pzslqdhm1gc,151a5b297d895dc,1024,0/0
/spttest/w13agnmdyfoe,3a81d4f59fc438de,1024,0/0
/spttest/24nx8ys9doho,3e3d14a7e89763c,1024,0/0
/spttest/3h3qjf7llwam,659024a68eaf7be,1024,0/0
/spttest/kf1bhnr5h0z4,254b998c10a74030,1024,0/0
/spttest/81yllalul7cu,eb6631d4a9e4a7e,1024,0/0
/spttest/v36c1517inaw,38c94b5c6ec8e178,1024,0/0
/spttest/dnet0cf35r5c,18ef14a4675a57b0,1024,0/0
/spttest/xudmgaaevpw0,3dd1dd17a56c6ad0,1024,0/0
/spttest/zy5d371nreqs,41aa11a205b0ce64,1024,0/0
/spttest/rninp97ej6s0,328311e34aa9c310,1024,0/0
/spttest/af5rxld3rpwn,130910c9128c82e7,1024,0/0
/spttest/4pikro29pyn1,899e44dacb4ac9d,1024,0/0
/spttest/ccm6d6jmdqak,168f3e6c76d9685c,1024,0/0
/spttest/nx1mmqz8b6cz,2bb05c7b430488f3,1024,0/0
/spttest/noglld7xb3j7,2b40dc07bf5433a3,1024,0/0
/spttest/hcnz1m996o5h,1fb1f69641c3ccc5,1024,0/0
/spttest/n640wsgiapga,2a5283ec42dcf15a,1024,0/0
/spttest/mn96nhh07lbo,295d949e24ac1bb4,1024,0/0
/spttest/bu33wcaqy0ok,159e8e796148b9f4,1024,0/0
/spttest/onfdbe2jg1bd,2d070a69070045a9,1024,0/0
/spttest/96gd90etuz43,10c45e9c3a6f8243,1024,0/0
/spttest/q6txmu104ivd,2fd6b4d12c703c89,1024,0/0
/spttest/azoj255raqz5,14139e261c1ba611,1024,0/0
/spttest/n8y6b23717h0,2a775f54551d0f14,1024,0/0
/spttest/eq28ahmt59js,1ae52013cc03a498,1024,0/0
/spttest/hub9p5bxxi2d,20972fc17b6f36b5,1024,0/0
/spttest/ipncymbidpth,222e378179c401f5,1024,0/0
/spttest/4ol7l5zzl8he,88dda5533e61d32,1024,0/0
/spttest/bmref9v043z1,153f6843eaf4191d,1024,0/0
/spttest/qr33hzic3vti,30ddcc50a85647d6,1024,0/0
/spttest/9kghpguz7i01,117a43a3fa5bd1e1,1024,0/0
/spttest/okz8bsrtm3vw,2ce73d3481ecc62c,1024,0/0
/spttest/7mj8errbkbln,dee00eb7099debb,1024,0/0
/spttest/twh464lwcorv,369ea5339ac65c6b,1024,0/0
/spttest/gv8vrf8yax28,1ecfb34662d5f7e0,1024,0/0
/spttest/c6vj6ytfny39,1644af1c193aaf55,1024,0/0
/spttest/t74xwbqkyiqi,35558545676c7f5a,1024,0/0
/spttest/dey80wtl4lw1,18812edafb7410d1,1024,0/0
/spttest/hjktsll6yjjg,200bc0cec0fa216c,1024,0/0
/spttest/c6biopiydlbj,163d7671914d272f,1024,0/0
/spttest/b7xovhfxtmjo,147ed66fdff84464,1024,0/0
/spttest/ddmtdsq9zlf,adc7aa85a67673,1024,0/0
/spttest/duuon9mn4gqb,194fbc22d0ba0cb3,1024,0/0
/spttest/cpnc2wna6ao5,173885cab4600185,1024,0/0
/spttest/1nyjj79fa2w,15a25aebc6f5c8,1024,0/0
/spttest/yxifcda3kw6,1c5ba28942daa86,1024,0/0
/spttest/5rxvaxnmxq27,a8d009d21f3242f,1024,0/0
/spttest/l4zg8x7dl7vc,269ca5b11aa5d418,1024,0/0
/spttest/j5kh9xfrdffb,22fd0193ee6f7657,1024,0/0
/spttest/3pzqqz34rmnw,6cc78aaa0d1cb7c,1024,0/0
/spttest/4i9z0ehq2nc,3a8d3e1eaef8e8,1024,0/0
/spttest/5a28v1losfmt,9a4c6410b039a25,1024,0/0
/spttest/dfsbu5uzx1so,188c0baf4f699258,1024,0/0
/spttest/n23apr53gery,2a1e4baf1f0eb5ce,1024,0/0
/spttest/tpplrv75c233,3646c884a1ffe68f,1024,0/0
/spttest/hnnwr0yijsfc,2040d28646e1f0a8,1024,0/0
/spttest/kveml2xc5vl9,26203ae8d15e3f2d,1024,0/0
/spttest/5lnoms3t5duo,a3b6446579e3e60,1024,0/0
/spttest/1naz4t5cvu11,30253f9896839c5,1024,0/0
/spttest/gh0irk3akq5r,1e16d563a0def76f,1024,0/0
/spttest/wiwuoim8ahk9,3b6950e0fda1b769,1024,0/0
/spttest/nwi7jp2eenay,2ba95ac7cfdcd37a,1024,0/0
/spttest/ubqtexgwu1dk,3764fc237df15278,1024,0/0
/spttest/8xvklkq8tjzk,1054f3ade73f3a70,1024,0/0
/spttest/zkpcwd34q152,40fb6eeaa554c846,1024,0/0
/spttest/myi9tawwedag,29efbdde32a7bac8,1024,0/0
/spttest/2iky1dyy7old,49897ce609ab241,1024,0/0
/spttest/w0u2ad5wvyvr,3a7e80abb16c6657,1024,0/0
/spttest/7ukzk1nwp5mr,e568cfe7199d4c3,1024,0/0
/spttest/31qipiivf7t4,591668f7b323c48,1024,0/0
/spttest/lyk51chp68z6,281ccd1b46120ff2,1024,0/0
/spttest/u9r9lhie864x,374b2b25215c7711,1024,0/0
/spttest/hsc33o5wto3h,207d80af6745b33d,1024,0/0
/spttest/nc2bxiy4764f,2a9fd700bb9dc6bf,1024,0/0
/spttest/tnjk6vql2gz9,362a9fbbd7990f75,1024,0/0
/spttest/wylb70gdeetl,3c34faf03af46f89,1024,0/0
/spttest/gxjtde9bjrrt,1eed9fb52e6ce259,1024,0/0
/spttest/nezje5u80lpa,2ac5ccd0822e7dde,1024,0/0
/spttest/nqme1e43eibo,2b5ced5e7818e744,1024,0/0
/spttest/nkc8j8sa2py4,2b0b54061b1b69dc,1024,0/0
/spttest/d23rdzz1c2go,17da520ab3561478,1024,0/0
/spttest/zltf8cfhvrs6,4109e3a1beb3ab66,1024,0/0
/spttest/srzuw1og38hg,3490d8dc96dccdb4,1024,0/0
/spttest/dlz6oc2l4nn,b0ca594e47fcd3,1024,0/0
/spttest/fkszx3b01mnk,1c74763d985ca4f0,1024,0/0
/spttest/cr39bcvvdp9d,174b41d86bc49c21,1024,0/0
/spttest/y42e583wtab5,3e4fb44b5efea571,1024,0/0
/spttest/kbbg1gzn7spo,251b4be0b892b01c,1024,0/0
/spttest/hzqxlvaqm410,20ddc8e8818bafe4,1024,0/0
/spttest/7n7q4gn878jt,df6d734f7e6eb09,1024,0/0
/spttest/w372xhgr6qqm,3a9d2d9e7a6757de,1024,0/0
/spttest/tofr21ywl27q,36363d224cff7676,1024,0/0
/spttest/4ruy0zyda5gh,8b8554187875f21,1024,0/0
/spttest/feye0pea1ph0,1c2878b850150934,1024,0/0
/spttest/krkwvlpkmyad,25ee8a7fee60ff15,1024,0/0
/spttest/2uutt7dswni1,53807b9161adef9,1024,0/0
/spttest/c64e5eiu6cz0,163ae43a122d0d2c,1024,0/0
/spttest/wxho9gr4innn,3c26adbd1c105843,1024,0/0
/spttest/sxjhakobpcc7,34d8df9fe65415b7,1024,0/0
/spttest/v38pabdl39mb,38ca261b54440c73,1024,0/0
/spttest/zy5xyyw1dpk0,41aa4736905183a0,1024,0/0
/spttest/o8txrn9l5kgb,2c4975305f1e1fcb,1024,0/0
/spttest/sdr312ckren9,33d7d4d6550f26e5,1024,0/0
/spttest/fgvat9hlfcyj,1c4155e6a4f4d85b,1024,0/0
/spttest/b74rjw7t2x70,147466a11b1f8d8c,1024,0/0
/spttest/4ucfct2k208c,8d89e7d51a619ac,1024,0/0
/spttest/nl7nx5affr67,2b16aaeac1da9e4f,1024,0/0
/spttest/pqk95kjtfchs,2f03629604a9d600,1024,0/0
/spttest/uxl203g8c78s,3880ab9cb0c327ac,1024,0/0
/spttest/pewmcnkoftqd,2e6bf9c8c4529c45,1024,0/0
/spttest/w7s0aylb5z96,3ad8afa4643c40ba,1024,0/0
/spttest/7lwq4urnm9it,de5e1ed6eb37cb5,1024,0/0
/spttest/a7nhbzbjq588,12a78a2969c78bf8,1024,0/0
/spttest/gpa0yw5ed2s6,1e822d76ced3d156,1024,0/0
/spttest/30l34zwdmrrx,582738371c1131d,1024,0/0
/spttest/2w09osktvirc,546fb8f20973db8,1024,0/0
/spttest/swhw4dgxtkid,34cb4fad1fbdde15,1024,0/0
/spttest/y8qvypmc57lx,3e8c7fe1093569c5,1024,0/0
/spttest/psw22o2yvez7,2f219f59df5b0793,1024,0/0
/spttest/4kjpvtjl81mh,8595b834b6dab39,1024,0/0
/spttest/nmmbg2fg91q1,2b28f1b0d1153cf9,1024,0/0
/spttest/cvpds9x4upck,178732714a3313d4,1024,0/0
/spttest/lyk2gy5hszh5,281cc68569c3a799,1024,0/0
/spttest/r9vb9hl9o48o,31d1c92ae99e9878,1024,0/0
/spttest/2ml9o1mapfqp,4ccaaabe80e8df1,1024,0/0
/spttest/2ugbxyw5bvld,532ccb9184e79b1,1024,0/0
/spttest/raz10o58pknp,31e01d9c6b5af0d5,1024,0/0
/spttest/x8l35ioxep56,3cb6cadf7c14f7ca,1024,0/0
/spttest/eidcfc372amv,1a8138aec3ff7557,1024,0/0
/spttest/4vltt7zrqu0u,8e90026bc93317e,1024,0/0
/spttest/rbvuk5mspf07,31ebf530f9ac1c37,1024,0/0
/spttest/dyuxp3gqjyub,1983c862a43d4123,1024,0/0
/spttest/64ihykvn7vo1,b3051312017af11,1024,0/0
/spttest/aalik7nl9kv6,12cdcc59124232e2,1024,0/0
/spttest/qd41ejgcngkq,302849b640652faa,1024,0/0
/spttest/3rm9pewn4aka,6e196a9cb9d257a,1024,0/0
/spttest/s1uaxn7yigic,333d1f24ca51b214,1024,0/0
/spttest/cqs109gly027,1747347a496539cf,1024,0/0
/spttest/20kbxkmchfd3,3ae907741388c07,1024,0/0
/spttest/3vsfy514rzht,717c5ea8ec3e471,1024,0/0
/spttest/lf8y4fon2748,2721f770096b5788,1024,0/0
/spttest/9o2tnaetf4wl,11a94a256b3a5b95,1024,0/0
/spttest/dng71xgt4z2s,18ef950b5bcb5794,1024,0/0
/spttest/8yhir4jfgf8q,105cdf0b6e894c2a,1024,0/0
/spttest/l94017nbroh1,26d23ef5388a0ba5,1024,0/0
/spttest/gibgj5sc85wz,1e27c4f76d195bf3,1024,0/0
/spttest/dwza11180q63,196b5efc14bb807b,1024,0/0
/spttest/afeku6c599yg,130c3de543c84fa8,1024,0/0
/spttest/ihy2ffxhqjrs,21ca2a7a59c76b98,1024,0/0
/spttest/xm1wfhmfdzdv,3d65b838806e4b63,1024,0/0
/spttest/gcn7zwp7o2cy,1dde13f254e64cf2,1024,0/0
/spttest/bxbjsnmg8qvq,15c891faeb92d216,1024,0/0
/spttest/kjafpscngy4q,2582d8bb0b9a37ca,1024,0/0
/spttest/b0h3pc5xjb6t,141ded6daff0b465,1024,0/0
/spttest/uhc7x8xu902e,37ada761c89c2a96,1024,0/0
/spttest/i3j91q1bohyr,210ef857bfb0dff3,1024,0/0
/spttest/vzvil9tge2f2,3a72099cb2f977be,1024,0/0
/spttest/dqqslzffeudh,191a5fceca990c45,1024,0/0
/spttest/fsjuwveh6rj9,1cd91422bce269e5,1024,0/0
/spttest/j8yt2rwgbd0q,232924c8723ed6aa,1024,0/0
/spttest/i4ojdp3an4iy,211dddf3b2c57caa,1024,0/0
/spttest/mmdtk7fay1hi,2952439d02cf9206,1024,0/0
/spttest/mwdb2nyl8dba,29d3f8bf10afe266,1024,0/0
/spttest/nq93ehcpw3yh,2b58214a8b15d509,1024,0/0
/spttest/8z6z95piehk8,10660e96a6683668,1024,0/0
/spttest/db9kmr6yeafc,18515239b3999648,1024,0/0
/spttest/lxpdoyrwk0lt,2811b3e691e8cc11,1024,0/0
/spttest/5khr750vezgl,a2c436423b33a05,1024,0/0
/spttest/j25w6mnfp13m,22d0c6891ecbdcd2,1024,0/0
/spttest/c922ikc0001y,16610568bf277046,1024,0/0
/spttest/bl0g62nlfldz,1528b18ab8ddab07,1024,0/0
/spttest/docw33xu4tny,18fb610e8c5b612e,1024,0/0
/spttest/6nud6ag8j1md,c2b653593a5f6f5,1024,0/0
/spttest/6mfbf3782rdi,c18f9eca8136b16,1024,0/0
/spttest/ihe026c5z58g,21c2ed093697ba40,1024,0/0
/spttest/a91i9yhxz4ce,12b996fed9a205be,1024,0/0
/spttest/1nqsnlpacyo4,308093edd3b9884,1024,0/0
/spttest/q1uzaw2dcucx,2f96232e98c719b1,1024,0/0
/spttest/iy7r01usy3gn,229d7cf28d3b2a07,1024,0/0
/spttest/hw9t2lv0vmt9,20b0a33def1a313d,1024,0/0
/spttest/expr00rt841l,1b4889590b2b4f79,1024,0/0
/spttest/ukp4qrs9mtxu,37d947c7c5e20a12,1024,0/0
/spttest/lzcwhifhetgd,28272dd87a3f399d,1024,0/0
/spttest/9t0pfy12kxq0,11e978e822abadb8,1024,0/0
/spttest/xj0jwfzhmy4i,3d3e43ef7a256342,1024,0/0
/spttest/pbgq9yud41lx,2e3f46319d69a625,1024,0/0
/spttest/nhpsriai0d1g,2ae940f20c27dc04,1024,0/0
/spttest/fmutoiwdf2bq,1c8f197c3aa68686,1024,0/0
/spttest/u3ai4rp9wb2n,36f72f3ec2615d0f,1024,0/0
/spttest/xt08or5zkgg5,3dc00bbb28a97745,1024,0/0
/spttest/lcnhirp8mxhx,27003e98274b8f15,1024,0/0
/spttest/1xy6akxnctmr,38c97622c7f7c03,1024,0/0
/spttest/6kg9g6s9re2y,bff56b9dc8b790a,1024,0/0
/spttest/x237htws3c9h,3c6267d8481e8cd5,1024,0/0
/spttest/i2711crsg4k,ea99645ed43ba4,1024,0/0
/spttest/gztbkbqvkffd,1f0b0836a37f6219,1024,0/0
/spttest/5g6g3e6x3hjs,9f439d2b125b498,1024,0/0
/spttest/ala3u3am2gj6,13589056af83ae32,1024,0/0
/spttest/91v2od2f0now,1088bab8836dfef0,1024,0/0
/spttest/vsp2b0b13326,3a14c8d249d39f3e,1024,0/0
/spttest/bsjjm68cfu08,158a822e2da6d1a8,1024,0/0
/spttest/xby8im7via3u,3ce28131592ddeaa,1024,0/0
/spttest/6ry83oezxjak,c60beb1af921aec,1024,0/0
/spttest/57iu7ki5xhmc,983cb26614e8474,1024,0/0
/spttest/xzli7ohw65g0,3e15a7720c70a510,1024,0/0
/spttest/ae0oji0jlo2e,12fa3cfc575c4016,1024,0/0
/spttest/4byzsfz57bed,7e9f724a285b675,1024,0/0
/spttest/xj3pe9guskeq,3d3f67239bd38452,1024,0/0
/spttest/djfvxblbaquw,18bb83772617f578,1024,0/0
/spttest/husynextrdzv,209d92097906809b,1024,0/0
/spttest/2hma10txhh12,48c15ae5aef0576,1024,0/0
/spttest/2m24vsk56buu,4c5c365f194f686,1024,0/0
/spttest/6gh2a0lxcb5k,bcbabaac01a7878,1024,0/0
/spttest/arnjkzqqris9,13ab5911fa1dc9d9,1024,0/0
/spttest/v49qedbtxwao,38d78296225dbac0,1024,0/0
/spttest/dphnpdm7va7l,190a16a65c86d471,1024,0/0
/spttest/8vvu5yu3ls5z,103b11b6161cfcd7,1024,0/0
/spttest/l4diyljvgdss,2694bc8d52b724dc,1024,0/0
/spttest/mcsk1hiwus7g,28d5b024b7fbe24c,1024,0/0
/spttest/swwo5zq3gw9o,34d0a4c9f91c025c,1024,0/0
/spttest/9rthvziqyxcu,11d9e1b07af0af5e,1024,0/0
/spttest/46hu369c7df6,7a2d3f8291fafb2,1024,0/0
/spttest/weh60mcgoku7,3b2fb30bdd209f7f,1024,0/0
/spttest/r0bsng1n8f6t,3155d71af43ed9e5,1024,0/0
/spttest/j8gewdob4ose,232281c72126717e,1024,0/0
/spttest/tqhj78hqz6f4,3650dc3a181b8940,1024,0/0
/spttest/cvscurn1y2i1,17884528bb34ce29,1024,0/0
/spttest/777uu0w8ezy5,d270f2f2b01b57d,1024,0/0
/spttest/docacb4y1udm,18fb2943e86df20a,1024,0/0
/spttest/j25xrynb8axd,22d0ca9f32ca7051,1024,0/0
/spttest/qyoqo5o699na,3140884c534b0f16,1024,0/0
/spttest/799imw9wuzmb,d41a32300db73d3,1024,0/0
/spttest/ccqug0afv64x,1690edad4a8b07d1,1024,0/0
/spttest/gggsm94hjft3,1e0fb74dd95927c7,1024,0/0
/spttest/5e2t53nkdvct,9d8ef503f489ffd,1024,0/0
/spttest/v59ic2x1vkqt,38e46b275cee5fc5,1024,0/0
/spttest/kz7mlchsfnl,1107d9804c06f41,1024,0/0
/spttest/t2qxmden9oul,351c82611effa50d,1024,0/0
/spttest/oyuos9nftl4o,2d9b732f36f0cb38,1024,0/0
/spttest/loq4h5ib5ve,119b242334d887a,1024,0/0
/spttest/iifxwp9nnee3,21d09d81ea5b739b,1024,0/0
/spttest/nlv6a0djz0al,2b1f267cce7ab33d,1024,0/0
/spttest/blzw1zynq84x,15357b3148035ab1,1024,0/0
/spttest/jd07iweychbw,235d9b3f98bebcbc,1024,0/0
/spttest/9hmc4p36sciw,115567c53d137068,1024,0/0
/spttest/qgtoe4y65ria,305881ac28f76882,1024,0/0
/spttest/i8bzc2f3ugrs,214d4b20cbca4f68,1024,0/0
/spttest/prbdb4989lui,2f0d2b2fe395a2da,1024,0/0
/spttest/7tbu3en4f9rl,e4642687d1dbf31,1024,0/0
/spttest/c6oy13qpkix6,16424e99d7c16dca,1024,0/0
/spttest/153zof9jcatr,216002c824668cf,1024,0/0
/spttest/8t43k26s13ed,101714fbc86c5b75,1024,0/0
/spttest/nxxzqye8qgi0,2bbc09eb939e7608,1024,0/0
/spttest/eaiq824qupvr,1a1b3fdf56cce887,1024,0/0
/spttest/tly1r0g432ju,3615df6dc51cb3aa,1024,0/0
/spttest/np5znrkv21wk,2b4a05540a363524,1024,0/0
/spttest/y0g0tppfhiw3,3e20aa3f4d3cbce3,1024,0/0
/spttest/uvnxwyibj3ws,3867bbb7733c2d8c,1024,0/0
/spttest/ujsbt6vy5ywb,37cd71c2e4381deb,1024,0/0
/spttest/hd6c12v6tb39,1fb8968838b8df65,1024,0/0
/spttest/hxbz1jguky4q,20be688dc88577ca,1024,0/0
/spttest/el7pwyi5w6ve,1aa628dac7c3b7ca,1024,0/0
/spttest/563uis57l6nx,971652b2df7effd,1024,0/0
/spttest/keq820fisopz,254798af113dda27,1024,0/0
/spttest/ib2vmhjbafji,2170fa1049bc142e,1024,0/0
/spttest/ggs9eq9clf73,1e13da6fd57ab02f,1024,0/0
/spttest/w9wniiav73cv,3af4572df72093bf,1024,0/0
/spttest/nv452fzj4tfb,2b974a01d9823cf7,1024,0/0
/spttest/d87y1z4ovivq,1829c428a1438956,1024,0/0
/spttest/wao9t0i0dx91,3afe4e516f5fb195,1024,0/0
/spttest/ah5kf4wygyfw,1322f805e021f45c,1024,0/0
/spttest/phzwycroazsh,2e9421dd149377b1,1024,0/0
/spttest/o0ttq9tela3c,2be180c629b59858,1024,0/0
/spttest/n8h79xe67rsb,2a713f8df4f0966b,1024,0/0
/spttest/76r7cgy82byl,d210d073967790d,1024,0/0
/spttest/fk9vn5b1mnv0,1c6d9045a8a4df4c,1024,0/0
/spttest/6wmt3d6j9chx,c9d926b05d10285,1024,0/0
/spttest/2iss81psfiyf,49b6bd5004fbdb7,1024,0/0
/spttest/sberz499h4m,16fd12769c1e7f6,1024,0/0
/spttest/ki47b9vadsk8,25739bb42b7f47d8,1024,0/0
/spttest/q7plz4hkw94g,2fe222aff9846e30,1024,0/0
/spttest/cwa3s42pw887,178eac81974332a7,1024,0/0
/spttest/wsuhwctv7edh,3bea5be9c7aa1785,1024,0/0
/spttest/5xfycm7s1cc1,ad47957d2ed6cb1,1024,0/0
/spttest/j1ttjxzrckpa,22cc6b5e4c422ace,1024,0/0
/spttest/jthvu4k3by6k,2433cffec344f4cc,1024,0/0
/spttest/ngctisgl0h9f,2ad794d899180c63,1024,0/0
/spttest/1xlc27tuu839,387f56519e0e675,1024,0/0
/spttest/94qn2ri9k99k,10ae18fde7b6cce8,1024,0/0
/spttest/l5kbj9b4a0zn,26a42d5529740383,1024,0/0
/spttest/o2kww902op5c,2bf84418c2d46750,1024,0/0
/spttest/jgv25rxuuae8,238fb4ab79218220,1024,0/0
/spttest/5n6e7jrlt17t,a4f21c8e0d61c69,1024,0/0
/spttest/f4xi2i7wr4e2,1ba6422d07e38afa,1024,0/0
/spttest/ysl9o1lkwt0,1c3f39c31e27c14,1024,0/0
/spttest/5iyxwmwg9vi1,a187c5987b1f7b9,1024,0/0
/spttest/labkpk5bj1cy,26e1f7d7e14e2ca2,1024,0/0
/spttest/lecw8uxghce5,271666d66bdb6cfd,1024,0/0
/spttest/3homj5jss0w8,6608bbdd25bcb88,1024,0/0
/spttest/zwcfp94frkyn,4192a4669aa971df,1024,0/0
/spttest/nbwfzoc7a063,2a9db735b305765b,1024,0/0
/spttest/gacjmcegsxnk,1dc03f348654e160,1024,0/0
/spttest/hqw6epnvgf6y,206ac60557c0fbea,1024,0/0
/spttest/b4viqkq3wqvi,1457162f8e869b0e,1024,0/0
/spttest/ndo3xitb3xcg,2ab4afd59a69aa90,1024,0/0
/spttest/dw0phkupilxy,195ee5c336f5b096,1024,0/0
/spttest/7ziq27itpdm0,e96ae2d7fe0c628,1024,0/0
/spttest/sky8ppzuwvgf,343556cc5da9813f,1024,0/0
/spttest/aj3ah0i6a43r,133c2046a0e8c147,1024,0/0
/spttest/6attscqwc77s,b825720edc63788,1024,0/0
/spttest/q0mt3ocwvwfo,2f8633120b03c5f4,1024,0/0
/spttest/zlxfceour76l,410b5564f3f47b1d,1024,0/0
/spttest/u2avnzsanvri,36ea54b6baf92a8e,1024,0/0
/spttest/hjp9h064v5iz,200d5a81bb1bc9bb,1024,0/0
/spttest/c9278jhxx54k,1661118612696d34,1024,0/0
/spttest/dl65dubsdfis,18d1fa90e2d657d4,1024,0/0
/spttest/odwy4wer0auv,2c8b7d859f7629f7,1024,0/0
/spttest/sw7k62mevvq8,34c79553538b3860,1024,0/0
/spttest/sj29innxg177,341ccfd1f0c9d713,1024,0/0
/spttest/rab96jgye5s4,31d789b7c4b466c4,1024,0/0
/spttest/e6lnwugzgukx,19e85a04fe0e21d1,1024,0/0
/spttest/eelgbp7xbkxw,1a50309b1229cbc4,1024,0/0
/spttest/rr3gf8y2lrwm,32b18ab7a8b6ca86,1024,0/0
/spttest/gdzmecuyj6nj,1def8a92b202826f,1024,0/0
/spttest/o4dx0tlt6re6,2c0fb85bbdb5512e,1024,0/0
/spttest/rcc5wpvn783r,31f1d833c0f207c7,1024,0/0
/spttest/6lky7v03nruz,c0e0501bfd67fcb,1024,0/0
/spttest/jsn3b872v5w0,2428b3c24b882d90,1024,0/0
/spttest/mworb57knt3v,29d81a74324f131b,1024,0/0
/spttest/8bueyfy5cnow,f36c52f743f5ff0,1024,0/0
/spttest/xsxb387fn1pa,3dbefcca1acd935e,1024,0/0
/spttest/7an2ndsv3yc9,d538487efd0cf99,1024,0/0
/spttest/p4fhh4vrgqvm,2de3e6727f254312,1024,0/0
/spttest/jkks8knke9bs,23bff48e4cbab6b8,1024,0/0
/spttest/a96knqz0dd6h,12bb6af381894ff9,1024,0/0
/spttest/412qccbbn4fc,75c6e8d69212d28,1024,0/0
/spttest/besy2t2f9b1b,14d80d01c34fa71f,1024,0/0
/spttest/30z0ua9ym48a,5877ac61a1504ea,1024,0/0
/spttest/l4ayyxbziu5j,2693d085efe30827,1024,0/0
/spttest/mjjzdfc37kzx,292d84f6cc4c290d,1024,0/0
/spttest/2sj4jvzwhtnz,519d459aaf6ec6f,1024,0/0
/spttest/2dlyis5oxz6b,458032165f0bc53,1024,0/0
/spttest/km6n8xwsm84e,25a8725a80d3fe9e,1024,0/0
/spttest/afaib995gnwr,130ac5f150aa160b,1024,0/0
/spttest/t4pzga5pqa2i,35362538dbda427a,1024,0/0
/spttest/u9r7h46hqg6l,374b25b3b5c7dd6d,1024,0/0
/spttest/nm34ymo8y9xr,2b22060e7ae4aecf,1024,0/0
/spttest/kiv46q67h5et,257d519ff97c94a5,1024,0/0
/spttest/x97r9idcb6iu,3cbef8d66cfc35c6,1024,0/0
/spttest/xmilnfsjwmod,3d6bbed2e18ecdcd,1024,0/0
/spttest/79jag231i32k,d4529ce33de8d0c,1024,0/0
/spttest/nqd60wvdvji4,2b59997e92b97d7c,1024,0/0
/spttest/1ckdj3ikmwyk,276d6677ac95c5c,1024,0/0
/spttest/xc10nqbzxp9g,3ce38222bec16d24,1024,0/0
/spttest/zqdg57yeq0oc,4145125ddfd7cbec,1024,0/0
/spttest/myeitxewq4gk,29ee638816b40114,1024,0/0
/spttest/5q3i53tbwu6u,a750e8a06284fd6,1024,0/0
/spttest/lsbpa2qkpgrx,27cbd23096d8fd2d,1024,0/0
/spttest/lcqx1c6ri3tx,27017b82613cb6e5,1024,0/0
/spttest/sosd01dalh8f,34672c9d3865f87f,1024,0/0
/spttest/ds7t0b9onuko,192d80588b768688,1024,0/0
/spttest/r0l8ff57c5w4,31593ee66ab4f3d4,1024,0/0
/spttest/l5t33snpt0hy,26a75704be619cc6,1024,0/0
/spttest/w1iznuj1rngo,3a877f23ea7e1c88,1024,0/0
/spttest/ju9r1gjxanud,243dddffeb5dc435,1024,0/0
/spttest/rccns23ou9c9,31f2060ddb20aec9,1024,0/0
/spttest/sx310mz5szfv,34d2eff8d5e1936b,1024,0/0
/spttest/dp2t45vovae8,1904bb0246e08a60,1024,0/0
/spttest/jhjr1veneadz,23989d5fc024cb17,1024,0/0
/spttest/tba1zvpc6pte,358b52a7dd710832,1024,0/0
/spttest/13z8ol0nhw43,2074c2deb4083d3,1024,0/0
/spttest/63bbcmzy78pi,b20bc66236e55d6,1024,0/0
/spttest/a3txwjc2ybmm,1275e9dca6a6915e,1024,0/0
/spttest/24ye23y7afvw,3e7981a63544dec,1024,0/0
/spttest/7w06j8ytwfdr,e6905ad8f455adf,1024,0/0
/spttest/svehnlm7rwqq,34bd1832c5ee6d82,1024,0/0
/spttest/gcuub99pzyao,1de0d3c7cae46560,1024,0/0
/spttest/3gvytry8z6zx,656349be381ce2d,1024,0/0
/spttest/3g0snw17eju9,64af561110e26f1,1024,0/0
/spttest/5iovyo07orj2,a14dbae32d2085e,1024,0/0
/spttest/3gw29dgcvd73,6563d6afe3a308f,1024,0/0
/spttest/fqmadixm2q5p,1cbffa084cdf4aed,1024,0/0
/spttest/sqta2qtmx3x5,34817bfdce321c19,1024,0/0
/spttest/uwg8mc85alzr,3871f17e833312d7,1024,0/0
/spttest/726hr4l1p4xh,ce59ef87c50fa35,1024,0/0
/spttest/wfzeaknqiobx,3b43442ac69221ad,1024,0/0
/spttest/f3pej161q7vu,1b9658e3510bf36a,1024,0/0
/spttest/uce3tyogh8an,376d635668ae143f,1024,0/0
/spttest/3zuuqvdf5rqq,74c99a5fcda4eb2,1024,0/0
/spttest/o2gtklh2vur8,2bf6ca1888552374,1024,0/0
/spttest/a8nt0w01tqrr,12b4a56ad7a9cdc7,1024,0/0
/spttest/ttmwcqvl72kp,3679c39616f3b9c9,1024,0/0
/spttest/tvv9r3h8lolf,3696c36c73a44bc3,1024,0/0
/spttest/dwff2hv3imr1,1964348da8ab92ad,1024,0/0
/spttest/88gge85krokl,f0ac3f353097d25,1024,0/0
/spttest/bq7ksw6j7xo1,156c364af52d7131,1024,0/0
/spttest/35knmocumx82,5c33e012d0adfb2,1024,0/0
/spttest/6zj0oikjdusf,cc32c2ee2a6c01f,1024,0/0
/spttest/h13gfry74vj1,1f1bada84039179d,1024,0/0
/spttest/70d6o6b7uct1,cce0e99d1d86f55,1024,0/0
/spttest/izitd1vuo4dz,22ae785022693637,1024,0/0
/spttest/hwsmafz15l7b,20b76cd628e87797,1024,0/0
/spttest/63y8q2c64irw,b290220cb6d4e0c,1024,0/0
/spttest/dmxv1kqzrocx,18e8f799f637df11,1024,0/0
/spttest/g24hbvxp759o,1d556c541925a36c,1024,0/0
/spttest/8jacfx8jwp5n,f97716c401e2a5b,1024,0/0
/spttest/250gxr5vtbzi,3e85839fce184ee,1024,0/0
/spttest/3r6ty1fmceo1,6dc04b3ac34d741,1024,0/0
/spttest/ffvqm0lm2fw7,1c34812e26a486f7,1024,0/0
/spttest/bgvr115vbze5,14f30a89bebc8aed,1024,0/0
/spttest/bntovwhj3nv4,154d3919fc563290,1024,0/0
/spttest/hnyp3zeoah7w,2044b6f8ed6e75ac,1024,0/0
/spttest/4bxfyn168yhr,7e967e6990cba9f,1024,0/0
/spttest/jqg9hyp7ap4s,240c428ae8e068bc,1024,0/0
/spttest/cqwjbuxniy0w,1748d4f6162db7c0,1024,0/0
/spttest/dz9j5fwyz1ri,19890c9651e505ae,1024,0/0
/spttest/4luyj6chbo68,86a6702da1ed020,1024,0/0
/spttest/5wj7d5ffc416,ac8a85237503a6a,1024,0/0
/spttest/7pm9z8b3ugup,e1611d18f13dfd1,1024,0/0
/spttest/gf0wv09onl5m,1dfcff0ae3e166da,1024,0/0
/spttest/mnjhootxyzuz,29614c9c1197bf0b,1024,0/0
/spttest/yq9yqgyz9wrs,3f703359a19b5928,1024,0/0
/spttest/tx8ym93qt6qm,36a8b14454621d5e,1024,0/0
/spttest/9ecv82upsxuw,112b054f0ed3ab68,1024,0/0
/spttest/8rn8ve58g2by,1004031a6f2e4bce,1024,0/0
/spttest/hrb6l2594430,20702fff31aa2aac,1024,0/0
/spttest/ssg06j3znc2s,3496ac5467c53be4,1024,0/0
/spttest/8gq447rrsmxt,f762a2f11761a21,1024,0/0
/spttest/bejdh5w6pbja,14d498d59d16dca6,1024,0/0
/spttest/26ootb20glwi,3fe1287c5fc0ae2,1024,0/0
/spttest/3bwgavsc1jro,6156f29aff00654,1024,0/0
/spttest/ifhys4uvv6ua,21aa60b6cd112b62,1024,0/0
/spttest/lbzs6mu66gcr,26f7b11d8256764b,1024,0/0
/spttest/14nad1n4nler,20ff9538faa5c23,1024,0/0
/spttest/ff7d5vtr9x1g,1c2bb5d663b2ce84,1024,0/0
/spttest/d3f2yzazd5yh,17eb651176467a69,1024,0/0
/spttest/pn3taxy3g2ov,2ed67c4117aaac9f,1024,0/0
/spttest/ubo4wx2rhba3,3764048a26f2a65b,1024,0/0
/spttest/8060li9yebmo,e9f15ae3c63b860,1024,0/0
/spttest/z7i0amxzbq5s,404feba9dc4a6030,1024,0/0
/spttest/c90snvpj8mxa,16608fc30fcdcd0e,1024,0/0
/spttest/tphmksu9u5qr,3643e7a266281993,1024,0/0
/spttest/840ejr9g6tij,ed1044b57821eeb,1024,0/0
/spttest/wr0gt1dwayv4,3bd288ce93c29300,1024,0/0
/spttest/fvry7a0hjdxl,1d02f74a7369de49,1024,0/0
/spttest/26gzox0wk8qe,3fb4b7ec4bc9936,1024,0/0
/spttest/8tsb292datb9,101fd1140e8937e5,1024,0/0
/spttest/7ifcv8fmj895,db8a5db363b6289,1024,0/0
/spttest/4boi5s0cqzj9,7e62e3a1725c265,1024,0/0
/spttest/f1tyidd1a7kj,1b7e031db3d589d3,1024,0/0
/spttest/w2bz9yj91064,3a91f4d45720ec1c,1024,0/0
/spttest/k4vsfouebw0h,24c7b63f9235bcd1,1024,0/0
/spttest/t2dd9d908srf,35179d59857b179b,1024,0/0
/spttest/fn7sdt0vs3vv,1c93c6f1546491ab,1024,0/0
/spttest/chreliaop5rd,16d213ab1397c969,1024,0/0
/spttest/q1rwx3z2808w,2f9507f6acbcd140,1024,0/0
/spttest/6ecolw0xbcze,bb01c9b139b177a,1024,0/0
/spttest/ckedgdiiryib,16f457b83ddd9173,1024,0/0
/spttest/nmddmdiopbi,132d3550842dc2e,1024,0/0
/spttest/fh2w1mshu9m5,1c4412f4e634cd2d,1024,0/0
/spttest/493vp99zlxh2,7c4c2b9524733b6,1024,0/0
/spttest/c0ph9euq4kid,15f4906713d4f2d5,1024,0/0
/spttest/w550kpegka5f,3ab6695a88270863,1024,0/0
/spttest/po7oezv14klp,2ee4de71a4f16e4d,1024,0/0
/spttest/oy8joreqrmow,2d9376011632ada0,1024,0/0
/spttest/ot5yaondtv7l,2d51941970052c41,1024,0/0
/spttest/tfrm85okgpg6,35c59dd92fcb28d6,1024,0/0
/spttest/4xvowcbd1qcz,90689bd9b3434b3,1024,0/0
/spttest/8iugj0w5ei6s,f91b603e1c5b894,1024,0/0
/spttest/9y4c33qor462,122bba649a02fdda,1024,0/0
/spttest/txejo42qmtje,36aab51f47cd210a,1024,0/0
/spttest/h1qq1k98fk9d,1f2412c588a56051,1024,0/0
/spttest/7cigpqdux4lh,d6bd54aac26a785,1024,0/0
/spttest/n1d84dja3obw,2a14e3745d55e3ec,1024,0/0
/spttest/qxtvrw17t8wy,313565fa41389d62,1024,0/0
/spttest/8k7skjfp27ox,fa382f4d9751871,1024,0/0
/spttest/y9quc0i96x83,3e9978f3c98c1eb3,1024,0/0
/spttest/yd4j20sgy44c,3ec560f12d0bc95c,1024,0/0
/spttest/lufw4i5esgy7,27e74fbd56c466cf,1024,0/0
/spttest/d7ty98b0ss2y,1824b78537e8492a,1024,0/0
/spttest/ihzoo51iy4r,f04c712952d24b,1024,0/0
/spttest/potsi4rkjvst,2eecd9082beac7bd,1024,0/0
/spttest/3mub58gxxd64,6a38b04d98281ec,1024,0/0
/spttest/nrpozstw33nr,2b6b1bd7380f6947,1024,0/0
/spttest/valyb3kto7ui,3929dad6c2cd3aba,1024,0/0
/spttest/ih8ei6utmu0e,21c0e7e38e6f966e,1024,0/0
/spttest/34bskfsetxwm,5b30e1a649cfee6,1024,0/0
/spttest/gwva5sozszwr,1ee4c594133807cb,1024,0/0
/spttest/7ypgddgv20u1,e8c1ea2f9373fb9,1024,0/0
/spttest/44phszd882dc,78b9ce2d6304a00,1024,0/0
/spttest/ev6g105fawt0,1b2797af25c3a794,1024,0/0
/spttest/l835vli088el,26c4f453d1ec748d,1024,0/0
/spttest/tmmaqzkplx29,361e9f5b6098d3a1,1024,0/0
/spttest/m22m1hhmtbm1,284a6f222199ea09,1024,0/0
/spttest/bm5sxs75u8ju,15379d67764c27ca,1024,0/0
/spttest/1m188onq1u3j,2f1d2676327e49f,1024,0/0
/spttest/kkbhnag1pkuu,2590374f276176d6,1024,0/0
/spttest/5o1aqyg4ildl,a5a4851fe7ea0b9,1024,0/0
/spttest/tno58kcf445q,362c47354bf74d0e,1024,0/0
/spttest/72n3zjo7x0ru,ceb9de8eaba392a,1024,0/0
/spttest/jvd7ln1jualy,244c1ada1b47d836,1024,0/0
/spttest/7x2yrzd60p6c,e770422b5be8974,1024,0/0
/spttest/3f0vof0iktll,63dffdb7c7314d9,1024,0/0
/spttest/657qyp8e347u,b396d7fa6d1361a,1024,0/0
/spttest/lftfphzaf0kb,27295bec0da6b69b,1024,0/0
/spttest/7mgcgzsjig5u,decf63c8e4d3552,1024,0/0
/spttest/m0ul7i2ufusq,283a8ccb2dd14faa,1024,0/0
/spttest/pby6w6g8490u,2e459316eafaaeae,1024,0/0
/spttest/m5dqekq3yn0u,28756a26776cf40e,1024,0/0
/spttest/d393vqro0xzz,17e93d319e7f701f,1024,0/0
/spttest/8oehzk704s3o,fd9e3687356e344,1024,0/0
/spttest/o1or4gvtudgx,2beca981086bb8b1,1024,0/0
/spttest/dzx2es9ilnu2,19918a78f9efc1ea,1024,0/0
/spttest/9qfzd8d16br0,11c8041fed1935fc,1024,0/0
/spttest/cpr5rkeuacnr,1739e70fd67c3497,1024,0/0
/spttest/z27mim6qvqwr,400b3a585aceabfb,1024,0/0
/spttest/r0w07i8sex5j,315d21dc44703b57,1024,0/0
/spttest/co7wr4fia78h,1725f7af50ed3121,1024,0/0
/spttest/y5rnt1wj6im2,3e65cf8c299f66ba,1024,0/0
/spttest/jbo50zkh2u56,234c432a20feb61a,1024,0/0
/spttest/1reffa1uh786,33787e7b6db20d6,1024,0/0
/spttest/gg021yw6tuxi,1e09ad4191c3e7d6,1024,0/0
/spttest/cf0ziah4bces,16ae90dd4b9d9b94,1024,0/0
/spttest/r9ms84xrq3z4,31ceb5601e27f5a0,1024,0/0
/spttest/rc4wvb57i2xi,31ef3a6e9514ea56,1024,0/0
/spttest/l3tof5vy8k45,268d93325c8465d5,1024,0/0
/spttest/23hp0v0wm146,3d494b88dd3bf26,1024,0/0
/spttest/n9ee1qn4fm3j,2a7d39155e723d9f,1024,0/0
/spttest/iwf4161u1313,22862a724c94e797,1024,0/0
/spttest/lknpr8orrnjl,27683dc73cc54af1,1024,0/0
/spttest/zn37e4ye6e1v,411a6875207be2a3,1024,0/0
/spttest/z3hunyvpt4qg,401be8312a993238,1024,0/0
/spttest/5yna7c3tocqq,ae41b972cf6ff82,1024,0/0
/spttest/uxvbxuwsutaz,388460cafaf92bdb,1024,0/0
/spttest/x2ksxcyutd8m,3c68c117df868e46,1024,0/0
/spttest/kn27x7ln59r0,25b3d6d07f5f5b9c,1024,0/0
/spttest/5f2gbbhmjq8u,9e5cba87bd1359e,1024,0/0
/spttest/4rrek8sprwzp,8b70e350cde08c5,1024,0/0
/spttest/kpm8kvo01xq2,25d50a6130b0b0fa,1024,0/0
/spttest/4l1mug7sw9k2,85fd258a2259062,1024,0/0
/spttest/n5tnm6zwcnn,12cdad6421c0313,1024,0/0
/spttest/6k7mvz21gkv5,bfc39e45fb5a6a1,1024,0/0
/spttest/2golh8agnqtn,47fee8a21a51f8b,1024,0/0
/spttest/q051s28nhy2z,2f7fcab4d6717dcb,1024,0/0
/spttest/to0u56okqzbj,3630db87e5c2c94f,1024,0/0
/spttest/523187f5rz64,93d24faf1dc1bcc,1024,0/0
/spttest/eet3y4e7vbrr,1a52f3cb64f66c57,1024,0/0
/spttest/89dby24s2qh3,f16a0afe46bbe87,1024,0/0
/spttest/ui39yu1ivm4y,37b76a91b2bbd7d2,1024,0/0
/spttest/dar7uwljz7e0,184ab2d29d0ff728,1024,0/0
/spttest/8kycaemt1ujx,fad171fcc6805ed,1024,0/0
/spttest/n0k2fu0s87zo,2a0a5e328b4f1674,1024,0/0
/spttest/d8rhk0ynv2tl,1830d13116275f09,1024,0/0
/spttest/ihmksu0kpcwt,21c605329381819d,1024,0/0
/spttest/5g8g8gw67n5w,9f4f2ebd446b704,1024,0/0
/spttest/xpj33p4kajrz,3d92e35f00f4f69f,1024,0/0
/spttest/mxxmk48af6ge,29e84ad5dc03786e,1024,0/0
/spttest/miauibdatr2m,291d3be9a86bfc4e,1024,0/0
/spttest/hyfmo52zoqy6,20ccb78a036b396e,1024,0/0
/spttest/fjzl94sw7m9f,1c69d9eedb20fc73,1024,0/0
/spttest/khrb7o69r1pk,256ef4ec4a3e0268,1024,0/0
/spttest/av2t7hnx7m85,13d7d30f4010b945,1024,0/0
/spttest/ces54eocj04c,16ab5ff499c1535c,1024,0/0
/spttest/2k68s8y7sn1l,4ad445e443912a9,1024,0/0
/spttest/w2wklensapel,3a9962e4461c171d,1024,0/0
/spttest/8rdwfw8vbcw6,1000a3e528837506,1024,0/0
/spttest/twb6vezw96fx,369c81ed120db4dd,1024,0/0
/spttest/tyxj1dzmjwu5,36be8bc182cf7efd,1024,0/0
/spttest/ud731udf4equ,3777d8032eaf06a6,1024,0/0
/spttest/mzg7w8j1y76f,29fbfd773a23a5d7,1024,0/0
/spttest/cq68onkhflkp,173f581346540bf9,1024,0/0
/spttest/2yseravi9kju,56b1d641a935e4a,1024,0/0
/spttest/3uv0ux1dgeu9,70bb70c3e9c1021,1024,0/0
/spttest/d22q5935eb48,17d9f27bffab10c8,1024,0/0
/spttest/2fif9n6jni62,470b723535936ba,1024,0/0
/spttest/50ir96yxxbp5,928d6c56ddce279,1024,0/0
/spttest/z4y11etd7qjf,402ebbb18631631b,1024,0/0
/spttest/uccc5j4b7dwb,376cbff3a80b2d1b,1024,0/0
/spttest/q92bw24onpe8,2ff3b6dade4ba850,1024,0/0
/spttest/orbbkcxekcbp,2d398978c9bd2d65,1024,0/0
/spttest/gkv91pdtuq92,1e48e3a3e6434166,1024,0/0
/spttest/c5v2pbl9ejag,1637878af9b86628,1024,0/0
/spttest/cgdy2vcc1gm1,16c03b3e55c9b659,1024,0/0
/spttest/tteky9gsmsmt,3676c3626ae02675,1024,0/0
/spttest/13tglg75urv,e5df3b7cb220b,1024,0/0
/spttest/hm0bst3g2hjy,202b530b30ca915e,1024,0/0
/spttest/tuu99btma0b5,3689688844667a11,1024,0/0
/spttest/oa48s4w1h3d4,2c5a2a62f9fd8c48,1024,0/0
/spttest/hg90hg2iht3s,1fe085c8bb468798,1024,0/0
/spttest/3jx4d2nwui9j,67d96f3a08df3f7,1024,0/0
/spttest/2hninj0hqeo7,48c882df84a6dc7,1024,0/0
/spttest/gclnp42xrll5,1ddd837e48d22f09,1024,0/0
/spttest/4463s03o35ag,7849de60f634188,1024,0/0
/spttest/gqicuw6y9viq,1e922c2bd22fc1d2,1024,0/0
/spttest/chl7cd1l37r2,16cfd6d8b2a0f2fe,1024,0/0
/spttest/891nb5cqb7e1,f12696cb9b51429,1024,0/0
/spttest/9vn9nq3e3ql7,120b9764484dc35b,1024,0/0
/spttest/9mz0t0k99iha,119aedc8fbbb7ece,1024,0/0
/spttest/kdks25ux686s,2538a48b4aa537f4,1024,0/0
/spttest/pxoii6qjxffk,2f5fd8d8eb104760,1024,0/0
/spttest/8we5zff5932e,1041aea9b967e8c6,1024,0/0
/spttest/5x5bk2eey7yo,ad0a32db49e42d0,1024,0/0
/spttest/cescld9t3jwg,16ab731ff3249880,1024,0/0
/spttest/hzmik70bhvei,20dc30d441d7143a,1024,0/0
/spttest/81jt632sp1r3,eb10d0877a0691f,1024,0/0
/spttest/pjg5k4ssr2xm,2ea6fb173719139a,1024,0/0
/spttest/o5kx0b2eq1f8,2c1f3c27f5654fb4,1024,0/0
/spttest/hj0jl7qu0kf5,20046f42356d9d61,1024,0/0
/spttest/29yx8dhve9ti,428bb954a485c36,1024,0/0
/spttest/h2506b04u91g,1f2939ec42fb3d44,1024,0/0
/spttest/a4h6kx4rbqhb,127e4c9879cef5cf,1024,0/0
/spttest/tjz4bssp3ulg,35fc47e58e3fe6a4,1024,0/0
/spttest/lc2ac8nx9d6d,26f8986f796ea7f5,1024,0/0
/spttest/5ue1ltoxr8wf,aacd130a31996cf,1024,0/0
/spttest/grhigsanvt4l,1e9edb72e7de4435,1024,0/0
/spttest/jlvwoj147kbi,23d0f5437696ba9e,1024,0/0
/spttest/lt8sb0u9s0kp,27d7c21b4ef292e9,1024,0/0
/spttest/dkqro42yalxd,18cc6dda76797781,1024,0/0
/spttest/wd49obu1ydj6,3b1e0e63b8060202,1024,0/0
/spttest/f8elfieotx3r,1bd364d499f33cd7,1024,0/0
/spttest/qh4dwyuz1qr0,305c5ed7763698ac,1024,0/0
/spttest/ixl5g0ngz8i9,229555896e44e1d1,1024,0/0
/spttest/wzqx9irl70wa,3c43fea992e6e14a,1024,0/0
/spttest/mffhybods0vj,28f7f1c4fe77b06f,1024,0/0
/spttest/zwzv1z5dorcc,419b184390ec716c,1024,0/0
/spttest/c2k2fio48zp9,160c9705f7d32abd,1024,0/0
/spttest/x7jzqa399kjo,3ca96876ed058544,1024,0/0
/spttest/hvp2k943fbb3,20a927dbca0ce9ff,1024,0/0
/spttest/cjqoukcacra1,16ebcc1de831cf19,1024,0/0
/spttest/tgvlp3mm2zmk,35d40b3848627edc,1024,0/0
/spttest/m6pi9445kcxn,2886a6e90ebbb37b,1024,0/0
/spttest/bm7m45tul76k,153844a27f7ad99c,1024,0/0
/spttest/kaqxox3abupz,2513e56f26f8b647,1024,0/0
/spttest/mhwgkabe7nmw,29180afa1004ed68,1024,0/0
/spttest/ywumn8g0ibub,3fc5979a7df58c73,1024,0/0
/spttest/xk0qyyu08zde,3d4b535521243d12,1024,0/0
/spttest/7wcjb2opwzso,e6d7ade95657638,1024,0/0
/spttest/m03l7je4f0od,2830ceda8d691d2d,1024,0/0
/spttest/axre4ycvxvtw,13faac1c8f356e64,1024,0/0
/spttest/qg030l8o3sb5,304dd4257d2e3a11,1024,0/0
/spttest/2v1ukimu2dxf,53a903f4f4ac903,1024,0/0
/spttest/7t1ya0rghf9y,e42b175d5fa4396,1024,0/0
/spttest/q7xd5ld7bwm7,2fe4ef00987ac4df,1024,0/0
/spttest/w1m5n2n2l21a,3a88a395a309db8e,1024,0/0
/spttest/ljvckk568vla,275e01a2d4c78bee,1024,0/0
/spttest/qkmke0vni3kk,3089e5d9bc27b594,1024,0/0
/spttest/17ekhrfmuw0i,233cbc6c2fe5f92,1024,0/0
/spttest/pzm12qekkoxt,2f78ede791716741,1024,0/0
/spttest/jbqbgmonwtj8,234d0c691d169484,1024,0/0
/spttest/si08pbwob79x,340f17bc98d58195,1024,0/0
/spttest/nwss2nkxyfh9,2bad2b213e2e03dd,1024,0/0
/spttest/qgtj0hiis1wh,305873dee2d7e2a1,1024,0/0
/spttest/qtqwnz27c6dt,31005e21f2204a51,1024,0/0
/spttest/ag838lc6205k,1316e3c945dc3348,1024,0/0
/spttest/3p75oc1jp9pf,6c228493cef5463,1024,0/0
/spttest/333o0k481lsc,5a322386d99fc8c,1024,0/0
/spttest/3vyakez4yc4v,719e251937541ef,1024,0/0
/spttest/6owtg8f2pzxn,c3944f6b80ee02b,1024,0/0
/spttest/csjnzl5hutv0,175e2aa45220e7ac,1024,0/0
/spttest/tn1l14hfq94f,36242342c7db83af,1024,0/0
/spttest/7sxfqdv7gbbt,e41106759b23059,1024,0/0
/spttest/l3704ebfogh8,268564bfcf8ec46c,1024,0/0
/spttest/gse4jpcqlocw,1eaa9fe34accc890,1024,0/0
/spttest/6mis4wzn3fwn,c1a39ec28535647,1024,0/0
/spttest/xak2xw07la6j,3cd06879717ccdcb,1024,0/0
/spttest/cvrygaw7fsjk,1788203508cbc540,1024,0/0
/spttest/lwz86tzevvwt,280844347eb03d4d,1024,0/0
/spttest/m4nrpbzgh8w7,286c0be88e8bb347,1024,0/0
/spttest/21hwkubf90c9,3baad978c00c4f9,1024,0/0
/spttest/2v7fppk18f5n,53c94570dcc3fbb,1024,0/0
/spttest/1frphn84a4ic,2a0737020848954,1024,0/0
/spttest/da8gexwwflfc,1843edc7c96c4a38,1024,0/0
/spttest/cscc0fbb3vbs,175b8555a06fa858,1024,0/0
/spttest/ahh2ka6myf33,13271e9fe135cedf,1024,0/0
/spttest/i8x23hs64lu4,2154e5f290f7cd8c,1024,0/0
/spttest/rp2nedlssolx,329745bbf1dbcb95,1024,0/0
/spttest/ozr7i5ex6lod,2da72eff3ae63c3d,1024,0/0
/spttest/jzgzp77v2e77,24816d1450575f63,1024,0/0
/spttest/mu9o5akoig4m,29b8ae4d6c12ea26,1024,0/0
/spttest/dtv4nxfn74is,1942e7fa9c6af5a4,1024,0/0
/spttest/gtfeg8pr9jj0,1eb812ec862b4a1c,1024,0/0
/spttest/u84ywut4oufk,3736225fa85aa810,1024,0/0
/spttest/q7tlklvuk4ks,2fe39320302b5e2c,1024,0/0
/spttest/7a2ot1s4tntr,d4c29a62511e1df,1024,0/0
/spttest/g0apitq4kf4k,1d3db10b99300594,1024,0/0
/spttest/40qpm8x3hcd7,7581846105b5fdb,1024,0/0
/spttest/5cj6x7744yw2,9c4de0cb9b639a2,1024,0/0
/spttest/6dzajhklsetn,bab47b9fa380f0b,1024,0/0
