/spttest/ljnjwu9583b4,275b3186a0a08bc0,1024,0/0
/spttest/p1b663jjozf6,2dbb60319e479852,1024,0/0
/spttest/no2f5mb1d4pi,2b3bbe5b98e1a616,1024,0/0
/spttest/ewv41ijr18gl,1b3d7b64db5c6815,1024,0/0
/spttest/7jjgppp3pqq0,dc71e74a7820a88,1024,0/0
/spttest/58ou73aennf6,992f294ff90fc52,1024,0/0
/spttest/b0v2lrhuuhsd,1422f7c36a5b678d,1024,0/0
/spttest/ma8gyc4vimjc,28b47657e15b9198,1024,0/0
/spttest/vb9queoyos1w,39327086d0c4c604,1024,0/0
/spttest/3q6ofav5sadl,6cef947dc1a8489,1024,0/0
/spttest/rpix4xcbt4sl,329d249c38c16885,1024,0/0
/spttest/7ed80izfla71,d83eba4269f21dd,1024,0/0
/spttest/ccb5cb9es70b,168b43becc1c547b,1024,0/0
/spttest/rry8uudgqqb1,32bca6b7d936cbad,1024,0/0
/spttest/gf4p5rco6pgg,1dfe5cc16d027e60,1024,0/0
/spttest/le5o70w4if4v,2713cb9a55c7e11f,1024,0/0
/spttest/9qxbavq5ffb7,11ce4501b6603843,1024,0/0
/spttest/8ngyqfgef44t,fcdc9daf33240ad,1024,0/0
/spttest/wsltd3ejmi7j,3be73a03ff0360af,1024,0/0
/spttest/xw9xvcw34oxq,3dea836e43683a3e,1024,0/0
/spttest/8x106o3wqrb7,1049ec41036a18c3,1024,0/0
/spttest/gxuqsgnyal03,1ef191228875a6d3,1024,0/0
/spttest/oybdxdpc6a4v,2d947c541da518cf,1024,0/0
/spttest/mri087x3973z,2994b879e526033f,1024,0/0
/spttest/5p2ka7xb8hm0,a67ba6906230a28,1024,0/0
/spttest/s0vnirx5h7y1,33309e8cf775bb79,1024,0/0
/spttest/ui0vetkfy542,37b68c7c3bf8dd62,1024,0/0
/spttest/weeladbb3kz2,3b2ec51f8b50d3ee,1024,0/0
/spttest/bkr8tbl38fe6,15255f5bbd3946ee,1024,0/0
/spttest/f1sj4fnspmu8,1b7d7f448c0287e0,1024,0/0
/spttest/rufquv8uw9um,32dcf1ad767167de,1024,0/0
/spttest/phnjhc8rjphq,2e8faae077ad22ce,1024,0/0
/spttest/dl7qyozc2ati,18d28e4d42ed9b46,1024,0/0
/spttest/vah0zqwt9x7b,392813e2cfd12d57,1024,0/0
/spttest/a3c1zb2txw9r,126f75b1b46e169f,1024,0/0
/spttest/gjolvpdddc3j,1e3980bbbca84f7f,1024,0/0
/spttest/htnf2bs5lndz,208e94afaa86aea7,1024,0/0
/spttest/fzwa1298xvtk,1d387c231bab4b58,1024,0/0
/spttest/72n3zqglt3s1,ceb9dec5b828d61,1024,0/0
/spttest/chkqzn3hj2ve,16cface32598624a,1024,0/0
/spttest/hkqqzw5d5l1j,201ae118a55d1ac7,1024,0/0
/spttest/sf7vhqkkaqvk,33eae1042011ea90,1024,0/0
/spttest/kj4t130z8adj,2580d0ae77bf5987,1024,0/0
/spttest/su40fk44fr8f,34ac5311543f4b9f,1024,0/0
/spttest/yg2hay57vabk,3eeb9b7afdf68100,1024,0/0
/spttest/51er5q44iuhx,934624ecac05ee5,1024,0/0
/spttest/6u35vuuleirh,c7c815c18a2637d,1024,0/0
/spttest/c6vg6cswmsz3,1644a75e6b248c2f,1024,0/0
/spttest/kawra2q383zq,2515ff30e62ef136,1024,0/0
/spttest/6sb6qnh28qp1,c656bfcaf8d4f25,1024,0/0
/spttest/651e3l065ajj,b3722482f669a9f,1024,0/0
/spttest/h61u6b3butfw,1f5c0a7357ccf78c,1024,0/0
/spttest/boeqthqsbfl,97b07e89c8b6e1,1024,0/0
/spttest/2mzpcqqd0m44,4d1e012ebf9e4f4,1024,0/0
/spttest/odaam1lix9tt,2c8351104e2f0601,1024,0/0
/spttest/e5ntkpts5t3l,19dc24078dc4e291,1024,0/0
/spttest/6jlrbdwhhk4i,bf4552700d44122,1024,0/0
/spttest/fmtfgowtjpnr,1c8e98a3451a45a7,1024,0/0
/spttest/ui5wtlpkcv46,37b85df220715086,1024,0/0
/spttest/c60cfnblb9d9,16396e5a3963752d,1024,0/0
/spttest/5syy4nc3iu3f,a9a617cf1a76bdb,1024,0/0
/spttest/s6wplwx8almh,337eefd08719f7f9,1024,0/0
/spttest/gbawpknpy7ms,1dcca54f8f575024,1024,0/0
/spttest/4fdu6339tyy8,8164a03b7a09b30,1024,0/0
/spttest/r55tbdqz6bse,3194a0e2ad9bbc2e,1024,0/0
/spttest/7rlohy72zof8,e2fd5380c258464,1024,0/0
/spttest/wqgdiorowp39,3bcb4901cd84ab05,1024,0/0
/spttest/dw56bcdw0gqh,19608268d30a48b9,1024,0/0
/spttest/auuh6ajixc0d,13d4d13d24f4590d,1024,0/0
/spttest/r7gv4u531z63,31b2981d5d7f5f4b,1024,0/0
/spttest/ap3wlyc1fq3p,138a489d979be2e5,1024,0/0
/spttest/20wou2fmkidl,3b305fd78f3ac09,1024,0/0
/spttest/wwmrdemnh33s,3c1b864d2a52d8f8,1024,0/0
/spttest/8ps8muqfn3mu,febd5d2894ae926,1024,0/0
/spttest/9t4dfc0bxb95,11eacb8bf7192239,1024,0/0
/spttest/lxx6z3cc6ju4,2814859b9d91d5ec,1024,0/0
/spttest/oog4ly0n1n6g,2d144db204ae0298,1024,0/0
/spttest/p8jon5acxp12,2e195f56088d00f6,1024,0/0
/spttest/sy6ppk3p8rx4,34e141b03b496458,1024,0/0
/spttest/oddxoayoik1n,2c84a157b14fb5fb,1024,0/0
/spttest/hanqfixsxrmn,1f97e5f8ffffaa1f,1024,0/0
/spttest/c5lqb9ib001u,1634286ff61bc342,1024,0/0
/spttest/cic2oszhkkww,16d988d8cff483e0,1024,0/0
/spttest/paz4yik6d83r,2e38ed3c697ba047,1024,0/0
/spttest/acrek91lzdny,12e9e6cf7a7c98ee,1024,0/0
/spttest/vkhgd0hav3it,39aa1fe2b2189195,1024,0/0
/spttest/jpu89yfh7ux1,24044f4e06894545,1024,0/0
/spttest/9lxpunvul6hl,118d780dce8cbe19,1024,0/0
/spttest/ao6dt7a4gubu,137e303af508998a,1024,0/0
/spttest/b64qmfghnm8v,146766fcc904315f,1024,0/0
/spttest/rk7cez7g1lsg,3258051c61246090,1024,0/0
/spttest/r6mkuqr019by,31a7aab0ae0f517e,1024,0/0
/spttest/fnatihi553d1,1c94def25ea8dd45,1024,0/0
/spttest/97depy1ineq0,10d04a88f49f0048,1024,0/0
/spttest/ezm3s5kl9yr9,1b61332ececb6d35,1024,0/0
/spttest/mgmu4bcxpumr,290794d202848853,1024,0/0
/spttest/u45jr916nkph,370262d428b48295,1024,0/0
/spttest/4jnesgiu43sj,84db344111d5233,1024,0/0
/spttest/n8q88dsgt8zy,2a7481530c2ea2ce,1024,0/0
/spttest/p1kpv2deri6,1454cf20b2c27be,1024,0/0
/spttest/ox3fyzkrl5sg,2d84a15f3ec68b90,1024,0/0
/spttest/gqk0awt18e5t,1e92c4b1aba4aeb1,1024,0/0
/spttest/1keohvmicyjp,2dcb262a595d3e5,1024,0/0
/spttest/d95ea3nei1uq,1835d5f1405613e2,1024,0/0
/spttest/uslce88wany4,383fd3fe5a70d7bc,1024,0/0
/spttest/v28zqt61v85c,38bd43aef5ea0400,1024,0/0
/spttest/j3h5awla701f,22e1d33d66de39f3,1024,0/0
/spttest/9n687qg773u4,119d875f516e162c,1024,0/0
/spttest/exwavgoh9uof,1b4ae68c50aed48f,1024,0/0
/spttest/ka9notrtjq9h,250da982787a64b5,1024,0/0
/spttest/zt4fvfvfh6lo,4168ca202b5136ac,1024,0/0
/spttest/9ty2xtqdjbzg,11f583b038b4a86c,1024,0/0
/spttest/dlxb7o7bt1zc,18dbc776a5655648,1024,0/0
/spttest/lhvexf8llp8d,27440d2bc610f7fd,1024,0/0
/spttest/fhtfnyuda2j9,1c4da6df687e7055,1024,0/0
/spttest/bd9lptmeuwp,93ab404673cdf9,1024,0/0
/spttest/gvhfosfrqmgy,1ed2c9594fb54b42,1024,0/0
/spttest/m6ph7f6d1ojg,2886a43954e8e77c,1024,0/0
/spttest/arto2a4n5yoo,13ad8ec6664b65d8,1024,0/0
/spttest/wolf2daptr7h,3bb3204da5539ffd,1024,0/0
/spttest/a4jktekn4dne,127f29db9785851a,1024,0/0
/spttest/2f9q10zu99kp,46d936eef5822b9,1024,0/0
/spttest/79r5ykwloowc,d48013e1e53090c,1024,0/0
/spttest/wv06z1ex006h,3c06649a8c5a89e9,1024,0/0
/spttest/dcxk0chgg5qo,1866f6b90c973510,1024,0/0
/spttest/wel4w9s2iyaz,3b3121a4c082402b,1024,0/0
/spttest/5wbbuh1gxaq2,ac5d0df7a9ef88a,1024,0/0
/spttest/1x6rbltf03t6,382b306f641264a,1024,0/0
/spttest/bexfxg14t972,14d9ac4824c03bce,1024,0/0
/spttest/z2gj1df49yyf,400e70bba5024937,1024,0/0
/spttest/hzajwhgkk055,20d7dfda19dc21b9,1024,0/0
/spttest/i49pugkjmple,211885048c656e12,1024,0/0
/spttest/kc0fmtzce0mh,2524500a5faf42a9,1024,0/0
/spttest/hyzghjonn9l1,20d3df0a0d29d745,1024,0/0
/spttest/licbjo0h9s5p,274a26c0d9fde7cd,1024,0/0
/spttest/5m2025clp1vm,a408ebfc4cb8ac2,1024,0/0
/spttest/3eo6mfgeonm3,6396b26f4f40b8b,1024,0/0
/spttest/5xlrygrxv1lb,ad693263447a6cf,1024,0/0
/spttest/ptpgzhgdoye3,2f2c3c4a38c0011b,1024,0/0
/spttest/ykm1empywzta,3f269f150644c34e,1024,0/0
/spttest/3816pdmifl1r,5e32f5a3774924f,1024,0/0
/spttest/2q2j99eudwra,4f9dd4e57428d16,1024,0/0
/spttest/wzb39g7tbpwl,3c3e4829016a50e5,1024,0/0
/spttest/bn8t0fqjtnhj,1545aff46a8fa727,1024,0/0
/spttest/bs4aiocazg5z,15850150c17d3697,1024,0/0
/spttest/vkyewl0gs1t3,39b03e68ad785827,1024,0/0
/spttest/zlbmw1ou66o5,410378a7383db545,1024,0/0
/spttest/6ddvqv04rjrr,ba38e08383290d7,1024,0/0
/spttest/h26zmkd94qho,1f29f140a2e61c1c,1024,0/0
/spttest/1q016ub2bywc,32558f87e9b336c,1024,0/0
/spttest/ic2fbrhm6f4h,217dcd80e687bc11,1024,0/0
/spttest/u01v1f6614mp,36cd194700cd9bb1,1024,0/0
/spttest/1nco26h3rvdt,302f04cd8547ea1,1024,0/0
/spttest/ewenzrql7hjr,1b378c533faca197,1024,0/0
/spttest/vp3dgh6r3zxd,39e5fd9035f3bba1,1024,0/0
/spttest/th55l76tjw25,35d77d925a52ee0d,1024,0/0
/spttest/w2wo8h48oy4,1a0b4c8c4e8184c,1024,0/0
/spttest/aizd2fywd9np,133ab576398eca25,1024,0/0
/spttest/hqck1ejkw88g,2063b1a0e286d1b0,1024,0/0
/spttest/9ptcst3926wf,11bfda1ed59bf46f,1024,0/0
/spttest/rm714s6szyib,3271e2ac9042cd73,1024,0/0
/spttest/e5qygb3lxjp9,19dd45a61f35b2fd,1024,0/0
/spttest/weotargvzalr,3b32755c25500f6f,1024,0/0
/spttest/itovmchd74fw,2262b8c6ae34633c,1024,0/0
/spttest/octkkvwopkkb,2c7d4860fe35bc5b,1024,0/0
/spttest/kyngzhvzizyp,264a63a064c73591,1024,0/0
/spttest/sosf9v5kzjhl,3467327235514569,1024,0/0
/spttest/ls0sd17wfgzi,27c7e20c1b9defbe,1024,0/0
/spttest/14gjox5qz5l4,20d8aafe9c2a508,1024,0/0
/spttest/mfpo4trowraf,28fb9d4f61f78627,1024,0/0
/spttest/p2x56ey1cgq8,2dd04b02389da8b0,1024,0/0
/spttest/mn2782fggh16,295b0f81c924863a,1024,0/0
/spttest/7dy64mvwsxy0,d7e7d4760c4f6d8,1024,0/0
/spttest/1syjskfjtm0d,34bc7bca7e2e3ad,1024,0/0
/spttest/2rvnz8db5x6n,5115d5b1db6b63f,1024,0/0
/spttest/45tyk0kg6bhq,79a369855165fae,1024,0/0
/spttest/hvaz4bywxeos,20a411df00ff609c,1024,0/0
/spttest/8c0hmwj0llae,f38f6450d960b06,1024,0/0
/spttest/3rcs8w3xq16,30d683ef08e50a,1024,0/0
/spttest/nqzlm04p6n4n,2b61b195efaa8397,1024,0/0
/spttest/vu0dfez0sef5,3a25daaaa59e4401,1024,0/0
/spttest/kpolemb1pxqb,25d5e40671a90403,1024,0/0
/spttest/67nwqiwzlfah,b593cb74c3263a9,1024,0/0
/spttest/2q023ub65biu,4f8f8909fe33b96,1024,0/0
/spttest/tw1z5mivy360,36992ed02f1beb88,1024,0/0
/spttest/kfdro21z0rfx,255017797b0f51ed,1024,0/0
/spttest/nypmrp4e9arz,2bc602edc0eb4ccf,1024,0/0
/spttest/9nctbtl9az0v,119fe7c12b8c7ccf,1024,0/0
/spttest/qgb6t09r9kdi,3051d5eb79e9ce66,1024,0/0
/spttest/fwnbnyeijmws,1d0e49400b6f24bc,1024,0/0
/spttest/ju2p096kdqco,243b52345da2c2a8,1024,0/0
/spttest/4de250ge9po5,7fc63f36ab93835,1024,0/0
/spttest/h8mn1zfgkza9,1f7d866dae650ba1,1024,0/0
/spttest/xhw28odk1oo,1b319ff3e23d288,1024,0/0
/spttest/k7afx47jwls8,24e6fa2c19822548,1024,0/0
/spttest/t9qlj9wtbo7p,3577502a95475c55,1024,0/0
/spttest/rmusabkodoyl,327a74d087ddd79d,1024,0/0
/spttest/plkcut85a92o,2ec279cc7678e170,1024,0/0
/spttest/ihlthhzajpca,21c5bf1d12860d0a,1024,0/0
/spttest/f9wqkoxm95wf,1be6ede9ecda001f,1024,0/0
/spttest/ss8ah044fogm,3493e3c9ba087d96,1024,0/0
/spttest/kz160hm4qi8i,264f54a1084d8ad2,1024,0/0
/spttest/mts3jvb4g13k,29b257331ebba990,1024,0/0
/spttest/rsxwg9c27pqw,32c9842561580018,1024,0/0
/spttest/q54rh517zsg4,2fc0a28dc22015c4,1024,0/0
/spttest/juzzbeat06uz,244754cefb6067bb,1024,0/0
/spttest/iszkxuyqwj2r,2259982abf856a93,1024,0/0
/spttest/c4km73j8ni5v,1626c440984edfb3,1024,0/0
/spttest/wnnpul7olyio,3ba6f773c26e0600,1024,0/0
/spttest/tkxvcuh3ri6i,3608d1c489773bca,1024,0/0
/spttest/do8xdgda884y,18f9f2e3105bb932,1024,0/0
/spttest/770fc41a4veo,d2460d7d604a600,1024,0/0
/spttest/m55qlvhcro20,287287b97a085288,1024,0/0
/spttest/n9qqipefi1mm,2a81ad803edd4fbe,1024,0/0
/spttest/rur7lv77vmiz,32e114b47e9596cb,1024,0/0
/spttest/g57502q2h8w5,1d7d59927b035145,1024,0/0
/spttest/jo5d7pmqdrfq,23ee5982cdeb8e26,1024,0/0
/spttest/mbv91fx73oe0,28c9abc3be8a5938,1024,0/0
/spttest/e0e5qrroy7zt,1997b548c944f0f9,1024,0/0
/spttest/372ej6djyf7x,5d6a28c57d8e88d,1024,0/0
/spttest/9mvre1qd8cwf,1199c08583c5584f,1024,0/0
/spttest/as6m73mrdhbe,13b23ac62a069bea,1024,0/0
/spttest/26rnosbe8na0,3ff24bf4350c1d8,1024,0/0
/spttest/nbsocjrgt7hw,2a9c5b2e380f5734,1024,0/0
/spttest/1t79jek4uzx0,34eecbd7dd80554,1024,0/0
/spttest/ka4kjvt0kxgt,250bd39e66792a6d,1024,0/0
/spttest/w567bmv4uo9m,3ab6d709311d565a,1024,0/0
/spttest/hzqiehad3oku,20dda1e512dbc42e,1024,0/0
/spttest/jzc4yikotdub,247facbb22287353,1024,0/0
/spttest/wmjgdbomutor,3b987066626417cb,1024,0/0
/spttest/6lw82ypz1uv,55d5f462079527,1024,0/0
/spttest/9kso6xir6qrb,117ea8b2e1f6dff7,1024,0/0
/spttest/s2titbemc49m,3349d43fffda5e9a,1024,0/0
/spttest/3blt6uxttjg,2b27c8653ad3cc,1024,0/0
/spttest/ms64rtie5xdq,299d6cf9597c1e3e,1024,0/0
/spttest/iplhsqt6k4an,222d8b2df1384cbf,1024,0/0
/spttest/yaz2lvykqutn,3ea96e628c89aa8b,1024,0/0
/spttest/iwmuujkq4kun,2288f5d407221c8f,1024,0/0
/spttest/dfjzfyf7fjvx,188908efd9f2f56d,1024,0/0
/spttest/92d5moss5lhn,108f40ed5a37880b,1024,0/0
/spttest/hunhhebh29x4,209b98260a3c7bb8,1024,0/0
/spttest/hmr8i2gpaljx,2035088601c5249d,1024,0/0
/spttest/yufm1wl2knpl,3fa6320bd3c3ab09,1024,0/0
/spttest/nmb9wpb2be1m,2b24f5b1b045f9da,1024,0/0
/spttest/5qk5tgvamz7v,a7b112e31ddc1cb,1024,0/0
/spttest/nula5735tlh3,2b907c092613d2f7,1024,0/0
/spttest/13d7l7u37fs9,1ff5945b7f116a9,1024,0/0
/spttest/85z77dwr5rf,6a12360685f9eb,1024,0/0
/spttest/o3pifsyeym1m,2c06ea1a003aba1a,1024,0/0
/spttest/j7gtdpqifla5,2315a9ad774be37d,1024,0/0
/spttest/wgqwkwvbzriv,3b4d3107d8f43d17,1024,0/0
/spttest/g3mv6g2lu9nt,1d690bbf2fb28969,1024,0/0
/spttest/xsrf4lxdnq0c,3dbcdcf10c0d846c,1024,0/0
/spttest/joorssix8mf0,23f559ee54e32c7c,1024,0/0
/spttest/182djn5aqaxv,23c62c9ad1667e3,1024,0/0
/spttest/b6cmmm8imjhp,146a3faf049d5e2d,1024,0/0
/spttest/3rgp09w16hdv,6df93b6f2334e83,1024,0/0
/spttest/pdjypo042qpk,2e5a6b75086437b8,1024,0/0
/spttest/7ewsubeilpnq,d8afc139fceef26,1024,0/0
/spttest/pjgv0zu18odr,2ea73c6fe4ed366f,1024,0/0
/spttest/ljq75x6p8156,275c25ec33fd98ca,1024,0/0
/spttest/udtopejoakr5,377fffaca78beb91,1024,0/0
/spttest/ar3hfqe5pqth,13a41c32ed61d105,1024,0/0
/spttest/tcnwp8adl6f0,359d4f7ad76f68bc,1024,0/0
/spttest/t079l0ci1hqm,34fb6f317fce520e,1024,0/0
/spttest/7joit99wy7z,6206b69ee7323f,1024,0/0
/spttest/b6y91hmhc63,9163ea203e61db,1024,0/0
/spttest/g9xa0130fc5t,1dbabcffc457e751,1024,0/0
/spttest/d29xy7tjglfj,17dc8d16413a477f,1024,0/0
/spttest/f4lj22o5cioc,1ba1f04ac00a0e8c,1024,0/0
/spttest/xm54dqrlrvr1,3d66e1ba2e863a7d,1024,0/0
/spttest/c53xn176mxse,162dbc9bb8b8668e,1024,0/0
/spttest/prj0fxv1dk1w,2f0fed1f1b1ff3c4,1024,0/0
/spttest/7kci2wdxnrs,62443d71244398,1024,0/0
/spttest/2pqnmpe27pua,4f5941bc0fec892,1024,0/0
/spttest/d5bncqddprq,aac811194718b6,1024,0/0
/spttest/n1lo9kx1pico,2a17efd2f2b46e28,1024,0/0
/spttest/nmzuhd9a9yvh,2b2dd352099736cd,1024,0/0
/spttest/bz6w40rtye6j,15e0de4078b0054b,1024,0/0
/spttest/1om0b4r02p9v,3134c4c6cb23873,1024,0/0
/spttest/jeotw5w46as2,23737abc4b9fd012,1024,0/0
/spttest/whs3s6930oey,3b5a9d223349829a,1024,0/0
/spttest/oo8mfnynk9so,2d11987c6c4bdd98,1024,0/0
/spttest/67ycqwnozk1k,b5d017a6a9da438,1024,0/0
/spttest/jc7v8gu5b4hd,2353616797e54871,1024,0/0
/spttest/5mlx86vhegmw,a47bed8e4d938b8,1024,0/0
/spttest/wcje3eogaah5,3b1685fe89286389,1024,0/0
/spttest/u92q1l6cv28p,374250239e661119,1024,0/0
/spttest/33rbl0ofahh,2852fa09220ad5,1024,0/0
/spttest/b32wr9cgc066,143fc63840629bde,1024,0/0
/spttest/hcv7m3yoqvz1,1fb49326c27db45d,1024,0/0
/spttest/rkqgfor3dold,325eea6bd24d2cc1,1024,0/0
/spttest/qpytklcoc894,30cf441d01edccc8,1024,0/0
/spttest/v0dqivwm5s5g,38a4ff5ab87de3c4,1024,0/0
/spttest/aie0hmdgghbc,133301748d45bfa8,1024,0/0
/spttest/de86ri71vyb4,1877ca0b7f10bc70,1024,0/0
/spttest/ubrsi7bnr7i5,3765562ca6f7d1bd,1024,0/0
/spttest/inuy9wmgas6h,2216fa4180681529,1024,0/0
/spttest/ui0p7bjz2omn,37b67c8e573f882f,1024,0/0
/spttest/y3ovf17tyt34,3e4ad374d8ee50c0,1024,0/0
/spttest/fcosuxpjd9if,1c0b089984b2f867,1024,0/0
/spttest/1wshr4i2pbch,37d8d51ed12cfb1,1024,0/0
/spttest/xjdbn5w68keo,3d42df88efb66f50,1024,0/0
/spttest/5ar39aukls6w,9adbd14dfe52df8,1024,0/0
/spttest/dbcfotwyxr1q,18525aa62dbdb92e,1024,0/0
/spttest/uu728bx9dak4,3854a745ffe4f3b4,1024,0/0
/spttest/ies93lkbo24h,21a1199d5b1febc1,1024,0/0
/spttest/rqt95jzlrw4d,32addc623694ec5d,1024,0/0
/spttest/7zra07to8qsi,e99c44c237155a2,1024,0/0
/spttest/51rf0m8ieeb6,938f3f1050311f2,1024,0/0
/spttest/3mdbvfycdim8,69d6aa06fa1a380,1024,0/0
/spttest/vnytarmx9dgy,39d75b1c69c8b572,1024,0/0
/spttest/ad4ekd10jh,3bd59ff0395fd,1024,0/0
/spttest/do7uomeyk0yg,18f98f9e0985fbd8,1024,0/0
/spttest/ck5mud9kq130,16f1307eb0cc2ffc,1024,0/0
/spttest/rvavhgwl3pjh,32e82cf7941b990d,1024,0/0
/spttest/o1t3mywtx7vx,2bee3b15c2b4032d,1024,0/0
/spttest/jlramdpiqys1,23cf4b30b22dd891,1024,0/0
/spttest/dap03rtvtdmo,1849e63123d96d40,1024,0/0
/spttest/v1k5c8y59i37,38b44cd5915930d3,1024,0/0
/spttest/wrvnxb1hhjb7,3bddca7cb619c103,1024,0/0
/spttest/qtdqbco2bxy3,30fb9d0d17faa29b,1024,0/0
/spttest/vfwi23yumuy8,396e9b7ae1569c30,1024,0/0
/spttest/t2j285h13mmt,3519ab3fb49c6a55,1024,0/0
/spttest/vy2j2cryvhpv,3a5a96e4d1795973,1024,0/0
/spttest/s5ywxj8wszyu,3372be153f2a5516,1024,0/0
/spttest/ao8tjqjcm79v,137f11584120e653,1024,0/0
/spttest/zkpvmc76hgol,40fb9ef3b751f0b5,1024,0/0
/spttest/ssjz8casxo8c,34981b5daf25bcec,1024,0/0
/spttest/8x6fqfca660v,104be1fd71bfcdff,1024,0/0
/spttest/pc2xuh00af5d,2e4749b78e6bfb31,1024,0/0
/spttest/n72x364kwjiw,2a5f1b00c0706ed8,1024,0/0
/spttest/9qkq2xm3o3rr,11c9ba23ce4fb417,1024,0/0
/spttest/8215c06jaa4d,eb74e8127821cbd,1024,0/0
/spttest/ugxg4kl6r8dx,37a852e814f6dd35,1024,0/0
/spttest/z0vpr1loceil,3ff9f0f7b0c4307d,1024,0/0
/spttest/rcb12gm8ai4j,31f16f6a0f191a43,1024,0/0
/spttest/czhfh54ia7oq,17b848dc921fb76a,1024,0/0
/spttest/r2qx2235vwu9,317546726c8a6901,1024,0/0
/spttest/6yhiuczspbba,cb5a4ca679a4d86,1024,0/0
/spttest/tbxl55se0vze,3593d040644cefea,1024,0/0
/spttest/f3mbhkzucj7j,1b953bfb8ab0b63f,1024,0/0
/spttest/nca9b68a2rvm,2aa2b3395d0f83a2,1024,0/0
/spttest/miy5mqtw67xx,2925a4ebefeb41b5,1024,0/0
/spttest/7qk0laeiw8iz,e223e40cc3b1d2b,1024,0/0
/spttest/djm00yylz8xt,18bdb832b6a53501,1024,0/0
/spttest/8k4kwci6bexp,fa25a2abf222e5d,1024,0/0
/spttest/eepieeyx4c4w,1a51a7675feaff70,1024,0/0
/spttest/i4onwv2k1qk9,211de994c21908b9,1024,0/0
/spttest/o0mwqheiu90f,2bdf01e8a3d2631f,1024,0/0
/spttest/v21qf7xzkau3,38baa5300b5bcadb,1024,0/0
/spttest/s2gai6kkilo2,33450e249c278232,1024,0/0
/spttest/s6yx2c36rlzs,337fbbae91b79a18,1024,0/0
/spttest/oc7ko18a8jur,2c7558807c409083,1024,0/0
/spttest/29xb1q30xg8v,428264b2eac9c7f,1024,0/0
/spttest/e00kmoypu7gk,1992ce5336b70244,1024,0/0
/spttest/ak6x0lb8wcjy,134a6c7adf2e6b8e,1024,0/0
/spttest/exldtsughs8o,1b46f6138aa9f138,1024,0/0
/spttest/4oekn0l2ywst,88b753dfd7f508d,1024,0/0
/spttest/emjdlntitbqf,1ab75aef89a576a7,1024,0/0
/spttest/rzn38wcygty7,33208a540f760d9f,1024,0/0
/spttest/fhg1odbjz40z,1c48d231767fce23,1024,0/0
/spttest/268je9lm9kue,3f83ebcd39c2bc6,1024,0/0
/spttest/o2i5c0sj16rz,2bf744a47229bb8f,1024,0/0
/spttest/3wylm00nfofh,726fbe9754f206d,1024,0/0
/spttest/ki19v5wvpus4,25728d25f2b37714,1024,0/0
/spttest/i71atnbhitsj,213c734c1e5bd453,1024,0/0
/spttest/x8yvlb8dx98b,3cbbc4a0b011e9fb,1024,0/0
/spttest/iuucj6euk3ag,2271af443c2143a8,1024,0/0
/spttest/jm06w6apso7p,23d280f07687ea95,1024,0/0
/spttest/hgq38uebunn0,1fe6af20e5a5962c,1024,0/0
/spttest/1f8iaic76q4e,29985f8e9f780be,1024,0/0
/spttest/jqi4mwwr91db,240ceecd90f66a2f,1024,0/0
/spttest/kz8e4wwbrgf3,2651f00c60baf6df,1024,0/0
/spttest/da1m32nb65ph,184175c064b5e965,1024,0/0
/spttest/e1t0i4bcj5g6,19aa0e9e8126fa56,1024,0/0
/spttest/o4wjvsdjketa,2c1671a417324efe,1024,0/0
/spttest/oakclq1dh4ul,2c5ffa15a912e3cd,1024,0/0
/spttest/xx78cbjjuvss,3df68673136bcb7c,1024,0/0
/spttest/t3g8tn08we9f,3525a453b4f3c833,1024,0/0
/spttest/4pvawk8su046,89e7bc811e35816,1024,0/0
/spttest/l4hdtrd7fqgy,269620d9eb1ddec2,1024,0/0
/spttest/dmaif5hjttwy,18e08abe859c23b2,1024,0/0
/spttest/147ceuggmb7f,20a38b1c567923b,1024,0/0
/spttest/bos9zideozgj,1559b3c2a79dcb83,1024,0/0
/spttest/7qu27jmgfjo,649b809f65a4b4,1024,0/0
/spttest/t5bholxf1h0y,353de7bb985fef72,1024,0/0
/spttest/dw3bukvga4rq,195fd7df74cae2a6,1024,0/0
/spttest/tr7tx6qx4vze,365a594f066f83ea,1024,0/0
/spttest/fab58w6a75g3,1bec20b70aaa3953,1024,0/0
/spttest/ip04e6udf743,2225d50dc82d16c3,1024,0/0
/spttest/25ap4dans6dm,3ec08e81b29be4a,1024,0/0
/spttest/8pcxjw4qb40v,fe64fdd350e931f,1024,0/0
/spttest/7moakeofxm0y,defd44b50f19cc2,1024,0/0
/spttest/s03swfamhbj7,3326920aa5cc82a3,1024,0/0
/spttest/apfh71h29ia8,138e757c20cebad0,1024,0/0
/spttest/w95hc7ttftat,3aea8964d8b08315,1024,0/0
/spttest/q33rf2mee0cr,2fa64b865435bf4b,1024,0/0
/spttest/babf4s06pk1v,149dc51c41c5b7c3,1024,0/0
/spttest/vldy10pmvdnu,39b5d8ffa4c870ea,1024,0/0
/spttest/bc4nobnjrmc,9342318845d594,1024,0/0
/spttest/odk6ica2lms5,2c86e23813085095,1024,0/0
/spttest/o74k7dryz1h9,2c334fed3eab303d,1024,0/0
/spttest/u6ne83s5zbkk,3722cdc6ef5c6a54,1024,0/0
/spttest/pcdn3xygnivh,2e4b2638151b674d,1024,0/0
/spttest/wvpznbzajonr,3c0fb36217b72997,1024,0/0
/spttest/abb159co5lcn,12d7013cf9b69357,1024,0/0
/spttest/hjdod9mdqayy,20092c4ee906cf0a,1024,0/0
/spttest/ssaqlk0s0rh4,3494c5e6cab8a718,1024,0/0
/spttest/6vyc1d2pscva,c94bdd1b3a04126,1024,0/0
/spttest/jejtg0pxudrn,2371abbe650a6633,1024,0/0
/spttest/h7emwmvtldq5,1f6da5d83621b1bd,1024,0/0
/spttest/fy7cv0dfpxts,1d2280f0ba3efa80,1024,0/0
/spttest/qi5cvstvjeph,3069b5d14fdc6435,1024,0/0
/spttest/pbvomta2qala,2e44ab805b72b21e,1024,0/0
/spttest/1xrssyawep7g,38a4a8ffa301f1c,1024,0/0
/spttest/s4t3jj4szfq5,3363a7944b15565d,1024,0/0
/spttest/hwy4emi4pk86,20b96928eff71ea6,1024,0/0
/spttest/gimnfy2kn92n,1e2bcebfa2bb49af,1024,0/0
/spttest/a2g18t10yl6t,1263e805876b13c5,1024,0/0
/spttest/yz516ifvq1o9,3fe35318248645f9,1024,0/0
/spttest/nvxizxekletp,2ba1e46d8b6e9a4d,1024,0/0
/spttest/v5j8j0rqlkx2,38e7edac493bc326,1024,0/0
/spttest/e3in0yareda4,19c04adf1837bdbc,1024,0/0
/spttest/glu1siw9hacp,1e5571e9f7ce97a9,1024,0/0
/spttest/by4kx53kaij2,15d30b8b6ebd8c4e,1024,0/0
/spttest/pwp904ha11eh,2f531f94554f2b59,1024,0/0
/spttest/556q81iyuhz,42d1637895c4e7,1024,0/0
/spttest/9c4gbfjbu7xg,110e019a01084aa4,1024,0/0
/spttest/3ni760r8c1cm,6ac29a64dd965d6,1024,0/0
/spttest/b2ugq8cutomv,143cba25e408aff7,1024,0/0
/spttest/cgh8nemx54zl,16c16b783e722181,1024,0/0
/spttest/eetc7v6ivliy,1a530903e83a58ba,1024,0/0
/spttest/khrclu88nem5,256ef87fa339f1bd,1024,0/0
/spttest/wblzbhtndibf,3b0a77ee919f78fb,1024,0/0
/spttest/ac55e4g5u1it,12e1df2e2a9c8835,1024,0/0
/spttest/v3tdnd56fdku,38d19bfaffa67c7e,1024,0/0
/spttest/ypoxh57dvifs,3f689c62f1eca818,1024,0/0
/spttest/xvjyztfmczp6,3de124bd72d241ba,1024,0/0
/spttest/824n9nv1h06c,eb891a05d614824,1024,0/0
/spttest/ohq586lla0cb,2cbcfe2a693a293b,1024,0/0
/spttest/t3svhbikjvqu,352a32e184253376,1024,0/0
/spttest/3zz8937lzzxe,74e2dc6645fc1a2,1024,0/0
/spttest/38atho4jssol,5e6a9215816c335,1024,0/0
/spttest/xfzy68p4g7oq,3d17146a927812ea,1024,0/0
/spttest/5kjokht9c16x,a2cf561d4c4de09,1024,0/0
/spttest/uyplzyqrsjze,388f4da5ecb8d72a,1024,0/0
/spttest/7be9pi0rjkx9,d5d5495be964bad,1024,0/0
/spttest/h8vnhgi9jzt2,1f80c6d8737aad06,1024,0/0
/spttest/rah8exjn9ku1,31d9b1f5a56304b9,1024,0/0
/spttest/3ffdotxm64w5,6433b39f6bb2845,1024,0/0
/spttest/sy6549lxqpm6,34e10cdaf07dc92e,1024,0/0
/spttest/a5m6yd7kacf6,128d18a6e3e8bd62,1024,0/0
/spttest/icmqngc1wzh0,218521ecd84b8c94,1024,0/0
/spttest/imclxp8bmxhl,22035eb622332e09,1024,0/0
/spttest/30yj510ne7dp,5874d5af9c8e3dd,1024,0/0
/spttest/vsuh59vadxh,19d13770b8d3805,1024,0/0
/spttest/kjcghsttpmc1,25839376b4160e51,1024,0/0
/spttest/133ta67hzv8p,1fbf53ffd6995e9,1024,0/0
/spttest/vm0yop5ga5qw,39be2727e3e70f98,1024,0/0
/spttest/55djmpw49s68,967e7a6bfbb0ae0,1024,0/0
/spttest/l6k64nlfsdq0,26b11cb83cdd8778,1024,0/0
/spttest/alrq43upugvr,135eebc283a1d1f7,1024,0/0
/spttest/jrej1idyulbs,24189f8c4ddfdd78,1024,0/0
/spttest/r82s0zpod2ei,31ba803ea04d996a,1024,0/0
/spttest/8307d7orxdkb,ec3f49c56c4cdeb,1024,0/0
/spttest/4fnlkhi3z1sr,819cfa197d36edb,1024,0/0
/spttest/y9nwctjnqu6a,3e98690960568e42,1024,0/0
/spttest/et6hs9i7is7r,1b0da1adea1fde57,1024,0/0
/spttest/vw480z6vyj3n,3a4138cb884a1c33,1024,0/0
/spttest/8v9x24qzehb6,10332908ae8dba22,1024,0/0
/spttest/jbgcg2pwqm3p,23497341227f3665,1024,0/0
/spttest/18f9hde3akgv,24109266364711f,1024,0/0
/spttest/6waictpxvj0q,c9922732008070a,1024,0/0
/spttest/nruuewsm0fms,2b6cf796776d9524,1024,0/0
/spttest/ym3g8px7m1s,1c19baf6444b060,1024,0/0
/spttest/u3o7bvpltwfr,36fc20af0ad03277,1024,0/0
/spttest/aad8r5s3g1ky,12cad03d456a4f02,1024,0/0
/spttest/tu3wqqc4igc,1838d85fee60a6c,1024,0/0
/spttest/exew1bxjsqgs,1b449e382da67bfc,1024,0/0
/spttest/dbfo65mj87sy,18538583d34bb482,1024,0/0
/spttest/nduwlxpu9p0c,2ab723a036e618dc,1024,0/0
/spttest/4oqqzpfodk9c,88fd9f5d14dabd0,1024,0/0
/spttest/arglk7qvm1js,13a8d791943a4858,1024,0/0
/spttest/48sg46qwf0r1,7c0a2af4c66d98d,1024,0/0
/spttest/pptc7hh7mmwj,2ef9ac7a2ebc3873,1024,0/0
/spttest/222j8l1ra8fo,3c21f18a4af3834,1024,0/0
/spttest/9ztntt8popid,1241dafba2948025,1024,0/0
/spttest/hf1ir6vrmbtk,1fd0d475c84edc58,1024,0/0
/spttest/tpy4omxic14z,3649dbfbd7a266c3,1024,0/0
/spttest/kss84wqfrp97,25fe2b38975bcf9b,1024,0/0
/spttest/n71o49c1iopv,2a5ea79ec9032ea3,1024,0/0
/spttest/4rftoudmljw,3ddb92826e3b9c,1024,0/0
/spttest/adg63sepkyeu,12f2d651249b1c36,1024,0/0
/spttest/awxqqbd9u45s,13eff9604c5c9d90,1024,0/0
/spttest/y7oghwru8n2q,3e7ea2339c5a90d2,1024,0/0
/spttest/3wfxxjbq9hb6,7204086e75795e2,1024,0/0
/spttest/l1ummwvfsfvw,2673f078e6680a6c,1024,0/0
/spttest/z8z45zmoiih9,4063151cbd64ce0d,1024,0/0
/spttest/jask5af66yab,2340de2c94e03513,1024,0/0
/spttest/rixl7ouugv62,324782be8f0257ca,1024,0/0
/spttest/xd0hajhylbdg,3cf04db3d5f922d4,1024,0/0
/spttest/ip072ouuq5ly,2225dbee7cafb4e6,1024,0/0
/spttest/fu9692379zt7,1cef33b0cc42d08b,1024,0/0
/spttest/vyps622sia22,3a62fab82843876a,1024,0/0
/spttest/1pz4gtmur4l9,3250502dca715fd,1024,0/0
/spttest/msusrltiy52n,29a653601d1b442f,1024,0/0
/spttest/hia87tlynt1q,1ffaf08194b058ce,1024,0/0
/spttest/6y79s981dhch,cb1f1ddbbe3ea11,1024,0/0
/spttest/33svmnh7tvxx,5ac3af62c1081f5,1024,0/0
/spttest/9vtcq50xj347,120dc9787bf92787,1024,0/0
/spttest/ab8q79fuglf8,12d62c6bb8d19a74,1024,0/0
/spttest/joajcwfbi6a7,23f0371ddefe774f,1024,0/0
/spttest/wbmcn5d255h7,3b0a9a1e219850fb,1024,0/0
/spttest/6hppkwxo5i9j,bdbc7a8d00627b7,1024,0/0
/spttest/abtkk9othwca,12ddb1afaadfeafa,1024,0/0
/spttest/aw13szgxbqnk,13e432c505d58cb0,1024,0/0
/spttest/is31uig6bvm,f3f0c2ce9339a2,1024,0/0
/spttest/o7blomssspre,2c35da4cb95e5d6a,1024,0/0
/spttest/yskbdb5qnhmi,3f8de9f6920a36fa,1024,0/0
/spttest/bavuf7jy4k6k,14a523b49b7dfd2c,1024,0/0
/spttest/zreswevpl4e5,41528cb819087e7d,1024,0/0
/spttest/5zqykpx0eidh,af26c7c14b90885,1024,0/0
/spttest/owsj5291xgj6,2d80b173a03996f2,1024,0/0
/spttest/x9a417vy2xei,3cbfd2569e77039a,1024,0/0
/spttest/94pxoqcocs0c,10add7d8dc5280cc,1024,0/0
/spttest/88yv3gqeqdgt,f11684c71e0fcad,1024,0/0
/spttest/oztck62mp8bb,2da7f4b4cca27457,1024,0/0
/spttest/4ubwzpnu1ux4,8d86f5f437e3cc8,1024,0/0
/spttest/q6b8z43rih79,2fcff6eb58640e95,1024,0/0
/spttest/le808ihyz6w8,2714a33c226673a8,1024,0/0
/spttest/4aw5rnmj1ueu,7dbf41ec7328b36,1024,0/0
/spttest/wqnb2ffjx0tt,3bcdc94b59a38171,1024,0/0
/spttest/v360sv1s0q0m,38c92e8c28a2b3b6,1024,0/0
/spttest/wqmggp1acmd9,3bcd7ac596f87a3d,1024,0/0
/spttest/a9tz6j4er6bo,12c3dcae2d4f66c4,1024,0/0
/spttest/4pwdepuio6l0,89ede93482ad154,1024,0/0
/spttest/sck0jwqumubh,33c84aa605b688fd,1024,0/0
/spttest/cvph4p56d45f,17873b06798ee043,1024,0/0
/spttest/22kn1luzbfyw,3c8a77d8f79f098,1024,0/0
/spttest/o1rwj4tq7h5c,2bedcc7b9e9b4090,1024,0/0
/spttest/a4m388k8xn72,128011d5e77f4bae,1024,0/0
/spttest/a0idcs1pd2x3,124ac55132ca6d07,1024,0/0
/spttest/yant23cdyguc,3ea55dd4d75816c4,1024,0/0
/spttest/us8ctbbj4gzm,383b2448155e1e02,1024,0/0
/spttest/f468nbp1qtz1,1b9c6c0f2e542f3d,1024,0/0
/spttest/xvrcklkiwl64,3de3ce27710aa52c,1024,0/0
/spttest/lxnduwx3xsde,2810fb96901a94e2,1024,0/0
/spttest/4ysyvdzxm7c6,9128b7b88d18ba6,1024,0/0
/spttest/6yvw8yqvybj,5a85e5fd02617f,1024,0/0
/spttest/qswgucjcsz8q,30f5627cb192996a,1024,0/0
/spttest/syo71sua584h,34e790707e2e3a61,1024,0/0
/spttest/mw4lmlknq82h,29d0d482be9fc259,1024,0/0
/spttest/ilfjpbuh1o7q,21f770d4ca7d09d6,1024,0/0
/spttest/qnkgkwnluqfc,30b01b1c9423d248,1024,0/0
/spttest/h4lw4repv84k,1f494c52c23f9be4,1024,0/0
/spttest/wuds2ktwahrk,3bfe4e449239ec70,1024,0/0
/spttest/vxijo8vw8501,3a536116d8ed4751,1024,0/0
/spttest/pa5bv7osxsnu,2e2e2be9f2e73b5a,1024,0/0
/spttest/hp7luoh2bmrv,2054eb2ece966e0b,1024,0/0
/spttest/g2u2hmzuka4n,1d5ea7d3733b5a47,1024,0/0
/spttest/mzud4njrmhf4,2a01180cca1698b0,1024,0/0
/spttest/o5mtljzedkf9,2c1fec24cfc352a5,1024,0/0
/spttest/i0hche1fekmk,20e750a6694a92ec,1024,0/0
/spttest/swj7skpt23ua,34cbc9fe35b200f2,1024,0/0
/spttest/1b2f8smvr3cb,2635eea9b56a0ab,1024,0/0
/spttest/o74zrfs46i24,2c3377d7c8dac4ec,1024,0/0
/spttest/238g7levtzrn,3d13ecb6744e153,1024,0/0
/spttest/q2ieepyw43d5,2f9e96695046e209,1024,0/0
/spttest/tkggs0mdppsh,36028a1a21c893d1,1024,0/0
/spttest/i5vwjfsnmils,212d838d01441eb0,1024,0/0
/spttest/cd24cwrxcp1d,1694ff2a270f16c1,1024,0/0
/spttest/qx9iyf2qlzzc,312e0db90bfbbb68,1024,0/0
/spttest/dpaumo2d7r33,1907a1d6ea60f9df,1024,0/0
/spttest/go79mri3mv46,1e7431548a41e206,1024,0/0
/spttest/v67w63kk7sez,38f0d32b2cc99f9b,1024,0/0
/spttest/vgxj2fgfakdk,397bf7b18957a4a8,1024,0/0
/spttest/wslaajctlp1c,3be709155e510f00,1024,0/0
/spttest/qok1xihqby0q,30bcf2c7b40e1efa,1024,0/0
/spttest/afwkx8kaumdi,1312bcbdfdcda6c6,1024,0/0
/spttest/r3s12x99q6eh,3182aa6593e79fe9,1024,0/0
/spttest/8rcic55y1rw5,10002356a7862975,1024,0/0
/spttest/m478q79wt0nd,286615541e487c89,1024,0/0
/spttest/9lcfcukprx0e,1185c964b28748de,1024,0/0
/spttest/auxqngk6san5,13d5fea8bf497ae1,1024,0/0
/spttest/alfc2jcw9ipr,135a734ede5d46ff,1024,0/0
/spttest/oupyl8l8lj59,2d65c9791fc5902d,1024,0/0
/spttest/kvsc82drjcyc,26252d7ab8f83754,1024,0/0
/spttest/glhyrfxwu3e3,1e5115b8763160ab,1024,0/0
/spttest/x72045ag3f49,3ca2ead311d33749,1024,0/0
/spttest/5wxmchyesjov,acddbeab699f8af,1024,0/0
/spttest/7r9qcqoz2t45,e2b858f752302e5,1024,0/0
/spttest/1047o258689k,1d52263f8c1cb58,1024,0/0
/spttest/lgnnn54x7h0d,27344353e1c3b2dd,1024,0/0
/spttest/jxzfip61nyzb,246e19c88f9e99d7,1024,0/0
/spttest/tab30f7q4a3w,357eb45f2438d22c,1024,0/0
/spttest/br18q20bh8g4,1576ea592fd2d004,1024,0/0
/spttest/1kc9gsk5t3uk,2dbd315b1ec6dbc,1024,0/0
/spttest/k81ziantqbof,24f0ea5fcb7cd69f,1024,0/0
/spttest/gsi1k74s6ug9,1eac09b2dc5c7ba9,1024,0/0
/spttest/cf04iz3by31u,16ae415fb4b5caf2,1024,0/0
/spttest/cok0sjg8au4y,172a5677c74c2f12,1024,0/0
/spttest/1rdciwefe4oc,3372418fc51f62c,1024,0/0
/spttest/wms6qp4t36vs,3b9b97026a652298,1024,0/0
/spttest/k8p51j2dby98,24f9450b22e0672c,1024,0/0
/spttest/jjm5tlfshu7o,23b3768555107b34,1024,0/0
/spttest/xnpyl08n6qrv,3d7b63d70d38a40b,1024,0/0
/spttest/y24mwfyrvmar,3e3688fbce1435a3,1024,0/0
/spttest/tf0rl8a254x8,35bbedaa9b80122c,1024,0/0
/spttest/q7aanujos453,2fdc9c22ef32e7f7,1024,0/0
/spttest/aq2rz6rl6ibc,1396dd9e4e8e4338,1024,0/0
/spttest/dfy0zq7ld75a,188e1a113920766e,1024,0/0
/spttest/8msydwmr65j7,fc5201ffb1fb483,1024,0/0
/spttest/qhimopr0i6ea,306182803a88cce2,1024,0/0
/spttest/jv6ttlzqbgqp,2449cd4a25857f81,1024,0/0
/spttest/fdq76yiibqb1,1c188700a349d3ed,1024,0/0
/spttest/x9gaobnnt762,3cc20d96d7ecac8a,1024,0/0
/spttest/p3ch8rkjla96,2dd5d37d40949a2a,1024,0/0
/spttest/jn0xg892yeef,23dfc255f3290367,1024,0/0
/spttest/a6cvp2tw3xj,842fd34349b0e7,1024,0/0
/spttest/a2lysyql59cb,12660bf86eb7bb8b,1024,0/0
/spttest/1besh4syu35i,267d548e9293d76,1024,0/0
/spttest/fsb82uy1c05n,1cd5f69a7ae054cb,1024,0/0
/spttest/tnyhztifq2vd,3630039f5d431809,1024,0/0
/spttest/dch8uydgqa6u,18611439195eba16,1024,0/0
/spttest/msc9w4whro0r,299fa451ee19235b,1024,0/0
/spttest/k3tau6lv99gb,24b9d31a9d246b1b,1024,0/0
/spttest/vdbipm4jhcah,394d0ee89d2b7b79,1024,0/0
/spttest/fmg5waqimlpj,1c89cf4e1875b167,1024,0/0
/spttest/fije8saanz1k,1c5704cc950d8328,1024,0/0
/spttest/l0bidq6e5ukp,26600d4d1419b009,1024,0/0
/spttest/rgj3a814cequ,32284d1267dffda6,1024,0/0
/spttest/lxf8ko64zi9h,280e0b154eda2335,1024,0/0
/spttest/h1tr5pg39hrl,1f252abccc3cb531,1024,0/0
/spttest/x53kak2dylgs,3c898073ac46d62c,1024,0/0
/spttest/g07ficdi5ynd,1d3c823f960c24a9,1024,0/0
/spttest/5dtdj8v1zav6,9d587f470d4dec2,1024,0/0
/spttest/whutfrqtiiqp,3b5b97b24d7a8461,1024,0/0
/spttest/ffo06ty017l9,1c31b6cf5774f4ad,1024,0/0
/spttest/kp5k7tys2be1,25cf05faa2699a29,1024,0/0
/spttest/s0tah36eot9s,332fc456b5b5c030,1024,0/0
/spttest/l1f5wkv05igt,266e5c04ec2408bd,1024,0/0
/spttest/to34mado1myr,3631af24e502b683,1024,0/0
/spttest/43yxolstifyb,78207af23b99e43,1024,0/0
/spttest/o329ho8tvohc,2bfe86ac533faab0,1024,0/0
/spttest/dt93giu3h1yj,193af4c8b5e25f2b,1024,0/0
/spttest/whcx4z3yt7qt,3b55228fd6054a75,1024,0/0
/spttest/yv1xkdvwmztr,3fae3fb035042adf,1024,0/0
/spttest/9idsh99zbcfd,115f4fa929c2aaa9,1024,0/0
/spttest/efvn5b1f1wp6,1a60db0cb84c5eca,1024,0/0
/spttest/wjtaf9wrr2yu,3b75050e76a712c6,1024,0/0
/spttest/qu8rdiuk58p7,3106cf2fee36e74b,1024,0/0
/spttest/j4qsynv51nmj,22f24c845dae1edb,1024,0/0
/spttest/m32pssdkgzst,28577608866cc13d,1024,0/0
/spttest/wk6t5c12yb3z,3b79e5e291a752bf,1024,0/0
/spttest/5p6rj43qwfwi,a693e7a437f5e82,1024,0/0
/spttest/lddfemlio0uo,27099abdecd3c050,1024,0/0
/spttest/vuxuzqbch9zc,3a31efe2839144c8,1024,0/0
/spttest/gargy0hvv25b,1dc5a1dcf775ff9f,1024,0/0
/spttest/16xfgkdjpv7n,22d9c9a24b7f143,1024,0/0
/spttest/tpihk6kkpvcx,364437212da82f01,1024,0/0
/spttest/6b506kj9pzhn,b865f96547a14eb,1024,0/0
/spttest/ny8adnj5r7xd,2bbfc0e0d40b61e1,1024,0/0
/spttest/6o50f54wlvww,c2f3c89222354d0,1024,0/0
/spttest/6k3tseuc5gjw,bfada2032a1870c,1024,0/0
/spttest/7onb8l4odf4i,e097429a7c085d2,1024,0/0
/spttest/v5bze8z85lol,38e54fa9c2947105,1024,0/0
/spttest/8sbmo4v06tv5,100ccf584372f8b1,1024,0/0
/spttest/5876yz79jekh,98c94bb0814a581,1024,0/0
/spttest/pffnnd8s9yis,2e72d81c34786304,1024,0/0
/spttest/7aa51zvaqm4a,d4ed9eabad7887a,1024,0/0
/spttest/r3pciine5pc9,3181b2a08adf3989,1024,0/0
/spttest/x6pqb0lqfa29,3c9e7d3cc39f6eb1,1024,0/0
/spttest/nre01cgchmu3,2b66e3c16b2559db,1024,0/0
/spttest/kwreudw512za,2631d51717eeba56,1024,0/0
/spttest/tmlk7541g9ci,361e5b3b6906d452,1024,0/0
/spttest/2gw5t21netvy,482a9469ee309ce,1024,0/0
/spttest/cfw9008m3tiu,16b9d8a277c4ae36,1024,0/0
/spttest/ox4ulz03zxv4,2d85234ca4fee930,1024,0/0
/spttest/2rcizb4mbr7m,50a75892db13482,1024,0/0
/spttest/50rl8va2smt5,92c06aae3c7fc79,1024,0/0
/spttest/f1c7aci1r7nn,1b779b0201f6c883,1024,0/0
/spttest/uhocijt7d3yg,37b207950e0c0048,1024,0/0
/spttest/n0us7o9m1p7a,2a0e3c0239b60fd6,1024,0/0
/spttest/84oc5nbtrtda,ed9a6feb5cdc66e,1024,0/0
/spttest/xy0hlhkxq61m,3e0114dfbf11821a,1024,0/0
/spttest/2yfcxr350ls9,56667ee99e56f49,1024,0/0
/spttest/rfstmtabmbe9,321ed2bcb1ef8631,1024,0/0
/spttest/xeows93b9h7c,3d061b8bcc972658,1024,0/0
/spttest/rrhxhiqd31ln,32b6c3a72f6a5fdb,1024,0/0
/spttest/jdbozwh08die,2361c02110c39a66,1024,0/0
/spttest/9pjdp6u2go18,11bc40bef555f7ac,1024,0/0
/spttest/gpw73cmi760c,1e8a2d472083042c,1024,0/0
/spttest/pz306w1x1kvs,2f7210a370dd04f8,1024,0/0
/spttest/s4m6a9axi57s,33612809bba923e8,1024,0/0
/spttest/cp9l5xsi6tgd,17338ff1cedd6c9d,1024,0/0
/spttest/um7nx6r4t9x2,37ecf4df649e4776,1024,0/0
/spttest/n4zq75ydkyxg,2a43f9b5813af2d4,1024,0/0
/spttest/o70efuo6qv6v,2c31cfa9a593e667,1024,0/0
/spttest/4532w8oj47wt,79083c97667d40d,1024,0/0
/spttest/mdtviudhyw85,28e3273aa5ee3ca5,1024,0/0
/spttest/swpx4cia29ui,34ce352fa334305a,1024,0/0
/spttest/wn06sh3sc0td,3b9e7a14ff9b2721,1024,0/0
/spttest/cjd2byy8gn41,16e6e18ea2d58901,1024,0/0
/spttest/a1g1qyjqv01y,1256ec0f062e3806,1024,0/0
/spttest/bpz68rj5rtwx,15692dfdc1e8d131,1024,0/0
/spttest/48r0mw4kfm65,7c01e98dbbdc1fd,1024,0/0
/spttest/k5ii24te7ph3,24cfe81808139eb7,1024,0/0
/spttest/dvyqoxevuue2,195e301d99ae7c5a,1024,0/0
/spttest/5h4krk0b8fts,a008a541471ed20,1024,0/0
/spttest/3ria3x2zac8t,6e026395d7b777d,1024,0/0
/spttest/iwxqxgtxuy1l,228ce3d2fb3d9cd9,1024,0/0
/spttest/n1bfgciqcxkr,2a143d882486d6fb,1024,0/0
/spttest/n1sp2tmu56ip,2a1a787c60c8f641,1024,0/0
/spttest/wedfr7nj11h9,3b2e5a8f88f99cbd,1024,0/0
/spttest/v42g2l1yxniu,38d4e182cddacb56,1024,0/0
/spttest/xvufxs8gn31f,3de4ebe558429f23,1024,0/0
/spttest/awx2v6w3p1c5,13efbc2513bd5605,1024,0/0
/spttest/fkclyrqirqa4,1c6e8c8c2145e7cc,1024,0/0
/spttest/9kt1ddpk9nmy,117eca837df387ea,1024,0/0
/spttest/7t5wrtsvilv8,e441f12208b3e34,1024,0/0
/spttest/o38vfd0n3tqy,2c00e92a4338c05a,1024,0/0
/spttest/hsbz0e7pv3c4,207d763042b337a4,1024,0/0
/spttest/xfz0icza7jxu,3d16be0b19db56b2,1024,0/0
/spttest/webz411vljb2,3b2dd37cd14b87fe,1024,0/0
/spttest/hee157wzgi8f,1fc85ace65caf34f,1024,0/0
/spttest/kyorca1ok0rx,264ada904a4c9ced,1024,0/0
/spttest/qjg9t7r2axjx,307aa33e4f2a065d,1024,0/0
/spttest/odkv7g9hr54i,2c87219669ba87b2,1024,0/0
/spttest/2s4evjhc2vjq,5148550a0f06c36,1024,0/0
/spttest/g10p7s9k6ljh,1d4711d52dd78a8d,1024,0/0
/spttest/d5gs712mjy49,1805fcab0f362179,1024,0/0
/spttest/dwdt4lmbv5o4,19639fe349108174,1024,0/0
/spttest/4ppt74kcdx92,89c808256d34596,1024,0/0
/spttest/m6ylodnk3hxh,2889ef02876e9d85,1024,0/0
/spttest/1xivub9lh5pr,387130ae28e602f,1024,0/0
/spttest/7hjyn19b9x53,dad51ef77658f07,1024,0/0
/spttest/sq44lcqm8d4c,347868b78952726c,1024,0/0
/spttest/5jcmy9jmw64j,a1d6d65c8b6f903,1024,0/0
/spttest/rzb75baa0f64,331c3feac3daeecc,1024,0/0
/spttest/mzri4pm29z3u,2a000fc73ab403fa,1024,0/0
/spttest/1vj62y1hhrf2,36d32cd5ad99a0e,1024,0/0
/spttest/54oyzzzp3wf3,95f09e0ebabdbdf,1024,0/0
/spttest/hbk5hxfnu3kc,1fa3986a17dad08c,1024,0/0
/spttest/xdjwolyp0j7u,3cf750304469324a,1024,0/0
/spttest/mkno481hp1g8,293bd6d071e5a898,1024,0/0
/spttest/yt34okl11y0c,3f94b3cd4b4db76c,1024,0/0
/spttest/kqhz2etklgcz,25e07dc14eaace13,1024,0/0
/spttest/zrgepv6fw2dc,41532111684c4b00,1024,0/0
/spttest/abkrktyh1m3n,12da845f651b6f23,1024,0/0
/spttest/5nksp1qrl9qt,a54541bb7871795,1024,0/0
/spttest/estfnijvyzl6,1b08eb6c143773aa,1024,0/0
/spttest/gip5fkstyoxm,1e2cb5a495c5dfba,1024,0/0
/spttest/r0f6uglwjgp,15edce80af3ff89,1024,0/0
/spttest/d2ywqoakdzsb,17e58f308cd8f26b,1024,0/0
/spttest/9gsk4j4rt6nm,114aa93cd81e81f2,1024,0/0
/spttest/e93vt0d49owv,1a08e76a07cffe5f,1024,0/0
/spttest/w00qefvglrj7,3a73eb7e2056daa3,1024,0/0
/spttest/83gwvgjg4o9z,ec9fbf296824fe7,1024,0/0
/spttest/ubxnf19f4x3k,3767735442638390,1024,0/0
/spttest/wdcnwzh2oma4,3b2115df98c7dccc,1024,0/0
/spttest/qfsaaq1irk0o,304b03e21a7bb418,1024,0/0
/spttest/r7dghb4m5zva,31b15d697fae9ad6,1024,0/0
/spttest/as61rxbuz2z5,13b206607829b3d1,1024,0/0
/spttest/jxwytrbw02dn,246d3637861f280b,1024,0/0
/spttest/svf650tqp1lr,34bd5704d61a025f,1024,0/0
/spttest/ltt2ceaipuu1,27df133a2e6e0259,1024,0/0
/spttest/42z1nw9tfgfa,77514a3d788c1e6,1024,0/0
/spttest/eea8szdvpebj,1a4c2542b34517bf,1024,0/0
/spttest/n9k6ad5eb5cd,2a7f4f61a27c41cd,1024,0/0
/spttest/ex9xruf68300,1b42d4d56cb8c330,1024,0/0
/spttest/h1m27thcisdj,1f22642a6c286027,1024,0/0
/spttest/x5qz8fn77far,3c91f341c3dc5c33,1024,0/0
/spttest/gj138lf9sbre,1e31046ebdbfbf8a,1024,0/0
/spttest/94wvnth5d9cn,10b0593a684a0997,1024,0/0
/spttest/3i4dqs3ae8t4,6663b15b80f9a18,1024,0/0
/spttest/mv13umld5hj8,29c294898ece6904,1024,0/0
/spttest/ujc4h9pxeovg,37c7990f2c500a6c,1024,0/0
/spttest/rifmer7240d9,3241072f7150c8dd,1024,0/0
/spttest/98kniwlakrat,10dfe4f5aea80535,1024,0/0
/spttest/ld6ej59yedvf,270711eba49173bb,1024,0/0
/spttest/in3civtvn65,f223ae43b0c00d,1024,0/0
/spttest/l564rr7fnk7f,269f0ed287cf210b,1024,0/0
/spttest/qdqugjn81ni5,3030845d2a5b213d,1024,0/0
/spttest/1iwqwag6rat6,2c93ca8b210157a,1024,0/0
/spttest/bygplf6nxz8h,15d76bf50aebafa1,1024,0/0
/spttest/jnv25dhqro9r,23eaa170360c019f,1024,0/0
/spttest/ojm8ofiey9gv,2cd5900fbeb6aa6f,1024,0/0
/spttest/j8ep735ah3g,f9d48a6623360c,1024,0/0
/spttest/s41pb75qn2m7,3359c51f32332aff,1024,0/0
/spttest/j51kbt31rasw,22f62e699b768c70,1024,0/0
/spttest/apnc1oxnmihj,13914b38806c6217,1024,0/0
/spttest/x5zxfv2q513l,3c952df80dd8e6d1,1024,0/0
/spttest/1uicvnvd50kj,35fea9e5fd2cb23,1024,0/0
/spttest/d6guk0cpd9jf,1812fffb4aa4da8b,1024,0/0
/spttest/owho0g4fvv55,2d7cc5e6a96eae69,1024,0/0
/spttest/rxmu2fjn1so1,330678430d3d5a61,1024,0/0
/spttest/qwgzn3lkhajo,3123c1dafd9447a4,1024,0/0
/spttest/91e4do8rnm4y,10829cd49118aad2,1024,0/0
/spttest/nlkemm11egei,2b1b43dc7bb16f8a,1024,0/0
/spttest/d6n8l3szv14k,18154e30addd7a74,1024,0/0
/spttest/xz4xhkdxq3ef,3e0fac60714b28b7,1024,0/0
/spttest/o5y9vhzz78nt,2c240df4afa56699,1024,0/0
/spttest/2hvn1u7ihai6,48f76689b193d6e,1024,0/0
/spttest/7zv3h6p8khx3,e9b2504f04143b7,1024,0/0
/spttest/6w1iddlg456a,c95e32cc47f8732,1024,0/0
/spttest/3d1uko67xd53,6245ee121037fc7,1024,0/0
/spttest/ut0zu50617cm,384579aa07947176,1024,0/0
/spttest/iymekuzb2uoe,22a2c69958473ece,1024,0/0
/spttest/cjo132zv11in,16ead6689b2988ef,1024,0/0
/spttest/iyfuy9do881w,22a06a0765dd56c4,1024,0/0
/spttest/2lla6nltr8bl,4bfaebdbf5803e1,1024,0/0
/spttest/fkrdzvprdg3u,1c73e19fb77641ca,1024,0/0
/spttest/lzks7icw67z4,282a05d0c8571de0,1024,0/0
/spttest/78o2zmgdovq2,d39e74217f9439a,1024,0/0
/spttest/69o1wcgeiazd,b734479258bd619,1024,0/0
/spttest/yeicl8ltjjyv,3ed75ac36bcc5cd7,1024,0/0
/spttest/762dkcbg6mhq,d1817c7224a935e,1024,0/0
/spttest/ayhprni7mx10,14042b86fa9b6fb4,1024,0/0
/spttest/moftd2zv11rt,296cf65b08800a39,1024,0/0
/spttest/xhn9t71vsjse,3d2c7c009205262e,1024,0/0
/spttest/op11rvk6uhi2,2d1bda27654cfa1a,1024,0/0
/spttest/577jk4tpl8w3,97fb7c567ecad43,1024,0/0
/spttest/agbchpyuxqp3,131810a235257b67,1024,0/0
/spttest/qss754nzsdqe,30f3d81feac47386,1024,0/0
/spttest/24vglsgwsez8,3e689885a3f9ad4,1024,0/0
/spttest/ffmh89v2n0yz,1c3129cb68c012ab,1024,0/0
/spttest/pnm1s3q43ir6,2edd10a1c8b2ddb2,1024,0/0
/spttest/mrv6psuj37lv,299979e93bb47443,1024,0/0
/spttest/g7mgzy6owh9b,1d9cdc63c478ef5f,1024,0/0
/spttest/pin3bg3eehg0,2e9c7ea9371dc9d0,1024,0/0
/spttest/z2tzmcbc7kuq,40134c1134c33d52,1024,0/0
/spttest/gqwwy7w0lw4k,1e976ce1156205e4,1024,0/0
/spttest/b4n8c3tpl8uo,1454188cfc009d10,1024,0/0
/spttest/cyuch53yjxgz,17aff4b1d4270e33,1024,0/0
/spttest/kipvol8jl17b,257b6df6f9d05c57,1024,0/0
/spttest/ijpscdrcxtm0,21e1282b6409bc28,1024,0/0
/spttest/nb8lcb05qd2z,2a951c19db1899bb,1024,0/0
/spttest/s2ss2r19au4a,33498fa56d9833fa,1024,0/0
/spttest/2idjsvn9ggoi,495ecb376900d72,1024,0/0
/spttest/iv6371kt9uk,f50da8bc863f1c,1024,0/0
/spttest/b288ae1v6sf3,1434b4642de3585f,1024,0/0
/spttest/aqwcig6dya4e,13a188fc6442ecbe,1024,0/0
/spttest/qty343qcqt4m,3102f5412d8c79f6,1024,0/0
/spttest/676pm3i5ea3j,b53082e06e1879f,1024,0/0
/spttest/db9tx444lezo,18516a0e4613d324,1024,0/0
/spttest/z13oj61o3omu,3ffcd0c94c517b76,1024,0/0
/spttest/5c2hu4pcbybu,9bed7cb61f6d28a,1024,0/0
/spttest/13osw685xkgo,20387fc3b9b8ad8,1024,0/0
/spttest/kowg75q099ll,25cbbc5a8d9a50d9,1024,0/0
/spttest/2zuk7le7rhxn,578e15fd4f8028b,1024,0/0
/spttest/vech2uqhdlfk,395a64587b3366c0,1024,0/0
/spttest/lh040vpfcjkq,2738c1c73c1a511a,1024,0/0
/spttest/gbwwsqfbufph,1dd495a32945d205,1024,0/0
/spttest/rqjq8w4kc3ba,32aa6c8eb1edbfc6,1024,0/0
/spttest/mq9ej4pawowf,2984a09a959e940f,1024,0/0
/spttest/l3appcq0moze,2686bb7dfd9ecffa,1024,0/0
/spttest/kfvhxc7vgvsi,25567d1b4b98fff2,1024,0/0
/spttest/ec4fhnznrawe,1a3011b10b1102ee,1024,0/0
/spttest/adz7qabt7zxg,12f9b57b999e1aa4,1024,0/0
/spttest/jd93lix1oz7n,2360d07c8f5bed43,1024,0/0
/spttest/fe3v0qu5sxyl,1c1d74ecf70697ed,1024,0/0
/spttest/jzlh6i6fitdi,24830b676b074c36,1024,0/0
/spttest/r2w6jhj0k9u1,31772c9f579d6ac9,1024,0/0
/spttest/rwykmk678rhd,32fdb7336afc3c21,1024,0/0
/spttest/huyaw7njt1vd,209f7f4b6e53cdb9,1024,0/0
/spttest/bjplarnun08f,1517c965e3942aef,1024,0/0
/spttest/evnttwi70f31,1b2ddd5bf1ab7b5d,1024,0/0
/spttest/4tpu2s7b8d91,8d077cad2ee9c15,1024,0/0
/spttest/ci6b6szeseru,16d77472567db3ca,1024,0/0
/spttest/9gfq04j3ti1e,11460787fece4f92,1024,0/0
/spttest/37gmyez6v8d1,5dbc550e4d1ce15,1024,0/0
/spttest/9tkbsmlk8j20,11f08d412a1b7a78,1024,0/0
/spttest/k02gu6u2j4od,24892cc9503df86d,1024,0/0
/spttest/kp6visc6dgz7,25cf7f5a07b04d33,1024,0/0
/spttest/l23f3076n5hl,26771c68381a7d89,1024,0/0
/spttest/fklz0weiy56l,1c71ed5e591398bd,1024,0/0
/spttest/sf4rn2bz0bvs,33e9c20723f72b28,1024,0/0
/spttest/14zdlmjbgc1g,214560de0ff57f4,1024,0/0
/spttest/3qi9w2uh8szc,6d3286899504db8,1024,0/0
/spttest/3jxjwj4zezbg,67dbed341536d4c,1024,0/0
/spttest/g1gs6ch4epuz,1d4cdf51c64c226b,1024,0/0
/spttest/xyksb6iiwswv,3e0867ba5517545f,1024,0/0
/spttest/f5enztw9jq1x,1bac73a3d92fc3a5,1024,0/0
/spttest/nvgbojsltdv6,2b9baf6577d84072,1024,0/0
/spttest/5egc0tlqtnn5,9ddd08ba86fbaf1,1024,0/0
/spttest/o537jtghf5mq,2c18d8937e0f4b42,1024,0/0
/spttest/lc4msu874soz,26f97124f664d143,1024,0/0
/spttest/jrozu5uvvyyc,241c66533aca49b4,1024,0/0
/spttest/5cu41so3g753,9c8cebb09d7cb27,1024,0/0
/spttest/sl1zepu5a733,3436b06518cdaf5f,1024,0/0
/spttest/6t0ulhkwl39n,c6eae67673143cb,1024,0/0
/spttest/uau5lm2w1ula,375933409dae591e,1024,0/0
/spttest/a1r8d5y0v075,125af51631086ac1,1024,0/0
/spttest/2p0y6iiwnjq6,4ec4d9a927b0b9e,1024,0/0
/spttest/s9ledsxd341b,33a1d2bb7c7f882f,1024,0/0
/spttest/lzozh0hgk25i,282b89ed25627be6,1024,0/0
/spttest/6f7xhm5vmlpu,bbb62cf092a6a72,1024,0/0
/spttest/tow3hocwn5b6,363c22edbe330aa2,1024,0/0
/spttest/oir3ncixpgxp,2cca53bd68daeafd,1024,0/0
/spttest/acxu6qlhaiof,12ec391c0289c20f,1024,0/0
/spttest/lpsi58zm9gvv,27aaea601100bfbb,1024,0/0
/spttest/pnhx0znm4uor,2edb92f6a5b0365b,1024,0/0
/spttest/puv8zmszmd1x,2f3b4f3d8cccfe95,1024,0/0
/spttest/z4emxvos57bl,4027bc8630a7e051,1024,0/0
/spttest/i2r3n0yvkbpe,2104d027d6d97f42,1024,0/0
/spttest/uut54u56yfbn,385c9ed2b74d5c13,1024,0/0
/spttest/xkm0bw8ylryc,3d52ff144052c2c4,1024,0/0
/spttest/iv5aa85dclvh,2275a18c31b05abd,1024,0/0
/spttest/oissizjbi465,2ccaeff1228cac9d,1024,0/0
/spttest/26f7wf7gatvj,3faa7d1e39931bf,1024,0/0
/spttest/jnrwvt1b0bht,23e97ed29e5f5931,1024,0/0
/spttest/hote0iwgd14m,204fc9eaf2c8f6f6,1024,0/0
/spttest/sg6ie1ffywt4,33f760492af97598,1024,0/0
/spttest/kys7wgd07umk,264c1a28aa6feacc,1024,0/0
/spttest/binj4d7yfkgm,150a0dd126c8c356,1024,0/0
/spttest/fbyby7hw3ltr,1c017ba3e63c853f,1024,0/0
/spttest/8y86rjhykmvr,105980f87e1fe6d7,1024,0/0
/spttest/36d81k13cx89,5cd8cb10bb83a39,1024,0/0
/spttest/9d3gavr5qxq9,111aa2736e400e41,1024,0/0
/spttest/c67paozlrg8x,163c15eea99f2c01,1024,0/0
/spttest/brdbto7p26yo,157b46b8f0e284c0,1024,0/0
/spttest/f82jji4tye9f,1bcf0b9085b329b3,1024,0/0
/spttest/6hp92ugogwmb,bdb9d51af9ac123,1024,0/0
/spttest/zkeas6dlbp6m,40f7716f9c483d3e,1024,0/0
/spttest/insk07x0d19,f2645bca5d7efd,1024,0/0
/spttest/s1l51fbx2cz7,3339d0b44c4dab33,1024,0/0
/spttest/xd9ti8st92cj,3cf3ac5ae621a123,1024,0/0
/spttest/rq7nnjtbxq2a,32a6117c600f7132,1024,0/0
/spttest/qj0dalz2ajfk,3074e649e4b6fee0,1024,0/0
/spttest/o47dyhfzqfgy,2c0d5d3b7d60ffd2,1024,0/0
/spttest/xk7uoj35yefq,3d4de36df286be96,1024,0/0
/spttest/gfr11xoiftv5,1e066b5faed446f1,1024,0/0
/spttest/nf7i67avwv3v,2ac8aca09ae93c7b,1024,0/0
/spttest/9nkubhyfoem3,11a2cd3e467666fb,1024,0/0
/spttest/pufvil5bm4vf,2f35c3258d96b12b,1024,0/0
/spttest/6p5yhpj83263,c3c9136461a31bb,1024,0/0
/spttest/uyhn7llmq63f,388c6dcfe890fb5b,1024,0/0
/spttest/lt7q8i8tchn3,27d7606d70cc614f,1024,0/0
/spttest/qg3a25572p4t,304efb5284a856bd,1024,0/0
/spttest/27eotpjhe9d6,4077422230dd3ea,1024,0/0
/spttest/vn27es19rtiv,39cb972a74e15b37,1024,0/0
/spttest/bemildp2bacn,14d5bb11908e5f27,1024,0/0
/spttest/dh3edcp9llmk,189d077dd1980dbc,1024,0/0
/spttest/v5nex3ci4id9,38e96f8b27cda7fd,1024,0/0
/spttest/8ixlydgqac9m,f92d90af39d469a,1024,0/0
/spttest/xxguudqur0eq,3df9ff7f8ab610d2,1024,0/0
/spttest/7dw9nshrd0sr,d7dcd9ade38a44b,1024,0/0
/spttest/eimhri4k8p16,1a8485b1685a34ba,1024,0/0
/spttest/jy2o2c37f3ms,246f44d0617f5324,1024,0/0
/spttest/ccymd0xgn1bn,1693bbe25000da73,1024,0/0
/spttest/v2azf7lxr778,38bdfb97df7ac234,1024,0/0
/spttest/9rq3jojvuykj,11d8a7c9646df583,1024,0/0
/spttest/ks19bm3bu87x,25f4705277247c1d,1024,0/0
/spttest/o1nc98fzi1wa,2bec26fd19be391a,1024,0/0
/spttest/7e20n8e6ki6r,d7fe0aebbf59713,1024,0/0
/spttest/o5d0znex4my8,2c1c636d2c773630,1024,0/0
/spttest/dcsdmbupswb5,1865187ce540b391,1024,0/0
/spttest/l5aet0e2he8s,26a09a0aeb67dc5c,1024,0/0
/spttest/d7o35xod912a,182299e7ad9e4aa2,1024,0/0
/spttest/lu541xs801w7,27e36c08480e5197,1024,0/0
/spttest/uhrvryeotrmp,37b34e1b72fd2121,1024,0/0
/spttest/2udoy31vkc5m,531d8fb52d14d8a,1024,0/0
/spttest/z3iz4n8gyer4,401c500312861f30,1024,0/0
/spttest/37h3mj36gkh4,5dbf01653142da8,1024,0/0
/spttest/sma5068wa6oq,34469ef4a897e05a,1024,0/0
/spttest/3df73efhnckr,6292fca75548c6b,1024,0/0
/spttest/4ztqztfe57sw,91fd0e59a5fb0c0,1024,0/0
/spttest/7gri79gh16rm,da30d72ad481982,1024,0/0
/spttest/ierz2cal1flg,21a0ffde00e5e234,1024,0/0
/spttest/w4e5p5owuyu0,3aacb88eaeb61bd8,1024,0/0
/spttest/i8ewejjs09of,214e58b641b5a8ff,1024,0/0
/spttest/7q9hgobffs27,e1e717df1f336cf,1024,0/0
/spttest/wnhk619kb3e4,3ba4bea9ee54cdec,1024,0/0
/spttest/3v1ycuddiwga,70e3734ae79d5ca,1024,0/0
/spttest/4auz9k4ev1xh,7db8711445ff985,1024,0/0
/spttest/1wj0b2dscrjc,37a213e32a7e668,1024,0/0
/spttest/p14q9xdoe9xs,2db90d346736e5d0,1024,0/0
/spttest/uvxx4s4awm7x,386b55640955d27d,1024,0/0
/spttest/kmyhfya232my,25b27dc4ed1eba1a,1024,0/0
/spttest/7p5tt2rthhlk,e10226f814f5c58,1024,0/0
/spttest/wwv97yvlzzjc,3c1e970b40068fa8,1024,0/0
/spttest/5jjj8gg6x0tf,a1fea70442d8863,1024,0/0
/spttest/2y1z6auhqywb,56193d54c393c2b,1024,0/0
/spttest/w9x6b6wmq9sr,3af48768725c2a1b,1024,0/0
/spttest/bzqbm6h842ze,15e7e107870bb41a,1024,0/0
/spttest/iysc6k11cqc4,22a4eaa84b7c1554,1024,0/0
/spttest/7da7bs5dmm75,d75d7841f93fae1,1024,0/0
/spttest/ixis01su1e4e,22947a4e9cdedbbe,1024,0/0
/spttest/hxx3aqb4qlro,20c607347eeba0b4,1024,0/0
/spttest/f08te6hx4ouc,1b6964ffa474dbc4,1024,0/0
/spttest/rrydz05a2e48,32bcb3d7f5eef1f8,1024,0/0
/spttest/s987xux02us7,339d116a02724c57,1024,0/0
/spttest/73jk1m4rms8t,cf752e4c028637d,1024,0/0
/spttest/besxy04juzcw,14d80caa1cdd1180,1024,0/0
/spttest/kv0337xf19qn,261afbbb2cf7aa8f,1024,0/0
/spttest/2m5sfquoycli,4c714f023bc2446,1024,0/0
/spttest/u35d060c2mjs,36f5543f3a60caa8,1024,0/0
/spttest/gg1qrgpxk8es,1e0a49053195ec94,1024,0/0
/spttest/nuvprlcfagq5,2b943fcd1739a22d,1024,0/0
/spttest/80lgpx36s7am,ea4a8923ad715ee,1024,0/0
/spttest/oplbis0t7zvk,2d232a8733c22e60,1024,0/0
/spttest/fp6s3ff0i5hk,1cad6459272d3848,1024,0/0
/spttest/99ot21x974s9,10ee61e20ee370f9,1024,0/0
/spttest/e1xavf5ssv20,19ab9ab2aec10c38,1024,0/0
/spttest/7qneqh25g5km,e2377a5fb2d7d36,1024,0/0
/spttest/9mzggot3uzuv,119b15f588510807,1024,0/0
/spttest/f7nxiixmodgt,1bc9c5e46710f42d,1024,0/0
/spttest/ol35lerle1vy,2ce8a7aa6c22a20e,1024,0/0
/spttest/17hwduzgvzhd,234ff647ab66161,1024,0/0
/spttest/2qmv59pamr6c,501332cff505114,1024,0/0
/spttest/lq9vdfn5xueo,27b12e92ecfb2930,1024,0/0
/spttest/ag670i8ec4k2,131634bc8ed2b012,1024,0/0
/spttest/rxoav94ar2dd,3306ffbca3d96ec1,1024,0/0
/spttest/qk3omw5st9ct,308315bfc927249d,1024,0/0
/spttest/8amb39bfw6y2,f26db101311b62a,1024,0/0
/spttest/zchwoyw7vzte,4090d4b49b58ce12,1024,0/0
/spttest/4e3mnokiahd5,8059dcda0acd869,1024,0/0
/spttest/apx5h2zfin59,1394d60a1eeb80ad,1024,0/0
/spttest/6smbvdfbbj2,584324fff8821e,1024,0/0
/spttest/mauqpvai8sgo,28bc7f7fbaa72c18,1024,0/0
/spttest/5mcf441lgw85,a44510ee9552025,1024,0/0
/spttest/o6szb471cii8,2c2f2242be1905b0,1024,0/0
/spttest/jot8w43a9w0s,23f6f7424df7805c,1024,0/0
/spttest/ph714a8r1s5m,2e89b5dece06ffca,1024,0/0
/spttest/yumzf5tcb3ue,3fa8daec84dc1836,1024,0/0
/spttest/zzk0aohd004r,41bc57976bea11ab,1024,0/0
/spttest/un8t3f76kgtb,37fa5bc5581c841f,1024,0/0
/spttest/26ap5hfhxqkb,3f9063e2b83a1bb,1024,0/0
/spttest/tpelqebko3hq,3642d05cdcd927ae,1024,0/0
/spttest/hco3w2iw0gtr,1fb203053b7d1d2f,1024,0/0
/spttest/q9kem1qezgmt,2ffa3c77987b44f5,1024,0/0
/spttest/6x4a42s0ym16,ca3e058e1a3b40a,1024,0/0
/spttest/w0zj9dyz3xbz,3a807a0f8050a67f,1024,0/0
/spttest/s7ndcrcu0sw4,33888e50b2cbd044,1024,0/0
/spttest/gsx9yovldfht,1eb188c811f8a0b1,1024,0/0
/spttest/w6e3hfr3y67e,3ac6ad6394c3b2ea,1024,0/0
/spttest/142vgg0ovk1k,2089bb791f98f38,1024,0/0
/spttest/wh194a2e3qy0,3b50ece1fe0b6128,1024,0/0
/spttest/pe536x0a4p9z,2e620aaece7132f7,1024,0/0
/spttest/z0rl9ovbkfsq,3ff873fe9e7d13fa,1024,0/0
/spttest/fvxqu3cwpy9,ce5cd999be2361,1024,0/0
/spttest/jsvtu5c7963m,242bdac388f96e22,1024,0/0
/spttest/2cbladkdd3m9,447483caeeea091,1024,0/0
/spttest/yhbcda1yp624,3efbcb6377fbd0ec,1024,0/0
/spttest/vrfi9ncny10f,3a0458d681be109f,1024,0/0
/spttest/oy67n75kwre5,2d929e5df20d4aad,1024,0/0
/spttest/vej1c4h8s6fx,395cc288111a3b9d,1024,0/0
/spttest/a0u4em8lpj4s,124f02c66b50621c,1024,0/0
/spttest/g2k8iekxlbxn,1d5b1b97c67d20ab,1024,0/0
/spttest/m8lt9sayedqb,289f4c38ee830703,1024,0/0
/spttest/bzu3aa4qnz7s,15e93d20c9261c08,1024,0/0
/spttest/8di8s6jhkubw,f4c5b705f66138c,1024,0/0
/spttest/s6kxkrt5a8ka,337aafd72d20b2da,1024,0/0
/spttest/81a9g55a0upu,ead9b1eb9666982,1024,0/0
/spttest/1vg400ejtwy0,36c185b52e53708,1024,0/0
/spttest/thh7zaqcd72x,35dbd8208245f919,1024,0/0
/spttest/ovpgx6xtzfsa,2d729965d2943baa,1024,0/0
/spttest/g0tgujcgapiu,1d4475c8d93f0fb6,1024,0/0
/spttest/glud8fjx66v1,1e558f4573c5453d,1024,0/0
/spttest/k8pd8r9uh2dc,24f95a15bde67840,1024,0/0
/spttest/1fryufw6h5pn,2a08b712bd5ed2b,1024,0/0
/spttest/dwbz0kvc8de6,1962f6426d8f9dce,1024,0/0
/spttest/wxcd4jttqgy0,3c24c352d732d948,1024,0/0
/spttest/r5rimys3k3uh,319c7596bb2cc379,1024,0/0
/spttest/3fh0lthp9a88,643d2649cc04908,1024,0/0
/spttest/d8bko2f9ws8b,182b134902c1bbeb,1024,0/0
/spttest/hiid25khyn5w,1ffddfe0888dfac4,1024,0/0
/spttest/j3bm6wbhafwh,22dfd45cf489ac01,1024,0/0
/spttest/xkrs166c84to,3d5513ff7999ce6c,1024,0/0
/spttest/lj9byefl8eno,27560ff497a62d34,1024,0/0
/spttest/22m2gmxeva7m,3c92b6aaaf59772,1024,0/0
/spttest/u1ptavyvoyav,36e2baea3ff87aa7,1024,0/0
/spttest/p7qmy0wfvrkl,2e0ee44cff5e0c55,1024,0/0
/spttest/ic32dj91338c,217e08a48e31081c,1024,0/0
/spttest/mmafdychmpsc,29510a245ac3ed0c,1024,0/0
/spttest/7ivcrs3v5z9l,dbe6b80858d2cc9,1024,0/0
/spttest/ckv7jq9gttwj,16fa6ad2fc6870a3,1024,0/0
/spttest/u92nca1a66ug,3742493426aff628,1024,0/0
/spttest/7hphl6j0ngdd,daf5064f8e57ea1,1024,0/0
/spttest/9ysnhft21ebc,12348079e2d404b8,1024,0/0
/spttest/rmv0rkgddm5l,327a8a91eedb1e69,1024,0/0
/spttest/iuq7z0lt5yxz,22703217efccb127,1024,0/0
/spttest/l3ykgu0xgqw7,268f56e4d3ed8d27,1024,0/0
/spttest/dyzpjdtxrs7x,1985814b0bbdac9d,1024,0/0
/spttest/yb52sv6g0cbm,3eab99177e121662,1024,0/0
/spttest/lw6yurtv20l4,27fe11f1538cb278,1024,0/0
/spttest/vkl8i0dqz2rw,39ab7d303a2a26cc,1024,0/0
/spttest/jj60biv1k736,23ada28314a5bde2,1024,0/0
/spttest/7dmcbwt6yulg,d7a38c5ee59e964,1024,0/0
/spttest/4cy910936bhn,7f6afbbe57066ab,1024,0/0
/spttest/4afdbe6cnf77,7d5e53a31ecb0b3,1024,0/0
/spttest/b981x2d8nmm2,148f90d8148d8e3a,1024,0/0
/spttest/4q7k73f9e0t5,8a2e80b0e013099,1024,0/0
/spttest/m27k7rbiwihw,284c384a4173f3a4,1024,0/0
/spttest/qz2e7c8yzo76,314575772ce46742,1024,0/0
/spttest/jnztojllnwkt,23ec598dc157ddad,1024,0/0
/spttest/u5gbxnv0425v,371344111d686ff3,1024,0/0
/spttest/e3m2ax014to0,19c1872c50b6a030,1024,0/0
/spttest/v6coy7vduvb3,38f28e7cdac2f2ff,1024,0/0
/spttest/x05b2fxbv71x,3c492f3bf7ccb475,1024,0/0
/spttest/l3fyg09bqmqo,26889fc261aea4a0,1024,0/0
/spttest/rod2pwxtq2f6,328e0b7809152fc2,1024,0/0
/spttest/v2h340yx03h3,38c02f44ca579a97,1024,0/0
/spttest/n3iggck0q4zz,2a30c13056882bcf,1024,0/0
/spttest/qhs3cy4e976v,3064ec983fe60aa7,1024,0/0
/spttest/mehuif63p7kk,28ebcd7895331d94,1024,0/0
/spttest/4522342pdoxl,7902557bc70c079,1024,0/0
/spttest/vee6wqbwyjo0,395b02fce83f6410,1024,0/0
/spttest/5tw277pbf6vm,aa65416089def92,1024,0/0
/spttest/7pefim9btc0n,e133d1556c17117,1024,0/0
/spttest/kh1dqm670nn4,256599d499d296b0,1024,0/0
/spttest/h6m7jk47kif4,1f63641d71179140,1024,0/0
/spttest/7umctfrtryh9,e570b63016da04d,1024,0/0
/spttest/zqe2h00qbvfr,41454ba74c3f0de7,1024,0/0
/spttest/oz1j7bieibvj,2d9deb70afc3d29f,1024,0/0
/spttest/vcusyamnzdpa,394706ecd07fdf1e,1024,0/0
/spttest/bllicpr6dp1g,15304ae1419c6204,1024,0/0
/spttest/lk11ti92p2rr,2760104274364047,1024,0/0
/spttest/iqehs7oz4u16,223801d215f5440a,1024,0/0
/spttest/gnm8elunsjt7,1e6c9a7332e4d24b,1024,0/0
/spttest/85ij2eld8mba,ee48bc588dd23f6,1024,0/0
/spttest/affjda5zdaoq,130c967e75ae8e5a,1024,0/0
/spttest/98l7xs6ehxb3,10e01955f21a68df,1024,0/0
/spttest/gp99rxk0nk4k,1e81e7b1195465a4,1024,0/0
/spttest/hydnzil266gj,20cc022ddbc3fc33,1024,0/0
/spttest/rdhtcw48978p,3200df7741dc24e9,1024,0/0
/spttest/a2np3nqrmd53,1266abcfb172bf07,1024,0/0
/spttest/outplnyigop8,2d6723e26d15ab0c,1024,0/0
/spttest/yixjp1tie6e,1c0776e8cbf4946,1024,0/0
/spttest/oo3y9d14w6d2,2d0fe8fc262a2036,1024,0/0
/spttest/ecvuj5ykng5t,1a39f63a4d0f1d91,1024,0/0
/spttest/5q3sybxyx8zu,a752a47ac9061ca,1024,0/0
/spttest/mbtqnku6flyr,28c9203964871af3,1024,0/0
/spttest/pbm8e8xcgr6g,2e414286315e9d98,1024,0/0
/spttest/lih6c3b9yl4e,274be739c996846e,1024,0/0
/spttest/v015basasd99,38a07483662acc1d,1024,0/0
/spttest/jq3jwntfn7eu,2407ac75f9a6f846,1024,0/0
/spttest/nhi9dzl9dnn,1311204a72f5e63,1024,0/0
/spttest/ecrl14f4shvi,1a386c6073c5e97e,1024,0/0
/spttest/5u2i1svfv2ob,aa8a6f65d0e6a4b,1024,0/0
/spttest/o1iko2ordw9g,2bea6ebb3e3d5f94,1024,0/0
/spttest/snk53abghxw6,3457381de1e241d6,1024,0/0
/spttest/45qznkcbrj4s,799244f1f2d349c,1024,0/0
/spttest/lxxushtlt7zl,2814c2b76a44a6b1,1024,0/0
/spttest/ok63wms06pnf,2cdcbb2e96fd175b,1024,0/0
/spttest/kurc5zg73iqe,2617d3b4c08e9896,1024,0/0
/spttest/cf9w2umj5mre,16b1c7617ca96d7a,1024,0/0
/spttest/9pbc4r95zfur,11b959c72610d403,1024,0/0
/spttest/y0ac35hb11k,1b9bd3f8812ef08,1024,0/0
/spttest/xiw93b2e8g2k,3d3cb6ba5f9b895c,1024,0/0
/spttest/65sp83jmioqd,b40fcc51b037fb5,1024,0/0
/spttest/8z01as93k2qo,10638d421cd031e0,1024,0/0
/spttest/vtnzp9g86wso,3a2163074a970388,1024,0/0
/spttest/5bap7u38gxe4,9b4d06bc3d1a10c,1024,0/0
/spttest/3fhda21bczzr,643f2e8ed4b7037,1024,0/0
/spttest/9gaegtdg2fux,11441c171334f0c9,1024,0/0
/spttest/b7q0g2et8a20,147c112e809c39e8,1024,0/0
/spttest/nrsll12wzp7x,2b6c28320132226d,1024,0/0
/spttest/1gwngv68ga5,1316ed25b2666d,1024,0/0
/spttest/3q321i491ka1,6cdaabec9edb5e9,1024,0/0
/spttest/z8krjg39gvbc,405de78f901d5788,1024,0/0
/spttest/acxvmz49nupg,12ec3cd5195de434,1024,0/0
/spttest/6z5qre06z58p,cbe61f163946b49,1024,0/0
/spttest/f5x7ny74noee,1bb324bcc284bb46,1024,0/0
/spttest/71akchcm2qr7,cda19d726dc89f3,1024,0/0
/spttest/azgoltdufhu3,1410c96f18ce4a0b,1024,0/0
/spttest/ctueurfpshsh,176f0883676cce11,1024,0/0
/spttest/ta2gm9fx1nde,357b97f81e679992,1024,0/0
/spttest/o7s3xd67ohj7,2c3bceff82e1bdc3,1024,0/0
/spttest/qkvviizxl1vq,308d41b5948bc9c6,1024,0/0
/spttest/jpkctub98qpb,2400bf4d834f0e2f,1024,0/0
/spttest/cg713kfh02u2,16bdbc69ae885b5a,1024,0/0
/spttest/j6xlty0z6snq,230ebb4fbd2c3996,1024,0/0
/spttest/ek1uqcm1mvcx,1a970dbf127d4141,1024,0/0
/spttest/uv0i3phwl9v7,385f46acefcd7933,1024,0/0
/spttest/rboic0szm7s3,31e94f3e9547c3e3,1024,0/0
/spttest/4ruspljc3dxx,8b8479d5114b155,1024,0/0
/spttest/4mgabx8zfpo4,872190448b922b4,1024,0/0
/spttest/ck7s9ltxvte8,16f1f72575bd8b90,1024,0/0
/spttest/m2v3gyuwzcym,2854b62a796fa45e,1024,0/0
/spttest/x6zvh6hiayyd,3ca226301fc1a575,1024,0/0
/spttest/876cpy63wt0l,efa21956c6c75e5,1024,0/0
/spttest/3qgnemhf375m,6d292595cd179fa,1024,0/0
/spttest/nztbajlsg0uk,2bd454365634284c,1024,0/0
/spttest/wexjzwv0qc3e,3b359ccf0a685bba,1024,0/0
/spttest/pj84mrc5ifz2,2ea415c420a1265e,1024,0/0
/spttest/6i126vmb8uke,bdfe0109c08bfbe,1024,0/0
/spttest/mk0ekb6q4bk2,293371d5591df582,1024,0/0
/spttest/n20yz87gldfj,2a1d74d559c1033f,1024,0/0
/spttest/1bolps0ektan,26b5f9f73b49f4f,1024,0/0
/spttest/c4osmox1ncdu,1628463b3dd86372,1024,0/0
/spttest/vx8oh7zlu0do,3a4fd1bc2d57ae6c,1024,0/0
/spttest/phuiz4jfg33f,2e923028087f0eab,1024,0/0
/spttest/nvkbbmjp8f4e,2b9d1ff2c044038e,1024,0/0
/spttest/stw7ri6og42o,34a982ef060948a0,1024,0/0
/spttest/162mxcym45go,222805812d992a8,1024,0/0
/spttest/j72e5te3way3,23107578f5daea6b,1024,0/0
/spttest/639g2l150m73,b200fc65988095f,1024,0/0
/spttest/rqaq9rt8p6h5,32a72d4e52bc7909,1024,0/0
/spttest/p19omxpy6nnl,2dbad6d76fecb341,1024,0/0
/spttest/wwdq6z5jjlmv,3c1843f693bccb47,1024,0/0
/spttest/og24cxb3r52i,2ca755d7e25d516a,1024,0/0
/spttest/6m4d68sykhe3,c15065fff4ae70b,1024,0/0
/spttest/2q29f9zrijs5,4f9c413b353eba5,1024,0/0
/spttest/9lq390e7bt3s,118ab77c5afc0718,1024,0/0
/spttest/gho9so0ajek7,1e1f6736c5ff9a77,1024,0/0
/spttest/rwjc4vhay7bz,32f837e3f371779f,1024,0/0
/spttest/lagkhiqmhozq,26e3c51c8d5a76c6,1024,0/0
/spttest/p031petjcd2s,2dab7489e9887434,1024,0/0
/spttest/skjghk1t5q6c,34300138103174c4,1024,0/0
/spttest/hk3f939482fa,2012767e27a47646,1024,0/0
/spttest/a9fm452wtl08,12beadffdb74c798,1024,0/0
/spttest/uaqeefe9n35g,3757d85bff1b80b4,1024,0/0
/spttest/q7li0cc60qn,154766af009053f,1024,0/0
/spttest/6xtlybh9jzcm,cad03eea8ecf6b6,1024,0/0
/spttest/kdim6ta44s1k,2537dcbe8f3ca2f8,1024,0/0
/spttest/igkowtowoiib,21b859c07e99c3b3,1024,0/0
/spttest/wjbw09vyl6tw,3b6ebdce67c3e3d4,1024,0/0
/spttest/bw0zebtkj0se,15b7c4b44292e2be,1024,0/0
/spttest/7dd6n7wvowj1,d76eadec89be9ad,1024,0/0
/spttest/x0p9wiugpert,3c50639c890f7f09,1024,0/0
/spttest/5p4oil87n7ih,a687e01a25ddcc9,1024,0/0
/spttest/p3x8q6k0vbtq,2ddd515f2053fd9e,1024,0/0
/spttest/jnviwq9nkvve,23eacc70c519b95a,1024,0/0
/spttest/qv557znuwln6,31127e7f6498bf92,1024,0/0
/spttest/9camkts5acb3,11103be0197141cf,1024,0/0
/spttest/15jihxmz3ilm,21b99fc20feebea,1024,0/0
/spttest/f3ua9l8l7n76,1b981bcb05235632,1024,0/0
/spttest/6efl7wvoneli,bb129045bf85da6,1024,0/0
/spttest/klfk3mreu1ux,259eac55cf519ee9,1024,0/0
/spttest/f3amasgptaph,1b91034d9dc21475,1024,0/0
/spttest/7tdpgu98136c,e46ef45ee427254,1024,0/0
/spttest/szo688puxvyz,34f48b96e533821b,1024,0/0
/spttest/k2o2v52lbutz,24aaf38c47fefdd7,1024,0/0
/spttest/3u6a1smu0pzh,702c96c8c11798d,1024,0/0
/spttest/w2mvqo8roytn,3a95e3cee82de14b,1024,0/0
/spttest/tkllq92lc2qd,360464a57a6b25d5,1024,0/0
/spttest/tn1ozlya0seb,36242d6a8185b1c3,1024,0/0
/spttest/o7bbgu0ll2pk,2c35c016023815f8,1024,0/0
/spttest/y48uyail0952,3e5209a0c9730b46,1024,0/0
/spttest/8cwjq711mrvm,f44876b6fa36ba2,1024,0/0
/spttest/ymp6tne59yxq,3f41bc99823de61e,1024,0/0
/spttest/mtb0chbgxwii,29ac2cb7324e4eda,1024,0/0
/spttest/5kbpwbctj09x,a2a15d82f972525,1024,0/0
/spttest/egrdlcw6da1q,1a6c4e51d2c0ba1e,1024,0/0
/spttest/nf765xxm6o96,2ac88dd1c4520a4a,1024,0/0
/spttest/gl7qfqzhb2ko,1e4d64adaf335ec8,1024,0/0
/spttest/spipn5i56wls,3470aea01388a790,1024,0/0
/spttest/dhe04wiprf22,18a0db04da16c5fa,1024,0/0
/spttest/2gj74uqbvvov,47dfbe530b5252f,1024,0/0
/spttest/5t01k3s4yh3d,a9ac6a7c1542f09,1024,0/0
/spttest/utjkrs2gdcv1,384c2e01803f5a5d,1024,0/0
/spttest/xxo2tr7ilnq8,3dfc9a8ebc9d2960,1024,0/0
/spttest/8k4dpbvgbpwr,fa247b4d26333eb,1024,0/0
/spttest/mfbs2ilyhri9,28f69a40d1671b81,1024,0/0
/spttest/ob0ckby10cg5,2c65bfe097f25805,1024,0/0
/spttest/mfsivjnoq18w,28fca4eca7684cd0,1024,0/0
/spttest/fdbbejpaxkno,1c132848686ee4d4,1024,0/0
/spttest/1rmb8yaecdmu,33a6023139f2606,1024,0/0
/spttest/qvhu78s5jqu6,3117130207f6639e,1024,0/0
/spttest/1bcpbdffgorb,2671470bed57c57,1024,0/0
/spttest/5bp55eign7f0,9ba06749d0d3d4c,1024,0/0
/spttest/4oamfxaj1rmy,88a086534176d2a,1024,0/0
/spttest/2t5ttjca15fv,5220548abfd3bcb,1024,0/0
/spttest/own1w4clg452,2d7eb75ad5a69df6,1024,0/0
/spttest/e5gxqydment5,19d9a828d57c3a09,1024,0/0
/spttest/pr9jmk0edbr8,2f0c82a9147e0ac4,1024,0/0
/spttest/lgf050ca7f2f,2731241387f88207,1024,0/0
/spttest/80ih7zk1ens9,ea394c11744d0e9,1024,0/0
/spttest/rt9xelltqym,16946156c04f6be,1024,0/0
/spttest/96p1zjczjvl,7751ce67857761,1024,0/0
/spttest/fggzk4g412sj,1c3c2bded94dc863,1024,0/0
/spttest/e0cl5r896y1r,1997241a44c3aadf,1024,0/0
/spttest/u6s1d66fc4fm,37247a9fcbfd8872,1024,0/0
/spttest/mh2syvrdhw2v,290d57c25b44a5a7,1024,0/0
/spttest/w7w8ctx7fyw3,3ada35c652b5b963,1024,0/0
/spttest/ev6cldr50u8z,1b278edf97131a23,1024,0/0
/spttest/rn00tnvhxnnw,327c588f820d330c,1024,0/0
/spttest/ey3mson4p7ll,1b4d8bb79837b2b9,1024,0/0
/spttest/4bs9o28wr473,7e789e93659adff,1024,0/0
/spttest/lkoayso6yqe4,27687432be06201c,1024,0/0
/spttest/6a3odigwby3i,b78e7aaeb43415e,1024,0/0
/spttest/flhwzopwevgm,1c7d73ef2b38fac6,1024,0/0
/spttest/tqz8fu4hykm0,36573f3ea2747dd8,1024,0/0
/spttest/tq2wpn2q6bqq,364b955ec8fad2f2,1024,0/0
/spttest/1mihy8x62jde,2f80d93f480b892,1024,0/0
/spttest/2wlf7vgk6igu,54e9d7b212926fe,1024,0/0
/spttest/4nm97wag0asl,8813da1516b6ea5,1024,0/0
/spttest/snmapzlbmflo,3457ff4cd6bec77c,1024,0/0
/spttest/m56dcxbmrny,11fa1d60af1448e,1024,0/0
/spttest/uoo5tblxx9jz,380ce32fc61cd39f,1024,0/0
/spttest/wl93uqlv6ns7,3b87b758c498d0e7,1024,0/0
/spttest/l47o4585e069,26929f911b278d61,1024,0/0
/spttest/gqb6q62p0roj,1e8f95dcaa756d23,1024,0/0
/spttest/66dqfv3svjoj,b48939f4e2aad63,1024,0/0
/spttest/7a1lteglg25i,d4bc59bc74903e6,1024,0/0
/spttest/ex1ic5vppftt,1b3fca4887b90161,1024,0/0
/spttest/psd6abtn38r0,2f1acf29db128a0c,1024,0/0
/spttest/l29oa5lt12tv,26795e37ddbd4593,1024,0/0
/spttest/crq9ta73wk80,17538f97b0e36d60,1024,0/0
/spttest/z1lq6kiekowh,400353a5fad5d111,1024,0/0
/spttest/xsktuxtj3502,3dba7c2957475312,1024,0/0
/spttest/r5ka1b7pbiui,3199d8f10341592a,1024,0/0
/spttest/o0i2dexh91b3,2bdd4287e36f63df,1024,0/0
/spttest/tzz8aimsakmm,36cc262d16a0daee,1024,0/0
/spttest/w0t6bwsbv108,3a7e2eacfa22b1d8,1024,0/0
/spttest/9u4c2qmuh793,11f7c557113754f7,1024,0/0
/spttest/5mxaa4hlrfk0,a4bd86413eb6080,1024,0/0
/spttest/m7kj7yr7izap,2891d8cf4f171631,1024,0/0
/spttest/lcalv8jyy0qc,26fb98f57e990634,1024,0/0
/spttest/n60mk2351zm,12cecb8d0d48452,1024,0/0
/spttest/5twb99vt5t7d,aa66b5332880c19,1024,0/0
/spttest/njl101enee77,2b0182c085b0be63,1024,0/0
/spttest/4yds8tyq63t,405cea5b9b1769,1024,0/0
/spttest/6jv622jem4ns,bf7ba4a13bd5b18,1024,0/0
/spttest/lzcb7dxh0jqc,2826f73e1555c8e4,1024,0/0
/spttest/r65jw3qdlous,31a185f612bd7614,1024,0/0
/spttest/ug1nwzxycqzz,379cdb1bfbc1c9af,1024,0/0
/spttest/ep6712r0gg3f,1ad9910e8f66617b,1024,0/0
/spttest/rqucig92uuq5,32ae415e4dee7d0d,1024,0/0
/spttest/pt7arsn8wec1,2f25adb805b55491,1024,0/0
/spttest/ehejm00uzcn7,1a74aa3acd8e88c3,1024,0/0
/spttest/pbm6lxwmrsma,2e413df0e4066fa2,1024,0/0
/spttest/magri1hzlc4r,28b77459f86fa7ab,1024,0/0
/spttest/j9c9j65leiki,232dffca906bde82,1024,0/0
/spttest/wphlmkst7dlg,3bbebcec0c262d94,1024,0/0
/spttest/vv1k22dp6xkv,3a33454cf3829c7f,1024,0/0
/spttest/bcwvw7zpuns4,14bf7e5d8f9b68e4,1024,0/0
/spttest/q81c9xmdyjqa,2fe65e3807512d62,1024,0/0
/spttest/k5793l1dk7w1,24cbd90df5d245f1,1024,0/0
/spttest/8ytlfpzc4fm1,10613a591d927009,1024,0/0
/spttest/92vr307l1wzp,1095f6999587ce45,1024,0/0
/spttest/3dpexx7yreuf,62cdf9bef9eb1e7,1024,0/0
/spttest/gesjukzqar1u,1df9fab60e622d72,1024,0/0
/spttest/3z8tg3rue5qs,744a636c2e86e94,1024,0/0
/spttest/lpxhukan7nel,27acb774721b113d,1024,0/0
/spttest/duj7qw17v4nj,194b98b9a46bb44f,1024,0/0
/spttest/cacc11yosx2i,1671b6c217fec66a,1024,0/0
/spttest/onhlq07ttot5,2d07d8b6f4f25bd9,1024,0/0
/spttest/umi44k9eyzyy,37f0ba221cc1bc9a,1024,0/0
/spttest/3oy4qsdvo8rc,6bee694bd8a5558,1024,0/0
/spttest/lmmc5oy4pw19,2781b90852077a6d,1024,0/0
/spttest/obz412tfte81,2c724ade07165041,1024,0/0
/spttest/6w7t9gh8sar7,c9829541dc05173,1024,0/0
/spttest/37thgrzph7tk,5e06804605116d8,1024,0/0
/spttest/9sx0eu8lvlgc,11e823942335335c,1024,0/0
/spttest/aw60zaz9vot6,13e5f95d2853045a,1024,0/0
/spttest/121i0w999mab,1ee225f39554613,1024,0/0
/spttest/bprny1o0xo2r,156678772acde823,1024,0/0
/spttest/ej90i0i595qe,1a8ca5de2efab246,1024,0/0
/spttest/4kzjkpgbi7x5,85f1137cbd5b399,1024,0/0
/spttest/wfo1xirs8n7r,3b3f2c6590c96f87,1024,0/0
/spttest/qmgb1soov582,30a19e30e4aba432,1024,0/0
/spttest/hyp4da03kykm,20d024435f03af06,1024,0/0
/spttest/j6dn5tw4x5s0,2307875c0799af80,1024,0/0
/spttest/zju80gz8f9i5,40f032f7061d51dd,1024,0/0
/spttest/h9470opbvxm,e01b7126744f6a,1024,0/0
/spttest/woosv99i5pq3,3bb458d276de777b,1024,0/0
/spttest/y4aowdfrs048,3e52b2d545935698,1024,0/0
/spttest/nqeedc38hm67,2b5a0b463acd7e7f,1024,0/0
/spttest/uy0v2ueq6vb6,38865fbd47b39602,1024,0/0
/spttest/xtbryb9869aj,3dc435367f72708b,1024,0/0
/spttest/nxifpsvhtpyc,2bb66cffaa43b5a4,1024,0/0
/spttest/8ilrwpo1nf6j,f8e93e673093d9b,1024,0/0
/spttest/31gfaxrpsusz,58dc2244d131ff3,1024,0/0
/spttest/8hi5ak2hckln,f8047832d6aac4b,1024,0/0
/spttest/y4k33k8zf9d,1bb47bd04970001,1024,0/0
/spttest/l4kv9y4u1xx2,269762ba61cc2ff6,1024,0/0
/spttest/nd28qdujvpfl,2aaccc0da1430d81,1024,0/0
/spttest/ek0p00vls0cs,1a96a2ac440101cc,1024,0/0
/spttest/zlczmn2psq0j,4103f5b4cdb163b3,1024,0/0
/spttest/q9yqx5nmr2o0,2fff693427ff6840,1024,0/0
/spttest/h8fdr31rca1h,1f7ae7fb5b2e4cd5,1024,0/0
/spttest/gy822qzgm0yl,1ef65ee0fab44a5d,1024,0/0
/spttest/aot99qqscmnk,1386710cc22021b0,1024,0/0
/spttest/axyxyar3inep,13fd6587d45d9601,1024,0/0
/spttest/newv5iqh91e1,2ac4d5e21d342849,1024,0/0
/spttest/kx3r049k7ez,10fbae895775b8b,1024,0/0
/spttest/hrezego7k3lx,20718f0a08249645,1024,0/0
/spttest/p29m87cs38ve,2dc7cdeaad750baa,1024,0/0
/spttest/k03hog8d92x9,24898b4fb6acc40d,1024,0/0
/spttest/jjle6zuza72x,23b32fa24a6e2d59,1024,0/0
/spttest/bz8zb00ig52z,15e19f2ede588fbb,1024,0/0
/spttest/6ryoa2gnbc3o,c60e833bb3c6904,1024,0/0
/spttest/aan9xgvtg8jh,12ce6eefe9e8e83d,1024,0/0
/spttest/wv0a6yhjfpmb,3c066cdd8d46a673,1024,0/0
/spttest/j9u8cnuiy69a,23347b63d52a4e2e,1024,0/0
/spttest/1fbmu1qjibad,29aa6bb95c534a5,1024,0/0
/spttest/rtqncoqpgo3e,32d3e37a78a4befa,1024,0/0
/spttest/vpfglu11g4g9,39ea5a0fb5dadf89,1024,0/0
/spttest/3dpw7tzf1jzh,62d0bef0b92866d,1024,0/0
/spttest/v6h0k02ja1vq,38f41dbca2046306,1024,0/0
/spttest/ugjx6odbkk9s,37a3718500aee2a0,1024,0/0
/spttest/t9ep65bjc3ob,357305132fa66c9b,1024,0/0
/spttest/dz1amxjmdt9c,198613cbb3906760,1024,0/0
/spttest/pamj704l7il4,2e3460f98a68ded8,1024,0/0
/spttest/i95it72smsdg,2157f3c723cfcd24,1024,0/0
/spttest/xn7spuz0z2y5,3d74d629b41d85ad,1024,0/0
/spttest/w3skuclk6z26,3aa4ef5014e93efe,1024,0/0
/spttest/ke1h7gguxx74,253eaaf53d1d0450,1024,0/0
/spttest/xx6uw6ot6equ,3df663f1c1738d26,1024,0/0
/spttest/xm9j1cqbu67q,3d6878cdd06e0df6,1024,0/0
/spttest/m09rg4jylzqf,28330911e8707627,1024,0/0
/spttest/akkru5xkrjwc,134f6c592e35257c,1024,0/0
/spttest/gu1f9ymtf30z,1ec00524b93f7213,1024,0/0
/spttest/h1tg3zjqeqcq,1f250e642d4cf2ea,1024,0/0
/spttest/c856k7isgpff,165527a3320978bb,1024,0/0
/spttest/yh8zis0kb0vq,3efaf1b05421ad36,1024,0/0
/spttest/tppeby65g6xm,3646b56c52fa641a,1024,0/0
/spttest/lct4syveszi6,2702482ceefc6cbe,1024,0/0
/spttest/68pusfk8ouzu,b66edb6ab967aea,1024,0/0
/spttest/k4xevemcsk7p,24c84c2f16609955,1024,0/0
/spttest/5vidtvm6j2xa,abb5f487846a38e,1024,0/0
/spttest/ldrvo8ytqbf7,270ed1a2b50d4153,1024,0/0
/spttest/la4kgr3k4z1u,26df70a34d62ba72,1024,0/0
/spttest/e5kvfs1lqwbw,19db13b452327f2c,1024,0/0
/spttest/jp18fl9p66hp,23f9d906ff22f35d,1024,0/0
/spttest/qz3n5untfzpy,3145e8d1da857b96,1024,0/0
/spttest/ifd5c798u0on,21a8a3b29f7f9af7,1024,0/0
/spttest/m2gqqxf6yv7z,284f885d7d6fc48f,1024,0/0
/spttest/gczh79m7dzez,1de27ffb67cfc38b,1024,0/0
/spttest/tcc8ohz4xhqd,359919cc5ae0d805,1024,0/0
/spttest/rsyz4d0rc2wh,32c9e75d181464b1,1024,0/0
/spttest/7o4cd7wiechn,e029c0fe38ab8bb,1024,0/0
/spttest/pcluhuiqo5jk,2e4e1c1dd3433410,1024,0/0
/spttest/qskkcvt9ci27,30f117162a26136f,1024,0/0
/spttest/7yw8nt0yfhdn,e8e916e7a76f7bb,1024,0/0
/spttest/cse24pxcrsf1,175c24b81e92089d,1024,0/0
/spttest/uzsddb1d7yxq,389d49de50596d9e,1024,0/0
/spttest/tmzmb54jmv28,36236dcddccbd9c0,1024,0/0
/spttest/snfr8z0ccl6e,3455a320c5b4b236,1024,0/0
/spttest/abjvj4ay61s0,12da32253dac1880,1024,0/0
/spttest/r6hxolvm5v78,31a5fdc451592f34,1024,0/0
/spttest/f8cqgd14kh2g,1bd2b8fbc9318b68,1024,0/0
/spttest/6qoqrrw8ye1t,c5055a80deb73a1,1024,0/0
/spttest/o9adykkvlw6h,2c4f64a080f5a529,1024,0/0
/spttest/xr7z0gq7qi1n,3da8db571f3aecdb,1024,0/0
/spttest/joyujavc3gmy,23f8fca2658b3efa,1024,0/0
/spttest/rybo6p252gf2,330f6e6090193c9e,1024,0/0
/spttest/83lqewmp1oba,ecbb936df938256,1024,0/0
/spttest/bl0zvbxh249u,1528e41789b6c722,1024,0/0
/spttest/bw9yiwqx43sl,15bb01c7702dd535,1024,0/0
/spttest/4d9h1uvx1ip2,7fabc5f1eafd1e6,1024,0/0
/spttest/6gn2t4tm4lwy,bcdd73d2c2331f2,1024,0/0
/spttest/ni1anvnezifd,2aed66ebf10d8209,1024,0/0
/spttest/q1wic9faefcu,2f96b065dbdebb3e,1024,0/0
/spttest/9tmseg2c86h4,11f170993fcb26c8,1024,0/0
/spttest/q4xp78n8reyv,2fbe16238f8e8887,1024,0/0
/spttest/bqgncfyhks15,156f7c21c26033e9,1024,0/0
/spttest/vt2nuyv3wfcz,3a19b0e9a33874c3,1024,0/0
/spttest/b1r68ezh32rz,142e8cdbe3612dcf,1024,0/0
/spttest/v2281cmfkxcg,38bad2621cdc6cd0,1024,0/0
/spttest/wj9e35471ikd,3b6dd7170c771b3d,1024,0/0
/spttest/zqqhizq7kt9v,4149c6b37e8f9033,1024,0/0
/spttest/emmuzo2lm55h,1ab89ca835418095,1024,0/0
/spttest/rpe0vu9e8d46,329b606276722666,1024,0/0
/spttest/obupc5uzw0ou,2c70b3b2941e567e,1024,0/0
/spttest/4dkoop0pj4wv,7fec802a6c4e89f,1024,0/0
/spttest/wgf92qs3fj9o,3b48fcac07cb024c,1024,0/0
/spttest/ac1aq4g912d,863c5101b22da5,1024,0/0
/spttest/hxyva3qzm5xz,20c6ab5ee0282297,1024,0/0
/spttest/2wofsjf6k95w,54fb40efee3fd64,1024,0/0
/spttest/rlil29baexx2,3269109a92110936,1024,0/0
/spttest/roe9erj2rp0x,328e7900bf905571,1024,0/0
/spttest/wawduzyqzkls,3b013bab2dd52510,1024,0/0
/spttest/c2x64sonajtr,1611514f377d19df,1024,0/0
/spttest/yqjmklvyvg7y,3f73afd342a2f1de,1024,0/0
/spttest/mrvlj3pecfj5,29999feba1269ba1,1024,0/0
/spttest/jq41vnwmc2u2,2407da92e8d61f5a,1024,0/0
/spttest/axgku8d7rccw,13f6c541d8893250,1024,0/0
/spttest/3v8hc9t1v95o,710921fdaf8051c,1024,0/0
/spttest/5nsii71kg8jz,a571ce86fb2b74f,1024,0/0
/spttest/fwga3m0wsqco,1d0bbea820d8b468,1024,0/0
/spttest/3xycfi65spin,733e19d184d4d2f,1024,0/0
/spttest/wrrjxmnp5ygp,3bdc4ec627ca52b9,1024,0/0
/spttest/ov7ph0jns8xk,2d6c30b55be2ff38,1024,0/0
/spttest/tuwy3v2pktfv,368a61061cc4830b,1024,0/0
/spttest/qva223fn823t,31144438a8b67fa9,1024,0/0
/spttest/my6jkkhjgo6x,29eb827c01ccf579,1024,0/0
/spttest/g0jczjdtmxh,d005c88039a255,1024,0/0
/spttest/ko0evr8rs1pm,25c02d3107bb82aa,1024,0/0
/spttest/66tb1auuqm6,5064f1b401f83e,1024,0/0
/spttest/tpoxymh101xz,36468b6bbfdf6ed7,1024,0/0
/spttest/d21kavv0lmx5,17d9871f7432b349,1024,0/0
/spttest/3t92bdw2mvfk,6f6cd6de42e9aa0,1024,0/0
/spttest/hhchbdtbf8p3,1feec354f13ae8c7,1024,0/0
/spttest/ivu9fwa3gcva,227ea497903bb026,1024,0/0
/spttest/39kur17fkwsm,5f7454d72b79e06,1024,0/0
/spttest/lwt2kzb2i8v5,28060b9bf7377b61,1024,0/0
/spttest/af7qgsvoo8n5,1309c5c26801f5c1,1024,0/0
/spttest/gzml4u6hpqce,1f089a3091dfba9e,1024,0/0
/spttest/ua2lpggu0v22,374f4244a50dfb3a,1024,0/0
/spttest/wrfov1r2ou7f,3bd8070008210ceb,1024,0/0
/spttest/jzwntp0oth8f,248714808c98e47f,1024,0/0
/spttest/13hszddsb99w,20101a2b4b683b4,1024,0/0
/spttest/9jf2r4molcze,116cc3a5aa3b64fa,1024,0/0
/spttest/usqreoooew5v,3841c85aa5c51253,1024,0/0
/spttest/18jbda0roqrw,2427f7675bc788c,1024,0/0
/spttest/jugfojjwpyub,2440476ee373f8a3,1024,0/0
/spttest/7zz5d5m76g0h,e9c9b562b27a591,1024,0/0
/spttest/ihmkxq2cq14l,21c6058bcd453c35,1024,0/0
/spttest/j57oijabezqo,22f8635d5821af70,1024,0/0
/spttest/jhq62gj1c90z,239aee1cb04805b3,1024,0/0
/spttest/h3oy2e2opkfk,1f3d6922474ff3b0,1024,0/0
/spttest/reoo8gjnb2zp,32105627caca86e5,1024,0/0
/spttest/koasa23vwgud,25c3eb3f9b322845,1024,0/0
/spttest/h82gg0apn7m2,1f763e1a4597a74a,1024,0/0
/spttest/hfgkbuwfj15z,1fd64205c2571ba7,1024,0/0
/spttest/bbo6e30d0z5h,14af5cb9b6088ef5,1024,0/0
/spttest/2bks82gy2klc,43d9c17299f96c0,1024,0/0
/spttest/bbjime43232c,14adae440af34f04,1024,0/0
/spttest/gwt02hxbpgy9,1ee3f2f2ee9bc111,1024,0/0
/spttest/598oxf05gv8g,99a1c6dad6c5720,1024,0/0
/spttest/vapzwtzc0qp0,392b506d388c4f24,1024,0/0
/spttest/w1fkfavrx09k,3a8642f09241b698,1024,0/0
/spttest/p397zjhfl48w,2dd4a6a290e04bc0,1024,0/0
/spttest/hlzai9fy60g5,202af35ba9d955c5,1024,0/0
/spttest/quedqppuwzp,15cb09f66c79f85,1024,0/0
/spttest/vlgy8nqdycqw,39b6eea5d728ba08,1024,0/0
/spttest/xtza8mw8uefy,3dccb09a331a8c9e,1024,0/0
/spttest/vo0s0ki19nc9,39d8108e0a494769,1024,0/0
/spttest/bbt22pwei7w3,14b11f7e5a335673,1024,0/0
/spttest/632thtgfwcw1,b1daba357fdc841,1024,0/0
/spttest/tov67gz20pwe,363bcd87cbfef11e,1024,0/0
/spttest/bjlrngsisc1n,1516683989732dfb,1024,0/0
/spttest/qgesv4jm50z4,3053239f712b9630,1024,0/0
/spttest/txg69w3u8uv1,36ab4b7d699f583d,1024,0/0
/spttest/twfh9ijgyejl,369e0e0fcb191a21,1024,0/0
/spttest/xhmb9rrttg70,3d2c23619275703c,1024,0/0
/spttest/zkhrew8q7m51,40f8b13662bd65d5,1024,0/0
/spttest/2zz7qmqn1zl2,57a8f3799646966,1024,0/0
/spttest/k7phkm9u2133,24ec67efcb7f73ff,1024,0/0
/spttest/3kda13gmdamn,6836b627360fd0f,1024,0/0
/spttest/votv6sdzdwdc,39e28f5fddb37c20,1024,0/0
/spttest/6tjahf5zdlei,c7555cb830a149a,1024,0/0
/spttest/elh0q25oiyx1,1aa983e697be6d45,1024,0/0
/spttest/zfhkkprguyo,1cc36980ec13fc0,1024,0/0
/spttest/11yat0s243h5,1ecfabedaef5c99,1024,0/0
/spttest/t6jllwh5mc03,354dd20173932f43,1024,0/0
/spttest/jcp8oq4jm6yn,2359a62dc0aaefbf,1024,0/0
/spttest/t5qmz26r2urj,35435ed48c04bb3f,1024,0/0
/spttest/aeeifuu4x47b,12ff3a7c97f0ef87,1024,0/0
/spttest/ro8gfk1pzsjp,328c60cf7797d845,1024,0/0
/spttest/i1bhzm58lqkt,20f231d33f1cd5cd,1024,0/0
/spttest/5q34ux5tk8cc,a74ec7543f7683c,1024,0/0
/spttest/u2aphx6yo0o1,36ea44e2e5dca361,1024,0/0
/spttest/10f0j1689uv3,1d9081f560db47f,1024,0/0
/spttest/i3k8gkwo365m,210f5334431719ea,1024,0/0
/spttest/z0fqcseq2q4w,3ff42ca01cd802d0,1024,0/0
/spttest/b90eaikh7uck,148ccda569c9b664,1024,0/0
/spttest/fbruvht4gy22,1bff259e796af86a,1024,0/0
/spttest/nn7b7wdb3f4i,2b3084d773e36e52,1024,0/0
/spttest/9vpm5wwks4q3,120c7036c8ec5aeb,1024,0/0
/spttest/d078xxiak718,17c199ac0579829c,1024,0/0
/spttest/3glcdxb3lygv,6525f5979abe0bf,1024,0/0
/spttest/w4bk47m7ndcb,3aabc8724da0924b,1024,0/0
/spttest/v7nz114m8ud3,39039da7469101b7,1024,0/0
/spttest/9n6fy88xs5kn,119d9b389c0aec37,1024,0/0
/spttest/gnuwvuzd3op7,1e6fbc345789d8cb,1024,0/0
/spttest/cf9fxxzlzrnu,16b19dfa82a267ca,1024,0/0
/spttest/unh0xepr0svw,37fd52d0833bb13c,1024,0/0
/spttest/60r2dczo1h4o,aff737ae59890f8,1024,0/0
/spttest/ytxtnbiz4t5x,3f9fc6e794e267a5,1024,0/0
/spttest/n58a602kaplc,2a470fe3412cfc10,1024,0/0
/spttest/54ska3xlk8y9,9605595d7877351,1024,0/0
/spttest/3iy32n6bq6u6,670f2c1071e581e,1024,0/0
/spttest/1lnjam957cxd,2ece19c20ae0631,1024,0/0
/spttest/lugy973h4lju,27e7b192ea92931a,1024,0/0
/spttest/6qvgyk7k0ksi,c52c30f5c393942,1024,0/0
/spttest/4eysnd35obpl,810dc9739d0f249,1024,0/0
/spttest/tb55mh87rtw8,35898e1f594ee718,1024,0/0
/spttest/p5qyg4sqxkww,2df5074d32567220,1024,0/0
/spttest/xb0f3oo18l0w,3cd64d919be25d70,1024,0/0
/spttest/gy1nopr92inv,1ef40fbf86d14ffb,1024,0/0
/spttest/ueeazn0b4s0p,378770374c8c81d9,1024,0/0
/spttest/lmkaet3jwrp9,2780fbd06994833d,1024,0/0
/spttest/v5vz072e6u9n,38ec8606c12964bb,1024,0/0
/spttest/vlw9eudyfbcu,39bc74d5fcb0fd3e,1024,0/0
/spttest/njh2e2pd6ga1,2b0014d860e768e9,1024,0/0
/spttest/7cxqhipn0ych,d7157e3475788e1,1024,0/0
/spttest/h8ms9fvbvxxp,1f7d93c9efe0b48d,1024,0/0
/spttest/18ulr48yhst2,24692285a032e16,1024,0/0
/spttest/s8ao6r4rcrlb,3390f6949283d1af,1024,0/0
/spttest/84hlc96rt7e6,ed737faf0842dae,1024,0/0
/spttest/cj6z99g7dxnz,16e4af7513da62af,1024,0/0
/spttest/vz7sskst5cbs,3a697af3e9193aa8,1024,0/0
/spttest/kfiexd4nc1bm,2551c49fb920a8b2,1024,0/0
/spttest/ja1gvz6s3bl9,233717dedd0cc16d,1024,0/0
/spttest/b601nciemygl,1465b56f6fa42df5,1024,0/0
/spttest/i3c1ub0z605k,210c5f46a5677948,1024,0/0
/spttest/a69yrf2ttbl9,1295ac77df9a14ed,1024,0/0
/spttest/dkitiple88mz,18c98fa769ca2fbb,1024,0/0
/spttest/pf7cla2ggt1z,2e6fd8cab1c52f17,1024,0/0
/spttest/1l3vmh489sxm,2e5c9e128e322ba,1024,0/0
/spttest/oqro2b5rb3va,2d32722d00374756,1024,0/0
/spttest/gl0hl4otfvma,1e4ac764664a6ad2,1024,0/0
/spttest/i98muxjg1jmh,21591344f887e599,1024,0/0
/spttest/n6o5rubd9dde,2a59c7c3949284f2,1024,0/0
/spttest/8f639et7noao,f61f35de616f5c0,1024,0/0
/spttest/mh52sp55u7zk,290e29b67a586cf0,1024,0/0
/spttest/fez2a8hxs6jt,1c28b6fa625bb529,1024,0/0
/spttest/5xh0b8z2dfc8,ad4dabed19a7ce8,1024,0/0
/spttest/qh7ayu9ulfey,305d6c61ea7e434a,1024,0/0
/spttest/uzzuiz8rr9ov,389ffc77fe9634cf,1024,0/0
/spttest/q2emr54bbp87,2f9d3a5995e6df77,1024,0/0
/spttest/pdd2iojc5s5z,2e57eea50ea1d5d7,1024,0/0
/spttest/auqq3p0ac4as,13d376ac39ee3ac4,1024,0/0
/spttest/evl571qsptqf,1b2ce56a3b1076c7,1024,0/0
/spttest/ptoz9mznpf1h,2f2c0ed459129b65,1024,0/0
/spttest/7vxbw3rvn3vf,e67fe51839e6e5b,1024,0/0
/spttest/xfcby8gtctqw,3d0e8eedc7c29e98,1024,0/0
/spttest/b1s3nv301hkx,142ee2a17a6eab41,1024,0/0
/spttest/z3gajs9kykin,401b5835bea7745f,1024,0/0
/spttest/oaw7i097pd38,2c644168e4bcb984,1024,0/0
/spttest/cki75bjzpxwr,16f5b902952996eb,1024,0/0
/spttest/etq8zpw955fh,1b14c27bc64a23bd,1024,0/0
/spttest/a81udaj1b2pm,12acb8c40d1d8f7a,1024,0/0
/spttest/bmwetb128re4,1541371b4c6512ac,1024,0/0
/spttest/mrz3hsiyox3p,299ae31da9dfa795,1024,0/0
/spttest/cot8he5zcr94,172da9838e606bf8,1024,0/0
/spttest/97z4lguwuvo9,10d820a8cc3593d9,1024,0/0
/spttest/d6zbug6f5pdm,1819aaf8ec77d6ba,1024,0/0
/spttest/u9e0xlklyx7e,374664210ea2719a,1024,0/0
/spttest/v9xw86whn389,39212ca98b990119,1024,0/0
/spttest/npwdh4a6gsx4,2b538a598d8ba468,1024,0/0
/spttest/jzbg83fbtnml,247f6d44e3f9d3dd,1024,0/0
/spttest/ky4d9vseks2,11018dd349ea8b2,1024,0/0
/spttest/6rv7dp7yd8nx,c5fa7bce5f01b1d,1024,0/0
/spttest/3dz6gw3kwz9m,630658d2aaffa8a,1024,0/0
/spttest/qy61c57l4sos,3139c8ab43376b3c,1024,0/0
/spttest/h9ixnptaerp0,1f892d6b42e8b1b4,1024,0/0
/spttest/i7vpcht2f1md,21476b9bdd829bf5,1024,0/0
/spttest/qdng5aqkuslo,302f4a895e35084c,1024,0/0
/spttest/q0xvrl8idd21,2f8a31f501cc0559,1024,0/0
/spttest/1xsjjrqjcl5z,38a8f2f245d0127,1024,0/0
/spttest/xrqmpq79xvze,3daf96c84383252a,1024,0/0
/spttest/8fcplkb0lbld,f6456e3bfd5b9f1,1024,0/0
/spttest/gc2gu0v263at,1dd696e2dd14f435,1024,0/0
/spttest/l5d17s91apye,26a18c47842f86e6,1024,0/0
/spttest/576txwgo1rrk,97f760abe7fdad0,1024,0/0
/spttest/4uzrj98ld8um,8e10a3549d6130e,1024,0/0
/spttest/anadjj68qkts,1372a3c1e2d1bbf0,1024,0/0
/spttest/hpyfppq2v2du,205e996075c1d7d2,1024,0/0
/spttest/txn3jgz3z53r,36adcb0d91491397,1024,0/0
/spttest/laaz9ikdxb02,26e1c0d17de412f2,1024,0/0
/spttest/8o4hk1i7mf48,fd6469e981ff508,1024,0/0
/spttest/fi2xa3skfwtg,1c5113620b6a87e4,1024,0/0
/spttest/pwvua9bv0lxe,2f55806486600a02,1024,0/0
/spttest/ha640y38zuy6,1f918a39e7d29b6e,1024,0/0
/spttest/ox5yca2kjuel,2d85893d6e8b9cad,1024,0/0
/spttest/bsyu47m5u1wc,159006a5c278121c,1024,0/0
/spttest/o9kv1g4yqvyw,2c532c21fbf35658,1024,0/0
/spttest/pjn1e38j7im9,2ea976f97a131d01,1024,0/0
/spttest/c3mndymgtm4u,161a82c97bc19d4e,1024,0/0
/spttest/zzu18vl8o3j,1d38defb96afcff,1024,0/0
/spttest/x7sq2aspo1h5,3cac8efa40e8e679,1024,0/0
/spttest/isffcbxn6bor,22525270570ccbab,1024,0/0
/spttest/b6cv8ufn5op6,146a55cb4d65ff4a,1024,0/0
/spttest/wk7z3mo283l0,3b7a5186c8dd8624,1024,0/0
/spttest/6xa3mwsgk88u,ca5f9f03f48e6be,1024,0/0
/spttest/df3l21rdjiqb,18831e220316ee93,1024,0/0
/spttest/9a6bboepx6to,10f4b303640691cc,1024,0/0
/spttest/uatg6pag8zbq,3758f20b89ccecd6,1024,0/0
/spttest/bc51pgqf7c2s,14b572f7c1548fe4,1024,0/0
/spttest/9izgvdc4nmhk,116721fa82b09598,1024,0/0
/spttest/rs7fb0vnl8sr,32bff6948cee32cb,1024,0/0
/spttest/fzsixk5hj2vj,1d372181aecbfa4f,1024,0/0
/spttest/1jmilg7mzt0w,2d288ef35ce0fb0,1024,0/0
/spttest/aozylgo1ht8b,1388dc3d3d5fef3b,1024,0/0
/spttest/mj4k2vpzww7h,2927f433bce5e20d,1024,0/0
/spttest/dgghrejvazto,1894c3b881511edc,1024,0/0
/spttest/l1t9rt0u3z6p,26737318f9c642e1,1024,0/0
/spttest/argxr5y4e623,13a8f6da79f7722b,1024,0/0
/spttest/2njyfoq36871,4d92ebd9c3339fd,1024,0/0
/spttest/edc6e8nnlawq,1a3fda8ed9e75d7a,1024,0/0
/spttest/5no1hzzwihii,a557fcd7d98252a,1024,0/0
/spttest/sa823bicdpx9,33a9ffaa532f487d,1024,0/0
/spttest/bpjtwmhs0ty3,1563a4d01d9f779b,1024,0/0
/spttest/ug8dxwwxhqrg,379f48182d2422bc,1024,0/0
/spttest/wjl0hulcrahr,3b7208a2de408ddf,1024,0/0
/spttest/irsxgwdrgjon,224a347a9be116a7,1024,0/0
/spttest/w6rztjxbk1v0,3acbb1250f81c56c,1024,0/0
/spttest/3xs98o5aosw1,731af3842fba641,1024,0/0
/spttest/fip0e8s4vigo,1c590b7a04eae338,1024,0/0
/spttest/eox600cf41o,bed787d414ce3c,1024,0/0
/spttest/6kf9p9hi6x01,bfefb012ba7f291,1024,0/0
/spttest/ms3qmxdjd9wy,299c8ff7c4cb4a72,1024,0/0
/spttest/fxfbrgjd6iq7,1d1863cf88e4bd4f,1024,0/0
/spttest/n9i1oy42rs2s,2a7e8adaf400b8e4,1024,0/0
/spttest/i9nrr69y88dp,215e895aabef226d,1024,0/0
/spttest/ap0qjsyyt5t2,138923f687146ca6,1024,0/0
/spttest/2zs98l455fqf,5780c7c2575e3e7,1024,0/0
/spttest/kdf00v8fc0gf,25368ec4c46d0c4f,1024,0/0
/spttest/link9qzqitxv,274e353071b40e13,1024,0/0
/spttest/mfvcv60z8d6z,28fdaa9b82c317cb,1024,0/0
/spttest/x7ubl4qe2lgs,3cad2291c607cf2c,1024,0/0
/spttest/tt1pjb8szwcv,36721e5c53fdba8f,1024,0/0
/spttest/ivtuxfbt4rki,227e7f5ac789dd92,1024,0/0
/spttest/dzij39019m7y,198c4bbec13dc9be,1024,0/0
/spttest/s0go7rhsxr8i,332b36ced6bcf822,1024,0/0
/spttest/2ad30lqolpjc,42dd794548e8488,1024,0/0
/spttest/ialmtx05fagw,216ac13db00357c0,1024,0/0
/spttest/mm3zlhv4ztqi,294eb76ae454314a,1024,0/0
/spttest/v8b7m1irm8ah,390c0025920ee679,1024,0/0
/spttest/e1gqwlldzhsq,19a5a1930cf435da,1024,0/0
/spttest/l6xxzcmgxe88,26b614f880f86e48,1024,0/0
/spttest/jl3hqsqah36e,23c6b4a0b2065c56,1024,0/0
/spttest/t31fz1nq55ed,35204d2632079095,1024,0/0
/spttest/pkor5cw4m2w1,2eb712b003d1bc21,1024,0/0
/spttest/6pa9j1mbfc2n,c3e1f00f96dbddf,1024,0/0
/spttest/pag7w1jgjfvd,2e3219c2af902319,1024,0/0
/spttest/pdb4hbdmfm9d,2e573af148b13871,1024,0/0
/spttest/the8qpmg2p23,35dac4f9e071235b,1024,0/0
/spttest/2hhm6gx9gxds,48a67047a925a00,1024,0/0
/spttest/e6jbjg0jtmfb,19e78189d7c2c9c7,1024,0/0
/spttest/dsn10i71nhsj,1932fe68d550f6d3,1024,0/0
/spttest/lns5stnnf4ab,2790d02fd015c673,1024,0/0
/spttest/2m8agcdoijap,4c7fbe6b9b15e31,1024,0/0
/spttest/3rsrn5yirim0,6e3eee58658c0f8,1024,0/0
/spttest/xqhnytcr199z,3d9f5d6cc238e037,1024,0/0
/spttest/p27sp7f1yxhz,2dc725c963a7cb17,1024,0/0
/spttest/klo28ftr14v3,25a1bdced18f4ddf,1024,0/0
/spttest/e8iiiqluomi3,1a01319806e3f9eb,1024,0/0
/spttest/2swl50xk6cwp,51eafb24a607ed9,1024,0/0
/spttest/vnvhg6yr5woi,39d6279a827d57b2,1024,0/0
/spttest/i4r54nrjdcz8,211ece7ddab431f4,1024,0/0
/spttest/2q8pe9r1asm3,4fc174467e8ac5b,1024,0/0
/spttest/nt6wrq1egkxt,2b7e4f4ee16da001,1024,0/0
/spttest/cutigr26z8zm,177bb2aa9778d642,1024,0/0
/spttest/gyj9i49f09f8,1efa69fc3fa222b4,1024,0/0
/spttest/twwpt469g5kj,36a4463ebdd48133,1024,0/0
/spttest/e2jzeak939dm,19b3c9b923caeb3a,1024,0/0
/spttest/up5t658mg1bu,3813415fab2630ba,1024,0/0
/spttest/ox31erba7a1l,2d847c025fb5b499,1024,0/0
/spttest/pzb72rxn7gan,2f7505406ae8193f,1024,0/0
/spttest/87sjofdx9j95,f0223897c69ceb9,1024,0/0
/spttest/i7th1aibnp7l,21469d8c32b43261,1024,0/0
/spttest/ib42bf1ku6m8,2171679a7ab16500,1024,0/0
/spttest/7qlnefc67s16,e22d52530636faa,1024,0/0
/spttest/1iwxkesx5uwj,2c94dc5d74cbcb3,1024,0/0
/spttest/g18hot2150o9,1d49e177304e4ba9,1024,0/0
/spttest/53n510z6r9zy,951635a72a0dd5e,1024,0/0
/spttest/16nu5sum923a,22a26a3a61080d6,1024,0/0
/spttest/5ryf89qy6qww,a8d33bd575167c0,1024,0/0
/spttest/85g08ocgk9bi,ee3a2bb6f53ac2e,1024,0/0
/spttest/y9f3fgmcy9q1,3e953bdf047bc9b9,1024,0/0
/spttest/9yde25t8whrx,122efec584a28dfd,1024,0/0
/spttest/igfzii8isehr,21b6a71d26454a5f,1024,0/0
/spttest/frhzxz5szhdz,1ccb6b0cd46882c7,1024,0/0
/spttest/c089z3ksfu0s,15ee5b726df6a1bc,1024,0/0
/spttest/y5hsmno7edfc,3e62403cfad0f278,1024,0/0
/spttest/d6brv71l9eys,18112b3d82e5bd04,1024,0/0
/spttest/uy4w7lzwko63,3887d41e2a77535b,1024,0/0
/spttest/8fvr2ypbwxg5,f6b35b1318f0055,1024,0/0
/spttest/oyzovmpsgr3j,2d9d4143ec6cad2f,1024,0/0
/spttest/ebnbez2zb9id,1a29e4f9f93bffe5,1024,0/0
/spttest/ntphvmrmwtvf,2b850418b954a13b,1024,0/0
/spttest/ifzp0asbzdje,21b0c6443948aa4a,1024,0/0
/spttest/uy2kl60azhk0,3886fd8edecb2da0,1024,0/0
/spttest/fmvp7amwerjh,1c8f6a5cc5e81aed,1024,0/0
/spttest/l14uc2ffj97q,266aa2a6b804e066,1024,0/0
/spttest/cy12nyz3w65t,17a564d832a61631,1024,0/0
/spttest/2mp6vkn5lvde,4ce14fbd3357312,1024,0/0
/spttest/i1eo9xvydhp4,20f3570f823c28d8,1024,0/0
/spttest/pmg19uod7mav,2ecde7dd6f2719a7,1024,0/0
/spttest/w85w9fa7ok00,3addb26cc7257a40,1024,0/0
/spttest/1odi8izxx2qg,3103afb9d10d918,1024,0/0
/spttest/jnc4gcyxug1o,23e3cc5b32a9f5bc,1024,0/0
/spttest/hzm5gv589uog,20dc0f3c93ad2f90,1024,0/0
/spttest/5shft2yzgq31,a94103831f5130d,1024,0/0
/spttest/npkekplaep4y,2b4f38c0b06dc4c2,1024,0/0
/spttest/3ptyqx810mv1,6ca62faca28c4bd,1024,0/0
/spttest/yoxbkav9h5m7,3f5ea638c2ef5baf,1024,0/0
/spttest/vz1drmgzwvb9,3a672a30477fc985,1024,0/0
/spttest/208hc1cc0sn8,3aa49e8218edd04,1024,0/0
/spttest/nxhb5yprohjy,2bb604f41495cdde,1024,0/0
/spttest/dyq51ujlun4p,19820d69d9395199,1024,0/0
/spttest/gcsg2zmn0vz,d47183cb96c63f,1024,0/0
/spttest/w0qhrpjht9n8,3a7d36ebac550314,1024,0/0
/spttest/l79ycb4j3f77,26ba6a502d8aa2b3,1024,0/0
/spttest/cky4gpb0zzml,16fb78040d573b1d,1024,0/0
/spttest/qbp0azjhkxu9,3015e01ccebe7551,1024,0/0
/spttest/66wcjglp6tqz,b4f4af44c10c91b,1024,0/0
/spttest/5ahhm34jgnza,9aa463b39491066,1024,0/0
/spttest/io7tekjehsr9,221b9e8be95b65d5,1024,0/0
/spttest/w9qdy3lv3zlz,3af2146c6b137a07,1024,0/0
/spttest/yqvc9p7jb3ux,3f77e9cf132a2749,1024,0/0
/spttest/p7ga13l0idzs,2e0b277b7651fb58,1024,0/0
/spttest/mbhorx4bsuts,28c4c6fbad56d610,1024,0/0
/spttest/r5a6ucggjwvg,31963510b350bd2c,1024,0/0
/spttest/a8xnug44g92s,12b833cfd05425f4,1024,0/0
/spttest/huv1gycmnxtf,209e5202a785b0f3,1024,0/0
/spttest/nbyey8bmw0z9,2a9e6d470932aef5,1024,0/0
/spttest/dip9rjyg9sm1,18b1e90864f6c119,1024,0/0
/spttest/f8fuhq2gtsml,1bd3d872d0086e2d,1024,0/0
/spttest/674e2nmczqjm,b5231d5858c0522,1024,0/0
/spttest/q5w5ppvcumy0,2fca850758f507a8,1024,0/0
/spttest/wjw28bg9xjbw,3b7605239c02791c,1024,0/0
/spttest/oyvf6rg9v7vl,2d9bb6ed894e52a1,1024,0/0
/spttest/7dsuwlcx794b,d7c92a40a24eaeb,1024,0/0
/spttest/voksybthqzv8,39df4a536431ad14,1024,0/0
/spttest/3q107oq56eqg,6cced5163ba9d18,1024,0/0
/spttest/i5e63rorgc0o,21271d76a64e6bd8,1024,0/0
/spttest/pr9jhklmwmv3,2f0c824e26b105bf,1024,0/0
/spttest/5n0opq1pdouq,a4d12874508fc12,1024,0/0
/spttest/87qo0gqx55e7,f0175ebf227138f,1024,0/0
/spttest/ma0z065yk5v6,28b1c1b651f850b2,1024,0/0
/spttest/3ev3tfcg33yj,63bea87fcfa26cb,1024,0/0
/spttest/w16zcy8tuh4z,3a8329f1db682f43,1024,0/0
/spttest/7dljkpptltl9,d79eefe296d5a0d,1024,0/0
/spttest/3l9hd6umiv3d,68f09fda4c91be9,1024,0/0
/spttest/asvoknmn5oa6,13bb4613ecd7092e,1024,0/0
/spttest/rjyrcrepq6vk,3254ec201e2d0650,1024,0/0
/spttest/ojzdz9f88q74,2cda4e7313662aa0,1024,0/0
/spttest/tzi2xojdfnmy,36c5f62c17dc3e6a,1024,0/0
/spttest/v336tuon9p01,38c828e87446ddd1,1024,0/0
/spttest/um0xaj3x4ip3,37ea8656863e94a7,1024,0/0
/spttest/pis8hl8wsh5z,2e9e59c4dae415e7,1024,0/0
/spttest/ss6e47upx0hr,34933467478fe1bf,1024,0/0
/spttest/yx07z5q2gxxo,3fc79c2d116909cc,1024,0/0
/spttest/fgnt2p5w9n3x,1c3ea1cfc5fe413d,1024,0/0
/spttest/ulo21qazfzn1,37e5e1c0a78ead2d,1024,0/0
/spttest/8a34c0ew4so1,f1feebac1278221,1024,0/0
/spttest/ehrg5tmcqtwo,1a79522a9df8cde8,1024,0/0
/spttest/95mn9q0z4ymq,10b9a545843b6b52,1024,0/0
/spttest/uzm1aa6kmr1j,389b00a76edebe67,1024,0/0
/spttest/bfrnsqo7it0n,14e493852349ca67,1024,0/0
/spttest/hos32nmpxe0g,204f517a513c8630,1024,0/0
/spttest/ddzbbsqrkcj,ade7bc04e159c3,1024,0/0
/spttest/usuhhos4lbof,384320621ad4625f,1024,0/0
/spttest/rism5md9ctgi,3245b7524bf2bd22,1024,0/0
/spttest/cl5sn5mnvzfm,16fe3ca1de816422,1024,0/0
/spttest/8k5o6340pz0d,fa2beed3bfbbd7d,1024,0/0
/spttest/7h03sp2fsnrm,da627cd9054ae52,1024,0/0
/spttest/4vg1sis9gfiv,8e6ea6b110b6b97,1024,0/0
/spttest/gazd9oz1s6mf,1dc87b60dee4dd87,1024,0/0
/spttest/nmiykyw4pfjs,2b27bb9482d43ef8,1024,0/0
/spttest/xidtekyu0xom,3d360fd9c7311086,1024,0/0
/spttest/cshm2r659gpj,175d6cffe2c3e9d7,1024,0/0
/spttest/1h5p18q3utdj,2b27cae5a4b3b37,1024,0/0
/spttest/h0mktjkb5pci,1f1596a435fa3a92,1024,0/0
/spttest/qr83vcbh4sb2,30df9b1bb14da54e,1024,0/0
/spttest/llak2d4zdoyz,27707ba55c71a2ab,1024,0/0
/spttest/ofow2ftsvlah,2ca28fc854c71d89,1024,0/0
/spttest/prvnw0r36vys,2f147db3148c1654,1024,0/0
/spttest/7ps4ywrasmia,e182f2d1f0e76f2,1024,0/0
/spttest/7t8e1xeonc9a,e4504253ea9fdce,1024,0/0
/spttest/k5i2pg4k7nzx,24cfc0b3f56fd93d,1024,0/0
/spttest/e1mjvvls2spg,19a7b9c59d06bdd4,1024,0/0
/spttest/qglflwh2lnrq,3055883019e7d196,1024,0/0
/spttest/9kkwqp23mt4v,117bdbb0123d77ff,1024,0/0
/spttest/98lyode7jfek,10e05df0f21603bc,1024,0/0
/spttest/znihmcwo4456,411fec3994d5c5fa,1024,0/0
/spttest/dtxioxaislme,1943c4b518a92676,1024,0/0
/spttest/qddeyvysv3lw,302babd4ddc6f804,1024,0/0
/spttest/glbstu0deitn,1e4edc496ae0a3cb,1024,0/0
/spttest/grx3b3o9wfnk,1ea47a72e85e1040,1024,0/0
/spttest/g8t9wjpxxk46,1dac4e056d52d916,1024,0/0
/spttest/76n9r4aa0219,d1fa1bb171cbc4d,1024,0/0
/spttest/hu3uktopoy2g,20948262183dab78,1024,0/0
/spttest/fmrw4hgx01em,1c8e0aa64e2d181e,1024,0/0
/spttest/sca7ghx86pcy,33c4c0aef54401e2,1024,0/0
/spttest/39und5vfuf13,5face0930b38297,1024,0/0
/spttest/t3zae26peh9k,352c835848b67fe8,1024,0/0
/spttest/yknhib06akm,1c1165ac5a1e706,1024,0/0
/spttest/i7f10r2yluju,2141674d1e1fe7ea,1024,0/0
/spttest/2r2gaknyc5h8,506d2f57d7884bc,1024,0/0
/spttest/gu5508o3fmyo,1ec15c4406a8e500,1024,0/0
/spttest/7h24tmtnghut,da6e32c0d926965,1024,0/0
/spttest/bv94wx0mhe7b,15adb88c10a14827,1024,0/0
/spttest/2s102ohwhe9v,5134a3b778f6683,1024,0/0
/spttest/jncfznifosq1,23e3e9f474adce69,1024,0/0
/spttest/sm6f407b75sw,34454769e7d98020,1024,0/0
/spttest/76paredqx063,d205d0d969dcd1b,1024,0/0
/spttest/jowwm8w343z1,23f8493d4596501d,1024,0/0
/spttest/zse1tsagblg3,415f44832d78b953,1024,0/0
/spttest/xmiero3xn2kv,3d6bad2a313e59cf,1024,0/0
/spttest/eramkuxp9bxf,1af524f0a66561a3,1024,0/0
/spttest/t0li6ocs1kgo,3500926b54f369d8,1024,0/0
/spttest/nsygfi97ajs,135339f90e35228,1024,0/0
/spttest/fulnbyzf5pdi,1cf3b3ef7f00cab6,1024,0/0
/spttest/ps3hch63pzrc,2f174fdb9ad74c48,1024,0/0
/spttest/o52kesmut0xe,2c189d348218dff2,1024,0/0
/spttest/imhsadfhmcsn,22053cd9bd958747,1024,0/0
/spttest/n1sj1eh2pxyi,2a1a68fd676ebe2a,1024,0/0
/spttest/op3hbkvq4nlr,2d1cbac80c1e867f,1024,0/0
/spttest/tggodny105gc,35cea8941aaf349c,1024,0/0
/spttest/9r299ofnvggi,11d00da170ae3812,1024,0/0
/spttest/37tf4cogx1c2,5e061fffcb1b502,1024,0/0
/spttest/it9yzw0jabhx,225d57ea3e690bb5,1024,0/0
/spttest/pke207lgqiwc,2eb3367e618fd62c,1024,0/0
/spttest/561da1an8q1w,9708030c5dca4e4,1024,0/0
/spttest/3btuctvo2agg,6147e1e2c546570,1024,0/0
/spttest/khru5wck0toe,256f258beaf41a3e,1024,0/0
/spttest/nfbqwb49bcy9,2aca347cbb2cff51,1024,0/0
/spttest/8guc3vxmd3cz,f77b028e02dfc43,1024,0/0
/spttest/9jfmj5visy73,116cf66525f7da1f,1024,0/0
/spttest/pm8k1z395n0,14cc179a743e3cc,1024,0/0
/spttest/tko1tbry405w,360546a7943d77d4,1024,0/0
/spttest/rmde6s90x2l7,32742e61a3248f5b,1024,0/0
/spttest/edq5pluz9zdh,1a44e5f52f44e655,1024,0/0
/spttest/biyuvn9wijk8,150e2409190b4788,1024,0/0
/spttest/mg98h8dcf5p8,2902ac81ad9f6a9c,1024,0/0
/spttest/n57v9a4u5cv5,2a46e9a27aa11e61,1024,0/0
/spttest/s59vw97oenz,16d9a651ebd4b3f,1024,0/0
/spttest/oodelq57up0a,2d13523ba053551a,1024,0/0
/spttest/sfe4np6bu9yo,33ed22be145ba0f0,1024,0/0
/spttest/l9c7mz9cxrh5,26d5356a6b3b0959,1024,0/0
/spttest/rfp0g25wyra0,321d72be47e83298,1024,0/0
/spttest/uykhhgn1bden,388d74399d7ab59f,1024,0/0
/spttest/1elrendq89ua,29150e3cebb81d2,1024,0/0
/spttest/8jvay6qszlr4,f9f01537ab07ce0,1024,0/0
/spttest/vbbd1js6me2j,393305d9e1e916bb,1024,0/0
/spttest/ex5c6yymt9ng,1b412bfdd4b8141c,1024,0/0
/spttest/nofgoaztid2r,2b40730ae1d15bb3,1024,0/0
/spttest/b16n8wtwsj6h,142724c78e200419,1024,0/0
/spttest/zzajbgdh0t1t,41b8ecb6d5375811,1024,0/0
/spttest/fuunjbmabgna,1cf6f3c60cb5fb06,1024,0/0
/spttest/lhnibmuzgyex,274132ef6fc26d39,1024,0/0
/spttest/q2l9pbg7qa83,2f9f9f7143374d43,1024,0/0
/spttest/kdhyh7v9qzdc,25379fe83a856a90,1024,0/0
/spttest/dy45gef0ytbs,197a1e596ab444f8,1024,0/0
/spttest/4umfd2rui9tq,8dc3a30efeb8c3e,1024,0/0
/spttest/ezjaqprhqngq,1b602fefa037064a,1024,0/0
/spttest/peja01b2te05,2e67294eef024a25,1024,0/0
/spttest/vxkxahsr9cnp,3a543cc43d042355,1024,0/0
/spttest/pd0wl716g7ar,2e538b02a2e4a2f3,1024,0/0
/spttest/8mnmp8yptcz3,fc3344d7dfe27ef,1024,0/0
/spttest/h616773guu82,1f5bccef62172082,1024,0/0
/spttest/b6oabqynj43x,146e7489dce33a8d,1024,0/0
/spttest/q94seoqagxv4,2ff499f8bc8e0170,1024,0/0
/spttest/gvjjflpyp79j,1ed38bb199b46707,1024,0/0
/spttest/dqap62yn6j4w,19149115cf308560,1024,0/0
/spttest/x9lavnnqa1kw,3cc3dbf3fee86c80,1024,0/0
/spttest/lqz4yh5w4lgv,27ba4c5f2c4129af,1024,0/0
/spttest/ltzilf7d6wio,27e16721ed87c320,1024,0/0
/spttest/12221qnef72t,1ee55bf71c63b95,1024,0/0
/spttest/mz8ogmuivyhy,29f94506b03aaa66,1024,0/0
/spttest/f90sn08tftnw,1bdb676d302b60ec,1024,0/0
/spttest/oegqgs6h0yvo,2c92a13519d7f994,1024,0/0
/spttest/bjjwh6mqu94z,1515bbde93f29bc3,1024,0/0
/spttest/wku0samzfd7y,3b8245f39c13abae,1024,0/0
/spttest/kamdh3jrys02,25124016904b5942,1024,0/0
/spttest/e8mujqv4dgvx,1a02c1ed92c656bd,1024,0/0
/spttest/erfky8ns6ozt,1af6ee9a77941c09,1024,0/0
/spttest/90k0vplxr86i,1077c0ce36b2e72a,1024,0/0
/spttest/nvl1ntl2qv0o,2b9d638720776588,1024,0/0
/spttest/afpqdvbhmvez,1310442dc463358b,1024,0/0
/spttest/241f91p9beji,3dbb302e54b1b5e,1024,0/0
/spttest/ech1yfs7gfg2,1a349fc0cc447932,1024,0/0
/spttest/yhx07syj7jit,3f039c4f6da39995,1024,0/0
/spttest/lvd73a3axgzy,27f354072bc46a4e,1024,0/0
/spttest/mqrd7b3v9l1t,298b1bd2e773add1,1024,0/0
/spttest/okxe12jyhid1,2ce6931944bc6535,1024,0/0
/spttest/61zs0ljp144p,b0f957bc9400029,1024,0/0
/spttest/fta77210nlei,1ce29539a9fc501a,1024,0/0
/spttest/3nkjb16t9wgc,6ad018861acf18c,1024,0/0
/spttest/6japm0omxmum,bf058ba5a55a7ee,1024,0/0
/spttest/mf9k44xgfcf5,28f5cd1b1bd160a1,1024,0/0
/spttest/rwypq15f0vg7,32fdc446f6b8d237,1024,0/0
/spttest/d6ehttkka6xo,18122696d6d7b59c,1024,0/0
/spttest/jzr7uqqc8100,24851daedbe40b10,1024,0/0
/spttest/vhnrplkecsyj,39856f7207cc4b9b,1024,0/0
/spttest/a75494mvg4qk,12a0e9f993e492fc,1024,0/0
/spttest/661p95an6qin,b443c28ab453abf,1024,0/0
/spttest/mq24a1b1872m,2981ffb85a9e12ce,1024,0/0
/spttest/tmra86hi9ahd,36206bdb907b3351,1024,0/0
/spttest/koqtcnxklj6i,25c9b3e452197c5a,1024,0/0
/spttest/rnii3vm30971,328303890a9ed98d,1024,0/0
/spttest/uj5jdry6zd9z,37c538b826e3abf7,1024,0/0
/spttest/oke7shtb8vpq,2cdfa8189da2e18e,1024,0/0
/spttest/olthk7wlyjru,2cf227f1cfd2bd9a,1024,0/0
/spttest/ubw5i33zcxe,189f83ff5885b32,1024,0/0
/spttest/h40y5f2fhsus,1f41bdc4c26d9354,1024,0/0
/spttest/kngmb5o4lvk6,25b908e282838706,1024,0/0
/spttest/cgg9m3hwqi7g,16c11192ec6b92ac,1024,0/0
/spttest/nusu8ylrst9s,2b93363289f81230,1024,0/0
/spttest/rb5x53zu9com,31e29a3df6456276,1024,0/0
/spttest/aqa12r4pck84,13997b8ad2a06a64,1024,0/0
/spttest/77vw3muvifo4,d2fbb45d4f8f6d4,1024,0/0
/spttest/x9v2eyabu84v,3cc761eb2e6f77af,1024,0/0
/spttest/f2mt9nqa650f,1b886c58600900df,1024,0/0
/spttest/kip4ivt6taq8,257b2848289ea590,1024,0/0
/spttest/b5r4l7n7goj1,14627daa91f8b32d,1024,0/0
/spttest/6l8cvjs497om,c0979d4376af326,1024,0/0
/spttest/fpr6107ulryf,1cb4bf7621cb1ac7,1024,0/0
/spttest/na5r6qv55wob,2a8718bceeca55ab,1024,0/0
/spttest/ak3bzlrkmssb,1349216c63662b3b,1024,0/0
/spttest/ovduvglim7iq,2d6e68c6c1c95592,1024,0/0
/spttest/oo7inyumiwyn,2d11327245c6655f,1024,0/0
/spttest/bhsy089i0ozs,14ff0497e5981488,1024,0/0
/spttest/e41rgh89qip2,19c7313cde21ba26,1024,0/0
/spttest/jxul475nu5mx,246c5a4db0779309,1024,0/0
/spttest/7iwb9r5r53eq,dbec4050cdebf82,1024,0/0
/spttest/ev910ggnek1k,1b2886435de813f8,1024,0/0
/spttest/dg1qitcjksxc,188f70ad4f78c270,1024,0/0
/spttest/hw9pwfyp24uy,20b09b1af2e2f61a,1024,0/0
/spttest/wfryzf484vrm,3b40964ec32dc1d2,1024,0/0
/spttest/k7du009ijc7o,24e833676b2cda94,1024,0/0
/spttest/uhi3p6d6w1s5,37afc6c0c5948b05,1024,0/0
/spttest/bcytmo97z7un,14c0314a34e43d7f,1024,0/0
/spttest/e9xeu3gs4aqi,1a138eeba8059b5a,1024,0/0
/spttest/77v5ny3rtytb,d2f7771bdc21c7f,1024,0/0
/spttest/ov6j2tufq8dz,2d6bc3ef35aea3f7,1024,0/0
/spttest/cdad7sflalv4,1697f8d673afde30,1024,0/0
/spttest/tp2zssfncri3,363ea0090995e93b,1024,0/0
/spttest/2td0le0gg531,5249d3dc877adbd,1024,0/0
/spttest/rwm2dr04dke4,32f933f84b3a1c7c,1024,0/0
/spttest/np2iis645i91,2b48c44001ba87a5,1024,0/0
/spttest/l20p5rj06u6h,2676212828b5fa49,1024,0/0
/spttest/slsn5ctnioej,34404ee17e42570b,1024,0/0
/spttest/ojmxchci6ptq,2cd5cf5abfd5da3e,1024,0/0
/spttest/z8mmqwrfohum,405e94001143ab5e,1024,0/0
/spttest/vz54vqajd3jk,3a6884dcb5f40e30,1024,0/0
/spttest/2hf6nglo7jp,2043bc0388a135,1024,0/0
/spttest/7grmdneufv4w,da3182a9616d160,1024,0/0
/spttest/tqj3qoq9r8rm,36516d4c1379b622,1024,0/0
/spttest/i4xbiz0am2m5,2121091da7feb0bd,1024,0/0
/spttest/nz2cx25np3c4,2bca9a70b0cce824,1024,0/0
/spttest/up9x7kquu5l5,3814bd363780fdc9,1024,0/0
/spttest/rhgxl0gys6ng,323482f769d1f2ac,1024,0/0
/spttest/fv7rkqyhmvbv,1cfbaeecf199611b,1024,0/0
/spttest/mbetktnkfbe5,28c3be339877076d,1024,0/0
/spttest/34zva1wp356v,5bbbde5e8100607,1024,0/0
/spttest/mogmqf4sfq6j,296d41b6c2ddce4b,1024,0/0
/spttest/eu8aiaprqvrq,1b1b450073024256,1024,0/0
/spttest/5ml371mw94wf,a4771cac4ae890f,1024,0/0
/spttest/1kseekuhstho,2e1a5a5d1fa2d4c,1024,0/0
/spttest/o5gx65ea5vjk,2c1dcb197a5b40f0,1024,0/0
/spttest/1650hisbeyg2,2235bdf6893e0e2,1024,0/0
/spttest/eou0picb38zu,1ad52c6b3ab74b4a,1024,0/0
/spttest/ammx7472xow6,136a2d59aeeeba46,1024,0/0
/spttest/xqm44vkhn9k7,3da0f861e3710127,1024,0/0
/spttest/m2yipikxghen,2855f25ddb8bad1f,1024,0/0
/spttest/exesfg12co2i,1b4494f65471aada,1024,0/0
/spttest/ix75pexfodpa,2290490d18790e5e,1024,0/0
/spttest/qak6hmkycz6z,300724e1ee290f2b,1024,0/0
/spttest/p34b76e3n1gj,2dd2e109112b6223,1024,0/0
/spttest/wus5h2xw6dup,3c037dcfe67d2fa1,1024,0/0
/spttest/ksklr2ruhtck,25fb6b35d330b8d4,1024,0/0
/spttest/tbmcmdl7i3qo,358fc255fb510e70,1024,0/0
/spttest/rdpnrja6fqsi,3203b40f8d395362,1024,0/0
/spttest/r1xrm2cnv7h6,316ac1cc9789fe9a,1024,0/0
/spttest/tz8ve2nwz7zw,36c2a38006468f3c,1024,0/0
/spttest/nhdn81lawg1i,2ae4de4f78f2e736,1024,0/0
/spttest/o8qkt206sozw,2c483ed45895938c,1024,0/0
/spttest/jbnc80ac7o5c,234bf941d3ed6a00,1024,0/0
/spttest/101ca8zaiqib,1d4192164490cb3,1024,0/0
/spttest/v16ph2uzvedf,38af7356bef7f583,1024,0/0
/spttest/skkf9bx53qs6,34305a6f6856e356,1024,0/0
/spttest/fb724gcjaj7k,1bf7a47c288622c0,1024,0/0
/spttest/ofyff7k5ufh5,2ca600c1bd70ced9,1024,0/0
/spttest/wqagktenny1u,3bc926a58bed4b22,1024,0/0
/spttest/dojxp29tmbg3,18fdebc3d6664473,1024,0/0
/spttest/lgksmp7n9cc2,27333b05347ca9b2,1024,0/0
/spttest/ydv62irp37ds,3ecefd90a62fed20,1024,0/0
/spttest/zufflna044ql,4179bebc28fe08fd,1024,0/0
/spttest/3pqwyxpklszy,6c949508267ae0e,1024,0/0
/spttest/gtbdwp4p9hpi,1eb6a00eda0b9ae6,1024,0/0
/spttest/c7fwsbs6a9pj,164c095a28bbb5a7,1024,0/0
/spttest/a2on4gi5fzr2,1267031adbac0fbe,1024,0/0
/spttest/i6rriho641q5,2139027025f397bd,1024,0/0
/spttest/i93zza93t9g3,21576717fa09dc13,1024,0/0
/spttest/3qpeltqbjpe2,6d5bb159e2eaa4a,1024,0/0
/spttest/im7mot587agi,220192cd65c43cb2,1024,0/0
/spttest/y7tgwt4lpu45,3e80711acc17f9b5,1024,0/0
/spttest/yvw9uv449hgn,3fb93245963f44a7,1024,0/0
/spttest/47vbt9ost8aa,7b4af7dcfdd9b32,1024,0/0
/spttest/lebqdsike4nv,2715fb6d1c5f2b1b,1024,0/0
/spttest/giu7642z1r2u,1e2e87f0ef084a56,1024,0/0
/spttest/fv5rqqwwp7fr,1cfaf69ddad3b1e7,1024,0/0
/spttest/whu8myxqndui,3b5b62540263c3da,1024,0/0
/spttest/nco303rdv2lr,2aa7b0322592c7ef,1024,0/0
/spttest/fz01skx66zcu,1d2cdb38fcfb227e,1024,0/0
/spttest/lc3e300ris7v,26f8fe6884561a5b,1024,0/0
/spttest/arshf7gq7sxa,13ad215e15fa582e,1024,0/0
/spttest/zt6f1kcedxw4,416980bb9bb2ead4,1024,0/0
/spttest/uhy8c344ouiw,37b5988a74eaf488,1024,0/0
/spttest/44iwg6o6ipea,7893be2116cd712,1024,0/0
/spttest/uxylcijtc0s3,38858e08c6f117f3,1024,0/0
/spttest/gpl7bj9kqu1i,1e8635cf7c896296,1024,0/0
/spttest/p7iuo9fqo8ye,2e0c152f6f1ec956,1024,0/0
/spttest/tk5jpkoxxm2w,35fe99931e8d8f08,1024,0/0
/spttest/x4yi8g4oj4r0,3c87ad54279c46cc,1024,0/0
/spttest/5cvh8gno7a8p,9c94ceddee10399,1024,0/0
/spttest/oftyioj62hds,2ca463e9b445b680,1024,0/0
/spttest/3tin1rypfasb,6fa41f0a809555b,1024,0/0
/spttest/4gbx00xsw2ww,82295ccdbc096c0,1024,0/0
/spttest/azx2is5knodx,1416b307d472e335,1024,0/0
/spttest/vus8pmvwrhj2,3a2fe8e078b92d7e,1024,0/0
/spttest/1bsu7cwzpexy,26ce6e0076e1ae6,1024,0/0
/spttest/v0z5c3ryeffm,38acb917465a23a2,1024,0/0
/spttest/4i9g7cuyhso,3a8be6fa878c98,1024,0/0
/spttest/6b2i9tt3a3l2,b8578e61757b7a6,1024,0/0
/spttest/ibz22ps6636s,217c9666158b1ba4,1024,0/0
/spttest/trdcp3ga7ais,365c5752b7712b04,1024,0/0
/spttest/fo8xmvlrw4ne,1ca12e0b0b77be8a,1024,0/0
/spttest/ytkym8o13gl,1c44f30d974dfc5,1024,0/0
/spttest/jr2ud4fepc0g,2414682e2f23f310,1024,0/0
/spttest/xa0cdqoy37lm,3cc94954d885eb3a,1024,0/0
/spttest/r7pdplpyq7w7,31b5aab98cf5a077,1024,0/0
/spttest/839wnxm19hg6,ec774d562974996,1024,0/0
/spttest/opv6rvaemnr3,2d26ba07908707bf,1024,0/0
/spttest/7giontfjbfot,d9fdeb557fb432d,1024,0/0
/spttest/l5mxusxtqmpi,26a51f56d9e39676,1024,0/0
/spttest/6ct4qwjbcg1e,b9c1164e4697332,1024,0/0
/spttest/bnd3fkkfmpsb,15473c2a095f6b0b,1024,0/0
/spttest/p3e976r6q43h,2dd67796453ac93d,1024,0/0
/spttest/ppd8631btc2s,2ef3dc38eee82164,1024,0/0
/spttest/u51xx0bo6f03,370e12f1a20bf573,1024,0/0
/spttest/2xz7ntn71e5a,5609480ea78b0de,1024,0/0
/spttest/xlkz6ngcx40k,3d5f9d072d984e94,1024,0/0
/spttest/2dib6q4h1wxx,456b227455fbe05,1024,0/0
/spttest/59htr4d5wlov,99d681f726faecf,1024,0/0
/spttest/9aroan4b1mem,10fc6807182292ae,1024,0/0
/spttest/9t186todrnms,11e9a901b1f68d64,1024,0/0
/spttest/o667i5lfm8am,2c26ead1af9a867e,1024,0/0
/spttest/cnybej7p3xke,172281978716b1ae,1024,0/0
/spttest/u7u59owvisva,37323aa1efa321a6,1024,0/0
/spttest/9yj0dl0lrjby,123105dfc62f5f9e,1024,0/0
/spttest/t75m4wpmimu0,3555c3762db01e18,1024,0/0
/spttest/g3mda6oipqga,1d68ddd4461ce42a,1024,0/0
/spttest/kv8i448dxhyl,261e053a5251662d,1024,0/0
/spttest/n38g66k73zcx,2a2d24c8249aecc1,1024,0/0
/spttest/x57xr8ou9vr1,3c8b147817dd86fd,1024,0/0
/spttest/s04h1uq3shx8,3326d001e038f4bc,1024,0/0
/spttest/1hk0d4yofc8f,2b7a6e86c614baf,1024,0/0
/spttest/jre9eihzd4zr,241886d12516e187,1024,0/0
/spttest/gf4sbjxirtra,1dfe64dda9273566,1024,0/0
/spttest/fvlrq2c3y2kv,1d00bc75b834748f,1024,0/0
/spttest/bqn2st5xn5m8,1571cdfe9d754130,1024,0/0
/spttest/a6rumg7ehve,84563c4c31d8fa,1024,0/0
/spttest/3inch36gbqg6,66d12d32c69b2a6,1024,0/0
/spttest/igw7j78ac7ie,21bc8194dd5d4b06,1024,0/0
/spttest/i8ytzvb0rgwh,215589e640634a51,1024,0/0
/spttest/wp4uceetc274,3bba22806900ab20,1024,0/0
/spttest/puodhxpqbpgu,2f38d43af8ed03ae,1024,0/0
/spttest/p8p2ajdhj4nh,2e1b50331a3e534d,1024,0/0
/spttest/7t6wjj2uncku,e447ad8ff7bb56e,1024,0/0
/spttest/hgluaa96dez,e2cf4bd91cba6b,1024,0/0
/spttest/pbwn9ipkwb8w,2e45045b3cb7f8f0,1024,0/0
/spttest/4wh2zcy0m2os,8f44718a8d6ff1c,1024,0/0
/spttest/b21tsbzyv2zo,143264f953879ee4,1024,0/0
/spttest/w2wf1f9wefjp,3a9954a3782d5a35,1024,0/0
/spttest/zwe4y28scxn8,4193418a9e6a9154,1024,0/0
/spttest/wb9zqs2nc0fz,3b06249a34da8c3f,1024,0/0
/spttest/o8yxxgi9t3fq,2c4b4371c51b27a6,1024,0/0
/spttest/jgk593r5l2p0,238bc48dbfc0e1e4,1024,0/0
/spttest/o7xzgilzsnvu,2c3dedbe598efeea,1024,0/0
/spttest/k1g5n50e5152,249b1a78ecb27306,1024,0/0
/spttest/o4jdk5vry54w,2c11b0a16ed77580,1024,0/0
/spttest/18kxhj6g7b1j,2431494da208ba7,1024,0/0
/spttest/hzykklsxlmbd,20e08a68ad9c6539,1024,0/0
/spttest/6cfqc5v9shpn,b973ba2a7d11dab,1024,0/0
/spttest/vvvecpspbzyt,3a3e09b65520c3d5,1024,0/0
/spttest/wzk3qn9usfj4,3c4188b33004cfa0,1024,0/0
/spttest/thpjjpg2myob,35ded8c049bc2b0b,1024,0/0
/spttest/8ebg3soynwod,f56e4e804f4472d,1024,0/0
/spttest/3uvvyhdv7szz,70c06d75c09f18f,1024,0/0
/spttest/1zfw8x75g09e,39ff97e13051652,1024,0/0
/spttest/cb4sqh4s622v,167bfbeeefdb0c07,1024,0/0
/spttest/pb20qs37zn2i,2e39f786b94cf28a,1024,0/0
/spttest/qa9dsuzmaord,30033f97cec3bdd9,1024,0/0
/spttest/a7y6div8m64r,12ab6619498d0c8b,1024,0/0
/spttest/tr3m3z3yrkg4,3658d3cb10f6de44,1024,0/0
/spttest/wmi99pbmv7e,1a7c7295676067a,1024,0/0
/spttest/9sb9wkhx7f0p,11e04bd53f222cc9,1024,0/0
/spttest/hxnrew2zp5yt,20c2a965e238b575,1024,0/0
/spttest/spgpytha9at1,346ff6b8639e1cf5,1024,0/0
/spttest/ncecmungfojq,2aa42d3a0b8b5606,1024,0/0
/spttest/9telrs9nww24,11ee7ca49488254c,1024,0/0
/spttest/osvfkge4lhmw,2d4dc85d0823c888,1024,0/0
/spttest/3hhexpqxbaa4,65df1ace11b41cc,1024,0/0
/spttest/8on3vu6o1olw,fdcfe8930d4c2d4,1024,0/0
/spttest/r08hcw9co46u,3154a50669327b36,1024,0/0
/spttest/tow6sz09lahd,363c2b6e5d2a0151,1024,0/0
/spttest/f0spts0gjm0c,1b70933644c4062c,1024,0/0
/spttest/d5eld69lp7uu,18053268bd3c8d06,1024,0/0
/spttest/2bfqq639dlpl,43bca6862b32429,1024,0/0
/spttest/kmw49ubnhtjs,25b1a33dfa1752d8,1024,0/0
/spttest/i4rbxofcsr7m,211edff45b3e60c2,1024,0/0
/spttest/l8svojpzrbth,26ce3bbdd041ab95,1024,0/0
/spttest/2fu3uyadm46c,474ee49433df3a4,1024,0/0
/spttest/dgem9aq6i8u2,18941685cf704b3a,1024,0/0
/spttest/513ib8evb8gr,930538ec16ab69b,1024,0/0
/spttest/58hug515xbr4,9906ca63393d2c0,1024,0/0
/spttest/3jbmw1wr92nf,675d6631aa800ab,1024,0/0
/spttest/mukisbsjmvnb,29bc98999d27dcb7,1024,0/0
/spttest/nybhsps47nn9,2bc0e904590a7775,1024,0/0
/spttest/z20m9i0xckzo,4008b31e250c1644,1024,0/0
/spttest/gzzf16tswc4n,1f0d3b5276acd567,1024,0/0
/spttest/ic0849flgin2,217d02459aae235e,1024,0/0
/spttest/5xgw9ub30otu,ad4d061c6d68cb2,1024,0/0
/spttest/l14irubulh2c,266a84fc73fbd3a4,1024,0/0
/spttest/lpth1e1up3tg,27ab43e714338194,1024,0/0
/spttest/8ullpwywotru,102a631a0f8ed4ba,1024,0/0
/spttest/2844p5b9erpe,410a2111b99c8c2,1024,0/0
/spttest/kacpnlwmldav,250ec3a8bae49c97,1024,0/0
/spttest/8ma2jtk9sj1s,fbe4fd0217d5870,1024,0/0
/spttest/8twx9896of3l,10217b7ef194ac71,1024,0/0
/spttest/y1s724a9mmwk,3e320beaaa00ee74,1024,0/0
/spttest/s3fqdz44i6y2,3351d7c8c12c77aa,1024,0/0
/spttest/oohalfu4nrnm,2d14b96c1e71d7c2,1024,0/0
/spttest/5emexkmo8ejs,9e002388410aba8,1024,0/0
/spttest/fh6hz4xpqver,1c456054aadafe83,1024,0/0
/spttest/vsfrzbdp6wn6,3a116f041d6f67c2,1024,0/0
/spttest/rd6k3vjtrn1r,31fccfae38aec66f,1024,0/0
/spttest/tydpz10jxfpr,36b7662eedad90cf,1024,0/0
/spttest/vvewdb6t7v5w,3a3815adb7d39e84,1024,0/0
/spttest/tcppemypgyof,359df5803b86748f,1024,0/0
/spttest/jllfu17g948q,23cd2e5ae87899ba,1024,0/0
/spttest/hezhqkdry083,1fd0191cff8344a3,1024,0/0
/spttest/40050218s71f,74e81cd553edea3,1024,0/0
/spttest/px7j930bosy7,2f59b8811158038f,1024,0/0
/spttest/u8owu39qhxip,373d5468eddf91f1,1024,0/0
/spttest/d8jx4sst8y76,182e16368f034c22,1024,0/0
/spttest/qtrhjacr27ax,310093ae19579c79,1024,0/0
/spttest/4wrvpyxxtmya,8f82c8470115e72,1024,0/0
/spttest/h0kaurdty8rb,1f14c45578a621d7,1024,0/0
/spttest/rcweu8wc1h0r,31f9267ba01b186b,1024,0/0
/spttest/c8xqakaq447c,165f749398017048,1024,0/0
/spttest/v8zgtfg9cedt,3914c09a6634ecd1,1024,0/0
/spttest/peemztrxh5hb,2e657cceb25ed2ff,1024,0/0
/spttest/s6yw9qdistgz,337fb9a4b03c0a33,1024,0/0
/spttest/uhjeuyeuafev,37b03fc1bbb2e287,1024,0/0
/spttest/umqo2op1cph0,37f3d042d882b0f4,1024,0/0
/spttest/w7z3la6a2kx6,3adb3ea72172d86a,1024,0/0
/spttest/7k2vg01a0ylh,dce1f3f2ea69d25,1024,0/0
/spttest/3qoc5kejo6hk,6d5586d027da1d8,1024,0/0
/spttest/15dm35y045wt,21978fc65dcceed,1024,0/0
/spttest/weyqul12lb3j,3b360ac1f8d6e16f,1024,0/0
/spttest/9rimbsufgl2k,11d5f5076b2bf5ac,1024,0/0
/spttest/f2xjip5kx2el,1b8c4b61debd626d,1024,0/0
/spttest/70dw6vyrbqno,cce501443528eb4,1024,0/0
/spttest/byowzsa5jtms,15da61e32a4129c4,1024,0/0
/spttest/6ja8t8g4lqdg,bf02d9fb665fcc4,1024,0/0
/spttest/uvrbagsvh7fk,3868f323a7b72ee0,1024,0/0
/spttest/hq6kwo005wko,206189a5ab81b428,1024,0/0
/spttest/d20u3u8iesoq,17d943e90ca99aba,1024,0/0
/spttest/w1qo4rrdtxu7,3a8a4480c221798f,1024,0/0
/spttest/20tyqwyo7diy,3b20a518fa0a03a,1024,0/0
/spttest/pbtjm36nb29a,2e43e5e26322df2e,1024,0/0
/spttest/667dv6kry0dz,b464926406e2177,1024,0/0
/spttest/m7vxe9ty957p,2895f53b237e88a5,1024,0/0
/spttest/pt8g0tzlan3s,2f26178f632b0478,1024,0/0
/spttest/rluhkkhqsodx,326d5c1088d6e875,1024,0/0
/spttest/3kjnwn0q147o,685b93287109594,1024,0/0
/spttest/owt4udkmduk0,2d80e9232929d1f0,1024,0/0
/spttest/l35gdxhxflq5,2684d5bea7bc10bd,1024,0/0
/spttest/vpjp3fkyf44m,39ebe1509da8a4a6,1024,0/0
/spttest/ocsym3ryjkjy,2c7d1004ba6d4cce,1024,0/0
/spttest/g94tk4uihxrp,1db07880bacf8f35,1024,0/0
/spttest/lzmwimitx0et,282ac99b7f922555,1024,0/0
/spttest/8anpsdl1hiya,f275d246b0d5f32,1024,0/0
/spttest/9bt83j0swccz,1109f4761bb99293,1024,0/0
/spttest/ieqvh2i1hemj,21a09a49172ced4b,1024,0/0
/spttest/h5xjf1pz3om7,1f5a7d607969765f,1024,0/0
/spttest/usf1taaid2a2,383d8ea23421e6ca,1024,0/0
/spttest/nz587aitdtzd,2bcba371fe06fe09,1024,0/0
/spttest/em5i3bimu8qk,1ab2594d4e1f55bc,1024,0/0
/spttest/1fwj31j90wa0,2a230d8003e4868,1024,0/0
/spttest/w5m7gfutdmty,3abc9d45305519d6,1024,0/0
/spttest/5rphaybi9vna,a89f9bf894d0676,1024,0/0
/spttest/binvp225zljv,150a2e14bdfc24db,1024,0/0
/spttest/8qtphpw644uf,ff95ab324690787,1024,0/0
/spttest/ywd8lsm1jh0b,3fbf5151dbee95db,1024,0/0
/spttest/6kvcgqejltrv,c04c7fc60df14fb,1024,0/0
/spttest/t05qkrz61lvs,34fae20f02d10708,1024,0/0
/spttest/k35haeqmycbh,24b13ad13a5750dd,1024,0/0
/spttest/kyt597wqpapy,264c6fbd52838c86,1024,0/0
/spttest/qjf5yl0lxpbl,307a3cfea0740371,1024,0/0
/spttest/ap5tapn3ryla,138af8da80bd96de,1024,0/0
/spttest/v37p4u7zxxq5,38c9c95922f587fd,1024,0/0
/spttest/oqyi3n62z9j4,2d34e9742dab6500,1024,0/0
/spttest/v0coeszx34j7,38a49d905009a6b3,1024,0/0
/spttest/ho5z02nwihxz,204756ede4fb2757,1024,0/0
/spttest/irkxaqlra22u,224751180be1b806,1024,0/0
/spttest/bkq7lll5yemr,1524ffdfbb9ea793,1024,0/0
/spttest/258ns9ykozsi,3eb4cbe1669b732,1024,0/0
/spttest/mm348svr7nbh,294e66f9379b08cd,1024,0/0
/spttest/otz34kg8gh2a,2d5c172bdf684262,1024,0/0
/spttest/4p8flxwc5q2u,8963b6247e76f46,1024,0/0
/spttest/mjyh1kwzjd8n,2932bf759877ccc7,1024,0/0
/spttest/z95d9yl74tpm,406556b261e7aa6a,1024,0/0
/spttest/65qi46f6k2da,b4031cb27b50afe,1024,0/0
/spttest/8zeaeyialfdv,1068b1cd9d28b323,1024,0/0
/spttest/5dnuqkt7lqrs,9d389e2e3b135c8,1024,0/0
/spttest/nwut7ldb4cvk,2bade6c8bb0c6930,1024,0/0
/spttest/lb6afhyz6obs,26ed0ce249175ba8,1024,0/0
/spttest/993t8h8o9r09,10e6ce9b9f7e38f9,1024,0/0
/spttest/2uwy2yek953i,538cb6ae51aae0e,1024,0/0
/spttest/9s2cwajmfuxz,11dd14324b4bec67,1024,0/0
/spttest/9egikde77nbm,112c564d7f30a0d2,1024,0/0
/spttest/86wk73yg6ybt,ef69915b76dbb49,1024,0/0
/spttest/cziqgy89lbsj,17b8c170986117f3,1024,0/0
/spttest/ev486myxiblj,1b26cad2ac8d7437,1024,0/0
/spttest/b8e90r4drdnc,1484d0052572ead8,1024,0/0
/spttest/b5zghpdcs46b,14657f26d298b423,1024,0/0
/spttest/2kjjk1dquuiz,4b210cb39e5b40b,1024,0/0
/spttest/yqvsultdn130,3f781459f731f63c,1024,0/0
/spttest/8o475dsfb2j4,fd62beaba545090,1024,0/0
/spttest/dlfi69cigcxo,18d55ab1e543b77c,1024,0/0
/spttest/gavb6q24e07w,1dc7048fec09e49c,1024,0/0
/spttest/7ka6cigohjt6,dd0c1ccade5f68a,1024,0/0
/spttest/pcsma2awaq90,2e508d9cf7f8cb64,1024,0/0
/spttest/zo8mpnpitxtg,41295add04d15674,1024,0/0
/spttest/6nl63gv2vqra,c2813bbc5f97736,1024,0/0
/spttest/r6guvvfozkm4,31a59a38169ab71c,1024,0/0
/spttest/fs5fj02yipsx,1cd3df81472bbd21,1024,0/0
/spttest/jbdy22570d5b,2348959917d97d8f,1024,0/0
/spttest/lld020wkqzhz,27715d692788ca37,1024,0/0
/spttest/prhlws1arv3d,2f0f6b7772058429,1024,0/0
/spttest/gj2dg58cvww1,1e317aff2d83b441,1024,0/0
/spttest/eox2790l0nio,1ad6455a930bfc10,1024,0/0
/spttest/b7dbivvlhmp8,14777cd1aa730e2c,1024,0/0
/spttest/m8kye5w8zrve,289efcfebc8fcfda,1024,0/0
/spttest/wwzvu9qoiucm,3c20428dbcb73a26,1024,0/0
/spttest/53sh8citasx1,9535081756635e5,1024,0/0
/spttest/q2ab4l55o403,2f9bab0bba8ed343,1024,0/0
/spttest/ghat22vlt5kn,1e1a8b7ab6f87277,1024,0/0
/spttest/jl47f6q5q1k9,23c6f682b42e7769,1024,0/0
/spttest/t8m5kgas1ibk,3568b877cf441700,1024,0/0
/spttest/wp34f7dpm8si,3bb9839f73aa1302,1024,0/0
/spttest/ru0d4xlxj0s7,32d764f34b11cfb7,1024,0/0
/spttest/kl8znel6068e,259c4da74d06f98e,1024,0/0
/spttest/up45i64vl4nj,3812a8489e93f9cf,1024,0/0
/spttest/i4535aejjleh,2116d94db46ebe19,1024,0/0
/spttest/wmkdqwtzw79y,3b98c60a0b0e03d6,1024,0/0
/spttest/brv98dqddivz,1581beb3a6c645df,1024,0/0
/spttest/1ua96u1ve2nk,35cfe34af2987f0,1024,0/0
/spttest/k75kh6qmb69c,24e538064e651270,1024,0/0
/spttest/kbt0biminu78,2521a22b69e842a4,1024,0/0
/spttest/j14l1rtwe88w,22c35057467cc540,1024,0/0
/spttest/arnysefwddqv,13ab8015c21d22d7,1024,0/0
/spttest/3oybecr7xkh,2ff8a8372af0b1,1024,0/0
/spttest/39j4lvjorawv,5f6a5db3852e3ff,1024,0/0
/spttest/bxddradr9vjz,15c93b39756db6ff,1024,0/0
/spttest/epfdsr5i5cy6,1adce1bd08c506ce,1024,0/0
/spttest/2xqxeo7l07ur,55d973f61fed8c3,1024,0/0
/spttest/tqsl6muiae35,3654d95dc6b9cfd1,1024,0/0
/spttest/xariu8maql9v,3cd317d8329f5033,1024,0/0
/spttest/21nyapzhbrbv,3bcdc3632a58c1b,1024,0/0
/spttest/oqfc2w3k2qf9,2d2dff024838f245,1024,0/0
/spttest/evh7i5pdt3qe,1b2b79dd8a72b926,1024,0/0
/spttest/mkgnomljleav,29394f2000be02a7,1024,0/0
/spttest/gsk9j8hsckcr,1eacd6e4926bb20b,1024,0/0
/spttest/giehruddn1nb,1e28dd4180758917,1024,0/0
/spttest/m4iaxad9n5s7,286a13040ec05a07,1024,0/0
/spttest/vkczu6zi8um2,39a88404cb10eafa,1024,0/0
/spttest/n3f274z3hf3d,2a2f8781b41bb5a9,1024,0/0
/spttest/vmpzmyrgaxxj,39c72ecddcf1c647,1024,0/0
/spttest/dakfp1i1zdx3,1848405a7604aa37,1024,0/0
/spttest/jeb5u9tkexfy,236e8c3c1ac3d8ce,1024,0/0
/spttest/bxukw3adl0be,15cf6fc99187b9da,1024,0/0
/spttest/j8xibt4rqtbh,2328acd5c2d931ed,1024,0/0
/spttest/huyelm4egoir,209f88cd6cf9de23,1024,0/0
/spttest/b1fw1mvqm9df,142a7aaacab9aef3,1024,0/0
/spttest/b80h58mnqybk,147fd7b5f28b7f40,1024,0/0
/spttest/qwnfeqqcuuhh,31261485941849d5,1024,0/0
/spttest/2xxh3tztbr18,55ff4000cd8969c,1024,0/0
/spttest/pvspi1jsyqn6,2f4761c1cf391362,1024,0/0
/spttest/gvn0bjzjc5zy,1ed4cc20d7faf85e,1024,0/0
/spttest/tnq70nn1cqap,362d04833950dd21,1024,0/0
/spttest/xg0cenqfi3am,3d1738efeddfe82e,1024,0/0
/spttest/pbq7piv98wp8,2e42b23c2c293c8c,1024,0/0
/spttest/5mwy6wn72mw1,a4bb95f46738361,1024,0/0
/spttest/wm77r1cz805g,3b9405ddc81935c4,1024,0/0
/spttest/wfrnxw9b7fx1,3b4079f9b5aa3b55,1024,0/0
/spttest/qh63tt4v46a,157ea9a46cacee2,1024,0/0
/spttest/rgnntt9mqn22,3229f341bb5ba13a,1024,0/0
/spttest/27iof8fz2jgk,408e4931d20ae04,1024,0/0
/spttest/8a5af5qjrn3g,f20b715c64e58ac,1024,0/0
/spttest/sj9x7pcidrt3,341f933229a82007,1024,0/0
/spttest/tnuqqwkvk8up,362ea89b323438d1,1024,0/0
/spttest/qabbs61proz6,3003f326066f7432,1024,0/0
/spttest/dnjmol1h4ymz,18f0d24021c62d5b,1024,0/0
/spttest/genh879lo9tn,1df82624aa33b0bb,1024,0/0
/spttest/7nehxbn3zijl,df948bfe09fd7a1,1024,0/0
/spttest/25d8tp1ij0kn,3ecf432b6f74fa7,1024,0/0
/spttest/ik7abqw84udg,21e77891875f5ac4,1024,0/0
/spttest/81d50f24bspn,eaea4d743ff221b,1024,0/0
/spttest/q6o2umad9zkj,2fd497fdcc979153,1024,0/0
/spttest/ml6l3hw0er72,2942aa0fcca6d12e,1024,0/0
/spttest/fuv9mlmwh0ss,1cf72c745c95264c,1024,0/0
/spttest/4o0zz1dqta8a,8868f6e2c0e570a,1024,0/0
/spttest/701x8twmvlj6,cc9fe5d4f7aa4c2,1024,0/0
/spttest/71i9sd9lu3ot,cdce1b1ec43372d,1024,0/0
/spttest/mlfn53q6g0ih,2945ee9f39b14499,1024,0/0
/spttest/83pv8reeivsv,ecd37140894e77f,1024,0/0
/spttest/m7b84ju8s01a,288e7d07552b5f2e,1024,0/0
/spttest/7r3rn1rsnlsj,e295ea6bf9b8613,1024,0/0
/spttest/s3h2sc691mih,335253f72be16939,1024,0/0
/spttest/llvkmavqhfku,277810ccccf0bf1e,1024,0/0
/spttest/pqt730ytta3v,2f069c9659db9d6b,1024,0/0
/spttest/h5kdch1hego7,1f55bd02f220b0e7,1024,0/0
/spttest/7mv4mmcjouj9,df24ba28a3d3395,1024,0/0
/spttest/fk63sgz7nhrv,1c6c33b472c38cbb,1024,0/0
/spttest/wfcx9t5f0lxp,3b3b286498fc220d,1024,0/0
/spttest/68w330uwei8x,b692d34443b6be1,1024,0/0
/spttest/rht8diix1gqy,3238f31316d2b40a,1024,0/0
/spttest/b2dk1hybi32a,1436a0636306e302,1024,0/0
/spttest/ho5agoyks8fv,204717f81a69f5bb,1024,0/0
/spttest/njma6l5yv4yb,2b01f6add8f690d3,1024,0/0
/spttest/bjgaxvyn3oyk,15146f82095d101c,1024,0/0
/spttest/7slsnoh2emeg,e3cdd25adf3cee8,1024,0/0
/spttest/15tvc1i9zveb,21f569a3f8ccab3,1024,0/0
/spttest/wea4l336x76l,3b2d28cbb045c49d,1024,0/0
/spttest/4bwqrm243ulf,7e927415d44a9a3,1024,0/0
/spttest/awifbj2wxx3d,13ea729339137dc9,1024,0/0
/spttest/cwv4nkeokiie,1796427b272faab6,1024,0/0
/spttest/lzcrbh6c9eix,282720962a11e5c9,1024,0/0
/spttest/mpeuxgxb3ijo,29799b434c48cfa4,1024,0/0
/spttest/7u0csjt5xxy7,e4f1b38dd46131f,1024,0/0
/spttest/24elfwcf8uqo,3e073ae74bb2ca0,1024,0/0
/spttest/bd042op2ezzd,14c0a8750991f3a9,1024,0/0
/spttest/yx9wj58cbhc,1c5a44a9ede3120,1024,0/0
/spttest/12awoa3jx4g1,1f18746170313c1,1024,0/0
/spttest/usu20f5v9ppx,3842f8aa71528d75,1024,0/0
/spttest/186vnkfvx08m,23e02b9809d9a76,1024,0/0
/spttest/38xy6r21cbaf,5ef01a68b39dd27,1024,0/0
/spttest/j2q2yx1nado4,22d80f4fb61f0eb4,1024,0/0
/spttest/uno78chksoxd,37ffe9910557a531,1024,0/0
/spttest/c9p53u38s499,16695886be08988d,1024,0/0
/spttest/nuxhsnxzir0v,2b94e416778bf04f,1024,0/0
/spttest/xduv06wnbmbm,3cfb43eedf4b9cc2,1024,0/0
/spttest/9j1lhnajmi69,1167e690dcd71081,1024,0/0
/spttest/661sjydkt6v5,b4444a062ee9001,1024,0/0
/spttest/n0byokpfqlen,2a07719c825ea1df,1024,0/0
/spttest/xl3e1g8zbu2y,3d5944840cb7d00a,1024,0/0
/spttest/phz4imvorj85,2e93d8e6bb806e15,1024,0/0
/spttest/c2oe2ju83b7s,160e265c89e74b88,1024,0/0
/spttest/2fctooik25oe,46eb1ebd61e253e,1024,0/0
/spttest/bzxsb2jzruph,15ea926f05c9e335,1024,0/0
/spttest/ljczjujrdaa9,2757619a111d3c51,1024,0/0
/spttest/ao9dqv5jsfp2,137f452b2146d576,1024,0/0
/spttest/m2oeyy99yraw,28524d17f2e1cbb8,1024,0/0
/spttest/hr2e10r9vr65,206d03c7dff0d04d,1024,0/0
/spttest/p74f2lx2402y,2e06dffff69d0f6a,1024,0/0
/spttest/r44motaznq4v,31873641e03d1f0f,1024,0/0
/spttest/ho2grp0146bn,2046130b0f4dea03,1024,0/0
/spttest/9mlxq6q8t24l,1196351956984005,1024,0/0
/spttest/k55wgktti2q1,24cb5c41d86def49,1024,0/0
/spttest/iq15i2rtltli,2233318588edb216,1024,0/0
/spttest/w3hhn9ivsec0,3aa0ef0f4fa28e90,1024,0/0
/spttest/p8bx28qxib7v,2e1691fe0971724b,1024,0/0
/spttest/6xrioxncvn35,cac42d46093dea1,1024,0/0
/spttest/sjpxp4inxw50,34255a54590a9ff4,1024,0/0
/spttest/myubyi07gbos,29f417c9f155a62c,1024,0/0
/spttest/jhcqh2e1s5zh,239615503dfd064d,1024,0/0
/spttest/921fkacc30o3,108b05feb39c0223,1024,0/0
/spttest/dkedepkhm7u4,18c7f4d7e26d622c,1024,0/0
/spttest/fqfzqic3akst,1cbdb48651f4bacd,1024,0/0
/spttest/53b4ruco4z9b,94d0e47a37ef37f,1024,0/0
/spttest/kp9qnrdxwqr8,25d087fb61cbd474,1024,0/0
/spttest/q49560dyy31g,2fb539e5d4d879e4,1024,0/0
/spttest/jopbf1k27ns9,23f58c4449a15629,1024,0/0
/spttest/fpy33lzrbqsk,1cb73e870702d364,1024,0/0
/spttest/50mizopw8rwv,92a330a528aa34f,1024,0/0
/spttest/9mvo6509bge4,1199b842aff3a0bc,1024,0/0
/spttest/vbiwbvc0mdye,3935bdea0f175026,1024,0/0
/spttest/xaea8nxi0z8a,3cce50fe513b985a,1024,0/0
/spttest/ajmiao56ztwb,13430f58bfaa7c1b,1024,0/0
/spttest/whob6xheop1l,3b593eac3eced6c9,1024,0/0
/spttest/1qv4724blhsn,33090195965a857,1024,0/0
/spttest/w28d3lxx04i,1a076696beb23e2,1024,0/0
/spttest/2e1te78et7sj,45dbbdded92aab3,1024,0/0
/spttest/x1p47lb8oz8e,3c5d52432a1bec5e,1024,0/0
/spttest/ui7p31w9bbvt,37b902d45a9209e9,1024,0/0
/spttest/2yt104va4dx,26898353af83b5,1024,0/0
/spttest/sqy4e74lv4wb,34833b411367df8b,1024,0/0
/spttest/ln8hn0v50uv8,2789b732ae535d44,1024,0/0
/spttest/jndmknrvkrmp,23e457370f9a03e1,1024,0/0
/spttest/mdflgszq6mox,28de0045444e3e61,1024,0/0
/spttest/ley58w680bi9,271e11aa4a6e1a41,1024,0/0
/spttest/u6mufa0w7mdo,37229af9004bed0c,1024,0/0
/spttest/d1n5kw2mvqro,17d454319f8fb744,1024,0/0
/spttest/piwkbc36zkck,2e9fe995e8f883c4,1024,0/0
/spttest/il1ippyxsxws,21f2612353cef3ac,1024,0/0
/spttest/ef5nj5nkc39f,1a577a766822fb83,1024,0/0
/spttest/g0ahln3il2xy,1d3d9cb83fcaf026,1024,0/0
/spttest/ms2tq0xburei,299c3b848e96753a,1024,0/0
/spttest/tnos6ruhzzdp,362c8217f274b6dd,1024,0/0
/spttest/vqxys2r8ne71,39fe049353a01b9d,1024,0/0
/spttest/ab18y5lum0e7,12d37993625bcd7f,1024,0/0
/spttest/npbs5hnpdszm,2b4c1c46536e9902,1024,0/0
/spttest/it7kphcwhvww,225c7a840c44dbd0,1024,0/0
/spttest/g0j38numf3c3,1d40b73018e93ca3,1024,0/0
/spttest/7ialpnwvfoc1,db6eeb5ccf5d7f1,1024,0/0
/spttest/n3xwnf1eyfw0,2a365444d1f7a6f0,1024,0/0
/spttest/tgt2n03ssawq,35d321957d7f6e3a,1024,0/0
/spttest/pp8wnv7eqq3p,2ef24d3a36df00a5,1024,0/0
/spttest/aeb23u53p9y6,12fdfb7907d0b59e,1024,0/0
/spttest/gj0h4l529px9,1e30cbb31de5b17d,1024,0/0
/spttest/a6rf3rl3tlmb,129bf8a9344dd9b3,1024,0/0
/spttest/w41syuiw1fup,3aa843794e7d0e81,1024,0/0
/spttest/7g0co85g72yi,d994151da3eceba,1024,0/0
/spttest/f6xq3uj2y7kr,1bc0514fb02268db,1024,0/0
/spttest/9hfq5biskaff,115305287d4e85cb,1024,0/0
/spttest/7w1tby9oa38s,e699c8a070beaec,1024,0/0
