/spttest/xi6q6746y4l9,3d3380fa615d91bd,1024,0/0
/spttest/30shu4ap0ec4,5851fcd79942994,1024,0/0
/spttest/y8h4duao1hpp,3e88f9cd1d87afed,1024,0/0
/spttest/se7gru4hm6ay,33ddbdfe0beeaa6a,1024,0/0
/spttest/6lmox9aztacf,c0ea5e544fe149f,1024,0/0
/spttest/1wdx01qyb6vp,3784aeb4d581195,1024,0/0
/spttest/zjtoci7w38bc,40f00081c86708d8,1024,0/0
/spttest/ek3l2ozx4zys,1a97adb46d9cbc14,1024,0/0
/spttest/o2pd700xiz0w,2bf9df63726002d0,1024,0/0
/spttest/zme41yrzwryc,41115aafc6420484,1024,0/0
/spttest/dig5qhnq80nd,18ae9f6130ac5b49,1024,0/0
/spttest/18658y5k1ne4,23dbef8e83614ac,1024,0/0
/spttest/8ayftf5zunff,f2b3b9c0732391b,1024,0/0
/spttest/4gqlwqakth0g,827e2dd874c9760,1024,0/0
/spttest/miy4vtbm7xcp,2925a30091d91699,1024,0/0
/spttest/kmwua4l08iib,25b1e5f909de43b3,1024,0/0
/spttest/s98ozkqdmj39,339d3d27a229df25,1024,0/0
/spttest/gfc2qamnoed6,1e010626edd40dba,1024,0/0
/spttest/t74h2ndsve1a,35555a1a7c3638ce,1024,0/0
/spttest/cze1y4hw0sud,17b7110bd8635605,1024,0/0
/spttest/daty17pjciex,184baeb81eb78f39,1024,0/0
/spttest/wqtepgxrh1yo,3bcffcd7e7968330,1024,0/0
/spttest/6oypz3zdklcg,c39f4c850413210,1024,0/0
/spttest/vq5nqq9uvtsz,39f3cdf1f16c6aa3,1024,0/0
/spttest/2p0ded0b72j8,4ec184815574394,1024,0/0
/spttest/omgcgxvd5s1s,2cfa6759ff3c3640,1024,0/0
/spttest/1fre1zqw426t,2a056194b731c15,1024,0/0
/spttest/lako7tvu4g92,26e54028303e7546,1024,0/0
/spttest/gc488grazdp6,1dd7398f54a3c61a,1024,0/0
/spttest/8t86a2wsxogs,10188d714bdcb61c,1024,0/0
/spttest/f0hdn3ww4urk,1b6c7be5853204c0,1024,0/0
/spttest/e9qeomq0smd0,1a1107f40d506834,1024,0/0
/spttest/93x3t1jxl8ed,10a370debb9a5ac5,1024,0/0
/spttest/145s7ff2jnzt,209a87b57e68e39,1024,0/0
/spttest/k2l48unj2h04,24a9e1fc783b5194,1024,0/0
/spttest/bh22y49n0xy2,14f553544ad8a6da,1024,0/0
/spttest/jzgr3a39asr2,248156fda3daa50e,1024,0/0
/spttest/3n0po6ia400b,6a5da7fe9bc0b0b,1024,0/0
/spttest/j90mzs8ykd8s,2329cde96179820c,1024,0/0
/spttest/x6cg7upr7cpz,3c99b2911faadb27,1024,0/0
/spttest/v9toov8eeojm,391fa7d9ffbb51c2,1024,0/0
/spttest/hfspsc45j5v0,1fdaa471dbb5196c,1024,0/0
/spttest/pbl7a1s3u9pm,2e40e34a7a64efaa,1024,0/0
/spttest/umuuojz73uc0,37f552affb94bf50,1024,0/0
/spttest/hpivjw9o65j,e60700df8a4e27,1024,0/0
/spttest/98dta4ctpr02,10dd6d268fd501f2,1024,0/0
/spttest/659ibrvzjqou,b3a101329a25cde,1024,0/0
/spttest/idi9ehj7apkr,21908173972dc2fb,1024,0/0
/spttest/7siyp1bzqzzy,e3bd788ad5697be,1024,0/0
/spttest/7jqi99gt4zet,dc9a8fe1246d945,1024,0/0
/spttest/rrfhpxm3t07l,32b5e276b2ddf151,1024,0/0
/spttest/24t9acq1anmg,3e5be053e961f18,1024,0/0
/spttest/4pmohrhjm45c,89b5f5565e48580,1024,0/0
/spttest/yby9a79srslk,3eb62066ac7a1988,1024,0/0
/spttest/b51u2q7v7t7w,14595d7c2850aaac,1024,0/0
/spttest/3c6pbqy94o5t,61921ffc0192451,1024,0/0
/spttest/c7ck5neyz23a,164ad3d781aaff56,1024,0/0
/spttest/coh8j6toao09,1729553915d86409,1024,0/0
/spttest/7eque6u9dnsx,d88d5d971977ac1,1024,0/0
/spttest/ja2djofm7s15,23376baa36a63ba9,1024,0/0
/spttest/r1wgtcd48c90,316a49b9ddc8c804,1024,0/0
/spttest/id86ctwd8kk0,218cddf424ad9710,1024,0/0
/spttest/p2hlocolbgyg,2dcaaf72a0857f98,1024,0/0
/spttest/3182cmly6h0t,58abdf60b63d1ad,1024,0/0
/spttest/8qml9zbdoggs,ff6c94eb300125c,1024,0/0
/spttest/1bflwjbuaazp,26820ca57047025,1024,0/0
/spttest/bli9kzgc3apv,152f1f45c23d5503,1024,0/0
/spttest/k6yyremb3ugu,24e2d618a3145ffe,1024,0/0
/spttest/kliy7bvtzlg4,259fe59fdc7de054,1024,0/0
/spttest/8onq8dlbqsxc,fdd37e078d843f0,1024,0/0
/spttest/quvs4m43drgj,310f1d966d7d9f43,1024,0/0
/spttest/z32orbkhatu1,40166f833cc6a689,1024,0/0
/spttest/3q7sw992617x,6cf611ed99ee1ad,1024,0/0
/spttest/rogsapzmlsbp,328f6233805ad4a5,1024,0/0
/spttest/wbkokcubrqbs,3b09fff8bc36a108,1024,0/0
/spttest/uswtabfkfk03,3843f762401c7303,1024,0/0
/spttest/mqlytpawazr6,2989291789d22b82,1024,0/0
/spttest/p00j7q8902g,144bcc9a7d04898,1024,0/0
/spttest/h7wpdaw64dog,1f742acada3a4440,1024,0/0
/spttest/k69o5afy63u8,24d9b5a7f50536f0,1024,0/0
/spttest/o1aruiic3u0g,2be79e3475e36eb0,1024,0/0
/spttest/wu4p9mu59paj,3bfb07c25aaae54b,1024,0/0
/spttest/3zp2z8g5pm5k,74a848faf8de168,1024,0/0
/spttest/1hkk9f4xvo42,2b7d9f56a050cd2,1024,0/0
/spttest/19cahpuht094,24cf3e4745c5f88,1024,0/0
/spttest/nq8fs5vlizvv,2b57e4affc3ae72b,1024,0/0
/spttest/a335qvzc45qd,126c400b05715e05,1024,0/0
/spttest/jkqkzqehjm4x,23c20c2cbcbcffd1,1024,0/0
/spttest/xdadfhse2p0p,3cf3df7988cd7929,1024,0/0
/spttest/8so5kk1jb48t,101154423138c13d,1024,0/0
/spttest/fy16pzfwm0xi,1d2046fa5cb0da36,1024,0/0
/spttest/evapccpy8qd2,1b29210ede185d76,1024,0/0
/spttest/m3tidxx95cx6,286120f50f19edaa,1024,0/0
/spttest/dpjv64ypaehv,190ae28a939ea8e3,1024,0/0
/spttest/rh07yrfjzcmw,322e7b581651e9b8,1024,0/0
/spttest/sipw0xq6z38s,341858c872cc792c,1024,0/0
/spttest/1xqrhdagioxo,389eacd83fad6bc,1024,0/0
/spttest/3hkw7rhslno2,65f331d531c5b12,1024,0/0
/spttest/w3fvja6ais5c,3aa059f5e3cde100,1024,0/0
/spttest/28zpzo1ottax,41c081d16a83599,1024,0/0
/spttest/w295l22j3fru,3a90efe911810d9a,1024,0/0
/spttest/vxhi1xzcrzh,19ec00405bdcfad,1024,0/0
/spttest/9aid96wpcyyi,10f90c62f3de14fa,1024,0/0
/spttest/biyaymm28lwu,150df0eeaea55aee,1024,0/0
/spttest/v56zx7f6mrqy,38e3832c496447fa,1024,0/0
/spttest/rn3d64e3fq4y,327d8d57b9e7cd12,1024,0/0
/spttest/8txfw1x1hbh3,1021ab4e83df2957,1024,0/0
/spttest/dq6rmqexz44e,191325ee39efd89e,1024,0/0
/spttest/c9s2ewx1f8h0,166a66b92a1f1da4,1024,0/0
/spttest/n4vsusa6zc3l,2a428f0d12269601,1024,0/0
/spttest/sk3s7qfeyo62,342a596a9bd278da,1024,0/0
/spttest/pwoeompkivmq,2f52d1c9669768a2,1024,0/0
/spttest/q78tv3dldl0m,2fdc14aa909224a6,1024,0/0
/spttest/a394w436xa6j,126e680f233da3cb,1024,0/0
/spttest/nmrvx1tvr7jw,2b2af40edae2c1fc,1024,0/0
/spttest/38nc2maw7hcm,5eb2d39f3f3bb96,1024,0/0
/spttest/pl6iozcigi5t,2ebd7b9f5b07f1f1,1024,0/0
/spttest/tkqn0vpdysab,360635cf98a1e4b3,1024,0/0
/spttest/po8ereudimot,2ee5220a0bcb485d,1024,0/0
/spttest/m3f6r3o14dsv,285bf5f34a9c0fdf,1024,0/0
/spttest/5yvz6ye24jjz,ae73ea767e015ff,1024,0/0
/spttest/yc378bidmxaz,3eb7e8f9ffd7b71b,1024,0/0
/spttest/v83g3tnaio6y,390932fe90ede0fa,1024,0/0
/spttest/68xyzd6bby2a,b69db6ab41ed432,1024,0/0
/spttest/365oe8sus38k,5cad3b3d70acd64,1024,0/0
/spttest/3ssz7q5xl9k9,6f0ff94493078a9,1024,0/0
/spttest/5nzicoi1yx8m,a59a317b39485c6,1024,0/0
/spttest/g8vsbv81qrmy,1dad36089da97f6a,1024,0/0
/spttest/cryya5kjt7u6,1756b151dc945fee,1024,0/0
/spttest/b35z6bvt92d7,1440e187b699bd3b,1024,0/0
/spttest/p81znoy40czh,2e12fcf86298cdbd,1024,0/0
/spttest/g17mftkjicof,1d4991492c5563af,1024,0/0
/spttest/qs563fd5uktf,30eb88f7cbb6ede3,1024,0/0
/spttest/qp0ilp0b0zp6,30c2e372aca06fba,1024,0/0
/spttest/3hh944iuqdbv,65de2bccbe56bfb,1024,0/0
/spttest/6gg9ovhl217t,bcb625174627ba9,1024,0/0
/spttest/gepp6bsyzaa2,1df8f345bd92a0ca,1024,0/0
/spttest/igswg96a5qaw,21bb500b0dcfc668,1024,0/0
/spttest/ovumzocx7pkm,2d7476cf899d2e36,1024,0/0
/spttest/s32so3c04wl,16ccf77d1ea10d5,1024,0/0
/spttest/cktjr703v0kj,16f9d168bd3427a3,1024,0/0
/spttest/vbgfjpx6zio2,3934da1e72488342,1024,0/0
/spttest/nd1133tz3t2l,2aac5c10bfd53ced,1024,0/0
/spttest/j5xrye896idn,2301cdc44146cb8b,1024,0/0
/spttest/j7mh9nwmhk14,2317b4cf162885a8,1024,0/0
/spttest/budtm7aiyzkz,15a26c24f31492a3,1024,0/0
/spttest/wft361k80mvv,3b40fd693e9ddbdb,1024,0/0
/spttest/8pnsx7d2b1f3,fea3c08dbdd21ef,1024,0/0
/spttest/hldlywn839ve,202320aaa8d398ba,1024,0/0
/spttest/hp3m69wiavw1,20537a8949e8a1f1,1024,0/0
/spttest/kbdrbqz1baxu,251c219206997922,1024,0/0
/spttest/hytjk50rd0rp,20d1bcb6421c9025,1024,0/0
/spttest/m5qaovxfmp7z,2879f29ea87aac2f,1024,0/0
/spttest/ya098ub4zuh6,3e9cde86f3e3f50a,1024,0/0
/spttest/5p4ujsq7a1ad,a688d7cb9d1b405,1024,0/0
/spttest/39vu9b6sxz2s,5fb3c170ed593d4,1024,0/0
/spttest/536ohymdh0cg,94b730cd025c100,1024,0/0
/spttest/ecvta53ufx4a,1a39f304d13eef6a,1024,0/0
/spttest/pxstkj2v5yjj,2f6166b5fe7c351f,1024,0/0
/spttest/iuvjf4ohunjd,22721d4e87d9e3a9,1024,0/0
/spttest/r4jau0sbns47,318c815cdb564917,1024,0/0
/spttest/1js536y9u6kr,2d4907cc9400dcb,1024,0/0
/spttest/l12e4nsm9ev0,2669c05596ede97c,1024,0/0
/spttest/gqqul7t53fan,1e953c9c8c61d92f,1024,0/0
/spttest/f317jpmt2xsb,1b8d9e235935bc8b,1024,0/0
/spttest/id931z9ostu1,218d31d9e93fd209,1024,0/0
/spttest/6vbb6x1jgu77,c8c6f2dff2b23e3,1024,0/0
/spttest/utaykh5my87e,3849121797b8780a,1024,0/0
/spttest/ppv25rnzl32f,2efa4b6efca0b1c7,1024,0/0
/spttest/q4bf55lp9pyg,2fb60c3b2d64a8a8,1024,0/0
/spttest/kr7eedk43fxp,25e9aa4cfa93176d,1024,0/0
/spttest/ah9k0oycma6w,132468776d9eb118,1024,0/0
/spttest/yb54tt4eu1xw,3eab9e4a60a0d354,1024,0/0
/spttest/st29cnte08aq,349eb3f5c5e1fc02,1024,0/0
/spttest/czjjr2a69x2t,17b90c917d491db5,1024,0/0
/spttest/j613uf08a37x,230301609118a6cd,1024,0/0
/spttest/136n820ewvgt,1fcfacf230d554d,1024,0/0
/spttest/l1gg6lix9hvz,266ed2c264b5dbcf,1024,0/0
/spttest/iqe4cupegd6o,2237df5ee37758c0,1024,0/0
/spttest/bsurec4i2a3a,158e8e32e5e8c196,1024,0/0
/spttest/9c76vgp0k18d,110efe79e785073d,1024,0/0
/spttest/xfobxc5sk5fq,3d12e348a5d72886,1024,0/0
/spttest/b5unkdw3ymbn,1463c37646e9d883,1024,0/0
/spttest/q7xlvw9rn3fa,2fe505673be8f016,1024,0/0
/spttest/62mskamww3g7,b17e35b613cb177,1024,0/0
/spttest/ktcbk9eb191q,26056b609def570e,1024,0/0
/spttest/b8cplmh0v55d,148441d2dc4aafd1,1024,0/0
/spttest/xbi9z46q27n3,3cdcbf0ae75bc52f,1024,0/0
/spttest/30sczasc63zl,5851357c9b735b1,1024,0/0
/spttest/kj0v54h3xua1,257f64a0c90c5e89,1024,0/0
/spttest/cpwemzj6g104,173bcbab30f60b14,1024,0/0
/spttest/3578rpi8hyqx,5be6716dce6aa29,1024,0/0
/spttest/on5uoous90ov,2d039b4b4774bfbf,1024,0/0
/spttest/1kd6lhtcaa10,2dc28173984c144,1024,0/0
/spttest/1xsk24g53chx,38a907e01398705,1024,0/0
/spttest/u6aqgewx9x3o,371e3c5f1ee230d4,1024,0/0
/spttest/r18utcmvnesn,3161c4cf4b2541a7,1024,0/0
/spttest/hivlehj1t2jf,2002a611c7910f1b,1024,0/0
/spttest/y5e2rx2g3u7n,3e60e8cc4c2de3b3,1024,0/0
/spttest/czw7fc4sq099,17bd9dbaf4bc2fcd,1024,0/0
/spttest/8ft0s3ml9n12,f6a397895fb59d6,1024,0/0
/spttest/lv6h40jlep90,27f0e7291870d854,1024,0/0
/spttest/8srgpbxzcl9q,101285ed5fff0dae,1024,0/0
/spttest/sp7sjw59u3vj,346cbe0a260a0c1f,1024,0/0
/spttest/ccjoaw7jf7my,168e57570f40c36a,1024,0/0
/spttest/w2igovzfc7n7,3a944bb8a55e7cb3,1024,0/0
/spttest/m9tahzozaw7n,28aefc428c979493,1024,0/0
/spttest/8bnr14a8whyj,f345d967a9012eb,1024,0/0
/spttest/htab93iza83t,2089da1e53b84289,1024,0/0
/spttest/bvzw1r2jv1qz,15b75fbe00f3459b,1024,0/0
/spttest/wajnd3yhor4f,3afca343adf8884f,1024,0/0
/spttest/uucu5eeiynx1,3856bcbf69d31795,1024,0/0
/spttest/9ztivufd2ca6,1241ce4c85c213ae,1024,0/0
/spttest/k9itdhuy9uan,2503fa277bfbeb9f,1024,0/0
/spttest/xltjk7a1mws4,3d62b4416541c874,1024,0/0
/spttest/glfcjxfybxdh,1e50240054174bb5,1024,0/0
/spttest/vuot45vogd0o,3a2eabc145bde9e8,1024,0/0
/spttest/hvfmdhuw191z,20a5bf029e2f8c17,1024,0/0
/spttest/qihpcsmcl9nr,306e2a3cb63a8827,1024,0/0
/spttest/4mrqy9udk5d6,8763bb67e7ccd2a,1024,0/0
/spttest/mhu1u4p50fc1,29172c7484ab36a1,1024,0/0
/spttest/hiywjz4j0zf1,2003d7c9fc38264d,1024,0/0
/spttest/51movmbhx2qc,9373f66e4456914,1024,0/0
/spttest/1lo4f5pm4i4j,2ed17d0a1061ec3,1024,0/0
/spttest/tdhzdz51hhyp,35a8296c20eaba31,1024,0/0
/spttest/jbu4dv7yclyi,234e6bb9e5c3082a,1024,0/0
/spttest/aluiw5gumiwx,135fee564ad87741,1024,0/0
/spttest/zkw4ucqviqtm,40fde0d32560bf4a,1024,0/0
/spttest/7366jkzscmby,cf27f774fb5040e,1024,0/0
/spttest/x1o03ef8swwc,3c5ceb550eaed98c,1024,0/0
/spttest/vazrgmdztci5,392ed66d6ae69b8d,1024,0/0
/spttest/trwjvgmgs5i,182c1e8c647b886,1024,0/0
/spttest/5wa6mlecbmrv,ac5671d3fa49c0b,1024,0/0
/spttest/xot84bwz5kgq,3d898eabbc6429da,1024,0/0
/spttest/kgate7fn3er3,255c040e5885706f,1024,0/0
/spttest/9wq6dxku4l9x,1219a15ba17142b5,1024,0/0
/spttest/7yf70yem0etx,e886afa1fcc3915,1024,0/0
/spttest/6edug4trwk4a,bb087f56101fcda,1024,0/0
/spttest/dwn8zeqlq4fh,196707e2743b15ed,1024,0/0
/spttest/3l21iaxf5dcj,68c5ab9982385d3,1024,0/0
/spttest/4o6lxvisle3u,88895a2ce328eaa,1024,0/0
/spttest/qa6sfryfy2s4,3002500ae162e994,1024,0/0
/spttest/k3t0q975q41q,24b9b92a895b47fe,1024,0/0
/spttest/h6hk28suft1y,1f61b6651cc30ed6,1024,0/0
/spttest/8tqky8yq422y,101f31b6e430058a,1024,0/0
/spttest/51l510vuio58,936b01a6a2f44bc,1024,0/0
/spttest/90o39sl39wwu,10793869ec1c65de,1024,0/0
/spttest/u2taurw9yuf2,36f0fa4fecc4277e,1024,0/0
/spttest/pe6l0qcd1t49,2e6294cb5c42c6a9,1024,0/0
/spttest/uvmd94obaiyd,38672a5598424975,1024,0/0
/spttest/gbv0s3evhidy,1dd3e71e52341e56,1024,0/0
/spttest/h93t4ne5s379,1f83b845f4458c35,1024,0/0
/spttest/j973p40nrhjv,232c22fa8f20889b,1024,0/0
/spttest/1fg0dlt8hqe2,29c3af46fc3cbda,1024,0/0
/spttest/i62ptx05oxj9,212ff8ea2fe134c5,1024,0/0
/spttest/2uof6fpiwcpw,535b7f843f4ce64,1024,0/0
/spttest/d7etvevj27yg,181f42bfb20403c8,1024,0/0
/spttest/6znenlxfa6wx,cc4c1833194e481,1024,0/0
/spttest/5666oi6jfgam,9723d1a3bd4eb3e,1024,0/0
/spttest/54v3mgvaqh4e,9613ff3dc767f2e,1024,0/0
/spttest/uern6jf52kpz,378c4048ccf84667,1024,0/0
/spttest/m0n1xffr2wzl,2837d4bf849ada81,1024,0/0
/spttest/129r8aw1fwz1,1f11cf0166115ad,1024,0/0
/spttest/gzy3ggrj4onb,1f0cc140d2c994c7,1024,0/0
/spttest/2ldvjtw55nix,4bd029d9f7f3b59,1024,0/0
/spttest/ltw9jyzeivfa,27e03ad515508996,1024,0/0
/spttest/becxxpl627iq,14d246c0734a9c92,1024,0/0
/spttest/m2z6tsbwuw0,11ed6ac71808f60,1024,0/0
/spttest/huxur4ikttmh,209f55e128c45739,1024,0/0
/spttest/bp00shs0e02c,155c7f1d3a42f7d4,1024,0/0
/spttest/k8f1b5xlidc4,24f59fc8df3b7d04,1024,0/0
/spttest/1nw3gogk35lc,309f2d1246d9310,1024,0/0
/spttest/sh9jyb6qynd0,340576a866340cc4,1024,0/0
/spttest/7wc1jg32u69b,e6d4d483439692f,1024,0/0
/spttest/p9ptpeceh9rh,2e2893caa98ae9ad,1024,0/0
/spttest/hvkm0m7dahvz,20a78beefa90820f,1024,0/0
/spttest/s2q5kxroyf9s,33489d3161d9f5d0,1024,0/0
/spttest/xamc8d0vy2gv,3cd1390ca1dc8fff,1024,0/0
/spttest/u2c9jz6d7bf8,36ead4b77b292a94,1024,0/0
/spttest/gcqetw1bup16,1ddf3a9537cfa93a,1024,0/0
/spttest/2xb8j4iuwfd6,557ede58f967bca,1024,0/0
/spttest/ln3j9fiedmu7,2787ed84ff413adf,1024,0/0
/spttest/dwowfd4r8tnp,1967a0672d9e6325,1024,0/0
/spttest/6i4b8utfvck0,be10c67126c3450,1024,0/0
/spttest/4t43k8q5crx0,8c8a006ffb66554,1024,0/0
/spttest/sxr79lwkkx43,34dba8d8078388a3,1024,0/0
/spttest/oy27zmdznfvu,2d912dc78869272a,1024,0/0
/spttest/x6nv8rse6bvu,3c9dd12b7828efaa,1024,0/0
/spttest/ub8a2zfjuot0,375e4be8b3c21814,1024,0/0
/spttest/9f4fd9j2axsf,1134f6efc745078f,1024,0/0
/spttest/12qslfjnpk6,dfabddcf4c026,1024,0/0
/spttest/oj78nikbzcsi,2cd02678fee2c682,1024,0/0
/spttest/hynrvuarskm2,20cfa7dce0975a5a,1024,0/0
/spttest/og0lovv427ng,2ca6c993da6fe33c,1024,0/0
/spttest/73rmzzc4sq5b,cfa3d6ba28e975f,1024,0/0
/spttest/2n90jnb883w8,4d53c1a965509b8,1024,0/0
/spttest/kh0760fqzl,762ff54057e61,1024,0/0
/spttest/fwbqwi916grp,1d0a1bed70ab1f65,1024,0/0
/spttest/miq8mvjspmgk,2922c9aeb0e675f4,1024,0/0
/spttest/o8lpca769ulk,2c467c9f2d89e528,1024,0/0
/spttest/244z1biewe3g,3dcfae187a4555c,1024,0/0
/spttest/fwus9ohqk7sv,1d10fa6dc4bb627f,1024,0/0
/spttest/ddd905quf2un,186ca060b4a8922f,1024,0/0
/spttest/9wjn3ckn870x,121745a4eeba9c91,1024,0/0
/spttest/raocam0lcc75,31dc427e1308ddc1,1024,0/0
/spttest/gkbm7a74xv9f,1e41ce0734a57c83,1024,0/0
/spttest/sx312yrsptpy,34d2f0234e08eab6,1024,0/0
/spttest/wbfimb3qm7i9,3b0822dff3274581,1024,0/0
/spttest/p2wf9u9vs1fb,2dd0088add815937,1024,0/0
/spttest/6gsiguhywdt9,bcfcd41cc0d33ed,1024,0/0
/spttest/ifkqj9qn1orj,21ab60a92613a29f,1024,0/0
/spttest/w4wsqtvyq8as,3ab3725164473a84,1024,0/0
/spttest/ug5erozdf3le,379e351cb69898f2,1024,0/0
/spttest/nsti5xauszjx,2b79790be03e38fd,1024,0/0
/spttest/awku423aqd24,13eb51440bc81a9c,1024,0/0
/spttest/qj18s6bcoeuk,30753714718f592c,1024,0/0
/spttest/1hbitn9emlod,2b496f454ac593d,1024,0/0
/spttest/hg2l9qly8whe,1fde3489e0320c72,1024,0/0
/spttest/gyvzorkshz8b,1eff0196a44ae89b,1024,0/0
/spttest/9jfojmslxboe,116cfb8f67a9fe5e,1024,0/0
/spttest/l7m2ch18zj0o,26bec901c6e60708,1024,0/0
/spttest/opqw2oet0kvk,2d252d1a735a9eb0,1024,0/0
/spttest/lev8yrom8o2x,271d061a1ce891e9,1024,0/0
/spttest/fm7ldvylaepk,1c86b7bb358895f8,1024,0/0
/spttest/b0i5wx7zh62l,141e4f7807bdc7fd,1024,0/0
/spttest/51b6gfkuol2t,9331815af9f1eb5,1024,0/0
/spttest/5no7b4kidv2d,a558eb5224c0085,1024,0/0
/spttest/awrgatx6zuc3,13edb467be51be53,1024,0/0
/spttest/omjdb7u7gzrd,2cfb7e9d39fde809,1024,0/0
/spttest/5st8zhdwquwt,a985322545062fd,1024,0/0
/spttest/vvwxlpof2fu0,3a3e9778ba765ba8,1024,0/0
/spttest/tuuv5p8ujczm,3689a0b8961a9682,1024,0/0
/spttest/ur6671hx41e7,382d5d4e64f6550f,1024,0/0
/spttest/pbih530ktuup,2e3fe77d79734571,1024,0/0
/spttest/lkb066mp6m59,2763a7b6c68b669d,1024,0/0
/spttest/tjbvedzctql6,35f3e485012373da,1024,0/0
/spttest/8iq95qkhjj2h,f9031a27da64849,1024,0/0
/spttest/updl0v9uikbg,38160f6ad2d9c95c,1024,0/0
/spttest/x8fmbmj1j2oa,3cb4d1d9420b814a,1024,0/0
/spttest/x5v8wcxpygtr,3c937d86ef3926af,1024,0/0
/spttest/3rvxsk13kwuj,6e513c7bd5faa4b,1024,0/0
/spttest/gzbnhd6c1y03,1f04a829daddd663,1024,0/0
/spttest/2ggqkc2rpqtb,47d18a4d4a756ff,1024,0/0
/spttest/grip1ey4lmae,1e9f48ae9ce1d016,1024,0/0
/spttest/zb2s3jmwxni4,407e622294331d3c,1024,0/0
/spttest/2t1ni24pdm9g,52083991f5e9af4,1024,0/0
/spttest/c5qmo4s6j299,1635eceebef1882d,1024,0/0
/spttest/tff5qv9caeqe,35c11f2508f12916,1024,0/0
/spttest/uzzp9trom7xm,389feefcce3045aa,1024,0/0
/spttest/l9nd517hdzws,26d93b950067740c,1024,0/0
/spttest/awhvwme52t3n,13ea40c33ded7cd3,1024,0/0
/spttest/5z8dftv5ixk2,aebb7a055cf0b62,1024,0/0
/spttest/99ylk3itrg96,10f1ea534361800a,1024,0/0
/spttest/742ehwpuo28q,cfe1fa821a6435a,1024,0/0
/spttest/k13elo2sxd92,249680ac27496556,1024,0/0
/spttest/hmqzjh9x3apy,2034f1883119ae06,1024,0/0
/spttest/15vms0t6ocw1,21ff962cc00b141,1024,0/0
/spttest/thndzu4f84f5,35de11c500906761,1024,0/0
/spttest/kgqprvmwa6w8,2561c0a8c31a2968,1024,0/0
/spttest/ulhrs4lcalol,37e39d336944cc45,1024,0/0
/spttest/sxgxk5ii7768,34d7f441507b4a10,1024,0/0
/spttest/r14fujsxft45,31602cef7aaba225,1024,0/0
/spttest/j05su7tswzna,22b6c370b13e9c76,1024,0/0
/spttest/ueztzumf4mda,378f34b6ce3d713e,1024,0/0
/spttest/5heiov4atapf,a0420affe52a573,1024,0/0
/spttest/hdc9o7zqybkk,1fbabab190efa514,1024,0/0
/spttest/pq31l6dbrbgk,2efd2ce9714a51c4,1024,0/0
/spttest/px9qfxm1sj9s,2f5a83b07a4cd990,1024,0/0
/spttest/sg4c34pgyem3,33f697608aff927b,1024,0/0
/spttest/iec23dt9e515,219b41bf3855ddf9,1024,0/0
/spttest/q9b2p22zyc5l,2ff6de93fd1f1d09,1024,0/0
/spttest/kbks847gk34n,251eaa747b6d18d7,1024,0/0
/spttest/ovok673d3z0j,2d72455e5cf2dd03,1024,0/0
/spttest/abnpp0jje84t,12db94a4d7e47fad,1024,0/0
/spttest/g8hkqnjf9tco,1da81567e5b687d8,1024,0/0
/spttest/eatxgoqffstu,1a1f4a7f9da2d6b2,1024,0/0
/spttest/63hwbz5hqql2,b231c7154abde16,1024,0/0
/spttest/n8aoyqnkeojd,2a6ee65d159be3b9,1024,0/0
/spttest/1mfi2nal22pf,2f6f8c9695b0733,1024,0/0
/spttest/d1uhs8xgkk4a,17d6fa15d6b856da,1024,0/0
/spttest/20li7hi3q7s9,3aefcef7208e4e9,1024,0/0
/spttest/uy8weeszeofb,3889461351efc627,1024,0/0
/spttest/afwd2nzb9rzu,1312a89a4e693cfa,1024,0/0
/spttest/38t2b1d0fpul,5ed3e60c307549d,1024,0/0
/spttest/bfb3gserskuk,14de9975ef060b8c,1024,0/0
/spttest/ikbizwk3ll2e,21e9004a1993d0e6,1024,0/0
/spttest/ffwm58xhwwv4,1c34d2171ad00360,1024,0/0
/spttest/5s2zripc2fni,a8ed9e6715a2bbe,1024,0/0
/spttest/928xznmh7ney,108dbbda24716b4a,1024,0/0
/spttest/m938h1xcg1u4,28a5957cbb336d4c,1024,0/0
/spttest/6i7mckfdqmnm,be23dfed8f9fe32,1024,0/0
/spttest/4k7hcdcmiiba,854f12e742c8336,1024,0/0
/spttest/6fsch5ipqte7,bc2c0a09d5ce84f,1024,0/0
/spttest/fzvcw08sq89k,1d38271b1cd56858,1024,0/0
/spttest/f9ena63j1lam,1be066d689ffe10e,1024,0/0
/spttest/p3rdx8actc9x,2ddb347e4e7a9765,1024,0/0
/spttest/waumlujnw8w0,3b00995f3febb800,1024,0/0
/spttest/gqfixueh1v4l,1e9126abe2821cd5,1024,0/0
/spttest/s6dftmbdvx54,3377fbb593a49288,1024,0/0
/spttest/e0u6ldd8dkmk,199d7d5b6bde15ac,1024,0/0
/spttest/homx2vd0gtip,204d7441d6febd71,1024,0/0
/spttest/prb3uwyb6fqr,2f0d12f0b0d4c833,1024,0/0
/spttest/gx88jop1zl5q,1ee9723950ed3ade,1024,0/0
/spttest/vrwbeud67jsz,3a0a6981febfda03,1024,0/0
/spttest/be5cm17ov4z8,14cf8975d8f04ef4,1024,0/0
/spttest/i2dsel1vs02d,2100028b0c2ce255,1024,0/0
/spttest/suzyetn4btfr,34b7d9aadf8df9c7,1024,0/0
/spttest/h2k2gd7s84gl,1f2ea94b9257b095,1024,0/0
/spttest/9r453o6ute4i,11d0bbad04fee2c2,1024,0/0
/spttest/jelt0r01ij64,23726364533e828c,1024,0/0
/spttest/7jf6po4ufpdy,dc593525fa65c46,1024,0/0
/spttest/h6zb3g647q3p,1f681e0462ee9be5,1024,0/0
/spttest/ieqkpdh7w1gv,21a07ea75e932a6f,1024,0/0
/spttest/fhq9o8812z5l,1c4c82644e805f79,1024,0/0
/spttest/eob37u5e71pw,1ace57dc2f37a674,1024,0/0
/spttest/5i9ngnq31nzz,a0f5c58db8c2abf,1024,0/0
/spttest/p4nxskld82po,2de6f342c65ba0bc,1024,0/0
/spttest/gmh0m20n1fkq,1e5dbb5b4faa1c1a,1024,0/0
/spttest/l1lm0slkuwjt,2670af94e685c849,1024,0/0
/spttest/jqx3gv9k7p1w,241255547843c294,1024,0/0
/spttest/kjkf8yg2y71d,25867336a916fa21,1024,0/0
/spttest/sthhmz9o1fq4,34a432becf9591dc,1024,0/0
/spttest/abyysl9i8utp,12dfa40a9ed8b40d,1024,0/0
/spttest/aderh5twh5o2,12f2546a41657af2,1024,0/0
/spttest/it5tbbwypf7u,225bd7dce0f16b4a,1024,0/0
/spttest/26b9eatm79dg,3f93a2fd910b534,1024,0/0
/spttest/kvnzmhw1yyo3,26239bae025f9503,1024,0/0
/spttest/o5dyaevikgp4,2c1cb8dd4b7d1f88,1024,0/0
/spttest/63rbyoekaec7,b2683dc9331f317,1024,0/0
/spttest/vvgdx55kilgb,3a389f1422b1951b,1024,0/0
/spttest/9ogk0iztxqz3,11ae3e9655a6cfcf,1024,0/0
/spttest/5xe4uqq9uom2,ad3d14b0970491a,1024,0/0
/spttest/dh3fvvuycwk2,189d0b60ca2779d2,1024,0/0
/spttest/x9clbnzifh1v,3cc0b7701188f213,1024,0/0
/spttest/lc1t7hdgeyq,1151f752d4570c2,1024,0/0
/spttest/bcmmfou5bt7t,14bbca69a7c505a9,1024,0/0
/spttest/y8303mc6zw28,3e83e1a77b652310,1024,0/0
/spttest/9mv4m2h4zmts,11998614845c6650,1024,0/0
/spttest/fjpe3guy3ei5,1c662be2e816c62d,1024,0/0
/spttest/ihr02v900iwa,21c79ddf59ab93aa,1024,0/0
/spttest/v5e9ke33niof,38e6227ec54e6d4f,1024,0/0
/spttest/2nbnt0c0q2ll,4d6308546d27fa9,1024,0/0
/spttest/9qx0n6b0he5s,11ce29a8c5a78df0,1024,0/0
/spttest/lw4h9ojpqtbf,27fd2c15abe8bbeb,1024,0/0
/spttest/7rtr3a6r1ksl,e32bed11fc55285,1024,0/0
/spttest/mkf4h4wyt53q,2938c179136f2116,1024,0/0
/spttest/krk76qnitkut,25ee489546ab3cd5,1024,0/0
/spttest/s40kw8yopnf,16d262693dd19db,1024,0/0
/spttest/hhp8gqa1kdnp,1ff35d686e5a2b25,1024,0/0
/spttest/i5avy07vtnog,2125ee4a48059820,1024,0/0
/spttest/okevetovfor3,2cdfe4b360885a0f,1024,0/0
/spttest/9lvj6xrjncqg,118cae3b55dc6f38,1024,0/0
/spttest/34lk8ms6hhua,5b6946af6f58a92,1024,0/0
/spttest/3imvji3pfrrt,66ce760ef20bf59,1024,0/0
/spttest/6d1idgu2t2kn,b9f174daca76c47,1024,0/0
/spttest/yra77owvqcjh,3f7d465c47de00fd,1024,0/0
/spttest/1egpswqyjxw2,28f7eeef6143c52,1024,0/0
/spttest/n5hr8h4a3xgv,2a4a7aff1c5eb62f,1024,0/0
/spttest/puizzasnwo16,2f36e3b4a7b308aa,1024,0/0
/spttest/x444nnsvoiy8,3c7cb771da4c14f0,1024,0/0
/spttest/5crojs99vx2q,9c7ee3941b5a632,1024,0/0
/spttest/hk30dmwr6977,201250547cad8f13,1024,0/0
/spttest/wainm6nkerhd,3afc478afc82b2a1,1024,0/0
/spttest/q7a4wo10piii,2fdc8d5ecbba4dfa,1024,0/0
/spttest/wnk1sieykm2w,3ba5a49edc2a26c8,1024,0/0
/spttest/q2bvt5l8giir,2f9c3c7b127bcdc3,1024,0/0
/spttest/8ag4kf98gwvh,f24a01dc0bbc66d,1024,0/0
/spttest/w41r54nosju7,3aa83eca3bf2a76f,1024,0/0
/spttest/j3p5g234qaf8,22e4b68d93644744,1024,0/0
/spttest/vmim66g00q0s,39c485acc298a3bc,1024,0/0
/spttest/49xzvgr3qcbf,7cfa07a0ca0afdb,1024,0/0
/spttest/xu9ofr2xhm8a,3dd070b6833803ca,1024,0/0
/spttest/jagcm51myltw,233c766e1067ed04,1024,0/0
/spttest/lp355jpuat2,119d3a97eba0736,1024,0/0
/spttest/uam3bbj9pxy3,37564a70f930bd1b,1024,0/0
/spttest/9x8restwkahl,122055edfd1f6619,1024,0/0
/spttest/badddqsj39e1,149e795ab6051549,1024,0/0
/spttest/x91viei162ga,3cbcd9866ae3daea,1024,0/0
/spttest/ssejr8le32ez,349625d1ab0cb0fb,1024,0/0
/spttest/j2haku6a8xtv,22d4e3851d355f43,1024,0/0
/spttest/s24zyi4qtuh2,3340fb082da0c986,1024,0/0
/spttest/smz3vqbqkjl0,344fa14784ae6624,1024,0/0
/spttest/ma5uel7nng2j,28b383c087de741b,1024,0/0
/spttest/dl8lbtl1gvy2,18d2dc36030baaba,1024,0/0
/spttest/xnemherd98he,3d774cbe5e162c32,1024,0/0
/spttest/so5cy0j4ncd,17469c71d1a622d,1024,0/0
/spttest/g1we2qjcl1l0,1d52810877fed344,1024,0/0
/spttest/3hzda0elyr2a,6646c0c685f6a82,1024,0/0
/spttest/3k6aiihf43mq,680e60c5939de62,1024,0/0
/spttest/3kkm44ozoq9o,68610f7caed3dfc,1024,0/0
/spttest/gszdmuuv0hca,1eb24af00eb06eca,1024,0/0
/spttest/5csgoiu1ds05,9c836674087c805,1024,0/0
/spttest/ler8n1zefdxm,271b93cb4e40fe4a,1024,0/0
/spttest/2ojfzlyrpo7k,4e5fcaadeda19d0,1024,0/0
/spttest/sehzj9xp3vnn,33e189d086cff003,1024,0/0
/spttest/ljj1dn4271ju,275990802073859a,1024,0/0
/spttest/eylhn7w48w4,c25540e75b5204,1024,0/0
/spttest/kdbonrhteg29,25355c819ec8d9d1,1024,0/0
/spttest/ejlgokcozlq6,1a9123ce693760be,1024,0/0
/spttest/beyza20ijkqi,14da3a4c7a52e1ba,1024,0/0
/spttest/tou6m0nwqll4,363b7232f1c34bc8,1024,0/0
/spttest/spgc3zrwybhv,346fd32b0931cab3,1024,0/0
/spttest/2fdtgxij4sh,1f877e21715501,1024,0/0
/spttest/a28mp1o7gx3v,12613c1d5608229b,1024,0/0
/spttest/qpjflnxik2tk,30c9b6bebcbb7148,1024,0/0
/spttest/lhorc62f8gq6,2741a66f022c1dae,1024,0/0
/spttest/zg49dz0c7dnn,40bfdd26013a3ce3,1024,0/0
/spttest/en0hcgdjxcwx,1abd86cd827606a1,1024,0/0
/spttest/6o3kfmq0jl9c,c2eb72652b3ba60,1024,0/0
/spttest/k7flyv1w8icq,24e8d788585d42ea,1024,0/0
/spttest/rkstok980diq,325fc525394d5072,1024,0/0
/spttest/3kv4dlu5ssh9,689db8287096c2d,1024,0/0
/spttest/exvdadhom1h4,1b4a905fcb56fcf8,1024,0/0
/spttest/f2xmaum87c4o,1b8c52853248b928,1024,0/0
/spttest/3j7jx6dn8pvq,6745d4c030da006,1024,0/0
/spttest/86ugggw1v8jt,ef5d6c094015e09,1024,0/0
/spttest/33rbheqy17jg,5abaae76ed9066c,1024,0/0
/spttest/ruk97v4w62ng,32de9242d092b2ec,1024,0/0
/spttest/oqukp1sncz5e,2d337ea3599ff3f2,1024,0/0
/spttest/nli8o36o1r61,2b1a7bd5d6bb5fc9,1024,0/0
/spttest/5f9dcqbvcbem,9e84aa39e5befbe,1024,0/0
/spttest/vt4admmh32gb,3a1a470ede5e982b,1024,0/0
/spttest/kupfsolun06o,26172448e32c32b0,1024,0/0
/spttest/gf1mcbj3a42h,1dfd406bcb18f219,1024,0/0
/spttest/dk962kjwiadj,18c6142d28af1107,1024,0/0
/spttest/58jg2x4fm8da,9910085c4d462de,1024,0/0
/spttest/roc08ax5rtld,328da8b6bfdbb791,1024,0/0
/spttest/hne7qrf2s7ll,203d530bfd7f2379,1024,0/0
/spttest/armt71377t7o,13ab155d5c00b2a4,1024,0/0
/spttest/uofhjr90bu1p,3809c1fae78aa0dd,1024,0/0
/spttest/qf95veysr8zs,30441d884fc06a48,1024,0/0
/spttest/m9fvogyltwg8,28aa2572a68b4688,1024,0/0
/spttest/cjxlkaoxzbr9,16ee4a43ede2e745,1024,0/0
/spttest/3lfqdvabn5ei,6914b573766fe1a,1024,0/0
/spttest/ai5q96105qxx,1330043fbbd75ba5,1024,0/0
/spttest/liqxkbeor3w1,274f6c66fceb0c71,1024,0/0
/spttest/a7295ions3ep,129fe1711c283741,1024,0/0
/spttest/4nz2f1bd9qrl,885dcf7359bf8c1,1024,0/0
/spttest/8kqwuw3lopu8,faa68f437f139d0,1024,0/0
/spttest/24txefrhhtbe,3e5fbe3f29e1baa,1024,0/0
/spttest/upw1t97krjjm,381cb91f14047bb2,1024,0/0
/spttest/eawm70h9ee0w,1a2042b0ac7f8b80,1024,0/0
/spttest/pmz40u38768o,2ed4c9ea9495ef58,1024,0/0
/spttest/o10jwctfq6mq,2be3ee20a3b76712,1024,0/0
/spttest/929wcyuitqd7,108e14099c90d4bb,1024,0/0
/spttest/sdrick0htdsn,33d7fc24994edc17,1024,0/0
/spttest/xdhjmdroqv2w,3cf675f026ddd3d8,1024,0/0
/spttest/8z5p64bvumm7,10659858894418ff,1024,0/0
/spttest/9um0cqpop4kc,11fe25e4559d9f5c,1024,0/0
/spttest/ux7nts3wdqt2,387bd6742f83d4f6,1024,0/0
/spttest/kbsy2d812lyx,25219c62c8a2ecb9,1024,0/0
/spttest/yges6d6nakpq,3ef00bcbe072265e,1024,0/0
/spttest/ynin9w0eowf3,3f4c5d7d1779c81f,1024,0/0
/spttest/hn0am5letfbt,20384d42b03a04d9,1024,0/0
/spttest/7ym44sqxjjt5,e8aea219b6b1409,1024,0/0
/spttest/gwcnegf4gsnj,1ede0c8ddd21950f,1024,0/0
/spttest/udlg2g13v1qw,377d0690deff2198,1024,0/0
/spttest/64oryd4tkgmi,b32950b3a93ae2a,1024,0/0
/spttest/88dh2bt98i39,f09b09043087a95,1024,0/0
/spttest/rux4qt6x9jqy,32e33791cd73b53a,1024,0/0
/spttest/roa3izkuz9ne,328cf86faf59799a,1024,0/0
/spttest/u5t0yu8rvs4u,3717d8b6db6c1b2e,1024,0/0
/spttest/xetvmrbsaio8,3d07e66e13cd5508,1024,0/0
/spttest/1uslicd68ky8,3639c719e747610,1024,0/0
/spttest/ccxmocnfm75r,16936052af39b8bf,1024,0/0
/spttest/pwjiwbzaas2l,2f510ec1f0a8129d,1024,0/0
/spttest/x6rsdup9lft7,3c9f3b4ebb45104b,1024,0/0
/spttest/ziulyt8f32u,1cd6d27304db956,1024,0/0
/spttest/4l9y7byd5pq4,862d26f135a767c,1024,0/0
/spttest/g69fsboxaqc8,1d8b2b3c92cc74d8,1024,0/0
/spttest/jy99npeu2ob6,2471a66d91850d92,1024,0/0
/spttest/sl80h3fgohrv,3438dd56f02a8bfb,1024,0/0
/spttest/pm333pee7fbf,2ec93bc574f35f4b,1024,0/0
/spttest/qcbindgjehpa,301dff47e2a5141e,1024,0/0
/spttest/bm9kei0ilg76,1538f8f9fceb3742,1024,0/0
/spttest/au7ugfhna9sv,13cca6d8d3a99b1f,1024,0/0
/spttest/26cw0nbt0v9e,3f9d0985b675742,1024,0/0
/spttest/hfphzv1p47ik,1fd97b59a2a90c0c,1024,0/0
/spttest/vw0929wbqb5f,3a3fc9faf6fe35f3,1024,0/0
/spttest/9oguemey8nsk,11ae593fea136474,1024,0/0
/spttest/9nenjx33jg1q,11a091ac66c976fe,1024,0/0
/spttest/kc6vvrqa9atq,2526a3f08443010e,1024,0/0
/spttest/cyhsna1q4dok,17ab6d65bf467c44,1024,0/0
/spttest/5xh1ze4rp8td,ad4df082afb23e1,1024,0/0
/spttest/big7p8r804z0,150769f010b02d2c,1024,0/0
/spttest/j47n592plrm6,22eb629869a7500e,1024,0/0
/spttest/p1qzcue7mfgg,2dc1149b22e236c0,1024,0/0
/spttest/ai4qex07zpez,132fa84a5d5f626b,1024,0/0
/spttest/15e4zus4lafl,219a97ffab23c11,1024,0/0
/spttest/6tnrmji6wiga,c76f340503f236a,1024,0/0
/spttest/jjmy16bx8d9a,23b3bee72efb621e,1024,0/0
/spttest/5ktfa5piwiqn,a30793c5fcb4cdf,1024,0/0
/spttest/5gtboes31wmz,9fc7af627a00e7b,1024,0/0
/spttest/k334lt4o79x1,24b06189c056e5f5,1024,0/0
/spttest/66pbc4r39ran,b4cc149d739616f,1024,0/0
/spttest/2s3ny6ipgo7n,514403a17edff93,1024,0/0
/spttest/lhcz2l8fsi6r,273d65dbb9b5aa13,1024,0/0
/spttest/cos6s4s41ori,172d48c78c92e79e,1024,0/0
/spttest/7mkqxrkxayub,dee8cd36bc14fe3,1024,0/0
/spttest/8wik84ddgzlw,104344ad2fbdd944,1024,0/0
/spttest/jyblht1go81m,24727d88906e02ba,1024,0/0
/spttest/x69940my82gt,3c988b3a725d387d,1024,0/0
/spttest/du1iwd1kz7n6,194536b5e1061972,1024,0/0
/spttest/qi1ubvd2frss,3068711bbd2a807c,1024,0/0
/spttest/j3j78jyx5rxh,22e290f0bc5ed5a5,1024,0/0
/spttest/6rj8lqby7ups,c5b56750698e540,1024,0/0
/spttest/a98nx3j8lv43,12bc2c0d254134c3,1024,0/0
/spttest/f5ghw0lz8nh6,1bad1cb5c39f9fda,1024,0/0
/spttest/eie3ltp3gzyq,1a817e6bddae1112,1024,0/0
/spttest/bzp4d6zg04bt,15e7720f6afa31e9,1024,0/0
/spttest/bb6h7n1or29s,14a8f9dc88ec3040,1024,0/0
/spttest/jclosu6nxsw5,23585e0d2a443f85,1024,0/0
/spttest/rtplav8t9pt8,32d381d952fdb7ec,1024,0/0
/spttest/lte2qav2u4sv,27d9aab1d495b1cf,1024,0/0
/spttest/p7puo4s2r327,2e0e9bc0f6d4ba3f,1024,0/0
/spttest/u5j9zii1j0p1,3714542c049d9345,1024,0/0
/spttest/itvl9su5dyy2,226524cd42604f2a,1024,0/0
/spttest/3w3uznfdrsb6,71be48fb5c7c112,1024,0/0
/spttest/49b6h0rn34is,7c764f02f033ca4,1024,0/0
/spttest/38maxhexq72u,5eacded230daf56,1024,0/0
/spttest/x765e23wihvx,3ca469d53283d70d,1024,0/0
/spttest/jwv1b8yeavg8,245f869a0cda93b8,1024,0/0
/spttest/u8r4yammexnz,373e21f8e853afef,1024,0/0
/spttest/sk9827t1sqyq,342c4feabf349c82,1024,0/0
/spttest/fvhbtp2ts9dp,1cff223172e5737d,1024,0/0
/spttest/4i366pu08m2a,8396891881569b2,1024,0/0
/spttest/20lt9mgjmhcr,3af194fb2add45b,1024,0/0
/spttest/pf8t53tn4rcb,2e705fa02a16de6b,1024,0/0
/spttest/wiegkilv26pw,3b62ae0b5ebfa184,1024,0/0
/spttest/dm03ph1m0umj,18dcc94f8596650b,1024,0/0
/spttest/jny79uyod2h7,23ebc3b10fed4dcb,1024,0/0
/spttest/55j016odrdl4,969df937f74aa88,1024,0/0
/spttest/59xdn282r8ko,9a304ac3f52a628,1024,0/0
/spttest/forjhkk0pklj,1ca7e4bd93b58487,1024,0/0
/spttest/vx014dbxrq92,3a4cb2dc31445aa6,1024,0/0
/spttest/wn7jy0vjd1d8,3ba12269116d972c,1024,0/0
/spttest/gt3yo9a48lnr,1eb3f26459e29ba7,1024,0/0
/spttest/q8xrarjd2yk1,2ff2108c721da471,1024,0/0
/spttest/kyd150604cju,26469f48bb2f308a,1024,0/0
/spttest/vx4i8v2zyptb,3a4e50458bd5f22f,1024,0/0
/spttest/fwl7abfnl8c0,1d0d85474ecb6070,1024,0/0
/spttest/b5fqgtrdfzob,145e6161cef6ab5b,1024,0/0
/spttest/2l690eirwxv,219e4893c06983,1024,0/0
/spttest/dat5gf5ppu63,184b656531e741fb,1024,0/0
/spttest/35vqz3ppfiqe,5c73ea3664bb996,1024,0/0
/spttest/syyzmfxqises,34eb756f5aad4e54,1024,0/0
/spttest/4xjlj4iy9uvg,9022caeb3d9ee8c,1024,0/0
/spttest/8nkilfupux0e,fcf11eb8cf5239e,1024,0/0
/spttest/dvddy7q5e6fb,19567bb06f4dd507,1024,0/0
/spttest/jctif4srime2,235b30a038d32cda,1024,0/0
/spttest/gyvocju7lb6,dc69e711f231a2,1024,0/0
/spttest/2u1ui86qxfu,24d24cfe95b1ca,1024,0/0
/spttest/p5qpmi5knla3,2df4f0a9df30337b,1024,0/0
/spttest/5h1f78khrbn6,9ff66f25b2b34b2,1024,0/0
/spttest/9gps1a3715xc,1149a86d70b90740,1024,0/0
/spttest/ouk6u3gdkxxj,2d63b46bd68505c7,1024,0/0
/spttest/fpahk5r5ereq,1caebaca42fb4342,1024,0/0
/spttest/f2npody9l8ra,1b88bf80027e6096,1024,0/0
/spttest/9gf7et5mmt7z,1145d7d3f038976f,1024,0/0
/spttest/cgqgyercl2x3,16c4c0182a413a07,1024,0/0
/spttest/4ffmhwam7cw0,816ef110889bb00,1024,0/0
/spttest/449xlrjequtg,785ff88483b0884,1024,0/0
/spttest/hi8svq52v8c7,1ffa6cc9fe3c11f7,1024,0/0
/spttest/bpc5nx1w6b9e,1560e0092fb11282,1024,0/0
/spttest/7u9brf19m2pj,e5257e3c9e2b437,1024,0/0
/spttest/pxuzohfrnxyn,2f622f1fbac5b2af,1024,0/0
/spttest/35hcu7nl46be,5c20d369dc6d9fa,1024,0/0
/spttest/o73lylbx1sqx,2c32f8104655e4c9,1024,0/0
/spttest/rlcljg30qdus,3266e79e8e6774a4,1024,0/0
/spttest/kdpma6cswp06,253a638fd0377296,1024,0/0
/spttest/dk9i9ooacxay,18c633790e989d9a,1024,0/0
/spttest/59840cj9yynb,999e6c1816278e7,1024,0/0
/spttest/swfypsg2a0x6,34ca9d99033ca52a,1024,0/0
/spttest/3omc5cpzvrc5,6baa5292161a325,1024,0/0
/spttest/jl6i1i4c7amy,23c7ca7ed46aad9a,1024,0/0
/spttest/90bi3ge420z5,1074ada95ec6ad71,1024,0/0
/spttest/8ee4wzmdgxc2,f57dd4d5f6681c2,1024,0/0
/spttest/tz3w6ul36rdr,36c0d7b5b396871f,1024,0/0
/spttest/v55psexm11fh,38e30cce3002977d,1024,0/0
/spttest/5whpfvsue9yq,ac81df6ab1aa7f2,1024,0/0
/spttest/5l74shwi7u0q,a356b7981b675ba,1024,0/0
/spttest/t6r3lwrg7wzw,355086c49f3b3ecc,1024,0/0
/spttest/rcm8wtpkl6rc,31f57b96eb367d78,1024,0/0
/spttest/q84yea4lm12b,2fe7ac14a86493e3,1024,0/0
/spttest/uz9osqjrutoj,38968c31fa06b8c3,1024,0/0
/spttest/a3ll042drwz3,1272e5d0cd8b94af,1024,0/0
/spttest/pnoyyxfvagln,2ede1e869b091d8b,1024,0/0
/spttest/gw2vmdm8xx1r,1eda85f66f23958f,1024,0/0
/spttest/fst3i6l0axtd,1cdc697eb8291db1,1024,0/0
/spttest/21q6btmr2jru,3bda98d8eef739a,1024,0/0
/spttest/aaeazvlbmmwm,12cb325c45012c76,1024,0/0
/spttest/rnot5r96kriv,32854a1a31834257,1024,0/0
/spttest/o730cjfdxqbt,2c32c09c3fe9fc89,1024,0/0
/spttest/wcqipduh05xv,3b191866c5351713,1024,0/0
/spttest/5iy6espqlunv,a1835cd5a7f2c7b,1024,0/0
/spttest/tesrk0b0u7tu,35b90aa229028f22,1024,0/0
/spttest/x43a49ziu0u4,3c7c6916f5adadbc,1024,0/0
/spttest/69hiuvcbfza0,b70e968a1996b58,1024,0/0
/spttest/z4ji5rhadssw,40297e192b0af110,1024,0/0
/spttest/5ppeico1r820,a6ff8108f23a288,1024,0/0
/spttest/pird1z7xw530,2e9e091df1158ebc,1024,0/0
/spttest/hzpyec6p5kmf,20dd6e91abd6c8a7,1024,0/0
/spttest/jheegrpqrfw2,2396af3d48289732,1024,0/0
/spttest/ttkdhlw9mhh5,3678da7246e6baf9,1024,0/0
/spttest/2mtbs74f3gub,4cf930b8534e703,1024,0/0
/spttest/y3tazlyt71y9,3e4c6ce1f7d31aa1,1024,0/0
/spttest/v52icmcpu2e7,38e1e49d5296309f,1024,0/0
/spttest/hhi7c1cst6ok,1ff0d3ee15eb2314,1024,0/0
/spttest/zmmwbujm6umt,4114862dc9fb8295,1024,0/0
/spttest/r4bvijafjq1u,3189d37ac8d291a2,1024,0/0
/spttest/gykasr00b2vp,1efac9ad56f79355,1024,0/0
/spttest/hh67rd1o8nmq,1fec809a741b75a2,1024,0/0
/spttest/vh2i6ri8nnqc,397dc34722c397e4,1024,0/0
/spttest/3f10adx3c23m,63e0bafb27aeca2,1024,0/0
/spttest/7etw09eevcos,d89ef17cb7da7fc,1024,0/0
/spttest/dea9srw5iwdk,18788a91b828c968,1024,0/0
/spttest/9gmo0danor93,114888fea58d4ef7,1024,0/0
/spttest/dhcjgoivqw37,18a053df2eadabf3,1024,0/0
/spttest/boxzwdlk2jtq,155bc416b5f4a8de,1024,0/0
/spttest/941x0gmvmcnm,10a52d478f6a8092,1024,0/0
/spttest/xg4ldpd1w0wg,3d18c16f28219190,1024,0/0
/spttest/h1jrqo694j2j,1f21908c9bdcba8b,1024,0/0
/spttest/eg3djg5zhguw,1a63a558823b6698,1024,0/0
/spttest/d3s7n4l9eabm,17f021d6e8bb48c2,1024,0/0
/spttest/4j7d0lfovv,1a2bf5f4ff0bb,1024,0/0
/spttest/mm4rmjcvh8mb,294eff556ff924e3,1024,0/0
/spttest/16vnizuq3sn7,22cf890aa4ef5c3,1024,0/0
/spttest/aqzfgzlbk9qi,13a2a5af12b5fd4a,1024,0/0
/spttest/xrsfuhb0hnq0,3db03de5a31c2e58,1024,0/0
/spttest/oml8g4kr5kq4,2cfc2adf2309032c,1024,0/0
/spttest/3mc1nnvimx5v,69cf40bcecaaf63,1024,0/0
/spttest/3fsob511tiuw,6480742e8c959b8,1024,0/0
/spttest/8cxrz9hauq05,f44f8f5e2b45d25,1024,0/0
/spttest/7wpuz86rknd6,e72499a069fc64a,1024,0/0
/spttest/9snnpunkkryy,11e4c3b1b01f3a9a,1024,0/0
/spttest/es1b0nn72f0w,1afec53815f34b90,1024,0/0
/spttest/hs1j1sgv14d6,2079b18d93808b5a,1024,0/0
/spttest/7dfr6wmowfeh,d77d8535566c5f9,1024,0/0
/spttest/t16fl51e6tpk,35081f7c5ff3dde8,1024,0/0
/spttest/qtec0tobaq14,30fbd4bf8299bd48,1024,0/0
/spttest/m26yncktd5g7,284c00f4370be9d7,1024,0/0
/spttest/dhjk7qrmg13a,18a2dc60d719eb86,1024,0/0
/spttest/hxs1s52g79s3,20c435791e5fd543,1024,0/0
/spttest/q6rwtp172bvn,2fd5fa00faf183a3,1024,0/0
/spttest/ngrsmbxc0o7f,2adcfc0e691a5a8b,1024,0/0
/spttest/e9cxi9byz2vn,1a0c2b17fc9e7753,1024,0/0
/spttest/4hyow1p5kqbc,837cab7781ffb38,1024,0/0
/spttest/5z2acmlqqrr3,ae9857dc6753cff,1024,0/0
/spttest/8ly81tap4x8c,fba09816131b23c,1024,0/0
/spttest/v88wmn8tgdcm,390b2b3aca8bf496,1024,0/0
/spttest/1itdjabudltu,2c80545b365f9c2,1024,0/0
/spttest/7fzjg072c9wt,d98f65378c97b2d,1024,0/0
/spttest/34gls9qrgowu,5b4ca8ac210151e,1024,0/0
/spttest/eb6zbnc70ovz,1a24000edf95c4ff,1024,0/0
/spttest/ed4dclnbrcnb,1a3d0974ab566fc7,1024,0/0
/spttest/x2ufxrrzo0q8,3c6c3b73261558b0,1024,0/0
/spttest/qp7576ctebln,30c547a2be103f3b,1024,0/0
/spttest/qk3hgizcr4ox,30830355bf3b6881,1024,0/0
/spttest/3kim53y2jesa,685584d1e7d4b9a,1024,0/0
/spttest/1gz1lw7ts1ru,2b0165d5ebff0fa,1024,0/0
/spttest/cj9x1ctt0a3y,16e5beddf414042e,1024,0/0
/spttest/dmxvsvaj4anp,18e8f98bef8959f5,1024,0/0
/spttest/7dh8axxb9pn3,d786099895b890f,1024,0/0
/spttest/2t5vwd0wso1a,5220a9de3a758ae,1024,0/0
/spttest/yr00d1c5821s,3f79991937fde160,1024,0/0
/spttest/kzma6dcja4ng,2656f30b60e9290c,1024,0/0
/spttest/ss8qgbq1a6hl,34940ccad1693859,1024,0/0
/spttest/pyh0y0cylzqc,2f6a22784fff3a24,1024,0/0
/spttest/k1idmtwd3baf,249be7b68f4758e7,1024,0/0
/spttest/4yztyvnts5ys,915057ae8f07634,1024,0/0
/spttest/xiejvq4t56va,3d3653c86ed1df06,1024,0/0
/spttest/441vcj2j5ghk,78316cbeffc4db8,1024,0/0
/spttest/quzl8tonutu8,31107d66711a9990,1024,0/0
/spttest/z5y2rij00l6e,403bbd605ab47736,1024,0/0
/spttest/pv3mkcu1y0aj,2f3e5504bed4cefb,1024,0/0
/spttest/s5pifl4ijts8,336f5991935e0f88,1024,0/0
/spttest/b93ysc9v4hr6,148e1756452f35e2,1024,0/0
/spttest/ebxl6xyn49o4,1a2d99be8cd9d8f4,1024,0/0
/spttest/7jactcdb2plo,dc3d523167c2d1c,1024,0/0
/spttest/saqlryfhxcjs,33b0b0ccac48eac8,1024,0/0
/spttest/tfw4lolgtq26,35c73e782e376d2e,1024,0/0
/spttest/bl7rgduhej98,152b5513fd5c11fc,1024,0/0
/spttest/xvuelg3qtkj6,3de4e87368a19332,1024,0/0
/spttest/62i64lr4o9p6,b163851819a671a,1024,0/0
/spttest/ajwofv7e3wmh,1346bacb4d14c1e9,1024,0/0
/spttest/cnv7jw0gl9gt,1721629b119cf32d,1024,0/0
/spttest/93qutxrrjdp,764152b7fd09dd,1024,0/0
/spttest/tlow1qn2cu6l,3612917c067701cd,1024,0/0
/spttest/xok0xetl8obm,3d863ce72c4e1622,1024,0/0
/spttest/3rvog3k8svmi,6e4fbcce0fb971a,1024,0/0
/spttest/t619ccu3fder,354733e855e3cca3,1024,0/0
/spttest/s5c67yf7u4zj,336a8972bfd257bf,1024,0/0
/spttest/qve5sc4ii84o,3115bf430d359ba8,1024,0/0
/spttest/6tdywihy1n92,c736a3d71aa91f6,1024,0/0
/spttest/5gf2jx2hvr6d,9f75664d8fd6455,1024,0/0
/spttest/nb8fu52ghpp0,2a950dfa3901c454,1024,0/0
/spttest/u54nssxbams4,370f0e174d7c60d4,1024,0/0
/spttest/a8e60wd4qxrd,12b12b1741b40569,1024,0/0
/spttest/shcv16otl5d7,3406a830ea6d4b6b,1024,0/0
/spttest/ar7zhu8qc7dk,13a5bc0195ad4a58,1024,0/0
/spttest/al3v9iy9mkhv,135650231ddae243,1024,0/0
/spttest/iz4cgyd1uc4s,22a93fd14199adec,1024,0/0
/spttest/83wm02dtgar4,ecfa5f1b6914b70,1024,0/0
/spttest/zcl1be0su8jp,4091f5abd997c2c5,1024,0/0
/spttest/ads8hquwx3c1,12f730dcb7dcc721,1024,0/0
/spttest/gu2gcov8iyw7,1ec064459f20e527,1024,0/0
/spttest/81tb1htauyhg,eb47a3446183814,1024,0/0
/spttest/shiwf9uu7d2m,3408d5f86b9aa3ee,1024,0/0
/spttest/wi6h33ytd957,3b5fcc6c749b648b,1024,0/0
/spttest/ju2oihnzs1lx,243b50f03eca4625,1024,0/0
/spttest/jv6vajkh4fri,2449d10fef0f59ce,1024,0/0
/spttest/fzmzjvse9f5e,1d3521f0d0e422f2,1024,0/0
/spttest/9s1wjjfim1ss,11dcea3c26dd909c,1024,0/0
/spttest/46jcrx6zdl7l,7a360491c5457a1,1024,0/0
/spttest/dxgvrghkchav,1971b9028c1f1a97,1024,0/0
/spttest/aghk2lzklocl,131a4e4ada953e85,1024,0/0
/spttest/x5hzuggbtok8,3c8eb58325accc98,1024,0/0
/spttest/agmsxlarcbv,87e4f7f329452b,1024,0/0
/spttest/uq3qnog1ux3k,381f7f723ce12410,1024,0/0
/spttest/5p0opp2jtsfa,a670d0a38764026,1024,0/0
/spttest/dr72ta7qluwu,19203fe0b4f645be,1024,0/0
/spttest/4banttm3k9g5,7e12f9d386677d5,1024,0/0
/spttest/7pwm71tg48fl,e19ccd9065a77b1,1024,0/0
/spttest/ve1p6ktbzzbh,3956811630f7dc8d,1024,0/0
/spttest/f4snf3i64yvk,1ba4820f9e86c790,1024,0/0
/spttest/h1w7h6m7tee,dd805ee4f10e96,1024,0/0
/spttest/1ql0146y8unr,32ce9badcbc0737,1024,0/0
/spttest/qyj48an3pib4,313e80e110fc67f0,1024,0/0
/spttest/1qejyr1ear77,32a964ca15f4a33,1024,0/0
/spttest/haaz16b77awn,1f934b4137e145f7,1024,0/0
/spttest/72vtcswmvum2,ceec1f1f888c2ba,1024,0/0
/spttest/heqjjtkt3zdj,1fccde7330bd72d7,1024,0/0
/spttest/t02dpu0vjdn8,34f9abf589156ad4,1024,0/0
/spttest/9fyp6laqhsdt,113fe32a88e43bf1,1024,0/0
/spttest/rnczaxowooxw,328105727cd7a444,1024,0/0
/spttest/7vpuiz0pvsvo,e654b2fba290cf4,1024,0/0
/spttest/ostg4s0n08ez,2d4d11134b90619b,1024,0/0
/spttest/1fk0mwec2idk,29dad1717a5cd88,1024,0/0
/spttest/cfdme7s38c5v,16b3200186f7b293,1024,0/0
/spttest/xdr8ea6ayw7x,3cf9f4d1d13b199d,1024,0/0
/spttest/t0my0a8mny5h,350117626d8aa2a5,1024,0/0
/spttest/6fxmnvq750er,bc4a89b21305053,1024,0/0
/spttest/nuz4wsnslunj,2b957bc372ffa66f,1024,0/0
/spttest/na6am1jxenp5,2a874a94026cec79,1024,0/0
/spttest/44gyibwbhqeg,788886e59733ae8,1024,0/0
/spttest/8mq59o5xvrrb,fc41cadc8705347,1024,0/0
/spttest/xrhasake2alf,3dac38dc8e20e023,1024,0/0
/spttest/29axqtv1kuff,420140f85f2a40b,1024,0/0
/spttest/lfjycsvs8m9s,2725f015a95c5ac0,1024,0/0
/spttest/w7z6cgryug03,3adb45b8ca0a5a83,1024,0/0
/spttest/8ttbp1vuvvm5,10202f1255f3bbcd,1024,0/0
/spttest/no4fte75ul8v,2b3c78c9ec0f880f,1024,0/0
/spttest/9x3fymmpl6lk,121e6ab65154c5a8,1024,0/0
/spttest/58he49m9wozh,99042c0202a977d,1024,0/0
/spttest/3v1q3mgv1g8v,70e2205bd39e77f,1024,0/0
/spttest/wx49cf9s0hug,3c21d6acf8c3aa58,1024,0/0
/spttest/ql3jrzsvmd9v,3090068a60b34bb3,1024,0/0
/spttest/24lbnx8qsmu9,3e2e12c5b9baca1,1024,0/0
/spttest/zjvnruoqjscq,40f0b7c57c1f704a,1024,0/0
/spttest/xrhyuqgaehj3,3dac769d471dfa3f,1024,0/0
/spttest/7two766fu623,e4dc703ceebe12b,1024,0/0
/spttest/7d9x6sbggq3o,d75bd80929b4424,1024,0/0
/spttest/mmqn1o10f42x,2956e3af39cc2669,1024,0/0
/spttest/l44bqhoz8rh0,26916ab316243014,1024,0/0
/spttest/xyhf2t2jj1f6,3e0730abd01e18f2,1024,0/0
/spttest/idghgiafvvkh,218fdd62a6d5a891,1024,0/0
/spttest/80yiig1l2r4r,ea95df510a24edb,1024,0/0
/spttest/7dwzv3o4ktlg,d7e10d61d0ea6d4,1024,0/0
/spttest/ncfamsssfws4,2aa48475b1e81fb4,1024,0/0
/spttest/enq8lf6u4p8m,1ac6d1ec92b13ec6,1024,0/0
/spttest/8ybz3lfmay8f,105adec6c6214dcf,1024,0/0
/spttest/zdy7p91q2y7m,40a3b4190bc1e7b2,1024,0/0
/spttest/2d550cd9w5uy,451f1844515a2aa,1024,0/0
/spttest/uem4vhf00u18,378a43789926040c,1024,0/0
/spttest/pp4zsfc0t3ud,2ef0e3c6d71858b5,1024,0/0
/spttest/srh0fbuwdr3g,348a0c117cac926c,1024,0/0
/spttest/j63uf85nfa04,2303fe4ea785cb64,1024,0/0
/spttest/388ciag4zz8a,5e5c4d1d2ad811a,1024,0/0
/spttest/hqek76mgqn9y,20646ac6e2714056,1024,0/0
/spttest/6zppgy048vwl,cc595ff623df785,1024,0/0
/spttest/x51yso0jvkyr,3c88eced538beee3,1024,0/0
/spttest/64ovpk7jdkfz,b329eadf7cb97bf,1024,0/0
/spttest/tpysxbwen3es,364a1a2ea45baf04,1024,0/0
/spttest/4rmu3cs34q1r,8b56836ff2fafdf,1024,0/0
/spttest/cq1mn68lwxrd,173dae0caad2e7e9,1024,0/0
/spttest/154j2s8md50t,21631f27fa790ad,1024,0/0
/spttest/3eqybt69xe77,63a6af94ab9d723,1024,0/0
/spttest/ul5b46yjh3h1,37df1e0605bf46d5,1024,0/0
/spttest/uasoznl3w714,3758ac4440c87298,1024,0/0
/spttest/loxi52eft41,119c53166142721,1024,0/0
/spttest/nvd2msib8vo9,2b9a831304050559,1024,0/0
/spttest/msta8i81s4rl,29a5c7763841e821,1024,0/0
/spttest/72yaqvryfqns,cefa74db2a952b8,1024,0/0
/spttest/7ddkspizft58,d770f2eb5db5c4c,1024,0/0
/spttest/i1tvlhzbiflw,20f8d35e54b9c684,1024,0/0
/spttest/4bz2fv5ahego,7e9fdf1a7589178,1024,0/0
/spttest/jqgunzfj6dpg,240c78da695009e4,1024,0/0
/spttest/su1qe36qco8h,34ab80918e45e7b1,1024,0/0
/spttest/7dt5o2n79uk4,d7cae41d6dc45f4,1024,0/0
/spttest/op3gzc1moyub,2d1cb9e89f43c063,1024,0/0
/spttest/9alshwwax1dt,10fa489983008f41,1024,0/0
/spttest/ypoywnr4fplc,3f68a00edec56f50,1024,0/0
/spttest/n98dhl10vzzw,2a7b0d6ffddcfbfc,1024,0/0
/spttest/3pfzxu9c0zi,302606479540fe,1024,0/0
/spttest/qknwnvbc10yt,308a61b5bb100325,1024,0/0
/spttest/jstrk661jasj,242b1c2f470d9663,1024,0/0
/spttest/527shcddicw,41bf02b4f48b30,1024,0/0
/spttest/gr67irosh59a,1e9ac750de6f60de,1024,0/0
/spttest/wyx60cfuy1z,1ac41d5b634a6e7,1024,0/0
/spttest/s7tyy7oi9ipt,338aefef68376901,1024,0/0
/spttest/lyawzrmqi71t,281979274c62d631,1024,0/0
/spttest/wujhi0xp3cea,3c005d5ac9efbe82,1024,0/0
/spttest/fzadpz5ejevt,1d30958240f24419,1024,0/0
/spttest/vaxqaezrmt0g,392e1aaed0a80360,1024,0/0
/spttest/eiypimph9h6j,1a88ee017ca1543b,1024,0/0
/spttest/prfpgxcqdz1a,2f0ebbdd08ce0c9e,1024,0/0
/spttest/glu8ryj2v47h,1e5583d58824750d,1024,0/0
/spttest/nd2nvlpm5d3a,2aacf2e97496bb86,1024,0/0
/spttest/8ka8891ibafl,fa463dea0c98f91,1024,0/0
/spttest/s6d0dxatlwcs,3377d41a9a1f8c0c,1024,0/0
/spttest/6gszvhpi19un,bcff9eb4ad50e1f,1024,0/0
/spttest/esxrg6s9ke1i,1b0a7b2990fc7d16,1024,0/0
/spttest/hsi6uid359i6,207fb4813cb3965e,1024,0/0
/spttest/4lcr5uzn8u80,863d579280e4e00,1024,0/0
/spttest/ojiy9r9qtlvu,2cd46040cd70220a,1024,0/0
/spttest/kz0e816v9hia,264f0d53213027e2,1024,0/0
/spttest/713dehvp8t1k,cd7817222a16a08,1024,0/0
/spttest/6e881yx0hok3,bae80a918c21a93,1024,0/0
/spttest/5am13gat0kuq,9abe9b121b6ce92,1024,0/0
/spttest/uyljmnjnz69d,388dd6184b8b9d71,1024,0/0
/spttest/14e8g83wfh3w,20cb51b766b905c,1024,0/0
/spttest/3tc2zusi8czj,6f7e4472945d5bf,1024,0/0
/spttest/owf8ww1h46cg,2d7be66c981f4e20,1024,0/0
/spttest/9mue5eufc9yo,1199422ebfd88470,1024,0/0
/spttest/941w2l9gjbqf,10a52add8e446627,1024,0/0
/spttest/339gc4shjbr7,5a538ba8056a343,1024,0/0
/spttest/xr09ytpo6wha,3da614804ce855ee,1024,0/0
/spttest/tc0r0j5w7ktr,3594f46bcc47e92f,1024,0/0
/spttest/tos5922gg3fx,363ab5f9151e2d6d,1024,0/0
/spttest/dgtibsvmdjbe,189975f6304fd50a,1024,0/0
/spttest/x18bpdycxrk5,3c57433b26786dc5,1024,0/0
/spttest/d44ue2g6by4t,17f4b0a031a0278d,1024,0/0
/spttest/xbcwlyyh08zt,3cdacee8c7990689,1024,0/0
/spttest/15qhs11w6tao,21e1eb75d6aadd0,1024,0/0
/spttest/ix4irv9fsrro,228f5579fc4a5e94,1024,0/0
/spttest/bhhu16hctir6,14fb0258e7b81432,1024,0/0
/spttest/fok8mhx8xptj,1ca5424a54b5bcf7,1024,0/0
/spttest/6285ji4ak8a0,b129b21ce6c20e8,1024,0/0
/spttest/huyq3lr7vcw4,209fa64ee8e21604,1024,0/0
/spttest/wnnsfoz0q7md,3ba6fe1680ee5515,1024,0/0
/spttest/o9usjh1h9swe,2c56c1670a681f8e,1024,0/0
/spttest/6gr3dks19teq,bcf4a2b40500e22,1024,0/0
/spttest/dwx7w5bgbbmx,196aa0c4cd757ba9,1024,0/0
/spttest/guc7c06oozz8,1ec3e8d03edabc24,1024,0/0
/spttest/3peurwevzor8,6c4ef4335e19f14,1024,0/0
/spttest/2h99vapx4q8q,487647c61e882da,1024,0/0
/spttest/wphsxslufngn,3bbecfae97577687,1024,0/0
/spttest/m9rsbvuujq3j,28ae7145b9d5d0df,1024,0/0
/spttest/umxlple8vj4,18df405815963a0,1024,0/0
/spttest/nqok28fs90q3,2b5db58f6c6ca3eb,1024,0/0
/spttest/r7jzzib7anvs,31b3b9ab27f0ea68,1024,0/0
/spttest/4bahs1z1tkse,7e12017ebca2b7e,1024,0/0
/spttest/agaaqh0ey3o4,1317afc1ed33a514,1024,0/0
/spttest/d0q9is77reo2,17c876279eb8a602,1024,0/0
/spttest/h8ostqu6qyl8,1f7e4df8f29d0f9c,1024,0/0
/spttest/d285eu60jnq1,17dbe77edafe36d9,1024,0/0
/spttest/tpvzpuaaemum,36491681123c3d2e,1024,0/0
/spttest/xll12dvt7ms2,3d5fa1db06dbd812,1024,0/0
/spttest/jq0v17ie357q,2406b3e7609f4326,1024,0/0
/spttest/mus7nszz3r1l,29bf5f00049c9aa9,1024,0/0
/spttest/919ehorl8ih7,1080e8eedf3d508b,1024,0/0
/spttest/le6ajwiqjyr1,271404f7cf6ad8ad,1024,0/0
/spttest/lglelel3t6ag,2733736012813c18,1024,0/0
/spttest/4ayt440ltdw0,7dce8c1e9696090,1024,0/0
/spttest/gffve7fivair,1e0264cd8e3f2503,1024,0/0
/spttest/1w8r8a8cwwl6,3766e452bc3b8fa,1024,0/0
/spttest/t31kc498ybcs,35205858116479fc,1024,0/0
/spttest/jp3sxgbrsr22,23fac65a44dcbefa,1024,0/0
/spttest/iit6icfmqlir,21d5645d0d25a173,1024,0/0
/spttest/78l1k1w88k26,d38ce7a56b8af8e,1024,0/0
/spttest/elp4ge2rm2jx,1aac706bb3a7d96d,1024,0/0
/spttest/maisz79dxkb3,28b830e07235060f,1024,0/0
/spttest/xz2y8p9b1fp3,3e0ef593007f44b7,1024,0/0
/spttest/4se4kl36h1mg,8bf410b153b2478,1024,0/0
/spttest/5lkw8nwa800r,a3a62b0aff6ec1b,1024,0/0
/spttest/h6xou14mxwju,1f678887c8dd190a,1024,0/0
/spttest/57virq502po2,9885e95917d8272,1024,0/0
/spttest/l9t11j4di2ba,26db46c0a0f60936,1024,0/0
/spttest/9za8a37afv4m,123ad8180711c156,1024,0/0
/spttest/1f8pdcyvrkfm,2999822d09ee732,1024,0/0
/spttest/mkg1ynky5cwt,29391764756ff29d,1024,0/0
/spttest/h7q6gdevoeky,1f71d00d4516a6d2,1024,0/0
/spttest/6y6e643qclwn,cb1a0bfabaaffe7,1024,0/0
/spttest/8bnom25nizh1,f34576208fbcf15,1024,0/0
/spttest/o0kpehp535oq,2bde365b6a9cf88a,1024,0/0
/spttest/b7mfk833qh9q,147ac67de49c28ee,1024,0/0
/spttest/kqj6po7rhnb5,25e0edbddf6ac741,1024,0/0
/spttest/3gmm2hxuzywj,652d48fa9e42d73,1024,0/0
/spttest/9xq3jqjnzbn2,12269754bd8228ae,1024,0/0
/spttest/rb23lbxm88ss,31e13951e114c88c,1024,0/0
/spttest/d8sn6leabdjv,18313bff51e62b5b,1024,0/0
/spttest/egp0qk9r3fjw,1a6b749951a9f07c,1024,0/0
/spttest/g24awcy62w20,1d555bd3bf1c5cc8,1024,0/0
/spttest/bila2h3sncoj,15093dda8578b7f3,1024,0/0
/spttest/5gza6d1qx3pm,9fea151a2ebdf0a,1024,0/0
/spttest/h6rcgc60dym7,1f653e8e3afa887f,1024,0/0
/spttest/jzpgwpqopjpg,24847c2de0228004,1024,0/0
/spttest/6ahhog8gwqx1,b7de3a462228045,1024,0/0
/spttest/xkjd1ei66fat,3d520a94ec4800f5,1024,0/0
/spttest/njxwo230z37t,2b06286c10f10709,1024,0/0
/spttest/74m1jo6h6sao,d0535cac4199dc0,1024,0/0
/spttest/7x8vqssv57o1,e7926903c4f6511,1024,0/0
/spttest/f3juwpv5a332,1b9458b4dbebbf1e,1024,0/0
/spttest/ima9hwpyzry2,2202860f5ed01e3a,1024,0/0
/spttest/iw7eu8yllvxx,2283633b24c191f5,1024,0/0
/spttest/f3uswa9uy3f8,1b984b983f0b87d4,1024,0/0
/spttest/gr6rwh2s3s9z,1e9afb9bbee0a5e7,1024,0/0
/spttest/60ogy5e9aiyy,afe83c72a92ef8a,1024,0/0
/spttest/9sneabdtz6sp,11e4ab7eab88ce29,1024,0/0
/spttest/i3pzt1gs4hcb,21116735a77e5ccb,1024,0/0
/spttest/4zrdouxtmcs,40dc2ad6bbcf6c,1024,0/0
/spttest/nossa9s39dwa,2b45419e6def919a,1024,0/0
/spttest/pasuny6cmw7t,2e36a89d98a99099,1024,0/0
/spttest/eb0bh3w081lg,1a2198a8b054aa14,1024,0/0
/spttest/20rxe9bh4om5,3b14e1d3fe8229d,1024,0/0
/spttest/y7z59pr1x1wi,3e827d71cf1a44e2,1024,0/0
/spttest/jadea4nametn,233b6599c961ba8b,1024,0/0
/spttest/p8da6a78lvoi,2e171000f4e137a2,1024,0/0
/spttest/r28og2kan0e2,316eb1b9ac9f9bba,1024,0/0
/spttest/ip34eiklu01v,2226ea2e895b00c3,1024,0/0
/spttest/dfrqs23o0g96,188bd5a7419a764a,1024,0/0
/spttest/m8b2g4xngjxj,289b6bb76736a3e7,1024,0/0
/spttest/2u4i1lf2qu4l,52e87f50d628905,1024,0/0
/spttest/y51sot709k1,1bb752e3885ab61,1024,0/0
/spttest/fh7kqzi090y6,1c45c3d0bd77a50e,1024,0/0
/spttest/1w43ardnr956,374bf6517a3620a,1024,0/0
/spttest/a8j72klr44bf,12b2fb9dfa831ddb,1024,0/0
/spttest/qbmhll4tul0k,3014f761b0e822e4,1024,0/0
/spttest/gg7bk8xl7yug,1e0c4c3a892b8528,1024,0/0
/spttest/6va31p80gglt,c8bfde9cf02a811,1024,0/0
/spttest/ark4byhecsoq,13aa1cd5b4a5ae3a,1024,0/0
/spttest/dlbwnw4lfuc6,18d40e664ea5cc56,1024,0/0
/spttest/m5zxdmgu34mb,287d6c24ee7ef823,1024,0/0
/spttest/i5i03slvdn6k,21287f8b26ac299c,1024,0/0
/spttest/nsuui0wm3to3,2b79f51102818ef3,1024,0/0
/spttest/fqxccxgg11rb,1cc3f72c11611f27,1024,0/0
/spttest/nvcif8kc3vvq,2b9a4f385f3b6026,1024,0/0
/spttest/3199nhnuoquk,58b2d1064fc07ec,1024,0/0
/spttest/hixnl1n02v1e,20036467aabc15a2,1024,0/0
/spttest/iimdzri8tef2,21d2f0fcdc4fee3e,1024,0/0
/spttest/kbri1xmjw2de,252116ef27d52f02,1024,0/0
/spttest/ru4y379mfd4r,32d90c2e6f54ba3b,1024,0/0
/spttest/vk4hteq0utas,39a572d52c4bb7d4,1024,0/0
/spttest/9gzfvc0w4xi8,114d24e58f1122a0,1024,0/0
/spttest/8zuj5wxss9a0,106e8e247f451df8,1024,0/0
/spttest/jb92y1j7kok8,2346d44ca7b5dc58,1024,0/0
/spttest/4cfv5oqdyfl2,7f00d84a7161866,1024,0/0
/spttest/yeeatq958x3m,3ed5e4c3916d2292,1024,0/0
/spttest/rzyf52ohh40y,3324a0e5579b9fa2,1024,0/0
/spttest/m7s44d9tcunk,289495033b70f730,1024,0/0
/spttest/49or520sxt2b,7cc4ac10a860d63,1024,0/0
/spttest/fvmy4ajpeay5,1d01293ca25eb3ed,1024,0/0
/spttest/n973bsu9f2hc,2a7a96ffcc921b50,1024,0/0
/spttest/920727llrk95,108a93cfe4fa3849,1024,0/0
/spttest/11nx4oeyyrvs,1e93bf910449ba8,1024,0/0
/spttest/nyp868f0sgh7,2bc5dd7a5bbdde6b,1024,0/0
/spttest/s956pij0ghdp,339bf9261d7347fd,1024,0/0
/spttest/i4go0o119lxw,211b06e802bc9c54,1024,0/0
/spttest/xrmzr35gbr2j,3dae46c2ec4091cb,1024,0/0
/spttest/1vngnrqmhs73,36ebf6ace8f96ff,1024,0/0
/spttest/7997ph1swmi4,d418718c63ec9ec,1024,0/0
/spttest/6glkvr0fqv1w,bcd4cdf812bfeb4,1024,0/0
/spttest/n62f47tlk60w,2a51efa2ff969480,1024,0/0
/spttest/yge2pq14fm4u,3eefca77312225ce,1024,0/0
/spttest/pmzizqb2p5zc,2ed4f05307d29888,1024,0/0
/spttest/pahgwwqd7zns,2e328d4855058548,1024,0/0
/spttest/663yuws4dbp5,b450d89dd357079,1024,0/0
/spttest/g6y6sf9d74r1,1d94195b90f0f4cd,1024,0/0
/spttest/cgpbqx89o1h1,16c4565d164f7675,1024,0/0
/spttest/61z8y71g4pf7,b0f648ff779fdb3,1024,0/0
/spttest/tii7knu8y5jp,35e930b5763b0095,1024,0/0
/spttest/cpndx5kmchb3,17388a836fcc189f,1024,0/0
/spttest/rdlnxpqx2a6n,3202430738add90f,1024,0/0
/spttest/w9ffnqxwc66w,3aee20c441064e58,1024,0/0
/spttest/27ao42unkix5,40600d56ae26bc9,1024,0/0
/spttest/6i5c2rb6w9hi,be16ae6ee98fa06,1024,0/0
/spttest/k8j9jo9juld5,24f72663ef49bea9,1024,0/0
/spttest/gmypghrzo60j,1e641d5d6ff69373,1024,0/0
/spttest/cej6mmwmg1cu,16a824819a2aa0de,1024,0/0
/spttest/97jkgaiqvkv0,10d283737d5afd5c,1024,0/0
/spttest/mc7uy684q5h3,28ce3865d5272237,1024,0/0
/spttest/ibv9gl7lyndj,217b37e002d2abd7,1024,0/0
/spttest/5wx7wyetpp4h,acdb6e35a41a071,1024,0/0
/spttest/sp924rzafad,174cfa3791d7ae5,1024,0/0
/spttest/e0gxz90rpnmk,1998b67794018edc,1024,0/0
/spttest/fktaeiy6akz0,1c7491241b5fb6ac,1024,0/0
/spttest/3o876v9caesq,6b58b48c92a296a,1024,0/0
/spttest/mcxsspx720h1,28d79473ae9b89e5,1024,0/0
/spttest/s6ifjjlig42z,3379c8d517ec2eab,1024,0/0
/spttest/5dtbkjh4vs33,9d582ea623c37ef,1024,0/0
/spttest/fvz6ourastpe,1d0593a5c1bffb62,1024,0/0
/spttest/7fx75m9nycg7,d981e0f53b34e87,1024,0/0
/spttest/67byzditp54r,b54ee0f370d3b3b,1024,0/0
/spttest/hf1kb7r0lkby,1fd0d873f98cd62e,1024,0/0
/spttest/672dfyiba80z,b51777ad9eb9a23,1024,0/0
/spttest/dzpy1ua4l5fi,198ef8b58d581abe,1024,0/0
/spttest/1r91tb4mc6uw,3359724937f03b8,1024,0/0
/spttest/hqhdikrxmgdc,20656ebbaecbc960,1024,0/0
/spttest/uqaxew8f5bs8,3822175bc04bd9e8,1024,0/0
/spttest/dp0tpul8tqfo,190403d16ad6c714,1024,0/0
/spttest/8qxda74bm5b9,ffaacd8e60d2f65,1024,0/0
/spttest/kj0ixxen68wm,257f455364d03196,1024,0/0
/spttest/x2txy0bifjcs,3c6c0d4857d6edbc,1024,0/0
/spttest/xdhhs0c38zf6,3cf6713522a6f852,1024,0/0
/spttest/zce9qryfsb1d,408f84b76e988de1,1024,0/0
/spttest/7n7czcpb5ewr,df6b57ccfc749bb,1024,0/0
/spttest/vjvsbrdrudlz,39a24e7bfcbf5f67,1024,0/0
/spttest/jajlnc0j1am3,233da2b638355efb,1024,0/0
/spttest/n5zjhsz6u6ew,2a50e5c3774aadf8,1024,0/0
/spttest/6rtpf8rc8rhy,c5f1d4ba4245536,1024,0/0
/spttest/4m4v7sz7hez6,86dfa2f8dacb912,1024,0/0
/spttest/mxp0f11iqnuz,29e52f145b53c14b,1024,0/0
/spttest/wq767n7be1s6,3bc7f6f1fdbe9786,1024,0/0
/spttest/220zjqlakcji,3c1903511279a7e,1024,0/0
/spttest/9mnqqs5k1jt2,1196dbead9f52286,1024,0/0
/spttest/gii6fie53jmp,1e2a31a0509a8321,1024,0/0
/spttest/tmekglbaaesx,361bd553f0e90f71,1024,0/0
/spttest/de6jqmse7b0v,18773299f81ed18f,1024,0/0
/spttest/42hfp9b62p5,34da8036155229,1024,0/0
/spttest/9hbhmpdc74rw,11517dd5090203ec,1024,0/0
/spttest/bh2m7q00qxtq,14f584c37e3c8dbe,1024,0/0
/spttest/1wp5w10u3qtw,37c59c67d939894,1024,0/0
/spttest/xrtcry5snada,3db0926330c4443e,1024,0/0
/spttest/nj5u4kl4zvpv,2afc079749d7c353,1024,0/0
/spttest/cvirfpee8jku,1784cee3d2e32b1e,1024,0/0
/spttest/rk0oraliwp7y,32559e334c936dae,1024,0/0
/spttest/3f9h137rw6tn,64119968465d18b,1024,0/0
/spttest/wq3kwqu4sqmm,3bc6ab2ea9e9d1ce,1024,0/0
/spttest/zhqxlp8140fo,40d508a2daae6c34,1024,0/0
/spttest/fk4a9v0c77k9,1c6b8b9a3d45de09,1024,0/0
/spttest/hoth6di5gw1v,204fd208357a0343,1024,0/0
/spttest/sj1ji8gzvryi,341c8d146101e24a,1024,0/0
/spttest/7tb8u7yhvc1,6580546c5376e1,1024,0/0
/spttest/e54nlpjqaou2,19d539b57b36f23a,1024,0/0
/spttest/lf4fhm02jmmx,272056275ffddb59,1024,0/0
/spttest/hto21cz1klkm,208ecfa15d11b736,1024,0/0
/spttest/h4oc833jzgho,1f4a2e5969eb4d3c,1024,0/0
/spttest/o68jrv86iccm,2c27c3098462a506,1024,0/0
/spttest/ij6e4uqx8ptv,21da28b721fb7dc3,1024,0/0
/spttest/1pdqk67o0hiw,31d4d9887b74cb8,1024,0/0
/spttest/7c7e8q2zhzka,d67d6e5b126b94a,1024,0/0
/spttest/s0x7s1y42cl0,33312ee5586b0834,1024,0/0
/spttest/c5wogt6fg2kk,16381bc0729c8804,1024,0/0
/spttest/qs3xad9gbzte,30eb16009c81ae12,1024,0/0
/spttest/b0m4w3dhnxo,8f1a9eb2caac6c,1024,0/0
/spttest/ka3ck7vs5fet,250b62bf8639c545,1024,0/0
/spttest/f1z4uro2cg4l,1b7fe13c4badaea5,1024,0/0
/spttest/6rwjsbdyp2to,c6023efee5b408c,1024,0/0
/spttest/l2vkcvhrmxy4,268144400e67245c,1024,0/0
/spttest/2m2ig66zfnwo,4c5e634b24461c8,1024,0/0
/spttest/dglxu3bzi58x,1896bace5c10aa11,1024,0/0
/spttest/aai6nku4qvfu,12cc98b196abddaa,1024,0/0
/spttest/546q7ds5oug3,95874af33355523,1024,0/0
/spttest/btz1147kzk9f,159d15a4e7ebe153,1024,0/0
/spttest/76k414m860c8,d1e7df1dbe9e738,1024,0/0
/spttest/x9z3vr1ytyof,3cc8d7279ca6cacf,1024,0/0
/spttest/e4iw2tb995m8,19cd5f5a595b89b0,1024,0/0
/spttest/kbl4a5ave5qz,251ec9639e40cb9b,1024,0/0
/spttest/gp67dt6412j0,1e80cc72f2242f0c,1024,0/0
/spttest/i2zjhcvtcc0e,2107dbc004bfe0ce,1024,0/0
/spttest/tv2nhwb76kvb,368c70028c506227,1024,0/0
/spttest/dtnqxheletqe,19403e2947d60b06,1024,0/0
/spttest/eq0lypa4wk6j,1ae48a6bf52a2a2b,1024,0/0
/spttest/payyxigbgwfi,2e38ddc5112f932e,1024,0/0
/spttest/fla72mrp9w8,ca84befa0ff158,1024,0/0
/spttest/e2rb8t1dn7yo,19b66eb302c62910,1024,0/0
/spttest/rrdx25enqfy6,32b55115aaf2123e,1024,0/0
/spttest/8reu29nyi9hw,1000fa291c132e94,1024,0/0
/spttest/3vkpwdcgt6x9,714fc808743584d,1024,0/0
/spttest/djdhhgzdaskw,18baa5ada3c18830,1024,0/0
/spttest/wx1o6aejoer7,3c20e79ed5656bb3,1024,0/0
/spttest/qhbl6424zu6d,305ef80815580f85,1024,0/0
/spttest/k1belbd4mkys,24996397deebdba4,1024,0/0
/spttest/qfnkh1y0sdm1,30495026aadf4be9,1024,0/0
/spttest/wmpgbge78sy8,3b9a9a79e6a06390,1024,0/0
/spttest/ycwzvtny0jb2,3ec2a92c397e0fbe,1024,0/0
/spttest/8a395dv1lar1,f1ffb160e42b6ad,1024,0/0
/spttest/7nzhq6vtvnu3,e00dbf96b31836b,1024,0/0
/spttest/iq44q17tmqr6,223444a0ae3779f2,1024,0/0
/spttest/nyqkfao8r8xh,2bc6594812782df5,1024,0/0
/spttest/pgv7srs7skcc,2e857297648a5cfc,1024,0/0
/spttest/1sil3nejn5l5,3460533620e9709,1024,0/0
/spttest/4mfwaytq0euz,871f50710c9d93b,1024,0/0
/spttest/ifpr46jhouws,21ad2ffe0901ef7c,1024,0/0
/spttest/v0zsafoxtfwk,38acf3fc298a86c4,1024,0/0
/spttest/tek2vvbtd5s1,35b5e86367145781,1024,0/0
/spttest/e7imm2qqr204,19f43ed68e07e4e4,1024,0/0
/spttest/7y86nr4uzff3,e85e3755b2916cf,1024,0/0
/spttest/i2qzv13dm3x1,2104c6768100a655,1024,0/0
/spttest/a6ncetd1ob2h,129a804733f99309,1024,0/0
/spttest/aouauh0s221,8adb26d6093d69,1024,0/0
/spttest/i8o9ofk7xayh,2151ba160d90dcb9,1024,0/0
/spttest/dkwajf0h0wmw,18ce6c1c19ef0638,1024,0/0
/spttest/q20zm2bbqgdz,2f984e3015ec6c77,1024,0/0
/spttest/pfhy3swhisjk,2e73abad04cc1200,1024,0/0
/spttest/dr67chrm29rf,191fef244b2ecfeb,1024,0/0
/spttest/k92nhi2vje9g,24fe2527363df5f4,1024,0/0
/spttest/x7dkxfac1z55,3ca718470baf8c29,1024,0/0
/spttest/pdvk09s36yr3,2e5e9a252773586f,1024,0/0
/spttest/w3motsig8c56,3aa2cf53a4f2877a,1024,0/0
/spttest/irzyx92z1tl2,224cbec9b4d36706,1024,0/0
/spttest/62ig82fu7q9e,b1652391bbe1ab2,1024,0/0
/spttest/pn3lrj9zgqhv,2ed668e91b0ca123,1024,0/0
/spttest/6x942ihj3kcs,ca59eaea83200cc,1024,0/0
/spttest/6yl7jvxoeev5,cb6f94b225d2ec1,1024,0/0
/spttest/u88qwbft3dr0,37377f4831b0f15c,1024,0/0
/spttest/xh4wvweniivq,3d25dc361e9b5f16,1024,0/0
/spttest/30xmuonpe0x9,586fa83595e712d,1024,0/0
/spttest/64jrbwjx2jb8,b30c59a127f7b44,1024,0/0
/spttest/yokx9vvu6i0a,3f5a2d23b2e38aaa,1024,0/0
/spttest/my67vqlxypvk,29eb647db8a64c80,1024,0/0
/spttest/x29212s8t4i2,3c648408054e140a,1024,0/0
/spttest/mnta1c3nih6r,2964d4aac88b8a83,1024,0/0
/spttest/y0cqw9hb9epk,3e1f7baa98af11b8,1024,0/0
/spttest/91jbdbsvhy7,75753d3550a49f,1024,0/0
/spttest/kal6opt9tjxi,2511d24d6918d726,1024,0/0
/spttest/ch50dqlb8aic,16c9ff179a442634,1024,0/0
/spttest/3nhyz0hgrtqy,6ac149fb88b835a,1024,0/0
/spttest/yj87qnzuxkyx,3f14a4ec28912269,1024,0/0
/spttest/rr7leis97l8w,32b308f7af2da050,1024,0/0
/spttest/d1wpgp21choo,17d7c686550d5d88,1024,0/0
/spttest/42sqbm7la81v,772cd54ecfe1843,1024,0/0
/spttest/r0it8k05ybcx,31585f30021cd301,1024,0/0
/spttest/ezu0b7bu1gz0,1b640d392955262c,1024,0/0
/spttest/tvg099ff7hgv,369141896d8d2f2f,1024,0/0
/spttest/w4sc41m4i7pm,3ab1d62b2031a38a,1024,0/0
/spttest/1dy7q3hz8b2x,288d1eba63a8119,1024,0/0
/spttest/ywm3aaqku1ua,3fc282fc534ac0d2,1024,0/0
/spttest/j64fsramflc6,23043527343e07c6,1024,0/0
/spttest/3efs9zau8fra,6366365e3d8b7c6,1024,0/0
/spttest/xuklb6i9w988,3dd460bd8d2947b8,1024,0/0
/spttest/rdr8ug2bv8ly,3204468495c5f056,1024,0/0
/spttest/shdhqa41xhtr,3406e26d49da297f,1024,0/0
/spttest/fp7n9g2jhmo6,1cadb451060d0806,1024,0/0
/spttest/wh44gyi04w8,1a5d50eaa2932c8,1024,0/0
/spttest/cgp9ifnvh2w3,16c450a089aad3e3,1024,0/0
/spttest/q0ekly3q89zw,2f833a55ac978a9c,1024,0/0
/spttest/trcs9upg0mq0,365c22ebc8a4a708,1024,0/0
/spttest/l3ivxz9vzdjd,2689ae72973fe249,1024,0/0
/spttest/jj67e7r0i9ko,23adb4aa124c3cf8,1024,0/0
/spttest/lv3gbtjuzq7n,27efd00bdd720973,1024,0/0
/spttest/7p9lc4pno5ju,e117e2caac8ed1a,1024,0/0
/spttest/rdr2ydjjakos,320437673e7ef63c,1024,0/0
/spttest/qqzcz4azasuz,30dc7327c00a1b9b,1024,0/0
/spttest/c98grlx2bovb,1663542f2707c8a7,1024,0/0
/spttest/9zr1qnee7m6r,1240e992e61b2213,1024,0/0
/spttest/ijihfsw1mr31,21de859ca7f2d39d,1024,0/0
/spttest/404kq065a3ij,7501b9c775dad4b,1024,0/0
/spttest/vb8dt1u8ggj2,3931f2b4dac147ae,1024,0/0
/spttest/mktb7m8ne40j,293ddfe9114ac2d3,1024,0/0
/spttest/m3itl1f1hi97,285d45a2d3c503ab,1024,0/0
/spttest/em6sixxemny3,1ab2d071067ba4bb,1024,0/0
/spttest/faqxgqmky3mz,1bf1d2a3ca1792eb,1024,0/0
/spttest/3ylov8yh8173,73c4dfea811710f,1024,0/0
/spttest/ttxsxg6vblb9,367db2d97029d7a5,1024,0/0
/spttest/36y5bavtt8vr,5d5196c03e64b37,1024,0/0
/spttest/9fk5fgjz91sd,113aa353be3d604d,1024,0/0
/spttest/qhru5nwenvny,3064d4fbc847fe0e,1024,0/0
/spttest/fve6jr1gxoby,1cfdff8cf9201d6e,1024,0/0
/spttest/wgwzskuruhnz,3b4f637bdd8827ef,1024,0/0
/spttest/cuoozgc10h40,1779f58d840567a0,1024,0/0
/spttest/td0hb9ck27jw,35a1d8c8d6e726bc,1024,0/0
/spttest/dnufywxtxobb,18f4b913b40bda57,1024,0/0
/spttest/nvhl9u7bh4au,2b9c245fbcfdb706,1024,0/0
/spttest/ctr6fdwppw6t,176dddc953c33835,1024,0/0
/spttest/4n7eusx2d5s0,87be29169170480,1024,0/0
/spttest/f6lmsvgm4cy,c53891287feb92,1024,0/0
/spttest/xc0bj4vnmc9b,3ce341a9de5d3a8f,1024,0/0
/spttest/myco4i5hptxu,29edb860b81b68d2,1024,0/0
/spttest/uyol5o4git8j,388eef1ee7a7c483,1024,0/0
/spttest/ogudyg90gftb,2cb188c7c575f80f,1024,0/0
/spttest/ps8ka7cok5hc,2f19253c02d110c0,1024,0/0
/spttest/ktuuz6vf4sz,10e8efeb7e1cd13,1024,0/0
/spttest/s4h81p7zc5x7,335f5eb7ebf6f7fb,1024,0/0
/spttest/zb6u7jwoqkq2,407fd90675f6736a,1024,0/0
/spttest/mxohibn6meub,29e4fe907da5a6a3,1024,0/0
/spttest/1z9uuuun8m8n,39dcbb6fc343197,1024,0/0
/spttest/iaa6394tduzl,21669e3cc7bbfb21,1024,0/0
/spttest/t3e6ki6g6i5j,3524e5ced3f8a967,1024,0/0
/spttest/q9dimtvtczg,1551aac25f0d9fc,1024,0/0
/spttest/e4ewtdyk151m,19cbefc61e443bca,1024,0/0
/spttest/7wz8wrdagpha,e75aca9368932fe,1024,0/0
/spttest/pecb2i0n3fsv,2e64a578d81689bf,1024,0/0
/spttest/lqsu09wc58gm,27b806111cb15616,1024,0/0
/spttest/15ipkbcskjcv,21b4fbf301f9aff,1024,0/0
/spttest/azqkk4skikfe,14145abbb9bcfbea,1024,0/0
/spttest/s8i2t9vydwa6,3393a2af2499f2ae,1024,0/0
/spttest/k116ezyiiqk,1042886a4e65d5c,1024,0/0
/spttest/71fntugq0byd,cdbf09dd898f685,1024,0/0
/spttest/ccrfqdvaef6j,1691244c4965ba5b,1024,0/0
/spttest/ojolu8l9jl6s,2cd66a912e8d0f04,1024,0/0
/spttest/oc8zjl6zgzb2,2c75db0a421b01be,1024,0/0
/spttest/h5vjcprvgx31,1f59c4796348667d,1024,0/0
/spttest/ldqqxhkr45r1,270e6918ce74111d,1024,0/0
/spttest/20cjpnjslfri,3abc17b5738bb0e,1024,0/0
/spttest/h2erhkmy3p59,1f2cbf50fa969c0d,1024,0/0
/spttest/d8r3o81gktcj,1830ad91e2610593,1024,0/0
/spttest/5w3gswwaa5f9,ac2faa5114903f5,1024,0/0
/spttest/36jx79sglbmz,5cff773f88b7e2b,1024,0/0
/spttest/87coxul3i0yw,efc6b25484b4c68,1024,0/0
/spttest/qtgt6dozd87j,30fcb97fb7e01dcf,1024,0/0
/spttest/8xn6rw12zlb4,1051ed432c0bfca0,1024,0/0
/spttest/wjmtpki71c9j,3b72aff65fda6357,1024,0/0
/spttest/hk1hr82uoyf4,2011c42e29a62a40,1024,0/0
/spttest/41nq3ab5g50z,76401a3db280e73,1024,0/0
/spttest/1lda630w1dw7,2e92e832195cc97,1024,0/0
/spttest/333nbj38pz3k,5a3206fc49d61f0,1024,0/0
/spttest/qh716t2bpczc,305d534adc0890f8,1024,0/0
/spttest/tvnp80rwyovx,3694082bb5531e7d,1024,0/0
/spttest/7jnd5sgv1myc,dc886cfb47be974,1024,0/0
/spttest/l09gv53c6qhq,265f50ac9741539e,1024,0/0
/spttest/89c4dq90pbvy,f1630e8cd76ac6e,1024,0/0
/spttest/rwejvk96wgft,32f67de96d82a539,1024,0/0
/spttest/qmpm0r5q5e26,30a4f9a78dc4146e,1024,0/0
/spttest/zl5oue0af6ju,41015375086578ea,1024,0/0
/spttest/n6ps50ws0jcv,2a5a5d84e239bdff,1024,0/0
/spttest/tx66y244tbnd,36a7b187a6969439,1024,0/0
/spttest/iey500rjmter,21a3394e55b37d63,1024,0/0
/spttest/pw6m1gvpj66h,2f4c6608a9c57b09,1024,0/0
/spttest/6gjxmsohgx71,bccb4da87cb5d0d,1024,0/0
/spttest/k75sihdg7md1,24e54ca4ab0a60f5,1024,0/0
/spttest/3pvho1lskmd4,6caefe4851dce38,1024,0/0
/spttest/gjwpftya1wg3,1e3c6ccfa73efc83,1024,0/0
/spttest/2llj7zl6rksv,4bfc5eda226cc0f,1024,0/0
/spttest/mtvifbf0rbg9,29b392777a9c7eb9,1024,0/0
/spttest/a5wnd97rr2zq,1290de72b4298ee6,1024,0/0
/spttest/93yh54aewvhq,10a3ef7444651d6e,1024,0/0
/spttest/fnydhgcbu89g,1c9d5ea890676054,1024,0/0
/spttest/8ltjm0jth80s,fb85953ddbe2bdc,1024,0/0
/spttest/us7qlbeliei6,383aeb43a9e336ee,1024,0/0
/spttest/ad9sbcnoc90q,12f088b9bb860caa,1024,0/0
/spttest/d49jsaor2jg5,17f66341e891c9f5,1024,0/0
/spttest/w5zphjcjnzba,3ac17c51d9bd2586,1024,0/0
/spttest/zdque11dwa6g,40a10b5d76bb5c88,1024,0/0
/spttest/irx95j137aj6,224bc3ee4f8f2812,1024,0/0
/spttest/cdnsdoc635i5,169cd087f936749d,1024,0/0
/spttest/gr5bvz57e8t0,1e9a7626eefaaf14,1024,0/0
/spttest/x3zqggd4h1ga,3c7b21898317f99a,1024,0/0
/spttest/ksytcxoyncjw,26008be251e8714c,1024,0/0
/spttest/m131naegha7,11e27d4becca17f,1024,0/0
/spttest/q6aeaeyb7pj,153fd8f8a8475c7,1024,0/0
/spttest/2139vrkbdlnt,3b56633bb8dd9e9,1024,0/0
/spttest/jwgzanbn7ka0,245a74459fb3d568,1024,0/0
/spttest/hw6pjixyfwf3,20af851474c0b7df,1024,0/0
/spttest/gg9i8s29bwxd,1e0d161bb5d22c71,1024,0/0
/spttest/5vz4jtuvg5ei,ac169bc2588c65a,1024,0/0
/spttest/cjf9nm423cya,16e7ad1580985652,1024,0/0
/spttest/847mtdf7o60v,ed3a0156687477f,1024,0/0
/spttest/sq1m85g97rmo,347780daf99dc0a0,1024,0/0
/spttest/it7ks33x0kqc,225c7ab3900a45f4,1024,0/0
/spttest/tzsml9o5kshn,36c9c44920f7223b,1024,0/0
/spttest/zos9k4dkurny,4130707a76c30f8e,1024,0/0
/spttest/bb8jyfuhpkmb,14a9b9a3bcfe8da3,1024,0/0
/spttest/oriurpjo1tj1,2d3c4152c4d1dfbd,1024,0/0
/spttest/py97us6wyv2o,2f675141294909d0,1024,0/0
/spttest/r6c36fvu007w,31a3e1a848b52b1c,1024,0/0
/spttest/6poy2ve2iyp9,c436b26b0a72a2d,1024,0/0
/spttest/gjzn50r0ykcb,1e3d7c0386b2277b,1024,0/0
/spttest/v42mahfncpvn,38d4f177faa2b103,1024,0/0
/spttest/rtfgrd8hpmmv,32cfda83777b9fd7,1024,0/0
/spttest/3sr23n3s4veh,6f04e3fbc342ff9,1024,0/0
/spttest/pgt8z5g3tm2a,2e84bce0178647f2,1024,0/0
/spttest/jctwg8ghqwah,235b54a0180196f9,1024,0/0
/spttest/xgwnwzhih7ad,3d22e240329ca525,1024,0/0
/spttest/ll8bdja16din,276fac9d111b02ef,1024,0/0
/spttest/4c0nawg8xb00,7ea8fd703b67df0,1024,0/0
/spttest/ozmae7kl4d0j,2da5689283650fe3,1024,0/0
/spttest/yomfryv301jf,3f5ab8fb08bea6cb,1024,0/0
/spttest/jfrbgv31itam,23815dd28844e1ce,1024,0/0
/spttest/2n8dre32hn2v,4d501a489505d17,1024,0/0
/spttest/shcm4y2i545e,3406915df6355e42,1024,0/0
/spttest/f74px6ujz8g4,1bc2d76a1a58e084,1024,0/0
/spttest/hbpiq0asdh7a,1fa5882fca7a1c56,1024,0/0
/spttest/z9wzrkm7at4l,406f4e57831630f5,1024,0/0
/spttest/je9cvcwpt79z,236de58942b88317,1024,0/0
/spttest/4g2rg4d0l4os,81f483d0bec9efc,1024,0/0
/spttest/6db50x0kkd2f,ba290bc73d12327,1024,0/0
/spttest/i4o6hypl5ozw,211dbce6a000a6cc,1024,0/0
/spttest/ha2sbu2w3hpu,1f90571baca08472,1024,0/0
/spttest/hhcskf8xmntn,1feee03320ddf31b,1024,0/0
/spttest/xg48blmdo8c6,3d189fedd6b99536,1024,0/0
/spttest/t9vwrrifhiwz,35793ad6114fe103,1024,0/0
/spttest/n3qrzpwilam2,2a33c1bd2daf4afa,1024,0/0
/spttest/wby0blomuumo,3b0eceec9b7a3c90,1024,0/0
/spttest/ppjlbj0mlde3,2ef6282ccfcefd0b,1024,0/0
/spttest/hvuekh3m81i3,20ab1481470c8b9b,1024,0/0
/spttest/30hqz7ui7wbb,5813f35194c5957,1024,0/0
/spttest/pq178392zbsw,2efc82a32cb65c80,1024,0/0
/spttest/om8sc2kqz8rn,2cf7ad1c724d6123,1024,0/0
/spttest/u6v2mt99t78l,372592fb5ae786e5,1024,0/0
/spttest/aloo0yuph7rw,135dd14cc054529c,1024,0/0
/spttest/lpdg3fqfaw64,27a57b9742bd885c,1024,0/0
/spttest/w0rarzu21y0,19fee427ad6f058,1024,0/0
/spttest/aggdc00qmqnv,1319e0a205228a7b,1024,0/0
/spttest/quk6w8meh2gl,310aef0eff338cb5,1024,0/0
/spttest/ivig6jv7fl52,227a6177b4e40bc6,1024,0/0
/spttest/wpceqh31z760,3bbcdd65e9132c08,1024,0/0
/spttest/dmee1c4ii6c8,18e1f0f82a3dd298,1024,0/0
/spttest/um9l7wpcyp2o,37eda6ad04d50370,1024,0/0
/spttest/veutma30s4yn,39610325e0a9141f,1024,0/0
/spttest/y1qh21oqb175,3e316cd5372624d1,1024,0/0
/spttest/9w25s1rttb8d,1210f6f5df26771d,1024,0/0
/spttest/3c9n5n3m2jga,61a3189742240fa,1024,0/0
/spttest/1i11wlcx44te,2bdcd1ed4c9b262,1024,0/0
/spttest/3xby2bkkdgmh,72bcca6d80f2969,1024,0/0
/spttest/9g3yu9uzhijz,1141c9c98cbdc32f,1024,0/0
/spttest/83bv7ncyn4lr,ec829d7f590b90f,1024,0/0
/spttest/tcn61k6dvapz,359d0b151c90cd07,1024,0/0
/spttest/k629lz37y0xy,24d709c7dfe6fc46,1024,0/0
/spttest/i4kcpvep2k3v,211c5b62e16ab34b,1024,0/0
/spttest/k8ib0jzn4yhv,24f6cdca83769aa3,1024,0/0
/spttest/3b21da0s07nk,60a75ccad86a2c0,1024,0/0
/spttest/2j9jk7h4xwsz,4a177dde420fc53,1024,0/0
/spttest/82x1a71kldp7,ec2cfe56b97609b,1024,0/0
/spttest/nrqz6zelilpi,2b6b9260f2ec1b66,1024,0/0
/spttest/8uiar1weg1tm,102931dabee88b3a,1024,0/0
/spttest/ifrcc8rn7q7h,21adc2d10e4dc36d,1024,0/0
/spttest/x8bahg78w3k0,3cb342005aa79e00,1024,0/0
/spttest/3uas7h0iongi,704697c58c6aec2,1024,0/0
/spttest/gar0nt00s9rt,1dc57815421cb079,1024,0/0
/spttest/c6mo265ehuuf,16417c485c3f9867,1024,0/0
/spttest/n2gpv35h2n0w,2a2323568f5ab610,1024,0/0
/spttest/7q36jyx94u1c,e1c2b4b300a1e10,1024,0/0
/spttest/9809uvtjjm81,10d88a8710b0ee41,1024,0/0
/spttest/ztd6oj7ksmq,1d1387ef8ec60f2,1024,0/0
/spttest/9cjqgf0t6y5w,111385236e481f74,1024,0/0
/spttest/g3cvvb0k8sgg,1d6571d60fe54610,1024,0/0
/spttest/ff3amh1a32a7,1c2a3dd9770cac4f,1024,0/0
/spttest/maf8lnou9il6,28b6e77db530b45a,1024,0/0
/spttest/3ye1hkfzg0e1,7398b6dcf6484f9,1024,0/0
/spttest/xnluhbqh2d22,3d79e7d773a3f79a,1024,0/0
/spttest/zme2jlqf6b4x,411156cfe6fea4e1,1024,0/0
/spttest/c5oby1x2oc82,163518adf5f249e2,1024,0/0
/spttest/wemxzlzxvvmm,3b31c8a855f0eede,1024,0/0
/spttest/rmckg4fg3m9k,3273e212cb707f78,1024,0/0
/spttest/qot1jei028uj,30c03116ac27c14b,1024,0/0
/spttest/s37mkbgx7i52,334eeb06f7520896,1024,0/0
/spttest/mc761na0g1ge,28cdf88030e0835e,1024,0/0
/spttest/5csgek7udvxw,9c835b17f59fcf4,1024,0/0
/spttest/zwxf0nt5r3w5,419a366194757575,1024,0/0
/spttest/bpcradswfauk,15611784bc6644ac,1024,0/0
/spttest/1zcda1k2g2uj,39eb3b7be2e146b,1024,0/0
/spttest/jpcxelk59jp1,23fe1126e3d090f5,1024,0/0
/spttest/s29uuhz9mzz7,3342bbc243d904a3,1024,0/0
/spttest/2dp88xd3h1gx,4593130cca268b1,1024,0/0
/spttest/3g0rl99ocqny,64af2a0326dbdfe,1024,0/0
/spttest/sw0xsoyz35y4,34c531b718a68bdc,1024,0/0
/spttest/hnxymamoln5c,204473005546b870,1024,0/0
/spttest/1krengfszmay,2e149e986b953aa,1024,0/0
/spttest/xihxylae50oe,3d378d034bca98ae,1024,0/0
/spttest/3sp1qydgctic,6ef949bb6b52464,1024,0/0
/spttest/sftbna3agb1p,33f29e325f1931ed,1024,0/0
/spttest/8sialkr7qfr5,100f36f362100541,1024,0/0
/spttest/m2trs6ynfr5b,28543bceec3ad62f,1024,0/0
/spttest/4058oxve35v1,750591d3c55fa6d,1024,0/0
/spttest/mvicfb7dryq1,29c8cccc42db0189,1024,0/0
/spttest/5g5pluxdu2x0,9f3f5dce43ddb44,1024,0/0
/spttest/mssoajlm6hyw,29a58f28e90c9a78,1024,0/0
/spttest/3xtvm7z93fbz,73245004623755f,1024,0/0
/spttest/nrw2f2y10dke,2b6d687e94998dae,1024,0/0
/spttest/owlmbbuhe2t3,2d7e330498295eb7,1024,0/0
/spttest/njfm00653j5a,2aff8e6beec480ae,1024,0/0
/spttest/gquszzph5in3,1e96aa018647929f,1024,0/0
/spttest/571mn4j8s8bz,97d9578e5b94d2f,1024,0/0
/spttest/yshpco6cwgqz,3f8cf8bbe23c00cb,1024,0/0
/spttest/c6pq5kt3c4r8,164296c3049c9a14,1024,0/0
/spttest/o3creslsmnoe,2c025055a255715e,1024,0/0
/spttest/6m5y52h1km4x,c15988a78789211,1024,0/0
/spttest/u4wdyhd5sbb2,370c11e45930313e,1024,0/0
/spttest/5mr2818jwkri,a4999819772541e,1024,0/0
/spttest/hrfrrd2zlv1l,2071d7ccf2d16b69,1024,0/0
/spttest/2x3psq81f81x,5553740e7053785,1024,0/0
/spttest/vnrcjcawqfvt,39d4a986aaccdae9,1024,0/0
/spttest/kbljx6kd586u,251ef18484fd55b6,1024,0/0
/spttest/6dlve948g3sz,ba6701457451f43,1024,0/0
/spttest/isxeq1zalou3,2258cf7ac0f7b6fb,1024,0/0
/spttest/fwlxsov2qcmi,1d0dc94c654d606a,1024,0/0
/spttest/w7iojxqnx5w6,3ad5522da6498b16,1024,0/0
/spttest/sw2ebbg4yhgb,34c5b876a1c1c0db,1024,0/0
/spttest/j9tx55trqj2m,23345ea1bb23020e,1024,0/0
/spttest/u4zsjc7x9xoq,370d4c677acacfca,1024,0/0
/spttest/35kr2ot77jy5,5c346d7db9e5bbd,1024,0/0
/spttest/ohlpp24x6tq6,2cbb64d7ca4c8cfe,1024,0/0
/spttest/oz4lo014g4p6,2d9f06dd88f7a3ca,1024,0/0
/spttest/mojh6ea9tosh,296e489006ab93c1,1024,0/0
/spttest/qo2itshcy3wz,30b69f81377db853,1024,0/0
/spttest/tsb6s7anyxh7,36688cab8a0b2cfb,1024,0/0
/spttest/nxp2o2kw5672,2bb8d2190d76be9e,1024,0/0
/spttest/gxu1cllqzn9l,1ef14fdc16037e89,1024,0/0
/spttest/6jghqdimabn5,bf26eb8bba20771,1024,0/0
/spttest/a8nzacy6l7f2,12b4b57caff4e6ce,1024,0/0
/spttest/ovsxjyrlqg0i,2d73d92d979c3492,1024,0/0
/spttest/vfkt0incvnt5,396a632bd67af249,1024,0/0
/spttest/i542bz150xu1,2123781a45a96449,1024,0/0
/spttest/2ne8hzc4ju3j,4d71e5a4485c31f,1024,0/0
/spttest/ts7xw6pcbhtf,366760c1d7f51ef3,1024,0/0
/spttest/sqcs09rifwoh,347b87bd364b8131,1024,0/0
/spttest/12obez64tx94,1f65de276ed5998,1024,0/0
/spttest/jy0a2391owox,246e682396fed081,1024,0/0
/spttest/iizt1g2v1jtq,21d7c861af09219e,1024,0/0
/spttest/6pdfag2namne,c3f42e3f1dcd02a,1024,0/0
/spttest/a67lom2vyzit,1294d22d36db0f55,1024,0/0
/spttest/jqxvlkfbszi4,24129d81bf49a9bc,1024,0/0
/spttest/mqyoqqzcn3p2,298dc002c1628a76,1024,0/0
/spttest/5b4wvidao72c,9b2b9dbfbe4b7c4,1024,0/0
/spttest/gglxh7h3g62l,1e11919d56edf9bd,1024,0/0
/spttest/5fvyvu65nm1j,9f071fbd4ac6c57,1024,0/0
/spttest/fjfa9a725361,1c62865af04e3d49,1024,0/0
/spttest/dud75hs2idwm,19496cfda3ec98e6,1024,0/0
/spttest/chwnjuhqvo1x,16d3f87baf3f6985,1024,0/0
/spttest/w06ghr50yuih,3a75fc47c8eef2f9,1024,0/0
/spttest/jp47bgf3tuae,23faeb4586967d96,1024,0/0
/spttest/1q002lx0561,165ed611336f29,1024,0/0
/spttest/tgphisl5ibj2,35d1d64c3ad7e3de,1024,0/0
/spttest/vc6k8blue5s8,393e47b5b74e16c8,1024,0/0
/spttest/u459ousy9u92,370249000c4f3366,1024,0/0
/spttest/kiw5nudf0ue2,257db1c7639bfcda,1024,0/0
/spttest/wjl60cr13wdf,3b7216c8b20a73a3,1024,0/0
/spttest/wryhvnyd3ezh,3bded01487b6939d,1024,0/0
/spttest/92jncs6nt817,1091989d5e35dceb,1024,0/0
/spttest/qmb38dp1rb33,309fbc4af01be5df,1024,0/0
/spttest/kq0t5l1xuvu1,25da4c5390fef1a9,1024,0/0
/spttest/amq1xr1dvmu0,136b4e9dd1944658,1024,0/0
/spttest/rhu3f532aykm,323942bad5970b86,1024,0/0
/spttest/s4ajmyn4ha3h,335cf5e1364c2d5d,1024,0/0
/spttest/u5t2taq4ni69,3717dd736b35c7c1,1024,0/0
/spttest/840fs1undum0,ed1077383939b38,1024,0/0
/spttest/bnkcv32q0pns,1549daf08f0313e8,1024,0/0
/spttest/migd2j8mjmu,1246c42b216a0e6,1024,0/0
/spttest/glh4gt6ztk6s,1e50c7fd4076b674,1024,0/0
/spttest/ugj15yztwov,18ba46d41aca5bf,1024,0/0
/spttest/6rb7w2npwgao,c5871aeba45af80,1024,0/0
/spttest/fqprb8af07l9,1cc13a9784cf3d6d,1024,0/0
/spttest/9cgdikhxz4jx,11124ed4f4c666cd,1024,0/0
/spttest/r3jjpmp7h4oe,317f9ae294683cee,1024,0/0
/spttest/z1mg5mr1b64u,4003964abb2b80ce,1024,0/0
/spttest/fdz4yb41q3ax,1c1bc0918fd0f439,1024,0/0
/spttest/ankvhtd6wqvs,13766d8065917a18,1024,0/0
/spttest/mnykpwyjnk5f,2966bdeb01e3c0c3,1024,0/0
/spttest/nuntuzml89pb,2b91675c44cde01f,1024,0/0
/spttest/y7bflh5a1hcd,3e79ef1a523cdc0d,1024,0/0
/spttest/7omeoc62hdjh,e09209d4b9038cd,1024,0/0
/spttest/uunbfa5n403m,385a84c0b638e482,1024,0/0
/spttest/e2ofr119y26v,19b5652809985c97,1024,0/0
/spttest/tnvxx7jcd203,362f17626103b363,1024,0/0
/spttest/w21gqzzqjslt,3a8e299c93d28d91,1024,0/0
/spttest/kgy7a4nv7sew,25647427f13e8698,1024,0/0
/spttest/3a4sg5rw0cxm,5fe76c2c82efd7a,1024,0/0
/spttest/49zr4vh2mjk9,7d042cab17b2289,1024,0/0
/spttest/414s6tctj66c,75d2c06cbcae304,1024,0/0
/spttest/4ulfh3fmb35,3eff0effe30ca1,1024,0/0
/spttest/14zqak361h0,eca67f7f21ff4,1024,0/0
/spttest/vwtqatnbpyfk,3a4a6ce310d27190,1024,0/0
/spttest/wh15gq0iiz8r,3b50e381a89f74eb,1024,0/0
/spttest/1il3td71683e,2c509630a509b7a,1024,0/0
/spttest/wd8e84xl7eek,3b1f8b89937addac,1024,0/0
/spttest/cm8veah4jp2i,170c560f2bb68daa,1024,0/0
/spttest/35j6nbib8b4v,5c2b610586ecd5f,1024,0/0
/spttest/1lkpb4srxcca,2ebdbefc2f7a7ba,1024,0/0
/spttest/qbefbz5n2g6v,30120e9e7ff75977,1024,0/0
/spttest/ilv1tyeja13r,21fd08de645d6f17,1024,0/0
/spttest/karqcuy3855j,25142efb80b15717,1024,0/0
/spttest/eg8sar33qfod,1a65990dcbc0d0dd,1024,0/0
/spttest/uqzh5rk3rvu9,382af2dc78507cf1,1024,0/0
/spttest/d9cczl1aqonv,183859346948fd5b,1024,0/0
/spttest/n218k0y9fo76,2a1d8d6865e49942,1024,0/0
/spttest/5gx197irn783,9fdd1b176d2b753,1024,0/0
/spttest/xgee2udopzc1,3d1c4a61d03a4b21,1024,0/0
/spttest/ic9xkvlrk2x0,218082ea38d6aac4,1024,0/0
/spttest/7e1qtrmif9xp,d7fc77d8bd43a0d,1024,0/0
/spttest/rajs9ykg7rzi,31da9da84b0cc96e,1024,0/0
/spttest/tls6a7u728pk,3613c0d9ecc22798,1024,0/0
/spttest/40mh7audwhx,342eb343e6dbc5,1024,0/0
/spttest/5tqsw4pjkd88,aa46e5ce5a7b6f8,1024,0/0
/spttest/osmi9jf9w29v,2d4a8ff7f5758883,1024,0/0
/spttest/cm1tl5tx39wl,1709cad6f6ac39e5,1024,0/0
/spttest/oyia20fvgqgx,2d96f8f926248501,1024,0/0
/spttest/dzya8ua3m4b0,1991faf1857eea4c,1024,0/0
/spttest/xs2xw2m49xmh,3db407e084a6ce79,1024,0/0
/spttest/jqx7d4maiyo2,24125f5397686202,1024,0/0
/spttest/m4midye11pll,286b97a320a330d9,1024,0/0
/spttest/fuwuz17asdrl,1cf7bf97202ecab1,1024,0/0
/spttest/8apt7ku3zibc,f281ea8d7076278,1024,0/0
/spttest/uaz44rrx8nn4,375afd53d652e6b0,1024,0/0
/spttest/7bowpd3yddtt,d612b454b98e541,1024,0/0
/spttest/vddrc5jcgve2,394dddc71f1f0aea,1024,0/0
/spttest/j4kibpsh6xiq,22f00703aa39e032,1024,0/0
/spttest/blh6zcjem3dn,152ebc3b0942349b,1024,0/0
/spttest/44cvnjyqlgh8,7870fa2102858ac,1024,0/0
/spttest/qi774hn6uxzr,306a5fc759209997,1024,0/0
/spttest/zcydu0pv9lj1,4096c6935fdbd83d,1024,0/0
/spttest/kv2ugfyff5s,10effda369c7880,1024,0/0
/spttest/fw843fsj1ju2,1d08cc4dc382adaa,1024,0/0
/spttest/hny4m3pjim2v,20448261dee0e747,1024,0/0
/spttest/a8jozp06wik8,12b329989b803bf8,1024,0/0
/spttest/wnkcm17zwk1n,3ba5c061ebf73c7b,1024,0/0
/spttest/6qr7trwrwil7,c513a276326911b,1024,0/0
/spttest/x65tm7m4cga3,3c974e5e23bd696b,1024,0/0
/spttest/wru4le1z38jf,3bdd3c850bb814fb,1024,0/0
/spttest/fq2tloe1usl7,1cb8f3ff9ace453b,1024,0/0
/spttest/c5783htzm7ql,162eec8b4cb437ad,1024,0/0
/spttest/70g78klyoous,ccf2528c9cea9d4,1024,0/0
/spttest/suzvv7wam8l7,34b7d3238132cefb,1024,0/0
/spttest/ereg8nxgg8wk,1af686262fe93514,1024,0/0
/spttest/xel9msg3aofo,3d04cb09fc5afd34,1024,0/0
/spttest/gsp6xu886xwi,1eae9e13da7b3922,1024,0/0
/spttest/9lkpg3xtctzg,1188c63abfb9b3cc,1024,0/0
/spttest/1ohqg4ira3sz,311c1860c38f4c3,1024,0/0
/spttest/8496jkmwz574,ed42f11b00d3d10,1024,0/0
/spttest/j0xjiq0wroh2,22c0c5d6f686f4a6,1024,0/0
/spttest/e8d6r43yxrav,19ff458f65165677,1024,0/0
/spttest/mjk4w0u2xrhr,292d931e51b6836f,1024,0/0
/spttest/ezoe9mojqp8q,1b6206d29a52f54a,1024,0/0
/spttest/p3pdwc05cp05,2dda7bb16786ee95,1024,0/0
/spttest/eznnkunhb5vs,1b61c258a4243f88,1024,0/0
/spttest/bp747atlf2ar,155f0e71cc83e263,1024,0/0
/spttest/npfb5640cm82,2b4d621b427c2b82,1024,0/0
/spttest/bscptcfzs0yn,15880b82334f92df,1024,0/0
/spttest/vahkbbxt42o1,392845762573b781,1024,0/0
/spttest/cingqnhmp0y7,16dda4f342b37b0f,1024,0/0
/spttest/257fll8hjxcs,3eadb5f1619909c,1024,0/0
/spttest/cuerv4ru79fj,177661427eee557f,1024,0/0
/spttest/s4c64yehciya,335d8bfa4780b3f2,1024,0/0
/spttest/qtccu17ze7b5,30fb1e17ea9c2b81,1024,0/0
/spttest/oz058zt7l6gt,2d9d6b4534cd3efd,1024,0/0
/spttest/cbteklxbdxo1,1684dcccdf6e4ab1,1024,0/0
/spttest/xhgfqn8p7vr5,3d2a04a331776581,1024,0/0
/spttest/xp730cw77eiw,3d8e8eb6d390ec48,1024,0/0
/spttest/fip5tlh5uhot,1c591966575d4e0d,1024,0/0
/spttest/vkp238cmlogk,39acde369e1c3514,1024,0/0
/spttest/4onrpiwchapu,88ec6b2144ebc82,1024,0/0
/spttest/re3knkdrnzpq,3208b93c62a4638e,1024,0/0
/spttest/6l4jqogwjauw,c0819f82b9b1db8,1024,0/0
/spttest/241lj980iouz,3dbc3223551be5b,1024,0/0
/spttest/gl3sf4gnohd5,1e4bf84adee324e9,1024,0/0
/spttest/jvot3nm74vcc,24504a11723326ac,1024,0/0
/spttest/vxlur5pojcy,19ecb2f1cb29502,1024,0/0
/spttest/jirw5bh0nvr1,23a88aa6b7aed47d,1024,0/0
/spttest/btiswnp5vaq,9988bf58f0a2b2,1024,0/0
/spttest/gr3p4m2lcs2f,1e99df62e8b1f617,1024,0/0
/spttest/iblc9e630qv8,2177a3608b606304,1024,0/0
/spttest/j9rylqbeh4lj,2333a9a45878eb87,1024,0/0
/spttest/n8fni10jvn80,2a70b072ab900a50,1024,0/0
/spttest/k3nn6rwo6qke,24b7c894d35f93fe,1024,0/0
/spttest/aikud83sfkqa,133578532ef85eb2,1024,0/0
/spttest/rb777h9stbnb,31e3106fdc491037,1024,0/0
/spttest/1byi9cp2zuv6,26ef26ff075cd02,1024,0/0
/spttest/466dl2dlpfqg,79eb193594504e8,1024,0/0
/spttest/mecndsuafupa,28e9ed570c40cb2e,1024,0/0
/spttest/f5nnh10ow361,1bafb19d39224009,1024,0/0
/spttest/bwd015zon3p9,15bc1ac031c9867d,1024,0/0
/spttest/lz90ciixovd9,2825c64794cd1dcd,1024,0/0
/spttest/a1xwxtioowkf,125d5e58d9f76adf,1024,0/0
/spttest/681ytad520yh,b5e4f3329c5ca59,1024,0/0
/spttest/y8po1faqxovc,3e8c0f2d8b68ee28,1024,0/0
/spttest/lfsu3o74xwum,2729247c24fb648e,1024,0/0
/spttest/iv6f18hzmuy4,22760a1aa2c3ed2c,1024,0/0
/spttest/qz22h30gehr4,3145575edc1dd160,1024,0/0
/spttest/r7dt5qxq7hvg,31b17df17eaeb43c,1024,0/0
/spttest/sujw0jxwjnp4,34b20da0840b72b8,1024,0/0
/spttest/sayrrz0chhhr,33b3a3242c12eecf,1024,0/0
/spttest/jvzoq87slo0w,245436e60e5684e0,1024,0/0
/spttest/qamxe4vzmdja,300822a578078d06,1024,0/0
/spttest/pmzrvaffkgwc,2ed507199165fd8c,1024,0/0
/spttest/apz6n4d4oxh4,139591c5acc89778,1024,0/0
/spttest/kbh6igo9bz5q,251d5da3f29a0fbe,1024,0/0
/spttest/u29zmoa120fy,36ea0283beef77be,1024,0/0
/spttest/8ckg40s1rckj,f4029b91a300963,1024,0/0
/spttest/zy6c7vk3d92k,41aa6bc4db65d22c,1024,0/0
/spttest/b0d03b0g6i31,141c72b01903210d,1024,0/0
/spttest/ip777qcxnfaf,222862de5dec7e27,1024,0/0
/spttest/d7lyp8ey0rtv,1821d5b70acfa6e3,1024,0/0
/spttest/k6lzt37tbdn,1062bc7130cc1db,1024,0/0
/spttest/dcbnsgrr6z5c,185f1052adab3e70,1024,0/0
/spttest/rpti7xp5ayt2,32a0f6637f4cc7b6,1024,0/0
/spttest/9zlek81bfwex,123ee042f30760d9,1024,0/0
/spttest/104syn731p10,1d55906c12383f4,1024,0/0
/spttest/rajx4q670262,31daaa1d03a0e9fa,1024,0/0
/spttest/azspy1ge9riy,1415214a3754919a,1024,0/0
/spttest/cwf9qw9dzc3z,179089a7c7af990f,1024,0/0
/spttest/c0c292m2k1jp,15efb91ac00bfed5,1024,0/0
/spttest/fcmas7bnncy1,1c0a217bfaad9449,1024,0/0
/spttest/29gvg0lajgeo,422385e2bd097d0,1024,0/0
/spttest/7wa3gv0lbpbr,e6c997e2d1479f7,1024,0/0
/spttest/wfb5jjn52ntl,3b3a84e06bd4b619,1024,0/0
/spttest/nxmizufepgt5,2bb7e6e282c92b59,1024,0/0
/spttest/stacq1iwkmz3,34a19f8e98b7e94f,1024,0/0
/spttest/o103v6u2sb67,2be3c4fde89dc18f,1024,0/0
/spttest/7tsr2fmiahux,e4c5ce6cf6852e9,1024,0/0
/spttest/1bz7v5atorjg,26f34229d4b566c,1024,0/0
/spttest/e98w6aklsga3,1a0ab633bf3f666b,1024,0/0
/spttest/f535ievn0h1s,1ba84c29f4dc0950,1024,0/0
/spttest/tooyu9cv6k1h,3639906b3ce3e9f5,1024,0/0
/spttest/q033a0p8njzt,2f7f15d0c75550f9,1024,0/0
/spttest/xcddd8uc9zt6,3ce7f72998bca18a,1024,0/0
/spttest/1k3wfbk2vfwt,2d8ceadbda5e44d,1024,0/0
/spttest/fojm0bvvfri9,1ca508435e974401,1024,0/0
/spttest/c92wwc3wkj6c,1661535d3dc76a14,1024,0/0
/spttest/fncrim8dpdq6,1c95928f9ffb3ebe,1024,0/0
/spttest/jaicvsn4bx71,233d2fdac6173ccd,1024,0/0
/spttest/fl5y16sxind6,1c7922302e0397ca,1024,0/0
/spttest/19d1nakhww9q,24d3990e3334c5e,1024,0/0
/spttest/t5u4bftdq8c1,3544a06f816f1db1,1024,0/0
/spttest/5m4rj2u0x5vk,a418df7e93eb400,1024,0/0
/spttest/amdoqls7664,89f7c97ac4cafc,1024,0/0
/spttest/imvngdblb1py,220a3d9abc71ee76,1024,0/0
/spttest/vli3vbe8580u,39b75975b5c027de,1024,0/0
/spttest/kgfwfbpn3tv4,255dd9aca1e1a4f0,1024,0/0
/spttest/fildorn4bhbn,1c57bc1be2711c73,1024,0/0
/spttest/nzoth5d6ripg,2bd2b5069fb24174,1024,0/0
/spttest/wcggq5z9gyq5,3b1577a4a574f8cd,1024,0/0
/spttest/ug03k4eneh56,379c4a81f768fd4a,1024,0/0
/spttest/g632bmu6wf1l,1d88de7b7f163229,1024,0/0
/spttest/1vd62kgdimxu,36b0890d93871a2,1024,0/0
/spttest/3j3bl43k32v5,672d6701a313141,1024,0/0
/spttest/7h0z8pebqd4r,da6787bb9ef37fb,1024,0/0
/spttest/q5h60o8kggjs,2fc51c492b84ebc8,1024,0/0
/spttest/u5x8uyjhs39q,37195e6fdc297c8e,1024,0/0
/spttest/afhknuhnoebq,130d528c98e75986,1024,0/0
/spttest/mu9ajhuhjgtm,29b88b64c63d94ea,1024,0/0
/spttest/co3uztwnhxf4,172481b36e404a70,1024,0/0
/spttest/thmp6foxdq9j,35ddd21862ff5737,1024,0/0
/spttest/f7moof7jdlp5,1bc952da26930e19,1024,0/0
/spttest/3llnk49ixre6,6936e4c56895eee,1024,0/0
/spttest/y7ykvk5nwqhu,3e82491eb80cf922,1024,0/0
/spttest/unjl4yi88esu,37fe3f679e7cacee,1024,0/0
/spttest/n124vxclg7ao,2a10e31ab40c3df0,1024,0/0
/spttest/j3b9um8f3pt9,22dfb4b2ce94146d,1024,0/0
/spttest/1pl5m13xwxd1,31ffacaf016ade5,1024,0/0
/spttest/w568u5x7mnu,1a18614c7e8437a,1024,0/0
/spttest/8dvoqh8e5do7,f51352843c65277,1024,0/0
/spttest/8ngdnhk01md7,fcd93c39ebac77b,1024,0/0
/spttest/6rfo9ml6tmjs,c5a0d2c8dfdf168,1024,0/0
/spttest/t980k94l538a,35709bb9e98cf49a,1024,0/0
/spttest/k5weamp2h5j2,24d4eb9779d15c3e,1024,0/0
/spttest/taxhtart6u1l,3586ca73b9b44699,1024,0/0
/spttest/wc6as0sxd76i,3b11ccb2c4b2169a,1024,0/0
/spttest/upqurssn6zr8,381ad93746e8e184,1024,0/0
/spttest/7rfu3pvjtre7,e2db963d1234eef,1024,0/0
/spttest/3xivw9fwxvhq,72e4daa801269ae,1024,0/0
/spttest/m8wm0nsfj0y6,28a331a984b85a8e,1024,0/0
/spttest/whfvhnhxi2va,3b56337045973406,1024,0/0
/spttest/e22l991hhf8,b698fa3032a774,1024,0/0
/spttest/gzgvyax2g4lr,1f068bbcf678014f,1024,0/0
/spttest/gwsz4wlszmaw,1ee3f08e05c46ba8,1024,0/0
/spttest/1lam0g71hvq0,2e837cb9cdfd7d8,1024,0/0
/spttest/7c6piwmt8se,5f526e116687be,1024,0/0
/spttest/mys5aqymlvk7,29f34df700b85107,1024,0/0
/spttest/e5f8fcskirl4,19d90ad1e6e66028,1024,0/0
/spttest/wtsfsoy8zbdn,3bf69b0a7137745b,1024,0/0
/spttest/83o6xi081q3t,ecc9c541ef9a269,1024,0/0
/spttest/ymwynvf4y3e3,3f448a9b89ab15ab,1024,0/0
/spttest/83wksu4z8gks,ecfa2dcf96878ec,1024,0/0
/spttest/6t4ya6d6s1i,5872ed0a64f876,1024,0/0
/spttest/wr1v52hpgo94,3bd309f42059dbc8,1024,0/0
/spttest/7vp81oug4vwh,e651181e5c08281,1024,0/0
/spttest/ju6tljz0hc3h,243ccf756f6f337d,1024,0/0
/spttest/ih8h8ql2l5nj,21c0eee99f4c65df,1024,0/0
/spttest/sc6kpkwoczcz,33c3713688125603,1024,0/0
/spttest/1ca68f11g14c,273280006d19eac,1024,0/0
/spttest/kf4oweo5ltmy,254cd10ee2e1ee4a,1024,0/0
/spttest/6haec3o3onqk,bd64148b70c012c,1024,0/0
/spttest/83itl8bgiued,ecaac41fb954665,1024,0/0
/spttest/c8cjjh5ejphk,1657cf84a6abd9c8,1024,0/0
/spttest/s2x9nxutgd95,334b2e3f6ab7ec19,1024,0/0
/spttest/zptyvooolcz3,413e0b1278ceecef,1024,0/0
/spttest/b5kwaw6l28ra,14603e31f54c25d6,1024,0/0
/spttest/4j7ti4sw55gg,848131ff6477ae0,1024,0/0
/spttest/pt4bpjzdtu9u,2f249b052bd44782,1024,0/0
/spttest/3mepi1wr4i2l,69de9f62adc3f7d,1024,0/0
/spttest/86mfyt1bi7x,6a4dd939fa45fd,1024,0/0
/spttest/8jif8g24akbj,f9a5b88820d515f,1024,0/0
/spttest/lxqo7fwdg28l,28122b3e5902cc55,1024,0/0
/spttest/6jl908vpyno7,bf4262c9f38c157,1024,0/0
/spttest/lyhfd1uq3xi9,281bd27e6d57ae61,1024,0/0
/spttest/em4d4k5vyflc,1ab1f031755b7670,1024,0/0
/spttest/nb8h5kwwna6t,2a95115bcbbeb355,1024,0/0
/spttest/h27ayq0weshw,1f2a0e57b310c7c4,1024,0/0
/spttest/tmz2c0bmjxb7,36233a8cdb601163,1024,0/0
/spttest/fgjyjpjsde36,1c3d3e614486a092,1024,0/0
/spttest/pk75zdapxse4,2eb0ba1e7f7abefc,1024,0/0
/spttest/20z2daeslqt7,3b3e173a6ffeefb,1024,0/0
/spttest/7tpfakbp5fue,e4b299641a86476,1024,0/0
/spttest/66qggdhaq157,b4d2ac9b887864b,1024,0/0
/spttest/sinicng9n4y4,34177cf5e024d1cc,1024,0/0
/spttest/28cwmm1a5e9,1cfe9303ea52d1,1024,0/0
/spttest/5mvnjrufjo52,a4b41b2842617f6,1024,0/0
/spttest/1a83f5ckbbxk,2586d8854cc6528,1024,0/0
/spttest/uirkpsmsccm0,37c02efc813a7ed8,1024,0/0
/spttest/nufo60qeq1ou,2b8e75ce5337810e,1024,0/0
/spttest/4i1dfp2mbqpz,838c26eb3b0ca07,1024,0/0
/spttest/esl7an181pnd,1b05f308453cd419,1024,0/0
/spttest/kcaby0chesp1,2527e241a37569c5,1024,0/0
/spttest/14unb84orcx4,212a1212df96228,1024,0/0
/spttest/1xct8ci6euex,384e222cec79f79,1024,0/0
/spttest/vs7wjebqq9sj,3a0e97c3b8dfba13,1024,0/0
/spttest/eas9g90aqm9n,1a1eb0853207cd3b,1024,0/0
/spttest/fw04yfx3gdjg,1d05eb9147c21f8c,1024,0/0
/spttest/hnqcqwpbwk8a,2041b44e1d239d6a,1024,0/0
/spttest/r69uzl3fhwhp,31a313e7f06e29bd,1024,0/0
/spttest/kmu2zs03raqf,25b0e738f6c2d217,1024,0/0
/spttest/cz0lr99sl3n9,17b236b794f9b5b5,1024,0/0
/spttest/ndr7mndd8aaz,2ab5ce6d6294572b,1024,0/0
/spttest/lr86w9l8hxkp,27bd90a8f49ed039,1024,0/0
/spttest/dgc644yryotj,1893345dab41b527,1024,0/0
/spttest/fv3vuocwdhx2,1cfa486c5d6d6bf6,1024,0/0
/spttest/3iup402fvhym,66fb9d339b623ae,1024,0/0
/spttest/1wxwql2u4584,37f819c0b7be974,1024,0/0
/spttest/yivcqgmi6fjc,3f1000f31da77e28,1024,0/0
/spttest/tpvmz7k6hvyz,3648f5d11419821b,1024,0/0
/spttest/4y80mbxc8lvb,90afc3c48b800b7,1024,0/0
/spttest/k8ul5wpgtx3k,24fb3c3fd60fa0d0,1024,0/0
/spttest/nlwutdumahon,2b1fc1d0c0699607,1024,0/0
/spttest/t6fmorykxt7,17b02c2283f962b,1024,0/0
/spttest/t357u9w009sz,3521a9c17e02c1a3,1024,0/0
/spttest/inv6q87oj69c,22170ff2080c3a70,1024,0/0
/spttest/dsxvtfilipum,1936e92085e9405e,1024,0/0
/spttest/95vpyqcm8pg1,10bceb7feeaad8d1,1024,0/0
/spttest/rviryfgmg1iz,32eb06dbd1b2f1bb,1024,0/0
/spttest/pldsssy6u0pn,2ec01c2164edad1b,1024,0/0
/spttest/29nglizgl6ex,42498d9ffd3efb9,1024,0/0
/spttest/9hevq6yvl803,1152b71b45e742c3,1024,0/0
/spttest/pee3obhkrkb7,2e654b3cc03fc793,1024,0/0
/spttest/mwkb4pxo9c1x,29d67f7872997145,1024,0/0
/spttest/ac87nfy3ra9t,12e2fa14b23ac7c1,1024,0/0
/spttest/brixqurqy5m0,157d4ccf605156e8,1024,0/0
/spttest/2253kw066stw,3c30c067ff49d74,1024,0/0
/spttest/5qha9m24u1fe,a7a077d4ebaceba,1024,0/0
/spttest/2wmo6mqqs9eq,54f10da4db400a2,1024,0/0
/spttest/v1kj1pa8v0n,1933c0006866d07,1024,0/0
/spttest/kkd05wrx0ubm,2590c3304beae682,1024,0/0
/spttest/usmgwgx21xhb,38403beccd44c5bf,1024,0/0
/spttest/d9zcewlnpght,1840a43353e08ac1,1024,0/0
/spttest/w6a40qpaf9ud,3ac53d4ab758cd95,1024,0/0
/spttest/aphhuhzm7m1d,138f2fe4afde3d51,1024,0/0
/spttest/gte1sh9d8kg5,1eb7961299cb1a85,1024,0/0
/spttest/a86cdbygc7ob,12ae586cfd8f79db,1024,0/0
/spttest/auinyvft7yxx,13d08e406a62f5a5,1024,0/0
/spttest/juf1porwlmyu,243fc739bd2d9386,1024,0/0
/spttest/6t98sq8zp2s9,c71b5c972ba9d59,1024,0/0
/spttest/h67u83t95suu,1f5e34c9c3d88e56,1024,0/0
/spttest/higs2h5wjhc3,1ffd4da67b6fc283,1024,0/0
/spttest/d68xy5sgifbc,181025bdd8f1ee08,1024,0/0
/spttest/al4438iekf08,135666c7eb4c1ef8,1024,0/0
/spttest/px7xzgltwgsw,2f59de4e1dae8e10,1024,0/0
/spttest/pqdtri7vxz1p,2f0110e32a5e0aad,1024,0/0
/spttest/2t5it0iax2l5,521e905e0ba9d59,1024,0/0
/spttest/w0y73ecso1wj,3a7ffe79dcbb0ba3,1024,0/0
/spttest/g030o4cw2tfk,1d3aeab34db41180,1024,0/0
/spttest/vilje641msa,19960d9c6c6259a,1024,0/0
/spttest/7eci8cl5soon,d83a97d030cc4f7,1024,0/0
/spttest/2eokuyqk76j,1f46bc0323635b,1024,0/0
/spttest/8npdsiiy1ecv,fd0d36fc54708ef,1024,0/0
/spttest/zevmyem9br0e,40afc3639ac27e7e,1024,0/0
/spttest/gxc38qzjnjv9,1eead616a6f8c355,1024,0/0
/spttest/hg3orrqv6ed0,1fde99e3aa2f2534,1024,0/0
/spttest/dqez9lohtm2c,19161c77857fb5f4,1024,0/0
/spttest/caedy7ab4qws,1672746c46caa43c,1024,0/0
/spttest/jvpdm9tzr1nv,24507eb5f16ae82b,1024,0/0
/spttest/jomm40wb7sui,23f49299b0daf8ca,1024,0/0
/spttest/wdvr2eay02j6,3b27f8f3fea836d2,1024,0/0
/spttest/ps7pdid5bhd8,2f18d5ee437005ac,1024,0/0
/spttest/z46zyryu5hz3,4024faff51f4c03f,1024,0/0
/spttest/fsw38s1ziagt,1cdd7dedf4c36c7d,1024,0/0
/spttest/3ri9xampze8z,6e025c08341e3e3,1024,0/0
/spttest/8v7z2ru1vafw,1032757986014f9c,1024,0/0
/spttest/7c76q6cvaic6,d67c39d63708a56,1024,0/0
/spttest/nz7f4wlcnvc9,2bcc6df8de09fe69,1024,0/0
/spttest/kzaafmbmmvj3,26529f48e57c4b1f,1024,0/0
/spttest/wo53jj7n22rb,3bad3cd8682d5d77,1024,0/0
/spttest/aqc1cfw6w0fr,139a34f81fb30037,1024,0/0
/spttest/1scg6m3zp6w4,343ce5fa3c3be24,1024,0/0
/spttest/148q0jb9ji0h,20ab7f6ba01c6f1,1024,0/0
/spttest/qtwxrjzllmyw,31028b29c01df888,1024,0/0
/spttest/cwjcf22rfiuy,179201fb6230303a,1024,0/0
/spttest/co1jcxbcrxpn,1723ab1bb86f8b6b,1024,0/0
/spttest/qw379t1ap592,311ec84763d4e4d6,1024,0/0
/spttest/ct0kh3h3cwbn,176443e3027e65a3,1024,0/0
/spttest/k3x39wuk8ure,24bb312bf36f59ba,1024,0/0
/spttest/g6oe8qs8ecqq,1d9090cc8568d002,1024,0/0
/spttest/18habcskgdh4,241c405fe25ac38,1024,0/0
/spttest/9dhvvi86c01e,111fd79020235132,1024,0/0
/spttest/otqqfe4ab3hf,2d5913a445fd6063,1024,0/0
/spttest/weuokqmjbn0e,3b349373972df43e,1024,0/0
/spttest/m990ta4rvkn,1211a1cbe169497,1024,0/0
/spttest/lya7dwwztfn2,281937738da4b76e,1024,0/0
/spttest/g2pvya7ar26m,1d5d25942ccc29ce,1024,0/0
/spttest/92j1ee0q4e4s,109160482e84da8c,1024,0/0
/spttest/xlgws2j4m03u,3d5e25625fad7a0a,1024,0/0
/spttest/xx32yhhurzkt,3df507295ecc3edd,1024,0/0
/spttest/an634ixqie14,1371178e9809b588,1024,0/0
/spttest/udk0p7sp780h,377c82c49f7d7d51,1024,0/0
/spttest/opo237mhpupw,2d24276e6c5660c4,1024,0/0
/spttest/r4jdlwrb3jps,318c887b5f81fd90,1024,0/0
/spttest/pyujxcgrltrc,2f6f03f5b073c4e8,1024,0/0
/spttest/5rj8dt47vu15,a87b8a672c6b0c9,1024,0/0
/spttest/2tmnyyeploax,52818891528bf49,1024,0/0
/spttest/abxyt8npv6fu,12df47b83517675a,1024,0/0
/spttest/39hvwvrub8r4,5f6332e32d61b10,1024,0/0
/spttest/ibdmf554ezul,2174da7fb0d174fd,1024,0/0
/spttest/uezl5dltd56h,378f1e04164c1c79,1024,0/0
/spttest/tso2tdlc2ztz,366d33471fa831e7,1024,0/0
/spttest/4au7xrrmd9nl,7db40f37df88421,1024,0/0
/spttest/wfybt17mqak3,3b42e16acaf059f3,1024,0/0
/spttest/thnoipfdxnu7,35de2cc5b261cfef,1024,0/0
/spttest/vuias4xtirjk,3a2c528117e0fcf0,1024,0/0
/spttest/t2oqycipysbx,351bb889314c44ed,1024,0/0
/spttest/kvkmarpzk7j1,262264624dd49a1d,1024,0/0
/spttest/70zqm7fty037,cd631e0a8a7fdf3,1024,0/0
/spttest/xd3octjkaij4,3cf174ee1d260c50,1024,0/0
/spttest/6mtf2cp48ge3,c1e106f6bfaccfb,1024,0/0
/spttest/gugx2xr7iv2l,1ec59c59beeeb0cd,1024,0/0
/spttest/t3rcs9rdu75w,3529a68b150088c4,1024,0/0
/spttest/g0nwme7mp4t5,1d42740c1d689699,1024,0/0
/spttest/89n5nkfsa68q,f1a2c3a1fda761a,1024,0/0
/spttest/7jcjyquk99dg,dc4a038148583b4,1024,0/0
/spttest/cx1t0xi3y9l7,1798ab38c876e00b,1024,0/0
/spttest/u119dcj74a87,36d9deefd66b9fc7,1024,0/0
/spttest/crgjuf6ocbuc,17500da62c1026f4,1024,0/0
/spttest/jegdi0nf20ao,23706dba96341900,1024,0/0
/spttest/mz4w6j9kwwrt,29f7e75c104b75e9,1024,0/0
/spttest/eoteaggq0un5,1ad4f2e61886b521,1024,0/0
/spttest/lkrwrk0nd7o7,2769c13bf220df17,1024,0/0
/spttest/sbh3tc7o4n7,16fd7211ce0d483,1024,0/0
/spttest/6yficb84zc64,cb4eac48c437c5c,1024,0/0
/spttest/cagogbmsoh3t,1673481bd93ad099,1024,0/0
/spttest/22va80a54wgx,3cc7ea462060a61,1024,0/0
/spttest/ero7d8cjoyo3,1afa0b10a6d12883,1024,0/0
/spttest/5gsnr19jkjkb,9fc3d91dc9c270b,1024,0/0
/spttest/48j8aahloymx,7bd4f4782c9fe59,1024,0/0
/spttest/f46ayimny9yu,1b9c71fd140595f6,1024,0/0
/spttest/ku51si3a53cf,260fc8fc6966f62f,1024,0/0
/spttest/fn0r61qybso5,1c913d3f0e23ffe5,1024,0/0
/spttest/6ub9e5rhzacd,c7f6d4ebb33ec1d,1024,0/0
/spttest/gknl550ti5x,d747fe11b7c535,1024,0/0
/spttest/7t1330yuagxx,e42616c27a3da45,1024,0/0
/spttest/hchvxft1pguv,1fafc461dccb8697,1024,0/0
/spttest/amsx343g5tp7,136c57464536219b,1024,0/0
/spttest/37umglp6gbf,29ccec1a09451b,1024,0/0
/spttest/2vhhl772utg3,54034d5261d5e93,1024,0/0
/spttest/hgxl86db5ubg,1fe963d7be9dc7bc,1024,0/0
/spttest/szrerojk023l,34f5b69b1e5f0aa1,1024,0/0
/spttest/h4tzoyd1iq6q,1f4c3867e0ae6a12,1024,0/0
/spttest/ma4bjrf9b2dz,28b2f700a91e95d7,1024,0/0
/spttest/lldohxcqhlp,1187d39c34c9b9d,1024,0/0
/spttest/wrxzx2o55pq0,3bdea1ff195ef678,1024,0/0
/spttest/3cy6b4aj6tbw,6230b83da4d34fc,1024,0/0
/spttest/avffes2ht4xk,13dc6071fb65f738,1024,0/0
/spttest/wxx41lmbybtb,3c2c3fc11dbf034f,1024,0/0
/spttest/vcub2s1uitqd,3946d90f7dce2905,1024,0/0
/spttest/o323bjhjqjac,2bfe76d76534ab24,1024,0/0
/spttest/hdrcjy0cgf10,1fc02b9c19061c14,1024,0/0
/spttest/bxfwq3bzsx2p,15ca24a028165571,1024,0/0
/spttest/i2fir2vasj2c,2100a283280b5584,1024,0/0
/spttest/kivmjhwco2g9,257d80b81bd9fe69,1024,0/0
/spttest/bt29smyyaqvd,159143fadbd43089,1024,0/0
/spttest/viyk4sml9ooq,3996514f4285f23a,1024,0/0
/spttest/cxgwz4yamh50,179e1ee17b691244,1024,0/0
/spttest/po5tolslu9do,2ee43338a26cfffc,1024,0/0
/spttest/mgp5nxx1wyu0,29086b2de6020d58,1024,0/0
/spttest/tp6681am7ul7,363fc59f1122e49b,1024,0/0
/spttest/lw193ls72hrh,27fc020542932d6d,1024,0/0
/spttest/9w36zltyw0oh,1211566ede43d171,1024,0/0
/spttest/jdgjat0mbyir,23637f5a5232a983,1024,0/0
/spttest/4wsxf7azrsle,8f88d3fed2f6482,1024,0/0
/spttest/g72657d7wwm0,1d95892cff73d818,1024,0/0
/spttest/31ro8mv8goj2,591d11ed2a4242e,1024,0/0
/spttest/njdvu1vhcnh,131bf8688781d4d,1024,0/0
/spttest/8swbsfv0u54j,101447293e5b4173,1024,0/0
/spttest/d8wfyulue4l1,18329af537b1c0b5,1024,0/0
/spttest/q6imgyfggm3w,2fd2a01fb5f79fec,1024,0/0
/spttest/9mwmayxpc4wv,119a0fd76d3d20df,1024,0/0
/spttest/ee79qkz2pfi9,1a4b128cef8e88c1,1024,0/0
/spttest/52usqch9bcom,947297dec6ee1f6,1024,0/0
/spttest/44ydu2ngiwxu,78ed203d06ae342,1024,0/0
/spttest/v1xmvy0chlbt,38b92aa4bd93f239,1024,0/0
/spttest/8grvw56imxha,f76cdd19aabccfe,1024,0/0
/spttest/gwsy2swf38v9,1ee3edd6d00b7ea5,1024,0/0
/spttest/dbufiqofylf2,1858d8d7ed178fee,1024,0/0
/spttest/mf1d58gicf7u,28f2d84718b12a0a,1024,0/0
/spttest/i3e86jkpz2cm,210d284782c22fa6,1024,0/0
/spttest/4f5yvcksrcje,8137321de1a643a,1024,0/0
/spttest/8jhwxct05rjt,f9a2c8f05d7aeb9,1024,0/0
/spttest/up1v7c062qza,3811d51df1b73b16,1024,0/0
/spttest/i8on0sivxlh5,2151dc52802eb1f9,1024,0/0
/spttest/eub11brjl0t5,1b1c41ce0c862659,1024,0/0
/spttest/87opr54dx3aw,f00c1a6fc245bf8,1024,0/0
/spttest/up4j5q6zca5v,3812cb515d5b7973,1024,0/0
/spttest/q8khp5iwt7as,2fed47210db90234,1024,0/0
/spttest/t5mcu9lbck1g,3541d35b95495f74,1024,0/0
/spttest/o3jp6pttduu,13905cfae03cc66,1024,0/0
/spttest/sgw4ql8szw7k,34009ed5687f19d0,1024,0/0
/spttest/2fsxs56psdjq,4748252b5001496,1024,0/0
/spttest/9zil3wmqn3dw,123ddbf450bea2e4,1024,0/0
/spttest/caffne62d4m8,1672d52703d212a0,1024,0/0
/spttest/iwddj63ko4fo,22858a15c57bcc74,1024,0/0
/spttest/ipkxfpn40guh,222d56ef573ae549,1024,0/0
/spttest/21nexzsh8j9r,3bcaa8dffc3248f,1024,0/0
/spttest/qiywv9ogtcdu,30745fc64157a3f2,1024,0/0
/spttest/xyc7uobjqj8,1b909576502f814,1024,0/0
/spttest/hm9kwmhlcihn,202ea9b8d293619b,1024,0/0
/spttest/j0cgbc02txip,22b929e1f14a10f1,1024,0/0
/spttest/4y2eegm5o957,908f562d8ea014b,1024,0/0
/spttest/8iwvt0hj09j5,f9295f348d84741,1024,0/0
/spttest/8qwwlcyn65j6,ffa8206444ba082,1024,0/0
/spttest/16qm1ujlx0b8,22b26ef9bcc00d4,1024,0/0
/spttest/itautt383stl,225da99631c7b8a9,1024,0/0
/spttest/drde99s9jmqd,1922877349b862d5,1024,0/0
/spttest/vx1c82olutmu,3a4d2bb74c1fa686,1024,0/0
/spttest/ua3v4guuqi6q,374fb6cc5d07f492,1024,0/0
/spttest/1dow8g6xai38,285751ffb681314,1024,0/0
/spttest/41iyjvay0ae1,7624981cd4dae99,1024,0/0
/spttest/mgnun706elr,123c6bcafebfb6f,1024,0/0
/spttest/8184ppacuc9,685b48c9f10299,1024,0/0
/spttest/vgzkjru5eh8,198cc1e17f2328c,1024,0/0
/spttest/c6vu83e39gll,1644cb69e951c749,1024,0/0
/spttest/ryzjpq1h7pnx,33180bbe010eb2ad,1024,0/0
/spttest/54cj7b6z23mo,95a8ced9f6ec9e0,1024,0/0
/spttest/kj42uhor1wm2,25808d805132465a,1024,0/0
/spttest/runyp99h0uel,32dfe8bffb0ddeed,1024,0/0
/spttest/t8eks2atenfh,3565fc8d2195331d,1024,0/0
/spttest/cnz7a41kznag,1722d361c38258a8,1024,0/0
/spttest/t6o2d4klxbz7,354f6e78b80e3fe3,1024,0/0
/spttest/ghg4uico0xuc,1e1c779208761354,1024,0/0
/spttest/mqqup3kw8kv2,298aec5788a67b9e,1024,0/0
/spttest/mpeex7d0vv6r,29797230ff66b3a3,1024,0/0
/spttest/kcsiw8v9na7l,252e72b836b39871,1024,0/0
/spttest/8584wibo9tns,ee0cbbf7abe4268,1024,0/0
/spttest/c2bwjpp5jfy2,1609a4fb4e9b507a,1024,0/0
/spttest/h6wda351fpxk,1f670e845f82b608,1024,0/0
/spttest/qwf3vhq8qz8y,312313faf08db4f2,1024,0/0
/spttest/b9bastli8hkl,1490bcbd07dca0f5,1024,0/0
/spttest/7onxltdh6okw,e09ad8d864fd6f0,1024,0/0
/spttest/1bt6g6032ye6,26d064ad3375d9e,1024,0/0
/spttest/tu2963zmko4q,367f4dfdff8aa92a,1024,0/0
/spttest/bxjk9pzqoxfz,15cb762474d9554f,1024,0/0
/spttest/w8pgsqx250xe,3ae4c21d49f099f2,1024,0/0
/spttest/a37cletadp6l,126dc3160ef4bebd,1024,0/0
/spttest/v0w78wknuevx,38aba8e3c252eddd,1024,0/0
/spttest/lzpczwmx6xpm,282baca0cae1892a,1024,0/0
/spttest/xlakydb4f4jc,3d5bdcd5995aa4b8,1024,0/0
/spttest/l4nse5cllb94,2698706f4f23e138,1024,0/0
/spttest/iis8wfdu2r52,21d50e21656f17e6,1024,0/0
/spttest/23xfxok1hugy,3da434b4aede582,1024,0/0
/spttest/y7k356raxkkk,3e7d0e7777bc1c64,1024,0/0
/spttest/3goqqhl5g5ja,65399454837a906,1024,0/0
/spttest/yb7vfje6ffgw,3eac9b494058aa10,1024,0/0
/spttest/q64ni1dgnk4r,2fcd959c822bb9ab,1024,0/0
/spttest/czzd6gxcjpp2,17bec19907c038d6,1024,0/0
/spttest/nxwjgsx84bzp,2bbb83c69fac01b5,1024,0/0
/spttest/jsyw0hkwnu7h,242cf573b471f8ad,1024,0/0
/spttest/q9ub93zj8epw,2ffdcf87b931cb84,1024,0/0
/spttest/q2ymzquofvk3,2fa47253f759fd83,1024,0/0
/spttest/uwjc5h1i1e8e,38730fa8f3a8444e,1024,0/0
/spttest/f6ih37gbe1mi,1bbad0a65f9b5aba,1024,0/0
/spttest/461ch2tcte6l,79ce0e2659d6d0d,1024,0/0
/spttest/ctc99zsvpdcs,17687b936bceeedc,1024,0/0
/spttest/t73x0nwujged,355526a5720aa7c5,1024,0/0
/spttest/xhc7z0f4fp1,1b2e71700368775,1024,0/0
/spttest/mq4x1t2a6xcz,2983024722ce9063,1024,0/0
/spttest/t6rs9vpkmhhd,3550c60e29a5ca01,1024,0/0
/spttest/8utsbqn5m8p,730987189fced9,1024,0/0
/spttest/vilvge6hrmra,3991bd929f7114f6,1024,0/0
/spttest/ulsaex4ipnr4,37e768b11c5cb680,1024,0/0
/spttest/xowpvvbikbdw,3d8ad15b4e2684a4,1024,0/0
/spttest/u57szc2npohx,3710307d7ed48745,1024,0/0
/spttest/60j81cihnrl4,afc9f1297ab2468,1024,0/0
/spttest/ht1jnmd0gw92,2086b05d9b507b46,1024,0/0
/spttest/kpn7fc6w5b1w,25d563c985653f34,1024,0/0
/spttest/ntoinwcf33qv,2b84a9be2f1e14b7,1024,0/0
/spttest/lpq5xbs410nc,27aa1248e2ea1d88,1024,0/0
/spttest/uvxdp8e5g8p3,386b2388610e6d07,1024,0/0
/spttest/i0llr0njms01,20e8d9e6bb15a641,1024,0/0
/spttest/hnadyslj4bxh,203bf18a8468bc65,1024,0/0
/spttest/4ay9262g2e8m,7dcb54da4b8ec96,1024,0/0
/spttest/3x16myo4p44c,727ea9937eb651c,1024,0/0
/spttest/azfmw6vk0kw2,141068ac705f39c2,1024,0/0
/spttest/de9q38j8frx7,187857ffcae3af1b,1024,0/0
/spttest/gsigj84yr8s6,1eac301dbcb49736,1024,0/0
/spttest/s4dynnhw6xd5,335e31853b562269,1024,0/0
/spttest/x2we1pzyz381,3c6cef5616999911,1024,0/0
/spttest/126f8j2tq3eb,1efe90f565648b3,1024,0/0
/spttest/hpdpud3rxl6j,20571fa20758207b,1024,0/0
/spttest/mcr1m67rzs2p,28d5247fe5e8cfe1,1024,0/0
/spttest/n5ww37871jhf,2a4ff0f9200dcfe3,1024,0/0
/spttest/injbtdudwm7v,2212c89495cbad7b,1024,0/0
/spttest/uy3t65w38z7b,38876ff2f7019737,1024,0/0
/spttest/ae6rsdpwft8h,12fc6f86846f35c1,1024,0/0
/spttest/yjw0o3hse7qb,3f1d3b9ddf5fcea3,1024,0/0
/spttest/ucr13wxbqftt,37720d22f6e5a1a1,1024,0/0
/spttest/fixhhsmftg0t,1c5c1a4b445c7d5d,1024,0/0
/spttest/3jx0p1n0bb5h,67d8d8ab0f41935,1024,0/0
/spttest/vzijzvhwk9nw,3a6d5c6e745821ec,1024,0/0
/spttest/rkx93rlh6bjj,32615e30521614ef,1024,0/0
/spttest/68f4tlgplpy7,b630f675833ff9f,1024,0/0
/spttest/h32g0be505tw,1f354ab359f2ea84,1024,0/0
/spttest/jb8xcn3inrsn,2346c5f1fa349a77,1024,0/0
/spttest/4zt51ebck4h7,91f988fefc10bab,1024,0/0
/spttest/llzh078ra55u,277979001c96c3a2,1024,0/0
/spttest/prpdtfzxjscp,2f1239a60aa07349,1024,0/0
/spttest/cs31woxzu2f8,17582c18afa40ec4,1024,0/0
/spttest/pywekcb1ezbt,2f6faef0c0891759,1024,0/0
/spttest/e7h81550fwbx,19f3bd0e9206156d,1024,0/0
/spttest/vvvng9ivb5hw,3a3e210ea2808794,1024,0/0
/spttest/dnirir86ubsp,18f0824bba5ead39,1024,0/0
/spttest/4i2llzlsvpuy,83933c682ab14aa,1024,0/0
/spttest/x924c6viij6m,3cbcf02ca595bf9e,1024,0/0
/spttest/a5yb92nja1gj,12917818d88434e3,1024,0/0
/spttest/50tyixy7jvu8,92ce17a2b82e6f0,1024,0/0
/spttest/zjv3bh6rqmxg,40f08349e5b29994,1024,0/0
/spttest/50yfit9r71rt,92e7e8f2c4513b9,1024,0/0
/spttest/a8hrveqe548s,12b2784066bababc,1024,0/0
/spttest/72haooq0358i,ce984e30a446542,1024,0/0
/spttest/kxdmg29eewu9,2639d8b26dbd4fc1,1024,0/0
/spttest/u7v88t7zdfr6,37329ea2aaafe002,1024,0/0
/spttest/nhcmyvy08qh3,2ae4814a214d7007,1024,0/0
/spttest/vkhizwy5esh7,39aa26a63c4f34ab,1024,0/0
/spttest/wox55mpnwz8z,3bb75b4bfcaa9573,1024,0/0
/spttest/x4iz59bkgmuo,3c8212d3f0ab47b0,1024,0/0
/spttest/5217dx2i13qv,93c7c0bad38b337,1024,0/0
/spttest/70ut8fhafcwk,cd46ac077c90d14,1024,0/0
/spttest/dxmb0ja5gr1k,1973adfc22f7a9e8,1024,0/0
/spttest/ttfw4784dofb,36773c664643d0e7,1024,0/0
/spttest/9g0zalidh82s,1140b5d892b6c824,1024,0/0
/spttest/8h8kljwh09ac,f7cd319b4b5d004,1024,0/0
/spttest/bo0qg341g7rk,154fc3aefc8aec50,1024,0/0
/spttest/lswndnplx69a,27d3610bf21686ee,1024,0/0
/spttest/neb6141kd3np,2abd01b0fe310bc5,1024,0/0
/spttest/morpqeyjstkp,297141762aaf9fb9,1024,0/0
/spttest/wer0bo7fgcs9,3b33401f29e8cfb9,1024,0/0
/spttest/4ognpkx8zkhj,88c35dbda0dfe77,1024,0/0
/spttest/r8bmemw0sss5,31bdb122f35de0b5,1024,0/0
/spttest/5j9mc5uhte2u,a1c56b7b2582586,1024,0/0
/spttest/a0l5lebmqpf4,124bc68289530530,1024,0/0
/spttest/fhohb3560dck,1c4bdd3eb9ea2d94,1024,0/0
/spttest/19ssf8yv5stn,252e7cadd82a82b,1024,0/0
/spttest/5e5yazz39e8o,9da11aadebbaf58,1024,0/0
/spttest/68d43seg7rrh,b6254d3ef6d104d,1024,0/0
/spttest/xl4ltiu82je5,3d59b4d864ff6ead,1024,0/0
/spttest/xdmxkg71g1hh,3cf8679003368885,1024,0/0
/spttest/ibmko38fh859,21781551aed1027d,1024,0/0
/spttest/ysth9ylkj3xf,3f91386ef19302a3,1024,0/0
/spttest/cgcdtimlwkoy,16bfaae49814ddc2,1024,0/0
/spttest/cna85yxohqeb,1719d07247fa3be3,1024,0/0
/spttest/rcyuao43yht7,31fa06e06b4e01ab,1024,0/0
/spttest/rnemfcaijkjj,32819d247a9e28bf,1024,0/0
/spttest/4zocyg3smkdp,91ddf097bbf18ad,1024,0/0
/spttest/mmoa1hddjcfk,29560994618d96b0,1024,0/0
/spttest/d0eccbudqv4c,17c428f92364350c,1024,0/0
/spttest/uaw0tuw9xgel,3759dfbf62841a4d,1024,0/0
/spttest/si9pu0yftsza,34128300ffe7eef6,1024,0/0
/spttest/bezqimkysfx5,14da802f91c25199,1024,0/0
/spttest/1zoyda1900jp,3a33e3facb32fc5,1024,0/0
/spttest/xecptw57cdea,3d01b54899f9a9d2,1024,0/0
/spttest/nezljteu1mlv,2ac5d2595d7b8eb3,1024,0/0
/spttest/xjqcnfch1r3q,3d4792e814425076,1024,0/0
/spttest/isg4ta45qxhe,225293ca9d25c102,1024,0/0
/spttest/bgh2yuzjeytw,14edbfa629a466d4,1024,0/0
/spttest/g2x67oeui2jj,1d5fc67be2c9f35f,1024,0/0
/spttest/8pawogxott15,fe594e35a4a7439,1024,0/0
/spttest/ablpo06o6mr8,12dadbd5e05ea8b4,1024,0/0
/spttest/9tueiw1uvswc,11f42ff0b90aa60c,1024,0/0
/spttest/9rcwhi0vkva0,11d3e4e2321aba58,1024,0/0
/spttest/afirdvvvtzke,130dc02b0128e44e,1024,0/0
/spttest/pp6yndaodqaw,2ef199964770d668,1024,0/0
/spttest/hozcowyyvgfr,2051f0bbe9778ef7,1024,0/0
/spttest/2989x1qrhbdq,41f1e30455346de,1024,0/0
/spttest/fn5sdhr98gl7,1c930e2f14354afb,1024,0/0
/spttest/6xcmxb32x84b,ca6e42a76ccc55b,1024,0/0
/spttest/ctlqbiswuvr1,176be69e058dec3d,1024,0/0
/spttest/qcgctnuhye2f,301fbe2cedcf14b7,1024,0/0
/spttest/93au77llcriq,109b681ee295ef52,1024,0/0
/spttest/lgohr0aa1izq,27349093a16d8866,1024,0/0
/spttest/h9jc1bisr4ki,1f89524f3a5c63e2,1024,0/0
/spttest/ql25o03rt6ka,308f85f781cbad7a,1024,0/0
/spttest/lrlfnfoqg7ka,27c257e8ea01f44a,1024,0/0
/spttest/t8w35s1irflc,356c4df918bb7db0,1024,0/0
/spttest/pkzia674s88y,2ebaf3fd40dbf8c2,1024,0/0
/spttest/z5zuefkb2j8y,403c60a77923f8f2,1024,0/0
/spttest/e6i0pdueer5l,19e7095eb26096f9,1024,0/0
/spttest/9dwdcf8b65ao,1125118adb6d5b50,1024,0/0
/spttest/logwrtxbikyc,2799be3ae34bd994,1024,0/0
/spttest/amf4axdjdt1g,13675ca2ef1aab44,1024,0/0
/spttest/69biy9w67nja,b6ebf711f5dc8e6,1024,0/0
/spttest/6x9lc68gmpgx,ca5cafd328dba71,1024,0/0
/spttest/ibmjuew1dtp4,2178133439115898,1024,0/0
/spttest/uom23ovbr47f,380c20ed0c05550b,1024,0/0
/spttest/xs73eufz5jjn,3db5878453def133,1024,0/0
/spttest/gu1zvedo6t6g,1ec039fcad89e538,1024,0/0
/spttest/shuhr7oi8ppc,340d04c0e4961620,1024,0/0
/spttest/nox77vqhhe5c,2b46d96883566ae0,1024,0/0
/spttest/ibvu9fxcc250,217b6d3f455775d4,1024,0/0
/spttest/8xilhtuw3tiq,10504530e0aa2032,1024,0/0
/spttest/ow0q0crubax0,2d76a8c40de6f604,1024,0/0
/spttest/mbg5fng7vmyf,28c438fd95595cf7,1024,0/0
/spttest/z3sbd1m1y82l,401faeb6d82f665d,1024,0/0
/spttest/2zb5nh9cfmi2,571e105ebd73faa,1024,0/0
/spttest/u94q3xe8hnli,3743090ad7c461b6,1024,0/0
/spttest/tfpcwh90f7ja,35c4cd2ffeb2a7e6,1024,0/0
/spttest/ndk0v232g0dj,2ab3367d07d673e7,1024,0/0
/spttest/5i89cg5u0crj,a0edbc2002b529f,1024,0/0
/spttest/bfi04d70f756,14e11774a4aa1dea,1024,0/0
/spttest/f0ep8qgsgtws,1b6b848e8bee776c,1024,0/0
/spttest/i4159pnlfc3o,21156d4704abac04,1024,0/0
/spttest/cepnxi2hf5lu,16aa7b1bc4442322,1024,0/0
/spttest/mfvp96hgfk8x,28fdca654559a841,1024,0/0
/spttest/i2nc2r0jo1y3,210374545ec342db,1024,0/0
/spttest/aenem6n3aqak,13026ffd1df7229c,1024,0/0
/spttest/l7gfi0zn1o3z,26bcc08c6dd2934f,1024,0/0
/spttest/1b66pykvje50,264ba854e9f7d54,1024,0/0
/spttest/x1fljgajdofd,3c59e30b292bd7e9,1024,0/0
/spttest/pw8zpqn39i21,2f4d41daf99742a9,1024,0/0
/spttest/anbra2t3nein,1373235f6c65c03f,1024,0/0
/spttest/7yo8n2e8cetp,e8bae6ed208b60d,1024,0/0
/spttest/5azuxi1tsugu,9b0e7074815ca3e,1024,0/0
/spttest/wb8kpetf22vt,3b05a1a65c119e19,1024,0/0
/spttest/70td6lzpe4h1,cd3e5338db20325,1024,0/0
/spttest/af8nkudixa3,87644c3822ddfb,1024,0/0
/spttest/dp7dr44xokfd,1906616ef04fce69,1024,0/0
/spttest/ug1fd6fyfxe3,379cc52ba3b8f4cb,1024,0/0
/spttest/10il1p2cx3tv,1da51df7e2435a3,1024,0/0
/spttest/k5lwlm1buovs,24d1228201d50878,1024,0/0
/spttest/xo4eldipbni4,3d809a1304359cbc,1024,0/0
/spttest/x1llainzqyxk,3c5c0c9dc62f9258,1024,0/0
/spttest/8pcshhptsbvp,fe642dd34e3bc25,1024,0/0
/spttest/8xa3h19cplgw,104d34011671d8f0,1024,0/0
/spttest/lpzrs1i7djjt,27ad89ab6141a339,1024,0/0
/spttest/yeug722vwnu2,3edbb86f47a0e7aa,1024,0/0
/spttest/kwpgum8les,78b48fcee6c64,1024,0/0
/spttest/41unci0e6dxo,766812d56647a0c,1024,0/0
/spttest/7okx8opjtxyw,e0897832862c838,1024,0/0
/spttest/divh9duqjwxf,18b426793a58cf73,1024,0/0
/spttest/8jcbjli94h5d,f9827dafc9f70d1,1024,0/0
/spttest/30gugvr6pfix,580ebcba4a01cd9,1024,0/0
/spttest/5rql5ek2cvz4,a8a5ffbed085ee0,1024,0/0
/spttest/asgk75tcbeaq,13b5d1544a234d22,1024,0/0
/spttest/ak0i934lq6gb,13481c63a1f6d82b,1024,0/0
/spttest/no2x4r0ikibg,2b3bec7adf649bbc,1024,0/0
/spttest/g7v0kjb1cndb,1d9ff18d851ede4f,1024,0/0
/spttest/9dxntpx91b57,112588cd21378bab,1024,0/0
/spttest/xqql2ifqnz2s,3da2954e1dc3a754,1024,0/0
/spttest/oxnvtshcp4cd,2d8c016b46c8523d,1024,0/0
/spttest/80yip8qyuae9,ea95e7116385a21,1024,0/0
/spttest/ujtpg9jbx6he,37cdf12115644612,1024,0/0
/spttest/ooxdo5l0ov6f,2d1a873480c377d7,1024,0/0
/spttest/r17km1wnuqd8,31614e43757067fc,1024,0/0
/spttest/m00qrdkejm3p,282fc7fde7c824a5,1024,0/0
/spttest/8jpxu4pfej3a,f9d11d72ec18b26,1024,0/0
/spttest/i68z1xlw2jlm,21323ac9a547b3ba,1024,0/0
/spttest/452i0ynb81qr,7904e3df28e81d3,1024,0/0
/spttest/xhxcl5obnjua,3d301ecf21a09f32,1024,0/0
/spttest/bb1zzrz9yr5z,14a75c35b2244307,1024,0/0
/spttest/65iiivvr63n4,b3d4fe5561f9ef0,1024,0/0
/spttest/pwco74h41ei6,2f4e95c726c467ae,1024,0/0
/spttest/adc6kgcuaqa1,12f16608211c3189,1024,0/0
/spttest/alrmj4t3vlfs,135ee2915194f548,1024,0/0
/spttest/b7dx46yw8vyx,1477b4381a1c9bd9,1024,0/0
/spttest/e8lojs0v3qj8,1a02562ad88da814,1024,0/0
/spttest/nfk62wm68p07,2acd3e63df8e8e97,1024,0/0
/spttest/qhongoh93yj3,3063aeb414c2de8f,1024,0/0
/spttest/t6dagrj477ny,354b8b34d8ee828e,1024,0/0
/spttest/oopzdkrgvx4i,2d17dbf3d51d9572,1024,0/0
/spttest/joyj852eldju,23f8df9d81339dda,1024,0/0
/spttest/nntp95460lm1,2b3898f3d82d5369,1024,0/0
/spttest/hd56ivmq7fmq,1fb82c09a8f72ce2,1024,0/0
/spttest/ssurgbegpv0v,349bff75700e214f,1024,0/0
/spttest/ugwh21kwgt1l,37a7f8ec87217709,1024,0/0
/spttest/szv6bb76ybun,34f71262c7c1227f,1024,0/0
/spttest/7hnrs7hi79vd,daeb1d10b86d3b9,1024,0/0
/spttest/7hw4cqsksp3s,db1b503fe259218,1024,0/0
/spttest/py96kd64ycb2,2f674df240599ece,1024,0/0
/spttest/vyp2bygaaiyy,3a62b86dee84e88a,1024,0/0
/spttest/4lnqabb194no,867cb4689cf5cd4,1024,0/0
/spttest/n1l3z5ujvij5,2a17bbc409c1aa91,1024,0/0
/spttest/vvrhfzgt1yxr,3a3ca02b6984d41f,1024,0/0
/spttest/teo6yjwfp2sn,35b76450ca9f7967,1024,0/0
/spttest/1xua1kidwej4,38b2f8808214690,1024,0/0
/spttest/kpsv2z4t4lek,25d76e537c8fc25c,1024,0/0
/spttest/b2enak6pdn3t,1437051985750739,1024,0/0
/spttest/uxrc4v64f9ea,3882efd1c0152952,1024,0/0
/spttest/cjqmdgnd0uro,16ebc5c42ddac4c4,1024,0/0
/spttest/3plwmwv81vmv,6c77a9dc8e7ba67,1024,0/0
/spttest/1f4aljhm44y2,29800c2642f1c0a,1024,0/0
/spttest/3mne3pghahte,6a10c079992b9b2,1024,0/0
/spttest/fms69743oy6g,1c8e24a4b168e608,1024,0/0
/spttest/594fap1h1o0f,998923e77d594cf,1024,0/0
/spttest/afgpnyff6282,130d030486f53bc2,1024,0/0
/spttest/4nd1nclfigie,87deae41bae8716,1024,0/0
/spttest/etxmsq24asq8,1b176c7bcce41bf0,1024,0/0
/spttest/owl2n94oraap,2d7e008d590a64e1,1024,0/0
/spttest/7x7slolp8t6f,e78c222164332b7,1024,0/0
/spttest/c9dzgon3vpwx,166551ff285cb3f1,1024,0/0
/spttest/6ynrx5v6hpc4,cb7e64ab778cc84,1024,0/0
/spttest/iryo74ijlhv6,224c46e653f5c8b2,1024,0/0
/spttest/cj9wkj5knuw9,16e5bdaafc35f429,1024,0/0
/spttest/kvq1e6alwa2t,262458f463b67805,1024,0/0
/spttest/6lyzlvc6ypzy,c1315b9facb5e1e,1024,0/0
/spttest/5f9ywnk3zw04,9e881f0c883afc4,1024,0/0
/spttest/3wx1yg3m8fjo,7266d1d782442b4,1024,0/0
/spttest/avpmupwkd0ka,13e00f39669c681a,1024,0/0
/spttest/3exjfgv15kms,63ccb534fe534b4,1024,0/0
/spttest/bm5rupi6i592,15379a9e84e94916,1024,0/0
/spttest/m8060bmgllgg,28977ccd41af37e0,1024,0/0
/spttest/f0wr08jy82nf,1b7207b60bfacd6b,1024,0/0
/spttest/tuhxjwtv2dqu,3684f61409e68516,1024,0/0
/spttest/5eytrt3alff6,9e47cb72f3a0752,1024,0/0
/spttest/otiahvbhzvfw,2d5607d1de3976ec,1024,0/0
/spttest/fmmgb0eq5c1p,1c8c143892e7de3d,1024,0/0
/spttest/ivjiyl2nrv5h,227ac4f725756575,1024,0/0
/spttest/sb79cenejboe,33b6b329772c2bde,1024,0/0
/spttest/yjw0zezgcrej,3f1d3c6c65cd31bb,1024,0/0
/spttest/izy8yfxrwtzy,22b409d913f0eede,1024,0/0
/spttest/xk4ycp6erlx6,3d4cd7bea3dfddba,1024,0/0
/spttest/i8kar0jhascy,21504b5cf0004b12,1024,0/0
/spttest/e541vehmb8js,19d501f3d57e5a08,1024,0/0
/spttest/f3gnnbl30rpb,1b9330f8b731533f,1024,0/0
/spttest/62ja974ateb9,b169f46f35f77b5,1024,0/0
/spttest/hwuxb0ry3mxs,20b841d67e1f04e0,1024,0/0
/spttest/n9plzdobsje,12e41ee2ab1413a,1024,0/0
/spttest/7gyibsqum9lq,da594595351e01e,1024,0/0
/spttest/9m4gyf8tfw26,118fe7cebbbe1d0e,1024,0/0
/spttest/o4d6fpc65xq7,2c0f74248f25ffff,1024,0/0
/spttest/ibl8a9tg5yr0,2177992d38b4f32c,1024,0/0
/spttest/4fdzjjxjw03e,81657cda640cf7a,1024,0/0
/spttest/b75cwu1rxyf4,14749d6edb82ab80,1024,0/0
/spttest/jc1y2zh3kpcn,23513e8077c23457,1024,0/0
/spttest/vehus34polfl,395c5557282afb81,1024,0/0
/spttest/c2xvmntjhwn4,161192ba315f3680,1024,0/0
/spttest/a2x3exn4l4pn,126a0fd99d29db1b,1024,0/0
/spttest/wavha5kezz1z,3b00e813f44c0a37,1024,0/0
/spttest/8kd2lvxxlg2z,fa56a8d314059ab,1024,0/0
/spttest/hxk9pvkpmd,678602d1cd1b5,1024,0/0
/spttest/sc1hp4d2w5g6,33c19ba44609f996,1024,0/0
/spttest/se59q577twut,33dcf32cbe2dfe95,1024,0/0
/spttest/rwjrmnmw5jxz,32f85fa5020d1c37,1024,0/0
/spttest/eg42ad2pje61,1a63e4d7c0b81f79,1024,0/0
/spttest/t2hfjmc082j1,351914af57c28ecd,1024,0/0
/spttest/7wllnb1os61a,e70c02fe14c398e,1024,0/0
/spttest/60fxytmy0e0l,afb702150d810f5,1024,0/0
/spttest/fg5uiy99tksf,1c3826e84a7e1b7f,1024,0/0
/spttest/p3ijuttrnll2,2dd8046719c4ac06,1024,0/0
/spttest/6eq1vdtok44o,bb4ef6cbfe08de8,1024,0/0
/spttest/vugp4y9krax5,3a2bbe9a2295e809,1024,0/0
/spttest/xu5vlhjtzxi5,3dcf119bf6194d5d,1024,0/0
/spttest/eetb7a4m09xh,1a5306686567f845,1024,0/0
/spttest/f3wei5dsofbt,1b98df6719132399,1024,0/0
/spttest/xnlb31lea9g7,3d79b612e5e66057,1024,0/0
/spttest/7d9ohsvyzxe4,d75a731feced1cc,1024,0/0
/spttest/gilnxa0dd9mp,1e2b739d975e7f01,1024,0/0
/spttest/5lua75fh2xj9,a3dc5d148e67345,1024,0/0
/spttest/723o6h7ef20q,ce49a5accf591fa,1024,0/0
/spttest/x2xdjgv8zu3b,3c6d4a674f612717,1024,0/0
/spttest/u4xzl35rp6wf,370ca5c0b98a8e2f,1024,0/0
/spttest/xbtdrf5b4sbx,3ce0c0ced416376d,1024,0/0
/spttest/sxswg64l4sfg,34dc45d30b068dec,1024,0/0
/spttest/jj57g7258970,23ad586ff143bd8c,1024,0/0
/spttest/sstjdvjsmmpt,349b8e63ea6b1481,1024,0/0
/spttest/swb1ak6bbxtd,34c8d65e4f2b02f1,1024,0/0
/spttest/890ik667hzp2,f1200dee0596df6,1024,0/0
/spttest/c9y56tqio0so,166c980dbb0a6408,1024,0/0
/spttest/m8u6aveikz6o,28a25099d6e0a920,1024,0/0
/spttest/wy0wy1mzctpb,3c2d9f037257cc5f,1024,0/0
/spttest/deqwcqivmqxs,187e8a54c1c4d8e0,1024,0/0
/spttest/w6rh8pwqpyjt,3acb8179cd18e529,1024,0/0
/spttest/4yg3urm30rp1,90de77ae1ecb735,1024,0/0
/spttest/w9olih18sra0,3af16f197b11b518,1024,0/0
/spttest/1d0snmld23jh,27cc31b108d3f6d,1024,0/0
/spttest/pu52e0gr6zyy,2f31dcbb00e0b69a,1024,0/0
/spttest/xk7kxyhli5q7,3d4dca718e02667f,1024,0/0
/spttest/1mpf8iwgnq9k,2fa8d30d65394b8,1024,0/0
/spttest/bk0pn71gf44w,151bcc98f6c9a6b0,1024,0/0
/spttest/e1xje8pvfrfv,19abb090cf66bbab,1024,0/0
/spttest/7h0hj58d3s31,da64b0b12800ded,1024,0/0
/spttest/g9qaha129l84,1db837a695cf99b4,1024,0/0
/spttest/xxyc7t86404e,3e004e55774e4f9e,1024,0/0
/spttest/zzgni6yqxg77,41bb21aac45dd243,1024,0/0
/spttest/w7szy4vwe70x,3ad90b18a8bbd711,1024,0/0
/spttest/w9qkoutoab3n,3af225b9a478e2b3,1024,0/0
/spttest/8pmupogkt387,fe9e442f8a34997,1024,0/0
/spttest/1q1ziky0suha,3260d698e13114e,1024,0/0
/spttest/7h8d8i409en3,da922f7b20f625f,1024,0/0
/spttest/k7b37g3c7bi4,24e735ebeacc6dfc,1024,0/0
/spttest/4o4qdtv5ai8,3caa02218d2770,1024,0/0
/spttest/3dvd3akmk9qc,62f0511dea17444,1024,0/0
/spttest/el7xuhvrhne5,1aa63d349762f7ad,1024,0/0
/spttest/xsd0tkutjbeo,3db7ab144002b580,1024,0/0
/spttest/9kcc4lf8nijc,1178c3d9d94eb198,1024,0/0
/spttest/r3s58hgleppz,3182b50e6895feb7,1024,0/0
/spttest/mqitlzg28yb3,2988069bb34351af,1024,0/0
/spttest/al43gtytyg69,1356652f25355b61,1024,0/0
/spttest/itk5hg4pd0qn,2261043e5c0ccdff,1024,0/0
/spttest/jhjhrnaf3lx,fd20277d3fb605,1024,0/0
/spttest/1wfico6irwun,378de118bc3890f,1024,0/0
/spttest/n35yuamwy3gt,2a2c3f946d5e9e0d,1024,0/0
/spttest/9abv2hmcfpw5,10f6b383e84064d5,1024,0/0
/spttest/l1dw76jpqw2s,266de6bfb0e029e4,1024,0/0
/spttest/d27jd2vt37nh,17dbaeec4899c27d,1024,0/0
/spttest/p0zs12g9u7cn,2db743dd184ac9b7,1024,0/0
/spttest/ua741dnxaw7r,3750e2c662ec4e97,1024,0/0
/spttest/ludwci3mgl7m,27e69792bcfdb162,1024,0/0
/spttest/q2c6v9td63ui,2f9c58daf44d69fa,1024,0/0
/spttest/u7hhjbk3fc7o,372da95233c60e94,1024,0/0
/spttest/sk0n5gr9kfne,3429375233a3c13a,1024,0/0
/spttest/uzn9a7ced2nj,389b718afdccbcaf,1024,0/0
/spttest/mabmf8cllklw,28b5997b26a98094,1024,0/0
/spttest/v7nfru8k5gwd,39036c3f98e938cd,1024,0/0
/spttest/8vfr24h9z6dq,103543d91ee4580e,1024,0/0
/spttest/kj45zf5vya1o,2580958cc9d1ca5c,1024,0/0
/spttest/n9cup9ajaz1y,2a7cab136202faf6,1024,0/0
/spttest/u1mr7j9tu45t,36e1a07096316191,1024,0/0
/spttest/3jk1u84zlvra,678dfb08b002706,1024,0/0
/spttest/4yfmjdphoqa8,90dbb0cd6e3e010,1024,0/0
/spttest/ghmz54tmaaci,1e1eef82b91e3ce2,1024,0/0
/spttest/5xhhzg917a2y,ad50816b1e753ca,1024,0/0
/spttest/tlal1icn5r7f,360d6816cb2b9ffb,1024,0/0
/spttest/uk70l5xl74fb,37d2be7d3ec0fb27,1024,0/0
/spttest/xloig1cdzg4b,3d60e38d36cb295b,1024,0/0
/spttest/xpy3vczpsihm,3d984eddc7f2f19a,1024,0/0
/spttest/vsht2e90a5zq,3a122a89afe760d6,1024,0/0
/spttest/l5ngq53pfvwm,26a54fc1c385c446,1024,0/0
/spttest/ua1aew3wt7w9,374ec8ec59f05939,1024,0/0
/spttest/ugji26ilf5fv,37a34ab65bf9664b,1024,0/0
/spttest/tnfx4ygmjzaw,36294f7a94f26f78,1024,0/0
/spttest/74khblvjoeym,d04a5888c0c40be,1024,0/0
/spttest/wl2cn0bnpu5a,3b85474f67a0a7de,1024,0/0
/spttest/61txeq2wjk7v,b0d791c1b0b751b,1024,0/0
/spttest/gbfeazof9cxn,1dce43edb42e28bb,1024,0/0
/spttest/kwtcjeca0v4u,263287e97a52379e,1024,0/0
/spttest/mfyztn6idg2j,28fefa9ddce96c9b,1024,0/0
/spttest/qs8x2ohxc1tv,30ece34bb1023943,1024,0/0
/spttest/yx47f7sgk6bi,3fc90c3a48b88cfe,1024,0/0
/spttest/qjzqphnxrm7f,3081a997c6e0762b,1024,0/0
/spttest/krjw27bldiqg,25ee2c093f3ad118,1024,0/0
/spttest/cyf8r0ew6mr2,17aa819c7d6290ae,1024,0/0
/spttest/k3i89cisr1if,24b5d46fcd456467,1024,0/0
/spttest/xoz517zusl5b,3d8bb0f61c42540f,1024,0/0
/spttest/d0z8qk07wmu0,17cbb375057e6298,1024,0/0
/spttest/8u744trd3pq9,102528d3339cee01,1024,0/0
/spttest/8my0llc9immw,fc6f3a541432c18,1024,0/0
/spttest/rn0pmm15uo4g,327c9833e03e7ea0,1024,0/0
/spttest/riwwknulxigf,324743863858b8af,1024,0/0
/spttest/mbbrweykafsd,28c2a4ca9a63aa6d,1024,0/0
/spttest/bvbanksz1nae,15ae800340171f26,1024,0/0
/spttest/4c66znd0j93u,7ec9031df9338da,1024,0/0
/spttest/fo97g919hwuo,1ca1473a8a749d90,1024,0/0
/spttest/1qpao91zh14l,32e768276a356f5,1024,0/0
/spttest/ejxevtooj1so,1a95739c6b6497d8,1024,0/0
/spttest/41tf9w1f1653,7661018b6c12857,1024,0/0
/spttest/y1iqm4l4wuo,1ba2f2d955c2450,1024,0/0
/spttest/e39qq7a5ibfv,19bd150de0f1876b,1024,0/0
/spttest/up1k7rsv6w24,3811b8ecb38bc6cc,1024,0/0
/spttest/wyx0kkmquza6,3c393419a408c01e,1024,0/0
/spttest/7pipkz32jb6m,e14c861d1be1d5e,1024,0/0
/spttest/hxj7rpihy8ei,20c10585d987e80a,1024,0/0
/spttest/l0nub432x2x7,26648052b8bdbb0b,1024,0/0
/spttest/9a7e0hc7g60p,10f51647e618a979,1024,0/0
/spttest/chs9ti7p0543,16d263c710a0aee3,1024,0/0
/spttest/qu8ux4wywad3,3106d8484d935e77,1024,0/0
/spttest/2vsaonqu96nx,5441b2b5ba67ffd,1024,0/0
/spttest/i46rt8vt16vl,211774f5473ab211,1024,0/0
/spttest/1dmdpfmpr2gl,2848cd95b394635,1024,0/0
/spttest/1tdxos49tmgr,35154e964670ffb,1024,0/0
/spttest/ul2uxsbnlqai,37de3bc72343fb5a,1024,0/0
/spttest/vwqmapq2mf7,19e7b0abf505c03,1024,0/0
/spttest/napz2sxo036b,2a8e645920bf8c13,1024,0/0
/spttest/1qv83wskjg1m,3309a2346b91bfa,1024,0/0
/spttest/ruetuy126lfe,32dc9d03203337fa,1024,0/0
/spttest/2rirobsanea2,50cb60dff99920a,1024,0/0
/spttest/pknzsn8dtf9f,2eb6cc815c4faf83,1024,0/0
/spttest/bs9ph003mxh9,1586f586233c75fd,1024,0/0
/spttest/7zc4tz19xklg,e944d7ff489a384,1024,0/0
/spttest/3je9yrpg5zj7,676ca548c948723,1024,0/0
/spttest/wnz219lj9z05,3bab0ec4a7115075,1024,0/0
/spttest/pv53xzp7dm6w,2f3eddfa17438c98,1024,0/0
/spttest/l2nsgcvvjzuv,267e76142c735747,1024,0/0
/spttest/adybuu94c6d4,12f963b3c6315338,1024,0/0
/spttest/of6nttidzm0r,2c9bfc0377b71f3b,1024,0/0
/spttest/ijwdbct33cbb,21e3882ff0d25817,1024,0/0
/spttest/jppguf1tguln,24029772bcaf4feb,1024,0/0
/spttest/os1pd94lyerc,2d430e75efdb1438,1024,0/0
/spttest/jo5e1cyw6lza,23ee5b9fc1179cc6,1024,0/0
/spttest/8l5x1dhcnryz,fafd2f08d806d5b,1024,0/0
/spttest/4p8bcql6w30k,896307700adb144,1024,0/0
/spttest/h5b0n65whut8,1f525d1ac5d42a3c,1024,0/0
/spttest/w8j84wjyoncv,3ae281ade7821a3f,1024,0/0
/spttest/2vz45fc7l9su,54690fb46eb6bde,1024,0/0
/spttest/2zf40ulpwwus,5734e51467b7b54,1024,0/0
