/spttest/75e1gvo399mf,d0f4fe76322cbf7,1024,0/0
/spttest/8uwtp9b15y80,102e6fa1c3ebb980,1024,0/0
/spttest/xizwkdxqu6sh,3d3e0810271bcbe1,1024,0/0
/spttest/s5f7kibmpa5w,336ba2036eea01b4,1024,0/0
/spttest/dkapyc6gicue,18c6a38f05013986,1024,0/0
/spttest/vzdlkhklcpo,19f6ebd55a62b9c,1024,0/0
/spttest/4u3hqnh4nxnh,8d5654b2c16621d,1024,0/0
/spttest/2l4wxbrq00n1,4b9c6d44945993d,1024,0/0
/spttest/74wsatl6a1q0,d09161eb33fb138,1024,0/0
/spttest/1wx8guubg1qb,37f43565b786fc3,1024,0/0
/spttest/j8wudhsnqn9x,23286f6053a1af55,1024,0/0
/spttest/xei6kbpsqifj,3d03ae0faebb2fcf,1024,0/0
/spttest/op34uq7kndhw,2d1c9aca7bbed414,1024,0/0
/spttest/r24mu4xk10wm,316d3c1f8cfe32d6,1024,0/0
/spttest/j3w8ijkt7o8z,22e7450158483383,1024,0/0
/spttest/s8ddbm0k34qq,3391efcec49beec2,1024,0/0
/spttest/8vfygc8c93gt,103556d25f95e5cd,1024,0/0
/spttest/nzp008yiu9fk,2bd2c5c827d92540,1024,0/0
/spttest/z72483u4oa0j,404a2fdaba4234b3,1024,0/0
/spttest/oaa7e4puby6t,2c5c51083b1623d5,1024,0/0
/spttest/ov2o44pzsihx,2d6a5f62177493a5,1024,0/0
/spttest/5wq0xa7uxjr4,acb1e5f8f581c40,1024,0/0
/spttest/leh5uthoop04,2717f0f7be36e094,1024,0/0
/spttest/v6cr247603km,38f293e5a8381416,1024,0/0
/spttest/pt3l5l7wfzcc,2f2456e3064e8cac,1024,0/0
/spttest/c8k5lu06j35r,165a8eb60bdb7cbf,1024,0/0
/spttest/4u77oiduc6i,3eda95057e8e2a,1024,0/0
/spttest/vlh6oluv4ko2,39b7044f8bb948a2,1024,0/0
/spttest/u15c88ly967w,36db57be3957ddbc,1024,0/0
/spttest/gwu1lqjxb6hp,1ee4534114ebc29d,1024,0/0
/spttest/eliuw6lr9nne,1aaa2dadd0a2aefa,1024,0/0
/spttest/5jae7fr122fm,a1c9e39081615d2,1024,0/0
/spttest/fi47exo5fmol,1c5189c0d90a3595,1024,0/0
/spttest/h19xp6gwr9hx,1f1e0427bc1568d5,1024,0/0
/spttest/5qvrv2h631h5,a7f41cadc5fb439,1024,0/0
/spttest/khzjw1o4p4qs,2571ee21e94dd844,1024,0/0
/spttest/rqw53p54qzi,16869f98ca9fa9e,1024,0/0
/spttest/jtyi83vq5n6i,2439cf54ad716a9a,1024,0/0
/spttest/pw3qedkd0yoz,2f4b5c1cba83fca3,1024,0/0
/spttest/h5y27juhnnj3,1f5aad97abffafdf,1024,0/0
/spttest/jxpcpq8ngzc5,246a76e799aa8de5,1024,0/0
/spttest/tbpcnxq2k49v,3590d78d3e0f0ca3,1024,0/0
/spttest/u3b8e4vo0dbm,36f7729f8288f772,1024,0/0
/spttest/t9khhu7zvmle,35751b9766e92322,1024,0/0
/spttest/xyd86ouf1e44,3e05ad83affba4b4,1024,0/0
/spttest/jdqf8augkpo2,23671097f537a6f2,1024,0/0
/spttest/lqfyhwtvjk96,27b360ccc2ef404a,1024,0/0
/spttest/lwk45gg09xwe,2802d051f90d93de,1024,0/0
/spttest/116gtfrckyiq,1e2efdbee28f3c2,1024,0/0
/spttest/1pgxmro4lcx,162de9926f4921,1024,0/0
/spttest/9o8pkgw6tt8a,11ab69e4398a7f3a,1024,0/0
/spttest/oz8103wm1hyp,2da04351de579731,1024,0/0
/spttest/y0mpf5f0cfo5,3e23139038ca8655,1024,0/0
/spttest/q70y1w7dx6hv,2fd93c77d9f18823,1024,0/0
/spttest/65e5jiimbvad,b3bbd1ccc16b125,1024,0/0
/spttest/iw2wrqn92kv0,2281c365278d9b1c,1024,0/0
/spttest/9qfa7mevn6ca,11c7c3948da516da,1024,0/0
/spttest/b6pj68enfcho,146ee79b11725bfc,1024,0/0
/spttest/l2la68gazuxm,267d8e6fcbd0115a,1024,0/0
/spttest/9vhpk26oznon,120995f942e872a7,1024,0/0
/spttest/xnpccrv8mzah,3d7b2ace5868f029,1024,0/0
/spttest/q416ogw6px43,2fb25ad54c31b9e3,1024,0/0
/spttest/k2ak5tdo7lov,24a612c591dee58f,1024,0/0
/spttest/hsokqc43vdg,e72abb4a859594,1024,0/0
/spttest/pyg8xgtja3k5,2f69da96ddb1f785,1024,0/0
/spttest/cybqa1tt6cc0,17a93d1d1623e4f0,1024,0/0
/spttest/66m0k4csvbvo,b4b90878b74d9e4,1024,0/0
/spttest/gie7pjky93ft,1e28c36f22441ba9,1024,0/0
/spttest/txvsblwe6vla,36b0ed9547c1436e,1024,0/0
/spttest/79ascrp2pk0k,d421870e7c52794,1024,0/0
/spttest/vz02r804xj93,3a66b1916d59a3b7,1024,0/0
/spttest/sir2t7t9r485,3418c68fc0533b25,1024,0/0
/spttest/1nt30maukvdd,308dc914f0c81d1,1024,0/0
/spttest/qyw4hhtljsq5,314332526d43312d,1024,0/0
/spttest/19pxyir2xeq0,251e0e3e242f6c8,1024,0/0
/spttest/wbnciyoa6ylb,3b0af630077d3e9f,1024,0/0
/spttest/p036j4ma5zzx,2dab80eb78fba77d,1024,0/0
/spttest/5qu7fxdzwotp,a7eb10782f86cad,1024,0/0
/spttest/x5ed8kkgirn2,3c8d666685707c6e,1024,0/0
/spttest/qlqb0lb3xkv8,30983c87e2f926e4,1024,0/0
/spttest/iyurbq6vezwy,22a5ca3fcc6c6452,1024,0/0
/spttest/wrvrvbpmz710,3bddd49bec6d5854,1024,0/0
/spttest/d74ific2wjg0,181b89b591d0fc70,1024,0/0
/spttest/wlwi83b5qwya,3b9028b061c98a52,1024,0/0
/spttest/76zerd071iw1,d2402fef4730ce1,1024,0/0
/spttest/wqmez4pj0vcb,3bcd76f445a695ab,1024,0/0
/spttest/6dc8nnqz7um6,ba2f66c326571be,1024,0/0
/spttest/e4mucjotezcq,19cecc635380777a,1024,0/0
/spttest/551deh2fe83o,963834006986784,1024,0/0
/spttest/qba6166qsfp5,30108548b6c51079,1024,0/0
/spttest/tbyphwf6v6n1,359437ca7874d55d,1024,0/0
/spttest/rrm0jz34c1z,168ac5c6eb49507,1024,0/0
/spttest/k39xlk41dy9q,24b2d6232f8b9fbe,1024,0/0
/spttest/ljh16dheydvb,2758d73efcc27cb7,1024,0/0
/spttest/a1qgiox9ofl8,125aada37eb931ec,1024,0/0
/spttest/w372rf6ac8zo,3a9d2d2fd7f98a84,1024,0/0
/spttest/u4wyw1wvh4c7,370c4799aee43f37,1024,0/0
/spttest/tweju5jjziek,369db84bc64c36ec,1024,0/0
/spttest/yztwod1mcuci,3fec4cbe60456ea2,1024,0/0
/spttest/zezintwi2uik,40b129d85dde68fc,1024,0/0
/spttest/n2j5vl6klteo,2a240529b1170420,1024,0/0
/spttest/y3whkq7cr1x7,3e4d92e320c6ea7b,1024,0/0
/spttest/x300q8924ls9,3c6e3ea28aa14d49,1024,0/0
/spttest/kkvfoyh6suuj,259769a94c94552b,1024,0/0
/spttest/eydzxqdq2abj,1b51491d55db2ebf,1024,0/0
/spttest/n0ciwm114714,2a07a57ff5eca198,1024,0/0
/spttest/3tfartw9xkpc,6f90d56479ea010,1024,0/0
/spttest/ov744g6zvni8,2d6bf9ee709163c0,1024,0/0
/spttest/errt2yqqrhvc,1afb57e2a2d83538,1024,0/0
/spttest/ratina0r9v6k,31de20a1952f611c,1024,0/0
/spttest/pj2o8bckxg4n,2ea21dd7c84fc3e7,1024,0/0
/spttest/p89ebhmooa0u,2e15a92a3b9148be,1024,0/0
/spttest/vezinotr8kx1,3962b4ddb23deae5,1024,0/0
/spttest/zuydoinpv8hu,418094ce0175d1c2,1024,0/0
/spttest/eiywpym9sv9o,1a89007d20e1ae4c,1024,0/0
/spttest/3ertxerx7xcl,63abc0d7684d195,1024,0/0
/spttest/mvc4bs7ae3bf,29c68dcf8bdb4e4b,1024,0/0
/spttest/n779gckxj7t,12d5a1de64c6389,1024,0/0
/spttest/nin4896buu1d,2af54683c3994691,1024,0/0
/spttest/os8mlq3oy4xp,2d458df1df68317d,1024,0/0
/spttest/e1g91i11iist,19a573bd5627d4ad,1024,0/0
/spttest/93ddi5f45jl0,109c5262ff66e264,1024,0/0
/spttest/pvxjfubbhecr,2f49200bf4dbf9eb,1024,0/0
/spttest/rra4x55al4q3,32b3f3c7f452192b,1024,0/0
/spttest/9n5s8f71jyht,119d5e5e68064261,1024,0/0
/spttest/9itvurvjzcd1,11651e36a03f2855,1024,0/0
/spttest/2sifcr4d8xjd,51993b274e6c8c9,1024,0/0
/spttest/2eock5k4l750,465dd24786ebb64,1024,0/0
/spttest/xpl2rhulc22r,3d939b3ce8a8d283,1024,0/0
/spttest/8qkg6t30ayhy,ff603840f320926,1024,0/0
/spttest/to9zxf71z5he,363429afb92c5382,1024,0/0
/spttest/z0epnrpaiq1y,3ff3ce7958571266,1024,0/0
/spttest/kphswn2ley9g,25d370b13f5c91f4,1024,0/0
/spttest/6z2ctm9yk80g,cbd29137d822b90,1024,0/0
/spttest/1gm6rtwo5w7v,2ab72d45db35a5b,1024,0/0
/spttest/wuw788l3pkva,3c04f3c950200ce6,1024,0/0
/spttest/d073btqc09gv,17c18b448018f3ef,1024,0/0
/spttest/27er7j5hqmky,4077a4004d0c9d2,1024,0/0
/spttest/vsp5mf33jl6y,3a14d15500bf310a,1024,0/0
/spttest/sfzgofq0ydzw,33f4d5514bc1135c,1024,0/0
/spttest/r8t2t7fq8cl3,31c3fd7cd8ec97b7,1024,0/0
/spttest/14awr3pfrt1k,20b81fd08642ec8,1024,0/0
/spttest/fb9xevxbf1gc,1bf8ad811d73341c,1024,0/0
/spttest/1gawd7hjpqax,2a760142f88d869,1024,0/0
/spttest/doj64qip990p,18fda50a443976e9,1024,0/0
/spttest/kxlqv4tzobjp,263cc6faf09ae775,1024,0/0
/spttest/c9ue641t4u3k,166b3d9f330d1260,1024,0/0
/spttest/j3vhsacvv4ot,22e7006c6cd2f87d,1024,0/0
/spttest/oxrvw11g9akx,2d8d730d2f7d61d1,1024,0/0
/spttest/q2cr140g1jor,2f9c8c964da0a9eb,1024,0/0
/spttest/vss2v9ovzac1,3a15df5ec4464e11,1024,0/0
/spttest/rv9voh59zorx,32e7d119265e552d,1024,0/0
/spttest/ky7d6pb8ox1n,264493fc30cae14b,1024,0/0
/spttest/42hlea86x3z5,76ec8a469fd9861,1024,0/0
/spttest/7mwaty9owf7r,df2b7eb9da55107,1024,0/0
/spttest/p3v1m1f7wa7n,2ddc86611dbf8eb3,1024,0/0
/spttest/12hbg25vbnn3,1f3d76256191f6f,1024,0/0
/spttest/tnd5pexs1f9z,3628505bc2ade397,1024,0/0
/spttest/cyth6dat8qqt,17afa46336662e65,1024,0/0
/spttest/j4s5ok3cldbw,22f2c985330aeebc,1024,0/0
/spttest/u6ahh8hltdcn,371e25568ac7c1d7,1024,0/0
/spttest/zpf13xmwujwi,4138a7449a7cc842,1024,0/0
/spttest/lk0k3fmqe5b5,275fe2c8724f3461,1024,0/0
/spttest/bl6uhqk4v20u,152b0080ee414ffe,1024,0/0
/spttest/b9vu1um5c38b,1498257f225ef85b,1024,0/0
/spttest/rys76r8rvq2x,33156505f792e0c9,1024,0/0
/spttest/6yv16ojyc41r,cba84a3db462d7f,1024,0/0
/spttest/bfcnssoyhpz7,14df2a001c5f1fc3,1024,0/0
/spttest/dqgqy6nn1l3j,1916bfdd04ec340f,1024,0/0
/spttest/nk8dpxlwipif,2b09efdb48b335a7,1024,0/0
/spttest/mr6mnqyhx7cg,29909d9c7c527c70,1024,0/0
/spttest/tnnaeuozbmyk,362bf81df30a0bfc,1024,0/0
/spttest/wt5qukxu2e5m,3bee6aedf008762a,1024,0/0
/spttest/1tt6stdlrbxy,356d5d0a1a5ce36,1024,0/0
/spttest/ov9v55e9reln,2d6cf7fe7494b3ab,1024,0/0
/spttest/43hnt41lanx6,77bcc165e50f09a,1024,0/0
/spttest/i8idepoknwut,214f997278360a15,1024,0/0
/spttest/izh56u6173h,f69b7f73e8782d,1024,0/0
/spttest/hbunbbk0hoa5,1fa761cf5de2d52d,1024,0/0
/spttest/ep3m11gfzvz,bee811533fa76f,1024,0/0
/spttest/o0fszynexnkz,2bdc71be565e5fa3,1024,0/0
/spttest/iw60sg6n9d4z,2282e2d0458bf9c3,1024,0/0
/spttest/8noq3p4fv4fe,fd096a7a2ae772a,1024,0/0
/spttest/77138yd8niwx,d249e3268213b81,1024,0/0
/spttest/wy2angahrmr7,3c2e1e8c36ac84f3,1024,0/0
/spttest/lph8dmw8p7p3,27a6d943b3241b37,1024,0/0
/spttest/u6s1g8ui8qz4,37247ad7e2e04490,1024,0/0
/spttest/7lqdthtqlr7p,de3981e7610bb05,1024,0/0
/spttest/mndtp8uvqxi7,295f413ab01aa31f,1024,0/0
/spttest/zfr4ggbjo6vj,40bb1fb58df237cf,1024,0/0
/spttest/af03y599q8sc,130705679fdbebfc,1024,0/0
/spttest/ouvht3n78vri,2d67c89fe895e5ce,1024,0/0
/spttest/9imxcrzt9026,11629b7c0e7cc18e,1024,0/0
/spttest/mbs3aj6qyt3q,28c887e9c112a9d6,1024,0/0
/spttest/s2aauqqb6utr,3342e4d42758948f,1024,0/0
/spttest/tdemnyoalq87,35a6f3ac9b850207,1024,0/0
/spttest/d0h1jisbqa0b,17c5225defe9702b,1024,0/0
/spttest/irouc71bxxt7,2248baf92d9f286b,1024,0/0
/spttest/wx2ljzqek92,1ab970904589406,1024,0/0
/spttest/a4mp9zfnbrco,12804a684485e238,1024,0/0
/spttest/cpn1ws6o41j2,17386bb28fc490be,1024,0/0
/spttest/tnucnhbyfwca,362e8470f5b38f7a,1024,0/0
/spttest/weqidivv8yai,3b331211d2ad1a9a,1024,0/0
/spttest/c96wc4mh5ges,1662c3659df0eb54,1024,0/0
/spttest/m0r7p97hhigl,28395508857974b5,1024,0/0
/spttest/jvd1csatw2wa,244c0ad3841e3baa,1024,0/0
/spttest/f6632pbyhiap,1bb658462d38f4e1,1024,0/0
/spttest/hocrrb8c41rs,2049caec07fcfdf8,1024,0/0
/spttest/ftcr32ns1way,1ce380fe5be791ca,1024,0/0
/spttest/r6le0rd2sanv,31a73cca4eea6afb,1024,0/0
/spttest/lrhddm96p8q2,27c0e09b0671226a,1024,0/0
/spttest/xbt4bdxhgt4d,3ce0a892b6f75c6d,1024,0/0
/spttest/vupiysklxq4e,3a2eee152967477e,1024,0/0
/spttest/kt009h1u1g8r,2600f9f74decda7b,1024,0/0
/spttest/pfnvyw5v6gq9,2e75d06761d5cd31,1024,0/0
/spttest/61crb4uu898q,b074732f9c9f6ca,1024,0/0
/spttest/73s9bkdgiqxl,cfa76b17f24bcd9,1024,0/0
/spttest/v4w7lgyulsjf,38df9ecfef0d69bb,1024,0/0
/spttest/tg5d39lyt5jh,35ca939029bee74d,1024,0/0
/spttest/kfcypcfq2qyc,254fcd289a96eaf4,1024,0/0
/spttest/weyadouap6kk,3b35e08046962f84,1024,0/0
/spttest/v0nh0aeju9g6,38a8829e89351656,1024,0/0
/spttest/j7yn1by3k4sf,231c180758c7f03f,1024,0/0
/spttest/fm8jkb2t88io,1c870f6ceec81220,1024,0/0
/spttest/h4j5l4dv42pv,1f484f7a05a039c3,1024,0/0
/spttest/8gx54202zkb8,f78b350e02cb394,1024,0/0
/spttest/s0tj6mqrp6rw,332fdaaf7e02718c,1024,0/0
/spttest/5vzxva3n3o40,ac1b4f576fd5fd0,1024,0/0
/spttest/ouqwta9htlh1,2d662148868466f5,1024,0/0
/spttest/qgw1l22jt3x,157d0c8f101341d,1024,0/0
/spttest/b156h07v7yjq,14269d5eac26e5a6,1024,0/0
/spttest/zgbl1n30wrna,40c281a2fe90eff6,1024,0/0
/spttest/iaaxrho31rsw,2166e53db3d75600,1024,0/0
/spttest/xjsntoba5nrl,3d48684fe2f71d91,1024,0/0
/spttest/y212k69rwe84,3e353fb051582f04,1024,0/0
/spttest/5i12ccaqyilu,a0c4336442314b2,1024,0/0
/spttest/g9hwmtzhpoo8,1db5312dfebcb628,1024,0/0
/spttest/32cijmvid8mp,599563e279cbaf1,1024,0/0
/spttest/de8s337kcrgc,187800c0817815fc,1024,0/0
/spttest/3sbvjbg3iy4k,6ead3e1d1a41044,1024,0/0
/spttest/lywz36pyati0,28216ea14e6139d8,1024,0/0
/spttest/x4k9xno9r0nc,3c828ae0c4e2f508,1024,0/0
/spttest/llz7i761smjz,277960a015eaca2f,1024,0/0
/spttest/2m2tg2q6cscw,4c6026c303ea890,1024,0/0
/spttest/j0udpl8acfxl,22bfa1d46583d5a9,1024,0/0
/spttest/jaemvf1dm1es,233bd803350131a4,1024,0/0
/spttest/ccacs1f9fmhs,168afa755b4374a0,1024,0/0
/spttest/kok5g2800tv1,25c74c587fccd72d,1024,0/0
/spttest/9zqw1rtv939,81cd3193e9d8c5,1024,0/0
/spttest/rmm2d6csm7wc,32774f5c999abd7c,1024,0/0
/spttest/37wv27gutkx9,5e1a0011e451d2d,1024,0/0
/spttest/d7oka038yxt5,1822c5d02d8853a9,1024,0/0
/spttest/xwio54qtcvzi,3deda9c89cd891ee,1024,0/0
/spttest/54dt3zwvy1ut,95b02b7d8f22ce5,1024,0/0
/spttest/gtld71thf5ix,1eba39e99926deb9,1024,0/0
/spttest/eu1gm3hsffn3,1b18ce16ed082cef,1024,0/0
/spttest/dh0pozapp1yt,189c0f70693b2735,1024,0/0
/spttest/23966hcm7pb1,3d1816cf5d891dd,1024,0/0
/spttest/t5qodjf53rri,3543626d8f59e04e,1024,0/0
/spttest/4gl2ovlswsm4,825e3b6ee0358dc,1024,0/0
/spttest/oi8xh23r1lbd,2cc3c544bf666929,1024,0/0
/spttest/q8d3ertyhkf2,2fea9be3fedda79e,1024,0/0
/spttest/mfzhoguugono,28ff286e909ff6d4,1024,0/0
/spttest/yfw3x5qm12so,3ee94eeed9fdd268,1024,0/0
/spttest/towtkr63p41y,363c65dbc41f4bc6,1024,0/0
/spttest/cqvd0a9sj6dc,1748685f990aa700,1024,0/0
/spttest/ougoujmpn7st,2d62712a174d083d,1024,0/0
/spttest/c5dxi700w2pw,163157f22275c5c4,1024,0/0
/spttest/85pngdmlauaw,ee71d9bbcaed4e8,1024,0/0
/spttest/metw7rqmb3db,28f026432cbed3cf,1024,0/0
/spttest/sig4kx33bw2c,3414d30d0f875614,1024,0/0
/spttest/j2k727g78gdc,22d5ef9976d09be0,1024,0/0
/spttest/r7uny4ogvtmn,31b792d4e1efd7bf,1024,0/0
/spttest/l1fx943ic9ae,266ea230523f7806,1024,0/0
/spttest/jxk7en82hd9p,24689b71d0cdaf6d,1024,0/0
/spttest/91lmbyyxdehn,1085517889a7f39b,1024,0/0
/spttest/vawrrdj2n42t,392dc216d19d7265,1024,0/0
/spttest/bfizlawh9aq3,14e1727715dbaf8b,1024,0/0
/spttest/wjz0i1rr88zy,3b7715ce4984b68e,1024,0/0
/spttest/35dh5s1qpo11,5c0a6d3efb943e5,1024,0/0
/spttest/od298fdeo4g3,2c806a94d8d73e83,1024,0/0
/spttest/jxjdbpj5azqy,24684e430600747a,1024,0/0
/spttest/gqg9ys4s4jhf,1e916c03aecea7a3,1024,0/0
/spttest/powf60ldmgzt,2eedcbeafd512089,1024,0/0
/spttest/l94d2i05yyeo,26d26067a571a7b0,1024,0/0
/spttest/tjbe01fmnq5i,35f3b7e0e99d6626,1024,0/0
/spttest/bn5wijpyxe8v,1544a3d6916bdc5f,1024,0/0
/spttest/lhisc72wsjpy,273f7ecabe162ad6,1024,0/0
/spttest/dmiod3mfxmp3,18e37cf04aa8e827,1024,0/0
/spttest/2vvrv595saec,5455c5acf501ca4,1024,0/0
/spttest/p89jqrc3k8tb,2e15b7150a2b2c9f,1024,0/0
/spttest/czeno3auqreu,17b748c748308346,1024,0/0
/spttest/4dcilwjimb41,7fbd57885869fc1,1024,0/0
/spttest/l03qh11gcaic,265d3f1de304c434,1024,0/0
/spttest/irq8ew5djq7w,22493b747049ec7c,1024,0/0
/spttest/xotw6zv7bs7v,3d89cc708bbe569b,1024,0/0
/spttest/sk59wcy04clw,342ae3287a86a0d4,1024,0/0
/spttest/casj5z758r5m,16778ef6209a4c7a,1024,0/0
/spttest/y7rcz36yk2j,1bc6f81e7037c1b,1024,0/0
/spttest/z49dz6jx1y5,1c8298bf90fc31d,1024,0/0
/spttest/336o2j86v37e,5a43777474fb7fa,1024,0/0
/spttest/wq61ta7zq6n7,3bc78f4a572b0323,1024,0/0
/spttest/wv6vtn2de0ol,3c08ce92b08b1ff5,1024,0/0
/spttest/ga9dauugbmh6,1dbf19e31204ee8a,1024,0/0
/spttest/6el1lond17ej,bb320e46dec84bb,1024,0/0
/spttest/j7fgzjpsdgsl,23152d829dde2645,1024,0/0
/spttest/5tbqo8nt1njy,a9eff2533d1a67e,1024,0/0
/spttest/cmdbm510xg2r,170df124e88643a3,1024,0/0
/spttest/7htooh0cbl0c,db0d40ffcbddb1c,1024,0/0
/spttest/3tg5j8grhm8a,6f95c4384f705ca,1024,0/0
/spttest/k0d84t6k1i6o,248d0e807f9b4e50,1024,0/0
/spttest/jvyj07wbqqny,2453cbd90905e47e,1024,0/0
/spttest/bz8pi71zo8ge,15e18609bf6fd7ce,1024,0/0
/spttest/uuol1qxzf7n,190bfd40345f0c3,1024,0/0
/spttest/l8vcc2ho6r5q,26cf1f34f7c1eafe,1024,0/0
/spttest/4kppmmyuhxam,85b85115f3948ce,1024,0/0
/spttest/w4odkefeuw41,3ab0686d4f494811,1024,0/0
/spttest/7dbcq6p4j5sp,d7641bd68c30c19,1024,0/0
/spttest/2lkoyjjwthux,4bf7848122dfba9,1024,0/0
/spttest/g0u128yr4d2x,1d44a9a65e6ede39,1024,0/0
/spttest/6zndxa016696,cc4bfa2c373e62a,1024,0/0
/spttest/mr80i2l7kxp5,29911d7ef2e06299,1024,0/0
/spttest/nikkz3ar0t5r,2af45c600f22e69f,1024,0/0
/spttest/q1d3kub61gqp,2f8faf86aa27bd01,1024,0/0
/spttest/tqk1k22vf6y0,3651c40fb626b7e8,1024,0/0
/spttest/hmud0atk3nig,20362930d62361c8,1024,0/0
/spttest/j89rmgl4dphv,23201bd930893a53,1024,0/0
/spttest/rgkvu4t0izb1,3228f2b37f08d73d,1024,0/0
/spttest/qa0h9rrik8k2,3000092e7092f652,1024,0/0
/spttest/42e7gab9qscc,76d8fc25dd866fc,1024,0/0
/spttest/lofu25sgrxv8,27995ae69089b434,1024,0/0
/spttest/nf2yt9jw131h,2ac7097b7f2de1a5,1024,0/0
/spttest/79k4zcb3cy0l,d4578274676a635,1024,0/0
/spttest/g38xa2b21ur1,1d6403fb17b73fed,1024,0/0
/spttest/mtn8yo5ni50j,29b0973e086194e3,1024,0/0
/spttest/cwbe75r6soe,a78819a229f5ae,1024,0/0
/spttest/w4ktb0j6uch6,3aaf1f566e234caa,1024,0/0
/spttest/mo2jb2e61rj6,29682bc45135dfa2,1024,0/0
/spttest/7nz5ysyet0pp,e00bdcc7ad07edd,1024,0/0
/spttest/401hwhnecitq,74eff457741844e,1024,0/0
/spttest/9se9ltbspkm8,11e1602bd4a5eca0,1024,0/0
/spttest/3kpwmoi6s6px,687f9ca03345f05,1024,0/0
/spttest/qkz0nxj6j4i3,308e640730665f8b,1024,0/0
/spttest/ezq2g0fznz82,1b62a139805fb112,1024,0/0
/spttest/wzk8dzfsgssj,3c4194a05d599dc3,1024,0/0
/spttest/ol69gdxwofmp,2ce9c6acf33d7921,1024,0/0
/spttest/s0bqcx57zkh8,33296e774303fd6c,1024,0/0
/spttest/iijl9eo1cl19,21d1ee87e286167d,1024,0/0
/spttest/fckymewjhhcr,1c09a5e9fcc6451b,1024,0/0
/spttest/o8ztj31j6sk1,2c4b94866a0b5d11,1024,0/0
/spttest/bzzjrsol0du6,15eb35452a9f5b0e,1024,0/0
/spttest/luc2vbrip36z,27e5ef92b29fea6b,1024,0/0
/spttest/6ing6lg9yks1,be7f4112b7756b1,1024,0/0
/spttest/buy8k77c6ej2,15a9c9da6d79070e,1024,0/0
/spttest/yovf5atmoksf,3f5df6ade0c2c93f,1024,0/0
/spttest/q49neszlcfwa,2fb568b56d2fbc7a,1024,0/0
/spttest/1rtakxdlo2cx,33ce5009c91baf1,1024,0/0
/spttest/ob0oot5lhtw9,2c65defc636eea99,1024,0/0
/spttest/robjw6ofnikz,328d7ecc32f1ecd3,1024,0/0
/spttest/vfgtz8ktywut,3968f42c3fbd27d5,1024,0/0
/spttest/jwhosxhpr3zj,245ab5b83804f9ef,1024,0/0
/spttest/e7qgxdxa95wd,19f7133209f8041d,1024,0/0
/spttest/czdtpzmk78qt,17b6fbf0af844405,1024,0/0
/spttest/qh6gjaq45w4k,305d1e4d198cbde4,1024,0/0
/spttest/6su5733ukth2,c6c4305fced8c36,1024,0/0
/spttest/krfrwqscd789,25ecafe931fd81d9,1024,0/0
/spttest/fhz1qbbhzva8,1c4fad5412377620,1024,0/0
/spttest/a76o0psawicy,12a1790f2c89eef2,1024,0/0
/spttest/3urfhnhmuqpg,70a6b1dbeb64cb4,1024,0/0
/spttest/gvsk3op9h5wz,1ed6ccb96f852533,1024,0/0
/spttest/py6m21906z8u,2f6660966ebe4bee,1024,0/0
/spttest/4qeangs8pu5d,8a556213cd41ce1,1024,0/0
/spttest/c77gxwmbv44w,1648fdc0557e69b0,1024,0/0
/spttest/2k8cgkpmtgdh,4ae06892f201225,1024,0/0
/spttest/dnf8v2lq1ygb,18ef3d51a78712ab,1024,0/0
/spttest/qucbxnbp9ubw,3108190abcd876cc,1024,0/0
/spttest/bus9kvptox1o,15a7a242126bee4c,1024,0/0
/spttest/w15wlwas62n9,3a82c68449dd96e5,1024,0/0
/spttest/3r7msuh4jgr6,6dc4ebd4d6e2392,1024,0/0
/spttest/99nanq4f3h2d,10edd64f3be2d825,1024,0/0
/spttest/4waylmo7l6yb,8f211a52af27d73,1024,0/0
/spttest/vnpz97fmpz2r,39d42b148af69fd3,1024,0/0
/spttest/nu9n12uedp6v,2b8c48adb4a726c7,1024,0/0
/spttest/iu60byz1u2qa,2268e7202c785652,1024,0/0
/spttest/4b1n66nl25uf,7ddee9d815b5b17,1024,0/0
/spttest/g5jy5453pfix,1d81f8c20d55b1d9,1024,0/0
/spttest/oxy40fkmohgp,2d8fb219e1680469,1024,0/0
/spttest/d59gnrn1tskn,1803587e791602e7,1024,0/0
/spttest/v1ht3yg35iom,38b374b7a686f0d6,1024,0/0
/spttest/mlq3n32d6y0g,2949b4a376f756b0,1024,0/0
/spttest/4n73t60zvrvv,87bc63a506e41eb,1024,0/0
/spttest/wy0gi7vqozwl,3c2d74d53a6ff1c5,1024,0/0
/spttest/5d51pq6ap0nn,9ccc0ca1dd2d193,1024,0/0
/spttest/ra7wmimragww,31d65465880a2720,1024,0/0
/spttest/mm7b9zor0ero,294fea7de0ca15c4,1024,0/0
/spttest/deb293acwwy9,1878d392f790d2d1,1024,0/0
/spttest/liexuzee5fgl,274b18be5cc35385,1024,0/0
/spttest/uifd33nf67mo,37bbc6fd504a8720,1024,0/0
/spttest/uy6whwmrih67,38888d968d477a6f,1024,0/0
/spttest/q5yqf5l59vwg,2fcb72e4cf29b2c0,1024,0/0
/spttest/2l4ztkcir82i,4b9ce422c7de39a,1024,0/0
/spttest/uuzbjuot2lcb,385ed97f5762158b,1024,0/0
/spttest/1rgqwmv80s1h,3385e1a2c84d1f5,1024,0/0
/spttest/tbnco7r4nhht,35901ed5c90df851,1024,0/0
/spttest/nnkj82hm2i24,2b354a2acabda1ec,1024,0/0
/spttest/g9xezbvlvssc,1dbac9c73245247c,1024,0/0
/spttest/pmspkicfngb4,2ed27a9f4e85f150,1024,0/0
/spttest/349w1o9y5xt4,5b25e4ada072068,1024,0/0
/spttest/s0hutf8p5shj,332ba41d58bb2877,1024,0/0
/spttest/8m619sm4ud9o,fbcdb0f45f53aac,1024,0/0
/spttest/1cq8pqrl6stp,278f442273a386d,1024,0/0
/spttest/mzjefhy8lqsd,29fd235686061add,1024,0/0
/spttest/qdu8pyuc3qe7,3031be0fa8f9cc5f,1024,0/0
/spttest/o2pgha7hfjiq,2bf9e7d195e61d92,1024,0/0
/spttest/rnd5og7d0c28,328115ce1b97e610,1024,0/0
/spttest/a3h5xfapksuv,12714daa10cb2017,1024,0/0
/spttest/ypcd9nnuxc46,3f64141e47050596,1024,0/0
/spttest/stadwn7giioh,34a1a297e6592b11,1024,0/0
/spttest/1xwe2k6jhcgn,38bf29a039ae457,1024,0/0
/spttest/1mmqcwcqajwq,2f9949f13808d4a,1024,0/0
/spttest/em35rvg5ghpb,1ab180f5d45ad29f,1024,0/0
/spttest/xpxuiwmcnset,3d9836e2f8231395,1024,0/0
/spttest/199d3cldjyi3,24be57602fb566b,1024,0/0
/spttest/iuk4jpqfxfhk,226dff1899a833a8,1024,0/0
/spttest/mohitqottuat,296d940e4306bba5,1024,0/0
/spttest/j5e5jy5ds7oe,22fab94b099256de,1024,0/0
/spttest/6mjz3pfudu3m,c1aa82a3dcca3a2,1024,0/0
/spttest/ig2o1yb3yjp7,21b1d8ec5c28e73b,1024,0/0
/spttest/7ff2y84wsa3,607d048fca9b2b,1024,0/0
/spttest/7ueacrpc0yfj,e54221f0901ee4f,1024,0/0
/spttest/ljgtdf0x8yf9,2758c338c2dc5145,1024,0/0
/spttest/1dt2l1koscpv,286f6e3e4306763,1024,0/0
/spttest/if7g6ssl52pi,21a69553b19f01f6,1024,0/0
/spttest/r0x05y9tfyqm,315d7e1e2b7dbe9e,1024,0/0
/spttest/k7adti343tut,24e6f4c877fa89e5,1024,0/0
/spttest/u13ud5j3kl5s,36dacd8a7c744720,1024,0/0
/spttest/oiv73y3d1og,13e8cd5ff17e4c0,1024,0/0
/spttest/jhgssn36h5qt,23978cbe321b5955,1024,0/0
/spttest/zlit2usn60d0,41060f1c61510e54,1024,0/0
/spttest/sihsc80on6t9,34156c60d77b1a3d,1024,0/0
/spttest/81ony3wys42p,eb2cd7a12d895a1,1024,0/0
/spttest/v6qy57zdb9u5,38f7b33bfa744f8d,1024,0/0
/spttest/cpidxndoyi5x,1736bcb51c8fac75,1024,0/0
/spttest/kialdilt8xdf,2575e9fe7b326bf3,1024,0/0
/spttest/77jz6mlpzlpn,d2b6ec3b8a965ab,1024,0/0
/spttest/xqpamsremzpm,3da21e28bdb3b84a,1024,0/0
/spttest/rgwapp8h8qj5,322d10ec34b5d951,1024,0/0
/spttest/nhxq0p1wn5jp,2aec1cd95295cfd5,1024,0/0
/spttest/93ack58x4s53,109b3adbc0229877,1024,0/0
/spttest/5kpsm9u66wxm,a2f29fb43aefa3a,1024,0/0
/spttest/h7mk4pr8igym,1f7081ab45270a5e,1024,0/0
/spttest/rq0dp3r1rr09,32a3715c6d1b1e79,1024,0/0
/spttest/rmtd3y9lapeq,3279f1816e0d7822,1024,0/0
/spttest/lef3qe7c80gn,271732c8ca781c57,1024,0/0
/spttest/h5g9jjcm29ki,1f5441c7643b12f2,1024,0/0
/spttest/eh8pxlsa9nba,1a72903df54ca846,1024,0/0
/spttest/ygfnrknitn0d,3ef05cd8e29827bd,1024,0/0
/spttest/2n2yzgrqcf6i,4d30de3e6203dda,1024,0/0
/spttest/rjudpcjpnds6,325357a0ed298a86,1024,0/0
/spttest/f455jn1g5mr0,1b9c07bb27dae66c,1024,0/0
/spttest/slshafg8rg4q,34403fd901fc426a,1024,0/0
/spttest/ves2o3x2hzkw,3960054400546460,1024,0/0
/spttest/jez4vit1r4z4,237732988b9a66f0,1024,0/0
/spttest/pdqxxfbosph3,2e5cf005a611c3f7,1024,0/0
/spttest/yt3revy712ds,3f94ee1ff01f6150,1024,0/0
/spttest/w6785swhcaoe,3ac432cf9cb1f20e,1024,0/0
/spttest/kwmclyl517iz,2630018456efd55b,1024,0/0
/spttest/7yoleuo7show,e8bcf33df676f90,1024,0/0
/spttest/whcj7twlv2j8,3b54fed829d06394,1024,0/0
/spttest/edwj45dakg5t,1a47328f0fc07cd1,1024,0/0
/spttest/em5tg3qc7zma,1ab2766fcd001412,1024,0/0
/spttest/7s1peykp9mcv,e359d76aa21026f,1024,0/0
/spttest/8dtz44w3umzv,f50970d50f372eb,1024,0/0
/spttest/o3u0y60r0jvg,2c088b11421b3f9c,1024,0/0
/spttest/dbncmg7349it,18564ad52ecce835,1024,0/0
/spttest/q14077d725z,1521f52148e1fb7,1024,0/0
/spttest/9w3v1qg8eslq,12119429e152b04e,1024,0/0
/spttest/e95ya2r0vptb,1a09a67fa2f8806f,1024,0/0
/spttest/l6dkpe6oq7nm,26aebb8a81c8b942,1024,0/0
/spttest/siyhu76uhmzi,341b73b22f2b349e,1024,0/0
/spttest/ly357faq95vl,2816ab479401f801,1024,0/0
/spttest/723dzsozcc5q,ce480387eeaab8e,1024,0/0
/spttest/ks58715xhw5g,25f5dee71dae8204,1024,0/0
/spttest/4uv24gjbxxbh,8df578933d43ded,1024,0/0
/spttest/k2l3xkjku07g,24a9e12ea4fa9c8c,1024,0/0
/spttest/bj1enqkzmzsu,150f0f862aa791be,1024,0/0
/spttest/r90cdznrxnhc,31c69ca385751c20,1024,0/0
/spttest/cepzuglkpzeb,16aa99ae60060773,1024,0/0
/spttest/2mov7x4pivcg,4cdf71302cc8830,1024,0/0
/spttest/n0hknfql8dc,12aedfeb60183a0,1024,0/0
/spttest/8h8l40q5gart,f7cd46aa73e6789,1024,0/0
/spttest/g6uq4u77ujmb,1d92d984fb1281d3,1024,0/0
/spttest/16ncj47f2f2f,229f967761fa3c7,1024,0/0
/spttest/xk10q4nftjcr,3d4b6c5c46acf23b,1024,0/0
/spttest/k9tjzg6m6nkd,2507da1c99a32acd,1024,0/0
/spttest/8oewzk30qhia,fda09e501cac722,1024,0/0
/spttest/2nk3d62cjtyd,4d93b63ddbd9265,1024,0/0
/spttest/g4m214wnrgmp,1d75be37a36a03f1,1024,0/0
/spttest/rbcg6twm6hn7,31e4f552ef9744d3,1024,0/0
/spttest/ij83y8zxwxv3,21dac752c499a06f,1024,0/0
/spttest/hlv8986vl5k4,20297c1c0e862664,1024,0/0
/spttest/kbc141tnta7l,251b81f16dbff3f1,1024,0/0
/spttest/bzs6d18n6llc,15e88c48ff9599d0,1024,0/0
/spttest/xx2tng23geiq,3df4ef485f6b9882,1024,0/0
/spttest/9pphfv770q2n,11be748dd5bc16ff,1024,0/0
/spttest/aecwyv3phne4,12fea706a034a5ac,1024,0/0
/spttest/q03mkcpbd7r6,2f7f474d4b111782,1024,0/0
/spttest/j9ed46pe402z,232ec1b9100c0b6b,1024,0/0
/spttest/a5c1s3cmbt41,12896fb183c91e21,1024,0/0
/spttest/ocq6vtqji2yk,2c7c102203250a7c,1024,0/0
/spttest/9zvv65n9jo44,1242a68f4b7535d4,1024,0/0
/spttest/3s60285e3hof,6e8b5488e7b7e3f,1024,0/0
/spttest/899wci69iukd,f15638f32620c3d,1024,0/0
/spttest/817ubzhp81jf,eacbb99b92146cb,1024,0/0
/spttest/brni7twa5cre,157ef2cf014f29da,1024,0/0
/spttest/eajeoi4lf18z,1a1b7e9f8e2e9913,1024,0/0
/spttest/v39lvsioiapd,38ca79be14ac26b1,1024,0/0
/spttest/lg8rj4kbl6ym,272ee3c7ebf3d17e,1024,0/0
/spttest/9dly3z6c23u,79d0690a4177aa,1024,0/0
/spttest/3tx666k8chjq,6ff8028cb549bd6,1024,0/0
/spttest/xopm2p8df72p,3d884100af6c2e91,1024,0/0
/spttest/eykg51t5ogbr,1b539ce5ebac71a7,1024,0/0
/spttest/wp0ltt7ab8bz,3bb89b2d6ef9d4ef,1024,0/0
/spttest/zg1t37cwefcz,40befa978a934543,1024,0/0
/spttest/ty7htgx3enj0,36b5270d2b11b59c,1024,0/0
/spttest/id87mkw08yvs,218ce136df98a298,1024,0/0
/spttest/qhpqods21tek,306413516a564d1c,1024,0/0
/spttest/d881episzmnp,1829ccc379b79175,1024,0/0
/spttest/mf7b128884h,1233feb1496fb21,1024,0/0
/spttest/uuq0qp8797uf,385b7e729cd226f7,1024,0/0
/spttest/vsodvfjx57nh,3a148a21e81452fd,1024,0/0
/spttest/lqqn8fluh19b,27b73bf38b3f629f,1024,0/0
/spttest/vy7i1kncnvhg,3a5c621d1262c724,1024,0/0
/spttest/e67eyljin7is,19e335e59bf2d3d4,1024,0/0
/spttest/8kspv4x2zcdp,fab0fbf57aa8f6d,1024,0/0
/spttest/w34exe5hdlio,3a9c374c1429b330,1024,0/0
/spttest/fwcldujvi9v5,1d0a6a231313cd71,1024,0/0
/spttest/qbtcykbgie5i,3017720e280df426,1024,0/0
/spttest/nnenx4gmhlxs,2b332c01ac8c1f50,1024,0/0
/spttest/g3v0mgidbchs,1d6bfca9b3cb4900,1024,0/0
/spttest/bxhkqnwotqit,15cabe9d08d5b385,1024,0/0
/spttest/7eiklqqwaurc,d85d9c8aecf6238,1024,0/0
/spttest/f0jwqwtq16u8,1b6d65a76d2046e0,1024,0/0
/spttest/wqnm4vhc6uws,3bcde5b1398b41fc,1024,0/0
/spttest/u4pa3rhoylyg,3709816d74540fa8,1024,0/0
/spttest/7c2soyur6jqz,d662e227cf1fc7b,1024,0/0
/spttest/9lbletr2xfyv,11857c8f8bd7ad17,1024,0/0
/spttest/e78h412bmpko,19f0950a60f86df8,1024,0/0
/spttest/s62uyc3z01mg,33742a7b46103738,1024,0/0
/spttest/dh0wzcurmats,189c22239faa9350,1024,0/0
/spttest/4swnn24x4sxt,8c5f0990d489c81,1024,0/0
/spttest/o6i8wsvnz34y,2c2b42d901be0da2,1024,0/0
/spttest/89sxvj20hix,6b739fd756f6b9,1024,0/0
/spttest/48fzv80z9x5d,7bc24930ae95311,1024,0/0
/spttest/5mocj9i1uj1u,a489edc145134f2,1024,0/0
/spttest/87wvwiuqvuwr,f03b46060d6603b,1024,0/0
/spttest/rovd2suqh0lf,3294a4ac6d50ef43,1024,0/0
/spttest/umua2qmpp0vu,37f51dd122a2c1ba,1024,0/0
/spttest/mp55cy7k2bsr,29761a577310d83b,1024,0/0
/spttest/y1vm21xny95a,3e334780e5528dce,1024,0/0
/spttest/oja4fvk2rol0,2cd130c510207734,1024,0/0
/spttest/dc8d43ztm6mq,185ddfd3173ea412,1024,0/0
/spttest/r3g3bp1ufrlp,317e5bbc11cf0b7d,1024,0/0
/spttest/mkjci2x1zwie,293a478a1db8f456,1024,0/0
/spttest/gi3emnq9pj44,1e24dd236a0b6e04,1024,0/0
/spttest/gvao7pm4evz1,1ed058a561e7855d,1024,0/0
/spttest/91haqgecitsp,1083c23da3776b59,1024,0/0
/spttest/jvgr1v44fpir,244d61dce9a872f3,1024,0/0
/spttest/fyumgcxyhvrb,1d2ae60608ea0107,1024,0/0
/spttest/1tm6rilp3kpr,3544f2508c0989f,1024,0/0
/spttest/qkotjtk96ua,1592fb98b6f22e2,1024,0/0
/spttest/klczksebk1zr,259dbef0a4c2ea17,1024,0/0
/spttest/ot5otcz3mqpz,2d517bc5c73f7fc7,1024,0/0
/spttest/69g0qdv9m1ya,b705e8963468862,1024,0/0
/spttest/xv932l0jwhmh,3ddd37264f9de439,1024,0/0
/spttest/m5uqfixm3gcy,287b8c7a653c4f92,1024,0/0
/spttest/hn8puxwegap5,203b5751c59c7829,1024,0/0
/spttest/3ltzqlyzxuyy,696707f0968b60a,1024,0/0
/spttest/nxti45qeecb8,2bba6b3445cffbd4,1024,0/0
/spttest/hkz3rmaeme1v,201de4cec68c46a3,1024,0/0
/spttest/b8tk26x264dw,148a55deb2c5a1b4,1024,0/0
/spttest/kksklneotoe3,25966126589ae0bb,1024,0/0
/spttest/hcee5notp3h4,1fae81ade0802ad8,1024,0/0
/spttest/dlug5mgk9dop,18dabf0aaa4c2189,1024,0/0
/spttest/rxbeg74gjmpv,33025823cc1a09c3,1024,0/0
/spttest/zgmg7w7gmjj3,40c66d4ddbc2585f,1024,0/0
/spttest/xcjg7yfppgjz,3cea28b13cd2550f,1024,0/0
/spttest/uqpah09rv4xc,38274605002a29b0,1024,0/0
/spttest/pu3nnbcrqcew,2f315a89d996dc58,1024,0/0
/spttest/ha4i6k8ieg7i,1f90f5cf96d17b8e,1024,0/0
/spttest/ywcuv48y0wj2,3fbf2e1031f126ae,1024,0/0
/spttest/kw0dey32kd9k,2628137b43e64e28,1024,0/0
/spttest/8lmxmq4vrb0o,fb5f6b8b6e29f88,1024,0/0
/spttest/97ayaj31z9fp,10cf67a5b2995785,1024,0/0
/spttest/j0d5ujqkj2yq,22b96b658cd581c2,1024,0/0
/spttest/eeucrpwb42b0,1a5366cc692e9fac,1024,0/0
/spttest/yx0v26r06o1,1c58d18367fd4c1,1024,0/0
/spttest/pvq5t395h4mr,2f46767e04838ab3,1024,0/0
/spttest/cn3qjhz4e4ku,171779045e39ceae,1024,0/0
/spttest/30vpy6o6ik6l,58649b9329a3cad,1024,0/0
/spttest/dhgd4higjsuq,18a1b514b78dc0d2,1024,0/0
/spttest/6vzr8dfrln95,c95412c7cafcff9,1024,0/0
/spttest/dtvjn1kbtohj,19430e671239ac37,1024,0/0
/spttest/ph2d40pi6sdv,2e8806ccb64a2b33,1024,0/0
/spttest/u9snw5w9rlzy,374bac31fca9211e,1024,0/0
/spttest/d5hghgz8zuo4,18063afdc1c23a04,1024,0/0
/spttest/x1rfxitdy1yb,3c5e291212ea5f63,1024,0/0
/spttest/2u09bzqkc60,24ce39d62b3098,1024,0/0
/spttest/3ytk2qaf1jr1,73f24a51db8113d,1024,0/0
/spttest/awc9i5l6k087,13e83971702c4827,1024,0/0
/spttest/gm6t52doxcy0,1e5a0c80bbc38bc8,1024,0/0
/spttest/mczaviebezw6,28d81f3402a87036,1024,0/0
/spttest/o0h3pri7031d,2bdce99bc794ee61,1024,0/0
/spttest/eeduvpes81ka,1a4d7301b0ac9dea,1024,0/0
/spttest/iq0g30tkqzbc,2232f04dd7631d48,1024,0/0
/spttest/nq9c7du7l6gf,2b5837e09c5942ef,1024,0/0
/spttest/nnh0ajx480rn,2b34047d54cc0de3,1024,0/0
/spttest/x1a87ack74yf,3c57f2faeb8fb8d7,1024,0/0
/spttest/a5a4g3qvoh9g,1288bdccc03dc464,1024,0/0
/spttest/9sc38lx8qk0m,11e097194ce063d6,1024,0/0
/spttest/eaicphyp039m,1a1b1d31c422e18a,1024,0/0
/spttest/if6l5umod0y4,21a645b85012960c,1024,0/0
/spttest/xukw5hogntor,3dd47c8efd41b60b,1024,0/0
/spttest/l154kyye9h3o,266abcf193bc74d4,1024,0/0
/spttest/1yt69qtkpbfj,397c6bd48c90e1f,1024,0/0
/spttest/nikzu41oltng,2af48281d2ac055c,1024,0/0
/spttest/mx0ir1j0goec,29dc58e9eed7db84,1024,0/0
/spttest/x7ushfk1a07n,3cad4dec922dc093,1024,0/0
/spttest/nryn1r01ecjb,2b6e56298837c7f7,1024,0/0
/spttest/6dwrd1iwxoot,baa5dc7dadef33d,1024,0/0
/spttest/vbnua92plgh2,39378682337557a6,1024,0/0
/spttest/unep43p5t49u,37fc7bc404a613e2,1024,0/0
/spttest/31awfswscl3y,58bc3e5bd6e91de,1024,0/0
/spttest/biarkaj4m82w,150572b0eee72268,1024,0/0
/spttest/wc4esnwsxy03,3b111e454d91b663,1024,0/0
/spttest/ujspfjgcc5hf,37cd94b5981362c3,1024,0/0
/spttest/46qd80e6q2qw,7a5e8028d684e68,1024,0/0
/spttest/qq1cvr7vp4ea,30d02e6532c74d82,1024,0/0
/spttest/u2kz12a2j521,36edf90668faaa59,1024,0/0
/spttest/rlrtxb8ag6n7,326c66a84ff5dfa3,1024,0/0
/spttest/on0tdum2yxqn,2d01ca1d4e10594f,1024,0/0
/spttest/hhe83e9iun9s,1fef64682db08750,1024,0/0
/spttest/777t8a39oxf9,d270b1195b9f435,1024,0/0
/spttest/vsqmtp1xqlb7,3a1559d6568f2363,1024,0/0
/spttest/czzodgaoabpg,17bede51ade719c4,1024,0/0
/spttest/12n3jl4ijo5t,1f5ed5193cff311,1024,0/0
/spttest/2v9ecz30tl82,53d499a63b12cb2,1024,0/0
/spttest/8jzvi1zd51cl,fa0a787dfcfbf15,1024,0/0
/spttest/5zgph077n4h7,aeeb9720ac9996b,1024,0/0
/spttest/oe8u3uax7lub,2c8fc79a2ffa3353,1024,0/0
/spttest/uy72gj2jpab9,38889ce27a5e6b75,1024,0/0
/spttest/cqmw4rqhn2wg,17455a20f9f07770,1024,0/0
/spttest/jdxqw8c58894,2369b519b85430c8,1024,0/0
/spttest/kdonet3577vp,253a0a16e32884a5,1024,0/0
/spttest/dym6e4vxaj9x,19809f61cc30dd15,1024,0/0
/spttest/8sz8q97yb692,10155469aca7e266,1024,0/0
/spttest/7cf99i9o1l4k,d6aad11eefc5d34,1024,0/0
/spttest/dc9e0uh53nyv,185e3e86a3fd8517,1024,0/0
/spttest/cpao8qev8n51,1733f43598ff3e25,1024,0/0
/spttest/sucy2fc03wwh,34af8c507662e951,1024,0/0
/spttest/z4wvz8yyt2xt,402e525798c01e21,1024,0/0
/spttest/adh0fk1784ls,12f3242111fad450,1024,0/0
/spttest/2bpjdnmfftpt,43f533ce4d07b31,1024,0/0
/spttest/d2bumxuxq4pz,17dd3d5285c42367,1024,0/0
/spttest/jh68466fcoi5,2393bc0036ccae0d,1024,0/0
/spttest/opg199sau9k9,2d214259fd9895e9,1024,0/0
/spttest/4ckzayi4bni8,7f1e5ff8bcff7c0,1024,0/0
/spttest/jf8pd55s220h,237aa67b4c01d6b1,1024,0/0
/spttest/uoedu5ws57b4,38095c172831a040,1024,0/0
/spttest/rmw6bz0ya5oc,327af538b4408d3c,1024,0/0
/spttest/x105gs3ur3lj,3c545046e842d4f7,1024,0/0
/spttest/b1eh55udvtc4,1429f81041ae9b44,1024,0/0
/spttest/vy2xywqy0ng4,3a5abd22920c00b4,1024,0/0
/spttest/x9oqrn4rze3k,3cc519d3029ced20,1024,0/0
/spttest/nn5dhi85slx5,2b2fd1ebe1cc02f9,1024,0/0
/spttest/r6wpf6gb5wvo,31ab52179d4180b4,1024,0/0
/spttest/2s6dxvntcy5s,5153ba6fe0360f0,1024,0/0
/spttest/nw125cfif8k9,2ba32aab2c99c719,1024,0/0
/spttest/num1n59eio9x,2b90c297588fed65,1024,0/0
/spttest/9ffw7zg6qvlk,11391a3ab4f61878,1024,0/0
/spttest/qlp2x2j0no9j,3097cb62a2856697,1024,0/0
/spttest/os3l1r98nu9e,2d43bc1d5ad3b4f2,1024,0/0
/spttest/z98lh4rs5adr,406680d6c5a42bcf,1024,0/0
/spttest/80fn1mhd5qln,ea28e9739d2c6eb,1024,0/0
/spttest/d7e0t9eq1vf6,181ef8300c9d7752,1024,0/0
/spttest/1pgson2shxr,162d8f4b08c7cf,1024,0/0
/spttest/8v7po9gsm643,10325d59355a3473,1024,0/0
/spttest/5o4xjcpzpygg,a5b97e569d201b0,1024,0/0
/spttest/k1xnt0fem4sc,24a16b55cd3e6bbc,1024,0/0
/spttest/80zwhtcgcgm9,ea9de339a55af21,1024,0/0
/spttest/20t5ubbhjzc1,3b1c027308126a1,1024,0/0
/spttest/79v9qiyibp8p,d497c679c560e89,1024,0/0
/spttest/jslwqfmacfar,2428468395abaa73,1024,0/0
/spttest/qi2k7nqa9rqp,3068b384bff616b1,1024,0/0
/spttest/6q1w10dfr31f,c4816ac8db04b23,1024,0/0
/spttest/h9xzobb3dp2l,1f8e9c1de35e5f2d,1024,0/0
/spttest/1de2xjpsvl1j,2818e41fb5c8c47,1024,0/0
/spttest/g2l4mjy0kkh3,1d5b6dfe61f81ca7,1024,0/0
/spttest/rkgpjzl21214,325b6623291a6688,1024,0/0
/spttest/m40y1mbqj7nv,2863cfb593f8b38b,1024,0/0
/spttest/scqrqlmg6ve7,33caba9c6d6adc6f,1024,0/0
/spttest/iv1mc5bqpgx3,22744f0043a1d7e7,1024,0/0
/spttest/eddvjc6jwtc0,1a40776f2814a780,1024,0/0
/spttest/qfu8vwmxgkkx,304bb8ff761f6531,1024,0/0
/spttest/n0ry0xl0e465,2a0d35d17688909d,1024,0/0
/spttest/o5no2hsbd7sb,2c203a53191dd3ab,1024,0/0
/spttest/1c8fofw6dd6e,272877f6beeb9f6,1024,0/0
/spttest/so9cfsn6laxf,3460502cc1492c93,1024,0/0
/spttest/pgfvjdxawgb6,2e7fe99c04741892,1024,0/0
/spttest/xx8as161dpr3,3df6e911b2cb4c9f,1024,0/0
/spttest/ffv4c2295ldc,1c344805f0190c70,1024,0/0
/spttest/nzk5q2yn9wh8,2bd1069c5af3ebac,1024,0/0
/spttest/wz9jxz0iyzsg,3c3dba3956f2abb0,1024,0/0
/spttest/tcs7r7atz28j,359edd51296bcb13,1024,0/0
/spttest/ir8i7hqimmba,2242d5f4f637e476,1024,0/0
/spttest/8emwfe32v7tz,f5b06d5fcaa0767,1024,0/0
/spttest/roj3tl3aah8b,3290388179603bbb,1024,0/0
/spttest/53er6uggdhuj,94e5ce6af2a4b9b,1024,0/0
/spttest/sedca3ynpfhu,33dfdcacde9509b2,1024,0/0
/spttest/xxjtic5mrlq5,3dfb112dc23af0bd,1024,0/0
/spttest/ihr7wuskfyyl,21c7b1f85f44c2bd,1024,0/0
/spttest/xcfq2wkgp8,c080fe795598c,1024,0/0
/spttest/7n5x7595pkzj,df6309f47162f7f,1024,0/0
/spttest/gywulr1xw2u0,1eff50e9b49f2b58,1024,0/0
/spttest/qih388dmyzvh,306df176f8d8941d,1024,0/0
/spttest/p6ls0k1csmc2,2e002636517fd012,1024,0/0
/spttest/yo97t6xixrqh,3f55f3c1218720a9,1024,0/0
/spttest/5oremrumn16n,a63b3dc0dbda3bf,1024,0/0
/spttest/iz26pqaqnpnf,22a8784fcb4f839b,1024,0/0
/spttest/w8k0gfo38m1n,3ae2ca57d638549b,1024,0/0
/spttest/hiiadt8qnhxw,1ffdd902b5e04494,1024,0/0
/spttest/q6u0d1od1mpc,2fd6bbd11dee0630,1024,0/0
/spttest/cnu9xadhk34o,17210c52f3aa31d8,1024,0/0
/spttest/5tthtenxqxn6,aa5670cc45ac9d2,1024,0/0
/spttest/4sz107pkwj8a,8c6cba08a58315a,1024,0/0
/spttest/6vglw6t5749e,c8e587ad8512a52,1024,0/0
/spttest/y7tjgnty2ykp,3e8077a6b4d38189,1024,0/0
/spttest/spqzz41vt2qp,3473ac14db43d621,1024,0/0
/spttest/lolr2l42y104,279b7d716daddb94,1024,0/0
/spttest/ovz41elwxlhf,2d761406762c9f03,1024,0/0
/spttest/abk2nhrvx3dp,12da446aefab2a5d,1024,0/0
/spttest/kxfhow78dh30,263a853be7461bbc,1024,0/0
/spttest/fwoxqgnjxwip,1d0ede3e8de851e1,1024,0/0
/spttest/miaq6xi6emz1,291d30d690fc49cd,1024,0/0
/spttest/8ce1qqm2l07a,f3ddaa55d7f6e46,1024,0/0
/spttest/t8hy2pli0sfr,356733c522a865f7,1024,0/0
/spttest/o8s8vnsfyvqq,2c48d8f6540f6432,1024,0/0
/spttest/elc7zu9od6gx,1aa7c8b795edde01,1024,0/0
/spttest/u3szewrjhy00,36fdda36efcf8560,1024,0/0
/spttest/qheh6o3qoae0,306002e9b0739098,1024,0/0
/spttest/3asrvsyltuth,6071e25dbb3be45,1024,0/0
/spttest/tk3ezfmplgar,35fdd4b643e8c6c3,1024,0/0
/spttest/p2sozo8o8r56,2dceb000adf6b36a,1024,0/0
/spttest/cbtzis9nkcox,1685128d40f8f841,1024,0/0
/spttest/8j13xix0rej4,f941c456a2f0650,1024,0/0
/spttest/6779t8u2ay1o,b533c0143b504dc,1024,0/0
/spttest/xaim1f8kyux4,3ccfe0bd5cfcb508,1024,0/0
/spttest/i4eqyakaebib,211a55b2ad6c6bc3,1024,0/0
/spttest/lqgehiq4hocn,27b389d311072187,1024,0/0
/spttest/ylp9b9qsmjpr,3f34c5baf873a14f,1024,0/0
/spttest/fhylpqwsxy7w,1c4f843c4643277c,1024,0/0
/spttest/84i9ydnmojme,ed77722c9735b56,1024,0/0
/spttest/d2ax7v5mc27,a9b1196fcb978f,1024,0/0
/spttest/f6z30uq04tk2,1bc0ced23feaf6a2,1024,0/0
/spttest/z5tw7810kn39,403a3b0ffef995e5,1024,0/0
/spttest/ktufqsx58x0d,260bf4bc35c4e21d,1024,0/0
/spttest/xq7dwdi9ca4i,3d9ba7e92073bf42,1024,0/0
/spttest/bfqzhbtcqodz,14e45520b9fe0df7,1024,0/0
/spttest/sv85shg69tb3,34bacf8c2d9f129f,1024,0/0
/spttest/votsan5ffp3u,39e287f3abd9bfda,1024,0/0
/spttest/llnimmycc43y,277528bf13a8d3ce,1024,0/0
/spttest/zmw087jsizdq,4117cf7f3120bb9e,1024,0/0
/spttest/64tu8ypy1kri,b3468c5a846a55e,1024,0/0
/spttest/3hf9n1snuf7,2d413443d6e9c3,1024,0/0
/spttest/nv4e141niyzg,2b9761011e9e1c9c,1024,0/0
/spttest/7906dhl6a9oc,d3e445cd41fd97c,1024,0/0
/spttest/ii625us92m50,21cd0cbd95879594,1024,0/0
/spttest/pg3q3zzfi6gj,2e7b8743d2b1bc33,1024,0/0
/spttest/ag940lqse5fc,13174226a000a6f8,1024,0/0
/spttest/d7jyqrsnajhv,18211d1691f61833,1024,0/0
/spttest/bwqwdxlbs5ax,15c11e8d8c4fb8d9,1024,0/0
/spttest/o2igf28nugda,2bf761152a74255e,1024,0/0
/spttest/qzj9r1ne3m9z,314b8c4d1a22ed87,1024,0/0
/spttest/trzdcpaihhhx,3664491b6020bcd5,1024,0/0
/spttest/w66pbc9f36i2,3ac40274ad04f6aa,1024,0/0
/spttest/6130jvo3f4ta,b03c33b6574b91e,1024,0/0
/spttest/22prlwjgelv8,3ca810a993ae234,1024,0/0
/spttest/ar3njkuxb3z9,13a42bde2653e1e5,1024,0/0
/spttest/9m7jwp5b1o3j,1191047c97ffdf3f,1024,0/0
/spttest/x3x0wbbyaklb,3c7a27387d25a4bf,1024,0/0
/spttest/n81lne1nkizy,2a6b9e8b0a1a582e,1024,0/0
/spttest/l9p68d3x8o97,26d9e2986ca3a9cb,1024,0/0
/spttest/5ezyfgankira,9e4e5083a0b3af6,1024,0/0
/spttest/m7nzpkt740hi,28931838eceb5676,1024,0/0
/spttest/m84vgcc07xes,28992f8fa58d14e4,1024,0/0
/spttest/nufzz6yq4dxn,2b8e941bdaa3618b,1024,0/0
/spttest/7mvco7a5cf8x,df260461f2ad531,1024,0/0
/spttest/lppclgr1fkd1,27a9c708130041d5,1024,0/0
/spttest/9y57zu9rsexn,122c0c43f8d9999b,1024,0/0
/spttest/wzip2zm94jvv,3c4106b98220aeab,1024,0/0
/spttest/b65m8rb2avn6,1467b81e4262bcb2,1024,0/0
/spttest/yp7nhfusbmsl,3f62607d57cc4c25,1024,0/0
/spttest/ekzs61i1o55q,1aa34bb007c6e91e,1024,0/0
/spttest/o7ytu9ywsdg1,2c3e3bb2a22a2b11,1024,0/0
/spttest/1r0amrx1gp1d,3326e7480ced7c1,1024,0/0
/spttest/cy0ztburg3b1,17a55d876e4497bd,1024,0/0
/spttest/cvjfr4p01fuc,17850d4874f30a74,1024,0/0
/spttest/b6u0aniyju2p,147085031685f901,1024,0/0
/spttest/5wjzw0dlxm3u,ac8f181dda3772a,1024,0/0
/spttest/m5hitkfgcjdl,2876c82a5a931919,1024,0/0
/spttest/lufgwfekek0,11bc12142a1f0b0,1024,0/0
/spttest/smfs5js4oxer,3448a8316f7fa323,1024,0/0
/spttest/7r3jisuqlaef,e2949d284fdf9e7,1024,0/0
/spttest/b1ylvqfutawb,14313b95d863b66b,1024,0/0
/spttest/rg389yiesf4a,322293fd76bef18a,1024,0/0
/spttest/mf9qdqt7msr6,28f5dd2f74471612,1024,0/0
/spttest/eql2k72p1s7v,1aebec5efce3b61b,1024,0/0
/spttest/9mmbg26bwoss,1196584c58b6288c,1024,0/0
/spttest/jygfydkxbzw3,24743d2935926b73,1024,0/0
/spttest/wqe16gqdb5ky,3bca709c27094602,1024,0/0
/spttest/mv3f3rq54h3l,29c36a2628a46c91,1024,0/0
/spttest/gyl9v1izhfg,dc4f36599168fc,1024,0/0
/spttest/u1aiuwjlbhap,36dd369827140d51,1024,0/0
/spttest/p31zdosjm43c,2dd209f93c8a6138,1024,0/0
/spttest/39qhloq3sob2,5f94dc69583b50e,1024,0/0
/spttest/xrgwdl98x4ge,3dac13e48499f0ce,1024,0/0
/spttest/9exfigyj4hol,113270bae1986d85,1024,0/0
/spttest/o3nh864sh2ne,2c062e41556db3aa,1024,0/0
/spttest/guojc7sak3wj,1ec85c096daffac3,1024,0/0
/spttest/cs5rlohv3ur0,175926c228d5e16c,1024,0/0
/spttest/yf69hbgg3wsz,3edffb9fd7d008d3,1024,0/0
/spttest/gupqiqm36nts,1ec8cad499a1d920,1024,0/0
/spttest/hi5tq7l11ood,1ff959db6407382d,1024,0/0
/spttest/119l5fgxvqjx,1e41014e780c92d,1024,0/0
/spttest/szumzv0lszjg,34f6e0d1e6b287ec,1024,0/0
/spttest/clgff2ruxau1,170212c07f4abf19,1024,0/0
/spttest/xptgi2wwi5ms,3d96a16f0fa82d04,1024,0/0
/spttest/z4v9ssvlwizp,402dbd1132c4f925,1024,0/0
/spttest/xjxsnuyy7igc,3d4a42915782232c,1024,0/0
/spttest/om8z5gp59wyw,2cf7be99c54c7828,1024,0/0
/spttest/k5p1bxhe5rsa,24d243c05df29dea,1024,0/0
/spttest/1rxgthzcqlbe,33e667b24ec366a,1024,0/0
/spttest/5g9bvzg342f9,9f54422f251f845,1024,0/0
/spttest/bosm6ehdhnfq,1559d30a7e0d01e6,1024,0/0
/spttest/xefe957gf6al,3d02acaf9934e99d,1024,0/0
/spttest/lul0m3ybz1ij,27e929194727556b,1024,0/0
/spttest/t9qc4zykiutf,3577380e88b3f883,1024,0/0
/spttest/3w1a1k9ezwjp,71af6146629a185,1024,0/0
/spttest/i7zrbdzddogf,2148e2227172e60f,1024,0/0
/spttest/t8ptqipnas1s,356a0b957f11c780,1024,0/0
/spttest/wmrsvx88du5h,3b9b7375f97ed1e5,1024,0/0
/spttest/g41jj8fs3dsl,1d6e5764788de095,1024,0/0
/spttest/8s656hvelqhe,100ad4a0caf2b352,1024,0/0
/spttest/w7hdv4l0hs8k,3ad4da624cc31d34,1024,0/0
/spttest/41h0psy2tfg0,761965338dffd70,1024,0/0
/spttest/h4m4mn0hblf8,1f49621fad9be234,1024,0/0
/spttest/l8mzq68kvj3c,26cc1be936b40668,1024,0/0
/spttest/emqel1m2uh63,1ab9e40903a35c6b,1024,0/0
/spttest/ff33vfaywcas,1c2a2c86e9838044,1024,0/0
/spttest/yupdg6hhoca,1c4b6e1184b5e7a,1024,0/0
/spttest/im4w9x0r1qmv,2200964b46b68817,1024,0/0
/spttest/1z5neyohx0e3,39c472607cd313b,1024,0/0
/spttest/nwafpbui82at,2ba68cc326d337a5,1024,0/0
/spttest/pd9ijsc782hr,2e56a64d9a43559f,1024,0/0
/spttest/jzkwqibieuxh,2482d6f2be5e9215,1024,0/0
/spttest/bwv9t2z6yjs1,15c2b275f8e72aa1,1024,0/0
/spttest/alajg45ja3lp,1358b86522de97bd,1024,0/0
/spttest/herbwob3rvr9,1fcd2735416e4885,1024,0/0
/spttest/ovs23z2esp6i,2d73887fbfcc747a,1024,0/0
/spttest/5w4q3unrpblw,ac36ee279135e04,1024,0/0
/spttest/zz6jl0zftsmz,41b77bec6890513b,1024,0/0
/spttest/7mgzlzbrq15,63087d30f92389,1024,0/0
/spttest/6ssckfdba5dq,c6b9d32bdc668be,1024,0/0
/spttest/5gyuux7i6qz5,9fe7a044b5f2c11,1024,0/0
/spttest/ilmgthxta0oz,21f9f0023ab2d303,1024,0/0
/spttest/vxmdy1ordfm0,3a54c3ddb0b57b48,1024,0/0
/spttest/ggad8uak7khy,1e0d65a6e81b3f86,1024,0/0
/spttest/4afryue65hoe,7d60ad1d59206be,1024,0/0
/spttest/wcjv5mzh57ys,3b16b1c587e97494,1024,0/0
/spttest/vmd1bspu5ok9,39c2825a44c66d99,1024,0/0
/spttest/dd4u3j8j3uyj,1869972f81c5c27b,1024,0/0
/spttest/jprjgvls97o9,240356eac0798f19,1024,0/0
/spttest/nmwlpa97zyte,2b2ca7b01a5ca602,1024,0/0
/spttest/8nqd8xriy09y,fd12e68da2ce3e6,1024,0/0
/spttest/9mdikds0mfoo,11932b40aa10b8e8,1024,0/0
/spttest/ghn726ww8wf2,1e1f03d3c5d8d61e,1024,0/0
/spttest/io9fsfndmyk7,221c3459a3d63177,1024,0/0
/spttest/wo3haoha95no,3baca7661920b2e4,1024,0/0
/spttest/fomst666od06,1ca62ed1736695d6,1024,0/0
/spttest/8v5bt20ie3gq,1031810858f1bb0a,1024,0/0
/spttest/ixfuyne5ejb1,22936cccc6f8663d,1024,0/0
/spttest/6edxhj96z9cl,bb08fc175a81415,1024,0/0
/spttest/talcqkk7o28z,3582690281391863,1024,0/0
/spttest/3y087aseqxuf,7348f8090d64bd7,1024,0/0
/spttest/v60fcn5yrzaa,38ee21706504f162,1024,0/0
/spttest/u4mioeqqnmpb,370882521112b4af,1024,0/0
/spttest/b5cmudl3bue9,145d42fae01a15a1,1024,0/0
/spttest/2owczn5t0o3u,4eaa5c277061b0a,1024,0/0
/spttest/t2uzdeiix9my,351df8583bfba90a,1024,0/0
/spttest/holro69h83j5,204d0a03350898e1,1024,0/0
/spttest/slmfeieixdhw,343e10cc2f27ac94,1024,0/0
/spttest/5gq06mvg7dnh,9fb485dc6e20cdd,1024,0/0
/spttest/l2dqokdmjxry,267ad5d98dad9bbe,1024,0/0
/spttest/hylxfes8kj3n,20cefd5996f335b3,1024,0/0
/spttest/4i8du7wxwt4z,83b4a0b948b8c83,1024,0/0
/spttest/ipg1cqr3vh04,222b93252e1636d4,1024,0/0
/spttest/peus4hhdcqjs,2e6b4fdc38383268,1024,0/0
/spttest/ryrffb8zu119,33151dca8721f3bd,1024,0/0
/spttest/nq5z0vy6d8vm,2b5700f45446ec32,1024,0/0
/spttest/ky2spoklxetj,2642edfbbe688e47,1024,0/0
/spttest/5p11obxl3jsq,a672e4c3f4c8ffa,1024,0/0
/spttest/p8mjas2939o3,2e1a66bafd5d84b3,1024,0/0
/spttest/14wfkguwuk1b,21345ffa08618ef,1024,0/0
/spttest/iie01f4xtyvc,21cfea3d2675d6c8,1024,0/0
/spttest/pyvimmrc24sc,2f6f5cffa2573cbc,1024,0/0
/spttest/2s1d3x37juy9,5136bacff7e4671,1024,0/0
/spttest/gqljrd74t7c,d96cf8c83397d8,1024,0/0
/spttest/tubikmp5pjql,3682a56eeab2b92d,1024,0/0
/spttest/piyw4qguzrhm,2ea0c0a41bed33ea,1024,0/0
/spttest/img59vztk5jt,2204a56f4b723219,1024,0/0
/spttest/kvt4jhhk9fkm,262576229f82ff16,1024,0/0
/spttest/4nq3kkrnor87,882a09cb4d3a2d7,1024,0/0
/spttest/w8fdn2on7oaf,3ae11e548e312db7,1024,0/0
/spttest/qgekmhcblyt4,30530e7afdbece78,1024,0/0
/spttest/8myja0ibb158,fc72391f8aacd8c,1024,0/0
/spttest/aw6yb55ojvme,13e64ee0e6bc82d6,1024,0/0
/spttest/6don2c35fyzi,ba76fcefb93afde,1024,0/0
/spttest/f73vcp10iosb,1bc288faef3681fb,1024,0/0
/spttest/n08l7tehr6yv,2a0639f500299507,1024,0/0
/spttest/1pzoq4m7qk32,32538fd7473272e,1024,0/0
/spttest/nzewgjee3u8j,2bcf20ff4ff8b1d3,1024,0/0
/spttest/fvuc89b2q5bj,1d03d404a6887b6f,1024,0/0
/spttest/sre5t248f6xa,348904c561dac8ce,1024,0/0
/spttest/oh3231fanqp9,2cb4a9a1d3789ced,1024,0/0
/spttest/p3ree0jc59px,2ddb35b08da2f875,1024,0/0
/spttest/lk8519vzg53c,27629f1697c12cc8,1024,0/0
/spttest/h9f56tnkedrm,1f87cf44adfadd32,1024,0/0
/spttest/uobucj0y5cdb,38087158de2e5fdf,1024,0/0
/spttest/5cwh2wmntv19,9c9a8e6c31c515d,1024,0/0
/spttest/ip8vj5ua8o0t,2228fda15d6ebd9d,1024,0/0
/spttest/197xfkuh8fu8,24b60e96af8eb30,1024,0/0
/spttest/ckuqkyai36xe,16fa3f4b01a91fd2,1024,0/0
/spttest/si1tqq0fdjvh,340faa15eb2534dd,1024,0/0
/spttest/3ero0tk52qgf,63aace6a5bfb76f,1024,0/0
/spttest/g7q19vqdxbjv,1d9e25849b65bdbb,1024,0/0
/spttest/krjf7ysve0ls,25ee00d41bad4990,1024,0/0
/spttest/tpn23r85husx,3645dd5035b16b31,1024,0/0
/spttest/wwc9p9o01nil,3c17bd47c2e55d4d,1024,0/0
/spttest/cffcq7btzcn2,16b3bff0608963be,1024,0/0
/spttest/ich8ubuqo4s5,21832663ceb7f035,1024,0/0
/spttest/rk1o8tne5jk6,3255f9408f224c46,1024,0/0
/spttest/a1xw39cbki2d,125d5c2b420e8375,1024,0/0
/spttest/v2rtol7vxk7b,38c40f2086f82f87,1024,0/0
/spttest/4bfto3ynj3d,3815add0f9ce69,1024,0/0
/spttest/f42yt76coxhy,1b9b3db72535d396,1024,0/0
/spttest/fydr2do0il1i,1d24cf98938beb06,1024,0/0
/spttest/9mvydmk2leb7,1199d273b5a9edb3,1024,0/0
/spttest/7be87f56efsq,d5d50bb065ef17a,1024,0/0
/spttest/2dqo178c35vu,459b60f8f329c8a,1024,0/0
/spttest/6vivk6v0oxb1,c8f2a04df79fa9d,1024,0/0
/spttest/qrnvzed0xf1i,30e54cc34e12be66,1024,0/0
/spttest/h08mg7avc67j,1f108daab441016f,1024,0/0
/spttest/hnxua2jdgnp0,204467ddebf1d4f4,1024,0/0
/spttest/7qvfq3slwchq,e265d224275dc3e,1024,0/0
/spttest/g49ooh9hoojf,1d71478a8957173b,1024,0/0
/spttest/pe20peahhgj7,2e60ef32a759a6f3,1024,0/0
/spttest/iywhx1824020,22a66ad8ade18b48,1024,0/0
/spttest/ovqg0mzdec9d,2d72f3721e8f2e91,1024,0/0
/spttest/p9kpsvb4h52u,2e26bbef4882b3f6,1024,0/0
/spttest/tgty647ndeg5,35d3727c4db93d65,1024,0/0
/spttest/5b3bw4yxepfn,9b227a782cd4143,1024,0/0
/spttest/hjeeehe2uvv6,20096f1af48bc6d2,1024,0/0
/spttest/mnvgvma60u5e,29659ef4e555e6a2,1024,0/0
/spttest/59k4cvmufhsp,99e3c115f87edd9,1024,0/0
/spttest/5dzyf0rxhm2q,9d7e7bea34d5702,1024,0/0
/spttest/qry5zwlpph50,30e90223a8c41004,1024,0/0
/spttest/xlfnbd94t840,3d5db0bbcbaea650,1024,0/0
/spttest/gjtyn4o7q08w,1e3b6f51901f4ac0,1024,0/0
/spttest/tgz456xhowcz,35d54fa7d4b62ed3,1024,0/0
/spttest/xuiw253ix23x,3dd3c39555f496ed,1024,0/0
/spttest/o6ozae9tv0mp,2c2db0bc863175f1,1024,0/0
/spttest/2wn2kqp8v42r,54f35c784ffd263,1024,0/0
/spttest/jzl5e2enzi3o,2482ed274caa5564,1024,0/0
/spttest/ubfh4tx020hz,3760e4942cab6307,1024,0/0
/spttest/rs5n9n9m26mz,32bf524597aad81b,1024,0/0
/spttest/kcb3j31dlx8o,25282908dcc25c88,1024,0/0
/spttest/wlctlord216l,3b890e844b1fab7d,1024,0/0
/spttest/2ct0hqhqxdmw,44d91822874e148,1024,0/0
/spttest/dtzv8zidi4f7,19449da9c325cbe3,1024,0/0
/spttest/2vz0xuzetpk0,54688beb80680a0,1024,0/0
/spttest/dfqz3jlou2hd,188b8ea148afe411,1024,0/0
/spttest/mymkqpfdfsup,29f14b61256f18d1,1024,0/0
/spttest/z3qwrstdkxrb,401f2ce92fef28e7,1024,0/0
/spttest/3kyshyfpe40q,68b2e80e2a0c0da,1024,0/0
/spttest/7zlphic51msm,e97c1cea22f5ea6,1024,0/0
/spttest/y02q5r24tfm,1b9a9b98f75cc02,1024,0/0
/spttest/fhjljov72uo2,1c4a1a47b6a88ac2,1024,0/0
/spttest/h7lsa8v49hns,1f703a38a38e21a8,1024,0/0
/spttest/ijjxqgcse4ih,21df0bcaba57da59,1024,0/0
/spttest/q928d9y0d9pt,2ff3add1a3f40a71,1024,0/0
/spttest/tpkxu59betzp,364519a0f65c0e55,1024,0/0
/spttest/lueuvzt4v5dt,27e6f032f7c03501,1024,0/0
/spttest/vvg69n29xgtz,3a388b716ea47477,1024,0/0
/spttest/16vsywgmbeg4,22d06871464b3e4,1024,0/0
/spttest/bmurx89y35zc,1540a00146ab2708,1024,0/0
/spttest/z64796185kq,1c8d4f9a696973a,1024,0/0
/spttest/pzprxa24ni8f,2f7a47e59198680f,1024,0/0
/spttest/94y1wpc6us7i,10b0c59fd5e8f04e,1024,0/0
/spttest/kz2vlu4mo4zm,264ff2a9d2a5b542,1024,0/0
/spttest/1buypqqg9501,26dab2f5b3b1991,1024,0/0
/spttest/hgzdf0czy55k,1fea088a3b57c198,1024,0/0
/spttest/whii1qkzmumh,3b57260dc915f789,1024,0/0
/spttest/9kuw3oadroha,117f75babbc789ae,1024,0/0
/spttest/f2ckp6r28lze,1b84baad6e5b4f4a,1024,0/0
/spttest/a0mbsjzizlrj,124c32c870eb46ef,1024,0/0
/spttest/c94nhr6rz9x,9f2a551daccd55,1024,0/0
/spttest/c2el77e876ac,160a9cf8a5014b94,1024,0/0
/spttest/dok01sbzmtbi,18fdf1cdac8a4cee,1024,0/0
/spttest/tgfzii6e2uxq,35ce68c763574f1e,1024,0/0
/spttest/jjlym9y5m39,fddf3929fc0515,1024,0/0
/spttest/amp1dg9pgubz,136af0cd2ddbba8f,1024,0/0
/spttest/d55le43bp9jc,1801f32973b89388,1024,0/0
/spttest/jnkwugmhlbku,23e6f826312976de,1024,0/0
/spttest/7vs3t0xh28e9,e661bbb4234ac01,1024,0/0
/spttest/c35tigb1gg0s,1614703de19ce21c,1024,0/0
/spttest/647unv8o8zc8,b2c79bba2b74ce8,1024,0/0
/spttest/3d4009avf0f2,625258e440726de,1024,0/0
/spttest/tznv33ozclh9,36c80c3de56c4abd,1024,0/0
/spttest/7zzf9m8fri0x,e9cb4be044fc301,1024,0/0
/spttest/d4xurs2iugn9,17ff28483430c9c5,1024,0/0
/spttest/6wtafr8sqiwp,c9fe92103000e39,1024,0/0
/spttest/wtizs8d7jra9,3bf332a4271e4be1,1024,0/0
/spttest/erf5y1n9xovn,1af6c81a4cb7f133,1024,0/0
/spttest/mhxw51r0cdp0,29188f4fc2c26c54,1024,0/0
/spttest/qv4qjpoa8aoc,311258d8aa46e20c,1024,0/0
/spttest/kwuy2zojboc4,26331b8ee32452f4,1024,0/0
/spttest/azptim7sxgl0,141415595cbcca34,1024,0/0
/spttest/6180xbg1ytv0,b059207ef689cac,1024,0/0
/spttest/scipwzi6yf5g,33c7d2fd1819ff34,1024,0/0
/spttest/hsub64l4dkam,20841403ce545ffe,1024,0/0
/spttest/89wv9bv12p7l,f1dad3ca1ca5921,1024,0/0
/spttest/6aokl1q81w0i,b8071acb5115852,1024,0/0
/spttest/ffezbol16bvd,1c2e754694ced699,1024,0/0
/spttest/2mok54fiubme,4cddaa6b99a0456,1024,0/0
/spttest/hjyvs2np5y73,2010d30e9f4dd15f,1024,0/0
/spttest/8qab3xryaa4q,ff25acccbcccfca,1024,0/0
/spttest/qqq1csln66jk,30d91606bc5b11a0,1024,0/0
/spttest/89j3cbc1mmno,f18b4d20c091d34,1024,0/0
/spttest/c714inf7yi2c,1646b3aa473e82f4,1024,0/0
/spttest/ylri4meemy8m,3f359515c5fe7cd6,1024,0/0
/spttest/9xwofpapekej,1228f722672bcfcb,1024,0/0
/spttest/p8hqicgujqf4,2e18ab63960c6a80,1024,0/0
/spttest/1z8t2o80e89p,39d6ac5a372415d,1024,0/0
/spttest/j6maxfufzu31,230aa74949535a0d,1024,0/0
/spttest/h6ii4q0tv4ze,1f620dceeb9807fa,1024,0/0
/spttest/kzsom0g7vhh5,2659424a29c59139,1024,0/0
/spttest/rrjrt3obrw19,32b76dd1ff0e95ed,1024,0/0
/spttest/cyicj16zkg9m,17aba06918213a5a,1024,0/0
/spttest/tpblx52v1,4c366847c2bd,1024,0/0
/spttest/abe2ovqicduu,12d81a4ea32dbb26,1024,0/0
/spttest/bznsq4sdzm3g,15e6f7d32327379c,1024,0/0
/spttest/6p1n4zhixhct,c3b029bcbcd3c1d,1024,0/0
/spttest/b27nprfaq94n,14347f9afbb086b7,1024,0/0
/spttest/o6n6l2u6qwk8,2c2d0ab8c6a78558,1024,0/0
/spttest/ufnki3af6i67,3797c531b12d287f,1024,0/0
/spttest/oaqugnlto84a,2c62521df49c601a,1024,0/0
/spttest/rn4jadolcc3n,327df968bb97ad43,1024,0/0
/spttest/c6cgp0x5a500,163dcdb3ee4ac0d0,1024,0/0
/spttest/e88jp9ix77mr,19fd98f13a913b63,1024,0/0
/spttest/w62cpm1t04es,3ac270a510559754,1024,0/0
/spttest/v1k4m79wohbd,38b44afa55ac41a9,1024,0/0
/spttest/ufolomd2grre,37982497f17fe68a,1024,0/0
/spttest/73ox2in64xux,cf94227825ea669,1024,0/0
/spttest/d6be9dxl4b3r,18110854ab4a7a37,1024,0/0
/spttest/uburpcb90hjt,37666938de780dd9,1024,0/0
/spttest/uq66gmnnr5px,382060bb9b12e8b5,1024,0/0
/spttest/klafslvji1zb,259cd371f22ff987,1024,0/0
/spttest/7wumgyzabave,e74019d8ffee1ca,1024,0/0
/spttest/cy7nyh0a61vi,17a7c5af122c28fe,1024,0/0
/spttest/gn3nah9b1f4u,1e65e5a55e9c41de,1024,0/0
/spttest/8eatk6yk26ib,f56ab0fd7084973,1024,0/0
/spttest/3dqoopeb0q0b,62d54fa705df6ab,1024,0/0
/spttest/vns7giyshvct,39d4f8dd5f9e3cfd,1024,0/0
/spttest/31lvyh0zrb7i,58fbab6836c047e,1024,0/0
/spttest/k6skmhmci3o8,24e0879d89b81718,1024,0/0
/spttest/faun8j27xmbp,1bf329dea98fce45,1024,0/0
/spttest/irlpu4c8ekwh,22479a51379bd951,1024,0/0
/spttest/9lilxbksgrt8,11880474e4374ccc,1024,0/0
/spttest/9yp2wkqxok7h,123336919b2f254d,1024,0/0
/spttest/z0xkclmgklpp,3ffa9bd87d8222ed,1024,0/0
/spttest/of2pee9y7t67,2c9a8e92aa08156f,1024,0/0
/spttest/6dp0j985u2ri,ba7925ea374fe7e,1024,0/0
/spttest/31685lkmvhc6,58a141e4e129f86,1024,0/0
/spttest/g5i3cy8klqo1,1d814d68b04b4e41,1024,0/0
/spttest/2dtvu3oumv5b,45adf2f951c352f,1024,0/0
/spttest/2mvazx4ydl9i,4d049c41fa56ee6,1024,0/0
/spttest/34fc7h4pdp0v,5b4559981e0d8ef,1024,0/0
/spttest/9xkmzke3olgw,12249effe7d95db0,1024,0/0
/spttest/i72z8ycowe6p,213d0e55d82af7d1,1024,0/0
/spttest/3lx5d7osysqt,697940a75e17205,1024,0/0
/spttest/8yl9f26rq2ei,105e3890ce4741aa,1024,0/0
/spttest/kxb6uwpzdotx,2638f7f74fb445f5,1024,0/0
/spttest/uw6anvzwycrx,386e5b0dc26db12d,1024,0/0
/spttest/ay3bia31n8my,13fef9c869e8387a,1024,0/0
/spttest/wgdxnb291uw6,3b4882fadc7fb3a6,1024,0/0
/spttest/kbz73mh1zjhz,2523ddc6e7e0f277,1024,0/0
/spttest/5s7ep18m2ks,4b1f9a304e728c,1024,0/0
/spttest/1ked7nj1tv7h,2dc956ed6ac403d,1024,0/0
/spttest/wx905e69bzyy,3c238cec7aad2bda,1024,0/0
/spttest/g7vpm8pi80fl,1da031d1a9240a31,1024,0/0
/spttest/fvpnpqizt3cb,1d0223a5739c212b,1024,0/0
/spttest/6w3pc9xxbuw1,c96adcb18ace621,1024,0/0
/spttest/5muxom2zpjg3,a4aff54f642d9b3,1024,0/0
/spttest/pivzi918v946,2e9fb4326c74fbe6,1024,0/0
/spttest/bo69nvu31bol,1551c2d496e8bc65,1024,0/0
/spttest/krtajarqyc1v,25f1907d5f457783,1024,0/0
/spttest/a2tdf7dlj4b2,1268b80de042558e,1024,0/0
/spttest/pbijfjpigwl3,2e3fed5e12724ef7,1024,0/0
/spttest/maopcrcscr2o,28ba51ca14811010,1024,0/0
/spttest/kpvmkgub6ddn,25d86d95e10dac3b,1024,0/0
/spttest/gwginjzx3d0x,1edf71d8c36c81b1,1024,0/0
/spttest/umt7z45fq5ko,37f4bc0f0db241b8,1024,0/0
/spttest/7wx0wy4o12il,e74df695f5e8afd,1024,0/0
/spttest/5xhmg9dfj6ha,ad5138cbf4dfa8e,1024,0/0
/spttest/hqloh46nxcnu,2066fc535baf8d5a,1024,0/0
/spttest/mmh9682my0ja,295380c62a3c5536,1024,0/0
/spttest/qlatuda8shbs,3092a6f2004006b8,1024,0/0
/spttest/mfn50igb2u5r,28fab3842626502f,1024,0/0
/spttest/268km7588qo6,3f841de633f6506,1024,0/0
/spttest/1is9cio6ghfk,2c79e2893980240,1024,0/0
/spttest/20vmi1mg1ft7,3b2a3a229b6be4b,1024,0/0
/spttest/4onpy01eoo8l,88ec22b0cac82b5,1024,0/0
/spttest/kkdv5j9wsdhq,259112b38530874e,1024,0/0
/spttest/nm7tsa1ywwpq,2b23b738b658139e,1024,0/0
/spttest/6ovqtqr49ta2,c38e1dc6947ac7a,1024,0/0
/spttest/63tcwbrhlvov,b273eff0ee040af,1024,0/0
/spttest/kkozfujz9n33,259515c006eeac1f,1024,0/0
/spttest/8f8autvjekcp,f62bf971df57d89,1024,0/0
/spttest/1noengvwbzkd,3072c941c7d44cd,1024,0/0
/spttest/jdp20zlji1kw,2366925956586f80,1024,0/0
/spttest/spexw42t7jzq,346f525135cf25f6,1024,0/0
/spttest/isiryuo9981x,225387f023f7fa05,1024,0/0
/spttest/drtpez6hv2hw,192869f8f50d5764,1024,0/0
/spttest/ank91deq8c8m,137633e1e1b051f6,1024,0/0
/spttest/ci1bbfhk5j4k,16d5a6ef60171814,1024,0/0
/spttest/1yubkvnlomfi,39830bae8f3688e,1024,0/0
/spttest/u1n6nmqzbdtx,36e1c812e3f2e5c5,1024,0/0
/spttest/ekc1pnr0fku8,1a9abb570eea1340,1024,0/0
/spttest/ovbjpv9bg8t,1430b34bf76fbfd,1024,0/0
/spttest/xqwhca59p58s,3da4b5f2a09063cc,1024,0/0
/spttest/c37r1qlc20yv,161522a7c7315167,1024,0/0
/spttest/tl3ok8ckcb6q,360aea8b05b287a2,1024,0/0
/spttest/9r0wui2vc5ux,11cf91642ce30fa9,1024,0/0
/spttest/4mb557eqpqjw,8703dde28e354ac,1024,0/0
/spttest/n8c6gcnujtli,2a6f6f9afa427696,1024,0/0
/spttest/t783bhhq8dza,3556a84904b506c6,1024,0/0
/spttest/2ov2x03nvo7p,4ea2f8b9bb82f55,1024,0/0
/spttest/9yj5fwzp9mnw,123112de89e4bffc,1024,0/0
/spttest/79siuk2nvex8,d487eadea63dc4c,1024,0/0
/spttest/bzflqweiqs8m,15e402f9162adb76,1024,0/0
/spttest/dv9zvmgkw1ni,1955427a956dc45e,1024,0/0
/spttest/lyl9kvzt61ln,281d3521752ce69b,1024,0/0
/spttest/ttkzvk5185om,367913e352bea3c6,1024,0/0
/spttest/bevhy6ym8fy8,14d8f8baef0f80c0,1024,0/0
/spttest/9iyr18h1pfmq,1166dfafa84a6062,1024,0/0
/spttest/wr62c7stiyrd,3bd48de5808d1d79,1024,0/0
/spttest/92cwv2yrnezm,108f2a6eede64ea2,1024,0/0
/spttest/844y2hoctonz,ed2a7da34a69e1f,1024,0/0
/spttest/tfhbf9t5o162,35c1e6730c3224ea,1024,0/0
/spttest/zxv5tnpz1b8s,41a6634f6e64a62c,1024,0/0
/spttest/9gxu6sk14qqh,114c90e5decf1159,1024,0/0
/spttest/k54uumzr51jl,24cafbc26dd0de11,1024,0/0
/spttest/mlsdmsuoe73q,294a87033c9cab76,1024,0/0
/spttest/owfxwbpb41lj,2d7c26874eb18017,1024,0/0
/spttest/ecwnrgqcc4v8,1a3a413a1be997a4,1024,0/0
/spttest/lrc8brc2qsn7,27bf05cd8de17583,1024,0/0
/spttest/xgx3u3fcxa33,3d230b18e94a894f,1024,0/0
/spttest/7j81qkhs3oa,61dc71a146629a,1024,0/0
/spttest/bjhwlzeujpfv,151503799b524d8b,1024,0/0
/spttest/mln4v2555gpp,2948a2aafe011cdd,1024,0/0
/spttest/d9pblsjjhbko,183d067172ad73d8,1024,0/0
/spttest/gze3bgt9z90,dc992756e307b4,1024,0/0
/spttest/3vrkg6t9b23x,7177518f9617c6d,1024,0/0
/spttest/kkarm6hdmwgs,258ff48509b93edc,1024,0/0
/spttest/f0x8y4g1bqit,1b7235be9bb8fc05,1024,0/0
/spttest/k88l3g61abep,24f34bf905419141,1024,0/0
/spttest/dq3xr0tr68ug,19122086b85ac148,1024,0/0
/spttest/m9580qgsmzgd,28a64d0f88bbd8fd,1024,0/0
/spttest/fej70qf5x85f,1c22fd3ce5220883,1024,0/0
/spttest/72g0r18rjvw,5bcea3c169f96c,1024,0/0
/spttest/9lsxm0ihr9ef,118bbe1f5fa12157,1024,0/0
/spttest/kkw62e6h75ip,2597ad544fce00b1,1024,0/0
/spttest/lyt3oo3p48wh,282008f38e4a2b11,1024,0/0
/spttest/xilyz6dldour,3d390117e7d16813,1024,0/0
/spttest/6cqexwv42epc,b9b1672602056f0,1024,0/0
/spttest/fjo4pcmsvufg,1c65b76b7d2b5fcc,1024,0/0
/spttest/bzf98ersheyu,15e3e2dda3e32e06,1024,0/0
/spttest/gls9w6efrbn8,1e54cdf6cdd43ab4,1024,0/0
/spttest/7ie613rpzxof,db837f22a630a3f,1024,0/0
/spttest/afnex88sn70f,130f6e085a8bff3f,1024,0/0
/spttest/sdjwfxccqp9f,33d53d5bb3c90e63,1024,0/0
/spttest/4q4eo6tonerd,8a1c4c3190ab679,1024,0/0
/spttest/a6doli779ics,129703dca76b082c,1024,0/0
/spttest/i8mo5jrsoex1,2151267d97e3b985,1024,0/0
/spttest/3p9fn5lhexf9,6c2fa98ac83d5b5,1024,0/0
/spttest/mz4loy8759g5,29f7cc72d1576615,1024,0/0
/spttest/buh2gd83684p,15a397ecdc4441a9,1024,0/0
/spttest/h4lqsxk9s3o,de7aa11363ee84,1024,0/0
/spttest/iwwhzgmss7kq,228c708188d0895a,1024,0/0
/spttest/tug8lm1fdzci,368459afc533a732,1024,0/0
/spttest/ewv3wvukns1b,1b3d7b105ebaa9af,1024,0/0
/spttest/sumjf269ei55,34b3026912dfb459,1024,0/0
/spttest/mxktopwv5jh7,29e3ac5634ae80db,1024,0/0
/spttest/dx0d8teughvs,196bc39af9b56488,1024,0/0
/spttest/h8gbwelc3t4m,1f7b3f9905eb9636,1024,0/0
/spttest/oiil63zxulr9,2cc741619df7a6a5,1024,0/0
/spttest/8m0yr510p8o7,fbb06c1dddaac27,1024,0/0
/spttest/vhr5trwzx21e,3986a8c4d021fb92,1024,0/0
/spttest/81nt5hiuk20r,eb27e769f9efd3b,1024,0/0
/spttest/710f5j20awzo,cd670d564617d84,1024,0/0
/spttest/qqik4qywe319,30d66341c2648edd,1024,0/0
/spttest/qbha84hors8b,3013169ed3cc03ab,1024,0/0
/spttest/myrsisdhuk6h,29f32d2ec0b206a9,1024,0/0
/spttest/gilyih2a2r1l,1e2b8ec8bb3e1769,1024,0/0
/spttest/hv0qvmwk5mig,20a0610ae8783538,1024,0/0
/spttest/536ktb4ojz94,94b69987d9ed138,1024,0/0
/spttest/hmpgpxgazfdc,203464df9e4d1290,1024,0/0
/spttest/48jp6hk97sgf,7bd7aa0686b94cf,1024,0/0
/spttest/lbs4ozpvvn1h,26f4ee4463243965,1024,0/0
/spttest/5fv5n8flkijx,9f026f676f9abed,1024,0/0
/spttest/dx2dmppsxu2j,196c7d5514a6c67b,1024,0/0
/spttest/pskha9xcamfq,2f1d71f608b15016,1024,0/0
/spttest/6mifqkzufhvh,c1a1a1c8ce7123d,1024,0/0
/spttest/3uq7hej4fake,709fa34352fb33e,1024,0/0
/spttest/czi3rko8vhye,17b8872f163bd4a6,1024,0/0
/spttest/9fxsw2v62tao,113f904fd48bc2d0,1024,0/0
/spttest/mt1p9jb94zmy,29a8d0f7ca5ab26a,1024,0/0
/spttest/lwh41r91mxsk,2801baf3a846a994,1024,0/0
/spttest/bc0fbhtoar2c,14b3c80d4a7f2384,1024,0/0
/spttest/1lyki2fu08h5,2f0dcc1dc9b44e9,1024,0/0
/spttest/abfqms0uk1q,860500bdf890fe,1024,0/0
/spttest/pw2fnfo4b7yg,2f4ae42a7c6e9108,1024,0/0
/spttest/tu3deph88fks,367fb53c7cc0fcdc,1024,0/0
/spttest/k6kcb6ydb44x,24dd8f568b21feb1,1024,0/0
/spttest/5njs7h2dm3bb,a53f67ccacdff47,1024,0/0
/spttest/plk20m0op53w,2ec25dfd08c65e1c,1024,0/0
/spttest/a36q9dgyzvsh,126d89c7eed13db1,1024,0/0
/spttest/u213f2a1aup2,36e6ccebcf36a2e6,1024,0/0
/spttest/w42cf35zq28z,3aa87561976fb4e3,1024,0/0
/spttest/fryt19bzorj,ccee197bed671f,1024,0/0
/spttest/16ai5xmrlk3r,2255712789fbc07,1024,0/0
/spttest/dsk5ocfqyhg5,1931f5445ca242d5,1024,0/0
/spttest/b0quhqclmyq4,1421717a0b9a1e4c,1024,0/0
/spttest/qr2zc2x71vlx,30ddc1a18ce80145,1024,0/0
/spttest/vxxdpby261tv,3a58bb4ba66c48c3,1024,0/0
/spttest/ug83tyjlb7yz,379f2e279c8cbe1b,1024,0/0
/spttest/4lmum4b7z1z5,8677a03088d27c1,1024,0/0
/spttest/hltv6hyk3u7f,2028fe3111f5a7ab,1024,0/0
/spttest/kp4p4cwomsmd,25ceb6312fb29265,1024,0/0
/spttest/uflpy201gh6d,37971a6ca1e4fbf5,1024,0/0
/spttest/iygpzooe5wqv,22a0b9ab766fa307,1024,0/0
/spttest/stgbp11vh2eo,34a3c720e40f9970,1024,0/0
/spttest/k3fgca0bcp2u,24b4d4112e6094f6,1024,0/0
/spttest/mnzin60bvu4s,296714f57210b54c,1024,0/0
/spttest/qjthi89zag6i,307f67c61ca6376a,1024,0/0
/spttest/xdv7ihxq9wq,1b1a65586eb39aa,1024,0/0
/spttest/3aec5rusb9na,601e8a684d6c996,1024,0/0
/spttest/ywwonwkettu1,3fc65584f0829a49,1024,0/0
/spttest/vdwm43oq6eq4,3954ab5f257a7a0c,1024,0/0
/spttest/v9dytlbzfmbn,3919fbf44bd0bdc3,1024,0/0
/spttest/y9ohq1lqgyrz,3e989fdc4f68720f,1024,0/0
/spttest/n416rk99p917,2a378353aa7066fb,1024,0/0
/spttest/umazrk7gk1v2,37ee285da36bd26e,1024,0/0
/spttest/1gno7jwye05s,2abfbefcb9bca50,1024,0/0
/spttest/3ou6wyziiopk,6bd7aae29252b98,1024,0/0
/spttest/jae1tvln2v9l,233ba20573e825c9,1024,0/0
/spttest/sc7se0y0kexq,33c3e148b597d09e,1024,0/0
/spttest/dp6iy4jio81l,19061264cc137cb9,1024,0/0
/spttest/6secu972rins,c6690be49886538,1024,0/0
/spttest/npkp2l6uh3cm,2b4f53af498eb136,1024,0/0
/spttest/ftpnj7kld1jm,1ce828aaecdb7e12,1024,0/0
/spttest/571ppkduyluf,97d9d57f1c25517,1024,0/0
/spttest/iw8x46tuutxo,2283ee7dec8fc50c,1024,0/0
/spttest/slow8o202voc,343ef4bc68e2d4dc,1024,0/0
/spttest/yeodp3ncp6ik,3ed987d05a28a53c,1024,0/0
/spttest/kmsxhsx3hxds,25b07cbe88a1ca40,1024,0/0
/spttest/s2x70b2geujp,334b276e899a9a25,1024,0/0
/spttest/mvalybc6gjow,29c6024c66cc6db0,1024,0/0
/spttest/uqqgysxb1c9r,3827b30d034c435f,1024,0/0
/spttest/j8o4xdsgsi14,23254b232f965a48,1024,0/0
/spttest/u8jemzbdlncy,373b57e0b8745282,1024,0/0
/spttest/xycvkxmoesch,3e058d2ca5a8c701,1024,0/0
/spttest/iw5lg1eqzt6f,2282bb713954e077,1024,0/0
/spttest/u8zzsbta2s5y,3741540842da8916,1024,0/0
/spttest/opt8am4syu37,2d260531e416d8d3,1024,0/0
/spttest/w4vhkdjsagni,3ab2f9441e4d0ace,1024,0/0
/spttest/qwcsqvw1eho2,31223eb11979e1f2,1024,0/0
/spttest/lg5vwq4mz30t,272dd9e898ba000d,1024,0/0
/spttest/2f4nilzc5ju0,46bbf25df7fbba8,1024,0/0
/spttest/9y1atb0x3pm6,122aa2062fc1556e,1024,0/0
/spttest/63u4lifoq25v,b278611481fa173,1024,0/0
/spttest/4hqf475qy9pn,834ceb1a1f163ab,1024,0/0
/spttest/vxxqikgd5vob,3a58dc2b2c975c9b,1024,0/0
/spttest/d7u15ttkld1b,1824bef9a9b96d3f,1024,0/0
/spttest/xz5rg85xxzco,3e0ff9413a46a638,1024,0/0
/spttest/rusi4ly91bca,32e18c1126b8b0aa,1024,0/0
/spttest/x0w3e30nlhy,1acf7d1a31e5896,1024,0/0
/spttest/68ac8hbod01w,b615495772b7584,1024,0/0
/spttest/2uljmje8e39n,534ae469dbab80b,1024,0/0
/spttest/64ya1ttkf9h,4fb8f76379eb45,1024,0/0
/spttest/uv998cmiv0sn,38626f3a81113fc7,1024,0/0
/spttest/aq1umfk7k14p,13968809d303e9b9,1024,0/0
/spttest/o4x0p9c84ylg,2c169ccb43601024,1024,0/0
/spttest/g40mw44csqoj,1d6e03a3ba4cd213,1024,0/0
/spttest/42qr0822gdf0,77216595a0fb1ec,1024,0/0
/spttest/5d3g8z9chsi1,9cc2d589e4d2a89,1024,0/0
/spttest/psh2z9up5nre,2f1c3826b6a4488a,1024,0/0
/spttest/l9ork2vuqioh,26d9bcf193b3bb11,1024,0/0
/spttest/tqzmc873uxxt,365762e88e62e651,1024,0/0
/spttest/hyz22opj2sjt,20d3ba0f2476f409,1024,0/0
/spttest/qk1onpzqv3xf,30825d125d713ba3,1024,0/0
/spttest/zy3389aejhpn,41a93f997037a66b,1024,0/0
/spttest/jbfnmfee3g7u,23493390038caada,1024,0/0
/spttest/lo3la1u7skf6,2794eff3b7d58562,1024,0/0
/spttest/28xm6dlj5jy2,41b45979bbdab3a,1024,0/0
/spttest/3ac7stb7py0a,60124ba2935bb6a,1024,0/0
/spttest/vbu0eqz0us85,3939c06eeb717665,1024,0/0
/spttest/v5v0im151o59,38ec2d895493d97d,1024,0/0
/spttest/1xskz0nypal6,38a92d63114dfda,1024,0/0
/spttest/rmoslwe1k465,32784b6e29562b1d,1024,0/0
/spttest/bv7u97h1dm7n,15ad40d4cabbe6b3,1024,0/0
/spttest/e4wudqnofxaw,19d26827cde60a58,1024,0/0
/spttest/qi4hk2gp67b0,306965712e8b837c,1024,0/0
/spttest/v2wrhvcz3dj0,38c5d75b9de34a3c,1024,0/0
/spttest/coxdiaj6uvie,172f27e13eb20d06,1024,0/0
/spttest/e3xxdcqermdu,19c5ceefd1222012,1024,0/0
/spttest/ttuv1sraisi1,367ca32fa947f6c9,1024,0/0
/spttest/mm521gapejr7,294f1a0dfa7abc83,1024,0/0
/spttest/xjprj1kvx43c,3d475cb67653b1f8,1024,0/0
/spttest/afrpjspjmskg,1310fac59e0ab120,1024,0/0
/spttest/7wi3tj323rm6,e6f7d577b6c4c8e,1024,0/0
/spttest/d5unzdoyrvq0,180aff03e8b02b58,1024,0/0
/spttest/ao8beshrv7sr,137ee2cee207583b,1024,0/0
/spttest/h85xpqefustt,1f777f84d0fc3471,1024,0/0
/spttest/9fm70splla3l,113b602671381f61,1024,0/0
/spttest/4uudnpr4q8yd,8df18c384cdcfd5,1024,0/0
/spttest/hk0vv0mogvoy,20118c00df05f472,1024,0/0
/spttest/ef5ylokjtu1m,1a5796ddbbfbc05a,1024,0/0
/spttest/g6q8xsk2hxzf,1d913bed0df0d84b,1024,0/0
/spttest/ibiut5z5wip1,2176bddda0fa47a5,1024,0/0
/spttest/us2om3n51kyu,38391858f15cb166,1024,0/0
/spttest/fdh9ecq2dvb1,1c154d58cf4b09bd,1024,0/0
/spttest/u25xkht8lrwn,36e88bc137232c87,1024,0/0
/spttest/q6h8wzhbai7,1540f23647d26ef,1024,0/0
/spttest/44ubeam2bhf5,78d5a492866a6f1,1024,0/0
/spttest/e9pbqhhed2wu,1a10a405185691fe,1024,0/0
/spttest/r4abgdw6uag4,318943a478cea664,1024,0/0
/spttest/bpksgq3qw3gq,1563fd7b7208bf8a,1024,0/0
/spttest/jrgyal7njano,24197f6b19427fb4,1024,0/0
/spttest/eoxmz09fhoc7,1ad67aa5d4998877,1024,0/0
/spttest/fxs74hvs9m4w,1d1d08b2b73e6050,1024,0/0
/spttest/btuhn5sdamsr,159b726d360abeeb,1024,0/0
/spttest/u89qzf3vyfg8,3737dbdf0f759db8,1024,0/0
/spttest/z26q720tjtm9,400ae76a86d939b1,1024,0/0
/spttest/x50s71hla2t7,3c887f9f6fe515bb,1024,0/0
/spttest/vc4xg39jfjmk,393db0e1d7f3f81c,1024,0/0
/spttest/sasypp84x5bz,33b18abafce20d3f,1024,0/0
/spttest/n0y7vlky2py8,2a0f794e2e6331e0,1024,0/0
/spttest/yp6ce48s28et,3f61e7a933bc1315,1024,0/0
/spttest/t6gar8szg1dd,354ca10ede499df1,1024,0/0
/spttest/ocrajq8cuqz4,2c7c75e6ec1af010,1024,0/0
/spttest/feadr3awfhqu,1c1fcf326c4c7f96,1024,0/0
/spttest/g9es6vnhn1ap,1db410acbca54351,1024,0/0
/spttest/sjgz8w5wj4fz,34221efd6f6df13f,1024,0/0
/spttest/jflinpvzht8p,237f460fe21ddd49,1024,0/0
/spttest/9ohq5zc7u4o7,11aeaabd293cfa27,1024,0/0
/spttest/l6qfimapwl2r,26b35f0434c533b3,1024,0/0
/spttest/dlc5rgw4472h,18d425bf22a4c0c9,1024,0/0
/spttest/bviwaovw61fa,15b13e1e83e248b6,1024,0/0
/spttest/ehg8k6jbez3x,1a75469ce74e203d,1024,0/0
/spttest/7jn8zea8vlxg,dc87c17adf790c4,1024,0/0
/spttest/pcbdncdt8yiq,2e4a55351c8d71c2,1024,0/0
/spttest/3jaucl61jrr5,6758d2868d4dc41,1024,0/0
/spttest/wd94x3w2logo,3b1fd0070c92a118,1024,0/0
/spttest/mlwcy53e8v95,294bf6ba61d8da39,1024,0/0
/spttest/vttsxy2rsmfi,3a237be578c4038e,1024,0/0
/spttest/goqe2b4qi9nh,1e7b17b2aaba1b5d,1024,0/0
/spttest/2jt4xovn3s76,4a889b4b161c482,1024,0/0
/spttest/mgojuid8jjw3,290833333ce2e773,1024,0/0
/spttest/9rfxs1s6bnr7,11d4fd4e51071303,1024,0/0
/spttest/vq3idex17jkm,39f3076e402843d6,1024,0/0
/spttest/rnjsg2ec2a8d,32837a6e1b04444d,1024,0/0
/spttest/l6op94qzauva,26b2bf42f862e5c6,1024,0/0
/spttest/rwubnpqdq6tb,32fc2eb7d577c9ff,1024,0/0
/spttest/e4ofco6h3fca,19cf5ea58799796a,1024,0/0
/spttest/eip330apoep7,1a857521841e416b,1024,0/0
/spttest/hmvc05ywcwz9,203682fbce8a69f5,1024,0/0
/spttest/b1acwp9u2k7q,14287bb9732704d6,1024,0/0
/spttest/9nt5ykz3lzal,11a5ce0edcfbb4ed,1024,0/0
/spttest/m43gyzkjnuhq,2864b90211ec6d1e,1024,0/0
/spttest/sfjjk80zwfpd,33ef16d29d5c9a81,1024,0/0
/spttest/qnyur96in16h,30b54ca3f3fbdfb9,1024,0/0
/spttest/cvrgb3hrbaqm,1787f1a6eb96da1e,1024,0/0
/spttest/ck9u4jtpvvc1,16f2b4a76fe52d61,1024,0/0
/spttest/eeqrhldt3bf3,1a521b1733157d8f,1024,0/0
/spttest/6lfoc49ws3wo,c0c1dcfac2326c8,1024,0/0
/spttest/brprqcc6vedx,157fc3f4e1461095,1024,0/0
/spttest/bu72pdrrzmxf,159ffce2a5a2b5d3,1024,0/0
/spttest/n2fdno7no0u5,2a22a7a6e8c34d3d,1024,0/0
/spttest/qu1pa03v1n5w,3104433a1f771684,1024,0/0
/spttest/ri5oahme8xcf,323d705496c1d0cf,1024,0/0
/spttest/84hrpwzpbsrk,ed748593dc2cb60,1024,0/0
/spttest/6ipja5e70h7i,be8b4c11389861e,1024,0/0
/spttest/dth1qcfdydsw,193dd34c65b18360,1024,0/0
/spttest/vp0v7no9e6v3,39e516039cdd533f,1024,0/0
/spttest/h3lo44mrbpre,1f3c3a7ec3f7aa2a,1024,0/0
/spttest/t9zbmp27tmrk,357a76110546d780,1024,0/0
/spttest/wg8vypet3fhz,3b46b0d1cd8ab637,1024,0/0
/spttest/fsxbhyfjo0sr,1cddef7a6519090b,1024,0/0
/spttest/tva1abkmekqf,368f19f7fb103677,1024,0/0
/spttest/uyfr5ufs9qta,388bbf36b83647fe,1024,0/0
/spttest/wmfvn2be5t5d,3b97261b9fe0dcd1,1024,0/0
/spttest/plugburhvx47,2ec61e64a3e25667,1024,0/0
/spttest/7kmjt77xknc,625e056cff59c8,1024,0/0
/spttest/scunei4gcndn,33cc20f56c73415b,1024,0/0
/spttest/synn421x81hd,34e75d48d6183e81,1024,0/0
/spttest/u7pgwasp0wf5,37308aa0542ded21,1024,0/0
/spttest/2h1vdf8ia0oo,484b8b696b7c3f8,1024,0/0
/spttest/7csdla0teem6,d6f68f593605e7e,1024,0/0
/spttest/84m7e5wy3roi,ed8e20959c060e2,1024,0/0
/spttest/p7m7gq6t3bap,2e0d4b1bb36410f1,1024,0/0
/spttest/vv0u2jgc3nmx,3a33029fbe191669,1024,0/0
/spttest/jerprqzit1pa,2374854334a3cbde,1024,0/0
/spttest/5q9ao7d32pfm,a77259561e69442,1024,0/0
/spttest/t8r89ej0o6a2,356a8d38156281ca,1024,0/0
/spttest/53tgn22lkrc9,953ab5b46682469,1024,0/0
/spttest/zvwu6845tkle,418d03a3b7fbc282,1024,0/0
/spttest/ou90octud8a9,2d5fac91197d9d31,1024,0/0
/spttest/3sxcyezcre2t,6f2944f4292d805,1024,0/0
/spttest/xdc84gkp2tvb,3cf48a988dc98cb7,1024,0/0
/spttest/m6cu5slm1le1,288214ad104f6c89,1024,0/0
/spttest/odmv3ph1lyxq,2c87da0ea378791e,1024,0/0
/spttest/36xup2481ig2,5d4fe2dc2cd0ba2,1024,0/0
/spttest/ve8yy7e8t02l,395920b9b976959d,1024,0/0
/spttest/agp8h2s9m125,131d137ae02ca7dd,1024,0/0
/spttest/38tjs6ex03k0,5ed6b37cab32b00,1024,0/0
/spttest/92vads674fey,1095cbbfeacb660a,1024,0/0
/spttest/ucod8e8vn35c,377117240151eeb0,1024,0/0
/spttest/9sfawoqjjscw,11e1bfe151013150,1024,0/0
/spttest/r2ix4qcn7wo8,317263b10d3c6828,1024,0/0
/spttest/rm0i8ki2qs0v,326f87fc0db71a5f,1024,0/0
/spttest/afh1bgla6hfg,130d20eaa1471bbc,1024,0/0
/spttest/b2d42o75xfo3,1436776b58306e93,1024,0/0
/spttest/nf6fv56vofgv,2ac84a56e1c7cb4f,1024,0/0
/spttest/ha59e1rnnjcq,1f913b9ee57114ba,1024,0/0
/spttest/zuswssk3fhbi,417e9ba65c51786e,1024,0/0
/spttest/buw9ztad74tf,15a914cb9acd3923,1024,0/0
/spttest/ophvj0k9incf,2d21ec63445a7faf,1024,0/0
/spttest/4kyt4tnjfl7a,85ecd6022599816,1024,0/0
/spttest/90f0a273idsx,1075f16bd71d1561,1024,0/0
/spttest/gg9ks6tv1sro,1e0d1c9f8ac1bae4,1024,0/0
/spttest/9uw0diuc1vt4,1201c1a14aac7b48,1024,0/0
/spttest/1kn2tfo8vevx,2dfba1370fff51d,1024,0/0
/spttest/5fdqqraoii00,9e9de778ed5dba0,1024,0/0
/spttest/46pjb8vqs9xz,7a59b445da49757,1024,0/0
/spttest/hhv0zizz6c9j,1ff5746e4d27d297,1024,0/0
/spttest/hrdm3kh1fgqr,2071108a0e4b8783,1024,0/0
/spttest/1a4wqymusvp5,257474f2de22579,1024,0/0
/spttest/6qctyy9tq5gr,c4c0972497b3f2b,1024,0/0
/spttest/iqt3cxexkg3g,223d465578d4577c,1024,0/0
/spttest/84skxfodfmag,edb2ef983f3db98,1024,0/0
/spttest/qmgelze3mjg8,30a1a753b9da56f8,1024,0/0
/spttest/tk1tclpdd39n,35fd40d5c488d2cb,1024,0/0
/spttest/k7b1zhnrn9ri,24e732c9e7f9182e,1024,0/0
/spttest/gc333jafyrml,1dd6d002e95b875d,1024,0/0
/spttest/w6s0t4601ngd,3acbb3adea1a84fd,1024,0/0
/spttest/3d0iq4qzapmm,623e41c65ee0b3e,1024,0/0
/spttest/64yumh37pcpf,b3637938284ef93,1024,0/0
/spttest/nqpb755zdro2,2b5dfb2fb20e1452,1024,0/0
/spttest/3f6t8txy85je,64023d30fd8240a,1024,0/0
/spttest/eby5ynjo7ojl,1a2dcf08f6d2ac01,1024,0/0
/spttest/hve7anbo8hpn,20a53bf3c4da1fab,1024,0/0
/spttest/4ayj67301c,18d978e2211f0,1024,0/0
/spttest/hoaqemvvzdsm,20490eb75d426b96,1024,0/0
/spttest/jc38m2i4op2m,2351b5e358e340ee,1024,0/0
/spttest/nfmhjbx7tx67,2ace14855985482f,1024,0/0
/spttest/igbopp0wtvdz,21b519edfaca3427,1024,0/0
/spttest/fg3rp2qrtoui,1c3766e8f9b7260a,1024,0/0
/spttest/nm8chbja6bu7,2b23e730bcc2e76f,1024,0/0
/spttest/go5ga7elawma,1e7389a8c0c2e0a2,1024,0/0
/spttest/o9jicgstry9x,2c52af31d20f1345,1024,0/0
/spttest/hqxpyjdeyc9w,206b548d4fe944a4,1024,0/0
/spttest/8xxlq3zhlawg,1055af4e06bff770,1024,0/0
/spttest/3zrhi7wl1bdm,74b6292635694da,1024,0/0
/spttest/gz12nclszjly,1f00d706ae58de06,1024,0/0
/spttest/2zqva7t1s44y,5778c4fd9d128f2,1024,0/0
/spttest/1dpkrg77rpov,285b40ed50b5dcf,1024,0/0
/spttest/450m5bskwo8d,78fa0146a74b6ad,1024,0/0
/spttest/1dn993xh0j4l,284ddca6745a5d5,1024,0/0
/spttest/amm6xa6tya3x,1369e9f0673a5cad,1024,0/0
/spttest/8w4zrl424cu,7382a65da4ea8e,1024,0/0
/spttest/2me647cdde06,4ca1afb7ba6d526,1024,0/0
/spttest/h3j6vrpa0l3t,1f3b558b69cd28d9,1024,0/0
/spttest/55w0ozdoqsv0,96e920f3459b09c,1024,0/0
/spttest/gg7qyy8yqjwe,1e0c73c36aca093e,1024,0/0
/spttest/z0m28na2br3p,3ff675543dbc77f5,1024,0/0
/spttest/xpgsxghxr8vm,3d92108835694ab2,1024,0/0
/spttest/eaxjjz61g7fe,1a209848f2f9f29a,1024,0/0
/spttest/crx75vs188t1,17560f5ef19e9f95,1024,0/0
/spttest/hyw6f8e3vj1w,20d2b01c9e3c8d34,1024,0/0
/spttest/shrjlcpdmc78,340bf45cd6561844,1024,0/0
/spttest/2lo6lupjouef,4c0baaa7a67c6e7,1024,0/0
/spttest/47e31t8n74sd,7ae76bf86d5bafd,1024,0/0
/spttest/cvjd9qflwbme,178506e95f61b3d6,1024,0/0
/spttest/goywp45fsmzh,1e7e2a7412b2865d,1024,0/0
/spttest/n5ksjw2sawjo,2a4b937b0b676744,1024,0/0
/spttest/g4wu0fiea9ft,1d79a1b102dd9449,1024,0/0
/spttest/h861fejm5zdz,1f77890bb703e467,1024,0/0
/spttest/5g64thtr30ee,9f41ce4d43403c6,1024,0/0
/spttest/x3t6dousoouu,3c78c3d0a43b27d6,1024,0/0
/spttest/ik8rvqwez1uv,21e801fb01e0a227,1024,0/0
/spttest/hvm1gsy4zjuo,20a80ff1355c5b40,1024,0/0
/spttest/l3k62w2d6s5b,268a24d2deebc8ff,1024,0/0
/spttest/ts11o4e6lpof,3664e3de2e55733f,1024,0/0
/spttest/qayeeut0c2ga,300c465dde8e8b6a,1024,0/0
/spttest/lyzyugsi5jb0,2822831d02a5b2fc,1024,0/0
/spttest/zha12k6evkmj,40ceef46673fe02b,1024,0/0
/spttest/goi6j8vngsob,1e78216ed018882b,1024,0/0
/spttest/6qopourpouw7,c5052e1eef49767,1024,0/0
/spttest/bgw526vktgft,14f32e8aa88b4879,1024,0/0
/spttest/jrmwrs4niqc4,241ba5b8b7c3dcd4,1024,0/0
/spttest/eg86l03hv32s,1a65615651fafe54,1024,0/0
/spttest/578duw2505r8,9800582e3c00a24,1024,0/0
/spttest/nws9q25e2gsu,2bacfc0c4c77638e,1024,0/0
/spttest/vy2yiycpr26d,3a5abe904b9e4cc5,1024,0/0
/spttest/4mh0s6ac590y,8725ce2a7cf10f2,1024,0/0
/spttest/4d15pwg4oe75,7f7bc598df161e1,1024,0/0
/spttest/7jcgxmp150r0,dc4987134f8d80c,1024,0/0
/spttest/mtu1m226yutq,29b30af5e4487e8e,1024,0/0
/spttest/xt6w0fz9bc35,3dc271c9654d16f1,1024,0/0
/spttest/ze4zbqjx682n,40a6252fa4d3bb5f,1024,0/0
/spttest/4ioxdwrq8o58,841421723fc123c,1024,0/0
/spttest/gznzfg8wid1u,1f091b3c405c1292,1024,0/0
/spttest/8g8qcygk15pn,f6fe4a03230c72b,1024,0/0
/spttest/p5mtj0maszi4,2df3893487e2c4bc,1024,0/0
/spttest/hzu59pdgsfz,e9bf9a1d1bf4ff,1024,0/0
/spttest/bgumhw0l3xy7,14f2a28ad64f439f,1024,0/0
/spttest/h2kmpss4jwzn,1f2edd487cbea1c3,1024,0/0
/spttest/u32625b9yqb1,36f42d52ab9a3ead,1024,0/0
/spttest/71sqbxv06fvn,ce0a7d32e4641e3,1024,0/0
/spttest/nz0zw4qa2iy8,2bca1ca68c4dfe70,1024,0/0
/spttest/h759ontc36kg,1f6a449b5b67d400,1024,0/0
/spttest/5nd5eiyqto7g,a5191c48398e1cc,1024,0/0
/spttest/z6j4qyolz047,40435633a6752057,1024,0/0
/spttest/gwhj357p6o6f,1edfcf53784d04e7,1024,0/0
/spttest/em4cauvwt4ob,1ab1ee13869118eb,1024,0/0
/spttest/nu9l6z3p1t2v,2b8c43f799df9e77,1024,0/0
/spttest/afrg383rx77h,1310e27fad7ac9bd,1024,0/0
/spttest/1dymnz1yn37r,288f84184976607,1024,0/0
/spttest/fvhc2a0z70jy,1cff22ce07d9218e,1024,0/0
/spttest/cgjmbmyzkeir,16c24749d5537183,1024,0/0
/spttest/93q32syeq8n,763f58560aae57,1024,0/0
/spttest/eqz5wntajgmu,1af1021cb8d628f6,1024,0/0
/spttest/9t8crmnflday,11ec3b548b8c819a,1024,0/0
/spttest/s3rj2otyitcu,33561970326e5b1e,1024,0/0
/spttest/qt4vdqrqphhf,30f86abc816baac3,1024,0/0
/spttest/uh4j18ch286f,37aae0f18dbeb6e7,1024,0/0
/spttest/25mvvip4a1kk,3f06ea7c2a78e74,1024,0/0
/spttest/7p4qnaadmdot,e0fbdf50c4fe3cd,1024,0/0
/spttest/cfb8o7q0drmq,16b2440fa451e522,1024,0/0
/spttest/sfvin3r5nx2f,33f368e195f36827,1024,0/0
/spttest/o5w2a0btt3ze,2c2341ba25a1826a,1024,0/0
/spttest/9dwrle5p8sd1,1125361a4ba54e95,1024,0/0
/spttest/fsau76x5os4c,1cd5d2fdc2950d5c,1024,0/0
/spttest/67jc5utx893h,b579674483b550d,1024,0/0
/spttest/ktezt8s13tpu,260662553bd70a32,1024,0/0
/spttest/cw6boukilfoc,178d4f53aece449c,1024,0/0
/spttest/6irhw25t3zx2,be969ebb2f26996,1024,0/0
/spttest/iuv7o5h5f8ov,2271ff290de432bf,1024,0/0
/spttest/topoj1bgnrjf,3639d25452e9d72b,1024,0/0
/spttest/3nzist2clv8a,6b269c1e51a355a,1024,0/0
/spttest/g8nf2sowyq82,1daa311607f97942,1024,0/0
/spttest/ms6nibvwx846,299d9d0c2ecad356,1024,0/0
/spttest/59dxv4z56sd8,99c01330594661c,1024,0/0
/spttest/q5qgzf69b0o5,2fc877bc02ab0925,1024,0/0
/spttest/esqqkn0uyhem,1b07f2560c22da9e,1024,0/0
/spttest/6hykklbnrdtb,bdefa1f277b51af,1024,0/0
/spttest/solma9abkc1b,3464bddb5da2dcef,1024,0/0
/spttest/y2ntgvsnzvan,3e3d74d4ea90e02f,1024,0/0
/spttest/9i9cphflwl7u,115db5b8ba55546a,1024,0/0
/spttest/xgans92bkf7c,3d1af1cfe1e34cf8,1024,0/0
/spttest/4t2b996yt3m4,8c7fb08b886c18c,1024,0/0
/spttest/63dvmhlvyaga,b21a927380eec6a,1024,0/0
/spttest/o9mqafm7el7f,2c53d8ae442a51db,1024,0/0
/spttest/ggfug7t78e09,1e0f5fa31f1563e9,1024,0/0
/spttest/5yqmw33z50i0,ae5513fa7f7b0c8,1024,0/0
/spttest/76dxqsmyst3y,d1c439aaa933c5e,1024,0/0
/spttest/jdn09juiic27,2365d51757c4078f,1024,0/0
/spttest/k4a83t2pkm4z,24bfee5a47b43e13,1024,0/0
/spttest/25yn5awxqqjj,3f4acadf1f229df,1024,0/0
/spttest/91p4fkg0p094,108695041a870d88,1024,0/0
/spttest/7lsa6pi7bdsc,de44788b903198c,1024,0/0
/spttest/scb606yjiau9,33c51952e6ca2261,1024,0/0
/spttest/y2928cy8roa5,3e3821caeab743ad,1024,0/0
/spttest/pyx0xgcy42xl,2f6fe8527f4539d9,1024,0/0
/spttest/t7satos6jxdj,355df2e86bd2a5b7,1024,0/0
/spttest/a7opx0il48kg,12a7fc8e2c4c0160,1024,0/0
/spttest/iilhp2iu7hc7,21d29e1ed5fd1987,1024,0/0
/spttest/xnae1kkikhu8,3d75c59d93623950,1024,0/0
/spttest/4wtg604aw8bz,8f8bd580cdb4c2f,1024,0/0
/spttest/3vsqktr53ahn,717e130e60d98db,1024,0/0
/spttest/i205s8gwfopn,20fb17b742160adb,1024,0/0
/spttest/21ipvjh6xops,3baf8c3237f9560,1024,0/0
/spttest/r7z25ajq3x4r,31b928bc6d83307b,1024,0/0
/spttest/zh7t8a6r26qq,40ce226b8be701a2,1024,0/0
/spttest/d5gt5dq88ffe,1805ff1dd2bfc01a,1024,0/0
/spttest/z6o5skibngbq,404526b9260b6566,1024,0/0
/spttest/gp538ouqo4o4,1e806573e5ad3fa4,1024,0/0
/spttest/mu09no1rced9,29b549cfa0e1b2bd,1024,0/0
/spttest/b4n2tkmqqwbm,14540a66a1d01822,1024,0/0
/spttest/hk61w9qawatu,201369541fe480d2,1024,0/0
/spttest/el20heyzbrjq,1aa419c2d3604b36,1024,0/0
/spttest/pzwq314lu3oy,2f7cc9c0b97e0332,1024,0/0
/spttest/atfjtbuv9ajy,13c2713b5de244ae,1024,0/0
/spttest/765c81ifw2v3,d192970ae07dd7f,1024,0/0
/spttest/x3d68z2gv3sw,3c72fd9644c0ad00,1024,0/0
/spttest/jcqkk7n6z5ww,235a2103c369fab0,1024,0/0
/spttest/p4phxgqoeui0,2de7834b231291e8,1024,0/0
/spttest/qu82qe93py6f,31068ff5c5d68047,1024,0/0
/spttest/6z4ik5regjnf,cbdf0887eac317b,1024,0/0
/spttest/vfz31v0hl0na,396f8a148a22d786,1024,0/0
/spttest/so1a70bta09f,345d677898d528d3,1024,0/0
/spttest/wt44jplen70h,3bedd556d3b21541,1024,0/0
/spttest/wtb09w1xk8h9,3bf050f42c050ced,1024,0/0
/spttest/qhx2jhfhc9lj,3066b85604b0d897,1024,0/0
/spttest/ow7h67dldooy,2d7918ab1dba3742,1024,0/0
/spttest/l0abuiwbs9ep,265fa02b687029a1,1024,0/0
/spttest/8t7h31j3rw2s,10184ccbdb51ba24,1024,0/0
/spttest/2hqeab6mqh0x,48d92144190b6b1,1024,0/0
/spttest/h58142p167nv,1f5149346120314b,1024,0/0
/spttest/eca6mzz6ytvn,1a322530663dadc3,1024,0/0
/spttest/w95dh5so4fph,3aea7f7bae62c085,1024,0/0
/spttest/5xutjewi8nwf,ad9d685aefe9cff,1024,0/0
/spttest/xz26e8iwgiar,3e0eae20737d68a3,1024,0/0
/spttest/22s4f4hpq3qk,3cb5aa6616e326c,1024,0/0
/spttest/s9dntsi6i4u4,339f08049bd436fc,1024,0/0
/spttest/ragdbij2abkf,31d9622d3b9da70f,1024,0/0
/spttest/darbojzj5i2a,184abca21c8a79b2,1024,0/0
/spttest/312s9ajmpgps,588d6396f3b02e0,1024,0/0
/spttest/lyeobwxp39x7,281ad4667250f1fb,1024,0/0
/spttest/ll98exinom0w,2770016246e31480,1024,0/0
/spttest/c968eswvaj64,166286023cf3be8c,1024,0/0
/spttest/cm1zyrwa4dj9,1709db34626a1785,1024,0/0
/spttest/5cvdsqtnamam,9c9441c92393a5e,1024,0/0
/spttest/qpgcmhxhcpdm,30c89a009bd1707a,1024,0/0
/spttest/wnev9v9yzrf3,3ba3c60e512acb8f,1024,0/0
/spttest/q8epca21viqx,2feb30874397f9a9,1024,0/0
/spttest/h9jny1en6kzu,1f8970dd745daeca,1024,0/0
/spttest/9d9pu2ts4el6,111ce51ede8bf2da,1024,0/0
/spttest/2ieahg2u19ef,4963129930c4bd7,1024,0/0
/spttest/ws5jg3rq499v,3be15aae3054ddf3,1024,0/0
/spttest/ew9m0qmt7u7p,1b35b96be6f889b5,1024,0/0
/spttest/rbur28tx3ckb,31eb8fd9620cb75b,1024,0/0
/spttest/vzr768n8jqre,3a707ad81770d23a,1024,0/0
/spttest/q4qi5m5ag9q7,2fbb7d7c22cdb33f,1024,0/0
/spttest/k8ojl3klv6ia,24f90dfdb270a7b2,1024,0/0
/spttest/ssoholziok8y,3499bc2ebcf68a82,1024,0/0
/spttest/bs0if8uy9he6,1583a41fd19d9a4e,1024,0/0
/spttest/no65tuhqce9i,2b3d17e64fd63136,1024,0/0
/spttest/dg8do3st47oz,1891d646cb945cf3,1024,0/0
/spttest/7qb899u6qrqt,e1f129bdc47dcf5,1024,0/0
/spttest/7xg64jcdtnne,e7bc7c72ddf29fa,1024,0/0
/spttest/ryf1zeus16mv,3310a6e241004bd7,1024,0/0
/spttest/gucuw7rjxg0y,1ec42544567d7e62,1024,0/0
/spttest/eoi72w93t67e,1ad0e85946beebaa,1024,0/0
/spttest/ou96kbziqp0x,2d5fbbacbc416f31,1024,0/0
/spttest/t0nw68bit0hm,35016f0b845105ba,1024,0/0
/spttest/nfmqk8i9ueq9,2ace2bad6e935711,1024,0/0
/spttest/nxecy442ka7j,2bb4f46bb90102af,1024,0/0
/spttest/bfj3wiu8meyv,14e17d872c525547,1024,0/0
/spttest/f60uous9z8o2,1bb474eb6ce18fa2,1024,0/0
/spttest/bcdsgjr3mimv,14b89a8df02e66d7,1024,0/0
/spttest/pckhf6uyqctq,2e4d9e34243a7d6e,1024,0/0
/spttest/ixo8bt56jxht,22967209f9d6ba51,1024,0/0
/spttest/cutehwu4klwq,177ba87c66baa7ea,1024,0/0
/spttest/bqggsmaumtvz,156f6b530485e6cf,1024,0/0
/spttest/l7i1m0p6z0g1,26bd55a6085f3701,1024,0/0
/spttest/4nuchn1pbycn,88428f7c5c48fa7,1024,0/0
/spttest/q91nwcyackyj,2ff3794c2c5ac71b,1024,0/0
/spttest/h5puelfv7wsp,1f57b69f4fb58cc9,1024,0/0
/spttest/8gpz0hczdrlg,f761d16bde18ff4,1024,0/0
/spttest/40wpq4577z0s,75a42c23f26080c,1024,0/0
/spttest/riaiz1bmzwqd,323f3086c5ee4275,1024,0/0
/spttest/tjrnoekl4eds,35f996995a8e06d0,1024,0/0
/spttest/6wrqimyrdxjw,c9f59a67e398e1c,1024,0/0
/spttest/o64raqbxvvq9,2c2664de81ea9f61,1024,0/0
/spttest/ucaxr9c161m8,376c3ea5378eeeb0,1024,0/0
/spttest/hl2ft20mc42,e46b5b0d75bed2,1024,0/0
/spttest/kzxihamrkhfo,265b006666ab8844,1024,0/0
/spttest/huig7h81c6kx,2099c708dd733d51,1024,0/0
/spttest/vxiitgtp5qpm,3a535ee54211a37a,1024,0/0
/spttest/iw3hcv2ovfo,f56356df18d324,1024,0/0
/spttest/szk2vm93d82o,34f31184f59d3120,1024,0/0
/spttest/250n06ih8s3t,3e867cb4dbad949,1024,0/0
/spttest/jroob90any95,241c48c0e93da729,1024,0/0
/spttest/u8e8yl937i0z,37397b7824f2ce03,1024,0/0
/spttest/986d10740tt7,10dabcdee664d6eb,1024,0/0
/spttest/wib26kyww7o3,3b6174068c2596d3,1024,0/0
/spttest/6n7xgofmh3d5,c234ccbb96a1d49,1024,0/0
/spttest/es34pwu1j11,bffbf0520b0495,1024,0/0
/spttest/yzxb56impyiw,3fed86f7d3167908,1024,0/0
/spttest/8j7ave0od85d,f965849f2832281,1024,0/0
/spttest/m2hijcvfuekp,284fcfaae6597049,1024,0/0
/spttest/n7n7yazrj2ro,2a666e3ea4141bc4,1024,0/0
/spttest/pqb8dl60qkmf,2f002147061c52e7,1024,0/0
/spttest/ur4b6pqizyvy,382cb1601904a55e,1024,0/0
/spttest/twa7l0h0waxv,369c2761d3062363,1024,0/0
/spttest/bjgbx86l0go0,15147206d3542160,1024,0/0
/spttest/511ecx7t5lkg,92f90adab33c570,1024,0/0
/spttest/nfc9lo2x8jqu,2aca647a9356def6,1024,0/0
/spttest/xm4x7v08203c,3d66cf58f89624f8,1024,0/0
/spttest/6rf68n5mlwxx,c59deeb76371405,1024,0/0
/spttest/24x1exoq0r26,3e71b4b3487d2fe,1024,0/0
/spttest/kipgeoazzdt8,257b46c576699bac,1024,0/0
/spttest/xshtzw0mxjuk,3db96768d85178bc,1024,0/0
/spttest/htjlu6jd4naq,208d3497d96187f2,1024,0/0
/spttest/mj00heu3rpmi,29265072f764f57a,1024,0/0
/spttest/8bfcj5dzbslz,f315570af75cc97,1024,0/0
/spttest/xpsmlrzodwfx,3d9654b9484d597d,1024,0/0
/spttest/pg48wsyy4vj,14a8c3559119f2f,1024,0/0
/spttest/5x0e4f6bya5u,acedbeb6c5b1af2,1024,0/0
/spttest/3am20oyhb941,604b1939328fbe1,1024,0/0
/spttest/r0lxmc07j1ps,31597f8990e43670,1024,0/0
/spttest/7fsa7g9eqxn7,d96580bf2187ed3,1024,0/0
/spttest/va21mznou7en,3922ac04d78304ff,1024,0/0
/spttest/3kik7cio0zys,685535445ebd614,1024,0/0
/spttest/9j9qjxo7q33z,116ad680fab3293f,1024,0/0
/spttest/mw92i0fxxuct,29d271466d5bf4ed,1024,0/0
/spttest/iqu00oblse9v,223d9a21aa14f843,1024,0/0
/spttest/98rt1vp3b1u2,10e279b7fd58f50a,1024,0/0
/spttest/ox501mcenb75,2d85313e5cc4b671,1024,0/0
/spttest/3a5vptsc8omn,5fedb83f46fbaaf,1024,0/0
/spttest/tnq1yd2um6hs,362cf7852d174060,1024,0/0
/spttest/8jgkfr1m82kc,f99b0257584a8fc,1024,0/0
/spttest/6parlyej1lki,c3e4d65374b6e72,1024,0/0
/spttest/8ty08txcja3n,1021df88795f39e3,1024,0/0
/spttest/39jnzb2kxm0m,5f6d79041b939b6,1024,0/0
/spttest/bl6tt6izqon1,152afec0e2602a3d,1024,0/0
/spttest/gmgpeue0mb79,1e5d9e9e7a093a35,1024,0/0
/spttest/r2l8gi6zgxla,3173397da75c090e,1024,0/0
/spttest/79iv8ow0iksf,d4502cb2ef439bf,1024,0/0
/spttest/bcvwqpcm42xu,14bf242b74ad7de2,1024,0/0
/spttest/c525p6nqa8uu,162d188d2a920156,1024,0/0
/spttest/xjz97jhy0ge7,3d4ac964299388ff,1024,0/0
/spttest/eaihjq81n2xt,1a1b299caede8fa1,1024,0/0
/spttest/71fyrmc135p4,cdc0cae7bc5b098,1024,0/0
/spttest/4ggf2d6os3aj,824359fc59a3fab,1024,0/0
/spttest/77xfu2lkn1al,d304a4670ed0e4d,1024,0/0
/spttest/3bv0xhi5zm9c,614eb5a5f9b5870,1024,0/0
/spttest/31knaulfgf6y,58f48227fc4f3ea,1024,0/0
/spttest/gb8dkt8exovh,1dcbbb7c2972ba2d,1024,0/0
/spttest/qvpnn7tn3oz1,3119e521bfd0dc2d,1024,0/0
/spttest/bfuoojza6zns,14e5aae46a2de008,1024,0/0
/spttest/urdops5rgr6e,383013675a7b1c96,1024,0/0
/spttest/dx898rn4e646,196e9c48e0270676,1024,0/0
/spttest/ladxdxi6fyy5,26e2d11b2c83fcad,1024,0/0
/spttest/wrfstxgh0sae,3bd8112ef914d036,1024,0/0
/spttest/uhf7zt8o2bk,18bf704c2a8adc0,1024,0/0
/spttest/ffmnq4ojk2hd,1c313a763fa25c91,1024,0/0
/spttest/8o52qnn51avy,fd67cf8f1d8be5e,1024,0/0
/spttest/ikzjef6y7otp,21f1aa2976e5236d,1024,0/0
/spttest/mj50iejmhugs,29281e5c6a32167c,1024,0/0
/spttest/u54x4uycwub5,370f260ad8729571,1024,0/0
/spttest/f8r5my0421gw,1bd7ed18483297f0,1024,0/0
/spttest/t49znypqeya1,35305fe0b3bde309,1024,0/0
/spttest/nmhiaezfezvq,2b2735683de6e826,1024,0/0
/spttest/dyrk9w8xv3tu,198290d78f2b4622,1024,0/0
/spttest/sm3djpmhzv7p,34442e4bfb57a1c5,1024,0/0
/spttest/b1tr15ptjg6d,142f7af5ab67a9a5,1024,0/0
/spttest/phlutvxcaik2,2e8f0f42195c5c72,1024,0/0
/spttest/19ama4o3nw43,24c59678d560553,1024,0/0
/spttest/fqyxkhr2iabv,1cc489f60025a2cb,1024,0/0
/spttest/w3769fhugvqh,3a9d362af305f6a9,1024,0/0
/spttest/26309zz6f2dn,3f63fd7a4045bcb,1024,0/0
/spttest/zpyp753yz1c3,413fc01270904f83,1024,0/0
/spttest/dc6liik79qtk,185d3ca4190bc708,1024,0/0
/spttest/rqkvp61q970g,32aad6ea207929c0,1024,0/0
/spttest/lkkrrs8qruow,27672dd80504ce20,1024,0/0
/spttest/9bap5u2vmf6x,1103453f5dcbdd69,1024,0/0
/spttest/loe8sg8s3abz,2798c7f57aa5130f,1024,0/0
/spttest/4ohka5lczbxx,88c896e255df735,1024,0/0
/spttest/qamevkytjbfj,3007f323d11bc59f,1024,0/0
/spttest/aqueq577p1hw,13a0d5edef3386d4,1024,0/0
/spttest/7ou6418e08uv,e0bed9646722ad7,1024,0/0
/spttest/rtcnyou0z4gu,32ced7e423bd395e,1024,0/0
/spttest/nh1xkm800b3q,2ae0a4720af2b836,1024,0/0
/spttest/ptx5nmpw65bx,2f2f022adaaea47d,1024,0/0
/spttest/fx2v8ikid1at,1d13e4fd344389d5,1024,0/0
/spttest/9g3lhtlazh66,1141a78b6d310fae,1024,0/0
/spttest/w6ungt8qzpzl,3acca68d4f80b851,1024,0/0
/spttest/b549yib5w1do,145a3ef929189ffc,1024,0/0
/spttest/sup3ly7wf5fb,34b3eef4253bc537,1024,0/0
/spttest/f0lycya8t12a,1b6e2286f30d3aa2,1024,0/0
/spttest/43y1a5ltvhpi,781b48c964fec66,1024,0/0
/spttest/4ujya0yu4czc,8db559e736a40b8,1024,0/0
/spttest/8dg10hn5p74q,f4b8ec4b277e15a,1024,0/0
/spttest/5mj1vuvtfate,a46b5b143869d82,1024,0/0
/spttest/v2huwjh8th3i,38c07693bfff17ce,1024,0/0
/spttest/ntkr2cpv9pdn,2b834dd39127abbb,1024,0/0
/spttest/b2sshmgbya9f,143c1f965ff63373,1024,0/0
/spttest/101py87dj34,d01ac0cf788e0,1024,0/0
/spttest/pwwynt6yy3kh,2f55e7fd6b1e1091,1024,0/0
/spttest/htp6sqw6mlxm,208f3836aecefe8a,1024,0/0
/spttest/pa6mjnowf9f4,2e2ea3aea1b58d70,1024,0/0
/spttest/7ea4i4by2z2n,d82cd86f8b74c0f,1024,0/0
/spttest/17c1ojh233d3,232e2c5ee1f89c7,1024,0/0
/spttest/l7kriyl1ksaq,26be50e0a0338142,1024,0/0
/spttest/frny8ordsqfo,1ccd90e432da6dd4,1024,0/0
/spttest/f5e1y1ibqhb1,1bac3b10b798dd1d,1024,0/0
/spttest/gdjh676lpmas,1de9b74554083a24,1024,0/0
/spttest/dt0f07bjdef,b35416044bf197,1024,0/0
/spttest/2pvtkk8yq569,4f771310d625eb1,1024,0/0
/spttest/dngwwfehmt7q,18efd75cd642d666,1024,0/0
/spttest/d5j630y9rpxi,1806d90a53e0ed06,1024,0/0
/spttest/8m10cfiplywu,fbb0ad72e90d4fe,1024,0/0
/spttest/wro3xeeohqu2,3bdb1099b5d4d21a,1024,0/0
/spttest/95f4mp6n2fx8,10b6eede6a611c1c,1024,0/0
/spttest/warevanvlilv,3aff706a1768ec73,1024,0/0
/spttest/50vwn2p2jzkg,92d95606a8d60d0,1024,0/0
/spttest/5tkjzyel7ua5,aa22d557f0aa20d,1024,0/0
/spttest/g3xdsqbo28pv,1d6cd7339ee55ca3,1024,0/0
/spttest/ot2a0vn6miur,2d5040b789537af3,1024,0/0
/spttest/4ty5gsjv7uw7,8d377f5d9410327,1024,0/0
/spttest/x4u5sohn8dso,3c861bf14acdd2d8,1024,0/0
/spttest/s8sg2ey2jv05,3397605f8c7a8db5,1024,0/0
/spttest/l4q5acw74t4x,26994a419f1b9381,1024,0/0
/spttest/4506qowbap8,35c3593e4caaec,1024,0/0
/spttest/vvucqwporoyx,3a3da93952fd5329,1024,0/0
/spttest/kp0xedaj2ty3,25cd59f57bbfaf1b,1024,0/0
/spttest/9atjsz8o1uhh,10fd153dfe72b895,1024,0/0
/spttest/x5n5n68upbbc,3c90923aa66b2388,1024,0/0
/spttest/uxektajl3lpp,387e554ca6d6d1ad,1024,0/0
/spttest/l6l1wvsfrl3b,26b16e45553df287,1024,0/0
/spttest/b8vfjgtjvayv,148b03023a5c9047,1024,0/0
/spttest/ppy6qk7c0z81,2efb6c48890c7a51,1024,0/0
/spttest/8kie9e0nlws8,fa7564a99f63038,1024,0/0
/spttest/uocpm8doxvyd,3808c193fe748c05,1024,0/0
/spttest/9f6ztakv76mj,1135e42198c34c4b,1024,0/0
/spttest/w2pcdevg7eam,3a96c737ccc5501e,1024,0/0
/spttest/ekbths6ap4jh,1a9aa6409c03053d,1024,0/0
/spttest/iz1zw15osc65,22a866cce2be889d,1024,0/0
/spttest/385h8s6ygjo7,5e4bbddc12fc197,1024,0/0
/spttest/3o6qha0uih5q,6b5040a28f8e55e,1024,0/0
/spttest/3v2a5wuyudj8,70e558050577a04,1024,0/0
/spttest/v2byszg5n5hj,38be56609ab71087,1024,0/0
/spttest/f03089dfkc96,1b674c53e43ece0a,1024,0/0
/spttest/zv4zmnmnxee1,4182f75427164619,1024,0/0
/spttest/j6vfx0d3qnta,230df366132b720e,1024,0/0
/spttest/xpsxa4di87qt,3d96701ddc793f35,1024,0/0
/spttest/fjmetv9l94s3,1c6518a9c876a973,1024,0/0
/spttest/61bs1otcj2kh,b06ecb934c573c1,1024,0/0
/spttest/ieqflxwuaw78,21a071948a106f84,1024,0/0
/spttest/5fi09x38fpr5,9eb6865ced17421,1024,0/0
/spttest/x38p75ntuli5,3c71605dbe99d15d,1024,0/0
/spttest/hlaldt8p2phj,20220a0ef792d687,1024,0/0
/spttest/jahbyka0rm10,233cd11e291ed044,1024,0/0
/spttest/8fjq0e6xc2cc,f66de86399f0fdc,1024,0/0
/spttest/821me6c1runc,eb77a470ee904e8,1024,0/0
/spttest/8v8r55205vlr,1032bd7c4237073f,1024,0/0
/spttest/knxsj21zlunk,25bf3b1a47581570,1024,0/0
/spttest/19tgiqj6ulxo,253259eaf25dc8c,1024,0/0
/spttest/mqqk9qtn322r,298ad196f9e81843,1024,0/0
/spttest/lngzm9jrjn87,278cc84621e03357,1024,0/0
/spttest/jtucpws1v8wh,24384fbb5f840fd1,1024,0/0
/spttest/e0e50sfld9yi,1997b36ebcd604aa,1024,0/0
/spttest/b4kd5l8wnpp4,14530fcf7d3ab1d8,1024,0/0
/spttest/qf58ozas6ve7,3042b34c56fe186f,1024,0/0
/spttest/bvw0t7v4imx8,15b5fa7d6dc4548c,1024,0/0
/spttest/ttctol3tcjuj,3676210ce35f687b,1024,0/0
/spttest/w4r0b7wz2tpe,3ab15b85ada9b5e2,1024,0/0
/spttest/2ehzwmjc7hu6,4639277788d6e0e,1024,0/0
/spttest/g9ypnwo1cul7,1dbb418e4e2ce6db,1024,0/0
/spttest/baw3es6rpf7b,14a53ac463162c37,1024,0/0
/spttest/r6t04qfr3lta,31a9fc1935dac82e,1024,0/0
/spttest/1wb451w001sx,3774821ad3ad921,1024,0/0
/spttest/jksculjig6l6,23c2b004dc06d35a,1024,0/0
/spttest/q08io8574tyx,2f810b27f3bc8bb9,1024,0/0
/spttest/3hxb4o5dbh8z,663adccbefc0d13,1024,0/0
/spttest/ch5olac1g2fl,16ca3d3581f2a151,1024,0/0
/spttest/zf5jnrr6h5a2,40b3569dbd4ab6fa,1024,0/0
/spttest/er4c2vu48kp9,1af2dfcaa83746cd,1024,0/0
/spttest/oxwpi9qb0352,2d8f3084750fb2e6,1024,0/0
/spttest/ackohcwm1kfs,12e779af376873b8,1024,0/0
/spttest/kvtt19qotkef,2625b4fb4c279c87,1024,0/0
/spttest/6p5slgj0arka,c3c8215a58e160a,1024,0/0
/spttest/tqqvxhqsgyf2,36543c33b04ba63e,1024,0/0
/spttest/bok47fwxn0mk,1556c1fc2b0c53ec,1024,0/0
/spttest/d8x2g9e12geo,1832d4a56211e890,1024,0/0
/spttest/214mabf9o3ub,3b5e26598a19e73,1024,0/0
/spttest/zcxeudax1qdz,40966ccc52cab4d7,1024,0/0
/spttest/3w7sfwx96cys,71d4f7f029a1424,1024,0/0
/spttest/23cdvh0aoaf7,3d2aa459f5864c3,1024,0/0
/spttest/khfoq1roqh77,256ac32b4a5ecd93,1024,0/0
/spttest/z5w40skcr68t,403b07ddf3d5745d,1024,0/0
/spttest/1e3bru2zj2d2,28aaa2614ef7db6,1024,0/0
/spttest/j1qpagfu167z,22cb4b530481cfbf,1024,0/0
/spttest/pisw44gwml2f,2e9e966356d3b427,1024,0/0
/spttest/rjjl5ufz63uz,324f72b6d741180b,1024,0/0
/spttest/xw7bv3u4hclq,3de9923aa2c0060e,1024,0/0
/spttest/p2lt1063igg9,2dcc33c871891ec9,1024,0/0
/spttest/dmf161t6t80k,18e22c518124b7d4,1024,0/0
/spttest/kpxbb0xq9zf8,25d9096ce61c5994,1024,0/0
/spttest/z2dvdtj9hkac,400d7b4e09ee65f4,1024,0/0
/spttest/rtkhg3e10a38,32d1aa1df760fc14,1024,0/0
/spttest/51if0g7a5l7g,935b49d87d6c09c,1024,0/0
/spttest/rg8jin9c5diw,32247eac922513b8,1024,0/0
/spttest/8nnz0cy0ly2q,fd05124061d27c2,1024,0/0
/spttest/hgj3b6wqvqry,1fe428b7d6bb934e,1024,0/0
/spttest/kf4ul9svjz8q,254cdfa8c323782a,1024,0/0
/spttest/iaes6m7u1mzb,21684865ba116497,1024,0/0
/spttest/nh2u8s8qge4u,2ae0f845e508e58e,1024,0/0
/spttest/45stblodqk1h,799cccc58b584f5,1024,0/0
/spttest/xnvh0iurf6ze,3d7d60f8a7aa241a,1024,0/0
/spttest/2pdfigrwkghp,4f0ce7e2ad67c7d,1024,0/0
/spttest/txep21hh9t23,36aac2f19c1c205b,1024,0/0
/spttest/n7hthenyohuo,2a647b473483ae60,1024,0/0
/spttest/gxxs6ss5flqz,1ef2a9d3c36070db,1024,0/0
/spttest/medhsz2hnbl2,28ea3b651cecc366,1024,0/0
/spttest/gayu1fkum95,d3c92af2fa8c29,1024,0/0
/spttest/gg0v78egf4i4,1e09f80a00050c8c,1024,0/0
/spttest/wm3wykzxchhi,3b92d51364d8d086,1024,0/0
/spttest/b1dbrzcapcl3,14298ded4b50f5f7,1024,0/0
/spttest/r4p3iozfykyh,318e98cde88e7999,1024,0/0
/spttest/3cazwoczzm0n,61aae9f15568d37,1024,0/0
/spttest/aidewumdprkn,1332ca17ead77cd7,1024,0/0
/spttest/sccnisolazz6,33c5a2a2e56ea9a2,1024,0/0
/spttest/69rhyekqqgy0,b7482c6f9e66248,1024,0/0
/spttest/zp9l2l7jibnn,4136b04741804a83,1024,0/0
/spttest/linp86uva4nt,274e41e832a24d19,1024,0/0
/spttest/nyz90gafi7km,2bc97b506a9dcdd6,1024,0/0
/spttest/f79f70lboscb,1bc489bb7d31c47b,1024,0/0
/spttest/e6fkyyn5xe4l,19e62843747146c5,1024,0/0
/spttest/ics7puipr69j,21871b8e2b82b977,1024,0/0
/spttest/4xl79ks4hjt4,902c0d140e57288,1024,0/0
/spttest/a7a4xowp6nd8,12a2b99118c5b4cc,1024,0/0
/spttest/sbc8p19ltf8l,33b87f56627a3b65,1024,0/0
/spttest/rv4knda96pby,32e5e6f458f566be,1024,0/0
/spttest/6tiky6glmlg7,c75144769bf6b17,1024,0/0
/spttest/n9q7xoy3j9ph,2a817dd1b93322e5,1024,0/0
/spttest/m8budjxouqnc,289bb35fd00d8e68,1024,0/0
/spttest/iu92pzveeov1,226a025c8f248f5d,1024,0/0
/spttest/qu2ghmsor44t,3104890c0b49f5ad,1024,0/0
/spttest/5bqckxggt9a4,9ba75e40dfb343c,1024,0/0
/spttest/dlxlzfd4lhcr,18dbe319736dd31b,1024,0/0
/spttest/wh5wx5907jcx,3b529b6d17bab1c1,1024,0/0
/spttest/dxzzea8nas7o,19789d54aee76454,1024,0/0
/spttest/vqdn7qa4xycm,39f6af89710f7826,1024,0/0
/spttest/1y2w6k6kay4q,38e4b47c092f74a,1024,0/0
/spttest/jnzge479l8uf,23ec377490800507,1024,0/0
/spttest/ekgficxiqwzd,1a9c5036b533df79,1024,0/0
/spttest/leo1wim5fhw0,271a6d673fcd6550,1024,0/0
/spttest/sjoj2ugyez4p,3424d873cf9fab59,1024,0/0
/spttest/gsoc9a1wd93b,1eae4f5a824b1347,1024,0/0
/spttest/x1gtimf1hqrx,3c5a53e1042ebecd,1024,0/0
/spttest/3bwwgryjserf,61598a2ac9fa4bb,1024,0/0
/spttest/b0lfni6b3fk0,141f7d8f69a61480,1024,0/0
/spttest/tp8v3xbv52v5,3640be35a2cdf8c1,1024,0/0
/spttest/2tpjllfrmx8n,529226cc36278c7,1024,0/0
/spttest/5ca763x7368,4560df143ad8d0,1024,0/0
/spttest/fjk3r55q700w,1c644382455399e0,1024,0/0
/spttest/8eo00450blqa,f5b6c60e549b6c2,1024,0/0
/spttest/qwhqwvirlco3,312407d40e0ba663,1024,0/0
/spttest/3u4zx7ffaot4,7025312238a5718,1024,0/0
/spttest/qeaded8vl3uv,30378ff489eef5c7,1024,0/0
/spttest/k5c0dtta79uq,24cd9088a5781ba2,1024,0/0
/spttest/l3g2ml5h0dib,2688aa7dceb0f963,1024,0/0
/spttest/smz6sbhlh5y2,344fa8bbc8c2015a,1024,0/0
/spttest/sm320n26gnaj,344410b6c45357eb,1024,0/0
/spttest/379po4uggi5d,5d945b3ef6447e1,1024,0/0
/spttest/8yjy57nhq0ph,105dbf4599a9a315,1024,0/0
/spttest/67crgjey48ts,b55371feb6c8fb0,1024,0/0
/spttest/hqz4aozxap69,206bd5b526e1caf1,1024,0/0
/spttest/ergf9r2k1r65,1af73c65b96d0bcd,1024,0/0
/spttest/rswq8aw6hugs,32c917d0e3fd9a7c,1024,0/0
/spttest/35cvadbrfjnk,5c06eb534656840,1024,0/0
/spttest/7iwtdd4f7ior,dbef2760daa695b,1024,0/0
/spttest/221p1lnpa5ps,3c1d1a002144070,1024,0/0
/spttest/5ithpcjwl3yd,a1684efc32b5345,1024,0/0
/spttest/rtlz2a6w06v,16964fdc2b4d6f7,1024,0/0
/spttest/rdfawf7tmxaj,31fff75f1661fb0b,1024,0/0
/spttest/cl7z6cxfypcr,16ff0621d1e187db,1024,0/0
/spttest/vs1xr85jijh3,3a0c70adc7679a17,1024,0/0
/spttest/njo6mi8o51no,2b02a649789e6fa4,1024,0/0
/spttest/yic519mqeox8,3f0912326a19b7ac,1024,0/0
/spttest/aed66ziebcms,12febeb2645d1ab4,1024,0/0
/spttest/w3tvlkcklq0h,3aa56747519b3af1,1024,0/0
/spttest/aesphbc9bkdl,130459b4decf84e9,1024,0/0
/spttest/pjvfy1qo9xmy,2eac7f439001628a,1024,0/0
/spttest/52rc5so1pi3f,945e9deb52028db,1024,0/0
/spttest/2bnixonn8jfy,43e995cf2c6076e,1024,0/0
/spttest/f514bnde8ggw,1ba7906129365760,1024,0/0
/spttest/p4q5ce5xbmcl,2de7bf5edaa61ae5,1024,0/0
/spttest/n65spsbtumb7,2a5327a24a2c1573,1024,0/0
/spttest/datmgdjpd24q,184b9102ac26010a,1024,0/0
/spttest/gs5l5ujmcybr,1ea78b34593b5ac7,1024,0/0
/spttest/yw4qlpl2ef5z,3fbc402f077aca47,1024,0/0
/spttest/2sigdgemqa9g,51996501ccdc474,1024,0/0
/spttest/ycbltth0kxzt,3ebaf1603146dd19,1024,0/0
/spttest/vg3uifdqs4pa,39714202932524ce,1024,0/0
/spttest/bgjpwfe9mq12,14eeb339a62abe46,1024,0/0
/spttest/6yw8ihslpni3,cbaf3cf888ef83b,1024,0/0
/spttest/ilaw7svm0stl,21f5c318953fc3e9,1024,0/0
/spttest/omdi609t1ch0,2cf960dcbf537664,1024,0/0
/spttest/zvdrf5wdqtci,4186219526d4d412,1024,0/0
/spttest/nfp6uojwsv1h,2acf0e360371d825,1024,0/0
/spttest/w1yzbfssz8c3,3a8d4425d34a50f3,1024,0/0
/spttest/f2a70txz5hvi,1b83ded99327e0be,1024,0/0
/spttest/zm2v7ri5wh8j,410d4bf505f83c43,1024,0/0
/spttest/upi06n3usled,3817a7c9d9dd1555,1024,0/0
/spttest/o5871svoqv8o,2c1aa522212f14a8,1024,0/0
/spttest/snghwhjb8p0m,3455e783ac1357a6,1024,0/0
/spttest/kkq06rdcq3vi,259574095064a61e,1024,0/0
/spttest/7i9jjt0x0cds,db68ccaf7688fb0,1024,0/0
/spttest/95fh1owioowz,10b70eba0bf82623,1024,0/0
/spttest/kkf35dyq5pz9,25918395d35244c5,1024,0/0
/spttest/c6do50wuve50,163e3d2c030ef754,1024,0/0
/spttest/33tjsexecbe4,5ac78f37df796ac,1024,0/0
/spttest/thz54atg851y,35e24f6a1e950f96,1024,0/0
/spttest/9aabf518wo9r,10f624bba252fedf,1024,0/0
/spttest/a57mvxtxzp1r,1287d80201d88e8f,1024,0/0
/spttest/71l4fv2u3t9,5b7f5d02967ccd,1024,0/0
/spttest/yc8hwa4uha9p,3eb9d22ef4675c3d,1024,0/0
/spttest/rvp30bqaj2ob,32ed4d6d49ef364b,1024,0/0
/spttest/ml2yozkdfjlm,29415b79c41c3dfa,1024,0/0
/spttest/ijylyhm3f9h1,21e457194aa368b5,1024,0/0
/spttest/9si7bzofl1n9,11e2cbcffe09ba95,1024,0/0
/spttest/c5gqan4p8lna,16325a8d44f45896,1024,0/0
/spttest/y24l3zeu34vq,3e368463b2b70176,1024,0/0
/spttest/galnb2eqljta,1dc387fa8d94898e,1024,0/0
/spttest/smwa4bcmdey5,344e9c2e5f95c2ed,1024,0/0
/spttest/lv3pvkwan8vu,27efe88bf53156ba,1024,0/0
/spttest/b6cxe9e1ja5t,146a5b4fcaac6331,1024,0/0
/spttest/e0kij3ytqi6f,199a004d8e21d387,1024,0/0
/spttest/a6f25swexfo9,12978308308e1b99,1024,0/0
/spttest/4sykp0engw5c,8c6a1c6af1eb5c0,1024,0/0
/spttest/tg8kqzqfmjzb,35cbbc51bf6ad5a7,1024,0/0
/spttest/oo9gybqvcdf,1407f4cb9c2d663,1024,0/0
/spttest/z5r70vzc3v1i,403941badb20a7e6,1024,0/0
/spttest/qwr1so4g9orm,3127631100d105a2,1024,0/0
/spttest/ifu8984kfyys,21aecd7170ef42c4,1024,0/0
/spttest/jn4na604u4k1,23e119b8023bd691,1024,0/0
/spttest/j1qikcnhlzbj,22cb3a11ab03d30f,1024,0/0
/spttest/dslwekroz5cp,1932963719f829d9,1024,0/0
/spttest/otsy4e09cqxu,2d59e01ec83d9c62,1024,0/0
/spttest/6kwh9ujx0wio,c0530b13c8db1a0,1024,0/0
/spttest/vg476nfu4a3d,39716286a48a7619,1024,0/0
/spttest/3ech6c8ka9hc,63531cf67a84280,1024,0/0
/spttest/kf3rwxa16gg3,254c7c6c91c8b1c3,1024,0/0
/spttest/xskryo90pt9k,3dba774bca9b2468,1024,0/0
/spttest/kdoqta3crir0,253a12d17784efac,1024,0/0
/spttest/selbi7w7citj,33e2bda22589c147,1024,0/0
/spttest/q7sbfusezkuj,2fe31cc2cb7eb24b,1024,0/0
/spttest/17tmmglq6ir0,2393ac43bb2f26c,1024,0/0
/spttest/up1ydedamtzg,3811dd3f237cff4c,1024,0/0
/spttest/80nqn0temyup,ea57ac254c97bf1,1024,0/0
/spttest/gxgnnv9yjogo,1eec7bf46826d898,1024,0/0
/spttest/qm35am9v1ogo,309cdea34c365518,1024,0/0
/spttest/a6ubf5d3j3qz,129d045055d8e0bb,1024,0/0
/spttest/k3edrzspurot,24b4711f248580ad,1024,0/0
/spttest/ng6shm877t1q,2ad567fcbb6fb5ce,1024,0/0
/spttest/9t8j30grlmya,11ec4b894b0b6272,1024,0/0
/spttest/xbe1t01puetd,3cdb389b86874381,1024,0/0
/spttest/nhtfmeulu075,2aea90b3398e2981,1024,0/0
/spttest/6dr02h92jush,ba849e91239b8a1,1024,0/0
/spttest/1sj86c9j8fb,1748e670736a67,1024,0/0
/spttest/fjwlwve1chy2,1c68c6852b476eda,1024,0/0
/spttest/pkcyr39z417u,2eb2d1c73073962a,1024,0/0
/spttest/r0f3k2z7xiqk,31570831a769d01c,1024,0/0
/spttest/zs9qe1cijfjh,415db5b1825f676d,1024,0/0
/spttest/v9iybfbjid6n,391bc8802dd1c23f,1024,0/0
/spttest/2vthw61b1sew,5448a0880cd3518,1024,0/0
/spttest/x59vmilibmm2,3c8bc7bcbec0ad3a,1024,0/0
/spttest/lzpqb0ir4jh,11da94c9f3dd1bd,1024,0/0
/spttest/gbt8aoa2nhd9,1dd341aaa9b261ad,1024,0/0
/spttest/y3ib8bknm3ba,3e487573f09cb146,1024,0/0
/spttest/g2p2dwsq2ym7,1d5cd9b815d7a5bf,1024,0/0
/spttest/pgvhls83tjka,2e858bc04e450b4a,1024,0/0
/spttest/ni2jqa9ziwg6,2aedda8daf025bc6,1024,0/0
/spttest/qwiswwuicgw2,31246954adc36a82,1024,0/0
/spttest/ntr8oa8t039r,2b85a537a16d0d8f,1024,0/0
/spttest/dhuqrlox6p1p,18a6e53d3210f54d,1024,0/0
/spttest/g6pyasnxqk23,1d9120a10d5fa50b,1024,0/0
/spttest/79t5c7e63xo9,d48b862685efb39,1024,0/0
/spttest/on6ggt5fialj,2d03d32dfd737927,1024,0/0
/spttest/x4p93ellmlxd,3c84569027346181,1024,0/0
/spttest/9ibmtvvlskvi,115e886dfaba99ae,1024,0/0
/spttest/ag72izvkz58b,13168597fc91253b,1024,0/0
/spttest/3l07p0qclx9e,68bb1dca6830fa2,1024,0/0
/spttest/m7ik5pm8wase,2891227a7cb9ee9e,1024,0/0
/spttest/zbs9apgwtm1v,408793784cf384e3,1024,0/0
/spttest/eckj95xcn5g6,1a35e13d9ba1bb56,1024,0/0
/spttest/e9o6jw9ef1x5,1a103a5a64380979,1024,0/0
/spttest/1ju694l3rjsi,2d54c36710a73f2,1024,0/0
/spttest/vxfgyl04rnn7,3a5245061ca70473,1024,0/0
/spttest/s7z5vots0l33,338ccf8e98c6dabf,1024,0/0
/spttest/dc6yi3g2gdmj,185d5df75e40dafb,1024,0/0
/spttest/psoutyzgruet,2f1f0631695daeb5,1024,0/0
/spttest/utqyzx3tn0id,384ed915ae655b55,1024,0/0
/spttest/4wf5jw0k5n3y,8f394f460c6583e,1024,0/0
/spttest/rfwnmx6ua316,322034d2b56973da,1024,0/0
/spttest/7x7lmbkbji6v,e78b037d6accdd7,1024,0/0
/spttest/xq1stneox8e6,3d99a3fe666b68be,1024,0/0
/spttest/ke93kmsnw0x8,25416aec06fd93ac,1024,0/0
/spttest/63ngzh5qotqh,b251f4645c00a89,1024,0/0
/spttest/j1i22aem58cv,22c82cc87eb9a78f,1024,0/0
/spttest/48593ivjihgw,7b844351a34d7f0,1024,0/0
/spttest/2ogexjejvqfd,4e4e4d96e14f289,1024,0/0
/spttest/oy6isf0za6ff,2d92baf66993320b,1024,0/0
/spttest/ie67j4gt7bdd,2199257cff10b251,1024,0/0
/spttest/og5krdzsxxto,2ca895080af6c17c,1024,0/0
/spttest/slgo25br55ec,343bfccc8e7c8194,1024,0/0
/spttest/bqrd6jegnj3a,15735a1a97fc7866,1024,0/0
/spttest/t60ghh56sp3j,3546e9dd5cd5b80f,1024,0/0
/spttest/he6qzv7cnnpa,1fc5ba306d968fbe,1024,0/0
/spttest/w57ygj2lz0qm,3ab7790778689b7e,1024,0/0
/spttest/z3ve14ejt7es,4020caaaa52535c4,1024,0/0
/spttest/8nn7nonpjyt,7072150eb03855,1024,0/0
/spttest/p7ch87dc0mg7,2e09c879e7eac1a7,1024,0/0
/spttest/rlb7i4zrp73n,3266673ca5ea1733,1024,0/0
/spttest/s4eizcbhtsuc,335e65ab548f7444,1024,0/0
/spttest/eilwsrzxi2gk,1a844fe6ffa8b9f4,1024,0/0
/spttest/vybfm5hrxyie,3a5dcd5b1b20dbf6,1024,0/0
/spttest/wixruu6pzcua,3b69a60013481cc2,1024,0/0
/spttest/hbhdtwcyu742,1fa298b0696cd182,1024,0/0
/spttest/6m4o4ytn02de,c152281f1333702,1024,0/0
/spttest/nhp1s5tn4nft,2ae8fbb74574aaa9,1024,0/0
/spttest/8axck1jag2q6,f2ad6e01df1f7ce,1024,0/0
/spttest/iqgux53lx9gj,2238dc4378615f23,1024,0/0
/spttest/y4gt4gm0rd4o,3e54e7e1d4249338,1024,0/0
/spttest/gk6wkstj0cxn,1e401acee4e6887b,1024,0/0
/spttest/f1cdsr4dciiy,1b77abb6e20355ca,1024,0/0
/spttest/rlexjg9ogw61,3267bf2547bba2d9,1024,0/0
/spttest/26zt9u70204d,4021605bc99091d,1024,0/0
/spttest/3x2y03mlman3,7288d2de56b5c5f,1024,0/0
/spttest/pcr7peus6wgn,2e500bda21abddd7,1024,0/0
/spttest/2dlgfmb0qeyb,457d4b88f7cfa33,1024,0/0
/spttest/cn6674q2326x,171859ecb2c817d9,1024,0/0
/spttest/d14qcnhpf9hy,17cdae7dd5dfead6,1024,0/0
/spttest/wqsz9r9a1vng,3bcfd53c97db547c,1024,0/0
/spttest/g0spyuu6wkjq,1d4430d0f4018e06,1024,0/0
/spttest/d10ri2hhcqg0,17cc3ff86c4b45e0,1024,0/0
/spttest/j7pej2yq1qtu,2318c2e337644012,1024,0/0
/spttest/qxdwlwlc4csa,312fa239958759ba,1024,0/0
/spttest/b14vg2pw8es,8f4ab2587fb394,1024,0/0
/spttest/w0yebn2uo5q4,3a801106225488fc,1024,0/0
/spttest/tcyf4giqo9g1,35a11a6e888c27d1,1024,0/0
/spttest/4mamf2ciys2,3c006247a3c492,1024,0/0
/spttest/svyfliic3lrz,34c44a486d4704ff,1024,0/0
/spttest/q2m72w4clcx0,2f9ff514adcad0a4,1024,0/0
/spttest/ftjypfavzf1y,1ce61b1ff2024df6,1024,0/0
/spttest/fabyk2dkjoql,1bec6beb45520bfd,1024,0/0
/spttest/83ds9t04mmh4,ec8db09540baf48,1024,0/0
/spttest/oc93n6xd1abt,2c75e58f5f765b89,1024,0/0
/spttest/s1rpz8afku0,16c56af3572f138,1024,0/0
/spttest/inyy58xpidve,22186b659826b3ba,1024,0/0
/spttest/1hxtg0xfx71t,2bca24f02bc34f1,1024,0/0
/spttest/ffvh0sdx0en8,1c346893436b1f24,1024,0/0
/spttest/eawqvvbz7244,1a204eb99171c574,1024,0/0
/spttest/b5ubp9l6kgcm,1463a5053bd699c6,1024,0/0
/spttest/3n23yttaxqa2,6a65b8c3901314a,1024,0/0
/spttest/433zmz3kdlhg,776dd48b291de04,1024,0/0
/spttest/2urahocx85an,536c10bf4f4fdcf,1024,0/0
/spttest/gzuq6naicj59,1f0b8a17ef4295ed,1024,0/0
/spttest/wo653my28iyz,3bad9d3652663c0b,1024,0/0
/spttest/5thpikna1653,aa1266295409b57,1024,0/0
/spttest/547e6l8cpied,958b234e906a565,1024,0/0
/spttest/b6zfhp2titx3,147279d78e6fbcf7,1024,0/0
/spttest/vcuu3m77q2m5,394709debf5c92bd,1024,0/0
/spttest/nvow0hsythv8,2b9ec682624661b4,1024,0/0
/spttest/2uvl6hekqu99,5384df20f7f37ad,1024,0/0
/spttest/720nfuq8jk7z,ce3835a36b03d1f,1024,0/0
/spttest/ge0wd6pulnn8,1df0008403edecf4,1024,0/0
/spttest/kjpllxbyn2cd,2588515faf02299d,1024,0/0
/spttest/c8gvcq8a6f1e,16595f4cb44b9ba2,1024,0/0
/spttest/1r12f7skt5x1,332b5c220d47735,1024,0/0
/spttest/6moorwdlo9i4,c1c5b81c0b08f1c,1024,0/0
/spttest/zxbukcdsxk1e,419f6b6d180b93b2,1024,0/0
/spttest/8rqjqjuszvhb,1005341628f20e1f,1024,0/0
/spttest/zpsarpqevkzf,413d70d7921541fb,1024,0/0
/spttest/dk369qel04cs,18c3ea7a3939230c,1024,0/0
/spttest/q5pfygrt4993,2fc818bb76d210d7,1024,0/0
/spttest/69n792l6fnqw,b72f5d745b5bff8,1024,0/0
/spttest/c1jlbi6y3acs,15ff6ddcba16712c,1024,0/0
/spttest/3x3ie9uv7n72,728c1814eec382e,1024,0/0
/spttest/2wlsjh0n1wem,54ebfa9b00da14e,1024,0/0
/spttest/4en20vdorrtv,80ca03a041621a3,1024,0/0
/spttest/2flubuag443o,471f2e2d79a05c4,1024,0/0
/spttest/kgzf26e6v47k,2564e47bda16c510,1024,0/0
/spttest/6ihh8uzw3vd0,be5cc95b8062d84,1024,0/0
/spttest/6u7encsqn27i,c7e0951a16b34ee,1024,0/0
/spttest/atdbq2uz3jho,13c1a3bccda2606c,1024,0/0
/spttest/mnmrsug5694,1264a8bdd4576e8,1024,0/0
/spttest/ij4bept8q5rm,21d968fc063f4bb2,1024,0/0
/spttest/ju6bs41sur3k,243ca1bdf30c64b0,1024,0/0
/spttest/nwx73jendhau,2baec32710bff7d6,1024,0/0
/spttest/jir5kpxyf95q,23a846790857f21e,1024,0/0
/spttest/1hwv0y0tyzqb,2bc49ff440f4663,1024,0/0
/spttest/jrs3jomfuctq,241d84f2366b636e,1024,0/0
/spttest/hhfe7q67xswd,1fefd07a82e0af8d,1024,0/0
/spttest/d34vmwkyo2vj,17e7b6908c67d68f,1024,0/0
/spttest/rxth6qev9dx3,3308ddca806845b7,1024,0/0
/spttest/exmaro3hqio0,1b474a986422be00,1024,0/0
/spttest/q6rlh0in8zmn,2fd5dce05bf6a55f,1024,0/0
/spttest/jxws129zxsmx,246d24c6e7d13639,1024,0/0
/spttest/qaqds3sr95kn,300961cc9e459f77,1024,0/0
/spttest/tiko826rgomt,35ea142a6017d3b5,1024,0/0
/spttest/p7n6eehr0g14,2e0da4beb6059028,1024,0/0
/spttest/1w8oksy1m7hd,3766777146df861,1024,0/0
/spttest/sxnd2ty56zlk,34da46485a0936b8,1024,0/0
/spttest/hxkdv4y6gphh,20c17187b9827305,1024,0/0
/spttest/jl38b31bbrl0,23c69c6a6c0adf64,1024,0/0
/spttest/jsmhjbln08y2,24287be37c9a884a,1024,0/0
/spttest/2g4j8q4c80ki,478b16fdfe070e2,1024,0/0
/spttest/aksxb3cn9r7g,13525d54696f08fc,1024,0/0
/spttest/8b2wv4qvadhq,f2cd8d29cd489ce,1024,0/0
/spttest/fhvfhcswtly,c949c0fb0d79e6,1024,0/0
/spttest/6uu96wh1wwnm,c8647c96f6e7252,1024,0/0
/spttest/4o8bxodowucl,88934b351538da5,1024,0/0
/spttest/prljaaskelrh,2f10d634b3d109ad,1024,0/0
/spttest/9tuhy9vooc6c,11f438bbf00757a4,1024,0/0
/spttest/qd9nmlwidbrz,302a50934e5c1edf,1024,0/0
/spttest/ob5jwb5jv9se,2c67a08860371a4e,1024,0/0
/spttest/3jnmm578smst,67a2a198eb2b66d,1024,0/0
/spttest/b1qby34zqzil,142e3f263403794d,1024,0/0
/spttest/vrtbtkws2e4,19cb426c7a77b1c,1024,0/0
/spttest/pqa1nsg4xo6j,2effb3ad038f3cab,1024,0/0
/spttest/9i4vw8uzauri,115c191cba37753e,1024,0/0
/spttest/1kntrnanyhth,2dfff3984249db5,1024,0/0
/spttest/1pzfuz3hy69s,325223e5151a140,1024,0/0
/spttest/gp06tzikitog,1e7ea0d3a14ff2c0,1024,0/0
/spttest/5jih4sh12t01,a1f88ad6d084451,1024,0/0
/spttest/f0p6ayynpc5n,1b6f4c0456c1e8cb,1024,0/0
/spttest/knr6886rc6fg,25bcd7ac9108fe8c,1024,0/0
/spttest/59to968arfzj,9a1ae6f022f93af,1024,0/0
/spttest/15xav3p0pld6,220938d72112c6a,1024,0/0
/spttest/oror8lb4gtmu,2d3e62790da0da06,1024,0/0
/spttest/xvctuw69owro,3dde90fb83c2bce4,1024,0/0
/spttest/4imi7r5df00x,840626daa617ee1,1024,0/0
/spttest/u9rl38swfv3w,374b48a262ed9b3c,1024,0/0
/spttest/ankfbkon72pq,1376440111dae07e,1024,0/0
/spttest/elc8nenlnnw9,1aa7ca65910269b9,1024,0/0
/spttest/d89jygplc7cr,182a58b95389693b,1024,0/0
/spttest/ji1tic5fm93,fd4f2cda605367,1024,0/0
/spttest/652y3sj3yua5,b37b1fb161a5ccd,1024,0/0
/spttest/pv8wr2yxd9nv,2f403cff393fdb2b,1024,0/0
/spttest/vl592xkxxqjc,39b2b60b5de52598,1024,0/0
/spttest/s7kheg4kdjj1,338783980d1e481d,1024,0/0
/spttest/3wkvno45fxpj,72208888b464d67,1024,0/0
/spttest/1v2lgwszd2x1,367380630074305,1024,0/0
/spttest/s2bdcmvigdr3,3343479a9262379f,1024,0/0
/spttest/yhi97z80u5i4,3efe49e41e7e875c,1024,0/0
/spttest/klzksnexv3ui,25a5e57baea24e3a,1024,0/0
/spttest/sbdy8pamc62l,33b91d40850777bd,1024,0/0
/spttest/i69ge8nrdea0,213267487cf64088,1024,0/0
/spttest/lsvyu9lry4f0,27d32215f33cc9dc,1024,0/0
/spttest/5jkigdvhvtiw,a2044ce5aee0438,1024,0/0
/spttest/98u8884087sn,10e35964e85ae977,1024,0/0
/spttest/xi5312f49khk,3d32e93b29b04ff8,1024,0/0
/spttest/zht4tbu2ncoy,40d5d3e075ae0a02,1024,0/0
/spttest/2ekq2s4hk9u8,4648e5a2d98efd0,1024,0/0
/spttest/7z8h7u4pz6my,e92fbcdeadcf55a,1024,0/0
/spttest/36znvdml5x74,5d5a567b8e91450,1024,0/0
/spttest/wbik7zykmpjs,3b093c175b1976d8,1024,0/0
/spttest/ls07jix889n3,27c7aca0e576eecf,1024,0/0
/spttest/q6ixyf52q9og,2fd2bd979aca9980,1024,0/0
/spttest/7dvk10ljmwew,d7d8bd64e84f498,1024,0/0
/spttest/7gqi7nmcftj5,da2b11b95c11741,1024,0/0
/spttest/wy5u0a0zgr22,3c2f655104758ffa,1024,0/0
/spttest/734mjge3jish,cf1efc5e45580e1,1024,0/0
/spttest/4yi7ozy3ozkq,90eaa11894ca51a,1024,0/0
/spttest/3yahxpz0ujw6,7384428ea21fc36,1024,0/0
/spttest/r0sj12dzwti5,315be0ada752145d,1024,0/0
/spttest/m3jj7o7lm22o,285d8764cd90a500,1024,0/0
/spttest/gb0h85j90brg,1dc8e1e6680f608c,1024,0/0
/spttest/telqai2ejxki,35b680cff975e6b2,1024,0/0
/spttest/coqlv51s5bus,172cb6be7e8e1b44,1024,0/0
/spttest/o627s7znm9us,2c257a1046792e64,1024,0/0
/spttest/qz6mqr2twlr2,3146fcd92a0aeb1e,1024,0/0
/spttest/qx0vs7620kpx,312aef5210caf2e5,1024,0/0
/spttest/6rb38qk02o26,c5865c194ef564e,1024,0/0
/spttest/6e6su0pvo7z8,badfd3d29a54164,1024,0/0
/spttest/78psm4qs7jet,d3a85600e7d6205,1024,0/0
/spttest/nepkj0lyshfa,2ac2340b39e1dd36,1024,0/0
/spttest/9ty5vhr9uvcg,11f58b382f02bf30,1024,0/0
/spttest/e7pw12swcux9,19f6dd93ba17978d,1024,0/0
/spttest/aq7293p9oynl,13986974b2bde271,1024,0/0
/spttest/5v8t6i95jj0n,ab7eafccd4f7007,1024,0/0
/spttest/49jmzdlacjzp,7ca723eb7a13e35,1024,0/0
/spttest/1g2zuzy5dhy,12cad608284196,1024,0/0
/spttest/9w5iw9wgisig,12122db8b70180d8,1024,0/0
/spttest/4eymvahze0jn,810cdc2d56e4143,1024,0/0
/spttest/qmvhzb71jgza,30a7197f798769b6,1024,0/0
/spttest/b29wnp7fxvzw,14354f4979b75b3c,1024,0/0
/spttest/nmw2za15aqo3,2b2c77a6781dce83,1024,0/0
/spttest/53nh7y14v2ji,95182a2c388269e,1024,0/0
/spttest/ohsmm1hvad8o,2cbde38218d55488,1024,0/0
/spttest/iipwmfuj8ge8,21d435e48b9ba000,1024,0/0
/spttest/401pjk2ixlo2,74f12e03a0385f2,1024,0/0
/spttest/2ddofmt539tj,455064d61b42d77,1024,0/0
/spttest/8v84w8x794kg,10328467827d8a60,1024,0/0
/spttest/u52h2dw5rpbc,370e4413b6c1ade8,1024,0/0
/spttest/a2xkq7q547ta,126a3c45b85bbd8e,1024,0/0
/spttest/fwoa591vhufo,1d0ea1b8347aa754,1024,0/0
/spttest/8b1jftpmzs1m,f2c5a0222b8e2ba,1024,0/0
/spttest/lif7ud7s8a8q,274b325b87104dda,1024,0/0
/spttest/saxdw47eb4kn,33b32325befe75e7,1024,0/0
/spttest/820g4nf4phkg,eb70dd5f25bb530,1024,0/0
/spttest/68ehftcngvvg,b62d368908cbc5c,1024,0/0
/spttest/tbqpyhzykoj,17ced0e6be8e433,1024,0/0
/spttest/a68zim06549r,12955209be8c4adf,1024,0/0
/spttest/54eucl356mnx,95b6243a782193d,1024,0/0
/spttest/ls2txui0fhwf,27c89ed53d99b05f,1024,0/0
/spttest/9wc6tgk84l9p,1214954f27795cad,1024,0/0
/spttest/2pwz9qtqc44x,4f7dc2effd26df1,1024,0/0
/spttest/nvmlwcdslknn,2b9df3d1b4910bd3,1024,0/0
/spttest/wwbjkbghielh,3c177a37945cbb65,1024,0/0
/spttest/nosamm0v8vcv,2b451450725fafbf,1024,0/0
/spttest/nb4icg2m9p1v,2a93a2f0d25e0513,1024,0/0
/spttest/4ijbyt3ekb2d,83f3d4a96057f05,1024,0/0
/spttest/3l0d1gkr8no7,68bbf93d4fb34d7,1024,0/0
/spttest/1aeeaqnrwdk7,25ab3a6c62be3a7,1024,0/0
/spttest/trimdr4cw17r,365e3e038632da27,1024,0/0
/spttest/gryu1zdh014s,1ea51b717da17abc,1024,0/0
/spttest/mpmla0o9a044,297c65720198a814,1024,0/0
/spttest/61bgtgljpors,b06cfe9d3f2f0a8,1024,0/0
/spttest/m1qxn828oepu,2846387cc39cf082,1024,0/0
/spttest/oymf7762k2uq,2d9877a512359572,1024,0/0
/spttest/deb4egvs6kny,1878d916c454a61e,1024,0/0
/spttest/jdcbqng6z6if,2361fa7b9f2501b7,1024,0/0
/spttest/9bt6bgrekq50,1109efe53ecc9b54,1024,0/0
/spttest/4u7z975qx8b4,8d703b4f17fe650,1024,0/0
/spttest/1goblbyk3v9m,2ac37ee8a690d0a,1024,0/0
/spttest/u9x7xf6opu0q,374d5112d66c843a,1024,0/0
/spttest/4qtjgbivp0tf,8aad63c78ac8763,1024,0/0
/spttest/xnm1bkmso0vq,3d79f9645fabce76,1024,0/0
/spttest/845cuh9sssrp,ed2cdc4a60d70a5,1024,0/0
/spttest/mrbgs19q3plm,29925c5cffe6d25a,1024,0/0
/spttest/wioaktadgaae,3b663a5a706efd16,1024,0/0
/spttest/qryp3656lb46,30e9331f35144586,1024,0/0
/spttest/p3luo12tjcrc,2dd9353f1dc15c58,1024,0/0
/spttest/inkzjuodsf0h,221361d91c666801,1024,0/0
/spttest/iq4k5g7qj9is,22346c3693eeccf4,1024,0/0
/spttest/br6uth7bu27b,1578f0e1792d1da7,1024,0/0
/spttest/sgtg4h5cqovh,33ffa6f13598d06d,1024,0/0
/spttest/qfkqtsv0ux8w,30484b597dbcdfd0,1024,0/0
/spttest/acllrlfoo08o,12e7cf15be2ddb38,1024,0/0
/spttest/ousl29qivdhe,2d66bbdeeb316002,1024,0/0
/spttest/88rrk8zwag89,f0ed8a771dc7ca9,1024,0/0
/spttest/db3bwmber6k4,184f11a07f7993f4,1024,0/0
/spttest/5ul4poa8y62r,aaf5fbd4aa58343,1024,0/0
/spttest/xeon5xk3vrlo,3d0602dcfbc7a07c,1024,0/0
/spttest/cywzf64vkdru,17b0e84dbc96b1ba,1024,0/0
/spttest/go9p98gtc224,1e751227b17fd26c,1024,0/0
/spttest/uqbj4m4j8uf,18f2cdcf68c4f87,1024,0/0
/spttest/7aawd6epdqah,d4f1ffd72ab1759,1024,0/0
/spttest/j6ksvh38y82e,230a1c98055b2156,1024,0/0
/spttest/wbw79r8u7r3x,3b0e280447c972fd,1024,0/0
/spttest/vxf2fc5kkgx4,3a521fbb307cdaa8,1024,0/0
/spttest/1yg3afzhnttg,3930e4e012c83b4,1024,0/0
/spttest/7g892mrlc1c7,d9c1b077ec2f2c7,1024,0/0
/spttest/oz5uce8d8xtr,2d9f797f9f888a3f,1024,0/0
/spttest/25fxlboywk2c,3edec7b8bbbdf94,1024,0/0
/spttest/k24yyanml0k2,24a40e835a74a812,1024,0/0
/spttest/3agcc0kdjbow,602a1d4f286bef0,1024,0/0
/spttest/ejyd3oiwekpi,1a95cb685b674856,1024,0/0
/spttest/5uc42yij2er4,aac1ece65b8d230,1024,0/0
/spttest/7wx0zbjqhdxi,e74df94aa1d56c6,1024,0/0
/spttest/rwjrphobq3wx,32f85fd8b9573151,1024,0/0
/spttest/boi4jlasxs46,15560a1d4de72096,1024,0/0
/spttest/v7re3ilbycih,3904d96c0a75b2d9,1024,0/0
/spttest/eu701gk3bbia,1b1acdc68e950202,1024,0/0
/spttest/tdkthpl4jvqp,35a92f6608cbef71,1024,0/0
/spttest/xipro1llibl9,3d3a5fcffa2ac42d,1024,0/0
/spttest/7r3dpp0vbfki,e293aeb40a87292,1024,0/0
/spttest/gu9mcj70b01e,1ec2fa3bae9580f2,1024,0/0
/spttest/jyadxktjfb99,24720dc3549eedbd,1024,0/0
/spttest/kkfmeh9mxnym,2591b4fbaf85218e,1024,0/0
/spttest/f83hpf7mnb1a,1bcf63391a62199e,1024,0/0
/spttest/eot5gzao4xh0,1ad4dc458bd13274,1024,0/0
/spttest/6lns3vmkd1gf,c0f0a6ed939a49f,1024,0/0
/spttest/bahma03qn3v9,14a001a718833955,1024,0/0
/spttest/5gxwwpuqgrt4,9fe22e8783a12c8,1024,0/0
/spttest/f9n81avmniy5,1be37f0891e751ad,1024,0/0
/spttest/b0w7n7c0wc01,14236110298ee4c1,1024,0/0
/spttest/a4pcq4ynqd08,12813f4ee0c8c358,1024,0/0
/spttest/70ao7zy5y2lu,ccd2686fd951eb2,1024,0/0
/spttest/auwv0z0rlz0q,13d5ad8463a1cf8a,1024,0/0
/spttest/g05kk1gft8ie,1d3bd67635238f56,1024,0/0
/spttest/llzwjqkwkzgz,2779a0e130da4093,1024,0/0
/spttest/ant1uvibbugf,137960c5e17551ef,1024,0/0
/spttest/xxt7nph81g4h,3dfe74cbf0de43e1,1024,0/0
/spttest/q25d0iboz1iy,2f99e20ba635367a,1024,0/0
/spttest/3nidtctbb9xa,6ac3ab51bcd85fe,1024,0/0
/spttest/8c1j7739mdtq,f3956a66dcab47e,1024,0/0
/spttest/4iv3cm5w9xpu,8437b9a2f55c6f2,1024,0/0
/spttest/j56h7v93ejk0,22f7f4468d36b180,1024,0/0
/spttest/sryv2fpeu1qi,34907cf2e6dba64a,1024,0/0
/spttest/8v72wvs2xlxe,103222f3248e0f42,1024,0/0
/spttest/3as3mdezf6e2,606dfe596e1191a,1024,0/0
/spttest/aehq2e9h890c,1300632889b6b49c,1024,0/0
/spttest/eabizqw98lx1,1a18a6bde749a9f5,1024,0/0
/spttest/d2lhe35yywqs,17e0b704c58f2044,1024,0/0
/spttest/xjkjj366twbs,3d457a59311dd6e8,1024,0/0
/spttest/8y0n2m42j7v8,1056c7ddcfca6094,1024,0/0
/spttest/cllvlrlpbrbn,17040a1f5bbd7c13,1024,0/0
/spttest/alg3y2hw1u7a,135abad4e24ff326,1024,0/0
/spttest/n6ecy4s6oo7h,2a563e7d8b3a068d,1024,0/0
/spttest/krhbfflc708u,25ed3e5c6efeacfe,1024,0/0
/spttest/4m7mkbiok9bz,86ef91723d9bc3f,1024,0/0
/spttest/1gl7ikjh1n92,2ab185dfab7c8f6,1024,0/0
/spttest/wwm16o4w4eut,3c1b431c6719d435,1024,0/0
/spttest/xz4szli40239,3e0fa0d539712695,1024,0/0
/spttest/j6ioccfml9vk,2309583b17725740,1024,0/0
/spttest/crh3uumelwbj,175040fed006dcdf,1024,0/0
/spttest/oafmc1t09b0b,2c5e45363a0743fb,1024,0/0
/spttest/i3iiorei5ysu,210eb4b5630d396e,1024,0/0
/spttest/rm3598laa0vo,32707bc82450a0f4,1024,0/0
/spttest/wqasjeib3kij,3bc94555d7119d9b,1024,0/0
/spttest/umrdsw6fsf09,37f412460b5e81f9,1024,0/0
/spttest/227yeymzoibl,3c413e0f7a22dc1,1024,0/0
/spttest/rakvibil8vb9,31db02519ce53d85,1024,0/0
/spttest/sox013all8ms,3468d92cdc732bf4,1024,0/0
/spttest/w3awfl3key39,3a9e8e6bef453415,1024,0/0
/spttest/8369bgm00nv1,ec623d3ac1950cd,1024,0/0
/spttest/keeasgr9axkt,25434b482adfbd7d,1024,0/0
/spttest/tm0ke5wfroza,3616c7ffdb7f7636,1024,0/0
/spttest/ys8lfuiip71u,3f89af6209dd69f2,1024,0/0
/spttest/ed6e51q2dsfa,1a3dc4383bbe0b26,1024,0/0
/spttest/bqw2eezfj984,15750c486baef074,1024,0/0
/spttest/95z583540en9,10be27c20c5c3225,1024,0/0
/spttest/70h0aik9loll,ccf6fb4a04c88c9,1024,0/0
/spttest/t10lv2z9r0v0,35060561362b321c,1024,0/0
/spttest/st4t4rdooy31,349f9f72f8afde8d,1024,0/0
/spttest/648m7yt0l78c,b2cc0710e7d8bdc,1024,0/0
/spttest/gik5f8a13ba5,1e2ae7c6e359a4dd,1024,0/0
/spttest/b0bbfnts78tg,141bd70e3f9e8864,1024,0/0
/spttest/c40evgxoft2p,161f7a19270a3cf1,1024,0/0
/spttest/omc4u2ls4ct2,2cf8e249c81dc9d6,1024,0/0
/spttest/vomrda5wkbjc,39dffeff183aab68,1024,0/0
/spttest/3k9ulvypl3ju,6822eb58b59b63a,1024,0/0
/spttest/utex9n4rlj03,384a803a28d18e73,1024,0/0
/spttest/7ja001ndh7k6,dc3b44271553986,1024,0/0
/spttest/izar0353ompy,22ab8f4fbc93d006,1024,0/0
/spttest/qargk119l0by,3009c54a0ba851ee,1024,0/0
/spttest/b9lohtv1euul,14947b8eefa120ad,1024,0/0
/spttest/r9ueguv0oa1k,31d175059c2904d8,1024,0/0
/spttest/xbfd08kndj8g,3cdbb1b715bd69a0,1024,0/0
/spttest/d5kqk2645j1a,180769f034df6b9e,1024,0/0
/spttest/u2qfdrbf3obo,36eff0d2d9af08e4,1024,0/0
/spttest/2dyzqxvmjci5,45cb7109d2a080d,1024,0/0
/spttest/wkmt8bzf1m89,3b7fabfd9a82b1c9,1024,0/0
/spttest/4dx2yqy15y7w,80341111889c57c,1024,0/0
/spttest/tm5iccswfehj,36189094886ec717,1024,0/0
/spttest/3jk4jqmw50pm,678e6a3bd2c2ada,1024,0/0
/spttest/n5rzv4abwwgu,2a4e2cd1aee0bf5e,1024,0/0
/spttest/74k8ffjp4xb6,d048eb6c10e16a2,1024,0/0
/spttest/jvzqikljrhcc,24543b7c0c6db78c,1024,0/0
/spttest/5635qwcuqi2j,971259a4218ebfb,1024,0/0
/spttest/3yxd8qwm835x,740849618b8b805,1024,0/0
/spttest/rirjm40cr2sb,3245546e5fdb92db,1024,0/0
/spttest/e26vib4voj2z,19af0ef589c3b59b,1024,0/0
/spttest/3318ok0kk720,5a2422446ee34b8,1024,0/0
/spttest/vzg6lkc5gaz2,3a6c8151e3a9f08e,1024,0/0
/spttest/bp8w624qstgz,155fb290f65d0e33,1024,0/0
/spttest/9pxa9ivp76ro,11c14516647d1304,1024,0/0
/spttest/s3tsevnjnz2d,3356ea22b5873045,1024,0/0
/spttest/3uf2yr2fuea5,705f68f8fb48acd,1024,0/0
/spttest/2hg62rh0wouq,489e1551e9559d2,1024,0/0
/spttest/s6al00uqx20z,3376f3e3cfee1a83,1024,0/0
/spttest/z1cpzkyrcjih,400013d60f6fb0c9,1024,0/0
/spttest/lk09bpev3tpf,275fc7261e908023,1024,0/0
/spttest/v9bg1a5ytrel,3919130415c2a5fd,1024,0/0
/spttest/yyspv7a63wnt,3fdee1a54bb32619,1024,0/0
/spttest/332j9jgpyazv,5a2b9a9d54cd52b,1024,0/0
/spttest/1716mu1y8f7z,22ef76e08df650f,1024,0/0
/spttest/b0qqd22g5k1i,142166e1649cacb6,1024,0/0
/spttest/9cd5b1aysqy7,111124a9f8eb116f,1024,0/0
/spttest/3v8cf81awc60,71085817d8c3398,1024,0/0
/spttest/wertpsxfw6eg,3b338b8961297b68,1024,0/0
/spttest/b088tan7zy4k,141abb39ac3d9a84,1024,0/0
/spttest/vb9i9tee7oay,39325a88629c4cca,1024,0/0
/spttest/22e3kprrn0l,1ad76cfe5fac45,1024,0/0
/spttest/muoli3g2fi9k,29be110a87db3c38,1024,0/0
/spttest/tgxsd3ul04ae,35d4d50fdfbff2b6,1024,0/0
/spttest/usf4w7eyzgt7,383d968a015709db,1024,0/0
/spttest/xc3eedqacs3a,3ce45e2075935b36,1024,0/0
/spttest/squuayt6g30v,34820c42e7ae6d4f,1024,0/0
/spttest/miqodvedv6hk,2922f217dba48798,1024,0/0
/spttest/pyv96ibmgyou,2f6f44c1e38e959e,1024,0/0
/spttest/xqicanbbbpxg,3d9f9bd8d3143f04,1024,0/0
