/spttest/mixed_1M_1,1,1048576,0/0
/spttest/mixed_1M_2,2,1048576,0/0
/spttest/mixed_1M_3,3,1048576,0/0
/spttest/mixed_1M_4,4,1048576,0/0
/spttest/mixed_1M_5,5,1048576,0/0
/spttest/mixed_1M_6,6,1048576,0/0
/spttest/mixed_1M_7,7,1048576,0/0
/spttest/mixed_1M_8,8,1048576,0/0
/spttest/mixed_1M_9,9,1048576,0/0
/spttest/mixed_1M_a,a,1048576,0/0
/spttest/mixed_1M_b,b,1048576,0/0
/spttest/mixed_1M_c,c,1048576,0/0
/spttest/mixed_1M_d,d,1048576,0/0
/spttest/mixed_1M_e,e,1048576,0/0
/spttest/mixed_1M_f,f,1048576,0/0
/spttest/mixed_1M_g,10,1048576,0/0
/spttest/mixed_1M_h,11,1048576,0/0
/spttest/mixed_1M_i,12,1048576,0/0
/spttest/mixed_1M_j,13,1048576,0/0
/spttest/mixed_1M_k,14,1048576,0/0
/spttest/mixed_1M_l,15,1048576,0/0
/spttest/mixed_1M_m,16,1048576,0/0
/spttest/mixed_1M_n,17,1048576,0/0
/spttest/mixed_1M_o,18,1048576,0/0
/spttest/mixed_1M_p,19,1048576,0/0
/spttest/mixed_1M_q,1a,1048576,0/0
/spttest/mixed_1M_r,1b,1048576,0/0
/spttest/mixed_1M_s,1c,1048576,0/0
/spttest/mixed_1M_t,1d,1048576,0/0
/spttest/mixed_1M_u,1e,1048576,0/0
/spttest/mixed_1M_v,1f,1048576,0/0
/spttest/mixed_1M_w,20,1048576,0/0
/spttest/mixed_1M_x,21,1048576,0/0
/spttest/mixed_1M_y,22,1048576,0/0
/spttest/mixed_1M_z,23,1048576,0/0
/spttest/mixed_1M_10,24,1048576,0/0
/spttest/mixed_1M_11,25,1048576,0/0
/spttest/mixed_1M_12,26,1048576,0/0
/spttest/mixed_1M_13,27,1048576,0/0
/spttest/mixed_1M_14,28,1048576,0/0
/spttest/mixed_1M_15,29,1048576,0/0
/spttest/mixed_1M_16,2a,1048576,0/0
/spttest/mixed_1M_17,2b,1048576,0/0
/spttest/mixed_1M_18,2c,1048576,0/0
/spttest/mixed_1M_19,2d,1048576,0/0
/spttest/mixed_1M_1a,2e,1048576,0/0
/spttest/mixed_1M_1b,2f,1048576,0/0
/spttest/mixed_1M_1c,30,1048576,0/0
/spttest/mixed_1M_1d,31,1048576,0/0
/spttest/mixed_1M_1e,32,1048576,0/0
/spttest/mixed_1M_1f,33,1048576,0/0
/spttest/mixed_1M_1g,34,1048576,0/0
/spttest/mixed_1M_1h,35,1048576,0/0
/spttest/mixed_1M_1i,36,1048576,0/0
/spttest/mixed_1M_1j,37,1048576,0/0
/spttest/mixed_1M_1k,38,1048576,0/0
/spttest/mixed_1M_1l,39,1048576,0/0
/spttest/mixed_1M_1m,3a,1048576,0/0
/spttest/mixed_1M_1n,3b,1048576,0/0
/spttest/mixed_1M_1o,3c,1048576,0/0
/spttest/mixed_1M_1p,3d,1048576,0/0
/spttest/mixed_1M_1q,3e,1048576,0/0
/spttest/mixed_1M_1r,3f,1048576,0/0
/spttest/mixed_1M_1s,40,1048576,0/0
/spttest/mixed_1M_1t,41,1048576,0/0
/spttest/mixed_1M_1u,42,1048576,0/0
/spttest/mixed_1M_1v,43,1048576,0/0
/spttest/mixed_1M_1w,44,1048576,0/0
/spttest/mixed_1M_1x,45,1048576,0/0
/spttest/mixed_1M_1y,46,1048576,0/0
/spttest/mixed_1M_1z,47,1048576,0/0
/spttest/mixed_1M_20,48,1048576,0/0
/spttest/mixed_1M_21,49,1048576,0/0
/spttest/mixed_1M_22,4a,1048576,0/0
/spttest/mixed_1M_23,4b,1048576,0/0
/spttest/mixed_1M_24,4c,1048576,0/0
/spttest/mixed_1M_25,4d,1048576,0/0
/spttest/mixed_1M_26,4e,1048576,0/0
/spttest/mixed_1M_27,4f,1048576,0/0
/spttest/mixed_1M_28,50,1048576,0/0
/spttest/mixed_1M_29,51,1048576,0/0
/spttest/mixed_1M_2a,52,1048576,0/0
/spttest/mixed_1M_2b,53,1048576,0/0
/spttest/mixed_1M_2c,54,1048576,0/0
/spttest/mixed_1M_2d,55,1048576,0/0
/spttest/mixed_1M_2e,56,1048576,0/0
/spttest/mixed_1M_2f,57,1048576,0/0
/spttest/mixed_1M_2g,58,1048576,0/0
/spttest/mixed_1M_2h,59,1048576,0/0
/spttest/mixed_1M_2i,5a,1048576,0/0
/spttest/mixed_1M_2j,5b,1048576,0/0
/spttest/mixed_1M_2k,5c,1048576,0/0
/spttest/mixed_1M_2l,5d,1048576,0/0
/spttest/mixed_1M_2m,5e,1048576,0/0
/spttest/mixed_1M_2n,5f,1048576,0/0
/spttest/mixed_1M_2o,60,1048576,0/0
/spttest/mixed_1M_2p,61,1048576,0/0
/spttest/mixed_1M_2q,62,1048576,0/0
/spttest/mixed_1M_2r,63,1048576,0/0
/spttest/mixed_1M_2s,64,1048576,0/0
/spttest/mixed_1M_2t,65,1048576,0/0
/spttest/mixed_1M_2u,66,1048576,0/0
/spttest/mixed_1M_2v,67,1048576,0/0
/spttest/mixed_1M_2w,68,1048576,0/0
/spttest/mixed_1M_2x,69,1048576,0/0
/spttest/mixed_1M_2y,6a,1048576,0/0
/spttest/mixed_1M_2z,6b,1048576,0/0
/spttest/mixed_1M_30,6c,1048576,0/0
/spttest/mixed_1M_31,6d,1048576,0/0
/spttest/mixed_1M_32,6e,1048576,0/0
/spttest/mixed_1M_33,6f,1048576,0/0
/spttest/mixed_1M_34,70,1048576,0/0
/spttest/mixed_1M_35,71,1048576,0/0
/spttest/mixed_1M_36,72,1048576,0/0
/spttest/mixed_1M_37,73,1048576,0/0
/spttest/mixed_1M_38,74,1048576,0/0
/spttest/mixed_1M_39,75,1048576,0/0
/spttest/mixed_1M_3a,76,1048576,0/0
/spttest/mixed_1M_3b,77,1048576,0/0
/spttest/mixed_1M_3c,78,1048576,0/0
/spttest/mixed_1M_3d,79,1048576,0/0
/spttest/mixed_1M_3e,7a,1048576,0/0
/spttest/mixed_1M_3f,7b,1048576,0/0
/spttest/mixed_1M_3g,7c,1048576,0/0
/spttest/mixed_1M_3h,7d,1048576,0/0
/spttest/mixed_1M_3i,7e,1048576,0/0
/spttest/mixed_1M_3j,7f,1048576,0/0
/spttest/mixed_1M_3k,80,1048576,0/0
/spttest/mixed_1M_3l,81,1048576,0/0
/spttest/mixed_1M_3m,82,1048576,0/0
/spttest/mixed_1M_3n,83,1048576,0/0
/spttest/mixed_1M_3o,84,1048576,0/0
/spttest/mixed_1M_3p,85,1048576,0/0
/spttest/mixed_1M_3q,86,1048576,0/0
/spttest/mixed_1M_3r,87,1048576,0/0
/spttest/mixed_1M_3s,88,1048576,0/0
/spttest/mixed_1M_3t,89,1048576,0/0
/spttest/mixed_1M_3u,8a,1048576,0/0
/spttest/mixed_1M_3v,8b,1048576,0/0
/spttest/mixed_1M_3w,8c,1048576,0/0
/spttest/mixed_1M_3x,8d,1048576,0/0
/spttest/mixed_1M_3y,8e,1048576,0/0
/spttest/mixed_1M_3z,8f,1048576,0/0
/spttest/mixed_1M_40,90,1048576,0/0
/spttest/mixed_1M_41,91,1048576,0/0
/spttest/mixed_1M_42,92,1048576,0/0
/spttest/mixed_1M_43,93,1048576,0/0
/spttest/mixed_1M_44,94,1048576,0/0
/spttest/mixed_1M_45,95,1048576,0/0
/spttest/mixed_1M_46,96,1048576,0/0
/spttest/mixed_1M_47,97,1048576,0/0
/spttest/mixed_1M_48,98,1048576,0/0
/spttest/mixed_1M_49,99,1048576,0/0
/spttest/mixed_1M_4a,9a,1048576,0/0
/spttest/mixed_1M_4b,9b,1048576,0/0
/spttest/mixed_1M_4c,9c,1048576,0/0
/spttest/mixed_1M_4d,9d,1048576,0/0
/spttest/mixed_1M_4e,9e,1048576,0/0
/spttest/mixed_1M_4f,9f,1048576,0/0
/spttest/mixed_1M_4g,a0,1048576,0/0
/spttest/mixed_1M_4h,a1,1048576,0/0
/spttest/mixed_1M_4i,a2,1048576,0/0
/spttest/mixed_1M_4j,a3,1048576,0/0
/spttest/mixed_1M_4k,a4,1048576,0/0
/spttest/mixed_1M_4l,a5,1048576,0/0
/spttest/mixed_1M_4m,a6,1048576,0/0
/spttest/mixed_1M_4n,a7,1048576,0/0
/spttest/mixed_1M_4o,a8,1048576,0/0
/spttest/mixed_1M_4p,a9,1048576,0/0
/spttest/mixed_1M_4q,aa,1048576,0/0
/spttest/mixed_1M_4r,ab,1048576,0/0
/spttest/mixed_1M_4s,ac,1048576,0/0
/spttest/mixed_1M_4t,ad,1048576,0/0
/spttest/mixed_1M_4u,ae,1048576,0/0
/spttest/mixed_1M_4v,af,1048576,0/0
/spttest/mixed_1M_4w,b0,1048576,0/0
/spttest/mixed_1M_4x,b1,1048576,0/0
/spttest/mixed_1M_4y,b2,1048576,0/0
/spttest/mixed_1M_4z,b3,1048576,0/0
/spttest/mixed_1M_50,b4,1048576,0/0
/spttest/mixed_1M_51,b5,1048576,0/0
/spttest/mixed_1M_52,b6,1048576,0/0
/spttest/mixed_1M_53,b7,1048576,0/0
/spttest/mixed_1M_54,b8,1048576,0/0
/spttest/mixed_1M_55,b9,1048576,0/0
/spttest/mixed_1M_56,ba,1048576,0/0
/spttest/mixed_1M_57,bb,1048576,0/0
/spttest/mixed_1M_58,bc,1048576,0/0
/spttest/mixed_1M_59,bd,1048576,0/0
/spttest/mixed_1M_5a,be,1048576,0/0
/spttest/mixed_1M_5b,bf,1048576,0/0
/spttest/mixed_1M_5c,c0,1048576,0/0
/spttest/mixed_1M_5d,c1,1048576,0/0
/spttest/mixed_1M_5e,c2,1048576,0/0
/spttest/mixed_1M_5f,c3,1048576,0/0
/spttest/mixed_1M_5g,c4,1048576,0/0
/spttest/mixed_1M_5h,c5,1048576,0/0
/spttest/mixed_1M_5i,c6,1048576,0/0
/spttest/mixed_1M_5j,c7,1048576,0/0
/spttest/mixed_1M_5k,c8,1048576,0/0
/spttest/mixed_1M_5l,c9,1048576,0/0
/spttest/mixed_1M_5m,ca,1048576,0/0
/spttest/mixed_1M_5n,cb,1048576,0/0
/spttest/mixed_1M_5o,cc,1048576,0/0
/spttest/mixed_1M_5p,cd,1048576,0/0
/spttest/mixed_1M_5q,ce,1048576,0/0
/spttest/mixed_1M_5r,cf,1048576,0/0
/spttest/mixed_1M_5s,d0,1048576,0/0
/spttest/mixed_1M_5t,d1,1048576,0/0
/spttest/mixed_1M_5u,d2,1048576,0/0
/spttest/mixed_1M_5v,d3,1048576,0/0
/spttest/mixed_1M_5w,d4,1048576,0/0
/spttest/mixed_1M_5x,d5,1048576,0/0
/spttest/mixed_1M_5y,d6,1048576,0/0
/spttest/mixed_1M_5z,d7,1048576,0/0
/spttest/mixed_1M_60,d8,1048576,0/0
/spttest/mixed_1M_61,d9,1048576,0/0
/spttest/mixed_1M_62,da,1048576,0/0
/spttest/mixed_1M_63,db,1048576,0/0
/spttest/mixed_1M_64,dc,1048576,0/0
/spttest/mixed_1M_65,dd,1048576,0/0
/spttest/mixed_1M_66,de,1048576,0/0
/spttest/mixed_1M_67,df,1048576,0/0
/spttest/mixed_1M_68,e0,1048576,0/0
/spttest/mixed_1M_69,e1,1048576,0/0
/spttest/mixed_1M_6a,e2,1048576,0/0
/spttest/mixed_1M_6b,e3,1048576,0/0
/spttest/mixed_1M_6c,e4,1048576,0/0
/spttest/mixed_1M_6d,e5,1048576,0/0
/spttest/mixed_1M_6e,e6,1048576,0/0
/spttest/mixed_1M_6f,e7,1048576,0/0
/spttest/mixed_1M_6g,e8,1048576,0/0
/spttest/mixed_1M_6h,e9,1048576,0/0
/spttest/mixed_1M_6i,ea,1048576,0/0
/spttest/mixed_1M_6j,eb,1048576,0/0
/spttest/mixed_1M_6k,ec,1048576,0/0
/spttest/mixed_1M_6l,ed,1048576,0/0
/spttest/mixed_1M_6m,ee,1048576,0/0
/spttest/mixed_1M_6n,ef,1048576,0/0
/spttest/mixed_1M_6o,f0,1048576,0/0
/spttest/mixed_1M_6p,f1,1048576,0/0
/spttest/mixed_1M_6q,f2,1048576,0/0
/spttest/mixed_1M_6r,f3,1048576,0/0
/spttest/mixed_1M_6s,f4,1048576,0/0
/spttest/mixed_1M_6t,f5,1048576,0/0
/spttest/mixed_1M_6u,f6,1048576,0/0
/spttest/mixed_1M_6v,f7,1048576,0/0
/spttest/mixed_1M_6w,f8,1048576,0/0
/spttest/mixed_1M_6x,f9,1048576,0/0
/spttest/mixed_1M_6y,fa,1048576,0/0
/spttest/mixed_1M_6z,fb,1048576,0/0
/spttest/mixed_1M_70,fc,1048576,0/0
/spttest/mixed_1M_71,fd,1048576,0/0
/spttest/mixed_1M_72,fe,1048576,0/0
/spttest/mixed_1M_73,ff,1048576,0/0
/spttest/mixed_1M_74,100,1048576,0/0
/spttest/mixed_1M_75,101,1048576,0/0
/spttest/mixed_1M_76,102,1048576,0/0
/spttest/mixed_1M_77,103,1048576,0/0
/spttest/mixed_1M_78,104,1048576,0/0
/spttest/mixed_1M_79,105,1048576,0/0
/spttest/mixed_1M_7a,106,1048576,0/0
/spttest/mixed_1M_7b,107,1048576,0/0
/spttest/mixed_1M_7c,108,1048576,0/0
/spttest/mixed_1M_7d,109,1048576,0/0
/spttest/mixed_1M_7e,10a,1048576,0/0
/spttest/mixed_1M_7f,10b,1048576,0/0
/spttest/mixed_1M_7g,10c,1048576,0/0
/spttest/mixed_1M_7h,10d,1048576,0/0
/spttest/mixed_1M_7i,10e,1048576,0/0
/spttest/mixed_1M_7j,10f,1048576,0/0
/spttest/mixed_1M_7k,110,1048576,0/0
/spttest/mixed_1M_7l,111,1048576,0/0
/spttest/mixed_1M_7m,112,1048576,0/0
/spttest/mixed_1M_7n,113,1048576,0/0
/spttest/mixed_1M_7o,114,1048576,0/0
/spttest/mixed_1M_7p,115,1048576,0/0
/spttest/mixed_1M_7q,116,1048576,0/0
/spttest/mixed_1M_7r,117,1048576,0/0
/spttest/mixed_1M_7s,118,1048576,0/0
/spttest/mixed_1M_7t,119,1048576,0/0
/spttest/mixed_1M_7u,11a,1048576,0/0
/spttest/mixed_1M_7v,11b,1048576,0/0
/spttest/mixed_1M_7w,11c,1048576,0/0
/spttest/mixed_1M_7x,11d,1048576,0/0
/spttest/mixed_1M_7y,11e,1048576,0/0
/spttest/mixed_1M_7z,11f,1048576,0/0
/spttest/mixed_1M_80,120,1048576,0/0
/spttest/mixed_1M_81,121,1048576,0/0
/spttest/mixed_1M_82,122,1048576,0/0
/spttest/mixed_1M_83,123,1048576,0/0
/spttest/mixed_1M_84,124,1048576,0/0
/spttest/mixed_1M_85,125,1048576,0/0
/spttest/mixed_1M_86,126,1048576,0/0
/spttest/mixed_1M_87,127,1048576,0/0
/spttest/mixed_1M_88,128,1048576,0/0
/spttest/mixed_1M_89,129,1048576,0/0
/spttest/mixed_1M_8a,12a,1048576,0/0
/spttest/mixed_1M_8b,12b,1048576,0/0
/spttest/mixed_1M_8c,12c,1048576,0/0
/spttest/mixed_1M_8d,12d,1048576,0/0
/spttest/mixed_1M_8e,12e,1048576,0/0
/spttest/mixed_1M_8f,12f,1048576,0/0
/spttest/mixed_1M_8g,130,1048576,0/0
/spttest/mixed_1M_8h,131,1048576,0/0
/spttest/mixed_1M_8i,132,1048576,0/0
/spttest/mixed_1M_8j,133,1048576,0/0
/spttest/mixed_1M_8k,134,1048576,0/0
/spttest/mixed_1M_8l,135,1048576,0/0
/spttest/mixed_1M_8m,136,1048576,0/0
/spttest/mixed_1M_8n,137,1048576,0/0
/spttest/mixed_1M_8o,138,1048576,0/0
/spttest/mixed_1M_8p,139,1048576,0/0
/spttest/mixed_1M_8q,13a,1048576,0/0
/spttest/mixed_1M_8r,13b,1048576,0/0
/spttest/mixed_1M_8s,13c,1048576,0/0
/spttest/mixed_1M_8t,13d,1048576,0/0
/spttest/mixed_1M_8u,13e,1048576,0/0
/spttest/mixed_1M_8v,13f,1048576,0/0
/spttest/mixed_1M_8w,140,1048576,0/0
/spttest/mixed_1M_8x,141,1048576,0/0
/spttest/mixed_1M_8y,142,1048576,0/0
/spttest/mixed_1M_8z,143,1048576,0/0
/spttest/mixed_1M_90,144,1048576,0/0
/spttest/mixed_1M_91,145,1048576,0/0
/spttest/mixed_1M_92,146,1048576,0/0
/spttest/mixed_1M_93,147,1048576,0/0
/spttest/mixed_1M_94,148,1048576,0/0
/spttest/mixed_1M_95,149,1048576,0/0
/spttest/mixed_1M_96,14a,1048576,0/0
/spttest/mixed_1M_97,14b,1048576,0/0
/spttest/mixed_1M_98,14c,1048576,0/0
/spttest/mixed_1M_99,14d,1048576,0/0
/spttest/mixed_1M_9a,14e,1048576,0/0
/spttest/mixed_1M_9b,14f,1048576,0/0
/spttest/mixed_1M_9c,150,1048576,0/0
/spttest/mixed_1M_9d,151,1048576,0/0
/spttest/mixed_1M_9e,152,1048576,0/0
/spttest/mixed_1M_9f,153,1048576,0/0
/spttest/mixed_1M_9g,154,1048576,0/0
/spttest/mixed_1M_9h,155,1048576,0/0
/spttest/mixed_1M_9i,156,1048576,0/0
/spttest/mixed_1M_9j,157,1048576,0/0
/spttest/mixed_1M_9k,158,1048576,0/0
/spttest/mixed_1M_9l,159,1048576,0/0
/spttest/mixed_1M_9m,15a,1048576,0/0
/spttest/mixed_1M_9n,15b,1048576,0/0
/spttest/mixed_1M_9o,15c,1048576,0/0
/spttest/mixed_1M_9p,15d,1048576,0/0
/spttest/mixed_1M_9q,15e,1048576,0/0
/spttest/mixed_1M_9r,15f,1048576,0/0
/spttest/mixed_1M_9s,160,1048576,0/0
/spttest/mixed_1M_9t,161,1048576,0/0
/spttest/mixed_1M_9u,162,1048576,0/0
/spttest/mixed_1M_9v,163,1048576,0/0
/spttest/mixed_1M_9w,164,1048576,0/0
/spttest/mixed_1M_9x,165,1048576,0/0
/spttest/mixed_1M_9y,166,1048576,0/0
/spttest/mixed_1M_9z,167,1048576,0/0
/spttest/mixed_1M_a0,168,1048576,0/0
/spttest/mixed_1M_a1,169,1048576,0/0
/spttest/mixed_1M_a2,16a,1048576,0/0
/spttest/mixed_1M_a3,16b,1048576,0/0
/spttest/mixed_1M_a4,16c,1048576,0/0
/spttest/mixed_1M_a5,16d,1048576,0/0
/spttest/mixed_1M_a6,16e,1048576,0/0
/spttest/mixed_1M_a7,16f,1048576,0/0
/spttest/mixed_1M_a8,170,1048576,0/0
/spttest/mixed_1M_a9,171,1048576,0/0
/spttest/mixed_1M_aa,172,1048576,0/0
/spttest/mixed_1M_ab,173,1048576,0/0
/spttest/mixed_1M_ac,174,1048576,0/0
/spttest/mixed_1M_ad,175,1048576,0/0
/spttest/mixed_1M_ae,176,1048576,0/0
/spttest/mixed_1M_af,177,1048576,0/0
/spttest/mixed_1M_ag,178,1048576,0/0
/spttest/mixed_1M_ah,179,1048576,0/0
/spttest/mixed_1M_ai,17a,1048576,0/0
/spttest/mixed_1M_aj,17b,1048576,0/0
/spttest/mixed_1M_ak,17c,1048576,0/0
/spttest/mixed_1M_al,17d,1048576,0/0
/spttest/mixed_1M_am,17e,1048576,0/0
/spttest/mixed_1M_an,17f,1048576,0/0
/spttest/mixed_1M_ao,180,1048576,0/0
/spttest/mixed_1M_ap,181,1048576,0/0
/spttest/mixed_1M_aq,182,1048576,0/0
/spttest/mixed_1M_ar,183,1048576,0/0
/spttest/mixed_1M_as,184,1048576,0/0
/spttest/mixed_1M_at,185,1048576,0/0
/spttest/mixed_1M_au,186,1048576,0/0
/spttest/mixed_1M_av,187,1048576,0/0
/spttest/mixed_1M_aw,188,1048576,0/0
/spttest/mixed_1M_ax,189,1048576,0/0
/spttest/mixed_1M_ay,18a,1048576,0/0
/spttest/mixed_1M_az,18b,1048576,0/0
/spttest/mixed_1M_b0,18c,1048576,0/0
/spttest/mixed_1M_b1,18d,1048576,0/0
/spttest/mixed_1M_b2,18e,1048576,0/0
/spttest/mixed_1M_b3,18f,1048576,0/0
/spttest/mixed_1M_b4,190,1048576,0/0
/spttest/mixed_1M_b5,191,1048576,0/0
/spttest/mixed_1M_b6,192,1048576,0/0
/spttest/mixed_1M_b7,193,1048576,0/0
/spttest/mixed_1M_b8,194,1048576,0/0
/spttest/mixed_1M_b9,195,1048576,0/0
/spttest/mixed_1M_ba,196,1048576,0/0
/spttest/mixed_1M_bb,197,1048576,0/0
/spttest/mixed_1M_bc,198,1048576,0/0
/spttest/mixed_1M_bd,199,1048576,0/0
/spttest/mixed_1M_be,19a,1048576,0/0
/spttest/mixed_1M_bf,19b,1048576,0/0
/spttest/mixed_1M_bg,19c,1048576,0/0
/spttest/mixed_1M_bh,19d,1048576,0/0
/spttest/mixed_1M_bi,19e,1048576,0/0
/spttest/mixed_1M_bj,19f,1048576,0/0
/spttest/mixed_1M_bk,1a0,1048576,0/0
/spttest/mixed_1M_bl,1a1,1048576,0/0
/spttest/mixed_1M_bm,1a2,1048576,0/0
/spttest/mixed_1M_bn,1a3,1048576,0/0
/spttest/mixed_1M_bo,1a4,1048576,0/0
/spttest/mixed_1M_bp,1a5,1048576,0/0
/spttest/mixed_1M_bq,1a6,1048576,0/0
/spttest/mixed_1M_br,1a7,1048576,0/0
/spttest/mixed_1M_bs,1a8,1048576,0/0
/spttest/mixed_1M_bt,1a9,1048576,0/0
/spttest/mixed_1M_bu,1aa,1048576,0/0
/spttest/mixed_1M_bv,1ab,1048576,0/0
/spttest/mixed_1M_bw,1ac,1048576,0/0
/spttest/mixed_1M_bx,1ad,1048576,0/0
/spttest/mixed_1M_by,1ae,1048576,0/0
/spttest/mixed_1M_bz,1af,1048576,0/0
/spttest/mixed_1M_c0,1b0,1048576,0/0
/spttest/mixed_1M_c1,1b1,1048576,0/0
/spttest/mixed_1M_c2,1b2,1048576,0/0
/spttest/mixed_1M_c3,1b3,1048576,0/0
/spttest/mixed_1M_c4,1b4,1048576,0/0
/spttest/mixed_1M_c5,1b5,1048576,0/0
/spttest/mixed_1M_c6,1b6,1048576,0/0
/spttest/mixed_1M_c7,1b7,1048576,0/0
/spttest/mixed_1M_c8,1b8,1048576,0/0
/spttest/mixed_1M_c9,1b9,1048576,0/0
/spttest/mixed_1M_ca,1ba,1048576,0/0
/spttest/mixed_1M_cb,1bb,1048576,0/0
/spttest/mixed_1M_cc,1bc,1048576,0/0
/spttest/mixed_1M_cd,1bd,1048576,0/0
/spttest/mixed_1M_ce,1be,1048576,0/0
/spttest/mixed_1M_cf,1bf,1048576,0/0
/spttest/mixed_1M_cg,1c0,1048576,0/0
/spttest/mixed_1M_ch,1c1,1048576,0/0
/spttest/mixed_1M_ci,1c2,1048576,0/0
/spttest/mixed_1M_cj,1c3,1048576,0/0
/spttest/mixed_1M_ck,1c4,1048576,0/0
/spttest/mixed_1M_cl,1c5,1048576,0/0
/spttest/mixed_1M_cm,1c6,1048576,0/0
/spttest/mixed_1M_cn,1c7,1048576,0/0
/spttest/mixed_1M_co,1c8,1048576,0/0
/spttest/mixed_1M_cp,1c9,1048576,0/0
/spttest/mixed_1M_cq,1ca,1048576,0/0
/spttest/mixed_1M_cr,1cb,1048576,0/0
/spttest/mixed_1M_cs,1cc,1048576,0/0
/spttest/mixed_1M_ct,1cd,1048576,0/0
/spttest/mixed_1M_cu,1ce,1048576,0/0
/spttest/mixed_1M_cv,1cf,1048576,0/0
/spttest/mixed_1M_cw,1d0,1048576,0/0
/spttest/mixed_1M_cx,1d1,1048576,0/0
/spttest/mixed_1M_cy,1d2,1048576,0/0
/spttest/mixed_1M_cz,1d3,1048576,0/0
/spttest/mixed_1M_d0,1d4,1048576,0/0
/spttest/mixed_1M_d1,1d5,1048576,0/0
/spttest/mixed_1M_d2,1d6,1048576,0/0
/spttest/mixed_1M_d3,1d7,1048576,0/0
/spttest/mixed_1M_d4,1d8,1048576,0/0
/spttest/mixed_1M_d5,1d9,1048576,0/0
/spttest/mixed_1M_d6,1da,1048576,0/0
/spttest/mixed_1M_d7,1db,1048576,0/0
/spttest/mixed_1M_d8,1dc,1048576,0/0
/spttest/mixed_1M_d9,1dd,1048576,0/0
/spttest/mixed_1M_da,1de,1048576,0/0
/spttest/mixed_1M_db,1df,1048576,0/0
/spttest/mixed_1M_dc,1e0,1048576,0/0
/spttest/mixed_1M_dd,1e1,1048576,0/0
/spttest/mixed_1M_de,1e2,1048576,0/0
/spttest/mixed_1M_df,1e3,1048576,0/0
/spttest/mixed_1M_dg,1e4,1048576,0/0
/spttest/mixed_1M_dh,1e5,1048576,0/0
/spttest/mixed_1M_di,1e6,1048576,0/0
/spttest/mixed_1M_dj,1e7,1048576,0/0
/spttest/mixed_1M_dk,1e8,1048576,0/0
/spttest/mixed_1M_dl,1e9,1048576,0/0
/spttest/mixed_1M_dm,1ea,1048576,0/0
/spttest/mixed_1M_dn,1eb,1048576,0/0
/spttest/mixed_1M_do,1ec,1048576,0/0
/spttest/mixed_1M_dp,1ed,1048576,0/0
/spttest/mixed_1M_dq,1ee,1048576,0/0
/spttest/mixed_1M_dr,1ef,1048576,0/0
/spttest/mixed_1M_ds,1f0,1048576,0/0
/spttest/mixed_1M_dt,1f1,1048576,0/0
/spttest/mixed_1M_du,1f2,1048576,0/0
/spttest/mixed_1M_dv,1f3,1048576,0/0
/spttest/mixed_1M_dw,1f4,1048576,0/0
/spttest/mixed_1M_dx,1f5,1048576,0/0
/spttest/mixed_1M_dy,1f6,1048576,0/0
/spttest/mixed_1M_dz,1f7,1048576,0/0
/spttest/mixed_1M_e0,1f8,1048576,0/0
/spttest/mixed_1M_e1,1f9,1048576,0/0
/spttest/mixed_1M_e2,1fa,1048576,0/0
/spttest/mixed_1M_e3,1fb,1048576,0/0
/spttest/mixed_1M_e4,1fc,1048576,0/0
/spttest/mixed_1M_e5,1fd,1048576,0/0
/spttest/mixed_1M_e6,1fe,1048576,0/0
/spttest/mixed_1M_e7,1ff,1048576,0/0
/spttest/mixed_1M_e8,200,1048576,0/0
/spttest/mixed_1M_e9,201,1048576,0/0
/spttest/mixed_1M_ea,202,1048576,0/0
/spttest/mixed_1M_eb,203,1048576,0/0
/spttest/mixed_1M_ec,204,1048576,0/0
/spttest/mixed_1M_ed,205,1048576,0/0
/spttest/mixed_1M_ee,206,1048576,0/0
/spttest/mixed_1M_ef,207,1048576,0/0
/spttest/mixed_1M_eg,208,1048576,0/0
/spttest/mixed_1M_eh,209,1048576,0/0
/spttest/mixed_1M_ei,20a,1048576,0/0
/spttest/mixed_1M_ej,20b,1048576,0/0
/spttest/mixed_1M_ek,20c,1048576,0/0
/spttest/mixed_1M_el,20d,1048576,0/0
/spttest/mixed_1M_em,20e,1048576,0/0
/spttest/mixed_1M_en,20f,1048576,0/0
/spttest/mixed_1M_eo,210,1048576,0/0
/spttest/mixed_1M_ep,211,1048576,0/0
/spttest/mixed_1M_eq,212,1048576,0/0
/spttest/mixed_1M_er,213,1048576,0/0
/spttest/mixed_1M_es,214,1048576,0/0
/spttest/mixed_1M_et,215,1048576,0/0
/spttest/mixed_1M_eu,216,1048576,0/0
/spttest/mixed_1M_ev,217,1048576,0/0
/spttest/mixed_1M_ew,218,1048576,0/0
/spttest/mixed_1M_ex,219,1048576,0/0
/spttest/mixed_1M_ey,21a,1048576,0/0
/spttest/mixed_1M_ez,21b,1048576,0/0
/spttest/mixed_1M_f0,21c,1048576,0/0
/spttest/mixed_1M_f1,21d,1048576,0/0
/spttest/mixed_1M_f2,21e,1048576,0/0
/spttest/mixed_1M_f3,21f,1048576,0/0
/spttest/mixed_1M_f4,220,1048576,0/0
/spttest/mixed_1M_f5,221,1048576,0/0
/spttest/mixed_1M_f6,222,1048576,0/0
/spttest/mixed_1M_f7,223,1048576,0/0
/spttest/mixed_1M_f8,224,1048576,0/0
/spttest/mixed_1M_f9,225,1048576,0/0
/spttest/mixed_1M_fa,226,1048576,0/0
/spttest/mixed_1M_fb,227,1048576,0/0
/spttest/mixed_1M_fc,228,1048576,0/0
/spttest/mixed_1M_fd,229,1048576,0/0
/spttest/mixed_1M_fe,22a,1048576,0/0
/spttest/mixed_1M_ff,22b,1048576,0/0
/spttest/mixed_1M_fg,22c,1048576,0/0
/spttest/mixed_1M_fh,22d,1048576,0/0
/spttest/mixed_1M_fi,22e,1048576,0/0
/spttest/mixed_1M_fj,22f,1048576,0/0
/spttest/mixed_1M_fk,230,1048576,0/0
/spttest/mixed_1M_fl,231,1048576,0/0
/spttest/mixed_1M_fm,232,1048576,0/0
/spttest/mixed_1M_fn,233,1048576,0/0
/spttest/mixed_1M_fo,234,1048576,0/0
/spttest/mixed_1M_fp,235,1048576,0/0
/spttest/mixed_1M_fq,236,1048576,0/0
/spttest/mixed_1M_fr,237,1048576,0/0
/spttest/mixed_1M_fs,238,1048576,0/0
/spttest/mixed_1M_ft,239,1048576,0/0
/spttest/mixed_1M_fu,23a,1048576,0/0
/spttest/mixed_1M_fv,23b,1048576,0/0
/spttest/mixed_1M_fw,23c,1048576,0/0
/spttest/mixed_1M_fx,23d,1048576,0/0
/spttest/mixed_1M_fy,23e,1048576,0/0
/spttest/mixed_1M_fz,23f,1048576,0/0
/spttest/mixed_1M_g0,240,1048576,0/0
/spttest/mixed_1M_g1,241,1048576,0/0
/spttest/mixed_1M_g2,242,1048576,0/0
/spttest/mixed_1M_g3,243,1048576,0/0
/spttest/mixed_1M_g4,244,1048576,0/0
/spttest/mixed_1M_g5,245,1048576,0/0
/spttest/mixed_1M_g6,246,1048576,0/0
/spttest/mixed_1M_g7,247,1048576,0/0
/spttest/mixed_1M_g8,248,1048576,0/0
/spttest/mixed_1M_g9,249,1048576,0/0
/spttest/mixed_1M_ga,24a,1048576,0/0
/spttest/mixed_1M_gb,24b,1048576,0/0
/spttest/mixed_1M_gc,24c,1048576,0/0
/spttest/mixed_1M_gd,24d,1048576,0/0
/spttest/mixed_1M_ge,24e,1048576,0/0
/spttest/mixed_1M_gf,24f,1048576,0/0
/spttest/mixed_1M_gg,250,1048576,0/0
/spttest/mixed_1M_gh,251,1048576,0/0
/spttest/mixed_1M_gi,252,1048576,0/0
/spttest/mixed_1M_gj,253,1048576,0/0
/spttest/mixed_1M_gk,254,1048576,0/0
/spttest/mixed_1M_gl,255,1048576,0/0
/spttest/mixed_1M_gm,256,1048576,0/0
/spttest/mixed_1M_gn,257,1048576,0/0
/spttest/mixed_1M_go,258,1048576,0/0
/spttest/mixed_1M_gp,259,1048576,0/0
/spttest/mixed_1M_gq,25a,1048576,0/0
/spttest/mixed_1M_gr,25b,1048576,0/0
/spttest/mixed_1M_gs,25c,1048576,0/0
/spttest/mixed_1M_gt,25d,1048576,0/0
/spttest/mixed_1M_gu,25e,1048576,0/0
/spttest/mixed_1M_gv,25f,1048576,0/0
/spttest/mixed_1M_gw,260,1048576,0/0
/spttest/mixed_1M_gx,261,1048576,0/0
/spttest/mixed_1M_gy,262,1048576,0/0
/spttest/mixed_1M_gz,263,1048576,0/0
/spttest/mixed_1M_h0,264,1048576,0/0
/spttest/mixed_1M_h1,265,1048576,0/0
/spttest/mixed_1M_h2,266,1048576,0/0
/spttest/mixed_1M_h3,267,1048576,0/0
/spttest/mixed_1M_h4,268,1048576,0/0
/spttest/mixed_1M_h5,269,1048576,0/0
/spttest/mixed_1M_h6,26a,1048576,0/0
/spttest/mixed_1M_h7,26b,1048576,0/0
/spttest/mixed_1M_h8,26c,1048576,0/0
/spttest/mixed_1M_h9,26d,1048576,0/0
/spttest/mixed_1M_ha,26e,1048576,0/0
/spttest/mixed_1M_hb,26f,1048576,0/0
/spttest/mixed_1M_hc,270,1048576,0/0
/spttest/mixed_1M_hd,271,1048576,0/0
/spttest/mixed_1M_he,272,1048576,0/0
/spttest/mixed_1M_hf,273,1048576,0/0
/spttest/mixed_1M_hg,274,1048576,0/0
/spttest/mixed_1M_hh,275,1048576,0/0
/spttest/mixed_1M_hi,276,1048576,0/0
/spttest/mixed_1M_hj,277,1048576,0/0
/spttest/mixed_1M_hk,278,1048576,0/0
/spttest/mixed_1M_hl,279,1048576,0/0
/spttest/mixed_1M_hm,27a,1048576,0/0
/spttest/mixed_1M_hn,27b,1048576,0/0
/spttest/mixed_1M_ho,27c,1048576,0/0
/spttest/mixed_1M_hp,27d,1048576,0/0
/spttest/mixed_1M_hq,27e,1048576,0/0
/spttest/mixed_1M_hr,27f,1048576,0/0
/spttest/mixed_1M_hs,280,1048576,0/0
/spttest/mixed_1M_ht,281,1048576,0/0
/spttest/mixed_1M_hu,282,1048576,0/0
/spttest/mixed_1M_hv,283,1048576,0/0
/spttest/mixed_1M_hw,284,1048576,0/0
/spttest/mixed_1M_hx,285,1048576,0/0
/spttest/mixed_1M_hy,286,1048576,0/0
/spttest/mixed_1M_hz,287,1048576,0/0
/spttest/mixed_1M_i0,288,1048576,0/0
/spttest/mixed_1M_i1,289,1048576,0/0
/spttest/mixed_1M_i2,28a,1048576,0/0
/spttest/mixed_1M_i3,28b,1048576,0/0
/spttest/mixed_1M_i4,28c,1048576,0/0
/spttest/mixed_1M_i5,28d,1048576,0/0
/spttest/mixed_1M_i6,28e,1048576,0/0
/spttest/mixed_1M_i7,28f,1048576,0/0
/spttest/mixed_1M_i8,290,1048576,0/0
/spttest/mixed_1M_i9,291,1048576,0/0
/spttest/mixed_1M_ia,292,1048576,0/0
/spttest/mixed_1M_ib,293,1048576,0/0
/spttest/mixed_1M_ic,294,1048576,0/0
/spttest/mixed_1M_id,295,1048576,0/0
/spttest/mixed_1M_ie,296,1048576,0/0
/spttest/mixed_1M_if,297,1048576,0/0
/spttest/mixed_1M_ig,298,1048576,0/0
/spttest/mixed_1M_ih,299,1048576,0/0
/spttest/mixed_1M_ii,29a,1048576,0/0
/spttest/mixed_1M_ij,29b,1048576,0/0
/spttest/mixed_1M_ik,29c,1048576,0/0
/spttest/mixed_1M_il,29d,1048576,0/0
/spttest/mixed_1M_im,29e,1048576,0/0
/spttest/mixed_1M_in,29f,1048576,0/0
/spttest/mixed_1M_io,2a0,1048576,0/0
/spttest/mixed_1M_ip,2a1,1048576,0/0
/spttest/mixed_1M_iq,2a2,1048576,0/0
/spttest/mixed_1M_ir,2a3,1048576,0/0
/spttest/mixed_1M_is,2a4,1048576,0/0
/spttest/mixed_1M_it,2a5,1048576,0/0
/spttest/mixed_1M_iu,2a6,1048576,0/0
/spttest/mixed_1M_iv,2a7,1048576,0/0
/spttest/mixed_1M_iw,2a8,1048576,0/0
/spttest/mixed_1M_ix,2a9,1048576,0/0
/spttest/mixed_1M_iy,2aa,1048576,0/0
/spttest/mixed_1M_iz,2ab,1048576,0/0
/spttest/mixed_1M_j0,2ac,1048576,0/0
/spttest/mixed_1M_j1,2ad,1048576,0/0
/spttest/mixed_1M_j2,2ae,1048576,0/0
/spttest/mixed_1M_j3,2af,1048576,0/0
/spttest/mixed_1M_j4,2b0,1048576,0/0
/spttest/mixed_1M_j5,2b1,1048576,0/0
/spttest/mixed_1M_j6,2b2,1048576,0/0
/spttest/mixed_1M_j7,2b3,1048576,0/0
/spttest/mixed_1M_j8,2b4,1048576,0/0
/spttest/mixed_1M_j9,2b5,1048576,0/0
/spttest/mixed_1M_ja,2b6,1048576,0/0
/spttest/mixed_1M_jb,2b7,1048576,0/0
/spttest/mixed_1M_jc,2b8,1048576,0/0
/spttest/mixed_1M_jd,2b9,1048576,0/0
/spttest/mixed_1M_je,2ba,1048576,0/0
/spttest/mixed_1M_jf,2bb,1048576,0/0
/spttest/mixed_1M_jg,2bc,1048576,0/0
/spttest/mixed_1M_jh,2bd,1048576,0/0
/spttest/mixed_1M_ji,2be,1048576,0/0
/spttest/mixed_1M_jj,2bf,1048576,0/0
/spttest/mixed_1M_jk,2c0,1048576,0/0
/spttest/mixed_1M_jl,2c1,1048576,0/0
/spttest/mixed_1M_jm,2c2,1048576,0/0
/spttest/mixed_1M_jn,2c3,1048576,0/0
/spttest/mixed_1M_jo,2c4,1048576,0/0
/spttest/mixed_1M_jp,2c5,1048576,0/0
/spttest/mixed_1M_jq,2c6,1048576,0/0
/spttest/mixed_1M_jr,2c7,1048576,0/0
/spttest/mixed_1M_js,2c8,1048576,0/0
/spttest/mixed_1M_jt,2c9,1048576,0/0
/spttest/mixed_1M_ju,2ca,1048576,0/0
/spttest/mixed_1M_jv,2cb,1048576,0/0
/spttest/mixed_1M_jw,2cc,1048576,0/0
/spttest/mixed_1M_jx,2cd,1048576,0/0
/spttest/mixed_1M_jy,2ce,1048576,0/0
/spttest/mixed_1M_jz,2cf,1048576,0/0
/spttest/mixed_1M_k0,2d0,1048576,0/0
/spttest/mixed_1M_k1,2d1,1048576,0/0
/spttest/mixed_1M_k2,2d2,1048576,0/0
/spttest/mixed_1M_k3,2d3,1048576,0/0
/spttest/mixed_1M_k4,2d4,1048576,0/0
/spttest/mixed_1M_k5,2d5,1048576,0/0
/spttest/mixed_1M_k6,2d6,1048576,0/0
/spttest/mixed_1M_k7,2d7,1048576,0/0
/spttest/mixed_1M_k8,2d8,1048576,0/0
/spttest/mixed_1M_k9,2d9,1048576,0/0
/spttest/mixed_1M_ka,2da,1048576,0/0
/spttest/mixed_1M_kb,2db,1048576,0/0
/spttest/mixed_1M_kc,2dc,1048576,0/0
/spttest/mixed_1M_kd,2dd,1048576,0/0
/spttest/mixed_1M_ke,2de,1048576,0/0
/spttest/mixed_1M_kf,2df,1048576,0/0
/spttest/mixed_1M_kg,2e0,1048576,0/0
/spttest/mixed_1M_kh,2e1,1048576,0/0
/spttest/mixed_1M_ki,2e2,1048576,0/0
/spttest/mixed_1M_kj,2e3,1048576,0/0
/spttest/mixed_1M_kk,2e4,1048576,0/0
/spttest/mixed_1M_kl,2e5,1048576,0/0
/spttest/mixed_1M_km,2e6,1048576,0/0
/spttest/mixed_1M_kn,2e7,1048576,0/0
/spttest/mixed_1M_ko,2e8,1048576,0/0
/spttest/mixed_1M_kp,2e9,1048576,0/0
/spttest/mixed_1M_kq,2ea,1048576,0/0
/spttest/mixed_1M_kr,2eb,1048576,0/0
/spttest/mixed_1M_ks,2ec,1048576,0/0
/spttest/mixed_1M_kt,2ed,1048576,0/0
/spttest/mixed_1M_ku,2ee,1048576,0/0
/spttest/mixed_1M_kv,2ef,1048576,0/0
/spttest/mixed_1M_kw,2f0,1048576,0/0
/spttest/mixed_1M_kx,2f1,1048576,0/0
/spttest/mixed_1M_ky,2f2,1048576,0/0
/spttest/mixed_1M_kz,2f3,1048576,0/0
/spttest/mixed_1M_l0,2f4,1048576,0/0
/spttest/mixed_1M_l1,2f5,1048576,0/0
/spttest/mixed_1M_l2,2f6,1048576,0/0
/spttest/mixed_1M_l3,2f7,1048576,0/0
/spttest/mixed_1M_l4,2f8,1048576,0/0
/spttest/mixed_1M_l5,2f9,1048576,0/0
/spttest/mixed_1M_l6,2fa,1048576,0/0
/spttest/mixed_1M_l7,2fb,1048576,0/0
/spttest/mixed_1M_l8,2fc,1048576,0/0
/spttest/mixed_1M_l9,2fd,1048576,0/0
/spttest/mixed_1M_la,2fe,1048576,0/0
/spttest/mixed_1M_lb,2ff,1048576,0/0
/spttest/mixed_1M_lc,300,1048576,0/0
/spttest/mixed_1M_ld,301,1048576,0/0
/spttest/mixed_1M_le,302,1048576,0/0
/spttest/mixed_1M_lf,303,1048576,0/0
/spttest/mixed_1M_lg,304,1048576,0/0
/spttest/mixed_1M_lh,305,1048576,0/0
/spttest/mixed_1M_li,306,1048576,0/0
/spttest/mixed_1M_lj,307,1048576,0/0
/spttest/mixed_1M_lk,308,1048576,0/0
/spttest/mixed_1M_ll,309,1048576,0/0
/spttest/mixed_1M_lm,30a,1048576,0/0
/spttest/mixed_1M_ln,30b,1048576,0/0
/spttest/mixed_1M_lo,30c,1048576,0/0
/spttest/mixed_1M_lp,30d,1048576,0/0
/spttest/mixed_1M_lq,30e,1048576,0/0
/spttest/mixed_1M_lr,30f,1048576,0/0
/spttest/mixed_1M_ls,310,1048576,0/0
/spttest/mixed_1M_lt,311,1048576,0/0
/spttest/mixed_1M_lu,312,1048576,0/0
/spttest/mixed_1M_lv,313,1048576,0/0
/spttest/mixed_1M_lw,314,1048576,0/0
/spttest/mixed_1M_lx,315,1048576,0/0
/spttest/mixed_1M_ly,316,1048576,0/0
/spttest/mixed_1M_lz,317,1048576,0/0
/spttest/mixed_1M_m0,318,1048576,0/0
/spttest/mixed_1M_m1,319,1048576,0/0
/spttest/mixed_1M_m2,31a,1048576,0/0
/spttest/mixed_1M_m3,31b,1048576,0/0
/spttest/mixed_1M_m4,31c,1048576,0/0
/spttest/mixed_1M_m5,31d,1048576,0/0
/spttest/mixed_1M_m6,31e,1048576,0/0
/spttest/mixed_1M_m7,31f,1048576,0/0
/spttest/mixed_1M_m8,320,1048576,0/0
/spttest/mixed_1M_m9,321,1048576,0/0
/spttest/mixed_1M_ma,322,1048576,0/0
/spttest/mixed_1M_mb,323,1048576,0/0
/spttest/mixed_1M_mc,324,1048576,0/0
/spttest/mixed_1M_md,325,1048576,0/0
/spttest/mixed_1M_me,326,1048576,0/0
/spttest/mixed_1M_mf,327,1048576,0/0
/spttest/mixed_1M_mg,328,1048576,0/0
/spttest/mixed_1M_mh,329,1048576,0/0
/spttest/mixed_1M_mi,32a,1048576,0/0
/spttest/mixed_1M_mj,32b,1048576,0/0
/spttest/mixed_1M_mk,32c,1048576,0/0
/spttest/mixed_1M_ml,32d,1048576,0/0
/spttest/mixed_1M_mm,32e,1048576,0/0
/spttest/mixed_1M_mn,32f,1048576,0/0
/spttest/mixed_1M_mo,330,1048576,0/0
/spttest/mixed_1M_mp,331,1048576,0/0
/spttest/mixed_1M_mq,332,1048576,0/0
/spttest/mixed_1M_mr,333,1048576,0/0
/spttest/mixed_1M_ms,334,1048576,0/0
/spttest/mixed_1M_mt,335,1048576,0/0
/spttest/mixed_1M_mu,336,1048576,0/0
/spttest/mixed_1M_mv,337,1048576,0/0
/spttest/mixed_1M_mw,338,1048576,0/0
/spttest/mixed_1M_mx,339,1048576,0/0
/spttest/mixed_1M_my,33a,1048576,0/0
/spttest/mixed_1M_mz,33b,1048576,0/0
/spttest/mixed_1M_n0,33c,1048576,0/0
/spttest/mixed_1M_n1,33d,1048576,0/0
/spttest/mixed_1M_n2,33e,1048576,0/0
/spttest/mixed_1M_n3,33f,1048576,0/0
/spttest/mixed_1M_n4,340,1048576,0/0
/spttest/mixed_1M_n5,341,1048576,0/0
/spttest/mixed_1M_n6,342,1048576,0/0
/spttest/mixed_1M_n7,343,1048576,0/0
/spttest/mixed_1M_n8,344,1048576,0/0
/spttest/mixed_1M_n9,345,1048576,0/0
/spttest/mixed_1M_na,346,1048576,0/0
/spttest/mixed_1M_nb,347,1048576,0/0
/spttest/mixed_1M_nc,348,1048576,0/0
/spttest/mixed_1M_nd,349,1048576,0/0
/spttest/mixed_1M_ne,34a,1048576,0/0
/spttest/mixed_1M_nf,34b,1048576,0/0
/spttest/mixed_1M_ng,34c,1048576,0/0
/spttest/mixed_1M_nh,34d,1048576,0/0
/spttest/mixed_1M_ni,34e,1048576,0/0
/spttest/mixed_1M_nj,34f,1048576,0/0
/spttest/mixed_1M_nk,350,1048576,0/0
/spttest/mixed_1M_nl,351,1048576,0/0
/spttest/mixed_1M_nm,352,1048576,0/0
/spttest/mixed_1M_nn,353,1048576,0/0
/spttest/mixed_1M_no,354,1048576,0/0
/spttest/mixed_1M_np,355,1048576,0/0
/spttest/mixed_1M_nq,356,1048576,0/0
/spttest/mixed_1M_nr,357,1048576,0/0
/spttest/mixed_1M_ns,358,1048576,0/0
/spttest/mixed_1M_nt,359,1048576,0/0
/spttest/mixed_1M_nu,35a,1048576,0/0
/spttest/mixed_1M_nv,35b,1048576,0/0
/spttest/mixed_1M_nw,35c,1048576,0/0
/spttest/mixed_1M_nx,35d,1048576,0/0
/spttest/mixed_1M_ny,35e,1048576,0/0
/spttest/mixed_1M_nz,35f,1048576,0/0
/spttest/mixed_1M_o0,360,1048576,0/0
/spttest/mixed_1M_o1,361,1048576,0/0
/spttest/mixed_1M_o2,362,1048576,0/0
/spttest/mixed_1M_o3,363,1048576,0/0
/spttest/mixed_1M_o4,364,1048576,0/0
/spttest/mixed_1M_o5,365,1048576,0/0
/spttest/mixed_1M_o6,366,1048576,0/0
/spttest/mixed_1M_o7,367,1048576,0/0
/spttest/mixed_1M_o8,368,1048576,0/0
/spttest/mixed_1M_o9,369,1048576,0/0
/spttest/mixed_1M_oa,36a,1048576,0/0
/spttest/mixed_1M_ob,36b,1048576,0/0
/spttest/mixed_1M_oc,36c,1048576,0/0
/spttest/mixed_1M_od,36d,1048576,0/0
/spttest/mixed_1M_oe,36e,1048576,0/0
/spttest/mixed_1M_of,36f,1048576,0/0
/spttest/mixed_1M_og,370,1048576,0/0
/spttest/mixed_1M_oh,371,1048576,0/0
/spttest/mixed_1M_oi,372,1048576,0/0
/spttest/mixed_1M_oj,373,1048576,0/0
/spttest/mixed_1M_ok,374,1048576,0/0
/spttest/mixed_1M_ol,375,1048576,0/0
/spttest/mixed_1M_om,376,1048576,0/0
/spttest/mixed_1M_on,377,1048576,0/0
/spttest/mixed_1M_oo,378,1048576,0/0
/spttest/mixed_1M_op,379,1048576,0/0
/spttest/mixed_1M_oq,37a,1048576,0/0
/spttest/mixed_1M_or,37b,1048576,0/0
/spttest/mixed_1M_os,37c,1048576,0/0
/spttest/mixed_1M_ot,37d,1048576,0/0
/spttest/mixed_1M_ou,37e,1048576,0/0
/spttest/mixed_1M_ov,37f,1048576,0/0
/spttest/mixed_1M_ow,380,1048576,0/0
/spttest/mixed_1M_ox,381,1048576,0/0
/spttest/mixed_1M_oy,382,1048576,0/0
/spttest/mixed_1M_oz,383,1048576,0/0
/spttest/mixed_1M_p0,384,1048576,0/0
/spttest/mixed_1M_p1,385,1048576,0/0
/spttest/mixed_1M_p2,386,1048576,0/0
/spttest/mixed_1M_p3,387,1048576,0/0
/spttest/mixed_1M_p4,388,1048576,0/0
/spttest/mixed_1M_p5,389,1048576,0/0
/spttest/mixed_1M_p6,38a,1048576,0/0
/spttest/mixed_1M_p7,38b,1048576,0/0
/spttest/mixed_1M_p8,38c,1048576,0/0
/spttest/mixed_1M_p9,38d,1048576,0/0
/spttest/mixed_1M_pa,38e,1048576,0/0
/spttest/mixed_1M_pb,38f,1048576,0/0
/spttest/mixed_1M_pc,390,1048576,0/0
/spttest/mixed_1M_pd,391,1048576,0/0
/spttest/mixed_1M_pe,392,1048576,0/0
/spttest/mixed_1M_pf,393,1048576,0/0
/spttest/mixed_1M_pg,394,1048576,0/0
/spttest/mixed_1M_ph,395,1048576,0/0
/spttest/mixed_1M_pi,396,1048576,0/0
/spttest/mixed_1M_pj,397,1048576,0/0
/spttest/mixed_1M_pk,398,1048576,0/0
/spttest/mixed_1M_pl,399,1048576,0/0
/spttest/mixed_1M_pm,39a,1048576,0/0
/spttest/mixed_1M_pn,39b,1048576,0/0
/spttest/mixed_1M_po,39c,1048576,0/0
/spttest/mixed_1M_pp,39d,1048576,0/0
/spttest/mixed_1M_pq,39e,1048576,0/0
/spttest/mixed_1M_pr,39f,1048576,0/0
/spttest/mixed_1M_ps,3a0,1048576,0/0
/spttest/mixed_1M_pt,3a1,1048576,0/0
/spttest/mixed_1M_pu,3a2,1048576,0/0
/spttest/mixed_1M_pv,3a3,1048576,0/0
/spttest/mixed_1M_pw,3a4,1048576,0/0
/spttest/mixed_1M_px,3a5,1048576,0/0
/spttest/mixed_1M_py,3a6,1048576,0/0
/spttest/mixed_1M_pz,3a7,1048576,0/0
/spttest/mixed_1M_q0,3a8,1048576,0/0
/spttest/mixed_1M_q1,3a9,1048576,0/0
/spttest/mixed_1M_q2,3aa,1048576,0/0
/spttest/mixed_1M_q3,3ab,1048576,0/0
/spttest/mixed_1M_q4,3ac,1048576,0/0
/spttest/mixed_1M_q5,3ad,1048576,0/0
/spttest/mixed_1M_q6,3ae,1048576,0/0
/spttest/mixed_1M_q7,3af,1048576,0/0
/spttest/mixed_1M_q8,3b0,1048576,0/0
/spttest/mixed_1M_q9,3b1,1048576,0/0
/spttest/mixed_1M_qa,3b2,1048576,0/0
/spttest/mixed_1M_qb,3b3,1048576,0/0
/spttest/mixed_1M_qc,3b4,1048576,0/0
/spttest/mixed_1M_qd,3b5,1048576,0/0
/spttest/mixed_1M_qe,3b6,1048576,0/0
/spttest/mixed_1M_qf,3b7,1048576,0/0
/spttest/mixed_1M_qg,3b8,1048576,0/0
/spttest/mixed_1M_qh,3b9,1048576,0/0
/spttest/mixed_1M_qi,3ba,1048576,0/0
/spttest/mixed_1M_qj,3bb,1048576,0/0
/spttest/mixed_1M_qk,3bc,1048576,0/0
/spttest/mixed_1M_ql,3bd,1048576,0/0
/spttest/mixed_1M_qm,3be,1048576,0/0
/spttest/mixed_1M_qn,3bf,1048576,0/0
/spttest/mixed_1M_qo,3c0,1048576,0/0
/spttest/mixed_1M_qp,3c1,1048576,0/0
/spttest/mixed_1M_qq,3c2,1048576,0/0
/spttest/mixed_1M_qr,3c3,1048576,0/0
/spttest/mixed_1M_qs,3c4,1048576,0/0
/spttest/mixed_1M_qt,3c5,1048576,0/0
/spttest/mixed_1M_qu,3c6,1048576,0/0
/spttest/mixed_1M_qv,3c7,1048576,0/0
/spttest/mixed_1M_qw,3c8,1048576,0/0
/spttest/mixed_1M_qx,3c9,1048576,0/0
/spttest/mixed_1M_qy,3ca,1048576,0/0
/spttest/mixed_1M_qz,3cb,1048576,0/0
/spttest/mixed_1M_r0,3cc,1048576,0/0
/spttest/mixed_1M_r1,3cd,1048576,0/0
/spttest/mixed_1M_r2,3ce,1048576,0/0
/spttest/mixed_1M_r3,3cf,1048576,0/0
/spttest/mixed_1M_r4,3d0,1048576,0/0
/spttest/mixed_1M_r5,3d1,1048576,0/0
/spttest/mixed_1M_r6,3d2,1048576,0/0
/spttest/mixed_1M_r7,3d3,1048576,0/0
/spttest/mixed_1M_r8,3d4,1048576,0/0
/spttest/mixed_1M_r9,3d5,1048576,0/0
/spttest/mixed_1M_ra,3d6,1048576,0/0
/spttest/mixed_1M_rb,3d7,1048576,0/0
/spttest/mixed_1M_rc,3d8,1048576,0/0
/spttest/mixed_1M_rd,3d9,1048576,0/0
/spttest/mixed_1M_re,3da,1048576,0/0
/spttest/mixed_1M_rf,3db,1048576,0/0
/spttest/mixed_1M_rg,3dc,1048576,0/0
/spttest/mixed_1M_rh,3dd,1048576,0/0
/spttest/mixed_1M_ri,3de,1048576,0/0
/spttest/mixed_1M_rj,3df,1048576,0/0
/spttest/mixed_1M_rk,3e0,1048576,0/0
/spttest/mixed_1M_rl,3e1,1048576,0/0
/spttest/mixed_1M_rm,3e2,1048576,0/0
/spttest/mixed_1M_rn,3e3,1048576,0/0
/spttest/mixed_1M_ro,3e4,1048576,0/0
/spttest/mixed_1M_rp,3e5,1048576,0/0
/spttest/mixed_1M_rq,3e6,1048576,0/0
/spttest/mixed_1M_rr,3e7,1048576,0/0
/spttest/mixed_1M_rs,3e8,1048576,0/0
/spttest/mixed_1M_rt,3e9,1048576,0/0
/spttest/mixed_1M_ru,3ea,1048576,0/0
/spttest/mixed_1M_rv,3eb,1048576,0/0
/spttest/mixed_1M_rw,3ec,1048576,0/0
/spttest/mixed_1M_rx,3ed,1048576,0/0
/spttest/mixed_1M_ry,3ee,1048576,0/0
/spttest/mixed_1M_rz,3ef,1048576,0/0
/spttest/mixed_1M_s0,3f0,1048576,0/0
/spttest/mixed_1M_s1,3f1,1048576,0/0
/spttest/mixed_1M_s2,3f2,1048576,0/0
/spttest/mixed_1M_s3,3f3,1048576,0/0
/spttest/mixed_1M_s4,3f4,1048576,0/0
/spttest/mixed_1M_s5,3f5,1048576,0/0
/spttest/mixed_1M_s6,3f6,1048576,0/0
/spttest/mixed_1M_s7,3f7,1048576,0/0
/spttest/mixed_1M_s8,3f8,1048576,0/0
/spttest/mixed_1M_s9,3f9,1048576,0/0
/spttest/mixed_1M_sa,3fa,1048576,0/0
/spttest/mixed_1M_sb,3fb,1048576,0/0
/spttest/mixed_1M_sc,3fc,1048576,0/0
/spttest/mixed_1M_sd,3fd,1048576,0/0
/spttest/mixed_1M_se,3fe,1048576,0/0
/spttest/mixed_1M_sf,3ff,1048576,0/0
/spttest/mixed_1M_sg,400,1048576,0/0
/spttest/mixed_1M_sh,401,1048576,0/0
/spttest/mixed_1M_si,402,1048576,0/0
/spttest/mixed_1M_sj,403,1048576,0/0
/spttest/mixed_1M_sk,404,1048576,0/0
/spttest/mixed_1M_sl,405,1048576,0/0
/spttest/mixed_1M_sm,406,1048576,0/0
/spttest/mixed_1M_sn,407,1048576,0/0
/spttest/mixed_1M_so,408,1048576,0/0
/spttest/mixed_1M_sp,409,1048576,0/0
/spttest/mixed_1M_sq,40a,1048576,0/0
/spttest/mixed_1M_sr,40b,1048576,0/0
/spttest/mixed_1M_ss,40c,1048576,0/0
/spttest/mixed_1M_st,40d,1048576,0/0
/spttest/mixed_1M_su,40e,1048576,0/0
/spttest/mixed_1M_sv,40f,1048576,0/0
/spttest/mixed_1M_sw,410,1048576,0/0
/spttest/mixed_1M_sx,411,1048576,0/0
/spttest/mixed_1M_sy,412,1048576,0/0
/spttest/mixed_1M_sz,413,1048576,0/0
/spttest/mixed_1M_t0,414,1048576,0/0
/spttest/mixed_1M_t1,415,1048576,0/0
/spttest/mixed_1M_t2,416,1048576,0/0
/spttest/mixed_1M_t3,417,1048576,0/0
/spttest/mixed_1M_t4,418,1048576,0/0
/spttest/mixed_1M_t5,419,1048576,0/0
/spttest/mixed_1M_t6,41a,1048576,0/0
/spttest/mixed_1M_t7,41b,1048576,0/0
/spttest/mixed_1M_t8,41c,1048576,0/0
/spttest/mixed_1M_t9,41d,1048576,0/0
/spttest/mixed_1M_ta,41e,1048576,0/0
/spttest/mixed_1M_tb,41f,1048576,0/0
/spttest/mixed_1M_tc,420,1048576,0/0
/spttest/mixed_1M_td,421,1048576,0/0
/spttest/mixed_1M_te,422,1048576,0/0
/spttest/mixed_1M_tf,423,1048576,0/0
/spttest/mixed_1M_tg,424,1048576,0/0
/spttest/mixed_1M_th,425,1048576,0/0
/spttest/mixed_1M_ti,426,1048576,0/0
/spttest/mixed_1M_tj,427,1048576,0/0
/spttest/mixed_1M_tk,428,1048576,0/0
/spttest/mixed_1M_tl,429,1048576,0/0
/spttest/mixed_1M_tm,42a,1048576,0/0
/spttest/mixed_1M_tn,42b,1048576,0/0
/spttest/mixed_1M_to,42c,1048576,0/0
/spttest/mixed_1M_tp,42d,1048576,0/0
/spttest/mixed_1M_tq,42e,1048576,0/0
/spttest/mixed_1M_tr,42f,1048576,0/0
/spttest/mixed_1M_ts,430,1048576,0/0
/spttest/mixed_1M_tt,431,1048576,0/0
/spttest/mixed_1M_tu,432,1048576,0/0
/spttest/mixed_1M_tv,433,1048576,0/0
/spttest/mixed_1M_tw,434,1048576,0/0
/spttest/mixed_1M_tx,435,1048576,0/0
/spttest/mixed_1M_ty,436,1048576,0/0
/spttest/mixed_1M_tz,437,1048576,0/0
/spttest/mixed_1M_u0,438,1048576,0/0
/spttest/mixed_1M_u1,439,1048576,0/0
/spttest/mixed_1M_u2,43a,1048576,0/0
/spttest/mixed_1M_u3,43b,1048576,0/0
/spttest/mixed_1M_u4,43c,1048576,0/0
/spttest/mixed_1M_u5,43d,1048576,0/0
/spttest/mixed_1M_u6,43e,1048576,0/0
/spttest/mixed_1M_u7,43f,1048576,0/0
/spttest/mixed_1M_u8,440,1048576,0/0
/spttest/mixed_1M_u9,441,1048576,0/0
/spttest/mixed_1M_ua,442,1048576,0/0
/spttest/mixed_1M_ub,443,1048576,0/0
/spttest/mixed_1M_uc,444,1048576,0/0
/spttest/mixed_1M_ud,445,1048576,0/0
/spttest/mixed_1M_ue,446,1048576,0/0
/spttest/mixed_1M_uf,447,1048576,0/0
/spttest/mixed_1M_ug,448,1048576,0/0
/spttest/mixed_1M_uh,449,1048576,0/0
/spttest/mixed_1M_ui,44a,1048576,0/0
/spttest/mixed_1M_uj,44b,1048576,0/0
/spttest/mixed_1M_uk,44c,1048576,0/0
/spttest/mixed_1M_ul,44d,1048576,0/0
/spttest/mixed_1M_um,44e,1048576,0/0
/spttest/mixed_1M_un,44f,1048576,0/0
/spttest/mixed_1M_uo,450,1048576,0/0
/spttest/mixed_1M_up,451,1048576,0/0
/spttest/mixed_1M_uq,452,1048576,0/0
/spttest/mixed_1M_ur,453,1048576,0/0
/spttest/mixed_1M_us,454,1048576,0/0
/spttest/mixed_1M_ut,455,1048576,0/0
/spttest/mixed_1M_uu,456,1048576,0/0
/spttest/mixed_1M_uv,457,1048576,0/0
/spttest/mixed_1M_uw,458,1048576,0/0
/spttest/mixed_1M_ux,459,1048576,0/0
/spttest/mixed_1M_uy,45a,1048576,0/0
/spttest/mixed_1M_uz,45b,1048576,0/0
/spttest/mixed_1M_v0,45c,1048576,0/0
/spttest/mixed_1M_v1,45d,1048576,0/0
/spttest/mixed_1M_v2,45e,1048576,0/0
/spttest/mixed_1M_v3,45f,1048576,0/0
/spttest/mixed_1M_v4,460,1048576,0/0
/spttest/mixed_1M_v5,461,1048576,0/0
/spttest/mixed_1M_v6,462,1048576,0/0
/spttest/mixed_1M_v7,463,1048576,0/0
/spttest/mixed_1M_v8,464,1048576,0/0
/spttest/mixed_1M_v9,465,1048576,0/0
/spttest/mixed_1M_va,466,1048576,0/0
/spttest/mixed_1M_vb,467,1048576,0/0
/spttest/mixed_1M_vc,468,1048576,0/0
/spttest/mixed_1M_vd,469,1048576,0/0
/spttest/mixed_1M_ve,46a,1048576,0/0
/spttest/mixed_1M_vf,46b,1048576,0/0
/spttest/mixed_1M_vg,46c,1048576,0/0
/spttest/mixed_1M_vh,46d,1048576,0/0
/spttest/mixed_1M_vi,46e,1048576,0/0
/spttest/mixed_1M_vj,46f,1048576,0/0
/spttest/mixed_1M_vk,470,1048576,0/0
/spttest/mixed_1M_vl,471,1048576,0/0
/spttest/mixed_1M_vm,472,1048576,0/0
/spttest/mixed_1M_vn,473,1048576,0/0
/spttest/mixed_1M_vo,474,1048576,0/0
/spttest/mixed_1M_vp,475,1048576,0/0
/spttest/mixed_1M_vq,476,1048576,0/0
/spttest/mixed_1M_vr,477,1048576,0/0
/spttest/mixed_1M_vs,478,1048576,0/0
/spttest/mixed_1M_vt,479,1048576,0/0
/spttest/mixed_1M_vu,47a,1048576,0/0
/spttest/mixed_1M_vv,47b,1048576,0/0
/spttest/mixed_1M_vw,47c,1048576,0/0
/spttest/mixed_1M_vx,47d,1048576,0/0
/spttest/mixed_1M_vy,47e,1048576,0/0
/spttest/mixed_1M_vz,47f,1048576,0/0
/spttest/mixed_1M_w0,480,1048576,0/0
/spttest/mixed_1M_w1,481,1048576,0/0
/spttest/mixed_1M_w2,482,1048576,0/0
/spttest/mixed_1M_w3,483,1048576,0/0
/spttest/mixed_1M_w4,484,1048576,0/0
/spttest/mixed_1M_w5,485,1048576,0/0
/spttest/mixed_1M_w6,486,1048576,0/0
/spttest/mixed_1M_w7,487,1048576,0/0
/spttest/mixed_1M_w8,488,1048576,0/0
/spttest/mixed_1M_w9,489,1048576,0/0
/spttest/mixed_1M_wa,48a,1048576,0/0
/spttest/mixed_1M_wb,48b,1048576,0/0
/spttest/mixed_1M_wc,48c,1048576,0/0
/spttest/mixed_1M_wd,48d,1048576,0/0
/spttest/mixed_1M_we,48e,1048576,0/0
/spttest/mixed_1M_wf,48f,1048576,0/0
/spttest/mixed_1M_wg,490,1048576,0/0
/spttest/mixed_1M_wh,491,1048576,0/0
/spttest/mixed_1M_wi,492,1048576,0/0
/spttest/mixed_1M_wj,493,1048576,0/0
/spttest/mixed_1M_wk,494,1048576,0/0
/spttest/mixed_1M_wl,495,1048576,0/0
/spttest/mixed_1M_wm,496,1048576,0/0
/spttest/mixed_1M_wn,497,1048576,0/0
/spttest/mixed_1M_wo,498,1048576,0/0
/spttest/mixed_1M_wp,499,1048576,0/0
/spttest/mixed_1M_wq,49a,1048576,0/0
/spttest/mixed_1M_wr,49b,1048576,0/0
/spttest/mixed_1M_ws,49c,1048576,0/0
/spttest/mixed_1M_wt,49d,1048576,0/0
/spttest/mixed_1M_wu,49e,1048576,0/0
/spttest/mixed_1M_wv,49f,1048576,0/0
/spttest/mixed_1M_ww,4a0,1048576,0/0
/spttest/mixed_1M_wx,4a1,1048576,0/0
/spttest/mixed_1M_wy,4a2,1048576,0/0
/spttest/mixed_1M_wz,4a3,1048576,0/0
/spttest/mixed_1M_x0,4a4,1048576,0/0
/spttest/mixed_1M_x1,4a5,1048576,0/0
/spttest/mixed_1M_x2,4a6,1048576,0/0
/spttest/mixed_1M_x3,4a7,1048576,0/0
/spttest/mixed_1M_x4,4a8,1048576,0/0
/spttest/mixed_1M_x5,4a9,1048576,0/0
/spttest/mixed_1M_x6,4aa,1048576,0/0
/spttest/mixed_1M_x7,4ab,1048576,0/0
/spttest/mixed_1M_x8,4ac,1048576,0/0
/spttest/mixed_1M_x9,4ad,1048576,0/0
/spttest/mixed_1M_xa,4ae,1048576,0/0
/spttest/mixed_1M_xb,4af,1048576,0/0
/spttest/mixed_1M_xc,4b0,1048576,0/0
/spttest/mixed_1M_xd,4b1,1048576,0/0
/spttest/mixed_1M_xe,4b2,1048576,0/0
/spttest/mixed_1M_xf,4b3,1048576,0/0
/spttest/mixed_1M_xg,4b4,1048576,0/0
/spttest/mixed_1M_xh,4b5,1048576,0/0
/spttest/mixed_1M_xi,4b6,1048576,0/0
/spttest/mixed_1M_xj,4b7,1048576,0/0
/spttest/mixed_1M_xk,4b8,1048576,0/0
/spttest/mixed_1M_xl,4b9,1048576,0/0
/spttest/mixed_1M_xm,4ba,1048576,0/0
/spttest/mixed_1M_xn,4bb,1048576,0/0
/spttest/mixed_1M_xo,4bc,1048576,0/0
/spttest/mixed_1M_xp,4bd,1048576,0/0
/spttest/mixed_1M_xq,4be,1048576,0/0
/spttest/mixed_1M_xr,4bf,1048576,0/0
/spttest/mixed_1M_xs,4c0,1048576,0/0
/spttest/mixed_1M_xt,4c1,1048576,0/0
/spttest/mixed_1M_xu,4c2,1048576,0/0
/spttest/mixed_1M_xv,4c3,1048576,0/0
/spttest/mixed_1M_xw,4c4,1048576,0/0
/spttest/mixed_1M_xx,4c5,1048576,0/0
/spttest/mixed_1M_xy,4c6,1048576,0/0
/spttest/mixed_1M_xz,4c7,1048576,0/0
/spttest/mixed_1M_y0,4c8,1048576,0/0
/spttest/mixed_1M_y1,4c9,1048576,0/0
/spttest/mixed_1M_y2,4ca,1048576,0/0
/spttest/mixed_1M_y3,4cb,1048576,0/0
/spttest/mixed_1M_y4,4cc,1048576,0/0
/spttest/mixed_1M_y5,4cd,1048576,0/0
/spttest/mixed_1M_y6,4ce,1048576,0/0
/spttest/mixed_1M_y7,4cf,1048576,0/0
/spttest/mixed_1M_y8,4d0,1048576,0/0
/spttest/mixed_1M_y9,4d1,1048576,0/0
/spttest/mixed_1M_ya,4d2,1048576,0/0
/spttest/mixed_1M_yb,4d3,1048576,0/0
/spttest/mixed_1M_yc,4d4,1048576,0/0
/spttest/mixed_1M_yd,4d5,1048576,0/0
/spttest/mixed_1M_ye,4d6,1048576,0/0
/spttest/mixed_1M_yf,4d7,1048576,0/0
/spttest/mixed_1M_yg,4d8,1048576,0/0
/spttest/mixed_1M_yh,4d9,1048576,0/0
/spttest/mixed_1M_yi,4da,1048576,0/0
/spttest/mixed_1M_yj,4db,1048576,0/0
/spttest/mixed_1M_yk,4dc,1048576,0/0
/spttest/mixed_1M_yl,4dd,1048576,0/0
/spttest/mixed_1M_ym,4de,1048576,0/0
/spttest/mixed_1M_yn,4df,1048576,0/0
/spttest/mixed_1M_yo,4e0,1048576,0/0
/spttest/mixed_1M_yp,4e1,1048576,0/0
/spttest/mixed_1M_yq,4e2,1048576,0/0
/spttest/mixed_1M_yr,4e3,1048576,0/0
/spttest/mixed_1M_ys,4e4,1048576,0/0
/spttest/mixed_1M_yt,4e5,1048576,0/0
/spttest/mixed_1M_yu,4e6,1048576,0/0
/spttest/mixed_1M_yv,4e7,1048576,0/0
/spttest/mixed_1M_yw,4e8,1048576,0/0
/spttest/mixed_1M_yx,4e9,1048576,0/0
/spttest/mixed_1M_yy,4ea,1048576,0/0
/spttest/mixed_1M_yz,4eb,1048576,0/0
/spttest/mixed_1M_z0,4ec,1048576,0/0
/spttest/mixed_1M_z1,4ed,1048576,0/0
/spttest/mixed_1M_z2,4ee,1048576,0/0
/spttest/mixed_1M_z3,4ef,1048576,0/0
/spttest/mixed_1M_z4,4f0,1048576,0/0
/spttest/mixed_1M_z5,4f1,1048576,0/0
/spttest/mixed_1M_z6,4f2,1048576,0/0
/spttest/mixed_1M_z7,4f3,1048576,0/0
/spttest/mixed_1M_z8,4f4,1048576,0/0
/spttest/mixed_1M_z9,4f5,1048576,0/0
/spttest/mixed_1M_za,4f6,1048576,0/0
/spttest/mixed_1M_zb,4f7,1048576,0/0
/spttest/mixed_1M_zc,4f8,1048576,0/0
/spttest/mixed_1M_zd,4f9,1048576,0/0
/spttest/mixed_1M_ze,4fa,1048576,0/0
/spttest/mixed_1M_zf,4fb,1048576,0/0
/spttest/mixed_1M_zg,4fc,1048576,0/0
/spttest/mixed_1M_zh,4fd,1048576,0/0
/spttest/mixed_1M_zi,4fe,1048576,0/0
/spttest/mixed_1M_zj,4ff,1048576,0/0
/spttest/mixed_1M_zk,500,1048576,0/0
/spttest/mixed_1M_zl,501,1048576,0/0
/spttest/mixed_1M_zm,502,1048576,0/0
/spttest/mixed_1M_zn,503,1048576,0/0
/spttest/mixed_1M_zo,504,1048576,0/0
/spttest/mixed_1M_zp,505,1048576,0/0
/spttest/mixed_1M_zq,506,1048576,0/0
/spttest/mixed_1M_zr,507,1048576,0/0
/spttest/mixed_1M_zs,508,1048576,0/0
/spttest/mixed_1M_zt,509,1048576,0/0
/spttest/mixed_1M_zu,50a,1048576,0/0
/spttest/mixed_1M_zv,50b,1048576,0/0
/spttest/mixed_1M_zw,50c,1048576,0/0
/spttest/mixed_1M_zx,50d,1048576,0/0
/spttest/mixed_1M_zy,50e,1048576,0/0
/spttest/mixed_1M_zz,50f,1048576,0/0
/spttest/mixed_1M_100,510,1048576,0/0
/spttest/mixed_1M_101,511,1048576,0/0
/spttest/mixed_1M_102,512,1048576,0/0
/spttest/mixed_1M_103,513,1048576,0/0
/spttest/mixed_1M_104,514,1048576,0/0
/spttest/mixed_1M_105,515,1048576,0/0
/spttest/mixed_1M_106,516,1048576,0/0
/spttest/mixed_1M_107,517,1048576,0/0
/spttest/mixed_1M_108,518,1048576,0/0
/spttest/mixed_1M_109,519,1048576,0/0
/spttest/mixed_1M_10a,51a,1048576,0/0
/spttest/mixed_1M_10b,51b,1048576,0/0
/spttest/mixed_1M_10c,51c,1048576,0/0
/spttest/mixed_1M_10d,51d,1048576,0/0
/spttest/mixed_1M_10e,51e,1048576,0/0
/spttest/mixed_1M_10f,51f,1048576,0/0
/spttest/mixed_1M_10g,520,1048576,0/0
/spttest/mixed_1M_10h,521,1048576,0/0
/spttest/mixed_1M_10i,522,1048576,0/0
/spttest/mixed_1M_10j,523,1048576,0/0
/spttest/mixed_1M_10k,524,1048576,0/0
/spttest/mixed_1M_10l,525,1048576,0/0
/spttest/mixed_1M_10m,526,1048576,0/0
/spttest/mixed_1M_10n,527,1048576,0/0
/spttest/mixed_1M_10o,528,1048576,0/0
/spttest/mixed_1M_10p,529,1048576,0/0
/spttest/mixed_1M_10q,52a,1048576,0/0
/spttest/mixed_1M_10r,52b,1048576,0/0
/spttest/mixed_1M_10s,52c,1048576,0/0
/spttest/mixed_1M_10t,52d,1048576,0/0
/spttest/mixed_1M_10u,52e,1048576,0/0
/spttest/mixed_1M_10v,52f,1048576,0/0
/spttest/mixed_1M_10w,530,1048576,0/0
/spttest/mixed_1M_10x,531,1048576,0/0
/spttest/mixed_1M_10y,532,1048576,0/0
/spttest/mixed_1M_10z,533,1048576,0/0
/spttest/mixed_1M_110,534,1048576,0/0
/spttest/mixed_1M_111,535,1048576,0/0
/spttest/mixed_1M_112,536,1048576,0/0
/spttest/mixed_1M_113,537,1048576,0/0
/spttest/mixed_1M_114,538,1048576,0/0
/spttest/mixed_1M_115,539,1048576,0/0
/spttest/mixed_1M_116,53a,1048576,0/0
/spttest/mixed_1M_117,53b,1048576,0/0
/spttest/mixed_1M_118,53c,1048576,0/0
/spttest/mixed_1M_119,53d,1048576,0/0
/spttest/mixed_1M_11a,53e,1048576,0/0
/spttest/mixed_1M_11b,53f,1048576,0/0
/spttest/mixed_1M_11c,540,1048576,0/0
/spttest/mixed_1M_11d,541,1048576,0/0
/spttest/mixed_1M_11e,542,1048576,0/0
/spttest/mixed_1M_11f,543,1048576,0/0
/spttest/mixed_1M_11g,544,1048576,0/0
/spttest/mixed_1M_11h,545,1048576,0/0
/spttest/mixed_1M_11i,546,1048576,0/0
/spttest/mixed_1M_11j,547,1048576,0/0
/spttest/mixed_1M_11k,548,1048576,0/0
/spttest/mixed_1M_11l,549,1048576,0/0
/spttest/mixed_1M_11m,54a,1048576,0/0
/spttest/mixed_1M_11n,54b,1048576,0/0
/spttest/mixed_1M_11o,54c,1048576,0/0
/spttest/mixed_1M_11p,54d,1048576,0/0
/spttest/mixed_1M_11q,54e,1048576,0/0
/spttest/mixed_1M_11r,54f,1048576,0/0
/spttest/mixed_1M_11s,550,1048576,0/0
/spttest/mixed_1M_11t,551,1048576,0/0
/spttest/mixed_1M_11u,552,1048576,0/0
/spttest/mixed_1M_11v,553,1048576,0/0
/spttest/mixed_1M_11w,554,1048576,0/0
/spttest/mixed_1M_11x,555,1048576,0/0
/spttest/mixed_1M_11y,556,1048576,0/0
/spttest/mixed_1M_11z,557,1048576,0/0
/spttest/mixed_1M_120,558,1048576,0/0
/spttest/mixed_1M_121,559,1048576,0/0
/spttest/mixed_1M_122,55a,1048576,0/0
/spttest/mixed_1M_123,55b,1048576,0/0
/spttest/mixed_1M_124,55c,1048576,0/0
/spttest/mixed_1M_125,55d,1048576,0/0
/spttest/mixed_1M_126,55e,1048576,0/0
/spttest/mixed_1M_127,55f,1048576,0/0
/spttest/mixed_1M_128,560,1048576,0/0
/spttest/mixed_1M_129,561,1048576,0/0
/spttest/mixed_1M_12a,562,1048576,0/0
/spttest/mixed_1M_12b,563,1048576,0/0
/spttest/mixed_1M_12c,564,1048576,0/0
/spttest/mixed_1M_12d,565,1048576,0/0
/spttest/mixed_1M_12e,566,1048576,0/0
/spttest/mixed_1M_12f,567,1048576,0/0
/spttest/mixed_1M_12g,568,1048576,0/0
/spttest/mixed_1M_12h,569,1048576,0/0
/spttest/mixed_1M_12i,56a,1048576,0/0
/spttest/mixed_1M_12j,56b,1048576,0/0
/spttest/mixed_1M_12k,56c,1048576,0/0
/spttest/mixed_1M_12l,56d,1048576,0/0
/spttest/mixed_1M_12m,56e,1048576,0/0
/spttest/mixed_1M_12n,56f,1048576,0/0
/spttest/mixed_1M_12o,570,1048576,0/0
/spttest/mixed_1M_12p,571,1048576,0/0
/spttest/mixed_1M_12q,572,1048576,0/0
/spttest/mixed_1M_12r,573,1048576,0/0
/spttest/mixed_1M_12s,574,1048576,0/0
/spttest/mixed_1M_12t,575,1048576,0/0
/spttest/mixed_1M_12u,576,1048576,0/0
/spttest/mixed_1M_12v,577,1048576,0/0
/spttest/mixed_1M_12w,578,1048576,0/0
/spttest/mixed_1M_12x,579,1048576,0/0
/spttest/mixed_1M_12y,57a,1048576,0/0
/spttest/mixed_1M_12z,57b,1048576,0/0
/spttest/mixed_1M_130,57c,1048576,0/0
/spttest/mixed_1M_131,57d,1048576,0/0
/spttest/mixed_1M_132,57e,1048576,0/0
/spttest/mixed_1M_133,57f,1048576,0/0
/spttest/mixed_1M_134,580,1048576,0/0
/spttest/mixed_1M_135,581,1048576,0/0
/spttest/mixed_1M_136,582,1048576,0/0
/spttest/mixed_1M_137,583,1048576,0/0
/spttest/mixed_1M_138,584,1048576,0/0
/spttest/mixed_1M_139,585,1048576,0/0
/spttest/mixed_1M_13a,586,1048576,0/0
/spttest/mixed_1M_13b,587,1048576,0/0
/spttest/mixed_1M_13c,588,1048576,0/0
/spttest/mixed_1M_13d,589,1048576,0/0
/spttest/mixed_1M_13e,58a,1048576,0/0
/spttest/mixed_1M_13f,58b,1048576,0/0
/spttest/mixed_1M_13g,58c,1048576,0/0
/spttest/mixed_1M_13h,58d,1048576,0/0
/spttest/mixed_1M_13i,58e,1048576,0/0
/spttest/mixed_1M_13j,58f,1048576,0/0
/spttest/mixed_1M_13k,590,1048576,0/0
/spttest/mixed_1M_13l,591,1048576,0/0
/spttest/mixed_1M_13m,592,1048576,0/0
/spttest/mixed_1M_13n,593,1048576,0/0
/spttest/mixed_1M_13o,594,1048576,0/0
/spttest/mixed_1M_13p,595,1048576,0/0
/spttest/mixed_1M_13q,596,1048576,0/0
/spttest/mixed_1M_13r,597,1048576,0/0
/spttest/mixed_1M_13s,598,1048576,0/0
/spttest/mixed_1M_13t,599,1048576,0/0
/spttest/mixed_1M_13u,59a,1048576,0/0
/spttest/mixed_1M_13v,59b,1048576,0/0
/spttest/mixed_1M_13w,59c,1048576,0/0
/spttest/mixed_1M_13x,59d,1048576,0/0
/spttest/mixed_1M_13y,59e,1048576,0/0
/spttest/mixed_1M_13z,59f,1048576,0/0
/spttest/mixed_1M_140,5a0,1048576,0/0
/spttest/mixed_1M_141,5a1,1048576,0/0
/spttest/mixed_1M_142,5a2,1048576,0/0
/spttest/mixed_1M_143,5a3,1048576,0/0
/spttest/mixed_1M_144,5a4,1048576,0/0
/spttest/mixed_1M_145,5a5,1048576,0/0
/spttest/mixed_1M_146,5a6,1048576,0/0
/spttest/mixed_1M_147,5a7,1048576,0/0
/spttest/mixed_1M_148,5a8,1048576,0/0
/spttest/mixed_1M_149,5a9,1048576,0/0
/spttest/mixed_1M_14a,5aa,1048576,0/0
/spttest/mixed_1M_14b,5ab,1048576,0/0
/spttest/mixed_1M_14c,5ac,1048576,0/0
/spttest/mixed_1M_14d,5ad,1048576,0/0
/spttest/mixed_1M_14e,5ae,1048576,0/0
/spttest/mixed_1M_14f,5af,1048576,0/0
/spttest/mixed_1M_14g,5b0,1048576,0/0
/spttest/mixed_1M_14h,5b1,1048576,0/0
/spttest/mixed_1M_14i,5b2,1048576,0/0
/spttest/mixed_1M_14j,5b3,1048576,0/0
/spttest/mixed_1M_14k,5b4,1048576,0/0
/spttest/mixed_1M_14l,5b5,1048576,0/0
/spttest/mixed_1M_14m,5b6,1048576,0/0
/spttest/mixed_1M_14n,5b7,1048576,0/0
/spttest/mixed_1M_14o,5b8,1048576,0/0
/spttest/mixed_1M_14p,5b9,1048576,0/0
/spttest/mixed_1M_14q,5ba,1048576,0/0
/spttest/mixed_1M_14r,5bb,1048576,0/0
/spttest/mixed_1M_14s,5bc,1048576,0/0
/spttest/mixed_1M_14t,5bd,1048576,0/0
/spttest/mixed_1M_14u,5be,1048576,0/0
/spttest/mixed_1M_14v,5bf,1048576,0/0
/spttest/mixed_1M_14w,5c0,1048576,0/0
/spttest/mixed_1M_14x,5c1,1048576,0/0
/spttest/mixed_1M_14y,5c2,1048576,0/0
/spttest/mixed_1M_14z,5c3,1048576,0/0
/spttest/mixed_1M_150,5c4,1048576,0/0
/spttest/mixed_1M_151,5c5,1048576,0/0
/spttest/mixed_1M_152,5c6,1048576,0/0
/spttest/mixed_1M_153,5c7,1048576,0/0
/spttest/mixed_1M_154,5c8,1048576,0/0
/spttest/mixed_1M_155,5c9,1048576,0/0
/spttest/mixed_1M_156,5ca,1048576,0/0
/spttest/mixed_1M_157,5cb,1048576,0/0
/spttest/mixed_1M_158,5cc,1048576,0/0
/spttest/mixed_1M_159,5cd,1048576,0/0
/spttest/mixed_1M_15a,5ce,1048576,0/0
/spttest/mixed_1M_15b,5cf,1048576,0/0
/spttest/mixed_1M_15c,5d0,1048576,0/0
/spttest/mixed_1M_15d,5d1,1048576,0/0
/spttest/mixed_1M_15e,5d2,1048576,0/0
/spttest/mixed_1M_15f,5d3,1048576,0/0
/spttest/mixed_1M_15g,5d4,1048576,0/0
/spttest/mixed_1M_15h,5d5,1048576,0/0
/spttest/mixed_1M_15i,5d6,1048576,0/0
/spttest/mixed_1M_15j,5d7,1048576,0/0
/spttest/mixed_1M_15k,5d8,1048576,0/0
/spttest/mixed_1M_15l,5d9,1048576,0/0
/spttest/mixed_1M_15m,5da,1048576,0/0
/spttest/mixed_1M_15n,5db,1048576,0/0
/spttest/mixed_1M_15o,5dc,1048576,0/0
/spttest/mixed_1M_15p,5dd,1048576,0/0
/spttest/mixed_1M_15q,5de,1048576,0/0
/spttest/mixed_1M_15r,5df,1048576,0/0
/spttest/mixed_1M_15s,5e0,1048576,0/0
/spttest/mixed_1M_15t,5e1,1048576,0/0
/spttest/mixed_1M_15u,5e2,1048576,0/0
/spttest/mixed_1M_15v,5e3,1048576,0/0
/spttest/mixed_1M_15w,5e4,1048576,0/0
/spttest/mixed_1M_15x,5e5,1048576,0/0
/spttest/mixed_1M_15y,5e6,1048576,0/0
/spttest/mixed_1M_15z,5e7,1048576,0/0
/spttest/mixed_1M_160,5e8,1048576,0/0
/spttest/mixed_1M_161,5e9,1048576,0/0
/spttest/mixed_1M_162,5ea,1048576,0/0
/spttest/mixed_1M_163,5eb,1048576,0/0
/spttest/mixed_1M_164,5ec,1048576,0/0
/spttest/mixed_1M_165,5ed,1048576,0/0
/spttest/mixed_1M_166,5ee,1048576,0/0
/spttest/mixed_1M_167,5ef,1048576,0/0
/spttest/mixed_1M_168,5f0,1048576,0/0
/spttest/mixed_1M_169,5f1,1048576,0/0
/spttest/mixed_1M_16a,5f2,1048576,0/0
/spttest/mixed_1M_16b,5f3,1048576,0/0
/spttest/mixed_1M_16c,5f4,1048576,0/0
/spttest/mixed_1M_16d,5f5,1048576,0/0
/spttest/mixed_1M_16e,5f6,1048576,0/0
/spttest/mixed_1M_16f,5f7,1048576,0/0
/spttest/mixed_1M_16g,5f8,1048576,0/0
/spttest/mixed_1M_16h,5f9,1048576,0/0
/spttest/mixed_1M_16i,5fa,1048576,0/0
/spttest/mixed_1M_16j,5fb,1048576,0/0
/spttest/mixed_1M_16k,5fc,1048576,0/0
/spttest/mixed_1M_16l,5fd,1048576,0/0
/spttest/mixed_1M_16m,5fe,1048576,0/0
/spttest/mixed_1M_16n,5ff,1048576,0/0
/spttest/mixed_1M_16o,600,1048576,0/0
/spttest/mixed_1M_16p,601,1048576,0/0
/spttest/mixed_1M_16q,602,1048576,0/0
/spttest/mixed_1M_16r,603,1048576,0/0
/spttest/mixed_1M_16s,604,1048576,0/0
/spttest/mixed_1M_16t,605,1048576,0/0
/spttest/mixed_1M_16u,606,1048576,0/0
/spttest/mixed_1M_16v,607,1048576,0/0
/spttest/mixed_1M_16w,608,1048576,0/0
/spttest/mixed_1M_16x,609,1048576,0/0
/spttest/mixed_1M_16y,60a,1048576,0/0
/spttest/mixed_1M_16z,60b,1048576,0/0
/spttest/mixed_1M_170,60c,1048576,0/0
/spttest/mixed_1M_171,60d,1048576,0/0
/spttest/mixed_1M_172,60e,1048576,0/0
/spttest/mixed_1M_173,60f,1048576,0/0
/spttest/mixed_1M_174,610,1048576,0/0
/spttest/mixed_1M_175,611,1048576,0/0
/spttest/mixed_1M_176,612,1048576,0/0
/spttest/mixed_1M_177,613,1048576,0/0
/spttest/mixed_1M_178,614,1048576,0/0
/spttest/mixed_1M_179,615,1048576,0/0
/spttest/mixed_1M_17a,616,1048576,0/0
/spttest/mixed_1M_17b,617,1048576,0/0
/spttest/mixed_1M_17c,618,1048576,0/0
/spttest/mixed_1M_17d,619,1048576,0/0
/spttest/mixed_1M_17e,61a,1048576,0/0
/spttest/mixed_1M_17f,61b,1048576,0/0
/spttest/mixed_1M_17g,61c,1048576,0/0
/spttest/mixed_1M_17h,61d,1048576,0/0
/spttest/mixed_1M_17i,61e,1048576,0/0
/spttest/mixed_1M_17j,61f,1048576,0/0
/spttest/mixed_1M_17k,620,1048576,0/0
/spttest/mixed_1M_17l,621,1048576,0/0
/spttest/mixed_1M_17m,622,1048576,0/0
/spttest/mixed_1M_17n,623,1048576,0/0
/spttest/mixed_1M_17o,624,1048576,0/0
/spttest/mixed_1M_17p,625,1048576,0/0
/spttest/mixed_1M_17q,626,1048576,0/0
/spttest/mixed_1M_17r,627,1048576,0/0
/spttest/mixed_1M_17s,628,1048576,0/0
/spttest/mixed_1M_17t,629,1048576,0/0
/spttest/mixed_1M_17u,62a,1048576,0/0
/spttest/mixed_1M_17v,62b,1048576,0/0
/spttest/mixed_1M_17w,62c,1048576,0/0
/spttest/mixed_1M_17x,62d,1048576,0/0
/spttest/mixed_1M_17y,62e,1048576,0/0
/spttest/mixed_1M_17z,62f,1048576,0/0
/spttest/mixed_1M_180,630,1048576,0/0
/spttest/mixed_1M_181,631,1048576,0/0
/spttest/mixed_1M_182,632,1048576,0/0
/spttest/mixed_1M_183,633,1048576,0/0
/spttest/mixed_1M_184,634,1048576,0/0
/spttest/mixed_1M_185,635,1048576,0/0
/spttest/mixed_1M_186,636,1048576,0/0
/spttest/mixed_1M_187,637,1048576,0/0
/spttest/mixed_1M_188,638,1048576,0/0
/spttest/mixed_1M_189,639,1048576,0/0
/spttest/mixed_1M_18a,63a,1048576,0/0
/spttest/mixed_1M_18b,63b,1048576,0/0
/spttest/mixed_1M_18c,63c,1048576,0/0
/spttest/mixed_1M_18d,63d,1048576,0/0
/spttest/mixed_1M_18e,63e,1048576,0/0
/spttest/mixed_1M_18f,63f,1048576,0/0
/spttest/mixed_1M_18g,640,1048576,0/0
/spttest/mixed_1M_18h,641,1048576,0/0
/spttest/mixed_1M_18i,642,1048576,0/0
/spttest/mixed_1M_18j,643,1048576,0/0
/spttest/mixed_1M_18k,644,1048576,0/0
/spttest/mixed_1M_18l,645,1048576,0/0
/spttest/mixed_1M_18m,646,1048576,0/0
/spttest/mixed_1M_18n,647,1048576,0/0
/spttest/mixed_1M_18o,648,1048576,0/0
/spttest/mixed_1M_18p,649,1048576,0/0
/spttest/mixed_1M_18q,64a,1048576,0/0
/spttest/mixed_1M_18r,64b,1048576,0/0
/spttest/mixed_1M_18s,64c,1048576,0/0
/spttest/mixed_1M_18t,64d,1048576,0/0
/spttest/mixed_1M_18u,64e,1048576,0/0
/spttest/mixed_1M_18v,64f,1048576,0/0
/spttest/mixed_1M_18w,650,1048576,0/0
/spttest/mixed_1M_18x,651,1048576,0/0
/spttest/mixed_1M_18y,652,1048576,0/0
/spttest/mixed_1M_18z,653,1048576,0/0
/spttest/mixed_1M_190,654,1048576,0/0
/spttest/mixed_1M_191,655,1048576,0/0
/spttest/mixed_1M_192,656,1048576,0/0
/spttest/mixed_1M_193,657,1048576,0/0
/spttest/mixed_1M_194,658,1048576,0/0
/spttest/mixed_1M_195,659,1048576,0/0
/spttest/mixed_1M_196,65a,1048576,0/0
/spttest/mixed_1M_197,65b,1048576,0/0
/spttest/mixed_1M_198,65c,1048576,0/0
/spttest/mixed_1M_199,65d,1048576,0/0
/spttest/mixed_1M_19a,65e,1048576,0/0
/spttest/mixed_1M_19b,65f,1048576,0/0
/spttest/mixed_1M_19c,660,1048576,0/0
/spttest/mixed_1M_19d,661,1048576,0/0
/spttest/mixed_1M_19e,662,1048576,0/0
/spttest/mixed_1M_19f,663,1048576,0/0
/spttest/mixed_1M_19g,664,1048576,0/0
/spttest/mixed_1M_19h,665,1048576,0/0
/spttest/mixed_1M_19i,666,1048576,0/0
/spttest/mixed_1M_19j,667,1048576,0/0
/spttest/mixed_1M_19k,668,1048576,0/0
/spttest/mixed_1M_19l,669,1048576,0/0
/spttest/mixed_1M_19m,66a,1048576,0/0
/spttest/mixed_1M_19n,66b,1048576,0/0
/spttest/mixed_1M_19o,66c,1048576,0/0
/spttest/mixed_1M_19p,66d,1048576,0/0
/spttest/mixed_1M_19q,66e,1048576,0/0
/spttest/mixed_1M_19r,66f,1048576,0/0
/spttest/mixed_1M_19s,670,1048576,0/0
/spttest/mixed_1M_19t,671,1048576,0/0
/spttest/mixed_1M_19u,672,1048576,0/0
/spttest/mixed_1M_19v,673,1048576,0/0
/spttest/mixed_1M_19w,674,1048576,0/0
/spttest/mixed_1M_19x,675,1048576,0/0
/spttest/mixed_1M_19y,676,1048576,0/0
/spttest/mixed_1M_19z,677,1048576,0/0
/spttest/mixed_1M_1a0,678,1048576,0/0
/spttest/mixed_1M_1a1,679,1048576,0/0
/spttest/mixed_1M_1a2,67a,1048576,0/0
/spttest/mixed_1M_1a3,67b,1048576,0/0
/spttest/mixed_1M_1a4,67c,1048576,0/0
/spttest/mixed_1M_1a5,67d,1048576,0/0
/spttest/mixed_1M_1a6,67e,1048576,0/0
/spttest/mixed_1M_1a7,67f,1048576,0/0
/spttest/mixed_1M_1a8,680,1048576,0/0
/spttest/mixed_1M_1a9,681,1048576,0/0
/spttest/mixed_1M_1aa,682,1048576,0/0
/spttest/mixed_1M_1ab,683,1048576,0/0
/spttest/mixed_1M_1ac,684,1048576,0/0
/spttest/mixed_1M_1ad,685,1048576,0/0
/spttest/mixed_1M_1ae,686,1048576,0/0
/spttest/mixed_1M_1af,687,1048576,0/0
/spttest/mixed_1M_1ag,688,1048576,0/0
/spttest/mixed_1M_1ah,689,1048576,0/0
/spttest/mixed_1M_1ai,68a,1048576,0/0
/spttest/mixed_1M_1aj,68b,1048576,0/0
/spttest/mixed_1M_1ak,68c,1048576,0/0
/spttest/mixed_1M_1al,68d,1048576,0/0
/spttest/mixed_1M_1am,68e,1048576,0/0
/spttest/mixed_1M_1an,68f,1048576,0/0
/spttest/mixed_1M_1ao,690,1048576,0/0
/spttest/mixed_1M_1ap,691,1048576,0/0
/spttest/mixed_1M_1aq,692,1048576,0/0
/spttest/mixed_1M_1ar,693,1048576,0/0
/spttest/mixed_1M_1as,694,1048576,0/0
/spttest/mixed_1M_1at,695,1048576,0/0
/spttest/mixed_1M_1au,696,1048576,0/0
/spttest/mixed_1M_1av,697,1048576,0/0
/spttest/mixed_1M_1aw,698,1048576,0/0
/spttest/mixed_1M_1ax,699,1048576,0/0
/spttest/mixed_1M_1ay,69a,1048576,0/0
/spttest/mixed_1M_1az,69b,1048576,0/0
/spttest/mixed_1M_1b0,69c,1048576,0/0
/spttest/mixed_1M_1b1,69d,1048576,0/0
/spttest/mixed_1M_1b2,69e,1048576,0/0
/spttest/mixed_1M_1b3,69f,1048576,0/0
/spttest/mixed_1M_1b4,6a0,1048576,0/0
/spttest/mixed_1M_1b5,6a1,1048576,0/0
/spttest/mixed_1M_1b6,6a2,1048576,0/0
/spttest/mixed_1M_1b7,6a3,1048576,0/0
/spttest/mixed_1M_1b8,6a4,1048576,0/0
/spttest/mixed_1M_1b9,6a5,1048576,0/0
/spttest/mixed_1M_1ba,6a6,1048576,0/0
/spttest/mixed_1M_1bb,6a7,1048576,0/0
/spttest/mixed_1M_1bc,6a8,1048576,0/0
/spttest/mixed_1M_1bd,6a9,1048576,0/0
/spttest/mixed_1M_1be,6aa,1048576,0/0
/spttest/mixed_1M_1bf,6ab,1048576,0/0
/spttest/mixed_1M_1bg,6ac,1048576,0/0
/spttest/mixed_1M_1bh,6ad,1048576,0/0
/spttest/mixed_1M_1bi,6ae,1048576,0/0
/spttest/mixed_1M_1bj,6af,1048576,0/0
/spttest/mixed_1M_1bk,6b0,1048576,0/0
/spttest/mixed_1M_1bl,6b1,1048576,0/0
/spttest/mixed_1M_1bm,6b2,1048576,0/0
/spttest/mixed_1M_1bn,6b3,1048576,0/0
/spttest/mixed_1M_1bo,6b4,1048576,0/0
/spttest/mixed_1M_1bp,6b5,1048576,0/0
/spttest/mixed_1M_1bq,6b6,1048576,0/0
/spttest/mixed_1M_1br,6b7,1048576,0/0
/spttest/mixed_1M_1bs,6b8,1048576,0/0
/spttest/mixed_1M_1bt,6b9,1048576,0/0
/spttest/mixed_1M_1bu,6ba,1048576,0/0
/spttest/mixed_1M_1bv,6bb,1048576,0/0
/spttest/mixed_1M_1bw,6bc,1048576,0/0
/spttest/mixed_1M_1bx,6bd,1048576,0/0
/spttest/mixed_1M_1by,6be,1048576,0/0
/spttest/mixed_1M_1bz,6bf,1048576,0/0
/spttest/mixed_1M_1c0,6c0,1048576,0/0
/spttest/mixed_1M_1c1,6c1,1048576,0/0
/spttest/mixed_1M_1c2,6c2,1048576,0/0
/spttest/mixed_1M_1c3,6c3,1048576,0/0
/spttest/mixed_1M_1c4,6c4,1048576,0/0
/spttest/mixed_1M_1c5,6c5,1048576,0/0
/spttest/mixed_1M_1c6,6c6,1048576,0/0
/spttest/mixed_1M_1c7,6c7,1048576,0/0
/spttest/mixed_1M_1c8,6c8,1048576,0/0
/spttest/mixed_1M_1c9,6c9,1048576,0/0
/spttest/mixed_1M_1ca,6ca,1048576,0/0
/spttest/mixed_1M_1cb,6cb,1048576,0/0
/spttest/mixed_1M_1cc,6cc,1048576,0/0
/spttest/mixed_1M_1cd,6cd,1048576,0/0
/spttest/mixed_1M_1ce,6ce,1048576,0/0
/spttest/mixed_1M_1cf,6cf,1048576,0/0
/spttest/mixed_1M_1cg,6d0,1048576,0/0
/spttest/mixed_1M_1ch,6d1,1048576,0/0
/spttest/mixed_1M_1ci,6d2,1048576,0/0
/spttest/mixed_1M_1cj,6d3,1048576,0/0
/spttest/mixed_1M_1ck,6d4,1048576,0/0
/spttest/mixed_1M_1cl,6d5,1048576,0/0
/spttest/mixed_1M_1cm,6d6,1048576,0/0
/spttest/mixed_1M_1cn,6d7,1048576,0/0
/spttest/mixed_1M_1co,6d8,1048576,0/0
/spttest/mixed_1M_1cp,6d9,1048576,0/0
/spttest/mixed_1M_1cq,6da,1048576,0/0
/spttest/mixed_1M_1cr,6db,1048576,0/0
/spttest/mixed_1M_1cs,6dc,1048576,0/0
/spttest/mixed_1M_1ct,6dd,1048576,0/0
/spttest/mixed_1M_1cu,6de,1048576,0/0
/spttest/mixed_1M_1cv,6df,1048576,0/0
/spttest/mixed_1M_1cw,6e0,1048576,0/0
/spttest/mixed_1M_1cx,6e1,1048576,0/0
/spttest/mixed_1M_1cy,6e2,1048576,0/0
/spttest/mixed_1M_1cz,6e3,1048576,0/0
/spttest/mixed_1M_1d0,6e4,1048576,0/0
/spttest/mixed_1M_1d1,6e5,1048576,0/0
/spttest/mixed_1M_1d2,6e6,1048576,0/0
/spttest/mixed_1M_1d3,6e7,1048576,0/0
/spttest/mixed_1M_1d4,6e8,1048576,0/0
/spttest/mixed_1M_1d5,6e9,1048576,0/0
/spttest/mixed_1M_1d6,6ea,1048576,0/0
/spttest/mixed_1M_1d7,6eb,1048576,0/0
/spttest/mixed_1M_1d8,6ec,1048576,0/0
/spttest/mixed_1M_1d9,6ed,1048576,0/0
/spttest/mixed_1M_1da,6ee,1048576,0/0
/spttest/mixed_1M_1db,6ef,1048576,0/0
/spttest/mixed_1M_1dc,6f0,1048576,0/0
/spttest/mixed_1M_1dd,6f1,1048576,0/0
/spttest/mixed_1M_1de,6f2,1048576,0/0
/spttest/mixed_1M_1df,6f3,1048576,0/0
/spttest/mixed_1M_1dg,6f4,1048576,0/0
/spttest/mixed_1M_1dh,6f5,1048576,0/0
/spttest/mixed_1M_1di,6f6,1048576,0/0
/spttest/mixed_1M_1dj,6f7,1048576,0/0
/spttest/mixed_1M_1dk,6f8,1048576,0/0
/spttest/mixed_1M_1dl,6f9,1048576,0/0
/spttest/mixed_1M_1dm,6fa,1048576,0/0
/spttest/mixed_1M_1dn,6fb,1048576,0/0
/spttest/mixed_1M_1do,6fc,1048576,0/0
/spttest/mixed_1M_1dp,6fd,1048576,0/0
/spttest/mixed_1M_1dq,6fe,1048576,0/0
/spttest/mixed_1M_1dr,6ff,1048576,0/0
/spttest/mixed_1M_1ds,700,1048576,0/0
/spttest/mixed_1M_1dt,701,1048576,0/0
/spttest/mixed_1M_1du,702,1048576,0/0
/spttest/mixed_1M_1dv,703,1048576,0/0
/spttest/mixed_1M_1dw,704,1048576,0/0
/spttest/mixed_1M_1dx,705,1048576,0/0
/spttest/mixed_1M_1dy,706,1048576,0/0
/spttest/mixed_1M_1dz,707,1048576,0/0
/spttest/mixed_1M_1e0,708,1048576,0/0
/spttest/mixed_1M_1e1,709,1048576,0/0
/spttest/mixed_1M_1e2,70a,1048576,0/0
/spttest/mixed_1M_1e3,70b,1048576,0/0
/spttest/mixed_1M_1e4,70c,1048576,0/0
/spttest/mixed_1M_1e5,70d,1048576,0/0
/spttest/mixed_1M_1e6,70e,1048576,0/0
/spttest/mixed_1M_1e7,70f,1048576,0/0
/spttest/mixed_1M_1e8,710,1048576,0/0
/spttest/mixed_1M_1e9,711,1048576,0/0
/spttest/mixed_1M_1ea,712,1048576,0/0
/spttest/mixed_1M_1eb,713,1048576,0/0
/spttest/mixed_1M_1ec,714,1048576,0/0
/spttest/mixed_1M_1ed,715,1048576,0/0
/spttest/mixed_1M_1ee,716,1048576,0/0
/spttest/mixed_1M_1ef,717,1048576,0/0
/spttest/mixed_1M_1eg,718,1048576,0/0
/spttest/mixed_1M_1eh,719,1048576,0/0
/spttest/mixed_1M_1ei,71a,1048576,0/0
/spttest/mixed_1M_1ej,71b,1048576,0/0
/spttest/mixed_1M_1ek,71c,1048576,0/0
/spttest/mixed_1M_1el,71d,1048576,0/0
/spttest/mixed_1M_1em,71e,1048576,0/0
/spttest/mixed_1M_1en,71f,1048576,0/0
/spttest/mixed_1M_1eo,720,1048576,0/0
/spttest/mixed_1M_1ep,721,1048576,0/0
/spttest/mixed_1M_1eq,722,1048576,0/0
/spttest/mixed_1M_1er,723,1048576,0/0
/spttest/mixed_1M_1es,724,1048576,0/0
/spttest/mixed_1M_1et,725,1048576,0/0
/spttest/mixed_1M_1eu,726,1048576,0/0
/spttest/mixed_1M_1ev,727,1048576,0/0
/spttest/mixed_1M_1ew,728,1048576,0/0
/spttest/mixed_1M_1ex,729,1048576,0/0
/spttest/mixed_1M_1ey,72a,1048576,0/0
/spttest/mixed_1M_1ez,72b,1048576,0/0
/spttest/mixed_1M_1f0,72c,1048576,0/0
/spttest/mixed_1M_1f1,72d,1048576,0/0
/spttest/mixed_1M_1f2,72e,1048576,0/0
/spttest/mixed_1M_1f3,72f,1048576,0/0
/spttest/mixed_1M_1f4,730,1048576,0/0
/spttest/mixed_1M_1f5,731,1048576,0/0
/spttest/mixed_1M_1f6,732,1048576,0/0
/spttest/mixed_1M_1f7,733,1048576,0/0
/spttest/mixed_1M_1f8,734,1048576,0/0
/spttest/mixed_1M_1f9,735,1048576,0/0
/spttest/mixed_1M_1fa,736,1048576,0/0
/spttest/mixed_1M_1fb,737,1048576,0/0
/spttest/mixed_1M_1fc,738,1048576,0/0
/spttest/mixed_1M_1fd,739,1048576,0/0
/spttest/mixed_1M_1fe,73a,1048576,0/0
/spttest/mixed_1M_1ff,73b,1048576,0/0
/spttest/mixed_1M_1fg,73c,1048576,0/0
/spttest/mixed_1M_1fh,73d,1048576,0/0
/spttest/mixed_1M_1fi,73e,1048576,0/0
/spttest/mixed_1M_1fj,73f,1048576,0/0
/spttest/mixed_1M_1fk,740,1048576,0/0
/spttest/mixed_1M_1fl,741,1048576,0/0
/spttest/mixed_1M_1fm,742,1048576,0/0
/spttest/mixed_1M_1fn,743,1048576,0/0
/spttest/mixed_1M_1fo,744,1048576,0/0
/spttest/mixed_1M_1fp,745,1048576,0/0
/spttest/mixed_1M_1fq,746,1048576,0/0
/spttest/mixed_1M_1fr,747,1048576,0/0
/spttest/mixed_1M_1fs,748,1048576,0/0
/spttest/mixed_1M_1ft,749,1048576,0/0
/spttest/mixed_1M_1fu,74a,1048576,0/0
/spttest/mixed_1M_1fv,74b,1048576,0/0
/spttest/mixed_1M_1fw,74c,1048576,0/0
/spttest/mixed_1M_1fx,74d,1048576,0/0
/spttest/mixed_1M_1fy,74e,1048576,0/0
/spttest/mixed_1M_1fz,74f,1048576,0/0
/spttest/mixed_1M_1g0,750,1048576,0/0
/spttest/mixed_1M_1g1,751,1048576,0/0
/spttest/mixed_1M_1g2,752,1048576,0/0
/spttest/mixed_1M_1g3,753,1048576,0/0
/spttest/mixed_1M_1g4,754,1048576,0/0
/spttest/mixed_1M_1g5,755,1048576,0/0
/spttest/mixed_1M_1g6,756,1048576,0/0
/spttest/mixed_1M_1g7,757,1048576,0/0
/spttest/mixed_1M_1g8,758,1048576,0/0
/spttest/mixed_1M_1g9,759,1048576,0/0
/spttest/mixed_1M_1ga,75a,1048576,0/0
/spttest/mixed_1M_1gb,75b,1048576,0/0
/spttest/mixed_1M_1gc,75c,1048576,0/0
/spttest/mixed_1M_1gd,75d,1048576,0/0
/spttest/mixed_1M_1ge,75e,1048576,0/0
/spttest/mixed_1M_1gf,75f,1048576,0/0
/spttest/mixed_1M_1gg,760,1048576,0/0
/spttest/mixed_1M_1gh,761,1048576,0/0
/spttest/mixed_1M_1gi,762,1048576,0/0
/spttest/mixed_1M_1gj,763,1048576,0/0
/spttest/mixed_1M_1gk,764,1048576,0/0
/spttest/mixed_1M_1gl,765,1048576,0/0
/spttest/mixed_1M_1gm,766,1048576,0/0
/spttest/mixed_1M_1gn,767,1048576,0/0
/spttest/mixed_1M_1go,768,1048576,0/0
/spttest/mixed_1M_1gp,769,1048576,0/0
/spttest/mixed_1M_1gq,76a,1048576,0/0
/spttest/mixed_1M_1gr,76b,1048576,0/0
/spttest/mixed_1M_1gs,76c,1048576,0/0
/spttest/mixed_1M_1gt,76d,1048576,0/0
/spttest/mixed_1M_1gu,76e,1048576,0/0
/spttest/mixed_1M_1gv,76f,1048576,0/0
/spttest/mixed_1M_1gw,770,1048576,0/0
/spttest/mixed_1M_1gx,771,1048576,0/0
/spttest/mixed_1M_1gy,772,1048576,0/0
/spttest/mixed_1M_1gz,773,1048576,0/0
/spttest/mixed_1M_1h0,774,1048576,0/0
/spttest/mixed_1M_1h1,775,1048576,0/0
/spttest/mixed_1M_1h2,776,1048576,0/0
/spttest/mixed_1M_1h3,777,1048576,0/0
/spttest/mixed_1M_1h4,778,1048576,0/0
/spttest/mixed_1M_1h5,779,1048576,0/0
/spttest/mixed_1M_1h6,77a,1048576,0/0
/spttest/mixed_1M_1h7,77b,1048576,0/0
/spttest/mixed_1M_1h8,77c,1048576,0/0
/spttest/mixed_1M_1h9,77d,1048576,0/0
/spttest/mixed_1M_1ha,77e,1048576,0/0
/spttest/mixed_1M_1hb,77f,1048576,0/0
/spttest/mixed_1M_1hc,780,1048576,0/0
/spttest/mixed_1M_1hd,781,1048576,0/0
/spttest/mixed_1M_1he,782,1048576,0/0
/spttest/mixed_1M_1hf,783,1048576,0/0
/spttest/mixed_1M_1hg,784,1048576,0/0
/spttest/mixed_1M_1hh,785,1048576,0/0
/spttest/mixed_1M_1hi,786,1048576,0/0
/spttest/mixed_1M_1hj,787,1048576,0/0
/spttest/mixed_1M_1hk,788,1048576,0/0
/spttest/mixed_1M_1hl,789,1048576,0/0
/spttest/mixed_1M_1hm,78a,1048576,0/0
/spttest/mixed_1M_1hn,78b,1048576,0/0
/spttest/mixed_1M_1ho,78c,1048576,0/0
/spttest/mixed_1M_1hp,78d,1048576,0/0
/spttest/mixed_1M_1hq,78e,1048576,0/0
/spttest/mixed_1M_1hr,78f,1048576,0/0
/spttest/mixed_1M_1hs,790,1048576,0/0
/spttest/mixed_1M_1ht,791,1048576,0/0
/spttest/mixed_1M_1hu,792,1048576,0/0
/spttest/mixed_1M_1hv,793,1048576,0/0
/spttest/mixed_1M_1hw,794,1048576,0/0
/spttest/mixed_1M_1hx,795,1048576,0/0
/spttest/mixed_1M_1hy,796,1048576,0/0
/spttest/mixed_1M_1hz,797,1048576,0/0
/spttest/mixed_1M_1i0,798,1048576,0/0
/spttest/mixed_1M_1i1,799,1048576,0/0
/spttest/mixed_1M_1i2,79a,1048576,0/0
/spttest/mixed_1M_1i3,79b,1048576,0/0
/spttest/mixed_1M_1i4,79c,1048576,0/0
/spttest/mixed_1M_1i5,79d,1048576,0/0
/spttest/mixed_1M_1i6,79e,1048576,0/0
/spttest/mixed_1M_1i7,79f,1048576,0/0
/spttest/mixed_1M_1i8,7a0,1048576,0/0
/spttest/mixed_1M_1i9,7a1,1048576,0/0
/spttest/mixed_1M_1ia,7a2,1048576,0/0
/spttest/mixed_1M_1ib,7a3,1048576,0/0
/spttest/mixed_1M_1ic,7a4,1048576,0/0
/spttest/mixed_1M_1id,7a5,1048576,0/0
/spttest/mixed_1M_1ie,7a6,1048576,0/0
/spttest/mixed_1M_1if,7a7,1048576,0/0
/spttest/mixed_1M_1ig,7a8,1048576,0/0
/spttest/mixed_1M_1ih,7a9,1048576,0/0
/spttest/mixed_1M_1ii,7aa,1048576,0/0
/spttest/mixed_1M_1ij,7ab,1048576,0/0
/spttest/mixed_1M_1ik,7ac,1048576,0/0
/spttest/mixed_1M_1il,7ad,1048576,0/0
/spttest/mixed_1M_1im,7ae,1048576,0/0
/spttest/mixed_1M_1in,7af,1048576,0/0
/spttest/mixed_1M_1io,7b0,1048576,0/0
/spttest/mixed_1M_1ip,7b1,1048576,0/0
/spttest/mixed_1M_1iq,7b2,1048576,0/0
/spttest/mixed_1M_1ir,7b3,1048576,0/0
/spttest/mixed_1M_1is,7b4,1048576,0/0
/spttest/mixed_1M_1it,7b5,1048576,0/0
/spttest/mixed_1M_1iu,7b6,1048576,0/0
/spttest/mixed_1M_1iv,7b7,1048576,0/0
/spttest/mixed_1M_1iw,7b8,1048576,0/0
/spttest/mixed_1M_1ix,7b9,1048576,0/0
/spttest/mixed_1M_1iy,7ba,1048576,0/0
/spttest/mixed_1M_1iz,7bb,1048576,0/0
/spttest/mixed_1M_1j0,7bc,1048576,0/0
/spttest/mixed_1M_1j1,7bd,1048576,0/0
/spttest/mixed_1M_1j2,7be,1048576,0/0
/spttest/mixed_1M_1j3,7bf,1048576,0/0
/spttest/mixed_1M_1j4,7c0,1048576,0/0
/spttest/mixed_1M_1j5,7c1,1048576,0/0
/spttest/mixed_1M_1j6,7c2,1048576,0/0
/spttest/mixed_1M_1j7,7c3,1048576,0/0
/spttest/mixed_1M_1j8,7c4,1048576,0/0
/spttest/mixed_1M_1j9,7c5,1048576,0/0
/spttest/mixed_1M_1ja,7c6,1048576,0/0
/spttest/mixed_1M_1jb,7c7,1048576,0/0
/spttest/mixed_1M_1jc,7c8,1048576,0/0
/spttest/mixed_1M_1jd,7c9,1048576,0/0
/spttest/mixed_1M_1je,7ca,1048576,0/0
/spttest/mixed_1M_1jf,7cb,1048576,0/0
/spttest/mixed_1M_1jg,7cc,1048576,0/0
/spttest/mixed_1M_1jh,7cd,1048576,0/0
/spttest/mixed_1M_1ji,7ce,1048576,0/0
/spttest/mixed_1M_1jj,7cf,1048576,0/0
/spttest/mixed_1M_1jk,7d0,1048576,0/0
/spttest/mixed_1M_1jl,7d1,1048576,0/0
/spttest/mixed_1M_1jm,7d2,1048576,0/0
/spttest/mixed_1M_1jn,7d3,1048576,0/0
/spttest/mixed_1M_1jo,7d4,1048576,0/0
/spttest/mixed_1M_1jp,7d5,1048576,0/0
/spttest/mixed_1M_1jq,7d6,1048576,0/0
/spttest/mixed_1M_1jr,7d7,1048576,0/0
/spttest/mixed_1M_1js,7d8,1048576,0/0
/spttest/mixed_1M_1jt,7d9,1048576,0/0
/spttest/mixed_1M_1ju,7da,1048576,0/0
/spttest/mixed_1M_1jv,7db,1048576,0/0
/spttest/mixed_1M_1jw,7dc,1048576,0/0
/spttest/mixed_1M_1jx,7dd,1048576,0/0
/spttest/mixed_1M_1jy,7de,1048576,0/0
/spttest/mixed_1M_1jz,7df,1048576,0/0
/spttest/mixed_1M_1k0,7e0,1048576,0/0
/spttest/mixed_1M_1k1,7e1,1048576,0/0
/spttest/mixed_1M_1k2,7e2,1048576,0/0
/spttest/mixed_1M_1k3,7e3,1048576,0/0
/spttest/mixed_1M_1k4,7e4,1048576,0/0
/spttest/mixed_1M_1k5,7e5,1048576,0/0
/spttest/mixed_1M_1k6,7e6,1048576,0/0
/spttest/mixed_1M_1k7,7e7,1048576,0/0
/spttest/mixed_1M_1k8,7e8,1048576,0/0
/spttest/mixed_1M_1k9,7e9,1048576,0/0
/spttest/mixed_1M_1ka,7ea,1048576,0/0
/spttest/mixed_1M_1kb,7eb,1048576,0/0
/spttest/mixed_1M_1kc,7ec,1048576,0/0
/spttest/mixed_1M_1kd,7ed,1048576,0/0
/spttest/mixed_1M_1ke,7ee,1048576,0/0
/spttest/mixed_1M_1kf,7ef,1048576,0/0
/spttest/mixed_1M_1kg,7f0,1048576,0/0
/spttest/mixed_1M_1kh,7f1,1048576,0/0
/spttest/mixed_1M_1ki,7f2,1048576,0/0
/spttest/mixed_1M_1kj,7f3,1048576,0/0
/spttest/mixed_1M_1kk,7f4,1048576,0/0
/spttest/mixed_1M_1kl,7f5,1048576,0/0
/spttest/mixed_1M_1km,7f6,1048576,0/0
/spttest/mixed_1M_1kn,7f7,1048576,0/0
/spttest/mixed_1M_1ko,7f8,1048576,0/0
/spttest/mixed_1M_1kp,7f9,1048576,0/0
/spttest/mixed_1M_1kq,7fa,1048576,0/0
/spttest/mixed_1M_1kr,7fb,1048576,0/0
/spttest/mixed_1M_1ks,7fc,1048576,0/0
/spttest/mixed_1M_1kt,7fd,1048576,0/0
/spttest/mixed_1M_1ku,7fe,1048576,0/0
/spttest/mixed_1M_1kv,7ff,1048576,0/0
/spttest/mixed_1M_1kw,800,1048576,0/0
/spttest/mixed_1M_1kx,801,1048576,0/0
/spttest/mixed_1M_1ky,802,1048576,0/0
/spttest/mixed_1M_1kz,803,1048576,0/0
/spttest/mixed_1M_1l0,804,1048576,0/0
/spttest/mixed_1M_1l1,805,1048576,0/0
/spttest/mixed_1M_1l2,806,1048576,0/0
/spttest/mixed_1M_1l3,807,1048576,0/0
/spttest/mixed_1M_1l4,808,1048576,0/0
/spttest/mixed_1M_1l5,809,1048576,0/0
/spttest/mixed_1M_1l6,80a,1048576,0/0
/spttest/mixed_1M_1l7,80b,1048576,0/0
/spttest/mixed_1M_1l8,80c,1048576,0/0
/spttest/mixed_1M_1l9,80d,1048576,0/0
/spttest/mixed_1M_1la,80e,1048576,0/0
/spttest/mixed_1M_1lb,80f,1048576,0/0
/spttest/mixed_1M_1lc,810,1048576,0/0
/spttest/mixed_1M_1ld,811,1048576,0/0
/spttest/mixed_1M_1le,812,1048576,0/0
/spttest/mixed_1M_1lf,813,1048576,0/0
/spttest/mixed_1M_1lg,814,1048576,0/0
/spttest/mixed_1M_1lh,815,1048576,0/0
/spttest/mixed_1M_1li,816,1048576,0/0
/spttest/mixed_1M_1lj,817,1048576,0/0
/spttest/mixed_1M_1lk,818,1048576,0/0
/spttest/mixed_1M_1ll,819,1048576,0/0
/spttest/mixed_1M_1lm,81a,1048576,0/0
/spttest/mixed_1M_1ln,81b,1048576,0/0
/spttest/mixed_1M_1lo,81c,1048576,0/0
/spttest/mixed_1M_1lp,81d,1048576,0/0
/spttest/mixed_1M_1lq,81e,1048576,0/0
/spttest/mixed_1M_1lr,81f,1048576,0/0
/spttest/mixed_1M_1ls,820,1048576,0/0
/spttest/mixed_1M_1lt,821,1048576,0/0
/spttest/mixed_1M_1lu,822,1048576,0/0
/spttest/mixed_1M_1lv,823,1048576,0/0
/spttest/mixed_1M_1lw,824,1048576,0/0
/spttest/mixed_1M_1lx,825,1048576,0/0
/spttest/mixed_1M_1ly,826,1048576,0/0
/spttest/mixed_1M_1lz,827,1048576,0/0
/spttest/mixed_1M_1m0,828,1048576,0/0
/spttest/mixed_1M_1m1,829,1048576,0/0
/spttest/mixed_1M_1m2,82a,1048576,0/0
/spttest/mixed_1M_1m3,82b,1048576,0/0
/spttest/mixed_1M_1m4,82c,1048576,0/0
/spttest/mixed_1M_1m5,82d,1048576,0/0
/spttest/mixed_1M_1m6,82e,1048576,0/0
/spttest/mixed_1M_1m7,82f,1048576,0/0
/spttest/mixed_1M_1m8,830,1048576,0/0
/spttest/mixed_1M_1m9,831,1048576,0/0
/spttest/mixed_1M_1ma,832,1048576,0/0
/spttest/mixed_1M_1mb,833,1048576,0/0
/spttest/mixed_1M_1mc,834,1048576,0/0
/spttest/mixed_1M_1md,835,1048576,0/0
/spttest/mixed_1M_1me,836,1048576,0/0
/spttest/mixed_1M_1mf,837,1048576,0/0
/spttest/mixed_1M_1mg,838,1048576,0/0
/spttest/mixed_1M_1mh,839,1048576,0/0
/spttest/mixed_1M_1mi,83a,1048576,0/0
/spttest/mixed_1M_1mj,83b,1048576,0/0
/spttest/mixed_1M_1mk,83c,1048576,0/0
/spttest/mixed_1M_1ml,83d,1048576,0/0
/spttest/mixed_1M_1mm,83e,1048576,0/0
/spttest/mixed_1M_1mn,83f,1048576,0/0
/spttest/mixed_1M_1mo,840,1048576,0/0
/spttest/mixed_1M_1mp,841,1048576,0/0
/spttest/mixed_1M_1mq,842,1048576,0/0
/spttest/mixed_1M_1mr,843,1048576,0/0
/spttest/mixed_1M_1ms,844,1048576,0/0
/spttest/mixed_1M_1mt,845,1048576,0/0
/spttest/mixed_1M_1mu,846,1048576,0/0
/spttest/mixed_1M_1mv,847,1048576,0/0
/spttest/mixed_1M_1mw,848,1048576,0/0
/spttest/mixed_1M_1mx,849,1048576,0/0
/spttest/mixed_1M_1my,84a,1048576,0/0
/spttest/mixed_1M_1mz,84b,1048576,0/0
/spttest/mixed_1M_1n0,84c,1048576,0/0
/spttest/mixed_1M_1n1,84d,1048576,0/0
/spttest/mixed_1M_1n2,84e,1048576,0/0
/spttest/mixed_1M_1n3,84f,1048576,0/0
/spttest/mixed_1M_1n4,850,1048576,0/0
/spttest/mixed_1M_1n5,851,1048576,0/0
/spttest/mixed_1M_1n6,852,1048576,0/0
/spttest/mixed_1M_1n7,853,1048576,0/0
/spttest/mixed_1M_1n8,854,1048576,0/0
/spttest/mixed_1M_1n9,855,1048576,0/0
/spttest/mixed_1M_1na,856,1048576,0/0
/spttest/mixed_1M_1nb,857,1048576,0/0
/spttest/mixed_1M_1nc,858,1048576,0/0
/spttest/mixed_1M_1nd,859,1048576,0/0
/spttest/mixed_1M_1ne,85a,1048576,0/0
/spttest/mixed_1M_1nf,85b,1048576,0/0
/spttest/mixed_1M_1ng,85c,1048576,0/0
/spttest/mixed_1M_1nh,85d,1048576,0/0
/spttest/mixed_1M_1ni,85e,1048576,0/0
/spttest/mixed_1M_1nj,85f,1048576,0/0
/spttest/mixed_1M_1nk,860,1048576,0/0
/spttest/mixed_1M_1nl,861,1048576,0/0
/spttest/mixed_1M_1nm,862,1048576,0/0
/spttest/mixed_1M_1nn,863,1048576,0/0
/spttest/mixed_1M_1no,864,1048576,0/0
/spttest/mixed_1M_1np,865,1048576,0/0
/spttest/mixed_1M_1nq,866,1048576,0/0
/spttest/mixed_1M_1nr,867,1048576,0/0
/spttest/mixed_1M_1ns,868,1048576,0/0
/spttest/mixed_1M_1nt,869,1048576,0/0
/spttest/mixed_1M_1nu,86a,1048576,0/0
/spttest/mixed_1M_1nv,86b,1048576,0/0
/spttest/mixed_1M_1nw,86c,1048576,0/0
/spttest/mixed_1M_1nx,86d,1048576,0/0
/spttest/mixed_1M_1ny,86e,1048576,0/0
/spttest/mixed_1M_1nz,86f,1048576,0/0
/spttest/mixed_1M_1o0,870,1048576,0/0
/spttest/mixed_1M_1o1,871,1048576,0/0
/spttest/mixed_1M_1o2,872,1048576,0/0
/spttest/mixed_1M_1o3,873,1048576,0/0
/spttest/mixed_1M_1o4,874,1048576,0/0
/spttest/mixed_1M_1o5,875,1048576,0/0
/spttest/mixed_1M_1o6,876,1048576,0/0
/spttest/mixed_1M_1o7,877,1048576,0/0
/spttest/mixed_1M_1o8,878,1048576,0/0
/spttest/mixed_1M_1o9,879,1048576,0/0
/spttest/mixed_1M_1oa,87a,1048576,0/0
/spttest/mixed_1M_1ob,87b,1048576,0/0
/spttest/mixed_1M_1oc,87c,1048576,0/0
/spttest/mixed_1M_1od,87d,1048576,0/0
/spttest/mixed_1M_1oe,87e,1048576,0/0
/spttest/mixed_1M_1of,87f,1048576,0/0
/spttest/mixed_1M_1og,880,1048576,0/0
/spttest/mixed_1M_1oh,881,1048576,0/0
/spttest/mixed_1M_1oi,882,1048576,0/0
/spttest/mixed_1M_1oj,883,1048576,0/0
/spttest/mixed_1M_1ok,884,1048576,0/0
/spttest/mixed_1M_1ol,885,1048576,0/0
/spttest/mixed_1M_1om,886,1048576,0/0
/spttest/mixed_1M_1on,887,1048576,0/0
/spttest/mixed_1M_1oo,888,1048576,0/0
/spttest/mixed_1M_1op,889,1048576,0/0
/spttest/mixed_1M_1oq,88a,1048576,0/0
/spttest/mixed_1M_1or,88b,1048576,0/0
/spttest/mixed_1M_1os,88c,1048576,0/0
/spttest/mixed_1M_1ot,88d,1048576,0/0
/spttest/mixed_1M_1ou,88e,1048576,0/0
/spttest/mixed_1M_1ov,88f,1048576,0/0
/spttest/mixed_1M_1ow,890,1048576,0/0
/spttest/mixed_1M_1ox,891,1048576,0/0
/spttest/mixed_1M_1oy,892,1048576,0/0
/spttest/mixed_1M_1oz,893,1048576,0/0
/spttest/mixed_1M_1p0,894,1048576,0/0
/spttest/mixed_1M_1p1,895,1048576,0/0
/spttest/mixed_1M_1p2,896,1048576,0/0
/spttest/mixed_1M_1p3,897,1048576,0/0
/spttest/mixed_1M_1p4,898,1048576,0/0
/spttest/mixed_1M_1p5,899,1048576,0/0
/spttest/mixed_1M_1p6,89a,1048576,0/0
/spttest/mixed_1M_1p7,89b,1048576,0/0
/spttest/mixed_1M_1p8,89c,1048576,0/0
/spttest/mixed_1M_1p9,89d,1048576,0/0
/spttest/mixed_1M_1pa,89e,1048576,0/0
/spttest/mixed_1M_1pb,89f,1048576,0/0
/spttest/mixed_1M_1pc,8a0,1048576,0/0
/spttest/mixed_1M_1pd,8a1,1048576,0/0
/spttest/mixed_1M_1pe,8a2,1048576,0/0
/spttest/mixed_1M_1pf,8a3,1048576,0/0
/spttest/mixed_1M_1pg,8a4,1048576,0/0
/spttest/mixed_1M_1ph,8a5,1048576,0/0
/spttest/mixed_1M_1pi,8a6,1048576,0/0
/spttest/mixed_1M_1pj,8a7,1048576,0/0
/spttest/mixed_1M_1pk,8a8,1048576,0/0
/spttest/mixed_1M_1pl,8a9,1048576,0/0
/spttest/mixed_1M_1pm,8aa,1048576,0/0
/spttest/mixed_1M_1pn,8ab,1048576,0/0
/spttest/mixed_1M_1po,8ac,1048576,0/0
/spttest/mixed_1M_1pp,8ad,1048576,0/0
/spttest/mixed_1M_1pq,8ae,1048576,0/0
/spttest/mixed_1M_1pr,8af,1048576,0/0
/spttest/mixed_1M_1ps,8b0,1048576,0/0
/spttest/mixed_1M_1pt,8b1,1048576,0/0
/spttest/mixed_1M_1pu,8b2,1048576,0/0
/spttest/mixed_1M_1pv,8b3,1048576,0/0
/spttest/mixed_1M_1pw,8b4,1048576,0/0
/spttest/mixed_1M_1px,8b5,1048576,0/0
/spttest/mixed_1M_1py,8b6,1048576,0/0
/spttest/mixed_1M_1pz,8b7,1048576,0/0
/spttest/mixed_1M_1q0,8b8,1048576,0/0
/spttest/mixed_1M_1q1,8b9,1048576,0/0
/spttest/mixed_1M_1q2,8ba,1048576,0/0
/spttest/mixed_1M_1q3,8bb,1048576,0/0
/spttest/mixed_1M_1q4,8bc,1048576,0/0
/spttest/mixed_1M_1q5,8bd,1048576,0/0
/spttest/mixed_1M_1q6,8be,1048576,0/0
/spttest/mixed_1M_1q7,8bf,1048576,0/0
/spttest/mixed_1M_1q8,8c0,1048576,0/0
/spttest/mixed_1M_1q9,8c1,1048576,0/0
/spttest/mixed_1M_1qa,8c2,1048576,0/0
/spttest/mixed_1M_1qb,8c3,1048576,0/0
/spttest/mixed_1M_1qc,8c4,1048576,0/0
/spttest/mixed_1M_1qd,8c5,1048576,0/0
/spttest/mixed_1M_1qe,8c6,1048576,0/0
/spttest/mixed_1M_1qf,8c7,1048576,0/0
/spttest/mixed_1M_1qg,8c8,1048576,0/0
/spttest/mixed_1M_1qh,8c9,1048576,0/0
/spttest/mixed_1M_1qi,8ca,1048576,0/0
/spttest/mixed_1M_1qj,8cb,1048576,0/0
/spttest/mixed_1M_1qk,8cc,1048576,0/0
/spttest/mixed_1M_1ql,8cd,1048576,0/0
/spttest/mixed_1M_1qm,8ce,1048576,0/0
/spttest/mixed_1M_1qn,8cf,1048576,0/0
/spttest/mixed_1M_1qo,8d0,1048576,0/0
/spttest/mixed_1M_1qp,8d1,1048576,0/0
/spttest/mixed_1M_1qq,8d2,1048576,0/0
/spttest/mixed_1M_1qr,8d3,1048576,0/0
/spttest/mixed_1M_1qs,8d4,1048576,0/0
/spttest/mixed_1M_1qt,8d5,1048576,0/0
/spttest/mixed_1M_1qu,8d6,1048576,0/0
/spttest/mixed_1M_1qv,8d7,1048576,0/0
/spttest/mixed_1M_1qw,8d8,1048576,0/0
/spttest/mixed_1M_1qx,8d9,1048576,0/0
/spttest/mixed_1M_1qy,8da,1048576,0/0
/spttest/mixed_1M_1qz,8db,1048576,0/0
/spttest/mixed_1M_1r0,8dc,1048576,0/0
/spttest/mixed_1M_1r1,8dd,1048576,0/0
/spttest/mixed_1M_1r2,8de,1048576,0/0
/spttest/mixed_1M_1r3,8df,1048576,0/0
/spttest/mixed_1M_1r4,8e0,1048576,0/0
/spttest/mixed_1M_1r5,8e1,1048576,0/0
/spttest/mixed_1M_1r6,8e2,1048576,0/0
/spttest/mixed_1M_1r7,8e3,1048576,0/0
/spttest/mixed_1M_1r8,8e4,1048576,0/0
/spttest/mixed_1M_1r9,8e5,1048576,0/0
/spttest/mixed_1M_1ra,8e6,1048576,0/0
/spttest/mixed_1M_1rb,8e7,1048576,0/0
/spttest/mixed_1M_1rc,8e8,1048576,0/0
/spttest/mixed_1M_1rd,8e9,1048576,0/0
/spttest/mixed_1M_1re,8ea,1048576,0/0
/spttest/mixed_1M_1rf,8eb,1048576,0/0
/spttest/mixed_1M_1rg,8ec,1048576,0/0
/spttest/mixed_1M_1rh,8ed,1048576,0/0
/spttest/mixed_1M_1ri,8ee,1048576,0/0
/spttest/mixed_1M_1rj,8ef,1048576,0/0
/spttest/mixed_1M_1rk,8f0,1048576,0/0
/spttest/mixed_1M_1rl,8f1,1048576,0/0
/spttest/mixed_1M_1rm,8f2,1048576,0/0
/spttest/mixed_1M_1rn,8f3,1048576,0/0
/spttest/mixed_1M_1ro,8f4,1048576,0/0
/spttest/mixed_1M_1rp,8f5,1048576,0/0
/spttest/mixed_1M_1rq,8f6,1048576,0/0
/spttest/mixed_1M_1rr,8f7,1048576,0/0
/spttest/mixed_1M_1rs,8f8,1048576,0/0
/spttest/mixed_1M_1rt,8f9,1048576,0/0
/spttest/mixed_1M_1ru,8fa,1048576,0/0
/spttest/mixed_1M_1rv,8fb,1048576,0/0
/spttest/mixed_1M_1rw,8fc,1048576,0/0
/spttest/mixed_1M_1rx,8fd,1048576,0/0
/spttest/mixed_1M_1ry,8fe,1048576,0/0
/spttest/mixed_1M_1rz,8ff,1048576,0/0
/spttest/mixed_1M_1s0,900,1048576,0/0
/spttest/mixed_1M_1s1,901,1048576,0/0
/spttest/mixed_1M_1s2,902,1048576,0/0
/spttest/mixed_1M_1s3,903,1048576,0/0
/spttest/mixed_1M_1s4,904,1048576,0/0
/spttest/mixed_1M_1s5,905,1048576,0/0
/spttest/mixed_1M_1s6,906,1048576,0/0
/spttest/mixed_1M_1s7,907,1048576,0/0
/spttest/mixed_1M_1s8,908,1048576,0/0
/spttest/mixed_1M_1s9,909,1048576,0/0
/spttest/mixed_1M_1sa,90a,1048576,0/0
/spttest/mixed_1M_1sb,90b,1048576,0/0
/spttest/mixed_1M_1sc,90c,1048576,0/0
/spttest/mixed_1M_1sd,90d,1048576,0/0
/spttest/mixed_1M_1se,90e,1048576,0/0
/spttest/mixed_1M_1sf,90f,1048576,0/0
/spttest/mixed_1M_1sg,910,1048576,0/0
/spttest/mixed_1M_1sh,911,1048576,0/0
/spttest/mixed_1M_1si,912,1048576,0/0
/spttest/mixed_1M_1sj,913,1048576,0/0
/spttest/mixed_1M_1sk,914,1048576,0/0
/spttest/mixed_1M_1sl,915,1048576,0/0
/spttest/mixed_1M_1sm,916,1048576,0/0
/spttest/mixed_1M_1sn,917,1048576,0/0
/spttest/mixed_1M_1so,918,1048576,0/0
/spttest/mixed_1M_1sp,919,1048576,0/0
/spttest/mixed_1M_1sq,91a,1048576,0/0
/spttest/mixed_1M_1sr,91b,1048576,0/0
/spttest/mixed_1M_1ss,91c,1048576,0/0
/spttest/mixed_1M_1st,91d,1048576,0/0
/spttest/mixed_1M_1su,91e,1048576,0/0
/spttest/mixed_1M_1sv,91f,1048576,0/0
/spttest/mixed_1M_1sw,920,1048576,0/0
/spttest/mixed_1M_1sx,921,1048576,0/0
/spttest/mixed_1M_1sy,922,1048576,0/0
/spttest/mixed_1M_1sz,923,1048576,0/0
/spttest/mixed_1M_1t0,924,1048576,0/0
/spttest/mixed_1M_1t1,925,1048576,0/0
/spttest/mixed_1M_1t2,926,1048576,0/0
/spttest/mixed_1M_1t3,927,1048576,0/0
/spttest/mixed_1M_1t4,928,1048576,0/0
/spttest/mixed_1M_1t5,929,1048576,0/0
/spttest/mixed_1M_1t6,92a,1048576,0/0
/spttest/mixed_1M_1t7,92b,1048576,0/0
/spttest/mixed_1M_1t8,92c,1048576,0/0
/spttest/mixed_1M_1t9,92d,1048576,0/0
/spttest/mixed_1M_1ta,92e,1048576,0/0
/spttest/mixed_1M_1tb,92f,1048576,0/0
/spttest/mixed_1M_1tc,930,1048576,0/0
/spttest/mixed_1M_1td,931,1048576,0/0
/spttest/mixed_1M_1te,932,1048576,0/0
/spttest/mixed_1M_1tf,933,1048576,0/0
/spttest/mixed_1M_1tg,934,1048576,0/0
/spttest/mixed_1M_1th,935,1048576,0/0
/spttest/mixed_1M_1ti,936,1048576,0/0
/spttest/mixed_1M_1tj,937,1048576,0/0
/spttest/mixed_1M_1tk,938,1048576,0/0
/spttest/mixed_1M_1tl,939,1048576,0/0
/spttest/mixed_1M_1tm,93a,1048576,0/0
/spttest/mixed_1M_1tn,93b,1048576,0/0
/spttest/mixed_1M_1to,93c,1048576,0/0
/spttest/mixed_1M_1tp,93d,1048576,0/0
/spttest/mixed_1M_1tq,93e,1048576,0/0
/spttest/mixed_1M_1tr,93f,1048576,0/0
/spttest/mixed_1M_1ts,940,1048576,0/0
/spttest/mixed_1M_1tt,941,1048576,0/0
/spttest/mixed_1M_1tu,942,1048576,0/0
/spttest/mixed_1M_1tv,943,1048576,0/0
/spttest/mixed_1M_1tw,944,1048576,0/0
/spttest/mixed_1M_1tx,945,1048576,0/0
/spttest/mixed_1M_1ty,946,1048576,0/0
/spttest/mixed_1M_1tz,947,1048576,0/0
/spttest/mixed_1M_1u0,948,1048576,0/0
/spttest/mixed_1M_1u1,949,1048576,0/0
/spttest/mixed_1M_1u2,94a,1048576,0/0
/spttest/mixed_1M_1u3,94b,1048576,0/0
/spttest/mixed_1M_1u4,94c,1048576,0/0
/spttest/mixed_1M_1u5,94d,1048576,0/0
/spttest/mixed_1M_1u6,94e,1048576,0/0
/spttest/mixed_1M_1u7,94f,1048576,0/0
/spttest/mixed_1M_1u8,950,1048576,0/0
/spttest/mixed_1M_1u9,951,1048576,0/0
/spttest/mixed_1M_1ua,952,1048576,0/0
/spttest/mixed_1M_1ub,953,1048576,0/0
/spttest/mixed_1M_1uc,954,1048576,0/0
/spttest/mixed_1M_1ud,955,1048576,0/0
/spttest/mixed_1M_1ue,956,1048576,0/0
/spttest/mixed_1M_1uf,957,1048576,0/0
/spttest/mixed_1M_1ug,958,1048576,0/0
/spttest/mixed_1M_1uh,959,1048576,0/0
/spttest/mixed_1M_1ui,95a,1048576,0/0
/spttest/mixed_1M_1uj,95b,1048576,0/0
/spttest/mixed_1M_1uk,95c,1048576,0/0
/spttest/mixed_1M_1ul,95d,1048576,0/0
/spttest/mixed_1M_1um,95e,1048576,0/0
/spttest/mixed_1M_1un,95f,1048576,0/0
/spttest/mixed_1M_1uo,960,1048576,0/0
/spttest/mixed_1M_1up,961,1048576,0/0
/spttest/mixed_1M_1uq,962,1048576,0/0
/spttest/mixed_1M_1ur,963,1048576,0/0
/spttest/mixed_1M_1us,964,1048576,0/0
/spttest/mixed_1M_1ut,965,1048576,0/0
/spttest/mixed_1M_1uu,966,1048576,0/0
/spttest/mixed_1M_1uv,967,1048576,0/0
/spttest/mixed_1M_1uw,968,1048576,0/0
/spttest/mixed_1M_1ux,969,1048576,0/0
/spttest/mixed_1M_1uy,96a,1048576,0/0
/spttest/mixed_1M_1uz,96b,1048576,0/0
/spttest/mixed_1M_1v0,96c,1048576,0/0
/spttest/mixed_1M_1v1,96d,1048576,0/0
/spttest/mixed_1M_1v2,96e,1048576,0/0
/spttest/mixed_1M_1v3,96f,1048576,0/0
/spttest/mixed_1M_1v4,970,1048576,0/0
/spttest/mixed_1M_1v5,971,1048576,0/0
/spttest/mixed_1M_1v6,972,1048576,0/0
/spttest/mixed_1M_1v7,973,1048576,0/0
/spttest/mixed_1M_1v8,974,1048576,0/0
/spttest/mixed_1M_1v9,975,1048576,0/0
/spttest/mixed_1M_1va,976,1048576,0/0
/spttest/mixed_1M_1vb,977,1048576,0/0
/spttest/mixed_1M_1vc,978,1048576,0/0
/spttest/mixed_1M_1vd,979,1048576,0/0
/spttest/mixed_1M_1ve,97a,1048576,0/0
/spttest/mixed_1M_1vf,97b,1048576,0/0
/spttest/mixed_1M_1vg,97c,1048576,0/0
/spttest/mixed_1M_1vh,97d,1048576,0/0
/spttest/mixed_1M_1vi,97e,1048576,0/0
/spttest/mixed_1M_1vj,97f,1048576,0/0
/spttest/mixed_1M_1vk,980,1048576,0/0
/spttest/mixed_1M_1vl,981,1048576,0/0
/spttest/mixed_1M_1vm,982,1048576,0/0
/spttest/mixed_1M_1vn,983,1048576,0/0
/spttest/mixed_1M_1vo,984,1048576,0/0
/spttest/mixed_1M_1vp,985,1048576,0/0
/spttest/mixed_1M_1vq,986,1048576,0/0
/spttest/mixed_1M_1vr,987,1048576,0/0
/spttest/mixed_1M_1vs,988,1048576,0/0
/spttest/mixed_1M_1vt,989,1048576,0/0
/spttest/mixed_1M_1vu,98a,1048576,0/0
/spttest/mixed_1M_1vv,98b,1048576,0/0
/spttest/mixed_1M_1vw,98c,1048576,0/0
/spttest/mixed_1M_1vx,98d,1048576,0/0
/spttest/mixed_1M_1vy,98e,1048576,0/0
/spttest/mixed_1M_1vz,98f,1048576,0/0
/spttest/mixed_1M_1w0,990,1048576,0/0
/spttest/mixed_1M_1w1,991,1048576,0/0
/spttest/mixed_1M_1w2,992,1048576,0/0
/spttest/mixed_1M_1w3,993,1048576,0/0
/spttest/mixed_1M_1w4,994,1048576,0/0
/spttest/mixed_1M_1w5,995,1048576,0/0
/spttest/mixed_1M_1w6,996,1048576,0/0
/spttest/mixed_1M_1w7,997,1048576,0/0
/spttest/mixed_1M_1w8,998,1048576,0/0
/spttest/mixed_1M_1w9,999,1048576,0/0
/spttest/mixed_1M_1wa,99a,1048576,0/0
/spttest/mixed_1M_1wb,99b,1048576,0/0
/spttest/mixed_1M_1wc,99c,1048576,0/0
/spttest/mixed_1M_1wd,99d,1048576,0/0
/spttest/mixed_1M_1we,99e,1048576,0/0
/spttest/mixed_1M_1wf,99f,1048576,0/0
/spttest/mixed_1M_1wg,9a0,1048576,0/0
/spttest/mixed_1M_1wh,9a1,1048576,0/0
/spttest/mixed_1M_1wi,9a2,1048576,0/0
/spttest/mixed_1M_1wj,9a3,1048576,0/0
/spttest/mixed_1M_1wk,9a4,1048576,0/0
/spttest/mixed_1M_1wl,9a5,1048576,0/0
/spttest/mixed_1M_1wm,9a6,1048576,0/0
/spttest/mixed_1M_1wn,9a7,1048576,0/0
/spttest/mixed_1M_1wo,9a8,1048576,0/0
/spttest/mixed_1M_1wp,9a9,1048576,0/0
/spttest/mixed_1M_1wq,9aa,1048576,0/0
/spttest/mixed_1M_1wr,9ab,1048576,0/0
/spttest/mixed_1M_1ws,9ac,1048576,0/0
/spttest/mixed_1M_1wt,9ad,1048576,0/0
/spttest/mixed_1M_1wu,9ae,1048576,0/0
/spttest/mixed_1M_1wv,9af,1048576,0/0
/spttest/mixed_1M_1ww,9b0,1048576,0/0
/spttest/mixed_1M_1wx,9b1,1048576,0/0
/spttest/mixed_1M_1wy,9b2,1048576,0/0
/spttest/mixed_1M_1wz,9b3,1048576,0/0
/spttest/mixed_1M_1x0,9b4,1048576,0/0
/spttest/mixed_1M_1x1,9b5,1048576,0/0
/spttest/mixed_1M_1x2,9b6,1048576,0/0
/spttest/mixed_1M_1x3,9b7,1048576,0/0
/spttest/mixed_1M_1x4,9b8,1048576,0/0
/spttest/mixed_1M_1x5,9b9,1048576,0/0
/spttest/mixed_1M_1x6,9ba,1048576,0/0
/spttest/mixed_1M_1x7,9bb,1048576,0/0
/spttest/mixed_1M_1x8,9bc,1048576,0/0
/spttest/mixed_1M_1x9,9bd,1048576,0/0
/spttest/mixed_1M_1xa,9be,1048576,0/0
/spttest/mixed_1M_1xb,9bf,1048576,0/0
/spttest/mixed_1M_1xc,9c0,1048576,0/0
/spttest/mixed_1M_1xd,9c1,1048576,0/0
/spttest/mixed_1M_1xe,9c2,1048576,0/0
/spttest/mixed_1M_1xf,9c3,1048576,0/0
/spttest/mixed_1M_1xg,9c4,1048576,0/0
/spttest/mixed_1M_1xh,9c5,1048576,0/0
/spttest/mixed_1M_1xi,9c6,1048576,0/0
/spttest/mixed_1M_1xj,9c7,1048576,0/0
/spttest/mixed_1M_1xk,9c8,1048576,0/0
/spttest/mixed_1M_1xl,9c9,1048576,0/0
/spttest/mixed_1M_1xm,9ca,1048576,0/0
/spttest/mixed_1M_1xn,9cb,1048576,0/0
/spttest/mixed_1M_1xo,9cc,1048576,0/0
/spttest/mixed_1M_1xp,9cd,1048576,0/0
/spttest/mixed_1M_1xq,9ce,1048576,0/0
/spttest/mixed_1M_1xr,9cf,1048576,0/0
/spttest/mixed_1M_1xs,9d0,1048576,0/0
/spttest/mixed_1M_1xt,9d1,1048576,0/0
/spttest/mixed_1M_1xu,9d2,1048576,0/0
/spttest/mixed_1M_1xv,9d3,1048576,0/0
/spttest/mixed_1M_1xw,9d4,1048576,0/0
/spttest/mixed_1M_1xx,9d5,1048576,0/0
/spttest/mixed_1M_1xy,9d6,1048576,0/0
/spttest/mixed_1M_1xz,9d7,1048576,0/0
/spttest/mixed_1M_1y0,9d8,1048576,0/0
/spttest/mixed_1M_1y1,9d9,1048576,0/0
/spttest/mixed_1M_1y2,9da,1048576,0/0
/spttest/mixed_1M_1y3,9db,1048576,0/0
/spttest/mixed_1M_1y4,9dc,1048576,0/0
/spttest/mixed_1M_1y5,9dd,1048576,0/0
/spttest/mixed_1M_1y6,9de,1048576,0/0
/spttest/mixed_1M_1y7,9df,1048576,0/0
/spttest/mixed_1M_1y8,9e0,1048576,0/0
/spttest/mixed_1M_1y9,9e1,1048576,0/0
/spttest/mixed_1M_1ya,9e2,1048576,0/0
/spttest/mixed_1M_1yb,9e3,1048576,0/0
/spttest/mixed_1M_1yc,9e4,1048576,0/0
/spttest/mixed_1M_1yd,9e5,1048576,0/0
/spttest/mixed_1M_1ye,9e6,1048576,0/0
/spttest/mixed_1M_1yf,9e7,1048576,0/0
/spttest/mixed_1M_1yg,9e8,1048576,0/0
/spttest/mixed_1M_1yh,9e9,1048576,0/0
/spttest/mixed_1M_1yi,9ea,1048576,0/0
/spttest/mixed_1M_1yj,9eb,1048576,0/0
/spttest/mixed_1M_1yk,9ec,1048576,0/0
/spttest/mixed_1M_1yl,9ed,1048576,0/0
/spttest/mixed_1M_1ym,9ee,1048576,0/0
/spttest/mixed_1M_1yn,9ef,1048576,0/0
/spttest/mixed_1M_1yo,9f0,1048576,0/0
/spttest/mixed_1M_1yp,9f1,1048576,0/0
/spttest/mixed_1M_1yq,9f2,1048576,0/0
/spttest/mixed_1M_1yr,9f3,1048576,0/0
/spttest/mixed_1M_1ys,9f4,1048576,0/0
/spttest/mixed_1M_1yt,9f5,1048576,0/0
/spttest/mixed_1M_1yu,9f6,1048576,0/0
/spttest/mixed_1M_1yv,9f7,1048576,0/0
/spttest/mixed_1M_1yw,9f8,1048576,0/0
/spttest/mixed_1M_1yx,9f9,1048576,0/0
/spttest/mixed_1M_1yy,9fa,1048576,0/0
/spttest/mixed_1M_1yz,9fb,1048576,0/0
/spttest/mixed_1M_1z0,9fc,1048576,0/0
/spttest/mixed_1M_1z1,9fd,1048576,0/0
/spttest/mixed_1M_1z2,9fe,1048576,0/0
/spttest/mixed_1M_1z3,9ff,1048576,0/0
/spttest/mixed_1M_1z4,a00,1048576,0/0
/spttest/mixed_1M_1z5,a01,1048576,0/0
/spttest/mixed_1M_1z6,a02,1048576,0/0
/spttest/mixed_1M_1z7,a03,1048576,0/0
/spttest/mixed_1M_1z8,a04,1048576,0/0
/spttest/mixed_1M_1z9,a05,1048576,0/0
/spttest/mixed_1M_1za,a06,1048576,0/0
/spttest/mixed_1M_1zb,a07,1048576,0/0
/spttest/mixed_1M_1zc,a08,1048576,0/0
/spttest/mixed_1M_1zd,a09,1048576,0/0
/spttest/mixed_1M_1ze,a0a,1048576,0/0
/spttest/mixed_1M_1zf,a0b,1048576,0/0
/spttest/mixed_1M_1zg,a0c,1048576,0/0
/spttest/mixed_1M_1zh,a0d,1048576,0/0
/spttest/mixed_1M_1zi,a0e,1048576,0/0
/spttest/mixed_1M_1zj,a0f,1048576,0/0
/spttest/mixed_1M_1zk,a10,1048576,0/0
/spttest/mixed_1M_1zl,a11,1048576,0/0
/spttest/mixed_1M_1zm,a12,1048576,0/0
/spttest/mixed_1M_1zn,a13,1048576,0/0
/spttest/mixed_1M_1zo,a14,1048576,0/0
/spttest/mixed_1M_1zp,a15,1048576,0/0
/spttest/mixed_1M_1zq,a16,1048576,0/0
/spttest/mixed_1M_1zr,a17,1048576,0/0
/spttest/mixed_1M_1zs,a18,1048576,0/0
/spttest/mixed_1M_1zt,a19,1048576,0/0
/spttest/mixed_1M_1zu,a1a,1048576,0/0
/spttest/mixed_1M_1zv,a1b,1048576,0/0
/spttest/mixed_1M_1zw,a1c,1048576,0/0
/spttest/mixed_1M_1zx,a1d,1048576,0/0
/spttest/mixed_1M_1zy,a1e,1048576,0/0
/spttest/mixed_1M_1zz,a1f,1048576,0/0
/spttest/mixed_1M_200,a20,1048576,0/0
/spttest/mixed_1M_201,a21,1048576,0/0
/spttest/mixed_1M_202,a22,1048576,0/0
/spttest/mixed_1M_203,a23,1048576,0/0
/spttest/mixed_1M_204,a24,1048576,0/0
/spttest/mixed_1M_205,a25,1048576,0/0
/spttest/mixed_1M_206,a26,1048576,0/0
/spttest/mixed_1M_207,a27,1048576,0/0
/spttest/mixed_1M_208,a28,1048576,0/0
/spttest/mixed_1M_209,a29,1048576,0/0
/spttest/mixed_1M_20a,a2a,1048576,0/0
/spttest/mixed_1M_20b,a2b,1048576,0/0
/spttest/mixed_1M_20c,a2c,1048576,0/0
/spttest/mixed_1M_20d,a2d,1048576,0/0
/spttest/mixed_1M_20e,a2e,1048576,0/0
/spttest/mixed_1M_20f,a2f,1048576,0/0
/spttest/mixed_1M_20g,a30,1048576,0/0
/spttest/mixed_1M_20h,a31,1048576,0/0
/spttest/mixed_1M_20i,a32,1048576,0/0
/spttest/mixed_1M_20j,a33,1048576,0/0
/spttest/mixed_1M_20k,a34,1048576,0/0
/spttest/mixed_1M_20l,a35,1048576,0/0
/spttest/mixed_1M_20m,a36,1048576,0/0
/spttest/mixed_1M_20n,a37,1048576,0/0
/spttest/mixed_1M_20o,a38,1048576,0/0
/spttest/mixed_1M_20p,a39,1048576,0/0
/spttest/mixed_1M_20q,a3a,1048576,0/0
/spttest/mixed_1M_20r,a3b,1048576,0/0
/spttest/mixed_1M_20s,a3c,1048576,0/0
/spttest/mixed_1M_20t,a3d,1048576,0/0
/spttest/mixed_1M_20u,a3e,1048576,0/0
/spttest/mixed_1M_20v,a3f,1048576,0/0
/spttest/mixed_1M_20w,a40,1048576,0/0
/spttest/mixed_1M_20x,a41,1048576,0/0
/spttest/mixed_1M_20y,a42,1048576,0/0
/spttest/mixed_1M_20z,a43,1048576,0/0
/spttest/mixed_1M_210,a44,1048576,0/0
/spttest/mixed_1M_211,a45,1048576,0/0
/spttest/mixed_1M_212,a46,1048576,0/0
/spttest/mixed_1M_213,a47,1048576,0/0
/spttest/mixed_1M_214,a48,1048576,0/0
/spttest/mixed_1M_215,a49,1048576,0/0
/spttest/mixed_1M_216,a4a,1048576,0/0
/spttest/mixed_1M_217,a4b,1048576,0/0
/spttest/mixed_1M_218,a4c,1048576,0/0
/spttest/mixed_1M_219,a4d,1048576,0/0
/spttest/mixed_1M_21a,a4e,1048576,0/0
/spttest/mixed_1M_21b,a4f,1048576,0/0
/spttest/mixed_1M_21c,a50,1048576,0/0
/spttest/mixed_1M_21d,a51,1048576,0/0
/spttest/mixed_1M_21e,a52,1048576,0/0
/spttest/mixed_1M_21f,a53,1048576,0/0
/spttest/mixed_1M_21g,a54,1048576,0/0
/spttest/mixed_1M_21h,a55,1048576,0/0
/spttest/mixed_1M_21i,a56,1048576,0/0
/spttest/mixed_1M_21j,a57,1048576,0/0
/spttest/mixed_1M_21k,a58,1048576,0/0
/spttest/mixed_1M_21l,a59,1048576,0/0
/spttest/mixed_1M_21m,a5a,1048576,0/0
/spttest/mixed_1M_21n,a5b,1048576,0/0
/spttest/mixed_1M_21o,a5c,1048576,0/0
/spttest/mixed_1M_21p,a5d,1048576,0/0
/spttest/mixed_1M_21q,a5e,1048576,0/0
/spttest/mixed_1M_21r,a5f,1048576,0/0
/spttest/mixed_1M_21s,a60,1048576,0/0
/spttest/mixed_1M_21t,a61,1048576,0/0
/spttest/mixed_1M_21u,a62,1048576,0/0
/spttest/mixed_1M_21v,a63,1048576,0/0
/spttest/mixed_1M_21w,a64,1048576,0/0
/spttest/mixed_1M_21x,a65,1048576,0/0
/spttest/mixed_1M_21y,a66,1048576,0/0
/spttest/mixed_1M_21z,a67,1048576,0/0
/spttest/mixed_1M_220,a68,1048576,0/0
/spttest/mixed_1M_221,a69,1048576,0/0
/spttest/mixed_1M_222,a6a,1048576,0/0
/spttest/mixed_1M_223,a6b,1048576,0/0
/spttest/mixed_1M_224,a6c,1048576,0/0
/spttest/mixed_1M_225,a6d,1048576,0/0
/spttest/mixed_1M_226,a6e,1048576,0/0
/spttest/mixed_1M_227,a6f,1048576,0/0
/spttest/mixed_1M_228,a70,1048576,0/0
/spttest/mixed_1M_229,a71,1048576,0/0
/spttest/mixed_1M_22a,a72,1048576,0/0
/spttest/mixed_1M_22b,a73,1048576,0/0
/spttest/mixed_1M_22c,a74,1048576,0/0
/spttest/mixed_1M_22d,a75,1048576,0/0
/spttest/mixed_1M_22e,a76,1048576,0/0
/spttest/mixed_1M_22f,a77,1048576,0/0
/spttest/mixed_1M_22g,a78,1048576,0/0
/spttest/mixed_1M_22h,a79,1048576,0/0
/spttest/mixed_1M_22i,a7a,1048576,0/0
/spttest/mixed_1M_22j,a7b,1048576,0/0
/spttest/mixed_1M_22k,a7c,1048576,0/0
/spttest/mixed_1M_22l,a7d,1048576,0/0
/spttest/mixed_1M_22m,a7e,1048576,0/0
/spttest/mixed_1M_22n,a7f,1048576,0/0
/spttest/mixed_1M_22o,a80,1048576,0/0
/spttest/mixed_1M_22p,a81,1048576,0/0
/spttest/mixed_1M_22q,a82,1048576,0/0
/spttest/mixed_1M_22r,a83,1048576,0/0
/spttest/mixed_1M_22s,a84,1048576,0/0
/spttest/mixed_1M_22t,a85,1048576,0/0
/spttest/mixed_1M_22u,a86,1048576,0/0
/spttest/mixed_1M_22v,a87,1048576,0/0
/spttest/mixed_1M_22w,a88,1048576,0/0
/spttest/mixed_1M_22x,a89,1048576,0/0
/spttest/mixed_1M_22y,a8a,1048576,0/0
/spttest/mixed_1M_22z,a8b,1048576,0/0
/spttest/mixed_1M_230,a8c,1048576,0/0
/spttest/mixed_1M_231,a8d,1048576,0/0
/spttest/mixed_1M_232,a8e,1048576,0/0
/spttest/mixed_1M_233,a8f,1048576,0/0
/spttest/mixed_1M_234,a90,1048576,0/0
/spttest/mixed_1M_235,a91,1048576,0/0
/spttest/mixed_1M_236,a92,1048576,0/0
/spttest/mixed_1M_237,a93,1048576,0/0
/spttest/mixed_1M_238,a94,1048576,0/0
/spttest/mixed_1M_239,a95,1048576,0/0
/spttest/mixed_1M_23a,a96,1048576,0/0
/spttest/mixed_1M_23b,a97,1048576,0/0
/spttest/mixed_1M_23c,a98,1048576,0/0
/spttest/mixed_1M_23d,a99,1048576,0/0
/spttest/mixed_1M_23e,a9a,1048576,0/0
/spttest/mixed_1M_23f,a9b,1048576,0/0
/spttest/mixed_1M_23g,a9c,1048576,0/0
/spttest/mixed_1M_23h,a9d,1048576,0/0
/spttest/mixed_1M_23i,a9e,1048576,0/0
/spttest/mixed_1M_23j,a9f,1048576,0/0
/spttest/mixed_1M_23k,aa0,1048576,0/0
/spttest/mixed_1M_23l,aa1,1048576,0/0
/spttest/mixed_1M_23m,aa2,1048576,0/0
/spttest/mixed_1M_23n,aa3,1048576,0/0
/spttest/mixed_1M_23o,aa4,1048576,0/0
/spttest/mixed_1M_23p,aa5,1048576,0/0
/spttest/mixed_1M_23q,aa6,1048576,0/0
/spttest/mixed_1M_23r,aa7,1048576,0/0
/spttest/mixed_1M_23s,aa8,1048576,0/0
/spttest/mixed_1M_23t,aa9,1048576,0/0
/spttest/mixed_1M_23u,aaa,1048576,0/0
/spttest/mixed_1M_23v,aab,1048576,0/0
/spttest/mixed_1M_23w,aac,1048576,0/0
/spttest/mixed_1M_23x,aad,1048576,0/0
/spttest/mixed_1M_23y,aae,1048576,0/0
/spttest/mixed_1M_23z,aaf,1048576,0/0
/spttest/mixed_1M_240,ab0,1048576,0/0
/spttest/mixed_1M_241,ab1,1048576,0/0
/spttest/mixed_1M_242,ab2,1048576,0/0
/spttest/mixed_1M_243,ab3,1048576,0/0
/spttest/mixed_1M_244,ab4,1048576,0/0
/spttest/mixed_1M_245,ab5,1048576,0/0
/spttest/mixed_1M_246,ab6,1048576,0/0
/spttest/mixed_1M_247,ab7,1048576,0/0
/spttest/mixed_1M_248,ab8,1048576,0/0
/spttest/mixed_1M_249,ab9,1048576,0/0
/spttest/mixed_1M_24a,aba,1048576,0/0
/spttest/mixed_1M_24b,abb,1048576,0/0
/spttest/mixed_1M_24c,abc,1048576,0/0
/spttest/mixed_1M_24d,abd,1048576,0/0
/spttest/mixed_1M_24e,abe,1048576,0/0
/spttest/mixed_1M_24f,abf,1048576,0/0
/spttest/mixed_1M_24g,ac0,1048576,0/0
/spttest/mixed_1M_24h,ac1,1048576,0/0
/spttest/mixed_1M_24i,ac2,1048576,0/0
/spttest/mixed_1M_24j,ac3,1048576,0/0
/spttest/mixed_1M_24k,ac4,1048576,0/0
/spttest/mixed_1M_24l,ac5,1048576,0/0
/spttest/mixed_1M_24m,ac6,1048576,0/0
/spttest/mixed_1M_24n,ac7,1048576,0/0
/spttest/mixed_1M_24o,ac8,1048576,0/0
/spttest/mixed_1M_24p,ac9,1048576,0/0
/spttest/mixed_1M_24q,aca,1048576,0/0
/spttest/mixed_1M_24r,acb,1048576,0/0
/spttest/mixed_1M_24s,acc,1048576,0/0
/spttest/mixed_1M_24t,acd,1048576,0/0
/spttest/mixed_1M_24u,ace,1048576,0/0
/spttest/mixed_1M_24v,acf,1048576,0/0
/spttest/mixed_1M_24w,ad0,1048576,0/0
/spttest/mixed_1M_24x,ad1,1048576,0/0
/spttest/mixed_1M_24y,ad2,1048576,0/0
/spttest/mixed_1M_24z,ad3,1048576,0/0
/spttest/mixed_1M_250,ad4,1048576,0/0
/spttest/mixed_1M_251,ad5,1048576,0/0
/spttest/mixed_1M_252,ad6,1048576,0/0
/spttest/mixed_1M_253,ad7,1048576,0/0
/spttest/mixed_1M_254,ad8,1048576,0/0
/spttest/mixed_1M_255,ad9,1048576,0/0
/spttest/mixed_1M_256,ada,1048576,0/0
/spttest/mixed_1M_257,adb,1048576,0/0
/spttest/mixed_1M_258,adc,1048576,0/0
/spttest/mixed_1M_259,add,1048576,0/0
/spttest/mixed_1M_25a,ade,1048576,0/0
/spttest/mixed_1M_25b,adf,1048576,0/0
/spttest/mixed_1M_25c,ae0,1048576,0/0
/spttest/mixed_1M_25d,ae1,1048576,0/0
/spttest/mixed_1M_25e,ae2,1048576,0/0
/spttest/mixed_1M_25f,ae3,1048576,0/0
/spttest/mixed_1M_25g,ae4,1048576,0/0
/spttest/mixed_1M_25h,ae5,1048576,0/0
/spttest/mixed_1M_25i,ae6,1048576,0/0
/spttest/mixed_1M_25j,ae7,1048576,0/0
/spttest/mixed_1M_25k,ae8,1048576,0/0
/spttest/mixed_1M_25l,ae9,1048576,0/0
/spttest/mixed_1M_25m,aea,1048576,0/0
/spttest/mixed_1M_25n,aeb,1048576,0/0
/spttest/mixed_1M_25o,aec,1048576,0/0
/spttest/mixed_1M_25p,aed,1048576,0/0
/spttest/mixed_1M_25q,aee,1048576,0/0
/spttest/mixed_1M_25r,aef,1048576,0/0
/spttest/mixed_1M_25s,af0,1048576,0/0
/spttest/mixed_1M_25t,af1,1048576,0/0
/spttest/mixed_1M_25u,af2,1048576,0/0
/spttest/mixed_1M_25v,af3,1048576,0/0
/spttest/mixed_1M_25w,af4,1048576,0/0
/spttest/mixed_1M_25x,af5,1048576,0/0
/spttest/mixed_1M_25y,af6,1048576,0/0
/spttest/mixed_1M_25z,af7,1048576,0/0
/spttest/mixed_1M_260,af8,1048576,0/0
/spttest/mixed_1M_261,af9,1048576,0/0
/spttest/mixed_1M_262,afa,1048576,0/0
/spttest/mixed_1M_263,afb,1048576,0/0
/spttest/mixed_1M_264,afc,1048576,0/0
/spttest/mixed_1M_265,afd,1048576,0/0
/spttest/mixed_1M_266,afe,1048576,0/0
/spttest/mixed_1M_267,aff,1048576,0/0
/spttest/mixed_1M_268,b00,1048576,0/0
/spttest/mixed_1M_269,b01,1048576,0/0
/spttest/mixed_1M_26a,b02,1048576,0/0
/spttest/mixed_1M_26b,b03,1048576,0/0
/spttest/mixed_1M_26c,b04,1048576,0/0
/spttest/mixed_1M_26d,b05,1048576,0/0
/spttest/mixed_1M_26e,b06,1048576,0/0
/spttest/mixed_1M_26f,b07,1048576,0/0
/spttest/mixed_1M_26g,b08,1048576,0/0
/spttest/mixed_1M_26h,b09,1048576,0/0
/spttest/mixed_1M_26i,b0a,1048576,0/0
/spttest/mixed_1M_26j,b0b,1048576,0/0
/spttest/mixed_1M_26k,b0c,1048576,0/0
/spttest/mixed_1M_26l,b0d,1048576,0/0
/spttest/mixed_1M_26m,b0e,1048576,0/0
/spttest/mixed_1M_26n,b0f,1048576,0/0
/spttest/mixed_1M_26o,b10,1048576,0/0
/spttest/mixed_1M_26p,b11,1048576,0/0
/spttest/mixed_1M_26q,b12,1048576,0/0
/spttest/mixed_1M_26r,b13,1048576,0/0
/spttest/mixed_1M_26s,b14,1048576,0/0
/spttest/mixed_1M_26t,b15,1048576,0/0
/spttest/mixed_1M_26u,b16,1048576,0/0
/spttest/mixed_1M_26v,b17,1048576,0/0
/spttest/mixed_1M_26w,b18,1048576,0/0
/spttest/mixed_1M_26x,b19,1048576,0/0
/spttest/mixed_1M_26y,b1a,1048576,0/0
/spttest/mixed_1M_26z,b1b,1048576,0/0
/spttest/mixed_1M_270,b1c,1048576,0/0
/spttest/mixed_1M_271,b1d,1048576,0/0
/spttest/mixed_1M_272,b1e,1048576,0/0
/spttest/mixed_1M_273,b1f,1048576,0/0
/spttest/mixed_1M_274,b20,1048576,0/0
/spttest/mixed_1M_275,b21,1048576,0/0
/spttest/mixed_1M_276,b22,1048576,0/0
/spttest/mixed_1M_277,b23,1048576,0/0
/spttest/mixed_1M_278,b24,1048576,0/0
/spttest/mixed_1M_279,b25,1048576,0/0
/spttest/mixed_1M_27a,b26,1048576,0/0
/spttest/mixed_1M_27b,b27,1048576,0/0
/spttest/mixed_1M_27c,b28,1048576,0/0
/spttest/mixed_1M_27d,b29,1048576,0/0
/spttest/mixed_1M_27e,b2a,1048576,0/0
/spttest/mixed_1M_27f,b2b,1048576,0/0
/spttest/mixed_1M_27g,b2c,1048576,0/0
/spttest/mixed_1M_27h,b2d,1048576,0/0
/spttest/mixed_1M_27i,b2e,1048576,0/0
/spttest/mixed_1M_27j,b2f,1048576,0/0
/spttest/mixed_1M_27k,b30,1048576,0/0
/spttest/mixed_1M_27l,b31,1048576,0/0
/spttest/mixed_1M_27m,b32,1048576,0/0
/spttest/mixed_1M_27n,b33,1048576,0/0
/spttest/mixed_1M_27o,b34,1048576,0/0
/spttest/mixed_1M_27p,b35,1048576,0/0
/spttest/mixed_1M_27q,b36,1048576,0/0
/spttest/mixed_1M_27r,b37,1048576,0/0
/spttest/mixed_1M_27s,b38,1048576,0/0
/spttest/mixed_1M_27t,b39,1048576,0/0
/spttest/mixed_1M_27u,b3a,1048576,0/0
/spttest/mixed_1M_27v,b3b,1048576,0/0
/spttest/mixed_1M_27w,b3c,1048576,0/0
/spttest/mixed_1M_27x,b3d,1048576,0/0
/spttest/mixed_1M_27y,b3e,1048576,0/0
/spttest/mixed_1M_27z,b3f,1048576,0/0
/spttest/mixed_1M_280,b40,1048576,0/0
/spttest/mixed_1M_281,b41,1048576,0/0
/spttest/mixed_1M_282,b42,1048576,0/0
/spttest/mixed_1M_283,b43,1048576,0/0
/spttest/mixed_1M_284,b44,1048576,0/0
/spttest/mixed_1M_285,b45,1048576,0/0
/spttest/mixed_1M_286,b46,1048576,0/0
/spttest/mixed_1M_287,b47,1048576,0/0
/spttest/mixed_1M_288,b48,1048576,0/0
/spttest/mixed_1M_289,b49,1048576,0/0
/spttest/mixed_1M_28a,b4a,1048576,0/0
/spttest/mixed_1M_28b,b4b,1048576,0/0
/spttest/mixed_1M_28c,b4c,1048576,0/0
/spttest/mixed_1M_28d,b4d,1048576,0/0
/spttest/mixed_1M_28e,b4e,1048576,0/0
/spttest/mixed_1M_28f,b4f,1048576,0/0
/spttest/mixed_1M_28g,b50,1048576,0/0
/spttest/mixed_1M_28h,b51,1048576,0/0
/spttest/mixed_1M_28i,b52,1048576,0/0
/spttest/mixed_1M_28j,b53,1048576,0/0
/spttest/mixed_1M_28k,b54,1048576,0/0
/spttest/mixed_1M_28l,b55,1048576,0/0
/spttest/mixed_1M_28m,b56,1048576,0/0
/spttest/mixed_1M_28n,b57,1048576,0/0
/spttest/mixed_1M_28o,b58,1048576,0/0
/spttest/mixed_1M_28p,b59,1048576,0/0
/spttest/mixed_1M_28q,b5a,1048576,0/0
/spttest/mixed_1M_28r,b5b,1048576,0/0
/spttest/mixed_1M_28s,b5c,1048576,0/0
/spttest/mixed_1M_28t,b5d,1048576,0/0
/spttest/mixed_1M_28u,b5e,1048576,0/0
/spttest/mixed_1M_28v,b5f,1048576,0/0
/spttest/mixed_1M_28w,b60,1048576,0/0
/spttest/mixed_1M_28x,b61,1048576,0/0
/spttest/mixed_1M_28y,b62,1048576,0/0
/spttest/mixed_1M_28z,b63,1048576,0/0
/spttest/mixed_1M_290,b64,1048576,0/0
/spttest/mixed_1M_291,b65,1048576,0/0
/spttest/mixed_1M_292,b66,1048576,0/0
/spttest/mixed_1M_293,b67,1048576,0/0
/spttest/mixed_1M_294,b68,1048576,0/0
/spttest/mixed_1M_295,b69,1048576,0/0
/spttest/mixed_1M_296,b6a,1048576,0/0
/spttest/mixed_1M_297,b6b,1048576,0/0
/spttest/mixed_1M_298,b6c,1048576,0/0
/spttest/mixed_1M_299,b6d,1048576,0/0
/spttest/mixed_1M_29a,b6e,1048576,0/0
/spttest/mixed_1M_29b,b6f,1048576,0/0
/spttest/mixed_1M_29c,b70,1048576,0/0
/spttest/mixed_1M_29d,b71,1048576,0/0
/spttest/mixed_1M_29e,b72,1048576,0/0
/spttest/mixed_1M_29f,b73,1048576,0/0
/spttest/mixed_1M_29g,b74,1048576,0/0
/spttest/mixed_1M_29h,b75,1048576,0/0
/spttest/mixed_1M_29i,b76,1048576,0/0
/spttest/mixed_1M_29j,b77,1048576,0/0
/spttest/mixed_1M_29k,b78,1048576,0/0
/spttest/mixed_1M_29l,b79,1048576,0/0
/spttest/mixed_1M_29m,b7a,1048576,0/0
/spttest/mixed_1M_29n,b7b,1048576,0/0
/spttest/mixed_1M_29o,b7c,1048576,0/0
/spttest/mixed_1M_29p,b7d,1048576,0/0
/spttest/mixed_1M_29q,b7e,1048576,0/0
/spttest/mixed_1M_29r,b7f,1048576,0/0
/spttest/mixed_1M_29s,b80,1048576,0/0
/spttest/mixed_1M_29t,b81,1048576,0/0
/spttest/mixed_1M_29u,b82,1048576,0/0
/spttest/mixed_1M_29v,b83,1048576,0/0
/spttest/mixed_1M_29w,b84,1048576,0/0
/spttest/mixed_1M_29x,b85,1048576,0/0
/spttest/mixed_1M_29y,b86,1048576,0/0
/spttest/mixed_1M_29z,b87,1048576,0/0
/spttest/mixed_1M_2a0,b88,1048576,0/0
/spttest/mixed_1M_2a1,b89,1048576,0/0
/spttest/mixed_1M_2a2,b8a,1048576,0/0
/spttest/mixed_1M_2a3,b8b,1048576,0/0
/spttest/mixed_1M_2a4,b8c,1048576,0/0
/spttest/mixed_1M_2a5,b8d,1048576,0/0
/spttest/mixed_1M_2a6,b8e,1048576,0/0
/spttest/mixed_1M_2a7,b8f,1048576,0/0
/spttest/mixed_1M_2a8,b90,1048576,0/0
/spttest/mixed_1M_2a9,b91,1048576,0/0
/spttest/mixed_1M_2aa,b92,1048576,0/0
/spttest/mixed_1M_2ab,b93,1048576,0/0
/spttest/mixed_1M_2ac,b94,1048576,0/0
/spttest/mixed_1M_2ad,b95,1048576,0/0
/spttest/mixed_1M_2ae,b96,1048576,0/0
/spttest/mixed_1M_2af,b97,1048576,0/0
/spttest/mixed_1M_2ag,b98,1048576,0/0
/spttest/mixed_1M_2ah,b99,1048576,0/0
/spttest/mixed_1M_2ai,b9a,1048576,0/0
/spttest/mixed_1M_2aj,b9b,1048576,0/0
/spttest/mixed_1M_2ak,b9c,1048576,0/0
/spttest/mixed_1M_2al,b9d,1048576,0/0
/spttest/mixed_1M_2am,b9e,1048576,0/0
/spttest/mixed_1M_2an,b9f,1048576,0/0
/spttest/mixed_1M_2ao,ba0,1048576,0/0
/spttest/mixed_1M_2ap,ba1,1048576,0/0
/spttest/mixed_1M_2aq,ba2,1048576,0/0
/spttest/mixed_1M_2ar,ba3,1048576,0/0
/spttest/mixed_1M_2as,ba4,1048576,0/0
/spttest/mixed_1M_2at,ba5,1048576,0/0
/spttest/mixed_1M_2au,ba6,1048576,0/0
/spttest/mixed_1M_2av,ba7,1048576,0/0
/spttest/mixed_1M_2aw,ba8,1048576,0/0
/spttest/mixed_1M_2ax,ba9,1048576,0/0
/spttest/mixed_1M_2ay,baa,1048576,0/0
/spttest/mixed_1M_2az,bab,1048576,0/0
/spttest/mixed_1M_2b0,bac,1048576,0/0
/spttest/mixed_1M_2b1,bad,1048576,0/0
/spttest/mixed_1M_2b2,bae,1048576,0/0
/spttest/mixed_1M_2b3,baf,1048576,0/0
/spttest/mixed_1M_2b4,bb0,1048576,0/0
/spttest/mixed_1M_2b5,bb1,1048576,0/0
/spttest/mixed_1M_2b6,bb2,1048576,0/0
/spttest/mixed_1M_2b7,bb3,1048576,0/0
/spttest/mixed_1M_2b8,bb4,1048576,0/0
/spttest/mixed_1M_2b9,bb5,1048576,0/0
/spttest/mixed_1M_2ba,bb6,1048576,0/0
/spttest/mixed_1M_2bb,bb7,1048576,0/0
/spttest/mixed_1M_2bc,bb8,1048576,0/0
/spttest/mixed_1M_2bd,bb9,1048576,0/0
/spttest/mixed_1M_2be,bba,1048576,0/0
/spttest/mixed_1M_2bf,bbb,1048576,0/0
/spttest/mixed_1M_2bg,bbc,1048576,0/0
/spttest/mixed_1M_2bh,bbd,1048576,0/0
/spttest/mixed_1M_2bi,bbe,1048576,0/0
/spttest/mixed_1M_2bj,bbf,1048576,0/0
/spttest/mixed_1M_2bk,bc0,1048576,0/0
/spttest/mixed_1M_2bl,bc1,1048576,0/0
/spttest/mixed_1M_2bm,bc2,1048576,0/0
/spttest/mixed_1M_2bn,bc3,1048576,0/0
/spttest/mixed_1M_2bo,bc4,1048576,0/0
/spttest/mixed_1M_2bp,bc5,1048576,0/0
/spttest/mixed_1M_2bq,bc6,1048576,0/0
/spttest/mixed_1M_2br,bc7,1048576,0/0
/spttest/mixed_1M_2bs,bc8,1048576,0/0
/spttest/mixed_1M_2bt,bc9,1048576,0/0
/spttest/mixed_1M_2bu,bca,1048576,0/0
/spttest/mixed_1M_2bv,bcb,1048576,0/0
/spttest/mixed_1M_2bw,bcc,1048576,0/0
/spttest/mixed_1M_2bx,bcd,1048576,0/0
/spttest/mixed_1M_2by,bce,1048576,0/0
/spttest/mixed_1M_2bz,bcf,1048576,0/0
/spttest/mixed_1M_2c0,bd0,1048576,0/0
/spttest/mixed_1M_2c1,bd1,1048576,0/0
/spttest/mixed_1M_2c2,bd2,1048576,0/0
/spttest/mixed_1M_2c3,bd3,1048576,0/0
/spttest/mixed_1M_2c4,bd4,1048576,0/0
/spttest/mixed_1M_2c5,bd5,1048576,0/0
/spttest/mixed_1M_2c6,bd6,1048576,0/0
/spttest/mixed_1M_2c7,bd7,1048576,0/0
/spttest/mixed_1M_2c8,bd8,1048576,0/0
/spttest/mixed_1M_2c9,bd9,1048576,0/0
/spttest/mixed_1M_2ca,bda,1048576,0/0
/spttest/mixed_1M_2cb,bdb,1048576,0/0
/spttest/mixed_1M_2cc,bdc,1048576,0/0
/spttest/mixed_1M_2cd,bdd,1048576,0/0
/spttest/mixed_1M_2ce,bde,1048576,0/0
/spttest/mixed_1M_2cf,bdf,1048576,0/0
/spttest/mixed_1M_2cg,be0,1048576,0/0
/spttest/mixed_1M_2ch,be1,1048576,0/0
/spttest/mixed_1M_2ci,be2,1048576,0/0
/spttest/mixed_1M_2cj,be3,1048576,0/0
/spttest/mixed_1M_2ck,be4,1048576,0/0
/spttest/mixed_1M_2cl,be5,1048576,0/0
/spttest/mixed_1M_2cm,be6,1048576,0/0
/spttest/mixed_1M_2cn,be7,1048576,0/0
/spttest/mixed_1M_2co,be8,1048576,0/0
/spttest/mixed_1M_2cp,be9,1048576,0/0
/spttest/mixed_1M_2cq,bea,1048576,0/0
/spttest/mixed_1M_2cr,beb,1048576,0/0
/spttest/mixed_1M_2cs,bec,1048576,0/0
/spttest/mixed_1M_2ct,bed,1048576,0/0
/spttest/mixed_1M_2cu,bee,1048576,0/0
/spttest/mixed_1M_2cv,bef,1048576,0/0
/spttest/mixed_1M_2cw,bf0,1048576,0/0
/spttest/mixed_1M_2cx,bf1,1048576,0/0
/spttest/mixed_1M_2cy,bf2,1048576,0/0
/spttest/mixed_1M_2cz,bf3,1048576,0/0
/spttest/mixed_1M_2d0,bf4,1048576,0/0
/spttest/mixed_1M_2d1,bf5,1048576,0/0
/spttest/mixed_1M_2d2,bf6,1048576,0/0
/spttest/mixed_1M_2d3,bf7,1048576,0/0
/spttest/mixed_1M_2d4,bf8,1048576,0/0
/spttest/mixed_1M_2d5,bf9,1048576,0/0
/spttest/mixed_1M_2d6,bfa,1048576,0/0
/spttest/mixed_1M_2d7,bfb,1048576,0/0
/spttest/mixed_1M_2d8,bfc,1048576,0/0
/spttest/mixed_1M_2d9,bfd,1048576,0/0
/spttest/mixed_1M_2da,bfe,1048576,0/0
/spttest/mixed_1M_2db,bff,1048576,0/0
/spttest/mixed_1M_2dc,c00,1048576,0/0
/spttest/mixed_1M_2dd,c01,1048576,0/0
/spttest/mixed_1M_2de,c02,1048576,0/0
/spttest/mixed_1M_2df,c03,1048576,0/0
/spttest/mixed_1M_2dg,c04,1048576,0/0
/spttest/mixed_1M_2dh,c05,1048576,0/0
/spttest/mixed_1M_2di,c06,1048576,0/0
/spttest/mixed_1M_2dj,c07,1048576,0/0
/spttest/mixed_1M_2dk,c08,1048576,0/0
/spttest/mixed_1M_2dl,c09,1048576,0/0
/spttest/mixed_1M_2dm,c0a,1048576,0/0
/spttest/mixed_1M_2dn,c0b,1048576,0/0
/spttest/mixed_1M_2do,c0c,1048576,0/0
/spttest/mixed_1M_2dp,c0d,1048576,0/0
/spttest/mixed_1M_2dq,c0e,1048576,0/0
/spttest/mixed_1M_2dr,c0f,1048576,0/0
/spttest/mixed_1M_2ds,c10,1048576,0/0
/spttest/mixed_1M_2dt,c11,1048576,0/0
/spttest/mixed_1M_2du,c12,1048576,0/0
/spttest/mixed_1M_2dv,c13,1048576,0/0
/spttest/mixed_1M_2dw,c14,1048576,0/0
/spttest/mixed_1M_2dx,c15,1048576,0/0
/spttest/mixed_1M_2dy,c16,1048576,0/0
/spttest/mixed_1M_2dz,c17,1048576,0/0
/spttest/mixed_1M_2e0,c18,1048576,0/0
/spttest/mixed_1M_2e1,c19,1048576,0/0
/spttest/mixed_1M_2e2,c1a,1048576,0/0
/spttest/mixed_1M_2e3,c1b,1048576,0/0
/spttest/mixed_1M_2e4,c1c,1048576,0/0
/spttest/mixed_1M_2e5,c1d,1048576,0/0
/spttest/mixed_1M_2e6,c1e,1048576,0/0
/spttest/mixed_1M_2e7,c1f,1048576,0/0
/spttest/mixed_1M_2e8,c20,1048576,0/0
/spttest/mixed_1M_2e9,c21,1048576,0/0
/spttest/mixed_1M_2ea,c22,1048576,0/0
/spttest/mixed_1M_2eb,c23,1048576,0/0
/spttest/mixed_1M_2ec,c24,1048576,0/0
/spttest/mixed_1M_2ed,c25,1048576,0/0
/spttest/mixed_1M_2ee,c26,1048576,0/0
/spttest/mixed_1M_2ef,c27,1048576,0/0
/spttest/mixed_1M_2eg,c28,1048576,0/0
/spttest/mixed_1M_2eh,c29,1048576,0/0
/spttest/mixed_1M_2ei,c2a,1048576,0/0
/spttest/mixed_1M_2ej,c2b,1048576,0/0
/spttest/mixed_1M_2ek,c2c,1048576,0/0
/spttest/mixed_1M_2el,c2d,1048576,0/0
/spttest/mixed_1M_2em,c2e,1048576,0/0
/spttest/mixed_1M_2en,c2f,1048576,0/0
/spttest/mixed_1M_2eo,c30,1048576,0/0
/spttest/mixed_1M_2ep,c31,1048576,0/0
/spttest/mixed_1M_2eq,c32,1048576,0/0
/spttest/mixed_1M_2er,c33,1048576,0/0
/spttest/mixed_1M_2es,c34,1048576,0/0
/spttest/mixed_1M_2et,c35,1048576,0/0
/spttest/mixed_1M_2eu,c36,1048576,0/0
/spttest/mixed_1M_2ev,c37,1048576,0/0
/spttest/mixed_1M_2ew,c38,1048576,0/0
/spttest/mixed_1M_2ex,c39,1048576,0/0
/spttest/mixed_1M_2ey,c3a,1048576,0/0
/spttest/mixed_1M_2ez,c3b,1048576,0/0
/spttest/mixed_1M_2f0,c3c,1048576,0/0
/spttest/mixed_1M_2f1,c3d,1048576,0/0
/spttest/mixed_1M_2f2,c3e,1048576,0/0
/spttest/mixed_1M_2f3,c3f,1048576,0/0
/spttest/mixed_1M_2f4,c40,1048576,0/0
/spttest/mixed_1M_2f5,c41,1048576,0/0
/spttest/mixed_1M_2f6,c42,1048576,0/0
/spttest/mixed_1M_2f7,c43,1048576,0/0
/spttest/mixed_1M_2f8,c44,1048576,0/0
/spttest/mixed_1M_2f9,c45,1048576,0/0
/spttest/mixed_1M_2fa,c46,1048576,0/0
/spttest/mixed_1M_2fb,c47,1048576,0/0
/spttest/mixed_1M_2fc,c48,1048576,0/0
/spttest/mixed_1M_2fd,c49,1048576,0/0
/spttest/mixed_1M_2fe,c4a,1048576,0/0
/spttest/mixed_1M_2ff,c4b,1048576,0/0
/spttest/mixed_1M_2fg,c4c,1048576,0/0
/spttest/mixed_1M_2fh,c4d,1048576,0/0
/spttest/mixed_1M_2fi,c4e,1048576,0/0
/spttest/mixed_1M_2fj,c4f,1048576,0/0
/spttest/mixed_1M_2fk,c50,1048576,0/0
/spttest/mixed_1M_2fl,c51,1048576,0/0
/spttest/mixed_1M_2fm,c52,1048576,0/0
/spttest/mixed_1M_2fn,c53,1048576,0/0
/spttest/mixed_1M_2fo,c54,1048576,0/0
/spttest/mixed_1M_2fp,c55,1048576,0/0
/spttest/mixed_1M_2fq,c56,1048576,0/0
/spttest/mixed_1M_2fr,c57,1048576,0/0
/spttest/mixed_1M_2fs,c58,1048576,0/0
/spttest/mixed_1M_2ft,c59,1048576,0/0
/spttest/mixed_1M_2fu,c5a,1048576,0/0
/spttest/mixed_1M_2fv,c5b,1048576,0/0
/spttest/mixed_1M_2fw,c5c,1048576,0/0
/spttest/mixed_1M_2fx,c5d,1048576,0/0
/spttest/mixed_1M_2fy,c5e,1048576,0/0
/spttest/mixed_1M_2fz,c5f,1048576,0/0
/spttest/mixed_1M_2g0,c60,1048576,0/0
/spttest/mixed_1M_2g1,c61,1048576,0/0
/spttest/mixed_1M_2g2,c62,1048576,0/0
/spttest/mixed_1M_2g3,c63,1048576,0/0
/spttest/mixed_1M_2g4,c64,1048576,0/0
/spttest/mixed_1M_2g5,c65,1048576,0/0
/spttest/mixed_1M_2g6,c66,1048576,0/0
/spttest/mixed_1M_2g7,c67,1048576,0/0
/spttest/mixed_1M_2g8,c68,1048576,0/0
/spttest/mixed_1M_2g9,c69,1048576,0/0
/spttest/mixed_1M_2ga,c6a,1048576,0/0
/spttest/mixed_1M_2gb,c6b,1048576,0/0
/spttest/mixed_1M_2gc,c6c,1048576,0/0
/spttest/mixed_1M_2gd,c6d,1048576,0/0
/spttest/mixed_1M_2ge,c6e,1048576,0/0
/spttest/mixed_1M_2gf,c6f,1048576,0/0
/spttest/mixed_1M_2gg,c70,1048576,0/0
/spttest/mixed_1M_2gh,c71,1048576,0/0
/spttest/mixed_1M_2gi,c72,1048576,0/0
/spttest/mixed_1M_2gj,c73,1048576,0/0
/spttest/mixed_1M_2gk,c74,1048576,0/0
/spttest/mixed_1M_2gl,c75,1048576,0/0
/spttest/mixed_1M_2gm,c76,1048576,0/0
/spttest/mixed_1M_2gn,c77,1048576,0/0
/spttest/mixed_1M_2go,c78,1048576,0/0
/spttest/mixed_1M_2gp,c79,1048576,0/0
/spttest/mixed_1M_2gq,c7a,1048576,0/0
/spttest/mixed_1M_2gr,c7b,1048576,0/0
/spttest/mixed_1M_2gs,c7c,1048576,0/0
/spttest/mixed_1M_2gt,c7d,1048576,0/0
/spttest/mixed_1M_2gu,c7e,1048576,0/0
/spttest/mixed_1M_2gv,c7f,1048576,0/0
/spttest/mixed_1M_2gw,c80,1048576,0/0
/spttest/mixed_1M_2gx,c81,1048576,0/0
/spttest/mixed_1M_2gy,c82,1048576,0/0
/spttest/mixed_1M_2gz,c83,1048576,0/0
/spttest/mixed_1M_2h0,c84,1048576,0/0
/spttest/mixed_1M_2h1,c85,1048576,0/0
/spttest/mixed_1M_2h2,c86,1048576,0/0
/spttest/mixed_1M_2h3,c87,1048576,0/0
/spttest/mixed_1M_2h4,c88,1048576,0/0
/spttest/mixed_1M_2h5,c89,1048576,0/0
/spttest/mixed_1M_2h6,c8a,1048576,0/0
/spttest/mixed_1M_2h7,c8b,1048576,0/0
/spttest/mixed_1M_2h8,c8c,1048576,0/0
/spttest/mixed_1M_2h9,c8d,1048576,0/0
/spttest/mixed_1M_2ha,c8e,1048576,0/0
/spttest/mixed_1M_2hb,c8f,1048576,0/0
/spttest/mixed_1M_2hc,c90,1048576,0/0
/spttest/mixed_1M_2hd,c91,1048576,0/0
/spttest/mixed_1M_2he,c92,1048576,0/0
/spttest/mixed_1M_2hf,c93,1048576,0/0
/spttest/mixed_1M_2hg,c94,1048576,0/0
/spttest/mixed_1M_2hh,c95,1048576,0/0
/spttest/mixed_1M_2hi,c96,1048576,0/0
/spttest/mixed_1M_2hj,c97,1048576,0/0
/spttest/mixed_1M_2hk,c98,1048576,0/0
/spttest/mixed_1M_2hl,c99,1048576,0/0
/spttest/mixed_1M_2hm,c9a,1048576,0/0
/spttest/mixed_1M_2hn,c9b,1048576,0/0
/spttest/mixed_1M_2ho,c9c,1048576,0/0
/spttest/mixed_1M_2hp,c9d,1048576,0/0
/spttest/mixed_1M_2hq,c9e,1048576,0/0
/spttest/mixed_1M_2hr,c9f,1048576,0/0
/spttest/mixed_1M_2hs,ca0,1048576,0/0
/spttest/mixed_1M_2ht,ca1,1048576,0/0
/spttest/mixed_1M_2hu,ca2,1048576,0/0
/spttest/mixed_1M_2hv,ca3,1048576,0/0
/spttest/mixed_1M_2hw,ca4,1048576,0/0
/spttest/mixed_1M_2hx,ca5,1048576,0/0
/spttest/mixed_1M_2hy,ca6,1048576,0/0
/spttest/mixed_1M_2hz,ca7,1048576,0/0
/spttest/mixed_1M_2i0,ca8,1048576,0/0
/spttest/mixed_1M_2i1,ca9,1048576,0/0
/spttest/mixed_1M_2i2,caa,1048576,0/0
/spttest/mixed_1M_2i3,cab,1048576,0/0
/spttest/mixed_1M_2i4,cac,1048576,0/0
/spttest/mixed_1M_2i5,cad,1048576,0/0
/spttest/mixed_1M_2i6,cae,1048576,0/0
/spttest/mixed_1M_2i7,caf,1048576,0/0
/spttest/mixed_1M_2i8,cb0,1048576,0/0
/spttest/mixed_1M_2i9,cb1,1048576,0/0
/spttest/mixed_1M_2ia,cb2,1048576,0/0
/spttest/mixed_1M_2ib,cb3,1048576,0/0
/spttest/mixed_1M_2ic,cb4,1048576,0/0
/spttest/mixed_1M_2id,cb5,1048576,0/0
/spttest/mixed_1M_2ie,cb6,1048576,0/0
/spttest/mixed_1M_2if,cb7,1048576,0/0
/spttest/mixed_1M_2ig,cb8,1048576,0/0
/spttest/mixed_1M_2ih,cb9,1048576,0/0
/spttest/mixed_1M_2ii,cba,1048576,0/0
/spttest/mixed_1M_2ij,cbb,1048576,0/0
/spttest/mixed_1M_2ik,cbc,1048576,0/0
/spttest/mixed_1M_2il,cbd,1048576,0/0
/spttest/mixed_1M_2im,cbe,1048576,0/0
/spttest/mixed_1M_2in,cbf,1048576,0/0
/spttest/mixed_1M_2io,cc0,1048576,0/0
/spttest/mixed_1M_2ip,cc1,1048576,0/0
/spttest/mixed_1M_2iq,cc2,1048576,0/0
/spttest/mixed_1M_2ir,cc3,1048576,0/0
/spttest/mixed_1M_2is,cc4,1048576,0/0
/spttest/mixed_1M_2it,cc5,1048576,0/0
/spttest/mixed_1M_2iu,cc6,1048576,0/0
/spttest/mixed_1M_2iv,cc7,1048576,0/0
/spttest/mixed_1M_2iw,cc8,1048576,0/0
/spttest/mixed_1M_2ix,cc9,1048576,0/0
/spttest/mixed_1M_2iy,cca,1048576,0/0
/spttest/mixed_1M_2iz,ccb,1048576,0/0
/spttest/mixed_1M_2j0,ccc,1048576,0/0
/spttest/mixed_1M_2j1,ccd,1048576,0/0
/spttest/mixed_1M_2j2,cce,1048576,0/0
/spttest/mixed_1M_2j3,ccf,1048576,0/0
/spttest/mixed_1M_2j4,cd0,1048576,0/0
/spttest/mixed_1M_2j5,cd1,1048576,0/0
/spttest/mixed_1M_2j6,cd2,1048576,0/0
/spttest/mixed_1M_2j7,cd3,1048576,0/0
/spttest/mixed_1M_2j8,cd4,1048576,0/0
/spttest/mixed_1M_2j9,cd5,1048576,0/0
/spttest/mixed_1M_2ja,cd6,1048576,0/0
/spttest/mixed_1M_2jb,cd7,1048576,0/0
/spttest/mixed_1M_2jc,cd8,1048576,0/0
/spttest/mixed_1M_2jd,cd9,1048576,0/0
/spttest/mixed_1M_2je,cda,1048576,0/0
/spttest/mixed_1M_2jf,cdb,1048576,0/0
/spttest/mixed_1M_2jg,cdc,1048576,0/0
/spttest/mixed_1M_2jh,cdd,1048576,0/0
/spttest/mixed_1M_2ji,cde,1048576,0/0
/spttest/mixed_1M_2jj,cdf,1048576,0/0
/spttest/mixed_1M_2jk,ce0,1048576,0/0
/spttest/mixed_1M_2jl,ce1,1048576,0/0
/spttest/mixed_1M_2jm,ce2,1048576,0/0
/spttest/mixed_1M_2jn,ce3,1048576,0/0
/spttest/mixed_1M_2jo,ce4,1048576,0/0
/spttest/mixed_1M_2jp,ce5,1048576,0/0
/spttest/mixed_1M_2jq,ce6,1048576,0/0
/spttest/mixed_1M_2jr,ce7,1048576,0/0
/spttest/mixed_1M_2js,ce8,1048576,0/0
/spttest/mixed_1M_2jt,ce9,1048576,0/0
/spttest/mixed_1M_2ju,cea,1048576,0/0
/spttest/mixed_1M_2jv,ceb,1048576,0/0
/spttest/mixed_1M_2jw,cec,1048576,0/0
/spttest/mixed_1M_2jx,ced,1048576,0/0
/spttest/mixed_1M_2jy,cee,1048576,0/0
/spttest/mixed_1M_2jz,cef,1048576,0/0
/spttest/mixed_1M_2k0,cf0,1048576,0/0
/spttest/mixed_1M_2k1,cf1,1048576,0/0
/spttest/mixed_1M_2k2,cf2,1048576,0/0
/spttest/mixed_1M_2k3,cf3,1048576,0/0
/spttest/mixed_1M_2k4,cf4,1048576,0/0
/spttest/mixed_1M_2k5,cf5,1048576,0/0
/spttest/mixed_1M_2k6,cf6,1048576,0/0
/spttest/mixed_1M_2k7,cf7,1048576,0/0
/spttest/mixed_1M_2k8,cf8,1048576,0/0
/spttest/mixed_1M_2k9,cf9,1048576,0/0
/spttest/mixed_1M_2ka,cfa,1048576,0/0
/spttest/mixed_1M_2kb,cfb,1048576,0/0
/spttest/mixed_1M_2kc,cfc,1048576,0/0
/spttest/mixed_1M_2kd,cfd,1048576,0/0
/spttest/mixed_1M_2ke,cfe,1048576,0/0
/spttest/mixed_1M_2kf,cff,1048576,0/0
/spttest/mixed_1M_2kg,d00,1048576,0/0
/spttest/mixed_1M_2kh,d01,1048576,0/0
/spttest/mixed_1M_2ki,d02,1048576,0/0
/spttest/mixed_1M_2kj,d03,1048576,0/0
/spttest/mixed_1M_2kk,d04,1048576,0/0
/spttest/mixed_1M_2kl,d05,1048576,0/0
/spttest/mixed_1M_2km,d06,1048576,0/0
/spttest/mixed_1M_2kn,d07,1048576,0/0
/spttest/mixed_1M_2ko,d08,1048576,0/0
/spttest/mixed_1M_2kp,d09,1048576,0/0
/spttest/mixed_1M_2kq,d0a,1048576,0/0
/spttest/mixed_1M_2kr,d0b,1048576,0/0
/spttest/mixed_1M_2ks,d0c,1048576,0/0
/spttest/mixed_1M_2kt,d0d,1048576,0/0
/spttest/mixed_1M_2ku,d0e,1048576,0/0
/spttest/mixed_1M_2kv,d0f,1048576,0/0
/spttest/mixed_1M_2kw,d10,1048576,0/0
/spttest/mixed_1M_2kx,d11,1048576,0/0
/spttest/mixed_1M_2ky,d12,1048576,0/0
/spttest/mixed_1M_2kz,d13,1048576,0/0
/spttest/mixed_1M_2l0,d14,1048576,0/0
/spttest/mixed_1M_2l1,d15,1048576,0/0
/spttest/mixed_1M_2l2,d16,1048576,0/0
/spttest/mixed_1M_2l3,d17,1048576,0/0
/spttest/mixed_1M_2l4,d18,1048576,0/0
/spttest/mixed_1M_2l5,d19,1048576,0/0
/spttest/mixed_1M_2l6,d1a,1048576,0/0
/spttest/mixed_1M_2l7,d1b,1048576,0/0
/spttest/mixed_1M_2l8,d1c,1048576,0/0
/spttest/mixed_1M_2l9,d1d,1048576,0/0
/spttest/mixed_1M_2la,d1e,1048576,0/0
/spttest/mixed_1M_2lb,d1f,1048576,0/0
/spttest/mixed_1M_2lc,d20,1048576,0/0
/spttest/mixed_1M_2ld,d21,1048576,0/0
/spttest/mixed_1M_2le,d22,1048576,0/0
/spttest/mixed_1M_2lf,d23,1048576,0/0
/spttest/mixed_1M_2lg,d24,1048576,0/0
/spttest/mixed_1M_2lh,d25,1048576,0/0
/spttest/mixed_1M_2li,d26,1048576,0/0
/spttest/mixed_1M_2lj,d27,1048576,0/0
/spttest/mixed_1M_2lk,d28,1048576,0/0
/spttest/mixed_1M_2ll,d29,1048576,0/0
/spttest/mixed_1M_2lm,d2a,1048576,0/0
/spttest/mixed_1M_2ln,d2b,1048576,0/0
/spttest/mixed_1M_2lo,d2c,1048576,0/0
/spttest/mixed_1M_2lp,d2d,1048576,0/0
/spttest/mixed_1M_2lq,d2e,1048576,0/0
/spttest/mixed_1M_2lr,d2f,1048576,0/0
/spttest/mixed_1M_2ls,d30,1048576,0/0
/spttest/mixed_1M_2lt,d31,1048576,0/0
/spttest/mixed_1M_2lu,d32,1048576,0/0
/spttest/mixed_1M_2lv,d33,1048576,0/0
/spttest/mixed_1M_2lw,d34,1048576,0/0
/spttest/mixed_1M_2lx,d35,1048576,0/0
/spttest/mixed_1M_2ly,d36,1048576,0/0
/spttest/mixed_1M_2lz,d37,1048576,0/0
/spttest/mixed_1M_2m0,d38,1048576,0/0
/spttest/mixed_1M_2m1,d39,1048576,0/0
/spttest/mixed_1M_2m2,d3a,1048576,0/0
/spttest/mixed_1M_2m3,d3b,1048576,0/0
/spttest/mixed_1M_2m4,d3c,1048576,0/0
/spttest/mixed_1M_2m5,d3d,1048576,0/0
/spttest/mixed_1M_2m6,d3e,1048576,0/0
/spttest/mixed_1M_2m7,d3f,1048576,0/0
/spttest/mixed_1M_2m8,d40,1048576,0/0
/spttest/mixed_1M_2m9,d41,1048576,0/0
/spttest/mixed_1M_2ma,d42,1048576,0/0
/spttest/mixed_1M_2mb,d43,1048576,0/0
/spttest/mixed_1M_2mc,d44,1048576,0/0
/spttest/mixed_1M_2md,d45,1048576,0/0
/spttest/mixed_1M_2me,d46,1048576,0/0
/spttest/mixed_1M_2mf,d47,1048576,0/0
/spttest/mixed_1M_2mg,d48,1048576,0/0
/spttest/mixed_1M_2mh,d49,1048576,0/0
/spttest/mixed_1M_2mi,d4a,1048576,0/0
/spttest/mixed_1M_2mj,d4b,1048576,0/0
/spttest/mixed_1M_2mk,d4c,1048576,0/0
/spttest/mixed_1M_2ml,d4d,1048576,0/0
/spttest/mixed_1M_2mm,d4e,1048576,0/0
/spttest/mixed_1M_2mn,d4f,1048576,0/0
/spttest/mixed_1M_2mo,d50,1048576,0/0
/spttest/mixed_1M_2mp,d51,1048576,0/0
/spttest/mixed_1M_2mq,d52,1048576,0/0
/spttest/mixed_1M_2mr,d53,1048576,0/0
/spttest/mixed_1M_2ms,d54,1048576,0/0
/spttest/mixed_1M_2mt,d55,1048576,0/0
/spttest/mixed_1M_2mu,d56,1048576,0/0
/spttest/mixed_1M_2mv,d57,1048576,0/0
/spttest/mixed_1M_2mw,d58,1048576,0/0
/spttest/mixed_1M_2mx,d59,1048576,0/0
/spttest/mixed_1M_2my,d5a,1048576,0/0
/spttest/mixed_1M_2mz,d5b,1048576,0/0
/spttest/mixed_1M_2n0,d5c,1048576,0/0
/spttest/mixed_1M_2n1,d5d,1048576,0/0
/spttest/mixed_1M_2n2,d5e,1048576,0/0
/spttest/mixed_1M_2n3,d5f,1048576,0/0
/spttest/mixed_1M_2n4,d60,1048576,0/0
/spttest/mixed_1M_2n5,d61,1048576,0/0
/spttest/mixed_1M_2n6,d62,1048576,0/0
/spttest/mixed_1M_2n7,d63,1048576,0/0
/spttest/mixed_1M_2n8,d64,1048576,0/0
/spttest/mixed_1M_2n9,d65,1048576,0/0
/spttest/mixed_1M_2na,d66,1048576,0/0
/spttest/mixed_1M_2nb,d67,1048576,0/0
/spttest/mixed_1M_2nc,d68,1048576,0/0
/spttest/mixed_1M_2nd,d69,1048576,0/0
/spttest/mixed_1M_2ne,d6a,1048576,0/0
/spttest/mixed_1M_2nf,d6b,1048576,0/0
/spttest/mixed_1M_2ng,d6c,1048576,0/0
/spttest/mixed_1M_2nh,d6d,1048576,0/0
/spttest/mixed_1M_2ni,d6e,1048576,0/0
/spttest/mixed_1M_2nj,d6f,1048576,0/0
/spttest/mixed_1M_2nk,d70,1048576,0/0
/spttest/mixed_1M_2nl,d71,1048576,0/0
/spttest/mixed_1M_2nm,d72,1048576,0/0
/spttest/mixed_1M_2nn,d73,1048576,0/0
/spttest/mixed_1M_2no,d74,1048576,0/0
/spttest/mixed_1M_2np,d75,1048576,0/0
/spttest/mixed_1M_2nq,d76,1048576,0/0
/spttest/mixed_1M_2nr,d77,1048576,0/0
/spttest/mixed_1M_2ns,d78,1048576,0/0
/spttest/mixed_1M_2nt,d79,1048576,0/0
/spttest/mixed_1M_2nu,d7a,1048576,0/0
/spttest/mixed_1M_2nv,d7b,1048576,0/0
/spttest/mixed_1M_2nw,d7c,1048576,0/0
/spttest/mixed_1M_2nx,d7d,1048576,0/0
/spttest/mixed_1M_2ny,d7e,1048576,0/0
/spttest/mixed_1M_2nz,d7f,1048576,0/0
/spttest/mixed_1M_2o0,d80,1048576,0/0
/spttest/mixed_1M_2o1,d81,1048576,0/0
/spttest/mixed_1M_2o2,d82,1048576,0/0
/spttest/mixed_1M_2o3,d83,1048576,0/0
/spttest/mixed_1M_2o4,d84,1048576,0/0
/spttest/mixed_1M_2o5,d85,1048576,0/0
/spttest/mixed_1M_2o6,d86,1048576,0/0
/spttest/mixed_1M_2o7,d87,1048576,0/0
/spttest/mixed_1M_2o8,d88,1048576,0/0
/spttest/mixed_1M_2o9,d89,1048576,0/0
/spttest/mixed_1M_2oa,d8a,1048576,0/0
/spttest/mixed_1M_2ob,d8b,1048576,0/0
/spttest/mixed_1M_2oc,d8c,1048576,0/0
/spttest/mixed_1M_2od,d8d,1048576,0/0
/spttest/mixed_1M_2oe,d8e,1048576,0/0
/spttest/mixed_1M_2of,d8f,1048576,0/0
/spttest/mixed_1M_2og,d90,1048576,0/0
/spttest/mixed_1M_2oh,d91,1048576,0/0
/spttest/mixed_1M_2oi,d92,1048576,0/0
/spttest/mixed_1M_2oj,d93,1048576,0/0
/spttest/mixed_1M_2ok,d94,1048576,0/0
/spttest/mixed_1M_2ol,d95,1048576,0/0
/spttest/mixed_1M_2om,d96,1048576,0/0
/spttest/mixed_1M_2on,d97,1048576,0/0
/spttest/mixed_1M_2oo,d98,1048576,0/0
/spttest/mixed_1M_2op,d99,1048576,0/0
/spttest/mixed_1M_2oq,d9a,1048576,0/0
/spttest/mixed_1M_2or,d9b,1048576,0/0
/spttest/mixed_1M_2os,d9c,1048576,0/0
/spttest/mixed_1M_2ot,d9d,1048576,0/0
/spttest/mixed_1M_2ou,d9e,1048576,0/0
/spttest/mixed_1M_2ov,d9f,1048576,0/0
/spttest/mixed_1M_2ow,da0,1048576,0/0
/spttest/mixed_1M_2ox,da1,1048576,0/0
/spttest/mixed_1M_2oy,da2,1048576,0/0
/spttest/mixed_1M_2oz,da3,1048576,0/0
/spttest/mixed_1M_2p0,da4,1048576,0/0
/spttest/mixed_1M_2p1,da5,1048576,0/0
/spttest/mixed_1M_2p2,da6,1048576,0/0
/spttest/mixed_1M_2p3,da7,1048576,0/0
/spttest/mixed_1M_2p4,da8,1048576,0/0
/spttest/mixed_1M_2p5,da9,1048576,0/0
/spttest/mixed_1M_2p6,daa,1048576,0/0
/spttest/mixed_1M_2p7,dab,1048576,0/0
/spttest/mixed_1M_2p8,dac,1048576,0/0
/spttest/mixed_1M_2p9,dad,1048576,0/0
/spttest/mixed_1M_2pa,dae,1048576,0/0
/spttest/mixed_1M_2pb,daf,1048576,0/0
/spttest/mixed_1M_2pc,db0,1048576,0/0
/spttest/mixed_1M_2pd,db1,1048576,0/0
/spttest/mixed_1M_2pe,db2,1048576,0/0
/spttest/mixed_1M_2pf,db3,1048576,0/0
/spttest/mixed_1M_2pg,db4,1048576,0/0
/spttest/mixed_1M_2ph,db5,1048576,0/0
/spttest/mixed_1M_2pi,db6,1048576,0/0
/spttest/mixed_1M_2pj,db7,1048576,0/0
/spttest/mixed_1M_2pk,db8,1048576,0/0
/spttest/mixed_1M_2pl,db9,1048576,0/0
/spttest/mixed_1M_2pm,dba,1048576,0/0
/spttest/mixed_1M_2pn,dbb,1048576,0/0
/spttest/mixed_1M_2po,dbc,1048576,0/0
/spttest/mixed_1M_2pp,dbd,1048576,0/0
/spttest/mixed_1M_2pq,dbe,1048576,0/0
/spttest/mixed_1M_2pr,dbf,1048576,0/0
/spttest/mixed_1M_2ps,dc0,1048576,0/0
/spttest/mixed_1M_2pt,dc1,1048576,0/0
/spttest/mixed_1M_2pu,dc2,1048576,0/0
/spttest/mixed_1M_2pv,dc3,1048576,0/0
/spttest/mixed_1M_2pw,dc4,1048576,0/0
/spttest/mixed_1M_2px,dc5,1048576,0/0
/spttest/mixed_1M_2py,dc6,1048576,0/0
/spttest/mixed_1M_2pz,dc7,1048576,0/0
/spttest/mixed_1M_2q0,dc8,1048576,0/0
/spttest/mixed_1M_2q1,dc9,1048576,0/0
/spttest/mixed_1M_2q2,dca,1048576,0/0
/spttest/mixed_1M_2q3,dcb,1048576,0/0
/spttest/mixed_1M_2q4,dcc,1048576,0/0
/spttest/mixed_1M_2q5,dcd,1048576,0/0
/spttest/mixed_1M_2q6,dce,1048576,0/0
/spttest/mixed_1M_2q7,dcf,1048576,0/0
/spttest/mixed_1M_2q8,dd0,1048576,0/0
/spttest/mixed_1M_2q9,dd1,1048576,0/0
/spttest/mixed_1M_2qa,dd2,1048576,0/0
/spttest/mixed_1M_2qb,dd3,1048576,0/0
/spttest/mixed_1M_2qc,dd4,1048576,0/0
/spttest/mixed_1M_2qd,dd5,1048576,0/0
/spttest/mixed_1M_2qe,dd6,1048576,0/0
/spttest/mixed_1M_2qf,dd7,1048576,0/0
/spttest/mixed_1M_2qg,dd8,1048576,0/0
/spttest/mixed_1M_2qh,dd9,1048576,0/0
/spttest/mixed_1M_2qi,dda,1048576,0/0
/spttest/mixed_1M_2qj,ddb,1048576,0/0
/spttest/mixed_1M_2qk,ddc,1048576,0/0
/spttest/mixed_1M_2ql,ddd,1048576,0/0
/spttest/mixed_1M_2qm,dde,1048576,0/0
/spttest/mixed_1M_2qn,ddf,1048576,0/0
/spttest/mixed_1M_2qo,de0,1048576,0/0
/spttest/mixed_1M_2qp,de1,1048576,0/0
/spttest/mixed_1M_2qq,de2,1048576,0/0
/spttest/mixed_1M_2qr,de3,1048576,0/0
/spttest/mixed_1M_2qs,de4,1048576,0/0
/spttest/mixed_1M_2qt,de5,1048576,0/0
/spttest/mixed_1M_2qu,de6,1048576,0/0
/spttest/mixed_1M_2qv,de7,1048576,0/0
/spttest/mixed_1M_2qw,de8,1048576,0/0
/spttest/mixed_1M_2qx,de9,1048576,0/0
/spttest/mixed_1M_2qy,dea,1048576,0/0
/spttest/mixed_1M_2qz,deb,1048576,0/0
/spttest/mixed_1M_2r0,dec,1048576,0/0
/spttest/mixed_1M_2r1,ded,1048576,0/0
/spttest/mixed_1M_2r2,dee,1048576,0/0
/spttest/mixed_1M_2r3,def,1048576,0/0
/spttest/mixed_1M_2r4,df0,1048576,0/0
/spttest/mixed_1M_2r5,df1,1048576,0/0
/spttest/mixed_1M_2r6,df2,1048576,0/0
/spttest/mixed_1M_2r7,df3,1048576,0/0
/spttest/mixed_1M_2r8,df4,1048576,0/0
/spttest/mixed_1M_2r9,df5,1048576,0/0
/spttest/mixed_1M_2ra,df6,1048576,0/0
/spttest/mixed_1M_2rb,df7,1048576,0/0
/spttest/mixed_1M_2rc,df8,1048576,0/0
/spttest/mixed_1M_2rd,df9,1048576,0/0
/spttest/mixed_1M_2re,dfa,1048576,0/0
/spttest/mixed_1M_2rf,dfb,1048576,0/0
/spttest/mixed_1M_2rg,dfc,1048576,0/0
/spttest/mixed_1M_2rh,dfd,1048576,0/0
/spttest/mixed_1M_2ri,dfe,1048576,0/0
/spttest/mixed_1M_2rj,dff,1048576,0/0
/spttest/mixed_1M_2rk,e00,1048576,0/0
/spttest/mixed_1M_2rl,e01,1048576,0/0
/spttest/mixed_1M_2rm,e02,1048576,0/0
/spttest/mixed_1M_2rn,e03,1048576,0/0
/spttest/mixed_1M_2ro,e04,1048576,0/0
/spttest/mixed_1M_2rp,e05,1048576,0/0
/spttest/mixed_1M_2rq,e06,1048576,0/0
/spttest/mixed_1M_2rr,e07,1048576,0/0
/spttest/mixed_1M_2rs,e08,1048576,0/0
/spttest/mixed_1M_2rt,e09,1048576,0/0
/spttest/mixed_1M_2ru,e0a,1048576,0/0
/spttest/mixed_1M_2rv,e0b,1048576,0/0
/spttest/mixed_1M_2rw,e0c,1048576,0/0
/spttest/mixed_1M_2rx,e0d,1048576,0/0
/spttest/mixed_1M_2ry,e0e,1048576,0/0
/spttest/mixed_1M_2rz,e0f,1048576,0/0
/spttest/mixed_1M_2s0,e10,1048576,0/0
/spttest/mixed_1M_2s1,e11,1048576,0/0
/spttest/mixed_1M_2s2,e12,1048576,0/0
/spttest/mixed_1M_2s3,e13,1048576,0/0
/spttest/mixed_1M_2s4,e14,1048576,0/0
/spttest/mixed_1M_2s5,e15,1048576,0/0
/spttest/mixed_1M_2s6,e16,1048576,0/0
/spttest/mixed_1M_2s7,e17,1048576,0/0
/spttest/mixed_1M_2s8,e18,1048576,0/0
/spttest/mixed_1M_2s9,e19,1048576,0/0
/spttest/mixed_1M_2sa,e1a,1048576,0/0
/spttest/mixed_1M_2sb,e1b,1048576,0/0
/spttest/mixed_1M_2sc,e1c,1048576,0/0
/spttest/mixed_1M_2sd,e1d,1048576,0/0
/spttest/mixed_1M_2se,e1e,1048576,0/0
/spttest/mixed_1M_2sf,e1f,1048576,0/0
/spttest/mixed_1M_2sg,e20,1048576,0/0
/spttest/mixed_1M_2sh,e21,1048576,0/0
/spttest/mixed_1M_2si,e22,1048576,0/0
/spttest/mixed_1M_2sj,e23,1048576,0/0
/spttest/mixed_1M_2sk,e24,1048576,0/0
/spttest/mixed_1M_2sl,e25,1048576,0/0
/spttest/mixed_1M_2sm,e26,1048576,0/0
/spttest/mixed_1M_2sn,e27,1048576,0/0
/spttest/mixed_1M_2so,e28,1048576,0/0
/spttest/mixed_1M_2sp,e29,1048576,0/0
/spttest/mixed_1M_2sq,e2a,1048576,0/0
/spttest/mixed_1M_2sr,e2b,1048576,0/0
/spttest/mixed_1M_2ss,e2c,1048576,0/0
/spttest/mixed_1M_2st,e2d,1048576,0/0
/spttest/mixed_1M_2su,e2e,1048576,0/0
/spttest/mixed_1M_2sv,e2f,1048576,0/0
/spttest/mixed_1M_2sw,e30,1048576,0/0
/spttest/mixed_1M_2sx,e31,1048576,0/0
/spttest/mixed_1M_2sy,e32,1048576,0/0
/spttest/mixed_1M_2sz,e33,1048576,0/0
/spttest/mixed_1M_2t0,e34,1048576,0/0
/spttest/mixed_1M_2t1,e35,1048576,0/0
/spttest/mixed_1M_2t2,e36,1048576,0/0
/spttest/mixed_1M_2t3,e37,1048576,0/0
/spttest/mixed_1M_2t4,e38,1048576,0/0
/spttest/mixed_1M_2t5,e39,1048576,0/0
/spttest/mixed_1M_2t6,e3a,1048576,0/0
/spttest/mixed_1M_2t7,e3b,1048576,0/0
/spttest/mixed_1M_2t8,e3c,1048576,0/0
/spttest/mixed_1M_2t9,e3d,1048576,0/0
/spttest/mixed_1M_2ta,e3e,1048576,0/0
/spttest/mixed_1M_2tb,e3f,1048576,0/0
/spttest/mixed_1M_2tc,e40,1048576,0/0
/spttest/mixed_1M_2td,e41,1048576,0/0
/spttest/mixed_1M_2te,e42,1048576,0/0
/spttest/mixed_1M_2tf,e43,1048576,0/0
/spttest/mixed_1M_2tg,e44,1048576,0/0
/spttest/mixed_1M_2th,e45,1048576,0/0
/spttest/mixed_1M_2ti,e46,1048576,0/0
/spttest/mixed_1M_2tj,e47,1048576,0/0
/spttest/mixed_1M_2tk,e48,1048576,0/0
/spttest/mixed_1M_2tl,e49,1048576,0/0
/spttest/mixed_1M_2tm,e4a,1048576,0/0
/spttest/mixed_1M_2tn,e4b,1048576,0/0
/spttest/mixed_1M_2to,e4c,1048576,0/0
/spttest/mixed_1M_2tp,e4d,1048576,0/0
/spttest/mixed_1M_2tq,e4e,1048576,0/0
/spttest/mixed_1M_2tr,e4f,1048576,0/0
/spttest/mixed_1M_2ts,e50,1048576,0/0
/spttest/mixed_1M_2tt,e51,1048576,0/0
/spttest/mixed_1M_2tu,e52,1048576,0/0
/spttest/mixed_1M_2tv,e53,1048576,0/0
/spttest/mixed_1M_2tw,e54,1048576,0/0
/spttest/mixed_1M_2tx,e55,1048576,0/0
/spttest/mixed_1M_2ty,e56,1048576,0/0
/spttest/mixed_1M_2tz,e57,1048576,0/0
/spttest/mixed_1M_2u0,e58,1048576,0/0
/spttest/mixed_1M_2u1,e59,1048576,0/0
/spttest/mixed_1M_2u2,e5a,1048576,0/0
/spttest/mixed_1M_2u3,e5b,1048576,0/0
/spttest/mixed_1M_2u4,e5c,1048576,0/0
/spttest/mixed_1M_2u5,e5d,1048576,0/0
/spttest/mixed_1M_2u6,e5e,1048576,0/0
/spttest/mixed_1M_2u7,e5f,1048576,0/0
/spttest/mixed_1M_2u8,e60,1048576,0/0
/spttest/mixed_1M_2u9,e61,1048576,0/0
/spttest/mixed_1M_2ua,e62,1048576,0/0
/spttest/mixed_1M_2ub,e63,1048576,0/0
/spttest/mixed_1M_2uc,e64,1048576,0/0
/spttest/mixed_1M_2ud,e65,1048576,0/0
/spttest/mixed_1M_2ue,e66,1048576,0/0
/spttest/mixed_1M_2uf,e67,1048576,0/0
/spttest/mixed_1M_2ug,e68,1048576,0/0
/spttest/mixed_1M_2uh,e69,1048576,0/0
/spttest/mixed_1M_2ui,e6a,1048576,0/0
/spttest/mixed_1M_2uj,e6b,1048576,0/0
/spttest/mixed_1M_2uk,e6c,1048576,0/0
/spttest/mixed_1M_2ul,e6d,1048576,0/0
/spttest/mixed_1M_2um,e6e,1048576,0/0
/spttest/mixed_1M_2un,e6f,1048576,0/0
/spttest/mixed_1M_2uo,e70,1048576,0/0
/spttest/mixed_1M_2up,e71,1048576,0/0
/spttest/mixed_1M_2uq,e72,1048576,0/0
/spttest/mixed_1M_2ur,e73,1048576,0/0
/spttest/mixed_1M_2us,e74,1048576,0/0
/spttest/mixed_1M_2ut,e75,1048576,0/0
/spttest/mixed_1M_2uu,e76,1048576,0/0
/spttest/mixed_1M_2uv,e77,1048576,0/0
/spttest/mixed_1M_2uw,e78,1048576,0/0
/spttest/mixed_1M_2ux,e79,1048576,0/0
/spttest/mixed_1M_2uy,e7a,1048576,0/0
/spttest/mixed_1M_2uz,e7b,1048576,0/0
/spttest/mixed_1M_2v0,e7c,1048576,0/0
/spttest/mixed_1M_2v1,e7d,1048576,0/0
/spttest/mixed_1M_2v2,e7e,1048576,0/0
/spttest/mixed_1M_2v3,e7f,1048576,0/0
/spttest/mixed_1M_2v4,e80,1048576,0/0
/spttest/mixed_1M_2v5,e81,1048576,0/0
/spttest/mixed_1M_2v6,e82,1048576,0/0
/spttest/mixed_1M_2v7,e83,1048576,0/0
/spttest/mixed_1M_2v8,e84,1048576,0/0
/spttest/mixed_1M_2v9,e85,1048576,0/0
/spttest/mixed_1M_2va,e86,1048576,0/0
/spttest/mixed_1M_2vb,e87,1048576,0/0
/spttest/mixed_1M_2vc,e88,1048576,0/0
/spttest/mixed_1M_2vd,e89,1048576,0/0
/spttest/mixed_1M_2ve,e8a,1048576,0/0
/spttest/mixed_1M_2vf,e8b,1048576,0/0
/spttest/mixed_1M_2vg,e8c,1048576,0/0
/spttest/mixed_1M_2vh,e8d,1048576,0/0
/spttest/mixed_1M_2vi,e8e,1048576,0/0
/spttest/mixed_1M_2vj,e8f,1048576,0/0
/spttest/mixed_1M_2vk,e90,1048576,0/0
/spttest/mixed_1M_2vl,e91,1048576,0/0
/spttest/mixed_1M_2vm,e92,1048576,0/0
/spttest/mixed_1M_2vn,e93,1048576,0/0
/spttest/mixed_1M_2vo,e94,1048576,0/0
/spttest/mixed_1M_2vp,e95,1048576,0/0
/spttest/mixed_1M_2vq,e96,1048576,0/0
/spttest/mixed_1M_2vr,e97,1048576,0/0
/spttest/mixed_1M_2vs,e98,1048576,0/0
/spttest/mixed_1M_2vt,e99,1048576,0/0
/spttest/mixed_1M_2vu,e9a,1048576,0/0
/spttest/mixed_1M_2vv,e9b,1048576,0/0
/spttest/mixed_1M_2vw,e9c,1048576,0/0
/spttest/mixed_1M_2vx,e9d,1048576,0/0
/spttest/mixed_1M_2vy,e9e,1048576,0/0
/spttest/mixed_1M_2vz,e9f,1048576,0/0
/spttest/mixed_1M_2w0,ea0,1048576,0/0
/spttest/mixed_1M_2w1,ea1,1048576,0/0
/spttest/mixed_1M_2w2,ea2,1048576,0/0
/spttest/mixed_1M_2w3,ea3,1048576,0/0
/spttest/mixed_1M_2w4,ea4,1048576,0/0
/spttest/mixed_1M_2w5,ea5,1048576,0/0
/spttest/mixed_1M_2w6,ea6,1048576,0/0
/spttest/mixed_1M_2w7,ea7,1048576,0/0
/spttest/mixed_1M_2w8,ea8,1048576,0/0
/spttest/mixed_1M_2w9,ea9,1048576,0/0
/spttest/mixed_1M_2wa,eaa,1048576,0/0
/spttest/mixed_1M_2wb,eab,1048576,0/0
/spttest/mixed_1M_2wc,eac,1048576,0/0
/spttest/mixed_1M_2wd,ead,1048576,0/0
/spttest/mixed_1M_2we,eae,1048576,0/0
/spttest/mixed_1M_2wf,eaf,1048576,0/0
/spttest/mixed_1M_2wg,eb0,1048576,0/0
/spttest/mixed_1M_2wh,eb1,1048576,0/0
/spttest/mixed_1M_2wi,eb2,1048576,0/0
/spttest/mixed_1M_2wj,eb3,1048576,0/0
/spttest/mixed_1M_2wk,eb4,1048576,0/0
/spttest/mixed_1M_2wl,eb5,1048576,0/0
/spttest/mixed_1M_2wm,eb6,1048576,0/0
/spttest/mixed_1M_2wn,eb7,1048576,0/0
/spttest/mixed_1M_2wo,eb8,1048576,0/0
/spttest/mixed_1M_2wp,eb9,1048576,0/0
/spttest/mixed_1M_2wq,eba,1048576,0/0
/spttest/mixed_1M_2wr,ebb,1048576,0/0
/spttest/mixed_1M_2ws,ebc,1048576,0/0
/spttest/mixed_1M_2wt,ebd,1048576,0/0
/spttest/mixed_1M_2wu,ebe,1048576,0/0
/spttest/mixed_1M_2wv,ebf,1048576,0/0
/spttest/mixed_1M_2ww,ec0,1048576,0/0
/spttest/mixed_1M_2wx,ec1,1048576,0/0
/spttest/mixed_1M_2wy,ec2,1048576,0/0
/spttest/mixed_1M_2wz,ec3,1048576,0/0
/spttest/mixed_1M_2x0,ec4,1048576,0/0
/spttest/mixed_1M_2x1,ec5,1048576,0/0
/spttest/mixed_1M_2x2,ec6,1048576,0/0
/spttest/mixed_1M_2x3,ec7,1048576,0/0
/spttest/mixed_1M_2x4,ec8,1048576,0/0
/spttest/mixed_1M_2x5,ec9,1048576,0/0
/spttest/mixed_1M_2x6,eca,1048576,0/0
/spttest/mixed_1M_2x7,ecb,1048576,0/0
/spttest/mixed_1M_2x8,ecc,1048576,0/0
/spttest/mixed_1M_2x9,ecd,1048576,0/0
/spttest/mixed_1M_2xa,ece,1048576,0/0
/spttest/mixed_1M_2xb,ecf,1048576,0/0
/spttest/mixed_1M_2xc,ed0,1048576,0/0
/spttest/mixed_1M_2xd,ed1,1048576,0/0
/spttest/mixed_1M_2xe,ed2,1048576,0/0
/spttest/mixed_1M_2xf,ed3,1048576,0/0
/spttest/mixed_1M_2xg,ed4,1048576,0/0
/spttest/mixed_1M_2xh,ed5,1048576,0/0
/spttest/mixed_1M_2xi,ed6,1048576,0/0
/spttest/mixed_1M_2xj,ed7,1048576,0/0
/spttest/mixed_1M_2xk,ed8,1048576,0/0
/spttest/mixed_1M_2xl,ed9,1048576,0/0
/spttest/mixed_1M_2xm,eda,1048576,0/0
/spttest/mixed_1M_2xn,edb,1048576,0/0
/spttest/mixed_1M_2xo,edc,1048576,0/0
/spttest/mixed_1M_2xp,edd,1048576,0/0
/spttest/mixed_1M_2xq,ede,1048576,0/0
/spttest/mixed_1M_2xr,edf,1048576,0/0
/spttest/mixed_1M_2xs,ee0,1048576,0/0
/spttest/mixed_1M_2xt,ee1,1048576,0/0
/spttest/mixed_1M_2xu,ee2,1048576,0/0
/spttest/mixed_1M_2xv,ee3,1048576,0/0
/spttest/mixed_1M_2xw,ee4,1048576,0/0
/spttest/mixed_1M_2xx,ee5,1048576,0/0
/spttest/mixed_1M_2xy,ee6,1048576,0/0
/spttest/mixed_1M_2xz,ee7,1048576,0/0
/spttest/mixed_1M_2y0,ee8,1048576,0/0
/spttest/mixed_1M_2y1,ee9,1048576,0/0
/spttest/mixed_1M_2y2,eea,1048576,0/0
/spttest/mixed_1M_2y3,eeb,1048576,0/0
/spttest/mixed_1M_2y4,eec,1048576,0/0
/spttest/mixed_1M_2y5,eed,1048576,0/0
/spttest/mixed_1M_2y6,eee,1048576,0/0
/spttest/mixed_1M_2y7,eef,1048576,0/0
/spttest/mixed_1M_2y8,ef0,1048576,0/0
/spttest/mixed_1M_2y9,ef1,1048576,0/0
/spttest/mixed_1M_2ya,ef2,1048576,0/0
/spttest/mixed_1M_2yb,ef3,1048576,0/0
/spttest/mixed_1M_2yc,ef4,1048576,0/0
/spttest/mixed_1M_2yd,ef5,1048576,0/0
/spttest/mixed_1M_2ye,ef6,1048576,0/0
/spttest/mixed_1M_2yf,ef7,1048576,0/0
/spttest/mixed_1M_2yg,ef8,1048576,0/0
/spttest/mixed_1M_2yh,ef9,1048576,0/0
/spttest/mixed_1M_2yi,efa,1048576,0/0
/spttest/mixed_1M_2yj,efb,1048576,0/0
/spttest/mixed_1M_2yk,efc,1048576,0/0
/spttest/mixed_1M_2yl,efd,1048576,0/0
/spttest/mixed_1M_2ym,efe,1048576,0/0
/spttest/mixed_1M_2yn,eff,1048576,0/0
/spttest/mixed_1M_2yo,f00,1048576,0/0
/spttest/mixed_1M_2yp,f01,1048576,0/0
/spttest/mixed_1M_2yq,f02,1048576,0/0
/spttest/mixed_1M_2yr,f03,1048576,0/0
/spttest/mixed_1M_2ys,f04,1048576,0/0
/spttest/mixed_1M_2yt,f05,1048576,0/0
/spttest/mixed_1M_2yu,f06,1048576,0/0
/spttest/mixed_1M_2yv,f07,1048576,0/0
/spttest/mixed_1M_2yw,f08,1048576,0/0
/spttest/mixed_1M_2yx,f09,1048576,0/0
/spttest/mixed_1M_2yy,f0a,1048576,0/0
/spttest/mixed_1M_2yz,f0b,1048576,0/0
/spttest/mixed_1M_2z0,f0c,1048576,0/0
/spttest/mixed_1M_2z1,f0d,1048576,0/0
/spttest/mixed_1M_2z2,f0e,1048576,0/0
/spttest/mixed_1M_2z3,f0f,1048576,0/0
/spttest/mixed_1M_2z4,f10,1048576,0/0
/spttest/mixed_1M_2z5,f11,1048576,0/0
/spttest/mixed_1M_2z6,f12,1048576,0/0
/spttest/mixed_1M_2z7,f13,1048576,0/0
/spttest/mixed_1M_2z8,f14,1048576,0/0
/spttest/mixed_1M_2z9,f15,1048576,0/0
/spttest/mixed_1M_2za,f16,1048576,0/0
/spttest/mixed_1M_2zb,f17,1048576,0/0
/spttest/mixed_1M_2zc,f18,1048576,0/0
/spttest/mixed_1M_2zd,f19,1048576,0/0
/spttest/mixed_1M_2ze,f1a,1048576,0/0
/spttest/mixed_1M_2zf,f1b,1048576,0/0
/spttest/mixed_1M_2zg,f1c,1048576,0/0
/spttest/mixed_1M_2zh,f1d,1048576,0/0
/spttest/mixed_1M_2zi,f1e,1048576,0/0
/spttest/mixed_1M_2zj,f1f,1048576,0/0
/spttest/mixed_1M_2zk,f20,1048576,0/0
/spttest/mixed_1M_2zl,f21,1048576,0/0
/spttest/mixed_1M_2zm,f22,1048576,0/0
/spttest/mixed_1M_2zn,f23,1048576,0/0
/spttest/mixed_1M_2zo,f24,1048576,0/0
/spttest/mixed_1M_2zp,f25,1048576,0/0
/spttest/mixed_1M_2zq,f26,1048576,0/0
/spttest/mixed_1M_2zr,f27,1048576,0/0
/spttest/mixed_1M_2zs,f28,1048576,0/0
/spttest/mixed_1M_2zt,f29,1048576,0/0
/spttest/mixed_1M_2zu,f2a,1048576,0/0
/spttest/mixed_1M_2zv,f2b,1048576,0/0
/spttest/mixed_1M_2zw,f2c,1048576,0/0
/spttest/mixed_1M_2zx,f2d,1048576,0/0
/spttest/mixed_1M_2zy,f2e,1048576,0/0
/spttest/mixed_1M_2zz,f2f,1048576,0/0
/spttest/mixed_1M_300,f30,1048576,0/0
/spttest/mixed_1M_301,f31,1048576,0/0
/spttest/mixed_1M_302,f32,1048576,0/0
/spttest/mixed_1M_303,f33,1048576,0/0
/spttest/mixed_1M_304,f34,1048576,0/0
/spttest/mixed_1M_305,f35,1048576,0/0
/spttest/mixed_1M_306,f36,1048576,0/0
/spttest/mixed_1M_307,f37,1048576,0/0
/spttest/mixed_1M_308,f38,1048576,0/0
/spttest/mixed_1M_309,f39,1048576,0/0
/spttest/mixed_1M_30a,f3a,1048576,0/0
/spttest/mixed_1M_30b,f3b,1048576,0/0
/spttest/mixed_1M_30c,f3c,1048576,0/0
/spttest/mixed_1M_30d,f3d,1048576,0/0
/spttest/mixed_1M_30e,f3e,1048576,0/0
/spttest/mixed_1M_30f,f3f,1048576,0/0
/spttest/mixed_1M_30g,f40,1048576,0/0
/spttest/mixed_1M_30h,f41,1048576,0/0
/spttest/mixed_1M_30i,f42,1048576,0/0
/spttest/mixed_1M_30j,f43,1048576,0/0
/spttest/mixed_1M_30k,f44,1048576,0/0
/spttest/mixed_1M_30l,f45,1048576,0/0
/spttest/mixed_1M_30m,f46,1048576,0/0
/spttest/mixed_1M_30n,f47,1048576,0/0
/spttest/mixed_1M_30o,f48,1048576,0/0
/spttest/mixed_1M_30p,f49,1048576,0/0
/spttest/mixed_1M_30q,f4a,1048576,0/0
/spttest/mixed_1M_30r,f4b,1048576,0/0
/spttest/mixed_1M_30s,f4c,1048576,0/0
/spttest/mixed_1M_30t,f4d,1048576,0/0
/spttest/mixed_1M_30u,f4e,1048576,0/0
/spttest/mixed_1M_30v,f4f,1048576,0/0
/spttest/mixed_1M_30w,f50,1048576,0/0
/spttest/mixed_1M_30x,f51,1048576,0/0
/spttest/mixed_1M_30y,f52,1048576,0/0
/spttest/mixed_1M_30z,f53,1048576,0/0
/spttest/mixed_1M_310,f54,1048576,0/0
/spttest/mixed_1M_311,f55,1048576,0/0
/spttest/mixed_1M_312,f56,1048576,0/0
/spttest/mixed_1M_313,f57,1048576,0/0
/spttest/mixed_1M_314,f58,1048576,0/0
/spttest/mixed_1M_315,f59,1048576,0/0
/spttest/mixed_1M_316,f5a,1048576,0/0
/spttest/mixed_1M_317,f5b,1048576,0/0
/spttest/mixed_1M_318,f5c,1048576,0/0
/spttest/mixed_1M_319,f5d,1048576,0/0
/spttest/mixed_1M_31a,f5e,1048576,0/0
/spttest/mixed_1M_31b,f5f,1048576,0/0
/spttest/mixed_1M_31c,f60,1048576,0/0
/spttest/mixed_1M_31d,f61,1048576,0/0
/spttest/mixed_1M_31e,f62,1048576,0/0
/spttest/mixed_1M_31f,f63,1048576,0/0
/spttest/mixed_1M_31g,f64,1048576,0/0
/spttest/mixed_1M_31h,f65,1048576,0/0
/spttest/mixed_1M_31i,f66,1048576,0/0
/spttest/mixed_1M_31j,f67,1048576,0/0
/spttest/mixed_1M_31k,f68,1048576,0/0
/spttest/mixed_1M_31l,f69,1048576,0/0
/spttest/mixed_1M_31m,f6a,1048576,0/0
/spttest/mixed_1M_31n,f6b,1048576,0/0
/spttest/mixed_1M_31o,f6c,1048576,0/0
/spttest/mixed_1M_31p,f6d,1048576,0/0
/spttest/mixed_1M_31q,f6e,1048576,0/0
/spttest/mixed_1M_31r,f6f,1048576,0/0
/spttest/mixed_1M_31s,f70,1048576,0/0
/spttest/mixed_1M_31t,f71,1048576,0/0
/spttest/mixed_1M_31u,f72,1048576,0/0
/spttest/mixed_1M_31v,f73,1048576,0/0
/spttest/mixed_1M_31w,f74,1048576,0/0
/spttest/mixed_1M_31x,f75,1048576,0/0
/spttest/mixed_1M_31y,f76,1048576,0/0
/spttest/mixed_1M_31z,f77,1048576,0/0
/spttest/mixed_1M_320,f78,1048576,0/0
/spttest/mixed_1M_321,f79,1048576,0/0
/spttest/mixed_1M_322,f7a,1048576,0/0
/spttest/mixed_1M_323,f7b,1048576,0/0
/spttest/mixed_1M_324,f7c,1048576,0/0
/spttest/mixed_1M_325,f7d,1048576,0/0
/spttest/mixed_1M_326,f7e,1048576,0/0
/spttest/mixed_1M_327,f7f,1048576,0/0
/spttest/mixed_1M_328,f80,1048576,0/0
/spttest/mixed_1M_329,f81,1048576,0/0
/spttest/mixed_1M_32a,f82,1048576,0/0
/spttest/mixed_1M_32b,f83,1048576,0/0
/spttest/mixed_1M_32c,f84,1048576,0/0
/spttest/mixed_1M_32d,f85,1048576,0/0
/spttest/mixed_1M_32e,f86,1048576,0/0
/spttest/mixed_1M_32f,f87,1048576,0/0
/spttest/mixed_1M_32g,f88,1048576,0/0
/spttest/mixed_1M_32h,f89,1048576,0/0
/spttest/mixed_1M_32i,f8a,1048576,0/0
/spttest/mixed_1M_32j,f8b,1048576,0/0
/spttest/mixed_1M_32k,f8c,1048576,0/0
/spttest/mixed_1M_32l,f8d,1048576,0/0
/spttest/mixed_1M_32m,f8e,1048576,0/0
/spttest/mixed_1M_32n,f8f,1048576,0/0
/spttest/mixed_1M_32o,f90,1048576,0/0
/spttest/mixed_1M_32p,f91,1048576,0/0
/spttest/mixed_1M_32q,f92,1048576,0/0
/spttest/mixed_1M_32r,f93,1048576,0/0
/spttest/mixed_1M_32s,f94,1048576,0/0
/spttest/mixed_1M_32t,f95,1048576,0/0
/spttest/mixed_1M_32u,f96,1048576,0/0
/spttest/mixed_1M_32v,f97,1048576,0/0
/spttest/mixed_1M_32w,f98,1048576,0/0
/spttest/mixed_1M_32x,f99,1048576,0/0
/spttest/mixed_1M_32y,f9a,1048576,0/0
/spttest/mixed_1M_32z,f9b,1048576,0/0
/spttest/mixed_1M_330,f9c,1048576,0/0
/spttest/mixed_1M_331,f9d,1048576,0/0
/spttest/mixed_1M_332,f9e,1048576,0/0
/spttest/mixed_1M_333,f9f,1048576,0/0
/spttest/mixed_1M_334,fa0,1048576,0/0
/spttest/mixed_1M_335,fa1,1048576,0/0
/spttest/mixed_1M_336,fa2,1048576,0/0
/spttest/mixed_1M_337,fa3,1048576,0/0
/spttest/mixed_1M_338,fa4,1048576,0/0
/spttest/mixed_1M_339,fa5,1048576,0/0
/spttest/mixed_1M_33a,fa6,1048576,0/0
/spttest/mixed_1M_33b,fa7,1048576,0/0
/spttest/mixed_1M_33c,fa8,1048576,0/0
/spttest/mixed_1M_33d,fa9,1048576,0/0
/spttest/mixed_1M_33e,faa,1048576,0/0
/spttest/mixed_1M_33f,fab,1048576,0/0
/spttest/mixed_1M_33g,fac,1048576,0/0
/spttest/mixed_1M_33h,fad,1048576,0/0
/spttest/mixed_1M_33i,fae,1048576,0/0
/spttest/mixed_1M_33j,faf,1048576,0/0
/spttest/mixed_1M_33k,fb0,1048576,0/0
/spttest/mixed_1M_33l,fb1,1048576,0/0
/spttest/mixed_1M_33m,fb2,1048576,0/0
/spttest/mixed_1M_33n,fb3,1048576,0/0
/spttest/mixed_1M_33o,fb4,1048576,0/0
/spttest/mixed_1M_33p,fb5,1048576,0/0
/spttest/mixed_1M_33q,fb6,1048576,0/0
/spttest/mixed_1M_33r,fb7,1048576,0/0
/spttest/mixed_1M_33s,fb8,1048576,0/0
/spttest/mixed_1M_33t,fb9,1048576,0/0
/spttest/mixed_1M_33u,fba,1048576,0/0
/spttest/mixed_1M_33v,fbb,1048576,0/0
/spttest/mixed_1M_33w,fbc,1048576,0/0
/spttest/mixed_1M_33x,fbd,1048576,0/0
/spttest/mixed_1M_33y,fbe,1048576,0/0
/spttest/mixed_1M_33z,fbf,1048576,0/0
/spttest/mixed_1M_340,fc0,1048576,0/0
/spttest/mixed_1M_341,fc1,1048576,0/0
/spttest/mixed_1M_342,fc2,1048576,0/0
/spttest/mixed_1M_343,fc3,1048576,0/0
/spttest/mixed_1M_344,fc4,1048576,0/0
/spttest/mixed_1M_345,fc5,1048576,0/0
/spttest/mixed_1M_346,fc6,1048576,0/0
/spttest/mixed_1M_347,fc7,1048576,0/0
/spttest/mixed_1M_348,fc8,1048576,0/0
/spttest/mixed_1M_349,fc9,1048576,0/0
/spttest/mixed_1M_34a,fca,1048576,0/0
/spttest/mixed_1M_34b,fcb,1048576,0/0
/spttest/mixed_1M_34c,fcc,1048576,0/0
/spttest/mixed_1M_34d,fcd,1048576,0/0
/spttest/mixed_1M_34e,fce,1048576,0/0
/spttest/mixed_1M_34f,fcf,1048576,0/0
/spttest/mixed_1M_34g,fd0,1048576,0/0
/spttest/mixed_1M_34h,fd1,1048576,0/0
/spttest/mixed_1M_34i,fd2,1048576,0/0
/spttest/mixed_1M_34j,fd3,1048576,0/0
/spttest/mixed_1M_34k,fd4,1048576,0/0
/spttest/mixed_1M_34l,fd5,1048576,0/0
/spttest/mixed_1M_34m,fd6,1048576,0/0
/spttest/mixed_1M_34n,fd7,1048576,0/0
/spttest/mixed_1M_34o,fd8,1048576,0/0
/spttest/mixed_1M_34p,fd9,1048576,0/0
/spttest/mixed_1M_34q,fda,1048576,0/0
/spttest/mixed_1M_34r,fdb,1048576,0/0
/spttest/mixed_1M_34s,fdc,1048576,0/0
/spttest/mixed_1M_34t,fdd,1048576,0/0
/spttest/mixed_1M_34u,fde,1048576,0/0
/spttest/mixed_1M_34v,fdf,1048576,0/0
/spttest/mixed_1M_34w,fe0,1048576,0/0
/spttest/mixed_1M_34x,fe1,1048576,0/0
/spttest/mixed_1M_34y,fe2,1048576,0/0
/spttest/mixed_1M_34z,fe3,1048576,0/0
/spttest/mixed_1M_350,fe4,1048576,0/0
/spttest/mixed_1M_351,fe5,1048576,0/0
/spttest/mixed_1M_352,fe6,1048576,0/0
/spttest/mixed_1M_353,fe7,1048576,0/0
/spttest/mixed_1M_354,fe8,1048576,0/0
/spttest/mixed_1M_355,fe9,1048576,0/0
/spttest/mixed_1M_356,fea,1048576,0/0
/spttest/mixed_1M_357,feb,1048576,0/0
/spttest/mixed_1M_358,fec,1048576,0/0
/spttest/mixed_1M_359,fed,1048576,0/0
/spttest/mixed_1M_35a,fee,1048576,0/0
/spttest/mixed_1M_35b,fef,1048576,0/0
/spttest/mixed_1M_35c,ff0,1048576,0/0
/spttest/mixed_1M_35d,ff1,1048576,0/0
/spttest/mixed_1M_35e,ff2,1048576,0/0
/spttest/mixed_1M_35f,ff3,1048576,0/0
/spttest/mixed_1M_35g,ff4,1048576,0/0
/spttest/mixed_1M_35h,ff5,1048576,0/0
/spttest/mixed_1M_35i,ff6,1048576,0/0
/spttest/mixed_1M_35j,ff7,1048576,0/0
/spttest/mixed_1M_35k,ff8,1048576,0/0
/spttest/mixed_1M_35l,ff9,1048576,0/0
/spttest/mixed_1M_35m,ffa,1048576,0/0
/spttest/mixed_1M_35n,ffb,1048576,0/0
/spttest/mixed_1M_35o,ffc,1048576,0/0
/spttest/mixed_1M_35p,ffd,1048576,0/0
/spttest/mixed_1M_35q,ffe,1048576,0/0
/spttest/mixed_1M_35r,fff,1048576,0/0
/spttest/mixed_1M_35s,1000,1048576,0/0
/spttest/mixed_1M_35t,1001,1048576,0/0
/spttest/mixed_1M_35u,1002,1048576,0/0
/spttest/mixed_1M_35v,1003,1048576,0/0
/spttest/mixed_1M_35w,1004,1048576,0/0
/spttest/mixed_1M_35x,1005,1048576,0/0
/spttest/mixed_1M_35y,1006,1048576,0/0
/spttest/mixed_1M_35z,1007,1048576,0/0
/spttest/mixed_1M_360,1008,1048576,0/0
/spttest/mixed_1M_361,1009,1048576,0/0
/spttest/mixed_1M_362,100a,1048576,0/0
/spttest/mixed_1M_363,100b,1048576,0/0
/spttest/mixed_1M_364,100c,1048576,0/0
/spttest/mixed_1M_365,100d,1048576,0/0
/spttest/mixed_1M_366,100e,1048576,0/0
/spttest/mixed_1M_367,100f,1048576,0/0
/spttest/mixed_1M_368,1010,1048576,0/0
/spttest/mixed_1M_369,1011,1048576,0/0
/spttest/mixed_1M_36a,1012,1048576,0/0
/spttest/mixed_1M_36b,1013,1048576,0/0
/spttest/mixed_1M_36c,1014,1048576,0/0
/spttest/mixed_1M_36d,1015,1048576,0/0
/spttest/mixed_1M_36e,1016,1048576,0/0
/spttest/mixed_1M_36f,1017,1048576,0/0
/spttest/mixed_1M_36g,1018,1048576,0/0
/spttest/mixed_1M_36h,1019,1048576,0/0
/spttest/mixed_1M_36i,101a,1048576,0/0
/spttest/mixed_1M_36j,101b,1048576,0/0
/spttest/mixed_1M_36k,101c,1048576,0/0
/spttest/mixed_1M_36l,101d,1048576,0/0
/spttest/mixed_1M_36m,101e,1048576,0/0
/spttest/mixed_1M_36n,101f,1048576,0/0
/spttest/mixed_1M_36o,1020,1048576,0/0
/spttest/mixed_1M_36p,1021,1048576,0/0
/spttest/mixed_1M_36q,1022,1048576,0/0
/spttest/mixed_1M_36r,1023,1048576,0/0
/spttest/mixed_1M_36s,1024,1048576,0/0
/spttest/mixed_1M_36t,1025,1048576,0/0
/spttest/mixed_1M_36u,1026,1048576,0/0
/spttest/mixed_1M_36v,1027,1048576,0/0
/spttest/mixed_1M_36w,1028,1048576,0/0
/spttest/mixed_1M_36x,1029,1048576,0/0
/spttest/mixed_1M_36y,102a,1048576,0/0
/spttest/mixed_1M_36z,102b,1048576,0/0
/spttest/mixed_1M_370,102c,1048576,0/0
/spttest/mixed_1M_371,102d,1048576,0/0
/spttest/mixed_1M_372,102e,1048576,0/0
/spttest/mixed_1M_373,102f,1048576,0/0
/spttest/mixed_1M_374,1030,1048576,0/0
/spttest/mixed_1M_375,1031,1048576,0/0
/spttest/mixed_1M_376,1032,1048576,0/0
/spttest/mixed_1M_377,1033,1048576,0/0
/spttest/mixed_1M_378,1034,1048576,0/0
/spttest/mixed_1M_379,1035,1048576,0/0
/spttest/mixed_1M_37a,1036,1048576,0/0
/spttest/mixed_1M_37b,1037,1048576,0/0
/spttest/mixed_1M_37c,1038,1048576,0/0
/spttest/mixed_1M_37d,1039,1048576,0/0
/spttest/mixed_1M_37e,103a,1048576,0/0
/spttest/mixed_1M_37f,103b,1048576,0/0
/spttest/mixed_1M_37g,103c,1048576,0/0
/spttest/mixed_1M_37h,103d,1048576,0/0
/spttest/mixed_1M_37i,103e,1048576,0/0
/spttest/mixed_1M_37j,103f,1048576,0/0
/spttest/mixed_1M_37k,1040,1048576,0/0
/spttest/mixed_1M_37l,1041,1048576,0/0
/spttest/mixed_1M_37m,1042,1048576,0/0
/spttest/mixed_1M_37n,1043,1048576,0/0
/spttest/mixed_1M_37o,1044,1048576,0/0
/spttest/mixed_1M_37p,1045,1048576,0/0
/spttest/mixed_1M_37q,1046,1048576,0/0
/spttest/mixed_1M_37r,1047,1048576,0/0
/spttest/mixed_1M_37s,1048,1048576,0/0
/spttest/mixed_1M_37t,1049,1048576,0/0
/spttest/mixed_1M_37u,104a,1048576,0/0
/spttest/mixed_1M_37v,104b,1048576,0/0
/spttest/mixed_1M_37w,104c,1048576,0/0
/spttest/mixed_1M_37x,104d,1048576,0/0
/spttest/mixed_1M_37y,104e,1048576,0/0
/spttest/mixed_1M_37z,104f,1048576,0/0
/spttest/mixed_1M_380,1050,1048576,0/0
/spttest/mixed_1M_381,1051,1048576,0/0
/spttest/mixed_1M_382,1052,1048576,0/0
/spttest/mixed_1M_383,1053,1048576,0/0
/spttest/mixed_1M_384,1054,1048576,0/0
/spttest/mixed_1M_385,1055,1048576,0/0
/spttest/mixed_1M_386,1056,1048576,0/0
/spttest/mixed_1M_387,1057,1048576,0/0
/spttest/mixed_1M_388,1058,1048576,0/0
/spttest/mixed_1M_389,1059,1048576,0/0
/spttest/mixed_1M_38a,105a,1048576,0/0
/spttest/mixed_1M_38b,105b,1048576,0/0
/spttest/mixed_1M_38c,105c,1048576,0/0
/spttest/mixed_1M_38d,105d,1048576,0/0
/spttest/mixed_1M_38e,105e,1048576,0/0
/spttest/mixed_1M_38f,105f,1048576,0/0
/spttest/mixed_1M_38g,1060,1048576,0/0
/spttest/mixed_1M_38h,1061,1048576,0/0
/spttest/mixed_1M_38i,1062,1048576,0/0
/spttest/mixed_1M_38j,1063,1048576,0/0
/spttest/mixed_1M_38k,1064,1048576,0/0
/spttest/mixed_1M_38l,1065,1048576,0/0
/spttest/mixed_1M_38m,1066,1048576,0/0
/spttest/mixed_1M_38n,1067,1048576,0/0
/spttest/mixed_1M_38o,1068,1048576,0/0
/spttest/mixed_1M_38p,1069,1048576,0/0
/spttest/mixed_1M_38q,106a,1048576,0/0
/spttest/mixed_1M_38r,106b,1048576,0/0
/spttest/mixed_1M_38s,106c,1048576,0/0
/spttest/mixed_1M_38t,106d,1048576,0/0
/spttest/mixed_1M_38u,106e,1048576,0/0
/spttest/mixed_1M_38v,106f,1048576,0/0
/spttest/mixed_1M_38w,1070,1048576,0/0
/spttest/mixed_1M_38x,1071,1048576,0/0
/spttest/mixed_1M_38y,1072,1048576,0/0
/spttest/mixed_1M_38z,1073,1048576,0/0
/spttest/mixed_1M_390,1074,1048576,0/0
/spttest/mixed_1M_391,1075,1048576,0/0
/spttest/mixed_1M_392,1076,1048576,0/0
/spttest/mixed_1M_393,1077,1048576,0/0
/spttest/mixed_1M_394,1078,1048576,0/0
/spttest/mixed_1M_395,1079,1048576,0/0
/spttest/mixed_1M_396,107a,1048576,0/0
/spttest/mixed_1M_397,107b,1048576,0/0
/spttest/mixed_1M_398,107c,1048576,0/0
/spttest/mixed_1M_399,107d,1048576,0/0
/spttest/mixed_1M_39a,107e,1048576,0/0
/spttest/mixed_1M_39b,107f,1048576,0/0
/spttest/mixed_1M_39c,1080,1048576,0/0
/spttest/mixed_1M_39d,1081,1048576,0/0
/spttest/mixed_1M_39e,1082,1048576,0/0
/spttest/mixed_1M_39f,1083,1048576,0/0
/spttest/mixed_1M_39g,1084,1048576,0/0
/spttest/mixed_1M_39h,1085,1048576,0/0
/spttest/mixed_1M_39i,1086,1048576,0/0
/spttest/mixed_1M_39j,1087,1048576,0/0
/spttest/mixed_1M_39k,1088,1048576,0/0
/spttest/mixed_1M_39l,1089,1048576,0/0
/spttest/mixed_1M_39m,108a,1048576,0/0
/spttest/mixed_1M_39n,108b,1048576,0/0
/spttest/mixed_1M_39o,108c,1048576,0/0
/spttest/mixed_1M_39p,108d,1048576,0/0
/spttest/mixed_1M_39q,108e,1048576,0/0
/spttest/mixed_1M_39r,108f,1048576,0/0
/spttest/mixed_1M_39s,1090,1048576,0/0
/spttest/mixed_1M_39t,1091,1048576,0/0
/spttest/mixed_1M_39u,1092,1048576,0/0
/spttest/mixed_1M_39v,1093,1048576,0/0
/spttest/mixed_1M_39w,1094,1048576,0/0
/spttest/mixed_1M_39x,1095,1048576,0/0
/spttest/mixed_1M_39y,1096,1048576,0/0
/spttest/mixed_1M_39z,1097,1048576,0/0
/spttest/mixed_1M_3a0,1098,1048576,0/0
/spttest/mixed_1M_3a1,1099,1048576,0/0
/spttest/mixed_1M_3a2,109a,1048576,0/0
/spttest/mixed_1M_3a3,109b,1048576,0/0
/spttest/mixed_1M_3a4,109c,1048576,0/0
/spttest/mixed_1M_3a5,109d,1048576,0/0
/spttest/mixed_1M_3a6,109e,1048576,0/0
/spttest/mixed_1M_3a7,109f,1048576,0/0
/spttest/mixed_1M_3a8,10a0,1048576,0/0
/spttest/mixed_1M_3a9,10a1,1048576,0/0
/spttest/mixed_1M_3aa,10a2,1048576,0/0
/spttest/mixed_1M_3ab,10a3,1048576,0/0
/spttest/mixed_1M_3ac,10a4,1048576,0/0
/spttest/mixed_1M_3ad,10a5,1048576,0/0
/spttest/mixed_1M_3ae,10a6,1048576,0/0
/spttest/mixed_1M_3af,10a7,1048576,0/0
/spttest/mixed_1M_3ag,10a8,1048576,0/0
/spttest/mixed_1M_3ah,10a9,1048576,0/0
/spttest/mixed_1M_3ai,10aa,1048576,0/0
/spttest/mixed_1M_3aj,10ab,1048576,0/0
/spttest/mixed_1M_3ak,10ac,1048576,0/0
/spttest/mixed_1M_3al,10ad,1048576,0/0
/spttest/mixed_1M_3am,10ae,1048576,0/0
/spttest/mixed_1M_3an,10af,1048576,0/0
/spttest/mixed_1M_3ao,10b0,1048576,0/0
/spttest/mixed_1M_3ap,10b1,1048576,0/0
/spttest/mixed_1M_3aq,10b2,1048576,0/0
/spttest/mixed_1M_3ar,10b3,1048576,0/0
/spttest/mixed_1M_3as,10b4,1048576,0/0
/spttest/mixed_1M_3at,10b5,1048576,0/0
/spttest/mixed_1M_3au,10b6,1048576,0/0
/spttest/mixed_1M_3av,10b7,1048576,0/0
/spttest/mixed_1M_3aw,10b8,1048576,0/0
/spttest/mixed_1M_3ax,10b9,1048576,0/0
/spttest/mixed_1M_3ay,10ba,1048576,0/0
/spttest/mixed_1M_3az,10bb,1048576,0/0
/spttest/mixed_1M_3b0,10bc,1048576,0/0
/spttest/mixed_1M_3b1,10bd,1048576,0/0
/spttest/mixed_1M_3b2,10be,1048576,0/0
/spttest/mixed_1M_3b3,10bf,1048576,0/0
/spttest/mixed_1M_3b4,10c0,1048576,0/0
/spttest/mixed_1M_3b5,10c1,1048576,0/0
/spttest/mixed_1M_3b6,10c2,1048576,0/0
/spttest/mixed_1M_3b7,10c3,1048576,0/0
/spttest/mixed_1M_3b8,10c4,1048576,0/0
/spttest/mixed_1M_3b9,10c5,1048576,0/0
/spttest/mixed_1M_3ba,10c6,1048576,0/0
/spttest/mixed_1M_3bb,10c7,1048576,0/0
/spttest/mixed_1M_3bc,10c8,1048576,0/0
/spttest/mixed_1M_3bd,10c9,1048576,0/0
/spttest/mixed_1M_3be,10ca,1048576,0/0
/spttest/mixed_1M_3bf,10cb,1048576,0/0
/spttest/mixed_1M_3bg,10cc,1048576,0/0
/spttest/mixed_1M_3bh,10cd,1048576,0/0
/spttest/mixed_1M_3bi,10ce,1048576,0/0
/spttest/mixed_1M_3bj,10cf,1048576,0/0
/spttest/mixed_1M_3bk,10d0,1048576,0/0
/spttest/mixed_1M_3bl,10d1,1048576,0/0
/spttest/mixed_1M_3bm,10d2,1048576,0/0
/spttest/mixed_1M_3bn,10d3,1048576,0/0
/spttest/mixed_1M_3bo,10d4,1048576,0/0
/spttest/mixed_1M_3bp,10d5,1048576,0/0
/spttest/mixed_1M_3bq,10d6,1048576,0/0
/spttest/mixed_1M_3br,10d7,1048576,0/0
/spttest/mixed_1M_3bs,10d8,1048576,0/0
/spttest/mixed_1M_3bt,10d9,1048576,0/0
/spttest/mixed_1M_3bu,10da,1048576,0/0
/spttest/mixed_1M_3bv,10db,1048576,0/0
/spttest/mixed_1M_3bw,10dc,1048576,0/0
/spttest/mixed_1M_3bx,10dd,1048576,0/0
/spttest/mixed_1M_3by,10de,1048576,0/0
/spttest/mixed_1M_3bz,10df,1048576,0/0
/spttest/mixed_1M_3c0,10e0,1048576,0/0
/spttest/mixed_1M_3c1,10e1,1048576,0/0
/spttest/mixed_1M_3c2,10e2,1048576,0/0
/spttest/mixed_1M_3c3,10e3,1048576,0/0
/spttest/mixed_1M_3c4,10e4,1048576,0/0
/spttest/mixed_1M_3c5,10e5,1048576,0/0
/spttest/mixed_1M_3c6,10e6,1048576,0/0
/spttest/mixed_1M_3c7,10e7,1048576,0/0
/spttest/mixed_1M_3c8,10e8,1048576,0/0
/spttest/mixed_1M_3c9,10e9,1048576,0/0
/spttest/mixed_1M_3ca,10ea,1048576,0/0
/spttest/mixed_1M_3cb,10eb,1048576,0/0
/spttest/mixed_1M_3cc,10ec,1048576,0/0
/spttest/mixed_1M_3cd,10ed,1048576,0/0
/spttest/mixed_1M_3ce,10ee,1048576,0/0
/spttest/mixed_1M_3cf,10ef,1048576,0/0
/spttest/mixed_1M_3cg,10f0,1048576,0/0
/spttest/mixed_1M_3ch,10f1,1048576,0/0
/spttest/mixed_1M_3ci,10f2,1048576,0/0
/spttest/mixed_1M_3cj,10f3,1048576,0/0
/spttest/mixed_1M_3ck,10f4,1048576,0/0
/spttest/mixed_1M_3cl,10f5,1048576,0/0
/spttest/mixed_1M_3cm,10f6,1048576,0/0
/spttest/mixed_1M_3cn,10f7,1048576,0/0
/spttest/mixed_1M_3co,10f8,1048576,0/0
/spttest/mixed_1M_3cp,10f9,1048576,0/0
/spttest/mixed_1M_3cq,10fa,1048576,0/0
/spttest/mixed_1M_3cr,10fb,1048576,0/0
/spttest/mixed_1M_3cs,10fc,1048576,0/0
/spttest/mixed_1M_3ct,10fd,1048576,0/0
/spttest/mixed_1M_3cu,10fe,1048576,0/0
/spttest/mixed_1M_3cv,10ff,1048576,0/0
/spttest/mixed_1M_3cw,1100,1048576,0/0
/spttest/mixed_1M_3cx,1101,1048576,0/0
/spttest/mixed_1M_3cy,1102,1048576,0/0
/spttest/mixed_1M_3cz,1103,1048576,0/0
/spttest/mixed_1M_3d0,1104,1048576,0/0
/spttest/mixed_1M_3d1,1105,1048576,0/0
/spttest/mixed_1M_3d2,1106,1048576,0/0
/spttest/mixed_1M_3d3,1107,1048576,0/0
/spttest/mixed_1M_3d4,1108,1048576,0/0
/spttest/mixed_1M_3d5,1109,1048576,0/0
/spttest/mixed_1M_3d6,110a,1048576,0/0
/spttest/mixed_1M_3d7,110b,1048576,0/0
/spttest/mixed_1M_3d8,110c,1048576,0/0
/spttest/mixed_1M_3d9,110d,1048576,0/0
/spttest/mixed_1M_3da,110e,1048576,0/0
/spttest/mixed_1M_3db,110f,1048576,0/0
/spttest/mixed_1M_3dc,1110,1048576,0/0
/spttest/mixed_1M_3dd,1111,1048576,0/0
/spttest/mixed_1M_3de,1112,1048576,0/0
/spttest/mixed_1M_3df,1113,1048576,0/0
/spttest/mixed_1M_3dg,1114,1048576,0/0
/spttest/mixed_1M_3dh,1115,1048576,0/0
/spttest/mixed_1M_3di,1116,1048576,0/0
/spttest/mixed_1M_3dj,1117,1048576,0/0
/spttest/mixed_1M_3dk,1118,1048576,0/0
/spttest/mixed_1M_3dl,1119,1048576,0/0
/spttest/mixed_1M_3dm,111a,1048576,0/0
/spttest/mixed_1M_3dn,111b,1048576,0/0
/spttest/mixed_1M_3do,111c,1048576,0/0
/spttest/mixed_1M_3dp,111d,1048576,0/0
/spttest/mixed_1M_3dq,111e,1048576,0/0
/spttest/mixed_1M_3dr,111f,1048576,0/0
/spttest/mixed_1M_3ds,1120,1048576,0/0
/spttest/mixed_1M_3dt,1121,1048576,0/0
/spttest/mixed_1M_3du,1122,1048576,0/0
/spttest/mixed_1M_3dv,1123,1048576,0/0
/spttest/mixed_1M_3dw,1124,1048576,0/0
/spttest/mixed_1M_3dx,1125,1048576,0/0
/spttest/mixed_1M_3dy,1126,1048576,0/0
/spttest/mixed_1M_3dz,1127,1048576,0/0
/spttest/mixed_1M_3e0,1128,1048576,0/0
/spttest/mixed_1M_3e1,1129,1048576,0/0
/spttest/mixed_1M_3e2,112a,1048576,0/0
/spttest/mixed_1M_3e3,112b,1048576,0/0
/spttest/mixed_1M_3e4,112c,1048576,0/0
/spttest/mixed_1M_3e5,112d,1048576,0/0
/spttest/mixed_1M_3e6,112e,1048576,0/0
/spttest/mixed_1M_3e7,112f,1048576,0/0
/spttest/mixed_1M_3e8,1130,1048576,0/0
/spttest/mixed_1M_3e9,1131,1048576,0/0
/spttest/mixed_1M_3ea,1132,1048576,0/0
/spttest/mixed_1M_3eb,1133,1048576,0/0
/spttest/mixed_1M_3ec,1134,1048576,0/0
/spttest/mixed_1M_3ed,1135,1048576,0/0
/spttest/mixed_1M_3ee,1136,1048576,0/0
/spttest/mixed_1M_3ef,1137,1048576,0/0
/spttest/mixed_1M_3eg,1138,1048576,0/0
/spttest/mixed_1M_3eh,1139,1048576,0/0
/spttest/mixed_1M_3ei,113a,1048576,0/0
/spttest/mixed_1M_3ej,113b,1048576,0/0
/spttest/mixed_1M_3ek,113c,1048576,0/0
/spttest/mixed_1M_3el,113d,1048576,0/0
/spttest/mixed_1M_3em,113e,1048576,0/0
/spttest/mixed_1M_3en,113f,1048576,0/0
/spttest/mixed_1M_3eo,1140,1048576,0/0
/spttest/mixed_1M_3ep,1141,1048576,0/0
/spttest/mixed_1M_3eq,1142,1048576,0/0
/spttest/mixed_1M_3er,1143,1048576,0/0
/spttest/mixed_1M_3es,1144,1048576,0/0
/spttest/mixed_1M_3et,1145,1048576,0/0
/spttest/mixed_1M_3eu,1146,1048576,0/0
/spttest/mixed_1M_3ev,1147,1048576,0/0
/spttest/mixed_1M_3ew,1148,1048576,0/0
/spttest/mixed_1M_3ex,1149,1048576,0/0
/spttest/mixed_1M_3ey,114a,1048576,0/0
/spttest/mixed_1M_3ez,114b,1048576,0/0
/spttest/mixed_1M_3f0,114c,1048576,0/0
/spttest/mixed_1M_3f1,114d,1048576,0/0
/spttest/mixed_1M_3f2,114e,1048576,0/0
/spttest/mixed_1M_3f3,114f,1048576,0/0
/spttest/mixed_1M_3f4,1150,1048576,0/0
/spttest/mixed_1M_3f5,1151,1048576,0/0
/spttest/mixed_1M_3f6,1152,1048576,0/0
/spttest/mixed_1M_3f7,1153,1048576,0/0
/spttest/mixed_1M_3f8,1154,1048576,0/0
/spttest/mixed_1M_3f9,1155,1048576,0/0
/spttest/mixed_1M_3fa,1156,1048576,0/0
/spttest/mixed_1M_3fb,1157,1048576,0/0
/spttest/mixed_1M_3fc,1158,1048576,0/0
/spttest/mixed_1M_3fd,1159,1048576,0/0
/spttest/mixed_1M_3fe,115a,1048576,0/0
/spttest/mixed_1M_3ff,115b,1048576,0/0
/spttest/mixed_1M_3fg,115c,1048576,0/0
/spttest/mixed_1M_3fh,115d,1048576,0/0
/spttest/mixed_1M_3fi,115e,1048576,0/0
/spttest/mixed_1M_3fj,115f,1048576,0/0
/spttest/mixed_1M_3fk,1160,1048576,0/0
/spttest/mixed_1M_3fl,1161,1048576,0/0
/spttest/mixed_1M_3fm,1162,1048576,0/0
/spttest/mixed_1M_3fn,1163,1048576,0/0
/spttest/mixed_1M_3fo,1164,1048576,0/0
/spttest/mixed_1M_3fp,1165,1048576,0/0
/spttest/mixed_1M_3fq,1166,1048576,0/0
/spttest/mixed_1M_3fr,1167,1048576,0/0
/spttest/mixed_1M_3fs,1168,1048576,0/0
/spttest/mixed_1M_3ft,1169,1048576,0/0
/spttest/mixed_1M_3fu,116a,1048576,0/0
/spttest/mixed_1M_3fv,116b,1048576,0/0
/spttest/mixed_1M_3fw,116c,1048576,0/0
/spttest/mixed_1M_3fx,116d,1048576,0/0
/spttest/mixed_1M_3fy,116e,1048576,0/0
/spttest/mixed_1M_3fz,116f,1048576,0/0
/spttest/mixed_1M_3g0,1170,1048576,0/0
/spttest/mixed_1M_3g1,1171,1048576,0/0
/spttest/mixed_1M_3g2,1172,1048576,0/0
/spttest/mixed_1M_3g3,1173,1048576,0/0
/spttest/mixed_1M_3g4,1174,1048576,0/0
/spttest/mixed_1M_3g5,1175,1048576,0/0
/spttest/mixed_1M_3g6,1176,1048576,0/0
/spttest/mixed_1M_3g7,1177,1048576,0/0
/spttest/mixed_1M_3g8,1178,1048576,0/0
/spttest/mixed_1M_3g9,1179,1048576,0/0
/spttest/mixed_1M_3ga,117a,1048576,0/0
/spttest/mixed_1M_3gb,117b,1048576,0/0
/spttest/mixed_1M_3gc,117c,1048576,0/0
/spttest/mixed_1M_3gd,117d,1048576,0/0
/spttest/mixed_1M_3ge,117e,1048576,0/0
/spttest/mixed_1M_3gf,117f,1048576,0/0
/spttest/mixed_1M_3gg,1180,1048576,0/0
/spttest/mixed_1M_3gh,1181,1048576,0/0
/spttest/mixed_1M_3gi,1182,1048576,0/0
/spttest/mixed_1M_3gj,1183,1048576,0/0
/spttest/mixed_1M_3gk,1184,1048576,0/0
/spttest/mixed_1M_3gl,1185,1048576,0/0
/spttest/mixed_1M_3gm,1186,1048576,0/0
/spttest/mixed_1M_3gn,1187,1048576,0/0
/spttest/mixed_1M_3go,1188,1048576,0/0
/spttest/mixed_1M_3gp,1189,1048576,0/0
/spttest/mixed_1M_3gq,118a,1048576,0/0
/spttest/mixed_1M_3gr,118b,1048576,0/0
/spttest/mixed_1M_3gs,118c,1048576,0/0
/spttest/mixed_1M_3gt,118d,1048576,0/0
/spttest/mixed_1M_3gu,118e,1048576,0/0
/spttest/mixed_1M_3gv,118f,1048576,0/0
/spttest/mixed_1M_3gw,1190,1048576,0/0
/spttest/mixed_1M_3gx,1191,1048576,0/0
/spttest/mixed_1M_3gy,1192,1048576,0/0
/spttest/mixed_1M_3gz,1193,1048576,0/0
/spttest/mixed_1M_3h0,1194,1048576,0/0
/spttest/mixed_1M_3h1,1195,1048576,0/0
/spttest/mixed_1M_3h2,1196,1048576,0/0
/spttest/mixed_1M_3h3,1197,1048576,0/0
/spttest/mixed_1M_3h4,1198,1048576,0/0
/spttest/mixed_1M_3h5,1199,1048576,0/0
/spttest/mixed_1M_3h6,119a,1048576,0/0
/spttest/mixed_1M_3h7,119b,1048576,0/0
/spttest/mixed_1M_3h8,119c,1048576,0/0
/spttest/mixed_1M_3h9,119d,1048576,0/0
/spttest/mixed_1M_3ha,119e,1048576,0/0
/spttest/mixed_1M_3hb,119f,1048576,0/0
/spttest/mixed_1M_3hc,11a0,1048576,0/0
/spttest/mixed_1M_3hd,11a1,1048576,0/0
/spttest/mixed_1M_3he,11a2,1048576,0/0
/spttest/mixed_1M_3hf,11a3,1048576,0/0
/spttest/mixed_1M_3hg,11a4,1048576,0/0
/spttest/mixed_1M_3hh,11a5,1048576,0/0
/spttest/mixed_1M_3hi,11a6,1048576,0/0
/spttest/mixed_1M_3hj,11a7,1048576,0/0
/spttest/mixed_1M_3hk,11a8,1048576,0/0
/spttest/mixed_1M_3hl,11a9,1048576,0/0
/spttest/mixed_1M_3hm,11aa,1048576,0/0
/spttest/mixed_1M_3hn,11ab,1048576,0/0
/spttest/mixed_1M_3ho,11ac,1048576,0/0
/spttest/mixed_1M_3hp,11ad,1048576,0/0
/spttest/mixed_1M_3hq,11ae,1048576,0/0
/spttest/mixed_1M_3hr,11af,1048576,0/0
/spttest/mixed_1M_3hs,11b0,1048576,0/0
/spttest/mixed_1M_3ht,11b1,1048576,0/0
/spttest/mixed_1M_3hu,11b2,1048576,0/0
/spttest/mixed_1M_3hv,11b3,1048576,0/0
/spttest/mixed_1M_3hw,11b4,1048576,0/0
