/spttest/mixed_10K_1,1,10240,0/0
/spttest/mixed_10K_2,2,10240,0/0
/spttest/mixed_10K_3,3,10240,0/0
/spttest/mixed_10K_4,4,10240,0/0
/spttest/mixed_10K_5,5,10240,0/0
/spttest/mixed_10K_6,6,10240,0/0
/spttest/mixed_10K_7,7,10240,0/0
/spttest/mixed_10K_8,8,10240,0/0
/spttest/mixed_10K_9,9,10240,0/0
/spttest/mixed_10K_a,a,10240,0/0
/spttest/mixed_10K_b,b,10240,0/0
/spttest/mixed_10K_c,c,10240,0/0
/spttest/mixed_10K_d,d,10240,0/0
/spttest/mixed_10K_e,e,10240,0/0
/spttest/mixed_10K_f,f,10240,0/0
/spttest/mixed_10K_g,10,10240,0/0
/spttest/mixed_10K_h,11,10240,0/0
/spttest/mixed_10K_i,12,10240,0/0
/spttest/mixed_10K_j,13,10240,0/0
/spttest/mixed_10K_k,14,10240,0/0
/spttest/mixed_10K_l,15,10240,0/0
/spttest/mixed_10K_m,16,10240,0/0
/spttest/mixed_10K_n,17,10240,0/0
/spttest/mixed_10K_o,18,10240,0/0
/spttest/mixed_10K_p,19,10240,0/0
/spttest/mixed_10K_q,1a,10240,0/0
/spttest/mixed_10K_r,1b,10240,0/0
/spttest/mixed_10K_s,1c,10240,0/0
/spttest/mixed_10K_t,1d,10240,0/0
/spttest/mixed_10K_u,1e,10240,0/0
/spttest/mixed_10K_v,1f,10240,0/0
/spttest/mixed_10K_w,20,10240,0/0
/spttest/mixed_10K_x,21,10240,0/0
/spttest/mixed_10K_y,22,10240,0/0
/spttest/mixed_10K_z,23,10240,0/0
/spttest/mixed_10K_10,24,10240,0/0
/spttest/mixed_10K_11,25,10240,0/0
/spttest/mixed_10K_12,26,10240,0/0
/spttest/mixed_10K_13,27,10240,0/0
/spttest/mixed_10K_14,28,10240,0/0
/spttest/mixed_10K_15,29,10240,0/0
/spttest/mixed_10K_16,2a,10240,0/0
/spttest/mixed_10K_17,2b,10240,0/0
/spttest/mixed_10K_18,2c,10240,0/0
/spttest/mixed_10K_19,2d,10240,0/0
/spttest/mixed_10K_1a,2e,10240,0/0
/spttest/mixed_10K_1b,2f,10240,0/0
/spttest/mixed_10K_1c,30,10240,0/0
/spttest/mixed_10K_1d,31,10240,0/0
/spttest/mixed_10K_1e,32,10240,0/0
/spttest/mixed_10K_1f,33,10240,0/0
/spttest/mixed_10K_1g,34,10240,0/0
/spttest/mixed_10K_1h,35,10240,0/0
/spttest/mixed_10K_1i,36,10240,0/0
/spttest/mixed_10K_1j,37,10240,0/0
/spttest/mixed_10K_1k,38,10240,0/0
/spttest/mixed_10K_1l,39,10240,0/0
/spttest/mixed_10K_1m,3a,10240,0/0
/spttest/mixed_10K_1n,3b,10240,0/0
/spttest/mixed_10K_1o,3c,10240,0/0
/spttest/mixed_10K_1p,3d,10240,0/0
/spttest/mixed_10K_1q,3e,10240,0/0
/spttest/mixed_10K_1r,3f,10240,0/0
/spttest/mixed_10K_1s,40,10240,0/0
/spttest/mixed_10K_1t,41,10240,0/0
/spttest/mixed_10K_1u,42,10240,0/0
/spttest/mixed_10K_1v,43,10240,0/0
/spttest/mixed_10K_1w,44,10240,0/0
/spttest/mixed_10K_1x,45,10240,0/0
/spttest/mixed_10K_1y,46,10240,0/0
/spttest/mixed_10K_1z,47,10240,0/0
/spttest/mixed_10K_20,48,10240,0/0
/spttest/mixed_10K_21,49,10240,0/0
/spttest/mixed_10K_22,4a,10240,0/0
/spttest/mixed_10K_23,4b,10240,0/0
/spttest/mixed_10K_24,4c,10240,0/0
/spttest/mixed_10K_25,4d,10240,0/0
/spttest/mixed_10K_26,4e,10240,0/0
/spttest/mixed_10K_27,4f,10240,0/0
/spttest/mixed_10K_28,50,10240,0/0
/spttest/mixed_10K_29,51,10240,0/0
/spttest/mixed_10K_2a,52,10240,0/0
/spttest/mixed_10K_2b,53,10240,0/0
/spttest/mixed_10K_2c,54,10240,0/0
/spttest/mixed_10K_2d,55,10240,0/0
/spttest/mixed_10K_2e,56,10240,0/0
/spttest/mixed_10K_2f,57,10240,0/0
/spttest/mixed_10K_2g,58,10240,0/0
/spttest/mixed_10K_2h,59,10240,0/0
/spttest/mixed_10K_2i,5a,10240,0/0
/spttest/mixed_10K_2j,5b,10240,0/0
/spttest/mixed_10K_2k,5c,10240,0/0
/spttest/mixed_10K_2l,5d,10240,0/0
/spttest/mixed_10K_2m,5e,10240,0/0
/spttest/mixed_10K_2n,5f,10240,0/0
/spttest/mixed_10K_2o,60,10240,0/0
/spttest/mixed_10K_2p,61,10240,0/0
/spttest/mixed_10K_2q,62,10240,0/0
/spttest/mixed_10K_2r,63,10240,0/0
/spttest/mixed_10K_2s,64,10240,0/0
/spttest/mixed_10K_2t,65,10240,0/0
/spttest/mixed_10K_2u,66,10240,0/0
/spttest/mixed_10K_2v,67,10240,0/0
/spttest/mixed_10K_2w,68,10240,0/0
/spttest/mixed_10K_2x,69,10240,0/0
/spttest/mixed_10K_2y,6a,10240,0/0
/spttest/mixed_10K_2z,6b,10240,0/0
/spttest/mixed_10K_30,6c,10240,0/0
/spttest/mixed_10K_31,6d,10240,0/0
/spttest/mixed_10K_32,6e,10240,0/0
/spttest/mixed_10K_33,6f,10240,0/0
/spttest/mixed_10K_34,70,10240,0/0
/spttest/mixed_10K_35,71,10240,0/0
/spttest/mixed_10K_36,72,10240,0/0
/spttest/mixed_10K_37,73,10240,0/0
/spttest/mixed_10K_38,74,10240,0/0
/spttest/mixed_10K_39,75,10240,0/0
/spttest/mixed_10K_3a,76,10240,0/0
/spttest/mixed_10K_3b,77,10240,0/0
/spttest/mixed_10K_3c,78,10240,0/0
/spttest/mixed_10K_3d,79,10240,0/0
/spttest/mixed_10K_3e,7a,10240,0/0
/spttest/mixed_10K_3f,7b,10240,0/0
/spttest/mixed_10K_3g,7c,10240,0/0
/spttest/mixed_10K_3h,7d,10240,0/0
/spttest/mixed_10K_3i,7e,10240,0/0
/spttest/mixed_10K_3j,7f,10240,0/0
/spttest/mixed_10K_3k,80,10240,0/0
/spttest/mixed_10K_3l,81,10240,0/0
/spttest/mixed_10K_3m,82,10240,0/0
/spttest/mixed_10K_3n,83,10240,0/0
/spttest/mixed_10K_3o,84,10240,0/0
/spttest/mixed_10K_3p,85,10240,0/0
/spttest/mixed_10K_3q,86,10240,0/0
/spttest/mixed_10K_3r,87,10240,0/0
/spttest/mixed_10K_3s,88,10240,0/0
/spttest/mixed_10K_3t,89,10240,0/0
/spttest/mixed_10K_3u,8a,10240,0/0
/spttest/mixed_10K_3v,8b,10240,0/0
/spttest/mixed_10K_3w,8c,10240,0/0
/spttest/mixed_10K_3x,8d,10240,0/0
/spttest/mixed_10K_3y,8e,10240,0/0
/spttest/mixed_10K_3z,8f,10240,0/0
/spttest/mixed_10K_40,90,10240,0/0
/spttest/mixed_10K_41,91,10240,0/0
/spttest/mixed_10K_42,92,10240,0/0
/spttest/mixed_10K_43,93,10240,0/0
/spttest/mixed_10K_44,94,10240,0/0
/spttest/mixed_10K_45,95,10240,0/0
/spttest/mixed_10K_46,96,10240,0/0
/spttest/mixed_10K_47,97,10240,0/0
/spttest/mixed_10K_48,98,10240,0/0
/spttest/mixed_10K_49,99,10240,0/0
/spttest/mixed_10K_4a,9a,10240,0/0
/spttest/mixed_10K_4b,9b,10240,0/0
/spttest/mixed_10K_4c,9c,10240,0/0
/spttest/mixed_10K_4d,9d,10240,0/0
/spttest/mixed_10K_4e,9e,10240,0/0
/spttest/mixed_10K_4f,9f,10240,0/0
/spttest/mixed_10K_4g,a0,10240,0/0
/spttest/mixed_10K_4h,a1,10240,0/0
/spttest/mixed_10K_4i,a2,10240,0/0
/spttest/mixed_10K_4j,a3,10240,0/0
/spttest/mixed_10K_4k,a4,10240,0/0
/spttest/mixed_10K_4l,a5,10240,0/0
/spttest/mixed_10K_4m,a6,10240,0/0
/spttest/mixed_10K_4n,a7,10240,0/0
/spttest/mixed_10K_4o,a8,10240,0/0
/spttest/mixed_10K_4p,a9,10240,0/0
/spttest/mixed_10K_4q,aa,10240,0/0
/spttest/mixed_10K_4r,ab,10240,0/0
/spttest/mixed_10K_4s,ac,10240,0/0
/spttest/mixed_10K_4t,ad,10240,0/0
/spttest/mixed_10K_4u,ae,10240,0/0
/spttest/mixed_10K_4v,af,10240,0/0
/spttest/mixed_10K_4w,b0,10240,0/0
/spttest/mixed_10K_4x,b1,10240,0/0
/spttest/mixed_10K_4y,b2,10240,0/0
/spttest/mixed_10K_4z,b3,10240,0/0
/spttest/mixed_10K_50,b4,10240,0/0
/spttest/mixed_10K_51,b5,10240,0/0
/spttest/mixed_10K_52,b6,10240,0/0
/spttest/mixed_10K_53,b7,10240,0/0
/spttest/mixed_10K_54,b8,10240,0/0
/spttest/mixed_10K_55,b9,10240,0/0
/spttest/mixed_10K_56,ba,10240,0/0
/spttest/mixed_10K_57,bb,10240,0/0
/spttest/mixed_10K_58,bc,10240,0/0
/spttest/mixed_10K_59,bd,10240,0/0
/spttest/mixed_10K_5a,be,10240,0/0
/spttest/mixed_10K_5b,bf,10240,0/0
/spttest/mixed_10K_5c,c0,10240,0/0
/spttest/mixed_10K_5d,c1,10240,0/0
/spttest/mixed_10K_5e,c2,10240,0/0
/spttest/mixed_10K_5f,c3,10240,0/0
/spttest/mixed_10K_5g,c4,10240,0/0
/spttest/mixed_10K_5h,c5,10240,0/0
/spttest/mixed_10K_5i,c6,10240,0/0
/spttest/mixed_10K_5j,c7,10240,0/0
/spttest/mixed_10K_5k,c8,10240,0/0
/spttest/mixed_10K_5l,c9,10240,0/0
/spttest/mixed_10K_5m,ca,10240,0/0
/spttest/mixed_10K_5n,cb,10240,0/0
/spttest/mixed_10K_5o,cc,10240,0/0
/spttest/mixed_10K_5p,cd,10240,0/0
/spttest/mixed_10K_5q,ce,10240,0/0
/spttest/mixed_10K_5r,cf,10240,0/0
/spttest/mixed_10K_5s,d0,10240,0/0
/spttest/mixed_10K_5t,d1,10240,0/0
/spttest/mixed_10K_5u,d2,10240,0/0
/spttest/mixed_10K_5v,d3,10240,0/0
/spttest/mixed_10K_5w,d4,10240,0/0
/spttest/mixed_10K_5x,d5,10240,0/0
/spttest/mixed_10K_5y,d6,10240,0/0
/spttest/mixed_10K_5z,d7,10240,0/0
/spttest/mixed_10K_60,d8,10240,0/0
/spttest/mixed_10K_61,d9,10240,0/0
/spttest/mixed_10K_62,da,10240,0/0
/spttest/mixed_10K_63,db,10240,0/0
/spttest/mixed_10K_64,dc,10240,0/0
/spttest/mixed_10K_65,dd,10240,0/0
/spttest/mixed_10K_66,de,10240,0/0
/spttest/mixed_10K_67,df,10240,0/0
/spttest/mixed_10K_68,e0,10240,0/0
/spttest/mixed_10K_69,e1,10240,0/0
/spttest/mixed_10K_6a,e2,10240,0/0
/spttest/mixed_10K_6b,e3,10240,0/0
/spttest/mixed_10K_6c,e4,10240,0/0
/spttest/mixed_10K_6d,e5,10240,0/0
/spttest/mixed_10K_6e,e6,10240,0/0
/spttest/mixed_10K_6f,e7,10240,0/0
/spttest/mixed_10K_6g,e8,10240,0/0
/spttest/mixed_10K_6h,e9,10240,0/0
/spttest/mixed_10K_6i,ea,10240,0/0
/spttest/mixed_10K_6j,eb,10240,0/0
/spttest/mixed_10K_6k,ec,10240,0/0
/spttest/mixed_10K_6l,ed,10240,0/0
/spttest/mixed_10K_6m,ee,10240,0/0
/spttest/mixed_10K_6n,ef,10240,0/0
/spttest/mixed_10K_6o,f0,10240,0/0
/spttest/mixed_10K_6p,f1,10240,0/0
/spttest/mixed_10K_6q,f2,10240,0/0
/spttest/mixed_10K_6r,f3,10240,0/0
/spttest/mixed_10K_6s,f4,10240,0/0
/spttest/mixed_10K_6t,f5,10240,0/0
/spttest/mixed_10K_6u,f6,10240,0/0
/spttest/mixed_10K_6v,f7,10240,0/0
/spttest/mixed_10K_6w,f8,10240,0/0
/spttest/mixed_10K_6x,f9,10240,0/0
/spttest/mixed_10K_6y,fa,10240,0/0
/spttest/mixed_10K_6z,fb,10240,0/0
/spttest/mixed_10K_70,fc,10240,0/0
/spttest/mixed_10K_71,fd,10240,0/0
/spttest/mixed_10K_72,fe,10240,0/0
/spttest/mixed_10K_73,ff,10240,0/0
/spttest/mixed_10K_74,100,10240,0/0
/spttest/mixed_10K_75,101,10240,0/0
/spttest/mixed_10K_76,102,10240,0/0
/spttest/mixed_10K_77,103,10240,0/0
/spttest/mixed_10K_78,104,10240,0/0
/spttest/mixed_10K_79,105,10240,0/0
/spttest/mixed_10K_7a,106,10240,0/0
/spttest/mixed_10K_7b,107,10240,0/0
/spttest/mixed_10K_7c,108,10240,0/0
/spttest/mixed_10K_7d,109,10240,0/0
/spttest/mixed_10K_7e,10a,10240,0/0
/spttest/mixed_10K_7f,10b,10240,0/0
/spttest/mixed_10K_7g,10c,10240,0/0
/spttest/mixed_10K_7h,10d,10240,0/0
/spttest/mixed_10K_7i,10e,10240,0/0
/spttest/mixed_10K_7j,10f,10240,0/0
/spttest/mixed_10K_7k,110,10240,0/0
/spttest/mixed_10K_7l,111,10240,0/0
/spttest/mixed_10K_7m,112,10240,0/0
/spttest/mixed_10K_7n,113,10240,0/0
/spttest/mixed_10K_7o,114,10240,0/0
/spttest/mixed_10K_7p,115,10240,0/0
/spttest/mixed_10K_7q,116,10240,0/0
/spttest/mixed_10K_7r,117,10240,0/0
/spttest/mixed_10K_7s,118,10240,0/0
/spttest/mixed_10K_7t,119,10240,0/0
/spttest/mixed_10K_7u,11a,10240,0/0
/spttest/mixed_10K_7v,11b,10240,0/0
/spttest/mixed_10K_7w,11c,10240,0/0
/spttest/mixed_10K_7x,11d,10240,0/0
/spttest/mixed_10K_7y,11e,10240,0/0
/spttest/mixed_10K_7z,11f,10240,0/0
/spttest/mixed_10K_80,120,10240,0/0
/spttest/mixed_10K_81,121,10240,0/0
/spttest/mixed_10K_82,122,10240,0/0
/spttest/mixed_10K_83,123,10240,0/0
/spttest/mixed_10K_84,124,10240,0/0
/spttest/mixed_10K_85,125,10240,0/0
/spttest/mixed_10K_86,126,10240,0/0
/spttest/mixed_10K_87,127,10240,0/0
/spttest/mixed_10K_88,128,10240,0/0
/spttest/mixed_10K_89,129,10240,0/0
/spttest/mixed_10K_8a,12a,10240,0/0
/spttest/mixed_10K_8b,12b,10240,0/0
/spttest/mixed_10K_8c,12c,10240,0/0
/spttest/mixed_10K_8d,12d,10240,0/0
/spttest/mixed_10K_8e,12e,10240,0/0
/spttest/mixed_10K_8f,12f,10240,0/0
/spttest/mixed_10K_8g,130,10240,0/0
/spttest/mixed_10K_8h,131,10240,0/0
/spttest/mixed_10K_8i,132,10240,0/0
/spttest/mixed_10K_8j,133,10240,0/0
/spttest/mixed_10K_8k,134,10240,0/0
/spttest/mixed_10K_8l,135,10240,0/0
/spttest/mixed_10K_8m,136,10240,0/0
/spttest/mixed_10K_8n,137,10240,0/0
/spttest/mixed_10K_8o,138,10240,0/0
/spttest/mixed_10K_8p,139,10240,0/0
/spttest/mixed_10K_8q,13a,10240,0/0
/spttest/mixed_10K_8r,13b,10240,0/0
/spttest/mixed_10K_8s,13c,10240,0/0
/spttest/mixed_10K_8t,13d,10240,0/0
/spttest/mixed_10K_8u,13e,10240,0/0
/spttest/mixed_10K_8v,13f,10240,0/0
/spttest/mixed_10K_8w,140,10240,0/0
/spttest/mixed_10K_8x,141,10240,0/0
/spttest/mixed_10K_8y,142,10240,0/0
/spttest/mixed_10K_8z,143,10240,0/0
/spttest/mixed_10K_90,144,10240,0/0
/spttest/mixed_10K_91,145,10240,0/0
/spttest/mixed_10K_92,146,10240,0/0
/spttest/mixed_10K_93,147,10240,0/0
/spttest/mixed_10K_94,148,10240,0/0
/spttest/mixed_10K_95,149,10240,0/0
/spttest/mixed_10K_96,14a,10240,0/0
/spttest/mixed_10K_97,14b,10240,0/0
/spttest/mixed_10K_98,14c,10240,0/0
/spttest/mixed_10K_99,14d,10240,0/0
/spttest/mixed_10K_9a,14e,10240,0/0
/spttest/mixed_10K_9b,14f,10240,0/0
/spttest/mixed_10K_9c,150,10240,0/0
/spttest/mixed_10K_9d,151,10240,0/0
/spttest/mixed_10K_9e,152,10240,0/0
/spttest/mixed_10K_9f,153,10240,0/0
/spttest/mixed_10K_9g,154,10240,0/0
/spttest/mixed_10K_9h,155,10240,0/0
/spttest/mixed_10K_9i,156,10240,0/0
/spttest/mixed_10K_9j,157,10240,0/0
/spttest/mixed_10K_9k,158,10240,0/0
/spttest/mixed_10K_9l,159,10240,0/0
/spttest/mixed_10K_9m,15a,10240,0/0
/spttest/mixed_10K_9n,15b,10240,0/0
/spttest/mixed_10K_9o,15c,10240,0/0
/spttest/mixed_10K_9p,15d,10240,0/0
/spttest/mixed_10K_9q,15e,10240,0/0
/spttest/mixed_10K_9r,15f,10240,0/0
/spttest/mixed_10K_9s,160,10240,0/0
/spttest/mixed_10K_9t,161,10240,0/0
/spttest/mixed_10K_9u,162,10240,0/0
/spttest/mixed_10K_9v,163,10240,0/0
/spttest/mixed_10K_9w,164,10240,0/0
/spttest/mixed_10K_9x,165,10240,0/0
/spttest/mixed_10K_9y,166,10240,0/0
/spttest/mixed_10K_9z,167,10240,0/0
/spttest/mixed_10K_a0,168,10240,0/0
/spttest/mixed_10K_a1,169,10240,0/0
/spttest/mixed_10K_a2,16a,10240,0/0
/spttest/mixed_10K_a3,16b,10240,0/0
/spttest/mixed_10K_a4,16c,10240,0/0
/spttest/mixed_10K_a5,16d,10240,0/0
/spttest/mixed_10K_a6,16e,10240,0/0
/spttest/mixed_10K_a7,16f,10240,0/0
/spttest/mixed_10K_a8,170,10240,0/0
/spttest/mixed_10K_a9,171,10240,0/0
/spttest/mixed_10K_aa,172,10240,0/0
/spttest/mixed_10K_ab,173,10240,0/0
/spttest/mixed_10K_ac,174,10240,0/0
/spttest/mixed_10K_ad,175,10240,0/0
/spttest/mixed_10K_ae,176,10240,0/0
/spttest/mixed_10K_af,177,10240,0/0
/spttest/mixed_10K_ag,178,10240,0/0
/spttest/mixed_10K_ah,179,10240,0/0
/spttest/mixed_10K_ai,17a,10240,0/0
/spttest/mixed_10K_aj,17b,10240,0/0
/spttest/mixed_10K_ak,17c,10240,0/0
/spttest/mixed_10K_al,17d,10240,0/0
/spttest/mixed_10K_am,17e,10240,0/0
/spttest/mixed_10K_an,17f,10240,0/0
/spttest/mixed_10K_ao,180,10240,0/0
/spttest/mixed_10K_ap,181,10240,0/0
/spttest/mixed_10K_aq,182,10240,0/0
/spttest/mixed_10K_ar,183,10240,0/0
/spttest/mixed_10K_as,184,10240,0/0
/spttest/mixed_10K_at,185,10240,0/0
/spttest/mixed_10K_au,186,10240,0/0
/spttest/mixed_10K_av,187,10240,0/0
/spttest/mixed_10K_aw,188,10240,0/0
/spttest/mixed_10K_ax,189,10240,0/0
/spttest/mixed_10K_ay,18a,10240,0/0
/spttest/mixed_10K_az,18b,10240,0/0
/spttest/mixed_10K_b0,18c,10240,0/0
/spttest/mixed_10K_b1,18d,10240,0/0
/spttest/mixed_10K_b2,18e,10240,0/0
/spttest/mixed_10K_b3,18f,10240,0/0
/spttest/mixed_10K_b4,190,10240,0/0
/spttest/mixed_10K_b5,191,10240,0/0
/spttest/mixed_10K_b6,192,10240,0/0
/spttest/mixed_10K_b7,193,10240,0/0
/spttest/mixed_10K_b8,194,10240,0/0
/spttest/mixed_10K_b9,195,10240,0/0
/spttest/mixed_10K_ba,196,10240,0/0
/spttest/mixed_10K_bb,197,10240,0/0
/spttest/mixed_10K_bc,198,10240,0/0
/spttest/mixed_10K_bd,199,10240,0/0
/spttest/mixed_10K_be,19a,10240,0/0
/spttest/mixed_10K_bf,19b,10240,0/0
/spttest/mixed_10K_bg,19c,10240,0/0
/spttest/mixed_10K_bh,19d,10240,0/0
/spttest/mixed_10K_bi,19e,10240,0/0
/spttest/mixed_10K_bj,19f,10240,0/0
/spttest/mixed_10K_bk,1a0,10240,0/0
/spttest/mixed_10K_bl,1a1,10240,0/0
/spttest/mixed_10K_bm,1a2,10240,0/0
/spttest/mixed_10K_bn,1a3,10240,0/0
/spttest/mixed_10K_bo,1a4,10240,0/0
/spttest/mixed_10K_bp,1a5,10240,0/0
/spttest/mixed_10K_bq,1a6,10240,0/0
/spttest/mixed_10K_br,1a7,10240,0/0
/spttest/mixed_10K_bs,1a8,10240,0/0
/spttest/mixed_10K_bt,1a9,10240,0/0
/spttest/mixed_10K_bu,1aa,10240,0/0
/spttest/mixed_10K_bv,1ab,10240,0/0
/spttest/mixed_10K_bw,1ac,10240,0/0
/spttest/mixed_10K_bx,1ad,10240,0/0
/spttest/mixed_10K_by,1ae,10240,0/0
/spttest/mixed_10K_bz,1af,10240,0/0
/spttest/mixed_10K_c0,1b0,10240,0/0
/spttest/mixed_10K_c1,1b1,10240,0/0
/spttest/mixed_10K_c2,1b2,10240,0/0
/spttest/mixed_10K_c3,1b3,10240,0/0
/spttest/mixed_10K_c4,1b4,10240,0/0
/spttest/mixed_10K_c5,1b5,10240,0/0
/spttest/mixed_10K_c6,1b6,10240,0/0
/spttest/mixed_10K_c7,1b7,10240,0/0
/spttest/mixed_10K_c8,1b8,10240,0/0
/spttest/mixed_10K_c9,1b9,10240,0/0
/spttest/mixed_10K_ca,1ba,10240,0/0
/spttest/mixed_10K_cb,1bb,10240,0/0
/spttest/mixed_10K_cc,1bc,10240,0/0
/spttest/mixed_10K_cd,1bd,10240,0/0
/spttest/mixed_10K_ce,1be,10240,0/0
/spttest/mixed_10K_cf,1bf,10240,0/0
/spttest/mixed_10K_cg,1c0,10240,0/0
/spttest/mixed_10K_ch,1c1,10240,0/0
/spttest/mixed_10K_ci,1c2,10240,0/0
/spttest/mixed_10K_cj,1c3,10240,0/0
/spttest/mixed_10K_ck,1c4,10240,0/0
/spttest/mixed_10K_cl,1c5,10240,0/0
/spttest/mixed_10K_cm,1c6,10240,0/0
/spttest/mixed_10K_cn,1c7,10240,0/0
/spttest/mixed_10K_co,1c8,10240,0/0
/spttest/mixed_10K_cp,1c9,10240,0/0
/spttest/mixed_10K_cq,1ca,10240,0/0
/spttest/mixed_10K_cr,1cb,10240,0/0
/spttest/mixed_10K_cs,1cc,10240,0/0
/spttest/mixed_10K_ct,1cd,10240,0/0
/spttest/mixed_10K_cu,1ce,10240,0/0
/spttest/mixed_10K_cv,1cf,10240,0/0
/spttest/mixed_10K_cw,1d0,10240,0/0
/spttest/mixed_10K_cx,1d1,10240,0/0
/spttest/mixed_10K_cy,1d2,10240,0/0
/spttest/mixed_10K_cz,1d3,10240,0/0
/spttest/mixed_10K_d0,1d4,10240,0/0
/spttest/mixed_10K_d1,1d5,10240,0/0
/spttest/mixed_10K_d2,1d6,10240,0/0
/spttest/mixed_10K_d3,1d7,10240,0/0
/spttest/mixed_10K_d4,1d8,10240,0/0
/spttest/mixed_10K_d5,1d9,10240,0/0
/spttest/mixed_10K_d6,1da,10240,0/0
/spttest/mixed_10K_d7,1db,10240,0/0
/spttest/mixed_10K_d8,1dc,10240,0/0
/spttest/mixed_10K_d9,1dd,10240,0/0
/spttest/mixed_10K_da,1de,10240,0/0
/spttest/mixed_10K_db,1df,10240,0/0
/spttest/mixed_10K_dc,1e0,10240,0/0
/spttest/mixed_10K_dd,1e1,10240,0/0
/spttest/mixed_10K_de,1e2,10240,0/0
/spttest/mixed_10K_df,1e3,10240,0/0
/spttest/mixed_10K_dg,1e4,10240,0/0
/spttest/mixed_10K_dh,1e5,10240,0/0
/spttest/mixed_10K_di,1e6,10240,0/0
/spttest/mixed_10K_dj,1e7,10240,0/0
/spttest/mixed_10K_dk,1e8,10240,0/0
/spttest/mixed_10K_dl,1e9,10240,0/0
/spttest/mixed_10K_dm,1ea,10240,0/0
/spttest/mixed_10K_dn,1eb,10240,0/0
/spttest/mixed_10K_do,1ec,10240,0/0
/spttest/mixed_10K_dp,1ed,10240,0/0
/spttest/mixed_10K_dq,1ee,10240,0/0
/spttest/mixed_10K_dr,1ef,10240,0/0
/spttest/mixed_10K_ds,1f0,10240,0/0
/spttest/mixed_10K_dt,1f1,10240,0/0
/spttest/mixed_10K_du,1f2,10240,0/0
/spttest/mixed_10K_dv,1f3,10240,0/0
/spttest/mixed_10K_dw,1f4,10240,0/0
/spttest/mixed_10K_dx,1f5,10240,0/0
/spttest/mixed_10K_dy,1f6,10240,0/0
/spttest/mixed_10K_dz,1f7,10240,0/0
/spttest/mixed_10K_e0,1f8,10240,0/0
/spttest/mixed_10K_e1,1f9,10240,0/0
/spttest/mixed_10K_e2,1fa,10240,0/0
/spttest/mixed_10K_e3,1fb,10240,0/0
/spttest/mixed_10K_e4,1fc,10240,0/0
/spttest/mixed_10K_e5,1fd,10240,0/0
/spttest/mixed_10K_e6,1fe,10240,0/0
/spttest/mixed_10K_e7,1ff,10240,0/0
/spttest/mixed_10K_e8,200,10240,0/0
/spttest/mixed_10K_e9,201,10240,0/0
/spttest/mixed_10K_ea,202,10240,0/0
/spttest/mixed_10K_eb,203,10240,0/0
/spttest/mixed_10K_ec,204,10240,0/0
/spttest/mixed_10K_ed,205,10240,0/0
/spttest/mixed_10K_ee,206,10240,0/0
/spttest/mixed_10K_ef,207,10240,0/0
/spttest/mixed_10K_eg,208,10240,0/0
/spttest/mixed_10K_eh,209,10240,0/0
/spttest/mixed_10K_ei,20a,10240,0/0
/spttest/mixed_10K_ej,20b,10240,0/0
/spttest/mixed_10K_ek,20c,10240,0/0
/spttest/mixed_10K_el,20d,10240,0/0
/spttest/mixed_10K_em,20e,10240,0/0
/spttest/mixed_10K_en,20f,10240,0/0
/spttest/mixed_10K_eo,210,10240,0/0
/spttest/mixed_10K_ep,211,10240,0/0
/spttest/mixed_10K_eq,212,10240,0/0
/spttest/mixed_10K_er,213,10240,0/0
/spttest/mixed_10K_es,214,10240,0/0
/spttest/mixed_10K_et,215,10240,0/0
/spttest/mixed_10K_eu,216,10240,0/0
/spttest/mixed_10K_ev,217,10240,0/0
/spttest/mixed_10K_ew,218,10240,0/0
/spttest/mixed_10K_ex,219,10240,0/0
/spttest/mixed_10K_ey,21a,10240,0/0
/spttest/mixed_10K_ez,21b,10240,0/0
/spttest/mixed_10K_f0,21c,10240,0/0
/spttest/mixed_10K_f1,21d,10240,0/0
/spttest/mixed_10K_f2,21e,10240,0/0
/spttest/mixed_10K_f3,21f,10240,0/0
/spttest/mixed_10K_f4,220,10240,0/0
/spttest/mixed_10K_f5,221,10240,0/0
/spttest/mixed_10K_f6,222,10240,0/0
/spttest/mixed_10K_f7,223,10240,0/0
/spttest/mixed_10K_f8,224,10240,0/0
/spttest/mixed_10K_f9,225,10240,0/0
/spttest/mixed_10K_fa,226,10240,0/0
/spttest/mixed_10K_fb,227,10240,0/0
/spttest/mixed_10K_fc,228,10240,0/0
/spttest/mixed_10K_fd,229,10240,0/0
/spttest/mixed_10K_fe,22a,10240,0/0
/spttest/mixed_10K_ff,22b,10240,0/0
/spttest/mixed_10K_fg,22c,10240,0/0
/spttest/mixed_10K_fh,22d,10240,0/0
/spttest/mixed_10K_fi,22e,10240,0/0
/spttest/mixed_10K_fj,22f,10240,0/0
/spttest/mixed_10K_fk,230,10240,0/0
/spttest/mixed_10K_fl,231,10240,0/0
/spttest/mixed_10K_fm,232,10240,0/0
/spttest/mixed_10K_fn,233,10240,0/0
/spttest/mixed_10K_fo,234,10240,0/0
/spttest/mixed_10K_fp,235,10240,0/0
/spttest/mixed_10K_fq,236,10240,0/0
/spttest/mixed_10K_fr,237,10240,0/0
/spttest/mixed_10K_fs,238,10240,0/0
/spttest/mixed_10K_ft,239,10240,0/0
/spttest/mixed_10K_fu,23a,10240,0/0
/spttest/mixed_10K_fv,23b,10240,0/0
/spttest/mixed_10K_fw,23c,10240,0/0
/spttest/mixed_10K_fx,23d,10240,0/0
/spttest/mixed_10K_fy,23e,10240,0/0
/spttest/mixed_10K_fz,23f,10240,0/0
/spttest/mixed_10K_g0,240,10240,0/0
/spttest/mixed_10K_g1,241,10240,0/0
/spttest/mixed_10K_g2,242,10240,0/0
/spttest/mixed_10K_g3,243,10240,0/0
/spttest/mixed_10K_g4,244,10240,0/0
/spttest/mixed_10K_g5,245,10240,0/0
/spttest/mixed_10K_g6,246,10240,0/0
/spttest/mixed_10K_g7,247,10240,0/0
/spttest/mixed_10K_g8,248,10240,0/0
/spttest/mixed_10K_g9,249,10240,0/0
/spttest/mixed_10K_ga,24a,10240,0/0
/spttest/mixed_10K_gb,24b,10240,0/0
/spttest/mixed_10K_gc,24c,10240,0/0
/spttest/mixed_10K_gd,24d,10240,0/0
/spttest/mixed_10K_ge,24e,10240,0/0
/spttest/mixed_10K_gf,24f,10240,0/0
/spttest/mixed_10K_gg,250,10240,0/0
/spttest/mixed_10K_gh,251,10240,0/0
/spttest/mixed_10K_gi,252,10240,0/0
/spttest/mixed_10K_gj,253,10240,0/0
/spttest/mixed_10K_gk,254,10240,0/0
/spttest/mixed_10K_gl,255,10240,0/0
/spttest/mixed_10K_gm,256,10240,0/0
/spttest/mixed_10K_gn,257,10240,0/0
/spttest/mixed_10K_go,258,10240,0/0
/spttest/mixed_10K_gp,259,10240,0/0
/spttest/mixed_10K_gq,25a,10240,0/0
/spttest/mixed_10K_gr,25b,10240,0/0
/spttest/mixed_10K_gs,25c,10240,0/0
/spttest/mixed_10K_gt,25d,10240,0/0
/spttest/mixed_10K_gu,25e,10240,0/0
/spttest/mixed_10K_gv,25f,10240,0/0
/spttest/mixed_10K_gw,260,10240,0/0
/spttest/mixed_10K_gx,261,10240,0/0
/spttest/mixed_10K_gy,262,10240,0/0
/spttest/mixed_10K_gz,263,10240,0/0
/spttest/mixed_10K_h0,264,10240,0/0
/spttest/mixed_10K_h1,265,10240,0/0
/spttest/mixed_10K_h2,266,10240,0/0
/spttest/mixed_10K_h3,267,10240,0/0
/spttest/mixed_10K_h4,268,10240,0/0
/spttest/mixed_10K_h5,269,10240,0/0
/spttest/mixed_10K_h6,26a,10240,0/0
/spttest/mixed_10K_h7,26b,10240,0/0
/spttest/mixed_10K_h8,26c,10240,0/0
/spttest/mixed_10K_h9,26d,10240,0/0
/spttest/mixed_10K_ha,26e,10240,0/0
/spttest/mixed_10K_hb,26f,10240,0/0
/spttest/mixed_10K_hc,270,10240,0/0
/spttest/mixed_10K_hd,271,10240,0/0
/spttest/mixed_10K_he,272,10240,0/0
/spttest/mixed_10K_hf,273,10240,0/0
/spttest/mixed_10K_hg,274,10240,0/0
/spttest/mixed_10K_hh,275,10240,0/0
/spttest/mixed_10K_hi,276,10240,0/0
/spttest/mixed_10K_hj,277,10240,0/0
/spttest/mixed_10K_hk,278,10240,0/0
/spttest/mixed_10K_hl,279,10240,0/0
/spttest/mixed_10K_hm,27a,10240,0/0
/spttest/mixed_10K_hn,27b,10240,0/0
/spttest/mixed_10K_ho,27c,10240,0/0
/spttest/mixed_10K_hp,27d,10240,0/0
/spttest/mixed_10K_hq,27e,10240,0/0
/spttest/mixed_10K_hr,27f,10240,0/0
/spttest/mixed_10K_hs,280,10240,0/0
/spttest/mixed_10K_ht,281,10240,0/0
/spttest/mixed_10K_hu,282,10240,0/0
/spttest/mixed_10K_hv,283,10240,0/0
/spttest/mixed_10K_hw,284,10240,0/0
/spttest/mixed_10K_hx,285,10240,0/0
/spttest/mixed_10K_hy,286,10240,0/0
/spttest/mixed_10K_hz,287,10240,0/0
/spttest/mixed_10K_i0,288,10240,0/0
/spttest/mixed_10K_i1,289,10240,0/0
/spttest/mixed_10K_i2,28a,10240,0/0
/spttest/mixed_10K_i3,28b,10240,0/0
/spttest/mixed_10K_i4,28c,10240,0/0
/spttest/mixed_10K_i5,28d,10240,0/0
/spttest/mixed_10K_i6,28e,10240,0/0
/spttest/mixed_10K_i7,28f,10240,0/0
/spttest/mixed_10K_i8,290,10240,0/0
/spttest/mixed_10K_i9,291,10240,0/0
/spttest/mixed_10K_ia,292,10240,0/0
/spttest/mixed_10K_ib,293,10240,0/0
/spttest/mixed_10K_ic,294,10240,0/0
/spttest/mixed_10K_id,295,10240,0/0
/spttest/mixed_10K_ie,296,10240,0/0
/spttest/mixed_10K_if,297,10240,0/0
/spttest/mixed_10K_ig,298,10240,0/0
/spttest/mixed_10K_ih,299,10240,0/0
/spttest/mixed_10K_ii,29a,10240,0/0
/spttest/mixed_10K_ij,29b,10240,0/0
/spttest/mixed_10K_ik,29c,10240,0/0
/spttest/mixed_10K_il,29d,10240,0/0
/spttest/mixed_10K_im,29e,10240,0/0
/spttest/mixed_10K_in,29f,10240,0/0
/spttest/mixed_10K_io,2a0,10240,0/0
/spttest/mixed_10K_ip,2a1,10240,0/0
/spttest/mixed_10K_iq,2a2,10240,0/0
/spttest/mixed_10K_ir,2a3,10240,0/0
/spttest/mixed_10K_is,2a4,10240,0/0
/spttest/mixed_10K_it,2a5,10240,0/0
/spttest/mixed_10K_iu,2a6,10240,0/0
/spttest/mixed_10K_iv,2a7,10240,0/0
/spttest/mixed_10K_iw,2a8,10240,0/0
/spttest/mixed_10K_ix,2a9,10240,0/0
/spttest/mixed_10K_iy,2aa,10240,0/0
/spttest/mixed_10K_iz,2ab,10240,0/0
/spttest/mixed_10K_j0,2ac,10240,0/0
/spttest/mixed_10K_j1,2ad,10240,0/0
/spttest/mixed_10K_j2,2ae,10240,0/0
/spttest/mixed_10K_j3,2af,10240,0/0
/spttest/mixed_10K_j4,2b0,10240,0/0
/spttest/mixed_10K_j5,2b1,10240,0/0
/spttest/mixed_10K_j6,2b2,10240,0/0
/spttest/mixed_10K_j7,2b3,10240,0/0
/spttest/mixed_10K_j8,2b4,10240,0/0
/spttest/mixed_10K_j9,2b5,10240,0/0
/spttest/mixed_10K_ja,2b6,10240,0/0
/spttest/mixed_10K_jb,2b7,10240,0/0
/spttest/mixed_10K_jc,2b8,10240,0/0
/spttest/mixed_10K_jd,2b9,10240,0/0
/spttest/mixed_10K_je,2ba,10240,0/0
/spttest/mixed_10K_jf,2bb,10240,0/0
/spttest/mixed_10K_jg,2bc,10240,0/0
/spttest/mixed_10K_jh,2bd,10240,0/0
/spttest/mixed_10K_ji,2be,10240,0/0
/spttest/mixed_10K_jj,2bf,10240,0/0
/spttest/mixed_10K_jk,2c0,10240,0/0
/spttest/mixed_10K_jl,2c1,10240,0/0
/spttest/mixed_10K_jm,2c2,10240,0/0
/spttest/mixed_10K_jn,2c3,10240,0/0
/spttest/mixed_10K_jo,2c4,10240,0/0
/spttest/mixed_10K_jp,2c5,10240,0/0
/spttest/mixed_10K_jq,2c6,10240,0/0
/spttest/mixed_10K_jr,2c7,10240,0/0
/spttest/mixed_10K_js,2c8,10240,0/0
/spttest/mixed_10K_jt,2c9,10240,0/0
/spttest/mixed_10K_ju,2ca,10240,0/0
/spttest/mixed_10K_jv,2cb,10240,0/0
/spttest/mixed_10K_jw,2cc,10240,0/0
/spttest/mixed_10K_jx,2cd,10240,0/0
/spttest/mixed_10K_jy,2ce,10240,0/0
/spttest/mixed_10K_jz,2cf,10240,0/0
/spttest/mixed_10K_k0,2d0,10240,0/0
/spttest/mixed_10K_k1,2d1,10240,0/0
/spttest/mixed_10K_k2,2d2,10240,0/0
/spttest/mixed_10K_k3,2d3,10240,0/0
/spttest/mixed_10K_k4,2d4,10240,0/0
/spttest/mixed_10K_k5,2d5,10240,0/0
/spttest/mixed_10K_k6,2d6,10240,0/0
/spttest/mixed_10K_k7,2d7,10240,0/0
/spttest/mixed_10K_k8,2d8,10240,0/0
/spttest/mixed_10K_k9,2d9,10240,0/0
/spttest/mixed_10K_ka,2da,10240,0/0
/spttest/mixed_10K_kb,2db,10240,0/0
/spttest/mixed_10K_kc,2dc,10240,0/0
/spttest/mixed_10K_kd,2dd,10240,0/0
/spttest/mixed_10K_ke,2de,10240,0/0
/spttest/mixed_10K_kf,2df,10240,0/0
/spttest/mixed_10K_kg,2e0,10240,0/0
/spttest/mixed_10K_kh,2e1,10240,0/0
/spttest/mixed_10K_ki,2e2,10240,0/0
/spttest/mixed_10K_kj,2e3,10240,0/0
/spttest/mixed_10K_kk,2e4,10240,0/0
/spttest/mixed_10K_kl,2e5,10240,0/0
/spttest/mixed_10K_km,2e6,10240,0/0
/spttest/mixed_10K_kn,2e7,10240,0/0
/spttest/mixed_10K_ko,2e8,10240,0/0
/spttest/mixed_10K_kp,2e9,10240,0/0
/spttest/mixed_10K_kq,2ea,10240,0/0
/spttest/mixed_10K_kr,2eb,10240,0/0
/spttest/mixed_10K_ks,2ec,10240,0/0
/spttest/mixed_10K_kt,2ed,10240,0/0
/spttest/mixed_10K_ku,2ee,10240,0/0
/spttest/mixed_10K_kv,2ef,10240,0/0
/spttest/mixed_10K_kw,2f0,10240,0/0
/spttest/mixed_10K_kx,2f1,10240,0/0
/spttest/mixed_10K_ky,2f2,10240,0/0
/spttest/mixed_10K_kz,2f3,10240,0/0
/spttest/mixed_10K_l0,2f4,10240,0/0
/spttest/mixed_10K_l1,2f5,10240,0/0
/spttest/mixed_10K_l2,2f6,10240,0/0
/spttest/mixed_10K_l3,2f7,10240,0/0
/spttest/mixed_10K_l4,2f8,10240,0/0
/spttest/mixed_10K_l5,2f9,10240,0/0
/spttest/mixed_10K_l6,2fa,10240,0/0
/spttest/mixed_10K_l7,2fb,10240,0/0
/spttest/mixed_10K_l8,2fc,10240,0/0
/spttest/mixed_10K_l9,2fd,10240,0/0
/spttest/mixed_10K_la,2fe,10240,0/0
/spttest/mixed_10K_lb,2ff,10240,0/0
/spttest/mixed_10K_lc,300,10240,0/0
/spttest/mixed_10K_ld,301,10240,0/0
/spttest/mixed_10K_le,302,10240,0/0
/spttest/mixed_10K_lf,303,10240,0/0
/spttest/mixed_10K_lg,304,10240,0/0
/spttest/mixed_10K_lh,305,10240,0/0
/spttest/mixed_10K_li,306,10240,0/0
/spttest/mixed_10K_lj,307,10240,0/0
/spttest/mixed_10K_lk,308,10240,0/0
/spttest/mixed_10K_ll,309,10240,0/0
/spttest/mixed_10K_lm,30a,10240,0/0
/spttest/mixed_10K_ln,30b,10240,0/0
/spttest/mixed_10K_lo,30c,10240,0/0
/spttest/mixed_10K_lp,30d,10240,0/0
/spttest/mixed_10K_lq,30e,10240,0/0
/spttest/mixed_10K_lr,30f,10240,0/0
/spttest/mixed_10K_ls,310,10240,0/0
/spttest/mixed_10K_lt,311,10240,0/0
/spttest/mixed_10K_lu,312,10240,0/0
/spttest/mixed_10K_lv,313,10240,0/0
/spttest/mixed_10K_lw,314,10240,0/0
/spttest/mixed_10K_lx,315,10240,0/0
/spttest/mixed_10K_ly,316,10240,0/0
/spttest/mixed_10K_lz,317,10240,0/0
/spttest/mixed_10K_m0,318,10240,0/0
/spttest/mixed_10K_m1,319,10240,0/0
/spttest/mixed_10K_m2,31a,10240,0/0
/spttest/mixed_10K_m3,31b,10240,0/0
/spttest/mixed_10K_m4,31c,10240,0/0
/spttest/mixed_10K_m5,31d,10240,0/0
/spttest/mixed_10K_m6,31e,10240,0/0
/spttest/mixed_10K_m7,31f,10240,0/0
/spttest/mixed_10K_m8,320,10240,0/0
/spttest/mixed_10K_m9,321,10240,0/0
/spttest/mixed_10K_ma,322,10240,0/0
/spttest/mixed_10K_mb,323,10240,0/0
/spttest/mixed_10K_mc,324,10240,0/0
/spttest/mixed_10K_md,325,10240,0/0
/spttest/mixed_10K_me,326,10240,0/0
/spttest/mixed_10K_mf,327,10240,0/0
/spttest/mixed_10K_mg,328,10240,0/0
/spttest/mixed_10K_mh,329,10240,0/0
/spttest/mixed_10K_mi,32a,10240,0/0
/spttest/mixed_10K_mj,32b,10240,0/0
/spttest/mixed_10K_mk,32c,10240,0/0
/spttest/mixed_10K_ml,32d,10240,0/0
/spttest/mixed_10K_mm,32e,10240,0/0
/spttest/mixed_10K_mn,32f,10240,0/0
/spttest/mixed_10K_mo,330,10240,0/0
/spttest/mixed_10K_mp,331,10240,0/0
/spttest/mixed_10K_mq,332,10240,0/0
/spttest/mixed_10K_mr,333,10240,0/0
/spttest/mixed_10K_ms,334,10240,0/0
/spttest/mixed_10K_mt,335,10240,0/0
/spttest/mixed_10K_mu,336,10240,0/0
/spttest/mixed_10K_mv,337,10240,0/0
/spttest/mixed_10K_mw,338,10240,0/0
/spttest/mixed_10K_mx,339,10240,0/0
/spttest/mixed_10K_my,33a,10240,0/0
/spttest/mixed_10K_mz,33b,10240,0/0
/spttest/mixed_10K_n0,33c,10240,0/0
/spttest/mixed_10K_n1,33d,10240,0/0
/spttest/mixed_10K_n2,33e,10240,0/0
/spttest/mixed_10K_n3,33f,10240,0/0
/spttest/mixed_10K_n4,340,10240,0/0
/spttest/mixed_10K_n5,341,10240,0/0
/spttest/mixed_10K_n6,342,10240,0/0
/spttest/mixed_10K_n7,343,10240,0/0
/spttest/mixed_10K_n8,344,10240,0/0
/spttest/mixed_10K_n9,345,10240,0/0
/spttest/mixed_10K_na,346,10240,0/0
/spttest/mixed_10K_nb,347,10240,0/0
/spttest/mixed_10K_nc,348,10240,0/0
/spttest/mixed_10K_nd,349,10240,0/0
/spttest/mixed_10K_ne,34a,10240,0/0
/spttest/mixed_10K_nf,34b,10240,0/0
/spttest/mixed_10K_ng,34c,10240,0/0
/spttest/mixed_10K_nh,34d,10240,0/0
/spttest/mixed_10K_ni,34e,10240,0/0
/spttest/mixed_10K_nj,34f,10240,0/0
/spttest/mixed_10K_nk,350,10240,0/0
/spttest/mixed_10K_nl,351,10240,0/0
/spttest/mixed_10K_nm,352,10240,0/0
/spttest/mixed_10K_nn,353,10240,0/0
/spttest/mixed_10K_no,354,10240,0/0
/spttest/mixed_10K_np,355,10240,0/0
/spttest/mixed_10K_nq,356,10240,0/0
/spttest/mixed_10K_nr,357,10240,0/0
/spttest/mixed_10K_ns,358,10240,0/0
/spttest/mixed_10K_nt,359,10240,0/0
/spttest/mixed_10K_nu,35a,10240,0/0
/spttest/mixed_10K_nv,35b,10240,0/0
/spttest/mixed_10K_nw,35c,10240,0/0
/spttest/mixed_10K_nx,35d,10240,0/0
/spttest/mixed_10K_ny,35e,10240,0/0
/spttest/mixed_10K_nz,35f,10240,0/0
/spttest/mixed_10K_o0,360,10240,0/0
/spttest/mixed_10K_o1,361,10240,0/0
/spttest/mixed_10K_o2,362,10240,0/0
/spttest/mixed_10K_o3,363,10240,0/0
/spttest/mixed_10K_o4,364,10240,0/0
/spttest/mixed_10K_o5,365,10240,0/0
/spttest/mixed_10K_o6,366,10240,0/0
/spttest/mixed_10K_o7,367,10240,0/0
/spttest/mixed_10K_o8,368,10240,0/0
/spttest/mixed_10K_o9,369,10240,0/0
/spttest/mixed_10K_oa,36a,10240,0/0
/spttest/mixed_10K_ob,36b,10240,0/0
/spttest/mixed_10K_oc,36c,10240,0/0
/spttest/mixed_10K_od,36d,10240,0/0
/spttest/mixed_10K_oe,36e,10240,0/0
/spttest/mixed_10K_of,36f,10240,0/0
/spttest/mixed_10K_og,370,10240,0/0
/spttest/mixed_10K_oh,371,10240,0/0
/spttest/mixed_10K_oi,372,10240,0/0
/spttest/mixed_10K_oj,373,10240,0/0
/spttest/mixed_10K_ok,374,10240,0/0
/spttest/mixed_10K_ol,375,10240,0/0
/spttest/mixed_10K_om,376,10240,0/0
/spttest/mixed_10K_on,377,10240,0/0
/spttest/mixed_10K_oo,378,10240,0/0
/spttest/mixed_10K_op,379,10240,0/0
/spttest/mixed_10K_oq,37a,10240,0/0
/spttest/mixed_10K_or,37b,10240,0/0
/spttest/mixed_10K_os,37c,10240,0/0
/spttest/mixed_10K_ot,37d,10240,0/0
/spttest/mixed_10K_ou,37e,10240,0/0
/spttest/mixed_10K_ov,37f,10240,0/0
/spttest/mixed_10K_ow,380,10240,0/0
/spttest/mixed_10K_ox,381,10240,0/0
/spttest/mixed_10K_oy,382,10240,0/0
/spttest/mixed_10K_oz,383,10240,0/0
/spttest/mixed_10K_p0,384,10240,0/0
/spttest/mixed_10K_p1,385,10240,0/0
/spttest/mixed_10K_p2,386,10240,0/0
/spttest/mixed_10K_p3,387,10240,0/0
/spttest/mixed_10K_p4,388,10240,0/0
/spttest/mixed_10K_p5,389,10240,0/0
/spttest/mixed_10K_p6,38a,10240,0/0
/spttest/mixed_10K_p7,38b,10240,0/0
/spttest/mixed_10K_p8,38c,10240,0/0
/spttest/mixed_10K_p9,38d,10240,0/0
/spttest/mixed_10K_pa,38e,10240,0/0
/spttest/mixed_10K_pb,38f,10240,0/0
/spttest/mixed_10K_pc,390,10240,0/0
/spttest/mixed_10K_pd,391,10240,0/0
/spttest/mixed_10K_pe,392,10240,0/0
/spttest/mixed_10K_pf,393,10240,0/0
/spttest/mixed_10K_pg,394,10240,0/0
/spttest/mixed_10K_ph,395,10240,0/0
/spttest/mixed_10K_pi,396,10240,0/0
/spttest/mixed_10K_pj,397,10240,0/0
/spttest/mixed_10K_pk,398,10240,0/0
/spttest/mixed_10K_pl,399,10240,0/0
/spttest/mixed_10K_pm,39a,10240,0/0
/spttest/mixed_10K_pn,39b,10240,0/0
/spttest/mixed_10K_po,39c,10240,0/0
/spttest/mixed_10K_pp,39d,10240,0/0
/spttest/mixed_10K_pq,39e,10240,0/0
/spttest/mixed_10K_pr,39f,10240,0/0
/spttest/mixed_10K_ps,3a0,10240,0/0
/spttest/mixed_10K_pt,3a1,10240,0/0
/spttest/mixed_10K_pu,3a2,10240,0/0
/spttest/mixed_10K_pv,3a3,10240,0/0
/spttest/mixed_10K_pw,3a4,10240,0/0
/spttest/mixed_10K_px,3a5,10240,0/0
/spttest/mixed_10K_py,3a6,10240,0/0
/spttest/mixed_10K_pz,3a7,10240,0/0
/spttest/mixed_10K_q0,3a8,10240,0/0
/spttest/mixed_10K_q1,3a9,10240,0/0
/spttest/mixed_10K_q2,3aa,10240,0/0
/spttest/mixed_10K_q3,3ab,10240,0/0
/spttest/mixed_10K_q4,3ac,10240,0/0
/spttest/mixed_10K_q5,3ad,10240,0/0
/spttest/mixed_10K_q6,3ae,10240,0/0
/spttest/mixed_10K_q7,3af,10240,0/0
/spttest/mixed_10K_q8,3b0,10240,0/0
/spttest/mixed_10K_q9,3b1,10240,0/0
/spttest/mixed_10K_qa,3b2,10240,0/0
/spttest/mixed_10K_qb,3b3,10240,0/0
/spttest/mixed_10K_qc,3b4,10240,0/0
/spttest/mixed_10K_qd,3b5,10240,0/0
/spttest/mixed_10K_qe,3b6,10240,0/0
/spttest/mixed_10K_qf,3b7,10240,0/0
/spttest/mixed_10K_qg,3b8,10240,0/0
/spttest/mixed_10K_qh,3b9,10240,0/0
/spttest/mixed_10K_qi,3ba,10240,0/0
/spttest/mixed_10K_qj,3bb,10240,0/0
/spttest/mixed_10K_qk,3bc,10240,0/0
/spttest/mixed_10K_ql,3bd,10240,0/0
/spttest/mixed_10K_qm,3be,10240,0/0
/spttest/mixed_10K_qn,3bf,10240,0/0
/spttest/mixed_10K_qo,3c0,10240,0/0
/spttest/mixed_10K_qp,3c1,10240,0/0
/spttest/mixed_10K_qq,3c2,10240,0/0
/spttest/mixed_10K_qr,3c3,10240,0/0
/spttest/mixed_10K_qs,3c4,10240,0/0
/spttest/mixed_10K_qt,3c5,10240,0/0
/spttest/mixed_10K_qu,3c6,10240,0/0
/spttest/mixed_10K_qv,3c7,10240,0/0
/spttest/mixed_10K_qw,3c8,10240,0/0
/spttest/mixed_10K_qx,3c9,10240,0/0
/spttest/mixed_10K_qy,3ca,10240,0/0
/spttest/mixed_10K_qz,3cb,10240,0/0
/spttest/mixed_10K_r0,3cc,10240,0/0
/spttest/mixed_10K_r1,3cd,10240,0/0
/spttest/mixed_10K_r2,3ce,10240,0/0
/spttest/mixed_10K_r3,3cf,10240,0/0
/spttest/mixed_10K_r4,3d0,10240,0/0
/spttest/mixed_10K_r5,3d1,10240,0/0
/spttest/mixed_10K_r6,3d2,10240,0/0
/spttest/mixed_10K_r7,3d3,10240,0/0
/spttest/mixed_10K_r8,3d4,10240,0/0
/spttest/mixed_10K_r9,3d5,10240,0/0
/spttest/mixed_10K_ra,3d6,10240,0/0
/spttest/mixed_10K_rb,3d7,10240,0/0
/spttest/mixed_10K_rc,3d8,10240,0/0
/spttest/mixed_10K_rd,3d9,10240,0/0
/spttest/mixed_10K_re,3da,10240,0/0
/spttest/mixed_10K_rf,3db,10240,0/0
/spttest/mixed_10K_rg,3dc,10240,0/0
/spttest/mixed_10K_rh,3dd,10240,0/0
/spttest/mixed_10K_ri,3de,10240,0/0
/spttest/mixed_10K_rj,3df,10240,0/0
/spttest/mixed_10K_rk,3e0,10240,0/0
/spttest/mixed_10K_rl,3e1,10240,0/0
/spttest/mixed_10K_rm,3e2,10240,0/0
/spttest/mixed_10K_rn,3e3,10240,0/0
/spttest/mixed_10K_ro,3e4,10240,0/0
/spttest/mixed_10K_rp,3e5,10240,0/0
/spttest/mixed_10K_rq,3e6,10240,0/0
/spttest/mixed_10K_rr,3e7,10240,0/0
/spttest/mixed_10K_rs,3e8,10240,0/0
/spttest/mixed_10K_rt,3e9,10240,0/0
/spttest/mixed_10K_ru,3ea,10240,0/0
/spttest/mixed_10K_rv,3eb,10240,0/0
/spttest/mixed_10K_rw,3ec,10240,0/0
/spttest/mixed_10K_rx,3ed,10240,0/0
/spttest/mixed_10K_ry,3ee,10240,0/0
/spttest/mixed_10K_rz,3ef,10240,0/0
/spttest/mixed_10K_s0,3f0,10240,0/0
/spttest/mixed_10K_s1,3f1,10240,0/0
/spttest/mixed_10K_s2,3f2,10240,0/0
/spttest/mixed_10K_s3,3f3,10240,0/0
/spttest/mixed_10K_s4,3f4,10240,0/0
/spttest/mixed_10K_s5,3f5,10240,0/0
/spttest/mixed_10K_s6,3f6,10240,0/0
/spttest/mixed_10K_s7,3f7,10240,0/0
/spttest/mixed_10K_s8,3f8,10240,0/0
/spttest/mixed_10K_s9,3f9,10240,0/0
/spttest/mixed_10K_sa,3fa,10240,0/0
/spttest/mixed_10K_sb,3fb,10240,0/0
/spttest/mixed_10K_sc,3fc,10240,0/0
/spttest/mixed_10K_sd,3fd,10240,0/0
/spttest/mixed_10K_se,3fe,10240,0/0
/spttest/mixed_10K_sf,3ff,10240,0/0
/spttest/mixed_10K_sg,400,10240,0/0
/spttest/mixed_10K_sh,401,10240,0/0
/spttest/mixed_10K_si,402,10240,0/0
/spttest/mixed_10K_sj,403,10240,0/0
/spttest/mixed_10K_sk,404,10240,0/0
/spttest/mixed_10K_sl,405,10240,0/0
/spttest/mixed_10K_sm,406,10240,0/0
/spttest/mixed_10K_sn,407,10240,0/0
/spttest/mixed_10K_so,408,10240,0/0
/spttest/mixed_10K_sp,409,10240,0/0
/spttest/mixed_10K_sq,40a,10240,0/0
/spttest/mixed_10K_sr,40b,10240,0/0
/spttest/mixed_10K_ss,40c,10240,0/0
/spttest/mixed_10K_st,40d,10240,0/0
/spttest/mixed_10K_su,40e,10240,0/0
/spttest/mixed_10K_sv,40f,10240,0/0
/spttest/mixed_10K_sw,410,10240,0/0
/spttest/mixed_10K_sx,411,10240,0/0
/spttest/mixed_10K_sy,412,10240,0/0
/spttest/mixed_10K_sz,413,10240,0/0
/spttest/mixed_10K_t0,414,10240,0/0
/spttest/mixed_10K_t1,415,10240,0/0
/spttest/mixed_10K_t2,416,10240,0/0
/spttest/mixed_10K_t3,417,10240,0/0
/spttest/mixed_10K_t4,418,10240,0/0
/spttest/mixed_10K_t5,419,10240,0/0
/spttest/mixed_10K_t6,41a,10240,0/0
/spttest/mixed_10K_t7,41b,10240,0/0
/spttest/mixed_10K_t8,41c,10240,0/0
/spttest/mixed_10K_t9,41d,10240,0/0
/spttest/mixed_10K_ta,41e,10240,0/0
/spttest/mixed_10K_tb,41f,10240,0/0
/spttest/mixed_10K_tc,420,10240,0/0
/spttest/mixed_10K_td,421,10240,0/0
/spttest/mixed_10K_te,422,10240,0/0
/spttest/mixed_10K_tf,423,10240,0/0
/spttest/mixed_10K_tg,424,10240,0/0
/spttest/mixed_10K_th,425,10240,0/0
/spttest/mixed_10K_ti,426,10240,0/0
/spttest/mixed_10K_tj,427,10240,0/0
/spttest/mixed_10K_tk,428,10240,0/0
/spttest/mixed_10K_tl,429,10240,0/0
/spttest/mixed_10K_tm,42a,10240,0/0
/spttest/mixed_10K_tn,42b,10240,0/0
/spttest/mixed_10K_to,42c,10240,0/0
/spttest/mixed_10K_tp,42d,10240,0/0
/spttest/mixed_10K_tq,42e,10240,0/0
/spttest/mixed_10K_tr,42f,10240,0/0
/spttest/mixed_10K_ts,430,10240,0/0
/spttest/mixed_10K_tt,431,10240,0/0
/spttest/mixed_10K_tu,432,10240,0/0
/spttest/mixed_10K_tv,433,10240,0/0
/spttest/mixed_10K_tw,434,10240,0/0
/spttest/mixed_10K_tx,435,10240,0/0
/spttest/mixed_10K_ty,436,10240,0/0
/spttest/mixed_10K_tz,437,10240,0/0
/spttest/mixed_10K_u0,438,10240,0/0
/spttest/mixed_10K_u1,439,10240,0/0
/spttest/mixed_10K_u2,43a,10240,0/0
/spttest/mixed_10K_u3,43b,10240,0/0
/spttest/mixed_10K_u4,43c,10240,0/0
/spttest/mixed_10K_u5,43d,10240,0/0
/spttest/mixed_10K_u6,43e,10240,0/0
/spttest/mixed_10K_u7,43f,10240,0/0
/spttest/mixed_10K_u8,440,10240,0/0
/spttest/mixed_10K_u9,441,10240,0/0
/spttest/mixed_10K_ua,442,10240,0/0
/spttest/mixed_10K_ub,443,10240,0/0
/spttest/mixed_10K_uc,444,10240,0/0
/spttest/mixed_10K_ud,445,10240,0/0
/spttest/mixed_10K_ue,446,10240,0/0
/spttest/mixed_10K_uf,447,10240,0/0
/spttest/mixed_10K_ug,448,10240,0/0
/spttest/mixed_10K_uh,449,10240,0/0
/spttest/mixed_10K_ui,44a,10240,0/0
/spttest/mixed_10K_uj,44b,10240,0/0
/spttest/mixed_10K_uk,44c,10240,0/0
/spttest/mixed_10K_ul,44d,10240,0/0
/spttest/mixed_10K_um,44e,10240,0/0
/spttest/mixed_10K_un,44f,10240,0/0
/spttest/mixed_10K_uo,450,10240,0/0
/spttest/mixed_10K_up,451,10240,0/0
/spttest/mixed_10K_uq,452,10240,0/0
/spttest/mixed_10K_ur,453,10240,0/0
/spttest/mixed_10K_us,454,10240,0/0
/spttest/mixed_10K_ut,455,10240,0/0
/spttest/mixed_10K_uu,456,10240,0/0
/spttest/mixed_10K_uv,457,10240,0/0
/spttest/mixed_10K_uw,458,10240,0/0
/spttest/mixed_10K_ux,459,10240,0/0
/spttest/mixed_10K_uy,45a,10240,0/0
/spttest/mixed_10K_uz,45b,10240,0/0
/spttest/mixed_10K_v0,45c,10240,0/0
/spttest/mixed_10K_v1,45d,10240,0/0
/spttest/mixed_10K_v2,45e,10240,0/0
/spttest/mixed_10K_v3,45f,10240,0/0
/spttest/mixed_10K_v4,460,10240,0/0
/spttest/mixed_10K_v5,461,10240,0/0
/spttest/mixed_10K_v6,462,10240,0/0
/spttest/mixed_10K_v7,463,10240,0/0
/spttest/mixed_10K_v8,464,10240,0/0
/spttest/mixed_10K_v9,465,10240,0/0
/spttest/mixed_10K_va,466,10240,0/0
/spttest/mixed_10K_vb,467,10240,0/0
/spttest/mixed_10K_vc,468,10240,0/0
/spttest/mixed_10K_vd,469,10240,0/0
/spttest/mixed_10K_ve,46a,10240,0/0
/spttest/mixed_10K_vf,46b,10240,0/0
/spttest/mixed_10K_vg,46c,10240,0/0
/spttest/mixed_10K_vh,46d,10240,0/0
/spttest/mixed_10K_vi,46e,10240,0/0
/spttest/mixed_10K_vj,46f,10240,0/0
/spttest/mixed_10K_vk,470,10240,0/0
/spttest/mixed_10K_vl,471,10240,0/0
/spttest/mixed_10K_vm,472,10240,0/0
/spttest/mixed_10K_vn,473,10240,0/0
/spttest/mixed_10K_vo,474,10240,0/0
/spttest/mixed_10K_vp,475,10240,0/0
/spttest/mixed_10K_vq,476,10240,0/0
/spttest/mixed_10K_vr,477,10240,0/0
/spttest/mixed_10K_vs,478,10240,0/0
/spttest/mixed_10K_vt,479,10240,0/0
/spttest/mixed_10K_vu,47a,10240,0/0
/spttest/mixed_10K_vv,47b,10240,0/0
/spttest/mixed_10K_vw,47c,10240,0/0
/spttest/mixed_10K_vx,47d,10240,0/0
/spttest/mixed_10K_vy,47e,10240,0/0
/spttest/mixed_10K_vz,47f,10240,0/0
/spttest/mixed_10K_w0,480,10240,0/0
/spttest/mixed_10K_w1,481,10240,0/0
/spttest/mixed_10K_w2,482,10240,0/0
/spttest/mixed_10K_w3,483,10240,0/0
/spttest/mixed_10K_w4,484,10240,0/0
/spttest/mixed_10K_w5,485,10240,0/0
/spttest/mixed_10K_w6,486,10240,0/0
/spttest/mixed_10K_w7,487,10240,0/0
/spttest/mixed_10K_w8,488,10240,0/0
/spttest/mixed_10K_w9,489,10240,0/0
/spttest/mixed_10K_wa,48a,10240,0/0
/spttest/mixed_10K_wb,48b,10240,0/0
/spttest/mixed_10K_wc,48c,10240,0/0
/spttest/mixed_10K_wd,48d,10240,0/0
/spttest/mixed_10K_we,48e,10240,0/0
/spttest/mixed_10K_wf,48f,10240,0/0
/spttest/mixed_10K_wg,490,10240,0/0
/spttest/mixed_10K_wh,491,10240,0/0
/spttest/mixed_10K_wi,492,10240,0/0
/spttest/mixed_10K_wj,493,10240,0/0
/spttest/mixed_10K_wk,494,10240,0/0
/spttest/mixed_10K_wl,495,10240,0/0
/spttest/mixed_10K_wm,496,10240,0/0
/spttest/mixed_10K_wn,497,10240,0/0
/spttest/mixed_10K_wo,498,10240,0/0
/spttest/mixed_10K_wp,499,10240,0/0
/spttest/mixed_10K_wq,49a,10240,0/0
/spttest/mixed_10K_wr,49b,10240,0/0
/spttest/mixed_10K_ws,49c,10240,0/0
/spttest/mixed_10K_wt,49d,10240,0/0
/spttest/mixed_10K_wu,49e,10240,0/0
/spttest/mixed_10K_wv,49f,10240,0/0
/spttest/mixed_10K_ww,4a0,10240,0/0
/spttest/mixed_10K_wx,4a1,10240,0/0
/spttest/mixed_10K_wy,4a2,10240,0/0
/spttest/mixed_10K_wz,4a3,10240,0/0
/spttest/mixed_10K_x0,4a4,10240,0/0
/spttest/mixed_10K_x1,4a5,10240,0/0
/spttest/mixed_10K_x2,4a6,10240,0/0
/spttest/mixed_10K_x3,4a7,10240,0/0
/spttest/mixed_10K_x4,4a8,10240,0/0
/spttest/mixed_10K_x5,4a9,10240,0/0
/spttest/mixed_10K_x6,4aa,10240,0/0
/spttest/mixed_10K_x7,4ab,10240,0/0
/spttest/mixed_10K_x8,4ac,10240,0/0
/spttest/mixed_10K_x9,4ad,10240,0/0
/spttest/mixed_10K_xa,4ae,10240,0/0
/spttest/mixed_10K_xb,4af,10240,0/0
/spttest/mixed_10K_xc,4b0,10240,0/0
/spttest/mixed_10K_xd,4b1,10240,0/0
/spttest/mixed_10K_xe,4b2,10240,0/0
/spttest/mixed_10K_xf,4b3,10240,0/0
/spttest/mixed_10K_xg,4b4,10240,0/0
/spttest/mixed_10K_xh,4b5,10240,0/0
/spttest/mixed_10K_xi,4b6,10240,0/0
/spttest/mixed_10K_xj,4b7,10240,0/0
/spttest/mixed_10K_xk,4b8,10240,0/0
/spttest/mixed_10K_xl,4b9,10240,0/0
/spttest/mixed_10K_xm,4ba,10240,0/0
/spttest/mixed_10K_xn,4bb,10240,0/0
/spttest/mixed_10K_xo,4bc,10240,0/0
/spttest/mixed_10K_xp,4bd,10240,0/0
/spttest/mixed_10K_xq,4be,10240,0/0
/spttest/mixed_10K_xr,4bf,10240,0/0
/spttest/mixed_10K_xs,4c0,10240,0/0
/spttest/mixed_10K_xt,4c1,10240,0/0
/spttest/mixed_10K_xu,4c2,10240,0/0
/spttest/mixed_10K_xv,4c3,10240,0/0
/spttest/mixed_10K_xw,4c4,10240,0/0
/spttest/mixed_10K_xx,4c5,10240,0/0
/spttest/mixed_10K_xy,4c6,10240,0/0
/spttest/mixed_10K_xz,4c7,10240,0/0
/spttest/mixed_10K_y0,4c8,10240,0/0
/spttest/mixed_10K_y1,4c9,10240,0/0
/spttest/mixed_10K_y2,4ca,10240,0/0
/spttest/mixed_10K_y3,4cb,10240,0/0
/spttest/mixed_10K_y4,4cc,10240,0/0
/spttest/mixed_10K_y5,4cd,10240,0/0
/spttest/mixed_10K_y6,4ce,10240,0/0
/spttest/mixed_10K_y7,4cf,10240,0/0
/spttest/mixed_10K_y8,4d0,10240,0/0
/spttest/mixed_10K_y9,4d1,10240,0/0
/spttest/mixed_10K_ya,4d2,10240,0/0
/spttest/mixed_10K_yb,4d3,10240,0/0
/spttest/mixed_10K_yc,4d4,10240,0/0
/spttest/mixed_10K_yd,4d5,10240,0/0
/spttest/mixed_10K_ye,4d6,10240,0/0
/spttest/mixed_10K_yf,4d7,10240,0/0
/spttest/mixed_10K_yg,4d8,10240,0/0
/spttest/mixed_10K_yh,4d9,10240,0/0
/spttest/mixed_10K_yi,4da,10240,0/0
/spttest/mixed_10K_yj,4db,10240,0/0
/spttest/mixed_10K_yk,4dc,10240,0/0
/spttest/mixed_10K_yl,4dd,10240,0/0
/spttest/mixed_10K_ym,4de,10240,0/0
/spttest/mixed_10K_yn,4df,10240,0/0
/spttest/mixed_10K_yo,4e0,10240,0/0
/spttest/mixed_10K_yp,4e1,10240,0/0
/spttest/mixed_10K_yq,4e2,10240,0/0
/spttest/mixed_10K_yr,4e3,10240,0/0
/spttest/mixed_10K_ys,4e4,10240,0/0
/spttest/mixed_10K_yt,4e5,10240,0/0
/spttest/mixed_10K_yu,4e6,10240,0/0
/spttest/mixed_10K_yv,4e7,10240,0/0
/spttest/mixed_10K_yw,4e8,10240,0/0
/spttest/mixed_10K_yx,4e9,10240,0/0
/spttest/mixed_10K_yy,4ea,10240,0/0
/spttest/mixed_10K_yz,4eb,10240,0/0
/spttest/mixed_10K_z0,4ec,10240,0/0
/spttest/mixed_10K_z1,4ed,10240,0/0
/spttest/mixed_10K_z2,4ee,10240,0/0
/spttest/mixed_10K_z3,4ef,10240,0/0
/spttest/mixed_10K_z4,4f0,10240,0/0
/spttest/mixed_10K_z5,4f1,10240,0/0
/spttest/mixed_10K_z6,4f2,10240,0/0
/spttest/mixed_10K_z7,4f3,10240,0/0
/spttest/mixed_10K_z8,4f4,10240,0/0
/spttest/mixed_10K_z9,4f5,10240,0/0
/spttest/mixed_10K_za,4f6,10240,0/0
/spttest/mixed_10K_zb,4f7,10240,0/0
/spttest/mixed_10K_zc,4f8,10240,0/0
/spttest/mixed_10K_zd,4f9,10240,0/0
/spttest/mixed_10K_ze,4fa,10240,0/0
/spttest/mixed_10K_zf,4fb,10240,0/0
/spttest/mixed_10K_zg,4fc,10240,0/0
/spttest/mixed_10K_zh,4fd,10240,0/0
/spttest/mixed_10K_zi,4fe,10240,0/0
/spttest/mixed_10K_zj,4ff,10240,0/0
/spttest/mixed_10K_zk,500,10240,0/0
/spttest/mixed_10K_zl,501,10240,0/0
/spttest/mixed_10K_zm,502,10240,0/0
/spttest/mixed_10K_zn,503,10240,0/0
/spttest/mixed_10K_zo,504,10240,0/0
/spttest/mixed_10K_zp,505,10240,0/0
/spttest/mixed_10K_zq,506,10240,0/0
/spttest/mixed_10K_zr,507,10240,0/0
/spttest/mixed_10K_zs,508,10240,0/0
/spttest/mixed_10K_zt,509,10240,0/0
/spttest/mixed_10K_zu,50a,10240,0/0
/spttest/mixed_10K_zv,50b,10240,0/0
/spttest/mixed_10K_zw,50c,10240,0/0
/spttest/mixed_10K_zx,50d,10240,0/0
/spttest/mixed_10K_zy,50e,10240,0/0
/spttest/mixed_10K_zz,50f,10240,0/0
/spttest/mixed_10K_100,510,10240,0/0
/spttest/mixed_10K_101,511,10240,0/0
/spttest/mixed_10K_102,512,10240,0/0
/spttest/mixed_10K_103,513,10240,0/0
/spttest/mixed_10K_104,514,10240,0/0
/spttest/mixed_10K_105,515,10240,0/0
/spttest/mixed_10K_106,516,10240,0/0
/spttest/mixed_10K_107,517,10240,0/0
/spttest/mixed_10K_108,518,10240,0/0
/spttest/mixed_10K_109,519,10240,0/0
/spttest/mixed_10K_10a,51a,10240,0/0
/spttest/mixed_10K_10b,51b,10240,0/0
/spttest/mixed_10K_10c,51c,10240,0/0
/spttest/mixed_10K_10d,51d,10240,0/0
/spttest/mixed_10K_10e,51e,10240,0/0
/spttest/mixed_10K_10f,51f,10240,0/0
/spttest/mixed_10K_10g,520,10240,0/0
/spttest/mixed_10K_10h,521,10240,0/0
/spttest/mixed_10K_10i,522,10240,0/0
/spttest/mixed_10K_10j,523,10240,0/0
/spttest/mixed_10K_10k,524,10240,0/0
/spttest/mixed_10K_10l,525,10240,0/0
/spttest/mixed_10K_10m,526,10240,0/0
/spttest/mixed_10K_10n,527,10240,0/0
/spttest/mixed_10K_10o,528,10240,0/0
/spttest/mixed_10K_10p,529,10240,0/0
/spttest/mixed_10K_10q,52a,10240,0/0
/spttest/mixed_10K_10r,52b,10240,0/0
/spttest/mixed_10K_10s,52c,10240,0/0
/spttest/mixed_10K_10t,52d,10240,0/0
/spttest/mixed_10K_10u,52e,10240,0/0
/spttest/mixed_10K_10v,52f,10240,0/0
/spttest/mixed_10K_10w,530,10240,0/0
/spttest/mixed_10K_10x,531,10240,0/0
/spttest/mixed_10K_10y,532,10240,0/0
/spttest/mixed_10K_10z,533,10240,0/0
/spttest/mixed_10K_110,534,10240,0/0
/spttest/mixed_10K_111,535,10240,0/0
/spttest/mixed_10K_112,536,10240,0/0
/spttest/mixed_10K_113,537,10240,0/0
/spttest/mixed_10K_114,538,10240,0/0
/spttest/mixed_10K_115,539,10240,0/0
/spttest/mixed_10K_116,53a,10240,0/0
/spttest/mixed_10K_117,53b,10240,0/0
/spttest/mixed_10K_118,53c,10240,0/0
/spttest/mixed_10K_119,53d,10240,0/0
/spttest/mixed_10K_11a,53e,10240,0/0
/spttest/mixed_10K_11b,53f,10240,0/0
/spttest/mixed_10K_11c,540,10240,0/0
/spttest/mixed_10K_11d,541,10240,0/0
/spttest/mixed_10K_11e,542,10240,0/0
/spttest/mixed_10K_11f,543,10240,0/0
/spttest/mixed_10K_11g,544,10240,0/0
/spttest/mixed_10K_11h,545,10240,0/0
/spttest/mixed_10K_11i,546,10240,0/0
/spttest/mixed_10K_11j,547,10240,0/0
/spttest/mixed_10K_11k,548,10240,0/0
/spttest/mixed_10K_11l,549,10240,0/0
/spttest/mixed_10K_11m,54a,10240,0/0
/spttest/mixed_10K_11n,54b,10240,0/0
/spttest/mixed_10K_11o,54c,10240,0/0
/spttest/mixed_10K_11p,54d,10240,0/0
/spttest/mixed_10K_11q,54e,10240,0/0
/spttest/mixed_10K_11r,54f,10240,0/0
/spttest/mixed_10K_11s,550,10240,0/0
/spttest/mixed_10K_11t,551,10240,0/0
/spttest/mixed_10K_11u,552,10240,0/0
/spttest/mixed_10K_11v,553,10240,0/0
/spttest/mixed_10K_11w,554,10240,0/0
/spttest/mixed_10K_11x,555,10240,0/0
/spttest/mixed_10K_11y,556,10240,0/0
/spttest/mixed_10K_11z,557,10240,0/0
/spttest/mixed_10K_120,558,10240,0/0
/spttest/mixed_10K_121,559,10240,0/0
/spttest/mixed_10K_122,55a,10240,0/0
/spttest/mixed_10K_123,55b,10240,0/0
/spttest/mixed_10K_124,55c,10240,0/0
/spttest/mixed_10K_125,55d,10240,0/0
/spttest/mixed_10K_126,55e,10240,0/0
/spttest/mixed_10K_127,55f,10240,0/0
/spttest/mixed_10K_128,560,10240,0/0
/spttest/mixed_10K_129,561,10240,0/0
/spttest/mixed_10K_12a,562,10240,0/0
/spttest/mixed_10K_12b,563,10240,0/0
/spttest/mixed_10K_12c,564,10240,0/0
/spttest/mixed_10K_12d,565,10240,0/0
/spttest/mixed_10K_12e,566,10240,0/0
/spttest/mixed_10K_12f,567,10240,0/0
/spttest/mixed_10K_12g,568,10240,0/0
/spttest/mixed_10K_12h,569,10240,0/0
/spttest/mixed_10K_12i,56a,10240,0/0
/spttest/mixed_10K_12j,56b,10240,0/0
/spttest/mixed_10K_12k,56c,10240,0/0
/spttest/mixed_10K_12l,56d,10240,0/0
/spttest/mixed_10K_12m,56e,10240,0/0
/spttest/mixed_10K_12n,56f,10240,0/0
/spttest/mixed_10K_12o,570,10240,0/0
/spttest/mixed_10K_12p,571,10240,0/0
/spttest/mixed_10K_12q,572,10240,0/0
/spttest/mixed_10K_12r,573,10240,0/0
/spttest/mixed_10K_12s,574,10240,0/0
/spttest/mixed_10K_12t,575,10240,0/0
/spttest/mixed_10K_12u,576,10240,0/0
/spttest/mixed_10K_12v,577,10240,0/0
/spttest/mixed_10K_12w,578,10240,0/0
/spttest/mixed_10K_12x,579,10240,0/0
/spttest/mixed_10K_12y,57a,10240,0/0
/spttest/mixed_10K_12z,57b,10240,0/0
/spttest/mixed_10K_130,57c,10240,0/0
/spttest/mixed_10K_131,57d,10240,0/0
/spttest/mixed_10K_132,57e,10240,0/0
/spttest/mixed_10K_133,57f,10240,0/0
/spttest/mixed_10K_134,580,10240,0/0
/spttest/mixed_10K_135,581,10240,0/0
/spttest/mixed_10K_136,582,10240,0/0
/spttest/mixed_10K_137,583,10240,0/0
/spttest/mixed_10K_138,584,10240,0/0
/spttest/mixed_10K_139,585,10240,0/0
/spttest/mixed_10K_13a,586,10240,0/0
/spttest/mixed_10K_13b,587,10240,0/0
/spttest/mixed_10K_13c,588,10240,0/0
/spttest/mixed_10K_13d,589,10240,0/0
/spttest/mixed_10K_13e,58a,10240,0/0
/spttest/mixed_10K_13f,58b,10240,0/0
/spttest/mixed_10K_13g,58c,10240,0/0
/spttest/mixed_10K_13h,58d,10240,0/0
/spttest/mixed_10K_13i,58e,10240,0/0
/spttest/mixed_10K_13j,58f,10240,0/0
/spttest/mixed_10K_13k,590,10240,0/0
/spttest/mixed_10K_13l,591,10240,0/0
/spttest/mixed_10K_13m,592,10240,0/0
/spttest/mixed_10K_13n,593,10240,0/0
/spttest/mixed_10K_13o,594,10240,0/0
/spttest/mixed_10K_13p,595,10240,0/0
/spttest/mixed_10K_13q,596,10240,0/0
/spttest/mixed_10K_13r,597,10240,0/0
/spttest/mixed_10K_13s,598,10240,0/0
/spttest/mixed_10K_13t,599,10240,0/0
/spttest/mixed_10K_13u,59a,10240,0/0
/spttest/mixed_10K_13v,59b,10240,0/0
/spttest/mixed_10K_13w,59c,10240,0/0
/spttest/mixed_10K_13x,59d,10240,0/0
/spttest/mixed_10K_13y,59e,10240,0/0
/spttest/mixed_10K_13z,59f,10240,0/0
/spttest/mixed_10K_140,5a0,10240,0/0
/spttest/mixed_10K_141,5a1,10240,0/0
/spttest/mixed_10K_142,5a2,10240,0/0
/spttest/mixed_10K_143,5a3,10240,0/0
/spttest/mixed_10K_144,5a4,10240,0/0
/spttest/mixed_10K_145,5a5,10240,0/0
/spttest/mixed_10K_146,5a6,10240,0/0
/spttest/mixed_10K_147,5a7,10240,0/0
/spttest/mixed_10K_148,5a8,10240,0/0
/spttest/mixed_10K_149,5a9,10240,0/0
/spttest/mixed_10K_14a,5aa,10240,0/0
/spttest/mixed_10K_14b,5ab,10240,0/0
/spttest/mixed_10K_14c,5ac,10240,0/0
/spttest/mixed_10K_14d,5ad,10240,0/0
/spttest/mixed_10K_14e,5ae,10240,0/0
/spttest/mixed_10K_14f,5af,10240,0/0
/spttest/mixed_10K_14g,5b0,10240,0/0
/spttest/mixed_10K_14h,5b1,10240,0/0
/spttest/mixed_10K_14i,5b2,10240,0/0
/spttest/mixed_10K_14j,5b3,10240,0/0
/spttest/mixed_10K_14k,5b4,10240,0/0
/spttest/mixed_10K_14l,5b5,10240,0/0
/spttest/mixed_10K_14m,5b6,10240,0/0
/spttest/mixed_10K_14n,5b7,10240,0/0
/spttest/mixed_10K_14o,5b8,10240,0/0
/spttest/mixed_10K_14p,5b9,10240,0/0
/spttest/mixed_10K_14q,5ba,10240,0/0
/spttest/mixed_10K_14r,5bb,10240,0/0
/spttest/mixed_10K_14s,5bc,10240,0/0
/spttest/mixed_10K_14t,5bd,10240,0/0
/spttest/mixed_10K_14u,5be,10240,0/0
/spttest/mixed_10K_14v,5bf,10240,0/0
/spttest/mixed_10K_14w,5c0,10240,0/0
/spttest/mixed_10K_14x,5c1,10240,0/0
/spttest/mixed_10K_14y,5c2,10240,0/0
/spttest/mixed_10K_14z,5c3,10240,0/0
/spttest/mixed_10K_150,5c4,10240,0/0
/spttest/mixed_10K_151,5c5,10240,0/0
/spttest/mixed_10K_152,5c6,10240,0/0
/spttest/mixed_10K_153,5c7,10240,0/0
/spttest/mixed_10K_154,5c8,10240,0/0
/spttest/mixed_10K_155,5c9,10240,0/0
/spttest/mixed_10K_156,5ca,10240,0/0
/spttest/mixed_10K_157,5cb,10240,0/0
/spttest/mixed_10K_158,5cc,10240,0/0
/spttest/mixed_10K_159,5cd,10240,0/0
/spttest/mixed_10K_15a,5ce,10240,0/0
/spttest/mixed_10K_15b,5cf,10240,0/0
/spttest/mixed_10K_15c,5d0,10240,0/0
/spttest/mixed_10K_15d,5d1,10240,0/0
/spttest/mixed_10K_15e,5d2,10240,0/0
/spttest/mixed_10K_15f,5d3,10240,0/0
/spttest/mixed_10K_15g,5d4,10240,0/0
/spttest/mixed_10K_15h,5d5,10240,0/0
/spttest/mixed_10K_15i,5d6,10240,0/0
/spttest/mixed_10K_15j,5d7,10240,0/0
/spttest/mixed_10K_15k,5d8,10240,0/0
/spttest/mixed_10K_15l,5d9,10240,0/0
/spttest/mixed_10K_15m,5da,10240,0/0
/spttest/mixed_10K_15n,5db,10240,0/0
/spttest/mixed_10K_15o,5dc,10240,0/0
/spttest/mixed_10K_15p,5dd,10240,0/0
/spttest/mixed_10K_15q,5de,10240,0/0
/spttest/mixed_10K_15r,5df,10240,0/0
/spttest/mixed_10K_15s,5e0,10240,0/0
/spttest/mixed_10K_15t,5e1,10240,0/0
/spttest/mixed_10K_15u,5e2,10240,0/0
/spttest/mixed_10K_15v,5e3,10240,0/0
/spttest/mixed_10K_15w,5e4,10240,0/0
/spttest/mixed_10K_15x,5e5,10240,0/0
/spttest/mixed_10K_15y,5e6,10240,0/0
/spttest/mixed_10K_15z,5e7,10240,0/0
/spttest/mixed_10K_160,5e8,10240,0/0
/spttest/mixed_10K_161,5e9,10240,0/0
/spttest/mixed_10K_162,5ea,10240,0/0
/spttest/mixed_10K_163,5eb,10240,0/0
/spttest/mixed_10K_164,5ec,10240,0/0
/spttest/mixed_10K_165,5ed,10240,0/0
/spttest/mixed_10K_166,5ee,10240,0/0
/spttest/mixed_10K_167,5ef,10240,0/0
/spttest/mixed_10K_168,5f0,10240,0/0
/spttest/mixed_10K_169,5f1,10240,0/0
/spttest/mixed_10K_16a,5f2,10240,0/0
/spttest/mixed_10K_16b,5f3,10240,0/0
/spttest/mixed_10K_16c,5f4,10240,0/0
/spttest/mixed_10K_16d,5f5,10240,0/0
/spttest/mixed_10K_16e,5f6,10240,0/0
/spttest/mixed_10K_16f,5f7,10240,0/0
/spttest/mixed_10K_16g,5f8,10240,0/0
/spttest/mixed_10K_16h,5f9,10240,0/0
/spttest/mixed_10K_16i,5fa,10240,0/0
/spttest/mixed_10K_16j,5fb,10240,0/0
/spttest/mixed_10K_16k,5fc,10240,0/0
/spttest/mixed_10K_16l,5fd,10240,0/0
/spttest/mixed_10K_16m,5fe,10240,0/0
/spttest/mixed_10K_16n,5ff,10240,0/0
/spttest/mixed_10K_16o,600,10240,0/0
/spttest/mixed_10K_16p,601,10240,0/0
/spttest/mixed_10K_16q,602,10240,0/0
/spttest/mixed_10K_16r,603,10240,0/0
/spttest/mixed_10K_16s,604,10240,0/0
/spttest/mixed_10K_16t,605,10240,0/0
/spttest/mixed_10K_16u,606,10240,0/0
/spttest/mixed_10K_16v,607,10240,0/0
/spttest/mixed_10K_16w,608,10240,0/0
/spttest/mixed_10K_16x,609,10240,0/0
/spttest/mixed_10K_16y,60a,10240,0/0
/spttest/mixed_10K_16z,60b,10240,0/0
/spttest/mixed_10K_170,60c,10240,0/0
/spttest/mixed_10K_171,60d,10240,0/0
/spttest/mixed_10K_172,60e,10240,0/0
/spttest/mixed_10K_173,60f,10240,0/0
/spttest/mixed_10K_174,610,10240,0/0
/spttest/mixed_10K_175,611,10240,0/0
/spttest/mixed_10K_176,612,10240,0/0
/spttest/mixed_10K_177,613,10240,0/0
/spttest/mixed_10K_178,614,10240,0/0
/spttest/mixed_10K_179,615,10240,0/0
/spttest/mixed_10K_17a,616,10240,0/0
/spttest/mixed_10K_17b,617,10240,0/0
/spttest/mixed_10K_17c,618,10240,0/0
/spttest/mixed_10K_17d,619,10240,0/0
/spttest/mixed_10K_17e,61a,10240,0/0
/spttest/mixed_10K_17f,61b,10240,0/0
/spttest/mixed_10K_17g,61c,10240,0/0
/spttest/mixed_10K_17h,61d,10240,0/0
/spttest/mixed_10K_17i,61e,10240,0/0
/spttest/mixed_10K_17j,61f,10240,0/0
/spttest/mixed_10K_17k,620,10240,0/0
/spttest/mixed_10K_17l,621,10240,0/0
/spttest/mixed_10K_17m,622,10240,0/0
/spttest/mixed_10K_17n,623,10240,0/0
/spttest/mixed_10K_17o,624,10240,0/0
/spttest/mixed_10K_17p,625,10240,0/0
/spttest/mixed_10K_17q,626,10240,0/0
/spttest/mixed_10K_17r,627,10240,0/0
/spttest/mixed_10K_17s,628,10240,0/0
/spttest/mixed_10K_17t,629,10240,0/0
/spttest/mixed_10K_17u,62a,10240,0/0
/spttest/mixed_10K_17v,62b,10240,0/0
/spttest/mixed_10K_17w,62c,10240,0/0
/spttest/mixed_10K_17x,62d,10240,0/0
/spttest/mixed_10K_17y,62e,10240,0/0
/spttest/mixed_10K_17z,62f,10240,0/0
/spttest/mixed_10K_180,630,10240,0/0
/spttest/mixed_10K_181,631,10240,0/0
/spttest/mixed_10K_182,632,10240,0/0
/spttest/mixed_10K_183,633,10240,0/0
/spttest/mixed_10K_184,634,10240,0/0
/spttest/mixed_10K_185,635,10240,0/0
/spttest/mixed_10K_186,636,10240,0/0
/spttest/mixed_10K_187,637,10240,0/0
/spttest/mixed_10K_188,638,10240,0/0
/spttest/mixed_10K_189,639,10240,0/0
/spttest/mixed_10K_18a,63a,10240,0/0
/spttest/mixed_10K_18b,63b,10240,0/0
/spttest/mixed_10K_18c,63c,10240,0/0
/spttest/mixed_10K_18d,63d,10240,0/0
/spttest/mixed_10K_18e,63e,10240,0/0
/spttest/mixed_10K_18f,63f,10240,0/0
/spttest/mixed_10K_18g,640,10240,0/0
/spttest/mixed_10K_18h,641,10240,0/0
/spttest/mixed_10K_18i,642,10240,0/0
/spttest/mixed_10K_18j,643,10240,0/0
/spttest/mixed_10K_18k,644,10240,0/0
/spttest/mixed_10K_18l,645,10240,0/0
/spttest/mixed_10K_18m,646,10240,0/0
/spttest/mixed_10K_18n,647,10240,0/0
/spttest/mixed_10K_18o,648,10240,0/0
/spttest/mixed_10K_18p,649,10240,0/0
/spttest/mixed_10K_18q,64a,10240,0/0
/spttest/mixed_10K_18r,64b,10240,0/0
/spttest/mixed_10K_18s,64c,10240,0/0
/spttest/mixed_10K_18t,64d,10240,0/0
/spttest/mixed_10K_18u,64e,10240,0/0
/spttest/mixed_10K_18v,64f,10240,0/0
/spttest/mixed_10K_18w,650,10240,0/0
/spttest/mixed_10K_18x,651,10240,0/0
/spttest/mixed_10K_18y,652,10240,0/0
/spttest/mixed_10K_18z,653,10240,0/0
/spttest/mixed_10K_190,654,10240,0/0
/spttest/mixed_10K_191,655,10240,0/0
/spttest/mixed_10K_192,656,10240,0/0
/spttest/mixed_10K_193,657,10240,0/0
/spttest/mixed_10K_194,658,10240,0/0
/spttest/mixed_10K_195,659,10240,0/0
/spttest/mixed_10K_196,65a,10240,0/0
/spttest/mixed_10K_197,65b,10240,0/0
/spttest/mixed_10K_198,65c,10240,0/0
/spttest/mixed_10K_199,65d,10240,0/0
/spttest/mixed_10K_19a,65e,10240,0/0
/spttest/mixed_10K_19b,65f,10240,0/0
/spttest/mixed_10K_19c,660,10240,0/0
/spttest/mixed_10K_19d,661,10240,0/0
/spttest/mixed_10K_19e,662,10240,0/0
/spttest/mixed_10K_19f,663,10240,0/0
/spttest/mixed_10K_19g,664,10240,0/0
/spttest/mixed_10K_19h,665,10240,0/0
/spttest/mixed_10K_19i,666,10240,0/0
/spttest/mixed_10K_19j,667,10240,0/0
/spttest/mixed_10K_19k,668,10240,0/0
/spttest/mixed_10K_19l,669,10240,0/0
/spttest/mixed_10K_19m,66a,10240,0/0
/spttest/mixed_10K_19n,66b,10240,0/0
/spttest/mixed_10K_19o,66c,10240,0/0
/spttest/mixed_10K_19p,66d,10240,0/0
/spttest/mixed_10K_19q,66e,10240,0/0
/spttest/mixed_10K_19r,66f,10240,0/0
/spttest/mixed_10K_19s,670,10240,0/0
/spttest/mixed_10K_19t,671,10240,0/0
/spttest/mixed_10K_19u,672,10240,0/0
/spttest/mixed_10K_19v,673,10240,0/0
/spttest/mixed_10K_19w,674,10240,0/0
/spttest/mixed_10K_19x,675,10240,0/0
/spttest/mixed_10K_19y,676,10240,0/0
/spttest/mixed_10K_19z,677,10240,0/0
/spttest/mixed_10K_1a0,678,10240,0/0
/spttest/mixed_10K_1a1,679,10240,0/0
/spttest/mixed_10K_1a2,67a,10240,0/0
/spttest/mixed_10K_1a3,67b,10240,0/0
/spttest/mixed_10K_1a4,67c,10240,0/0
/spttest/mixed_10K_1a5,67d,10240,0/0
/spttest/mixed_10K_1a6,67e,10240,0/0
/spttest/mixed_10K_1a7,67f,10240,0/0
/spttest/mixed_10K_1a8,680,10240,0/0
/spttest/mixed_10K_1a9,681,10240,0/0
/spttest/mixed_10K_1aa,682,10240,0/0
/spttest/mixed_10K_1ab,683,10240,0/0
/spttest/mixed_10K_1ac,684,10240,0/0
/spttest/mixed_10K_1ad,685,10240,0/0
/spttest/mixed_10K_1ae,686,10240,0/0
/spttest/mixed_10K_1af,687,10240,0/0
/spttest/mixed_10K_1ag,688,10240,0/0
/spttest/mixed_10K_1ah,689,10240,0/0
/spttest/mixed_10K_1ai,68a,10240,0/0
/spttest/mixed_10K_1aj,68b,10240,0/0
/spttest/mixed_10K_1ak,68c,10240,0/0
/spttest/mixed_10K_1al,68d,10240,0/0
/spttest/mixed_10K_1am,68e,10240,0/0
/spttest/mixed_10K_1an,68f,10240,0/0
/spttest/mixed_10K_1ao,690,10240,0/0
/spttest/mixed_10K_1ap,691,10240,0/0
/spttest/mixed_10K_1aq,692,10240,0/0
/spttest/mixed_10K_1ar,693,10240,0/0
/spttest/mixed_10K_1as,694,10240,0/0
/spttest/mixed_10K_1at,695,10240,0/0
/spttest/mixed_10K_1au,696,10240,0/0
/spttest/mixed_10K_1av,697,10240,0/0
/spttest/mixed_10K_1aw,698,10240,0/0
/spttest/mixed_10K_1ax,699,10240,0/0
/spttest/mixed_10K_1ay,69a,10240,0/0
/spttest/mixed_10K_1az,69b,10240,0/0
/spttest/mixed_10K_1b0,69c,10240,0/0
/spttest/mixed_10K_1b1,69d,10240,0/0
/spttest/mixed_10K_1b2,69e,10240,0/0
/spttest/mixed_10K_1b3,69f,10240,0/0
/spttest/mixed_10K_1b4,6a0,10240,0/0
/spttest/mixed_10K_1b5,6a1,10240,0/0
/spttest/mixed_10K_1b6,6a2,10240,0/0
/spttest/mixed_10K_1b7,6a3,10240,0/0
/spttest/mixed_10K_1b8,6a4,10240,0/0
/spttest/mixed_10K_1b9,6a5,10240,0/0
/spttest/mixed_10K_1ba,6a6,10240,0/0
/spttest/mixed_10K_1bb,6a7,10240,0/0
/spttest/mixed_10K_1bc,6a8,10240,0/0
/spttest/mixed_10K_1bd,6a9,10240,0/0
/spttest/mixed_10K_1be,6aa,10240,0/0
/spttest/mixed_10K_1bf,6ab,10240,0/0
/spttest/mixed_10K_1bg,6ac,10240,0/0
/spttest/mixed_10K_1bh,6ad,10240,0/0
/spttest/mixed_10K_1bi,6ae,10240,0/0
/spttest/mixed_10K_1bj,6af,10240,0/0
/spttest/mixed_10K_1bk,6b0,10240,0/0
/spttest/mixed_10K_1bl,6b1,10240,0/0
/spttest/mixed_10K_1bm,6b2,10240,0/0
/spttest/mixed_10K_1bn,6b3,10240,0/0
/spttest/mixed_10K_1bo,6b4,10240,0/0
/spttest/mixed_10K_1bp,6b5,10240,0/0
/spttest/mixed_10K_1bq,6b6,10240,0/0
/spttest/mixed_10K_1br,6b7,10240,0/0
/spttest/mixed_10K_1bs,6b8,10240,0/0
/spttest/mixed_10K_1bt,6b9,10240,0/0
/spttest/mixed_10K_1bu,6ba,10240,0/0
/spttest/mixed_10K_1bv,6bb,10240,0/0
/spttest/mixed_10K_1bw,6bc,10240,0/0
/spttest/mixed_10K_1bx,6bd,10240,0/0
/spttest/mixed_10K_1by,6be,10240,0/0
/spttest/mixed_10K_1bz,6bf,10240,0/0
/spttest/mixed_10K_1c0,6c0,10240,0/0
/spttest/mixed_10K_1c1,6c1,10240,0/0
/spttest/mixed_10K_1c2,6c2,10240,0/0
/spttest/mixed_10K_1c3,6c3,10240,0/0
/spttest/mixed_10K_1c4,6c4,10240,0/0
/spttest/mixed_10K_1c5,6c5,10240,0/0
/spttest/mixed_10K_1c6,6c6,10240,0/0
/spttest/mixed_10K_1c7,6c7,10240,0/0
/spttest/mixed_10K_1c8,6c8,10240,0/0
/spttest/mixed_10K_1c9,6c9,10240,0/0
/spttest/mixed_10K_1ca,6ca,10240,0/0
/spttest/mixed_10K_1cb,6cb,10240,0/0
/spttest/mixed_10K_1cc,6cc,10240,0/0
/spttest/mixed_10K_1cd,6cd,10240,0/0
/spttest/mixed_10K_1ce,6ce,10240,0/0
/spttest/mixed_10K_1cf,6cf,10240,0/0
/spttest/mixed_10K_1cg,6d0,10240,0/0
/spttest/mixed_10K_1ch,6d1,10240,0/0
/spttest/mixed_10K_1ci,6d2,10240,0/0
/spttest/mixed_10K_1cj,6d3,10240,0/0
/spttest/mixed_10K_1ck,6d4,10240,0/0
/spttest/mixed_10K_1cl,6d5,10240,0/0
/spttest/mixed_10K_1cm,6d6,10240,0/0
/spttest/mixed_10K_1cn,6d7,10240,0/0
/spttest/mixed_10K_1co,6d8,10240,0/0
/spttest/mixed_10K_1cp,6d9,10240,0/0
/spttest/mixed_10K_1cq,6da,10240,0/0
/spttest/mixed_10K_1cr,6db,10240,0/0
/spttest/mixed_10K_1cs,6dc,10240,0/0
/spttest/mixed_10K_1ct,6dd,10240,0/0
/spttest/mixed_10K_1cu,6de,10240,0/0
/spttest/mixed_10K_1cv,6df,10240,0/0
/spttest/mixed_10K_1cw,6e0,10240,0/0
/spttest/mixed_10K_1cx,6e1,10240,0/0
/spttest/mixed_10K_1cy,6e2,10240,0/0
/spttest/mixed_10K_1cz,6e3,10240,0/0
/spttest/mixed_10K_1d0,6e4,10240,0/0
/spttest/mixed_10K_1d1,6e5,10240,0/0
/spttest/mixed_10K_1d2,6e6,10240,0/0
/spttest/mixed_10K_1d3,6e7,10240,0/0
/spttest/mixed_10K_1d4,6e8,10240,0/0
/spttest/mixed_10K_1d5,6e9,10240,0/0
/spttest/mixed_10K_1d6,6ea,10240,0/0
/spttest/mixed_10K_1d7,6eb,10240,0/0
/spttest/mixed_10K_1d8,6ec,10240,0/0
/spttest/mixed_10K_1d9,6ed,10240,0/0
/spttest/mixed_10K_1da,6ee,10240,0/0
/spttest/mixed_10K_1db,6ef,10240,0/0
/spttest/mixed_10K_1dc,6f0,10240,0/0
/spttest/mixed_10K_1dd,6f1,10240,0/0
/spttest/mixed_10K_1de,6f2,10240,0/0
/spttest/mixed_10K_1df,6f3,10240,0/0
/spttest/mixed_10K_1dg,6f4,10240,0/0
/spttest/mixed_10K_1dh,6f5,10240,0/0
/spttest/mixed_10K_1di,6f6,10240,0/0
/spttest/mixed_10K_1dj,6f7,10240,0/0
/spttest/mixed_10K_1dk,6f8,10240,0/0
/spttest/mixed_10K_1dl,6f9,10240,0/0
/spttest/mixed_10K_1dm,6fa,10240,0/0
/spttest/mixed_10K_1dn,6fb,10240,0/0
/spttest/mixed_10K_1do,6fc,10240,0/0
/spttest/mixed_10K_1dp,6fd,10240,0/0
/spttest/mixed_10K_1dq,6fe,10240,0/0
/spttest/mixed_10K_1dr,6ff,10240,0/0
/spttest/mixed_10K_1ds,700,10240,0/0
/spttest/mixed_10K_1dt,701,10240,0/0
/spttest/mixed_10K_1du,702,10240,0/0
/spttest/mixed_10K_1dv,703,10240,0/0
/spttest/mixed_10K_1dw,704,10240,0/0
/spttest/mixed_10K_1dx,705,10240,0/0
/spttest/mixed_10K_1dy,706,10240,0/0
/spttest/mixed_10K_1dz,707,10240,0/0
/spttest/mixed_10K_1e0,708,10240,0/0
/spttest/mixed_10K_1e1,709,10240,0/0
/spttest/mixed_10K_1e2,70a,10240,0/0
/spttest/mixed_10K_1e3,70b,10240,0/0
/spttest/mixed_10K_1e4,70c,10240,0/0
/spttest/mixed_10K_1e5,70d,10240,0/0
/spttest/mixed_10K_1e6,70e,10240,0/0
/spttest/mixed_10K_1e7,70f,10240,0/0
/spttest/mixed_10K_1e8,710,10240,0/0
/spttest/mixed_10K_1e9,711,10240,0/0
/spttest/mixed_10K_1ea,712,10240,0/0
/spttest/mixed_10K_1eb,713,10240,0/0
/spttest/mixed_10K_1ec,714,10240,0/0
/spttest/mixed_10K_1ed,715,10240,0/0
/spttest/mixed_10K_1ee,716,10240,0/0
/spttest/mixed_10K_1ef,717,10240,0/0
/spttest/mixed_10K_1eg,718,10240,0/0
/spttest/mixed_10K_1eh,719,10240,0/0
/spttest/mixed_10K_1ei,71a,10240,0/0
/spttest/mixed_10K_1ej,71b,10240,0/0
/spttest/mixed_10K_1ek,71c,10240,0/0
/spttest/mixed_10K_1el,71d,10240,0/0
/spttest/mixed_10K_1em,71e,10240,0/0
/spttest/mixed_10K_1en,71f,10240,0/0
/spttest/mixed_10K_1eo,720,10240,0/0
/spttest/mixed_10K_1ep,721,10240,0/0
/spttest/mixed_10K_1eq,722,10240,0/0
/spttest/mixed_10K_1er,723,10240,0/0
/spttest/mixed_10K_1es,724,10240,0/0
/spttest/mixed_10K_1et,725,10240,0/0
/spttest/mixed_10K_1eu,726,10240,0/0
/spttest/mixed_10K_1ev,727,10240,0/0
/spttest/mixed_10K_1ew,728,10240,0/0
/spttest/mixed_10K_1ex,729,10240,0/0
/spttest/mixed_10K_1ey,72a,10240,0/0
/spttest/mixed_10K_1ez,72b,10240,0/0
/spttest/mixed_10K_1f0,72c,10240,0/0
/spttest/mixed_10K_1f1,72d,10240,0/0
/spttest/mixed_10K_1f2,72e,10240,0/0
/spttest/mixed_10K_1f3,72f,10240,0/0
/spttest/mixed_10K_1f4,730,10240,0/0
/spttest/mixed_10K_1f5,731,10240,0/0
/spttest/mixed_10K_1f6,732,10240,0/0
/spttest/mixed_10K_1f7,733,10240,0/0
/spttest/mixed_10K_1f8,734,10240,0/0
/spttest/mixed_10K_1f9,735,10240,0/0
/spttest/mixed_10K_1fa,736,10240,0/0
/spttest/mixed_10K_1fb,737,10240,0/0
/spttest/mixed_10K_1fc,738,10240,0/0
/spttest/mixed_10K_1fd,739,10240,0/0
/spttest/mixed_10K_1fe,73a,10240,0/0
/spttest/mixed_10K_1ff,73b,10240,0/0
/spttest/mixed_10K_1fg,73c,10240,0/0
/spttest/mixed_10K_1fh,73d,10240,0/0
/spttest/mixed_10K_1fi,73e,10240,0/0
/spttest/mixed_10K_1fj,73f,10240,0/0
/spttest/mixed_10K_1fk,740,10240,0/0
/spttest/mixed_10K_1fl,741,10240,0/0
/spttest/mixed_10K_1fm,742,10240,0/0
/spttest/mixed_10K_1fn,743,10240,0/0
/spttest/mixed_10K_1fo,744,10240,0/0
/spttest/mixed_10K_1fp,745,10240,0/0
/spttest/mixed_10K_1fq,746,10240,0/0
/spttest/mixed_10K_1fr,747,10240,0/0
/spttest/mixed_10K_1fs,748,10240,0/0
/spttest/mixed_10K_1ft,749,10240,0/0
/spttest/mixed_10K_1fu,74a,10240,0/0
/spttest/mixed_10K_1fv,74b,10240,0/0
/spttest/mixed_10K_1fw,74c,10240,0/0
/spttest/mixed_10K_1fx,74d,10240,0/0
/spttest/mixed_10K_1fy,74e,10240,0/0
/spttest/mixed_10K_1fz,74f,10240,0/0
/spttest/mixed_10K_1g0,750,10240,0/0
/spttest/mixed_10K_1g1,751,10240,0/0
/spttest/mixed_10K_1g2,752,10240,0/0
/spttest/mixed_10K_1g3,753,10240,0/0
/spttest/mixed_10K_1g4,754,10240,0/0
/spttest/mixed_10K_1g5,755,10240,0/0
/spttest/mixed_10K_1g6,756,10240,0/0
/spttest/mixed_10K_1g7,757,10240,0/0
/spttest/mixed_10K_1g8,758,10240,0/0
/spttest/mixed_10K_1g9,759,10240,0/0
/spttest/mixed_10K_1ga,75a,10240,0/0
/spttest/mixed_10K_1gb,75b,10240,0/0
/spttest/mixed_10K_1gc,75c,10240,0/0
/spttest/mixed_10K_1gd,75d,10240,0/0
/spttest/mixed_10K_1ge,75e,10240,0/0
/spttest/mixed_10K_1gf,75f,10240,0/0
/spttest/mixed_10K_1gg,760,10240,0/0
/spttest/mixed_10K_1gh,761,10240,0/0
/spttest/mixed_10K_1gi,762,10240,0/0
/spttest/mixed_10K_1gj,763,10240,0/0
/spttest/mixed_10K_1gk,764,10240,0/0
/spttest/mixed_10K_1gl,765,10240,0/0
/spttest/mixed_10K_1gm,766,10240,0/0
/spttest/mixed_10K_1gn,767,10240,0/0
/spttest/mixed_10K_1go,768,10240,0/0
/spttest/mixed_10K_1gp,769,10240,0/0
/spttest/mixed_10K_1gq,76a,10240,0/0
/spttest/mixed_10K_1gr,76b,10240,0/0
/spttest/mixed_10K_1gs,76c,10240,0/0
/spttest/mixed_10K_1gt,76d,10240,0/0
/spttest/mixed_10K_1gu,76e,10240,0/0
/spttest/mixed_10K_1gv,76f,10240,0/0
/spttest/mixed_10K_1gw,770,10240,0/0
/spttest/mixed_10K_1gx,771,10240,0/0
/spttest/mixed_10K_1gy,772,10240,0/0
/spttest/mixed_10K_1gz,773,10240,0/0
/spttest/mixed_10K_1h0,774,10240,0/0
/spttest/mixed_10K_1h1,775,10240,0/0
/spttest/mixed_10K_1h2,776,10240,0/0
/spttest/mixed_10K_1h3,777,10240,0/0
/spttest/mixed_10K_1h4,778,10240,0/0
/spttest/mixed_10K_1h5,779,10240,0/0
/spttest/mixed_10K_1h6,77a,10240,0/0
/spttest/mixed_10K_1h7,77b,10240,0/0
/spttest/mixed_10K_1h8,77c,10240,0/0
/spttest/mixed_10K_1h9,77d,10240,0/0
/spttest/mixed_10K_1ha,77e,10240,0/0
/spttest/mixed_10K_1hb,77f,10240,0/0
/spttest/mixed_10K_1hc,780,10240,0/0
/spttest/mixed_10K_1hd,781,10240,0/0
/spttest/mixed_10K_1he,782,10240,0/0
/spttest/mixed_10K_1hf,783,10240,0/0
/spttest/mixed_10K_1hg,784,10240,0/0
/spttest/mixed_10K_1hh,785,10240,0/0
/spttest/mixed_10K_1hi,786,10240,0/0
/spttest/mixed_10K_1hj,787,10240,0/0
/spttest/mixed_10K_1hk,788,10240,0/0
/spttest/mixed_10K_1hl,789,10240,0/0
/spttest/mixed_10K_1hm,78a,10240,0/0
/spttest/mixed_10K_1hn,78b,10240,0/0
/spttest/mixed_10K_1ho,78c,10240,0/0
/spttest/mixed_10K_1hp,78d,10240,0/0
/spttest/mixed_10K_1hq,78e,10240,0/0
/spttest/mixed_10K_1hr,78f,10240,0/0
/spttest/mixed_10K_1hs,790,10240,0/0
/spttest/mixed_10K_1ht,791,10240,0/0
/spttest/mixed_10K_1hu,792,10240,0/0
/spttest/mixed_10K_1hv,793,10240,0/0
/spttest/mixed_10K_1hw,794,10240,0/0
/spttest/mixed_10K_1hx,795,10240,0/0
/spttest/mixed_10K_1hy,796,10240,0/0
/spttest/mixed_10K_1hz,797,10240,0/0
/spttest/mixed_10K_1i0,798,10240,0/0
/spttest/mixed_10K_1i1,799,10240,0/0
/spttest/mixed_10K_1i2,79a,10240,0/0
/spttest/mixed_10K_1i3,79b,10240,0/0
/spttest/mixed_10K_1i4,79c,10240,0/0
/spttest/mixed_10K_1i5,79d,10240,0/0
/spttest/mixed_10K_1i6,79e,10240,0/0
/spttest/mixed_10K_1i7,79f,10240,0/0
/spttest/mixed_10K_1i8,7a0,10240,0/0
/spttest/mixed_10K_1i9,7a1,10240,0/0
/spttest/mixed_10K_1ia,7a2,10240,0/0
/spttest/mixed_10K_1ib,7a3,10240,0/0
/spttest/mixed_10K_1ic,7a4,10240,0/0
/spttest/mixed_10K_1id,7a5,10240,0/0
/spttest/mixed_10K_1ie,7a6,10240,0/0
/spttest/mixed_10K_1if,7a7,10240,0/0
/spttest/mixed_10K_1ig,7a8,10240,0/0
/spttest/mixed_10K_1ih,7a9,10240,0/0
/spttest/mixed_10K_1ii,7aa,10240,0/0
/spttest/mixed_10K_1ij,7ab,10240,0/0
/spttest/mixed_10K_1ik,7ac,10240,0/0
/spttest/mixed_10K_1il,7ad,10240,0/0
/spttest/mixed_10K_1im,7ae,10240,0/0
/spttest/mixed_10K_1in,7af,10240,0/0
/spttest/mixed_10K_1io,7b0,10240,0/0
/spttest/mixed_10K_1ip,7b1,10240,0/0
/spttest/mixed_10K_1iq,7b2,10240,0/0
/spttest/mixed_10K_1ir,7b3,10240,0/0
/spttest/mixed_10K_1is,7b4,10240,0/0
/spttest/mixed_10K_1it,7b5,10240,0/0
/spttest/mixed_10K_1iu,7b6,10240,0/0
/spttest/mixed_10K_1iv,7b7,10240,0/0
/spttest/mixed_10K_1iw,7b8,10240,0/0
/spttest/mixed_10K_1ix,7b9,10240,0/0
/spttest/mixed_10K_1iy,7ba,10240,0/0
/spttest/mixed_10K_1iz,7bb,10240,0/0
/spttest/mixed_10K_1j0,7bc,10240,0/0
/spttest/mixed_10K_1j1,7bd,10240,0/0
/spttest/mixed_10K_1j2,7be,10240,0/0
/spttest/mixed_10K_1j3,7bf,10240,0/0
/spttest/mixed_10K_1j4,7c0,10240,0/0
/spttest/mixed_10K_1j5,7c1,10240,0/0
/spttest/mixed_10K_1j6,7c2,10240,0/0
/spttest/mixed_10K_1j7,7c3,10240,0/0
/spttest/mixed_10K_1j8,7c4,10240,0/0
/spttest/mixed_10K_1j9,7c5,10240,0/0
/spttest/mixed_10K_1ja,7c6,10240,0/0
/spttest/mixed_10K_1jb,7c7,10240,0/0
/spttest/mixed_10K_1jc,7c8,10240,0/0
/spttest/mixed_10K_1jd,7c9,10240,0/0
/spttest/mixed_10K_1je,7ca,10240,0/0
/spttest/mixed_10K_1jf,7cb,10240,0/0
/spttest/mixed_10K_1jg,7cc,10240,0/0
/spttest/mixed_10K_1jh,7cd,10240,0/0
/spttest/mixed_10K_1ji,7ce,10240,0/0
/spttest/mixed_10K_1jj,7cf,10240,0/0
/spttest/mixed_10K_1jk,7d0,10240,0/0
/spttest/mixed_10K_1jl,7d1,10240,0/0
/spttest/mixed_10K_1jm,7d2,10240,0/0
/spttest/mixed_10K_1jn,7d3,10240,0/0
/spttest/mixed_10K_1jo,7d4,10240,0/0
/spttest/mixed_10K_1jp,7d5,10240,0/0
/spttest/mixed_10K_1jq,7d6,10240,0/0
/spttest/mixed_10K_1jr,7d7,10240,0/0
/spttest/mixed_10K_1js,7d8,10240,0/0
/spttest/mixed_10K_1jt,7d9,10240,0/0
/spttest/mixed_10K_1ju,7da,10240,0/0
/spttest/mixed_10K_1jv,7db,10240,0/0
/spttest/mixed_10K_1jw,7dc,10240,0/0
/spttest/mixed_10K_1jx,7dd,10240,0/0
/spttest/mixed_10K_1jy,7de,10240,0/0
/spttest/mixed_10K_1jz,7df,10240,0/0
/spttest/mixed_10K_1k0,7e0,10240,0/0
/spttest/mixed_10K_1k1,7e1,10240,0/0
/spttest/mixed_10K_1k2,7e2,10240,0/0
/spttest/mixed_10K_1k3,7e3,10240,0/0
/spttest/mixed_10K_1k4,7e4,10240,0/0
/spttest/mixed_10K_1k5,7e5,10240,0/0
/spttest/mixed_10K_1k6,7e6,10240,0/0
/spttest/mixed_10K_1k7,7e7,10240,0/0
/spttest/mixed_10K_1k8,7e8,10240,0/0
/spttest/mixed_10K_1k9,7e9,10240,0/0
/spttest/mixed_10K_1ka,7ea,10240,0/0
/spttest/mixed_10K_1kb,7eb,10240,0/0
/spttest/mixed_10K_1kc,7ec,10240,0/0
/spttest/mixed_10K_1kd,7ed,10240,0/0
/spttest/mixed_10K_1ke,7ee,10240,0/0
/spttest/mixed_10K_1kf,7ef,10240,0/0
/spttest/mixed_10K_1kg,7f0,10240,0/0
/spttest/mixed_10K_1kh,7f1,10240,0/0
/spttest/mixed_10K_1ki,7f2,10240,0/0
/spttest/mixed_10K_1kj,7f3,10240,0/0
/spttest/mixed_10K_1kk,7f4,10240,0/0
/spttest/mixed_10K_1kl,7f5,10240,0/0
/spttest/mixed_10K_1km,7f6,10240,0/0
/spttest/mixed_10K_1kn,7f7,10240,0/0
/spttest/mixed_10K_1ko,7f8,10240,0/0
/spttest/mixed_10K_1kp,7f9,10240,0/0
/spttest/mixed_10K_1kq,7fa,10240,0/0
/spttest/mixed_10K_1kr,7fb,10240,0/0
/spttest/mixed_10K_1ks,7fc,10240,0/0
/spttest/mixed_10K_1kt,7fd,10240,0/0
/spttest/mixed_10K_1ku,7fe,10240,0/0
/spttest/mixed_10K_1kv,7ff,10240,0/0
/spttest/mixed_10K_1kw,800,10240,0/0
/spttest/mixed_10K_1kx,801,10240,0/0
/spttest/mixed_10K_1ky,802,10240,0/0
/spttest/mixed_10K_1kz,803,10240,0/0
/spttest/mixed_10K_1l0,804,10240,0/0
/spttest/mixed_10K_1l1,805,10240,0/0
/spttest/mixed_10K_1l2,806,10240,0/0
/spttest/mixed_10K_1l3,807,10240,0/0
/spttest/mixed_10K_1l4,808,10240,0/0
/spttest/mixed_10K_1l5,809,10240,0/0
/spttest/mixed_10K_1l6,80a,10240,0/0
/spttest/mixed_10K_1l7,80b,10240,0/0
/spttest/mixed_10K_1l8,80c,10240,0/0
/spttest/mixed_10K_1l9,80d,10240,0/0
/spttest/mixed_10K_1la,80e,10240,0/0
/spttest/mixed_10K_1lb,80f,10240,0/0
/spttest/mixed_10K_1lc,810,10240,0/0
/spttest/mixed_10K_1ld,811,10240,0/0
/spttest/mixed_10K_1le,812,10240,0/0
/spttest/mixed_10K_1lf,813,10240,0/0
/spttest/mixed_10K_1lg,814,10240,0/0
/spttest/mixed_10K_1lh,815,10240,0/0
/spttest/mixed_10K_1li,816,10240,0/0
/spttest/mixed_10K_1lj,817,10240,0/0
/spttest/mixed_10K_1lk,818,10240,0/0
/spttest/mixed_10K_1ll,819,10240,0/0
/spttest/mixed_10K_1lm,81a,10240,0/0
/spttest/mixed_10K_1ln,81b,10240,0/0
/spttest/mixed_10K_1lo,81c,10240,0/0
/spttest/mixed_10K_1lp,81d,10240,0/0
/spttest/mixed_10K_1lq,81e,10240,0/0
/spttest/mixed_10K_1lr,81f,10240,0/0
/spttest/mixed_10K_1ls,820,10240,0/0
/spttest/mixed_10K_1lt,821,10240,0/0
/spttest/mixed_10K_1lu,822,10240,0/0
/spttest/mixed_10K_1lv,823,10240,0/0
/spttest/mixed_10K_1lw,824,10240,0/0
/spttest/mixed_10K_1lx,825,10240,0/0
/spttest/mixed_10K_1ly,826,10240,0/0
/spttest/mixed_10K_1lz,827,10240,0/0
/spttest/mixed_10K_1m0,828,10240,0/0
/spttest/mixed_10K_1m1,829,10240,0/0
/spttest/mixed_10K_1m2,82a,10240,0/0
/spttest/mixed_10K_1m3,82b,10240,0/0
/spttest/mixed_10K_1m4,82c,10240,0/0
/spttest/mixed_10K_1m5,82d,10240,0/0
/spttest/mixed_10K_1m6,82e,10240,0/0
/spttest/mixed_10K_1m7,82f,10240,0/0
/spttest/mixed_10K_1m8,830,10240,0/0
/spttest/mixed_10K_1m9,831,10240,0/0
/spttest/mixed_10K_1ma,832,10240,0/0
/spttest/mixed_10K_1mb,833,10240,0/0
/spttest/mixed_10K_1mc,834,10240,0/0
/spttest/mixed_10K_1md,835,10240,0/0
/spttest/mixed_10K_1me,836,10240,0/0
/spttest/mixed_10K_1mf,837,10240,0/0
/spttest/mixed_10K_1mg,838,10240,0/0
/spttest/mixed_10K_1mh,839,10240,0/0
/spttest/mixed_10K_1mi,83a,10240,0/0
/spttest/mixed_10K_1mj,83b,10240,0/0
/spttest/mixed_10K_1mk,83c,10240,0/0
/spttest/mixed_10K_1ml,83d,10240,0/0
/spttest/mixed_10K_1mm,83e,10240,0/0
/spttest/mixed_10K_1mn,83f,10240,0/0
/spttest/mixed_10K_1mo,840,10240,0/0
/spttest/mixed_10K_1mp,841,10240,0/0
/spttest/mixed_10K_1mq,842,10240,0/0
/spttest/mixed_10K_1mr,843,10240,0/0
/spttest/mixed_10K_1ms,844,10240,0/0
/spttest/mixed_10K_1mt,845,10240,0/0
/spttest/mixed_10K_1mu,846,10240,0/0
/spttest/mixed_10K_1mv,847,10240,0/0
/spttest/mixed_10K_1mw,848,10240,0/0
/spttest/mixed_10K_1mx,849,10240,0/0
/spttest/mixed_10K_1my,84a,10240,0/0
/spttest/mixed_10K_1mz,84b,10240,0/0
/spttest/mixed_10K_1n0,84c,10240,0/0
/spttest/mixed_10K_1n1,84d,10240,0/0
/spttest/mixed_10K_1n2,84e,10240,0/0
/spttest/mixed_10K_1n3,84f,10240,0/0
/spttest/mixed_10K_1n4,850,10240,0/0
/spttest/mixed_10K_1n5,851,10240,0/0
/spttest/mixed_10K_1n6,852,10240,0/0
/spttest/mixed_10K_1n7,853,10240,0/0
/spttest/mixed_10K_1n8,854,10240,0/0
/spttest/mixed_10K_1n9,855,10240,0/0
/spttest/mixed_10K_1na,856,10240,0/0
/spttest/mixed_10K_1nb,857,10240,0/0
/spttest/mixed_10K_1nc,858,10240,0/0
/spttest/mixed_10K_1nd,859,10240,0/0
/spttest/mixed_10K_1ne,85a,10240,0/0
/spttest/mixed_10K_1nf,85b,10240,0/0
/spttest/mixed_10K_1ng,85c,10240,0/0
/spttest/mixed_10K_1nh,85d,10240,0/0
/spttest/mixed_10K_1ni,85e,10240,0/0
/spttest/mixed_10K_1nj,85f,10240,0/0
/spttest/mixed_10K_1nk,860,10240,0/0
/spttest/mixed_10K_1nl,861,10240,0/0
/spttest/mixed_10K_1nm,862,10240,0/0
/spttest/mixed_10K_1nn,863,10240,0/0
/spttest/mixed_10K_1no,864,10240,0/0
/spttest/mixed_10K_1np,865,10240,0/0
/spttest/mixed_10K_1nq,866,10240,0/0
/spttest/mixed_10K_1nr,867,10240,0/0
/spttest/mixed_10K_1ns,868,10240,0/0
/spttest/mixed_10K_1nt,869,10240,0/0
/spttest/mixed_10K_1nu,86a,10240,0/0
/spttest/mixed_10K_1nv,86b,10240,0/0
/spttest/mixed_10K_1nw,86c,10240,0/0
/spttest/mixed_10K_1nx,86d,10240,0/0
/spttest/mixed_10K_1ny,86e,10240,0/0
/spttest/mixed_10K_1nz,86f,10240,0/0
/spttest/mixed_10K_1o0,870,10240,0/0
/spttest/mixed_10K_1o1,871,10240,0/0
/spttest/mixed_10K_1o2,872,10240,0/0
/spttest/mixed_10K_1o3,873,10240,0/0
/spttest/mixed_10K_1o4,874,10240,0/0
/spttest/mixed_10K_1o5,875,10240,0/0
/spttest/mixed_10K_1o6,876,10240,0/0
/spttest/mixed_10K_1o7,877,10240,0/0
/spttest/mixed_10K_1o8,878,10240,0/0
/spttest/mixed_10K_1o9,879,10240,0/0
/spttest/mixed_10K_1oa,87a,10240,0/0
/spttest/mixed_10K_1ob,87b,10240,0/0
/spttest/mixed_10K_1oc,87c,10240,0/0
/spttest/mixed_10K_1od,87d,10240,0/0
/spttest/mixed_10K_1oe,87e,10240,0/0
/spttest/mixed_10K_1of,87f,10240,0/0
/spttest/mixed_10K_1og,880,10240,0/0
/spttest/mixed_10K_1oh,881,10240,0/0
/spttest/mixed_10K_1oi,882,10240,0/0
/spttest/mixed_10K_1oj,883,10240,0/0
/spttest/mixed_10K_1ok,884,10240,0/0
/spttest/mixed_10K_1ol,885,10240,0/0
/spttest/mixed_10K_1om,886,10240,0/0
/spttest/mixed_10K_1on,887,10240,0/0
/spttest/mixed_10K_1oo,888,10240,0/0
/spttest/mixed_10K_1op,889,10240,0/0
/spttest/mixed_10K_1oq,88a,10240,0/0
/spttest/mixed_10K_1or,88b,10240,0/0
/spttest/mixed_10K_1os,88c,10240,0/0
/spttest/mixed_10K_1ot,88d,10240,0/0
/spttest/mixed_10K_1ou,88e,10240,0/0
/spttest/mixed_10K_1ov,88f,10240,0/0
/spttest/mixed_10K_1ow,890,10240,0/0
/spttest/mixed_10K_1ox,891,10240,0/0
/spttest/mixed_10K_1oy,892,10240,0/0
/spttest/mixed_10K_1oz,893,10240,0/0
/spttest/mixed_10K_1p0,894,10240,0/0
/spttest/mixed_10K_1p1,895,10240,0/0
/spttest/mixed_10K_1p2,896,10240,0/0
/spttest/mixed_10K_1p3,897,10240,0/0
/spttest/mixed_10K_1p4,898,10240,0/0
/spttest/mixed_10K_1p5,899,10240,0/0
/spttest/mixed_10K_1p6,89a,10240,0/0
/spttest/mixed_10K_1p7,89b,10240,0/0
/spttest/mixed_10K_1p8,89c,10240,0/0
/spttest/mixed_10K_1p9,89d,10240,0/0
/spttest/mixed_10K_1pa,89e,10240,0/0
/spttest/mixed_10K_1pb,89f,10240,0/0
/spttest/mixed_10K_1pc,8a0,10240,0/0
/spttest/mixed_10K_1pd,8a1,10240,0/0
/spttest/mixed_10K_1pe,8a2,10240,0/0
/spttest/mixed_10K_1pf,8a3,10240,0/0
/spttest/mixed_10K_1pg,8a4,10240,0/0
/spttest/mixed_10K_1ph,8a5,10240,0/0
/spttest/mixed_10K_1pi,8a6,10240,0/0
/spttest/mixed_10K_1pj,8a7,10240,0/0
/spttest/mixed_10K_1pk,8a8,10240,0/0
/spttest/mixed_10K_1pl,8a9,10240,0/0
/spttest/mixed_10K_1pm,8aa,10240,0/0
/spttest/mixed_10K_1pn,8ab,10240,0/0
/spttest/mixed_10K_1po,8ac,10240,0/0
/spttest/mixed_10K_1pp,8ad,10240,0/0
/spttest/mixed_10K_1pq,8ae,10240,0/0
/spttest/mixed_10K_1pr,8af,10240,0/0
/spttest/mixed_10K_1ps,8b0,10240,0/0
/spttest/mixed_10K_1pt,8b1,10240,0/0
/spttest/mixed_10K_1pu,8b2,10240,0/0
/spttest/mixed_10K_1pv,8b3,10240,0/0
/spttest/mixed_10K_1pw,8b4,10240,0/0
/spttest/mixed_10K_1px,8b5,10240,0/0
/spttest/mixed_10K_1py,8b6,10240,0/0
/spttest/mixed_10K_1pz,8b7,10240,0/0
/spttest/mixed_10K_1q0,8b8,10240,0/0
/spttest/mixed_10K_1q1,8b9,10240,0/0
/spttest/mixed_10K_1q2,8ba,10240,0/0
/spttest/mixed_10K_1q3,8bb,10240,0/0
/spttest/mixed_10K_1q4,8bc,10240,0/0
/spttest/mixed_10K_1q5,8bd,10240,0/0
/spttest/mixed_10K_1q6,8be,10240,0/0
/spttest/mixed_10K_1q7,8bf,10240,0/0
/spttest/mixed_10K_1q8,8c0,10240,0/0
/spttest/mixed_10K_1q9,8c1,10240,0/0
/spttest/mixed_10K_1qa,8c2,10240,0/0
/spttest/mixed_10K_1qb,8c3,10240,0/0
/spttest/mixed_10K_1qc,8c4,10240,0/0
/spttest/mixed_10K_1qd,8c5,10240,0/0
/spttest/mixed_10K_1qe,8c6,10240,0/0
/spttest/mixed_10K_1qf,8c7,10240,0/0
/spttest/mixed_10K_1qg,8c8,10240,0/0
/spttest/mixed_10K_1qh,8c9,10240,0/0
/spttest/mixed_10K_1qi,8ca,10240,0/0
/spttest/mixed_10K_1qj,8cb,10240,0/0
/spttest/mixed_10K_1qk,8cc,10240,0/0
/spttest/mixed_10K_1ql,8cd,10240,0/0
/spttest/mixed_10K_1qm,8ce,10240,0/0
/spttest/mixed_10K_1qn,8cf,10240,0/0
/spttest/mixed_10K_1qo,8d0,10240,0/0
/spttest/mixed_10K_1qp,8d1,10240,0/0
/spttest/mixed_10K_1qq,8d2,10240,0/0
/spttest/mixed_10K_1qr,8d3,10240,0/0
/spttest/mixed_10K_1qs,8d4,10240,0/0
/spttest/mixed_10K_1qt,8d5,10240,0/0
/spttest/mixed_10K_1qu,8d6,10240,0/0
/spttest/mixed_10K_1qv,8d7,10240,0/0
/spttest/mixed_10K_1qw,8d8,10240,0/0
/spttest/mixed_10K_1qx,8d9,10240,0/0
/spttest/mixed_10K_1qy,8da,10240,0/0
/spttest/mixed_10K_1qz,8db,10240,0/0
/spttest/mixed_10K_1r0,8dc,10240,0/0
/spttest/mixed_10K_1r1,8dd,10240,0/0
/spttest/mixed_10K_1r2,8de,10240,0/0
/spttest/mixed_10K_1r3,8df,10240,0/0
/spttest/mixed_10K_1r4,8e0,10240,0/0
/spttest/mixed_10K_1r5,8e1,10240,0/0
/spttest/mixed_10K_1r6,8e2,10240,0/0
/spttest/mixed_10K_1r7,8e3,10240,0/0
/spttest/mixed_10K_1r8,8e4,10240,0/0
/spttest/mixed_10K_1r9,8e5,10240,0/0
/spttest/mixed_10K_1ra,8e6,10240,0/0
/spttest/mixed_10K_1rb,8e7,10240,0/0
/spttest/mixed_10K_1rc,8e8,10240,0/0
/spttest/mixed_10K_1rd,8e9,10240,0/0
/spttest/mixed_10K_1re,8ea,10240,0/0
/spttest/mixed_10K_1rf,8eb,10240,0/0
/spttest/mixed_10K_1rg,8ec,10240,0/0
/spttest/mixed_10K_1rh,8ed,10240,0/0
/spttest/mixed_10K_1ri,8ee,10240,0/0
/spttest/mixed_10K_1rj,8ef,10240,0/0
/spttest/mixed_10K_1rk,8f0,10240,0/0
/spttest/mixed_10K_1rl,8f1,10240,0/0
/spttest/mixed_10K_1rm,8f2,10240,0/0
/spttest/mixed_10K_1rn,8f3,10240,0/0
/spttest/mixed_10K_1ro,8f4,10240,0/0
/spttest/mixed_10K_1rp,8f5,10240,0/0
/spttest/mixed_10K_1rq,8f6,10240,0/0
/spttest/mixed_10K_1rr,8f7,10240,0/0
/spttest/mixed_10K_1rs,8f8,10240,0/0
/spttest/mixed_10K_1rt,8f9,10240,0/0
/spttest/mixed_10K_1ru,8fa,10240,0/0
/spttest/mixed_10K_1rv,8fb,10240,0/0
/spttest/mixed_10K_1rw,8fc,10240,0/0
/spttest/mixed_10K_1rx,8fd,10240,0/0
/spttest/mixed_10K_1ry,8fe,10240,0/0
/spttest/mixed_10K_1rz,8ff,10240,0/0
/spttest/mixed_10K_1s0,900,10240,0/0
/spttest/mixed_10K_1s1,901,10240,0/0
/spttest/mixed_10K_1s2,902,10240,0/0
/spttest/mixed_10K_1s3,903,10240,0/0
/spttest/mixed_10K_1s4,904,10240,0/0
/spttest/mixed_10K_1s5,905,10240,0/0
/spttest/mixed_10K_1s6,906,10240,0/0
/spttest/mixed_10K_1s7,907,10240,0/0
/spttest/mixed_10K_1s8,908,10240,0/0
/spttest/mixed_10K_1s9,909,10240,0/0
/spttest/mixed_10K_1sa,90a,10240,0/0
/spttest/mixed_10K_1sb,90b,10240,0/0
/spttest/mixed_10K_1sc,90c,10240,0/0
/spttest/mixed_10K_1sd,90d,10240,0/0
/spttest/mixed_10K_1se,90e,10240,0/0
/spttest/mixed_10K_1sf,90f,10240,0/0
/spttest/mixed_10K_1sg,910,10240,0/0
/spttest/mixed_10K_1sh,911,10240,0/0
/spttest/mixed_10K_1si,912,10240,0/0
/spttest/mixed_10K_1sj,913,10240,0/0
/spttest/mixed_10K_1sk,914,10240,0/0
/spttest/mixed_10K_1sl,915,10240,0/0
/spttest/mixed_10K_1sm,916,10240,0/0
/spttest/mixed_10K_1sn,917,10240,0/0
/spttest/mixed_10K_1so,918,10240,0/0
/spttest/mixed_10K_1sp,919,10240,0/0
/spttest/mixed_10K_1sq,91a,10240,0/0
/spttest/mixed_10K_1sr,91b,10240,0/0
/spttest/mixed_10K_1ss,91c,10240,0/0
/spttest/mixed_10K_1st,91d,10240,0/0
/spttest/mixed_10K_1su,91e,10240,0/0
/spttest/mixed_10K_1sv,91f,10240,0/0
/spttest/mixed_10K_1sw,920,10240,0/0
/spttest/mixed_10K_1sx,921,10240,0/0
/spttest/mixed_10K_1sy,922,10240,0/0
/spttest/mixed_10K_1sz,923,10240,0/0
/spttest/mixed_10K_1t0,924,10240,0/0
/spttest/mixed_10K_1t1,925,10240,0/0
/spttest/mixed_10K_1t2,926,10240,0/0
/spttest/mixed_10K_1t3,927,10240,0/0
/spttest/mixed_10K_1t4,928,10240,0/0
/spttest/mixed_10K_1t5,929,10240,0/0
/spttest/mixed_10K_1t6,92a,10240,0/0
/spttest/mixed_10K_1t7,92b,10240,0/0
/spttest/mixed_10K_1t8,92c,10240,0/0
/spttest/mixed_10K_1t9,92d,10240,0/0
/spttest/mixed_10K_1ta,92e,10240,0/0
/spttest/mixed_10K_1tb,92f,10240,0/0
/spttest/mixed_10K_1tc,930,10240,0/0
/spttest/mixed_10K_1td,931,10240,0/0
/spttest/mixed_10K_1te,932,10240,0/0
/spttest/mixed_10K_1tf,933,10240,0/0
/spttest/mixed_10K_1tg,934,10240,0/0
/spttest/mixed_10K_1th,935,10240,0/0
/spttest/mixed_10K_1ti,936,10240,0/0
/spttest/mixed_10K_1tj,937,10240,0/0
/spttest/mixed_10K_1tk,938,10240,0/0
/spttest/mixed_10K_1tl,939,10240,0/0
/spttest/mixed_10K_1tm,93a,10240,0/0
/spttest/mixed_10K_1tn,93b,10240,0/0
/spttest/mixed_10K_1to,93c,10240,0/0
/spttest/mixed_10K_1tp,93d,10240,0/0
/spttest/mixed_10K_1tq,93e,10240,0/0
/spttest/mixed_10K_1tr,93f,10240,0/0
/spttest/mixed_10K_1ts,940,10240,0/0
/spttest/mixed_10K_1tt,941,10240,0/0
/spttest/mixed_10K_1tu,942,10240,0/0
/spttest/mixed_10K_1tv,943,10240,0/0
/spttest/mixed_10K_1tw,944,10240,0/0
/spttest/mixed_10K_1tx,945,10240,0/0
/spttest/mixed_10K_1ty,946,10240,0/0
/spttest/mixed_10K_1tz,947,10240,0/0
/spttest/mixed_10K_1u0,948,10240,0/0
/spttest/mixed_10K_1u1,949,10240,0/0
/spttest/mixed_10K_1u2,94a,10240,0/0
/spttest/mixed_10K_1u3,94b,10240,0/0
/spttest/mixed_10K_1u4,94c,10240,0/0
/spttest/mixed_10K_1u5,94d,10240,0/0
/spttest/mixed_10K_1u6,94e,10240,0/0
/spttest/mixed_10K_1u7,94f,10240,0/0
/spttest/mixed_10K_1u8,950,10240,0/0
/spttest/mixed_10K_1u9,951,10240,0/0
/spttest/mixed_10K_1ua,952,10240,0/0
/spttest/mixed_10K_1ub,953,10240,0/0
/spttest/mixed_10K_1uc,954,10240,0/0
/spttest/mixed_10K_1ud,955,10240,0/0
/spttest/mixed_10K_1ue,956,10240,0/0
/spttest/mixed_10K_1uf,957,10240,0/0
/spttest/mixed_10K_1ug,958,10240,0/0
/spttest/mixed_10K_1uh,959,10240,0/0
/spttest/mixed_10K_1ui,95a,10240,0/0
/spttest/mixed_10K_1uj,95b,10240,0/0
/spttest/mixed_10K_1uk,95c,10240,0/0
/spttest/mixed_10K_1ul,95d,10240,0/0
/spttest/mixed_10K_1um,95e,10240,0/0
/spttest/mixed_10K_1un,95f,10240,0/0
/spttest/mixed_10K_1uo,960,10240,0/0
/spttest/mixed_10K_1up,961,10240,0/0
/spttest/mixed_10K_1uq,962,10240,0/0
/spttest/mixed_10K_1ur,963,10240,0/0
/spttest/mixed_10K_1us,964,10240,0/0
/spttest/mixed_10K_1ut,965,10240,0/0
/spttest/mixed_10K_1uu,966,10240,0/0
/spttest/mixed_10K_1uv,967,10240,0/0
/spttest/mixed_10K_1uw,968,10240,0/0
/spttest/mixed_10K_1ux,969,10240,0/0
/spttest/mixed_10K_1uy,96a,10240,0/0
/spttest/mixed_10K_1uz,96b,10240,0/0
/spttest/mixed_10K_1v0,96c,10240,0/0
/spttest/mixed_10K_1v1,96d,10240,0/0
/spttest/mixed_10K_1v2,96e,10240,0/0
/spttest/mixed_10K_1v3,96f,10240,0/0
/spttest/mixed_10K_1v4,970,10240,0/0
/spttest/mixed_10K_1v5,971,10240,0/0
/spttest/mixed_10K_1v6,972,10240,0/0
/spttest/mixed_10K_1v7,973,10240,0/0
/spttest/mixed_10K_1v8,974,10240,0/0
/spttest/mixed_10K_1v9,975,10240,0/0
/spttest/mixed_10K_1va,976,10240,0/0
/spttest/mixed_10K_1vb,977,10240,0/0
/spttest/mixed_10K_1vc,978,10240,0/0
/spttest/mixed_10K_1vd,979,10240,0/0
/spttest/mixed_10K_1ve,97a,10240,0/0
/spttest/mixed_10K_1vf,97b,10240,0/0
/spttest/mixed_10K_1vg,97c,10240,0/0
/spttest/mixed_10K_1vh,97d,10240,0/0
/spttest/mixed_10K_1vi,97e,10240,0/0
/spttest/mixed_10K_1vj,97f,10240,0/0
/spttest/mixed_10K_1vk,980,10240,0/0
/spttest/mixed_10K_1vl,981,10240,0/0
/spttest/mixed_10K_1vm,982,10240,0/0
/spttest/mixed_10K_1vn,983,10240,0/0
/spttest/mixed_10K_1vo,984,10240,0/0
/spttest/mixed_10K_1vp,985,10240,0/0
/spttest/mixed_10K_1vq,986,10240,0/0
/spttest/mixed_10K_1vr,987,10240,0/0
/spttest/mixed_10K_1vs,988,10240,0/0
/spttest/mixed_10K_1vt,989,10240,0/0
/spttest/mixed_10K_1vu,98a,10240,0/0
/spttest/mixed_10K_1vv,98b,10240,0/0
/spttest/mixed_10K_1vw,98c,10240,0/0
/spttest/mixed_10K_1vx,98d,10240,0/0
/spttest/mixed_10K_1vy,98e,10240,0/0
/spttest/mixed_10K_1vz,98f,10240,0/0
/spttest/mixed_10K_1w0,990,10240,0/0
/spttest/mixed_10K_1w1,991,10240,0/0
/spttest/mixed_10K_1w2,992,10240,0/0
/spttest/mixed_10K_1w3,993,10240,0/0
/spttest/mixed_10K_1w4,994,10240,0/0
/spttest/mixed_10K_1w5,995,10240,0/0
/spttest/mixed_10K_1w6,996,10240,0/0
/spttest/mixed_10K_1w7,997,10240,0/0
/spttest/mixed_10K_1w8,998,10240,0/0
/spttest/mixed_10K_1w9,999,10240,0/0
/spttest/mixed_10K_1wa,99a,10240,0/0
/spttest/mixed_10K_1wb,99b,10240,0/0
/spttest/mixed_10K_1wc,99c,10240,0/0
/spttest/mixed_10K_1wd,99d,10240,0/0
/spttest/mixed_10K_1we,99e,10240,0/0
/spttest/mixed_10K_1wf,99f,10240,0/0
/spttest/mixed_10K_1wg,9a0,10240,0/0
/spttest/mixed_10K_1wh,9a1,10240,0/0
/spttest/mixed_10K_1wi,9a2,10240,0/0
/spttest/mixed_10K_1wj,9a3,10240,0/0
/spttest/mixed_10K_1wk,9a4,10240,0/0
/spttest/mixed_10K_1wl,9a5,10240,0/0
/spttest/mixed_10K_1wm,9a6,10240,0/0
/spttest/mixed_10K_1wn,9a7,10240,0/0
/spttest/mixed_10K_1wo,9a8,10240,0/0
/spttest/mixed_10K_1wp,9a9,10240,0/0
/spttest/mixed_10K_1wq,9aa,10240,0/0
/spttest/mixed_10K_1wr,9ab,10240,0/0
/spttest/mixed_10K_1ws,9ac,10240,0/0
/spttest/mixed_10K_1wt,9ad,10240,0/0
/spttest/mixed_10K_1wu,9ae,10240,0/0
/spttest/mixed_10K_1wv,9af,10240,0/0
/spttest/mixed_10K_1ww,9b0,10240,0/0
/spttest/mixed_10K_1wx,9b1,10240,0/0
/spttest/mixed_10K_1wy,9b2,10240,0/0
/spttest/mixed_10K_1wz,9b3,10240,0/0
/spttest/mixed_10K_1x0,9b4,10240,0/0
/spttest/mixed_10K_1x1,9b5,10240,0/0
/spttest/mixed_10K_1x2,9b6,10240,0/0
/spttest/mixed_10K_1x3,9b7,10240,0/0
/spttest/mixed_10K_1x4,9b8,10240,0/0
/spttest/mixed_10K_1x5,9b9,10240,0/0
/spttest/mixed_10K_1x6,9ba,10240,0/0
/spttest/mixed_10K_1x7,9bb,10240,0/0
/spttest/mixed_10K_1x8,9bc,10240,0/0
/spttest/mixed_10K_1x9,9bd,10240,0/0
/spttest/mixed_10K_1xa,9be,10240,0/0
/spttest/mixed_10K_1xb,9bf,10240,0/0
/spttest/mixed_10K_1xc,9c0,10240,0/0
/spttest/mixed_10K_1xd,9c1,10240,0/0
/spttest/mixed_10K_1xe,9c2,10240,0/0
/spttest/mixed_10K_1xf,9c3,10240,0/0
/spttest/mixed_10K_1xg,9c4,10240,0/0
/spttest/mixed_10K_1xh,9c5,10240,0/0
/spttest/mixed_10K_1xi,9c6,10240,0/0
/spttest/mixed_10K_1xj,9c7,10240,0/0
/spttest/mixed_10K_1xk,9c8,10240,0/0
/spttest/mixed_10K_1xl,9c9,10240,0/0
/spttest/mixed_10K_1xm,9ca,10240,0/0
/spttest/mixed_10K_1xn,9cb,10240,0/0
/spttest/mixed_10K_1xo,9cc,10240,0/0
/spttest/mixed_10K_1xp,9cd,10240,0/0
/spttest/mixed_10K_1xq,9ce,10240,0/0
/spttest/mixed_10K_1xr,9cf,10240,0/0
/spttest/mixed_10K_1xs,9d0,10240,0/0
/spttest/mixed_10K_1xt,9d1,10240,0/0
/spttest/mixed_10K_1xu,9d2,10240,0/0
/spttest/mixed_10K_1xv,9d3,10240,0/0
/spttest/mixed_10K_1xw,9d4,10240,0/0
/spttest/mixed_10K_1xx,9d5,10240,0/0
/spttest/mixed_10K_1xy,9d6,10240,0/0
/spttest/mixed_10K_1xz,9d7,10240,0/0
/spttest/mixed_10K_1y0,9d8,10240,0/0
/spttest/mixed_10K_1y1,9d9,10240,0/0
/spttest/mixed_10K_1y2,9da,10240,0/0
/spttest/mixed_10K_1y3,9db,10240,0/0
/spttest/mixed_10K_1y4,9dc,10240,0/0
/spttest/mixed_10K_1y5,9dd,10240,0/0
/spttest/mixed_10K_1y6,9de,10240,0/0
/spttest/mixed_10K_1y7,9df,10240,0/0
/spttest/mixed_10K_1y8,9e0,10240,0/0
/spttest/mixed_10K_1y9,9e1,10240,0/0
/spttest/mixed_10K_1ya,9e2,10240,0/0
/spttest/mixed_10K_1yb,9e3,10240,0/0
/spttest/mixed_10K_1yc,9e4,10240,0/0
/spttest/mixed_10K_1yd,9e5,10240,0/0
/spttest/mixed_10K_1ye,9e6,10240,0/0
/spttest/mixed_10K_1yf,9e7,10240,0/0
/spttest/mixed_10K_1yg,9e8,10240,0/0
/spttest/mixed_10K_1yh,9e9,10240,0/0
/spttest/mixed_10K_1yi,9ea,10240,0/0
/spttest/mixed_10K_1yj,9eb,10240,0/0
/spttest/mixed_10K_1yk,9ec,10240,0/0
/spttest/mixed_10K_1yl,9ed,10240,0/0
/spttest/mixed_10K_1ym,9ee,10240,0/0
/spttest/mixed_10K_1yn,9ef,10240,0/0
/spttest/mixed_10K_1yo,9f0,10240,0/0
/spttest/mixed_10K_1yp,9f1,10240,0/0
/spttest/mixed_10K_1yq,9f2,10240,0/0
/spttest/mixed_10K_1yr,9f3,10240,0/0
/spttest/mixed_10K_1ys,9f4,10240,0/0
/spttest/mixed_10K_1yt,9f5,10240,0/0
/spttest/mixed_10K_1yu,9f6,10240,0/0
/spttest/mixed_10K_1yv,9f7,10240,0/0
/spttest/mixed_10K_1yw,9f8,10240,0/0
/spttest/mixed_10K_1yx,9f9,10240,0/0
/spttest/mixed_10K_1yy,9fa,10240,0/0
/spttest/mixed_10K_1yz,9fb,10240,0/0
/spttest/mixed_10K_1z0,9fc,10240,0/0
/spttest/mixed_10K_1z1,9fd,10240,0/0
/spttest/mixed_10K_1z2,9fe,10240,0/0
/spttest/mixed_10K_1z3,9ff,10240,0/0
/spttest/mixed_10K_1z4,a00,10240,0/0
/spttest/mixed_10K_1z5,a01,10240,0/0
/spttest/mixed_10K_1z6,a02,10240,0/0
/spttest/mixed_10K_1z7,a03,10240,0/0
/spttest/mixed_10K_1z8,a04,10240,0/0
/spttest/mixed_10K_1z9,a05,10240,0/0
/spttest/mixed_10K_1za,a06,10240,0/0
/spttest/mixed_10K_1zb,a07,10240,0/0
/spttest/mixed_10K_1zc,a08,10240,0/0
/spttest/mixed_10K_1zd,a09,10240,0/0
/spttest/mixed_10K_1ze,a0a,10240,0/0
/spttest/mixed_10K_1zf,a0b,10240,0/0
/spttest/mixed_10K_1zg,a0c,10240,0/0
/spttest/mixed_10K_1zh,a0d,10240,0/0
/spttest/mixed_10K_1zi,a0e,10240,0/0
/spttest/mixed_10K_1zj,a0f,10240,0/0
/spttest/mixed_10K_1zk,a10,10240,0/0
/spttest/mixed_10K_1zl,a11,10240,0/0
/spttest/mixed_10K_1zm,a12,10240,0/0
/spttest/mixed_10K_1zn,a13,10240,0/0
/spttest/mixed_10K_1zo,a14,10240,0/0
/spttest/mixed_10K_1zp,a15,10240,0/0
/spttest/mixed_10K_1zq,a16,10240,0/0
/spttest/mixed_10K_1zr,a17,10240,0/0
/spttest/mixed_10K_1zs,a18,10240,0/0
/spttest/mixed_10K_1zt,a19,10240,0/0
/spttest/mixed_10K_1zu,a1a,10240,0/0
/spttest/mixed_10K_1zv,a1b,10240,0/0
/spttest/mixed_10K_1zw,a1c,10240,0/0
/spttest/mixed_10K_1zx,a1d,10240,0/0
/spttest/mixed_10K_1zy,a1e,10240,0/0
/spttest/mixed_10K_1zz,a1f,10240,0/0
/spttest/mixed_10K_200,a20,10240,0/0
/spttest/mixed_10K_201,a21,10240,0/0
/spttest/mixed_10K_202,a22,10240,0/0
/spttest/mixed_10K_203,a23,10240,0/0
/spttest/mixed_10K_204,a24,10240,0/0
/spttest/mixed_10K_205,a25,10240,0/0
/spttest/mixed_10K_206,a26,10240,0/0
/spttest/mixed_10K_207,a27,10240,0/0
/spttest/mixed_10K_208,a28,10240,0/0
/spttest/mixed_10K_209,a29,10240,0/0
/spttest/mixed_10K_20a,a2a,10240,0/0
/spttest/mixed_10K_20b,a2b,10240,0/0
/spttest/mixed_10K_20c,a2c,10240,0/0
/spttest/mixed_10K_20d,a2d,10240,0/0
/spttest/mixed_10K_20e,a2e,10240,0/0
/spttest/mixed_10K_20f,a2f,10240,0/0
/spttest/mixed_10K_20g,a30,10240,0/0
/spttest/mixed_10K_20h,a31,10240,0/0
/spttest/mixed_10K_20i,a32,10240,0/0
/spttest/mixed_10K_20j,a33,10240,0/0
/spttest/mixed_10K_20k,a34,10240,0/0
/spttest/mixed_10K_20l,a35,10240,0/0
/spttest/mixed_10K_20m,a36,10240,0/0
/spttest/mixed_10K_20n,a37,10240,0/0
/spttest/mixed_10K_20o,a38,10240,0/0
/spttest/mixed_10K_20p,a39,10240,0/0
/spttest/mixed_10K_20q,a3a,10240,0/0
/spttest/mixed_10K_20r,a3b,10240,0/0
/spttest/mixed_10K_20s,a3c,10240,0/0
/spttest/mixed_10K_20t,a3d,10240,0/0
/spttest/mixed_10K_20u,a3e,10240,0/0
/spttest/mixed_10K_20v,a3f,10240,0/0
/spttest/mixed_10K_20w,a40,10240,0/0
/spttest/mixed_10K_20x,a41,10240,0/0
/spttest/mixed_10K_20y,a42,10240,0/0
/spttest/mixed_10K_20z,a43,10240,0/0
/spttest/mixed_10K_210,a44,10240,0/0
/spttest/mixed_10K_211,a45,10240,0/0
/spttest/mixed_10K_212,a46,10240,0/0
/spttest/mixed_10K_213,a47,10240,0/0
/spttest/mixed_10K_214,a48,10240,0/0
/spttest/mixed_10K_215,a49,10240,0/0
/spttest/mixed_10K_216,a4a,10240,0/0
/spttest/mixed_10K_217,a4b,10240,0/0
/spttest/mixed_10K_218,a4c,10240,0/0
/spttest/mixed_10K_219,a4d,10240,0/0
/spttest/mixed_10K_21a,a4e,10240,0/0
/spttest/mixed_10K_21b,a4f,10240,0/0
/spttest/mixed_10K_21c,a50,10240,0/0
/spttest/mixed_10K_21d,a51,10240,0/0
/spttest/mixed_10K_21e,a52,10240,0/0
/spttest/mixed_10K_21f,a53,10240,0/0
/spttest/mixed_10K_21g,a54,10240,0/0
/spttest/mixed_10K_21h,a55,10240,0/0
/spttest/mixed_10K_21i,a56,10240,0/0
/spttest/mixed_10K_21j,a57,10240,0/0
/spttest/mixed_10K_21k,a58,10240,0/0
/spttest/mixed_10K_21l,a59,10240,0/0
/spttest/mixed_10K_21m,a5a,10240,0/0
/spttest/mixed_10K_21n,a5b,10240,0/0
/spttest/mixed_10K_21o,a5c,10240,0/0
/spttest/mixed_10K_21p,a5d,10240,0/0
/spttest/mixed_10K_21q,a5e,10240,0/0
/spttest/mixed_10K_21r,a5f,10240,0/0
/spttest/mixed_10K_21s,a60,10240,0/0
/spttest/mixed_10K_21t,a61,10240,0/0
/spttest/mixed_10K_21u,a62,10240,0/0
/spttest/mixed_10K_21v,a63,10240,0/0
/spttest/mixed_10K_21w,a64,10240,0/0
/spttest/mixed_10K_21x,a65,10240,0/0
/spttest/mixed_10K_21y,a66,10240,0/0
/spttest/mixed_10K_21z,a67,10240,0/0
/spttest/mixed_10K_220,a68,10240,0/0
/spttest/mixed_10K_221,a69,10240,0/0
/spttest/mixed_10K_222,a6a,10240,0/0
/spttest/mixed_10K_223,a6b,10240,0/0
/spttest/mixed_10K_224,a6c,10240,0/0
/spttest/mixed_10K_225,a6d,10240,0/0
/spttest/mixed_10K_226,a6e,10240,0/0
/spttest/mixed_10K_227,a6f,10240,0/0
/spttest/mixed_10K_228,a70,10240,0/0
/spttest/mixed_10K_229,a71,10240,0/0
/spttest/mixed_10K_22a,a72,10240,0/0
/spttest/mixed_10K_22b,a73,10240,0/0
/spttest/mixed_10K_22c,a74,10240,0/0
/spttest/mixed_10K_22d,a75,10240,0/0
/spttest/mixed_10K_22e,a76,10240,0/0
/spttest/mixed_10K_22f,a77,10240,0/0
/spttest/mixed_10K_22g,a78,10240,0/0
/spttest/mixed_10K_22h,a79,10240,0/0
/spttest/mixed_10K_22i,a7a,10240,0/0
/spttest/mixed_10K_22j,a7b,10240,0/0
/spttest/mixed_10K_22k,a7c,10240,0/0
/spttest/mixed_10K_22l,a7d,10240,0/0
/spttest/mixed_10K_22m,a7e,10240,0/0
/spttest/mixed_10K_22n,a7f,10240,0/0
/spttest/mixed_10K_22o,a80,10240,0/0
/spttest/mixed_10K_22p,a81,10240,0/0
/spttest/mixed_10K_22q,a82,10240,0/0
/spttest/mixed_10K_22r,a83,10240,0/0
/spttest/mixed_10K_22s,a84,10240,0/0
/spttest/mixed_10K_22t,a85,10240,0/0
/spttest/mixed_10K_22u,a86,10240,0/0
/spttest/mixed_10K_22v,a87,10240,0/0
/spttest/mixed_10K_22w,a88,10240,0/0
/spttest/mixed_10K_22x,a89,10240,0/0
/spttest/mixed_10K_22y,a8a,10240,0/0
/spttest/mixed_10K_22z,a8b,10240,0/0
/spttest/mixed_10K_230,a8c,10240,0/0
/spttest/mixed_10K_231,a8d,10240,0/0
/spttest/mixed_10K_232,a8e,10240,0/0
/spttest/mixed_10K_233,a8f,10240,0/0
/spttest/mixed_10K_234,a90,10240,0/0
/spttest/mixed_10K_235,a91,10240,0/0
/spttest/mixed_10K_236,a92,10240,0/0
/spttest/mixed_10K_237,a93,10240,0/0
/spttest/mixed_10K_238,a94,10240,0/0
/spttest/mixed_10K_239,a95,10240,0/0
/spttest/mixed_10K_23a,a96,10240,0/0
/spttest/mixed_10K_23b,a97,10240,0/0
/spttest/mixed_10K_23c,a98,10240,0/0
/spttest/mixed_10K_23d,a99,10240,0/0
/spttest/mixed_10K_23e,a9a,10240,0/0
/spttest/mixed_10K_23f,a9b,10240,0/0
/spttest/mixed_10K_23g,a9c,10240,0/0
/spttest/mixed_10K_23h,a9d,10240,0/0
/spttest/mixed_10K_23i,a9e,10240,0/0
/spttest/mixed_10K_23j,a9f,10240,0/0
/spttest/mixed_10K_23k,aa0,10240,0/0
/spttest/mixed_10K_23l,aa1,10240,0/0
/spttest/mixed_10K_23m,aa2,10240,0/0
/spttest/mixed_10K_23n,aa3,10240,0/0
/spttest/mixed_10K_23o,aa4,10240,0/0
/spttest/mixed_10K_23p,aa5,10240,0/0
/spttest/mixed_10K_23q,aa6,10240,0/0
/spttest/mixed_10K_23r,aa7,10240,0/0
/spttest/mixed_10K_23s,aa8,10240,0/0
/spttest/mixed_10K_23t,aa9,10240,0/0
/spttest/mixed_10K_23u,aaa,10240,0/0
/spttest/mixed_10K_23v,aab,10240,0/0
/spttest/mixed_10K_23w,aac,10240,0/0
/spttest/mixed_10K_23x,aad,10240,0/0
/spttest/mixed_10K_23y,aae,10240,0/0
/spttest/mixed_10K_23z,aaf,10240,0/0
/spttest/mixed_10K_240,ab0,10240,0/0
/spttest/mixed_10K_241,ab1,10240,0/0
/spttest/mixed_10K_242,ab2,10240,0/0
/spttest/mixed_10K_243,ab3,10240,0/0
/spttest/mixed_10K_244,ab4,10240,0/0
/spttest/mixed_10K_245,ab5,10240,0/0
/spttest/mixed_10K_246,ab6,10240,0/0
/spttest/mixed_10K_247,ab7,10240,0/0
/spttest/mixed_10K_248,ab8,10240,0/0
/spttest/mixed_10K_249,ab9,10240,0/0
/spttest/mixed_10K_24a,aba,10240,0/0
/spttest/mixed_10K_24b,abb,10240,0/0
/spttest/mixed_10K_24c,abc,10240,0/0
/spttest/mixed_10K_24d,abd,10240,0/0
/spttest/mixed_10K_24e,abe,10240,0/0
/spttest/mixed_10K_24f,abf,10240,0/0
/spttest/mixed_10K_24g,ac0,10240,0/0
/spttest/mixed_10K_24h,ac1,10240,0/0
/spttest/mixed_10K_24i,ac2,10240,0/0
/spttest/mixed_10K_24j,ac3,10240,0/0
/spttest/mixed_10K_24k,ac4,10240,0/0
/spttest/mixed_10K_24l,ac5,10240,0/0
/spttest/mixed_10K_24m,ac6,10240,0/0
/spttest/mixed_10K_24n,ac7,10240,0/0
/spttest/mixed_10K_24o,ac8,10240,0/0
/spttest/mixed_10K_24p,ac9,10240,0/0
/spttest/mixed_10K_24q,aca,10240,0/0
/spttest/mixed_10K_24r,acb,10240,0/0
/spttest/mixed_10K_24s,acc,10240,0/0
/spttest/mixed_10K_24t,acd,10240,0/0
/spttest/mixed_10K_24u,ace,10240,0/0
/spttest/mixed_10K_24v,acf,10240,0/0
/spttest/mixed_10K_24w,ad0,10240,0/0
/spttest/mixed_10K_24x,ad1,10240,0/0
/spttest/mixed_10K_24y,ad2,10240,0/0
/spttest/mixed_10K_24z,ad3,10240,0/0
/spttest/mixed_10K_250,ad4,10240,0/0
/spttest/mixed_10K_251,ad5,10240,0/0
/spttest/mixed_10K_252,ad6,10240,0/0
/spttest/mixed_10K_253,ad7,10240,0/0
/spttest/mixed_10K_254,ad8,10240,0/0
/spttest/mixed_10K_255,ad9,10240,0/0
/spttest/mixed_10K_256,ada,10240,0/0
/spttest/mixed_10K_257,adb,10240,0/0
/spttest/mixed_10K_258,adc,10240,0/0
/spttest/mixed_10K_259,add,10240,0/0
/spttest/mixed_10K_25a,ade,10240,0/0
/spttest/mixed_10K_25b,adf,10240,0/0
/spttest/mixed_10K_25c,ae0,10240,0/0
/spttest/mixed_10K_25d,ae1,10240,0/0
/spttest/mixed_10K_25e,ae2,10240,0/0
/spttest/mixed_10K_25f,ae3,10240,0/0
/spttest/mixed_10K_25g,ae4,10240,0/0
/spttest/mixed_10K_25h,ae5,10240,0/0
/spttest/mixed_10K_25i,ae6,10240,0/0
/spttest/mixed_10K_25j,ae7,10240,0/0
/spttest/mixed_10K_25k,ae8,10240,0/0
/spttest/mixed_10K_25l,ae9,10240,0/0
/spttest/mixed_10K_25m,aea,10240,0/0
/spttest/mixed_10K_25n,aeb,10240,0/0
/spttest/mixed_10K_25o,aec,10240,0/0
/spttest/mixed_10K_25p,aed,10240,0/0
/spttest/mixed_10K_25q,aee,10240,0/0
/spttest/mixed_10K_25r,aef,10240,0/0
/spttest/mixed_10K_25s,af0,10240,0/0
/spttest/mixed_10K_25t,af1,10240,0/0
/spttest/mixed_10K_25u,af2,10240,0/0
/spttest/mixed_10K_25v,af3,10240,0/0
/spttest/mixed_10K_25w,af4,10240,0/0
/spttest/mixed_10K_25x,af5,10240,0/0
/spttest/mixed_10K_25y,af6,10240,0/0
/spttest/mixed_10K_25z,af7,10240,0/0
/spttest/mixed_10K_260,af8,10240,0/0
/spttest/mixed_10K_261,af9,10240,0/0
/spttest/mixed_10K_262,afa,10240,0/0
/spttest/mixed_10K_263,afb,10240,0/0
/spttest/mixed_10K_264,afc,10240,0/0
/spttest/mixed_10K_265,afd,10240,0/0
/spttest/mixed_10K_266,afe,10240,0/0
/spttest/mixed_10K_267,aff,10240,0/0
/spttest/mixed_10K_268,b00,10240,0/0
/spttest/mixed_10K_269,b01,10240,0/0
/spttest/mixed_10K_26a,b02,10240,0/0
/spttest/mixed_10K_26b,b03,10240,0/0
/spttest/mixed_10K_26c,b04,10240,0/0
/spttest/mixed_10K_26d,b05,10240,0/0
/spttest/mixed_10K_26e,b06,10240,0/0
/spttest/mixed_10K_26f,b07,10240,0/0
/spttest/mixed_10K_26g,b08,10240,0/0
/spttest/mixed_10K_26h,b09,10240,0/0
/spttest/mixed_10K_26i,b0a,10240,0/0
/spttest/mixed_10K_26j,b0b,10240,0/0
/spttest/mixed_10K_26k,b0c,10240,0/0
/spttest/mixed_10K_26l,b0d,10240,0/0
/spttest/mixed_10K_26m,b0e,10240,0/0
/spttest/mixed_10K_26n,b0f,10240,0/0
/spttest/mixed_10K_26o,b10,10240,0/0
/spttest/mixed_10K_26p,b11,10240,0/0
/spttest/mixed_10K_26q,b12,10240,0/0
/spttest/mixed_10K_26r,b13,10240,0/0
/spttest/mixed_10K_26s,b14,10240,0/0
/spttest/mixed_10K_26t,b15,10240,0/0
/spttest/mixed_10K_26u,b16,10240,0/0
/spttest/mixed_10K_26v,b17,10240,0/0
/spttest/mixed_10K_26w,b18,10240,0/0
/spttest/mixed_10K_26x,b19,10240,0/0
/spttest/mixed_10K_26y,b1a,10240,0/0
/spttest/mixed_10K_26z,b1b,10240,0/0
/spttest/mixed_10K_270,b1c,10240,0/0
/spttest/mixed_10K_271,b1d,10240,0/0
/spttest/mixed_10K_272,b1e,10240,0/0
/spttest/mixed_10K_273,b1f,10240,0/0
/spttest/mixed_10K_274,b20,10240,0/0
/spttest/mixed_10K_275,b21,10240,0/0
/spttest/mixed_10K_276,b22,10240,0/0
/spttest/mixed_10K_277,b23,10240,0/0
/spttest/mixed_10K_278,b24,10240,0/0
/spttest/mixed_10K_279,b25,10240,0/0
/spttest/mixed_10K_27a,b26,10240,0/0
/spttest/mixed_10K_27b,b27,10240,0/0
/spttest/mixed_10K_27c,b28,10240,0/0
/spttest/mixed_10K_27d,b29,10240,0/0
/spttest/mixed_10K_27e,b2a,10240,0/0
/spttest/mixed_10K_27f,b2b,10240,0/0
/spttest/mixed_10K_27g,b2c,10240,0/0
/spttest/mixed_10K_27h,b2d,10240,0/0
/spttest/mixed_10K_27i,b2e,10240,0/0
/spttest/mixed_10K_27j,b2f,10240,0/0
/spttest/mixed_10K_27k,b30,10240,0/0
/spttest/mixed_10K_27l,b31,10240,0/0
/spttest/mixed_10K_27m,b32,10240,0/0
/spttest/mixed_10K_27n,b33,10240,0/0
/spttest/mixed_10K_27o,b34,10240,0/0
/spttest/mixed_10K_27p,b35,10240,0/0
/spttest/mixed_10K_27q,b36,10240,0/0
/spttest/mixed_10K_27r,b37,10240,0/0
/spttest/mixed_10K_27s,b38,10240,0/0
/spttest/mixed_10K_27t,b39,10240,0/0
/spttest/mixed_10K_27u,b3a,10240,0/0
/spttest/mixed_10K_27v,b3b,10240,0/0
/spttest/mixed_10K_27w,b3c,10240,0/0
/spttest/mixed_10K_27x,b3d,10240,0/0
/spttest/mixed_10K_27y,b3e,10240,0/0
/spttest/mixed_10K_27z,b3f,10240,0/0
/spttest/mixed_10K_280,b40,10240,0/0
/spttest/mixed_10K_281,b41,10240,0/0
/spttest/mixed_10K_282,b42,10240,0/0
/spttest/mixed_10K_283,b43,10240,0/0
/spttest/mixed_10K_284,b44,10240,0/0
/spttest/mixed_10K_285,b45,10240,0/0
/spttest/mixed_10K_286,b46,10240,0/0
/spttest/mixed_10K_287,b47,10240,0/0
/spttest/mixed_10K_288,b48,10240,0/0
/spttest/mixed_10K_289,b49,10240,0/0
/spttest/mixed_10K_28a,b4a,10240,0/0
/spttest/mixed_10K_28b,b4b,10240,0/0
/spttest/mixed_10K_28c,b4c,10240,0/0
/spttest/mixed_10K_28d,b4d,10240,0/0
/spttest/mixed_10K_28e,b4e,10240,0/0
/spttest/mixed_10K_28f,b4f,10240,0/0
/spttest/mixed_10K_28g,b50,10240,0/0
/spttest/mixed_10K_28h,b51,10240,0/0
/spttest/mixed_10K_28i,b52,10240,0/0
/spttest/mixed_10K_28j,b53,10240,0/0
/spttest/mixed_10K_28k,b54,10240,0/0
/spttest/mixed_10K_28l,b55,10240,0/0
/spttest/mixed_10K_28m,b56,10240,0/0
/spttest/mixed_10K_28n,b57,10240,0/0
/spttest/mixed_10K_28o,b58,10240,0/0
/spttest/mixed_10K_28p,b59,10240,0/0
/spttest/mixed_10K_28q,b5a,10240,0/0
/spttest/mixed_10K_28r,b5b,10240,0/0
/spttest/mixed_10K_28s,b5c,10240,0/0
/spttest/mixed_10K_28t,b5d,10240,0/0
/spttest/mixed_10K_28u,b5e,10240,0/0
/spttest/mixed_10K_28v,b5f,10240,0/0
/spttest/mixed_10K_28w,b60,10240,0/0
/spttest/mixed_10K_28x,b61,10240,0/0
/spttest/mixed_10K_28y,b62,10240,0/0
/spttest/mixed_10K_28z,b63,10240,0/0
/spttest/mixed_10K_290,b64,10240,0/0
/spttest/mixed_10K_291,b65,10240,0/0
/spttest/mixed_10K_292,b66,10240,0/0
/spttest/mixed_10K_293,b67,10240,0/0
/spttest/mixed_10K_294,b68,10240,0/0
/spttest/mixed_10K_295,b69,10240,0/0
/spttest/mixed_10K_296,b6a,10240,0/0
/spttest/mixed_10K_297,b6b,10240,0/0
/spttest/mixed_10K_298,b6c,10240,0/0
/spttest/mixed_10K_299,b6d,10240,0/0
/spttest/mixed_10K_29a,b6e,10240,0/0
/spttest/mixed_10K_29b,b6f,10240,0/0
/spttest/mixed_10K_29c,b70,10240,0/0
/spttest/mixed_10K_29d,b71,10240,0/0
/spttest/mixed_10K_29e,b72,10240,0/0
/spttest/mixed_10K_29f,b73,10240,0/0
/spttest/mixed_10K_29g,b74,10240,0/0
/spttest/mixed_10K_29h,b75,10240,0/0
/spttest/mixed_10K_29i,b76,10240,0/0
/spttest/mixed_10K_29j,b77,10240,0/0
/spttest/mixed_10K_29k,b78,10240,0/0
/spttest/mixed_10K_29l,b79,10240,0/0
/spttest/mixed_10K_29m,b7a,10240,0/0
/spttest/mixed_10K_29n,b7b,10240,0/0
/spttest/mixed_10K_29o,b7c,10240,0/0
/spttest/mixed_10K_29p,b7d,10240,0/0
/spttest/mixed_10K_29q,b7e,10240,0/0
/spttest/mixed_10K_29r,b7f,10240,0/0
/spttest/mixed_10K_29s,b80,10240,0/0
/spttest/mixed_10K_29t,b81,10240,0/0
/spttest/mixed_10K_29u,b82,10240,0/0
/spttest/mixed_10K_29v,b83,10240,0/0
/spttest/mixed_10K_29w,b84,10240,0/0
/spttest/mixed_10K_29x,b85,10240,0/0
/spttest/mixed_10K_29y,b86,10240,0/0
/spttest/mixed_10K_29z,b87,10240,0/0
/spttest/mixed_10K_2a0,b88,10240,0/0
/spttest/mixed_10K_2a1,b89,10240,0/0
/spttest/mixed_10K_2a2,b8a,10240,0/0
/spttest/mixed_10K_2a3,b8b,10240,0/0
/spttest/mixed_10K_2a4,b8c,10240,0/0
/spttest/mixed_10K_2a5,b8d,10240,0/0
/spttest/mixed_10K_2a6,b8e,10240,0/0
/spttest/mixed_10K_2a7,b8f,10240,0/0
/spttest/mixed_10K_2a8,b90,10240,0/0
/spttest/mixed_10K_2a9,b91,10240,0/0
/spttest/mixed_10K_2aa,b92,10240,0/0
/spttest/mixed_10K_2ab,b93,10240,0/0
/spttest/mixed_10K_2ac,b94,10240,0/0
/spttest/mixed_10K_2ad,b95,10240,0/0
/spttest/mixed_10K_2ae,b96,10240,0/0
/spttest/mixed_10K_2af,b97,10240,0/0
/spttest/mixed_10K_2ag,b98,10240,0/0
/spttest/mixed_10K_2ah,b99,10240,0/0
/spttest/mixed_10K_2ai,b9a,10240,0/0
/spttest/mixed_10K_2aj,b9b,10240,0/0
/spttest/mixed_10K_2ak,b9c,10240,0/0
/spttest/mixed_10K_2al,b9d,10240,0/0
/spttest/mixed_10K_2am,b9e,10240,0/0
/spttest/mixed_10K_2an,b9f,10240,0/0
/spttest/mixed_10K_2ao,ba0,10240,0/0
/spttest/mixed_10K_2ap,ba1,10240,0/0
/spttest/mixed_10K_2aq,ba2,10240,0/0
/spttest/mixed_10K_2ar,ba3,10240,0/0
/spttest/mixed_10K_2as,ba4,10240,0/0
/spttest/mixed_10K_2at,ba5,10240,0/0
/spttest/mixed_10K_2au,ba6,10240,0/0
/spttest/mixed_10K_2av,ba7,10240,0/0
/spttest/mixed_10K_2aw,ba8,10240,0/0
/spttest/mixed_10K_2ax,ba9,10240,0/0
/spttest/mixed_10K_2ay,baa,10240,0/0
/spttest/mixed_10K_2az,bab,10240,0/0
/spttest/mixed_10K_2b0,bac,10240,0/0
/spttest/mixed_10K_2b1,bad,10240,0/0
/spttest/mixed_10K_2b2,bae,10240,0/0
/spttest/mixed_10K_2b3,baf,10240,0/0
/spttest/mixed_10K_2b4,bb0,10240,0/0
/spttest/mixed_10K_2b5,bb1,10240,0/0
/spttest/mixed_10K_2b6,bb2,10240,0/0
/spttest/mixed_10K_2b7,bb3,10240,0/0
/spttest/mixed_10K_2b8,bb4,10240,0/0
/spttest/mixed_10K_2b9,bb5,10240,0/0
/spttest/mixed_10K_2ba,bb6,10240,0/0
/spttest/mixed_10K_2bb,bb7,10240,0/0
/spttest/mixed_10K_2bc,bb8,10240,0/0
/spttest/mixed_10K_2bd,bb9,10240,0/0
/spttest/mixed_10K_2be,bba,10240,0/0
/spttest/mixed_10K_2bf,bbb,10240,0/0
/spttest/mixed_10K_2bg,bbc,10240,0/0
/spttest/mixed_10K_2bh,bbd,10240,0/0
/spttest/mixed_10K_2bi,bbe,10240,0/0
/spttest/mixed_10K_2bj,bbf,10240,0/0
/spttest/mixed_10K_2bk,bc0,10240,0/0
/spttest/mixed_10K_2bl,bc1,10240,0/0
/spttest/mixed_10K_2bm,bc2,10240,0/0
/spttest/mixed_10K_2bn,bc3,10240,0/0
/spttest/mixed_10K_2bo,bc4,10240,0/0
/spttest/mixed_10K_2bp,bc5,10240,0/0
/spttest/mixed_10K_2bq,bc6,10240,0/0
/spttest/mixed_10K_2br,bc7,10240,0/0
/spttest/mixed_10K_2bs,bc8,10240,0/0
/spttest/mixed_10K_2bt,bc9,10240,0/0
/spttest/mixed_10K_2bu,bca,10240,0/0
/spttest/mixed_10K_2bv,bcb,10240,0/0
/spttest/mixed_10K_2bw,bcc,10240,0/0
/spttest/mixed_10K_2bx,bcd,10240,0/0
/spttest/mixed_10K_2by,bce,10240,0/0
/spttest/mixed_10K_2bz,bcf,10240,0/0
/spttest/mixed_10K_2c0,bd0,10240,0/0
/spttest/mixed_10K_2c1,bd1,10240,0/0
/spttest/mixed_10K_2c2,bd2,10240,0/0
/spttest/mixed_10K_2c3,bd3,10240,0/0
/spttest/mixed_10K_2c4,bd4,10240,0/0
/spttest/mixed_10K_2c5,bd5,10240,0/0
/spttest/mixed_10K_2c6,bd6,10240,0/0
/spttest/mixed_10K_2c7,bd7,10240,0/0
/spttest/mixed_10K_2c8,bd8,10240,0/0
/spttest/mixed_10K_2c9,bd9,10240,0/0
/spttest/mixed_10K_2ca,bda,10240,0/0
/spttest/mixed_10K_2cb,bdb,10240,0/0
/spttest/mixed_10K_2cc,bdc,10240,0/0
/spttest/mixed_10K_2cd,bdd,10240,0/0
/spttest/mixed_10K_2ce,bde,10240,0/0
/spttest/mixed_10K_2cf,bdf,10240,0/0
/spttest/mixed_10K_2cg,be0,10240,0/0
/spttest/mixed_10K_2ch,be1,10240,0/0
/spttest/mixed_10K_2ci,be2,10240,0/0
/spttest/mixed_10K_2cj,be3,10240,0/0
/spttest/mixed_10K_2ck,be4,10240,0/0
/spttest/mixed_10K_2cl,be5,10240,0/0
/spttest/mixed_10K_2cm,be6,10240,0/0
/spttest/mixed_10K_2cn,be7,10240,0/0
/spttest/mixed_10K_2co,be8,10240,0/0
/spttest/mixed_10K_2cp,be9,10240,0/0
/spttest/mixed_10K_2cq,bea,10240,0/0
/spttest/mixed_10K_2cr,beb,10240,0/0
/spttest/mixed_10K_2cs,bec,10240,0/0
/spttest/mixed_10K_2ct,bed,10240,0/0
/spttest/mixed_10K_2cu,bee,10240,0/0
/spttest/mixed_10K_2cv,bef,10240,0/0
/spttest/mixed_10K_2cw,bf0,10240,0/0
/spttest/mixed_10K_2cx,bf1,10240,0/0
/spttest/mixed_10K_2cy,bf2,10240,0/0
/spttest/mixed_10K_2cz,bf3,10240,0/0
/spttest/mixed_10K_2d0,bf4,10240,0/0
/spttest/mixed_10K_2d1,bf5,10240,0/0
/spttest/mixed_10K_2d2,bf6,10240,0/0
/spttest/mixed_10K_2d3,bf7,10240,0/0
/spttest/mixed_10K_2d4,bf8,10240,0/0
/spttest/mixed_10K_2d5,bf9,10240,0/0
/spttest/mixed_10K_2d6,bfa,10240,0/0
/spttest/mixed_10K_2d7,bfb,10240,0/0
/spttest/mixed_10K_2d8,bfc,10240,0/0
/spttest/mixed_10K_2d9,bfd,10240,0/0
/spttest/mixed_10K_2da,bfe,10240,0/0
/spttest/mixed_10K_2db,bff,10240,0/0
/spttest/mixed_10K_2dc,c00,10240,0/0
/spttest/mixed_10K_2dd,c01,10240,0/0
/spttest/mixed_10K_2de,c02,10240,0/0
/spttest/mixed_10K_2df,c03,10240,0/0
/spttest/mixed_10K_2dg,c04,10240,0/0
/spttest/mixed_10K_2dh,c05,10240,0/0
/spttest/mixed_10K_2di,c06,10240,0/0
/spttest/mixed_10K_2dj,c07,10240,0/0
/spttest/mixed_10K_2dk,c08,10240,0/0
/spttest/mixed_10K_2dl,c09,10240,0/0
/spttest/mixed_10K_2dm,c0a,10240,0/0
/spttest/mixed_10K_2dn,c0b,10240,0/0
/spttest/mixed_10K_2do,c0c,10240,0/0
/spttest/mixed_10K_2dp,c0d,10240,0/0
/spttest/mixed_10K_2dq,c0e,10240,0/0
/spttest/mixed_10K_2dr,c0f,10240,0/0
/spttest/mixed_10K_2ds,c10,10240,0/0
/spttest/mixed_10K_2dt,c11,10240,0/0
/spttest/mixed_10K_2du,c12,10240,0/0
/spttest/mixed_10K_2dv,c13,10240,0/0
/spttest/mixed_10K_2dw,c14,10240,0/0
/spttest/mixed_10K_2dx,c15,10240,0/0
/spttest/mixed_10K_2dy,c16,10240,0/0
/spttest/mixed_10K_2dz,c17,10240,0/0
/spttest/mixed_10K_2e0,c18,10240,0/0
/spttest/mixed_10K_2e1,c19,10240,0/0
/spttest/mixed_10K_2e2,c1a,10240,0/0
/spttest/mixed_10K_2e3,c1b,10240,0/0
/spttest/mixed_10K_2e4,c1c,10240,0/0
/spttest/mixed_10K_2e5,c1d,10240,0/0
/spttest/mixed_10K_2e6,c1e,10240,0/0
/spttest/mixed_10K_2e7,c1f,10240,0/0
/spttest/mixed_10K_2e8,c20,10240,0/0
/spttest/mixed_10K_2e9,c21,10240,0/0
/spttest/mixed_10K_2ea,c22,10240,0/0
/spttest/mixed_10K_2eb,c23,10240,0/0
/spttest/mixed_10K_2ec,c24,10240,0/0
/spttest/mixed_10K_2ed,c25,10240,0/0
/spttest/mixed_10K_2ee,c26,10240,0/0
/spttest/mixed_10K_2ef,c27,10240,0/0
/spttest/mixed_10K_2eg,c28,10240,0/0
/spttest/mixed_10K_2eh,c29,10240,0/0
/spttest/mixed_10K_2ei,c2a,10240,0/0
/spttest/mixed_10K_2ej,c2b,10240,0/0
/spttest/mixed_10K_2ek,c2c,10240,0/0
/spttest/mixed_10K_2el,c2d,10240,0/0
/spttest/mixed_10K_2em,c2e,10240,0/0
/spttest/mixed_10K_2en,c2f,10240,0/0
/spttest/mixed_10K_2eo,c30,10240,0/0
/spttest/mixed_10K_2ep,c31,10240,0/0
/spttest/mixed_10K_2eq,c32,10240,0/0
/spttest/mixed_10K_2er,c33,10240,0/0
/spttest/mixed_10K_2es,c34,10240,0/0
/spttest/mixed_10K_2et,c35,10240,0/0
/spttest/mixed_10K_2eu,c36,10240,0/0
/spttest/mixed_10K_2ev,c37,10240,0/0
/spttest/mixed_10K_2ew,c38,10240,0/0
/spttest/mixed_10K_2ex,c39,10240,0/0
/spttest/mixed_10K_2ey,c3a,10240,0/0
/spttest/mixed_10K_2ez,c3b,10240,0/0
/spttest/mixed_10K_2f0,c3c,10240,0/0
/spttest/mixed_10K_2f1,c3d,10240,0/0
/spttest/mixed_10K_2f2,c3e,10240,0/0
/spttest/mixed_10K_2f3,c3f,10240,0/0
/spttest/mixed_10K_2f4,c40,10240,0/0
/spttest/mixed_10K_2f5,c41,10240,0/0
/spttest/mixed_10K_2f6,c42,10240,0/0
/spttest/mixed_10K_2f7,c43,10240,0/0
/spttest/mixed_10K_2f8,c44,10240,0/0
/spttest/mixed_10K_2f9,c45,10240,0/0
/spttest/mixed_10K_2fa,c46,10240,0/0
/spttest/mixed_10K_2fb,c47,10240,0/0
/spttest/mixed_10K_2fc,c48,10240,0/0
/spttest/mixed_10K_2fd,c49,10240,0/0
/spttest/mixed_10K_2fe,c4a,10240,0/0
/spttest/mixed_10K_2ff,c4b,10240,0/0
/spttest/mixed_10K_2fg,c4c,10240,0/0
/spttest/mixed_10K_2fh,c4d,10240,0/0
/spttest/mixed_10K_2fi,c4e,10240,0/0
/spttest/mixed_10K_2fj,c4f,10240,0/0
/spttest/mixed_10K_2fk,c50,10240,0/0
/spttest/mixed_10K_2fl,c51,10240,0/0
/spttest/mixed_10K_2fm,c52,10240,0/0
/spttest/mixed_10K_2fn,c53,10240,0/0
/spttest/mixed_10K_2fo,c54,10240,0/0
/spttest/mixed_10K_2fp,c55,10240,0/0
/spttest/mixed_10K_2fq,c56,10240,0/0
/spttest/mixed_10K_2fr,c57,10240,0/0
/spttest/mixed_10K_2fs,c58,10240,0/0
/spttest/mixed_10K_2ft,c59,10240,0/0
/spttest/mixed_10K_2fu,c5a,10240,0/0
/spttest/mixed_10K_2fv,c5b,10240,0/0
/spttest/mixed_10K_2fw,c5c,10240,0/0
/spttest/mixed_10K_2fx,c5d,10240,0/0
/spttest/mixed_10K_2fy,c5e,10240,0/0
/spttest/mixed_10K_2fz,c5f,10240,0/0
/spttest/mixed_10K_2g0,c60,10240,0/0
/spttest/mixed_10K_2g1,c61,10240,0/0
/spttest/mixed_10K_2g2,c62,10240,0/0
/spttest/mixed_10K_2g3,c63,10240,0/0
/spttest/mixed_10K_2g4,c64,10240,0/0
/spttest/mixed_10K_2g5,c65,10240,0/0
/spttest/mixed_10K_2g6,c66,10240,0/0
/spttest/mixed_10K_2g7,c67,10240,0/0
/spttest/mixed_10K_2g8,c68,10240,0/0
/spttest/mixed_10K_2g9,c69,10240,0/0
/spttest/mixed_10K_2ga,c6a,10240,0/0
/spttest/mixed_10K_2gb,c6b,10240,0/0
/spttest/mixed_10K_2gc,c6c,10240,0/0
/spttest/mixed_10K_2gd,c6d,10240,0/0
/spttest/mixed_10K_2ge,c6e,10240,0/0
/spttest/mixed_10K_2gf,c6f,10240,0/0
/spttest/mixed_10K_2gg,c70,10240,0/0
/spttest/mixed_10K_2gh,c71,10240,0/0
/spttest/mixed_10K_2gi,c72,10240,0/0
/spttest/mixed_10K_2gj,c73,10240,0/0
/spttest/mixed_10K_2gk,c74,10240,0/0
/spttest/mixed_10K_2gl,c75,10240,0/0
/spttest/mixed_10K_2gm,c76,10240,0/0
/spttest/mixed_10K_2gn,c77,10240,0/0
/spttest/mixed_10K_2go,c78,10240,0/0
/spttest/mixed_10K_2gp,c79,10240,0/0
/spttest/mixed_10K_2gq,c7a,10240,0/0
/spttest/mixed_10K_2gr,c7b,10240,0/0
/spttest/mixed_10K_2gs,c7c,10240,0/0
/spttest/mixed_10K_2gt,c7d,10240,0/0
/spttest/mixed_10K_2gu,c7e,10240,0/0
/spttest/mixed_10K_2gv,c7f,10240,0/0
/spttest/mixed_10K_2gw,c80,10240,0/0
/spttest/mixed_10K_2gx,c81,10240,0/0
/spttest/mixed_10K_2gy,c82,10240,0/0
/spttest/mixed_10K_2gz,c83,10240,0/0
/spttest/mixed_10K_2h0,c84,10240,0/0
/spttest/mixed_10K_2h1,c85,10240,0/0
/spttest/mixed_10K_2h2,c86,10240,0/0
/spttest/mixed_10K_2h3,c87,10240,0/0
/spttest/mixed_10K_2h4,c88,10240,0/0
/spttest/mixed_10K_2h5,c89,10240,0/0
/spttest/mixed_10K_2h6,c8a,10240,0/0
/spttest/mixed_10K_2h7,c8b,10240,0/0
/spttest/mixed_10K_2h8,c8c,10240,0/0
/spttest/mixed_10K_2h9,c8d,10240,0/0
/spttest/mixed_10K_2ha,c8e,10240,0/0
/spttest/mixed_10K_2hb,c8f,10240,0/0
/spttest/mixed_10K_2hc,c90,10240,0/0
/spttest/mixed_10K_2hd,c91,10240,0/0
/spttest/mixed_10K_2he,c92,10240,0/0
/spttest/mixed_10K_2hf,c93,10240,0/0
/spttest/mixed_10K_2hg,c94,10240,0/0
/spttest/mixed_10K_2hh,c95,10240,0/0
/spttest/mixed_10K_2hi,c96,10240,0/0
/spttest/mixed_10K_2hj,c97,10240,0/0
/spttest/mixed_10K_2hk,c98,10240,0/0
/spttest/mixed_10K_2hl,c99,10240,0/0
/spttest/mixed_10K_2hm,c9a,10240,0/0
/spttest/mixed_10K_2hn,c9b,10240,0/0
/spttest/mixed_10K_2ho,c9c,10240,0/0
/spttest/mixed_10K_2hp,c9d,10240,0/0
/spttest/mixed_10K_2hq,c9e,10240,0/0
/spttest/mixed_10K_2hr,c9f,10240,0/0
/spttest/mixed_10K_2hs,ca0,10240,0/0
/spttest/mixed_10K_2ht,ca1,10240,0/0
/spttest/mixed_10K_2hu,ca2,10240,0/0
/spttest/mixed_10K_2hv,ca3,10240,0/0
/spttest/mixed_10K_2hw,ca4,10240,0/0
/spttest/mixed_10K_2hx,ca5,10240,0/0
/spttest/mixed_10K_2hy,ca6,10240,0/0
/spttest/mixed_10K_2hz,ca7,10240,0/0
/spttest/mixed_10K_2i0,ca8,10240,0/0
/spttest/mixed_10K_2i1,ca9,10240,0/0
/spttest/mixed_10K_2i2,caa,10240,0/0
/spttest/mixed_10K_2i3,cab,10240,0/0
/spttest/mixed_10K_2i4,cac,10240,0/0
/spttest/mixed_10K_2i5,cad,10240,0/0
/spttest/mixed_10K_2i6,cae,10240,0/0
/spttest/mixed_10K_2i7,caf,10240,0/0
/spttest/mixed_10K_2i8,cb0,10240,0/0
/spttest/mixed_10K_2i9,cb1,10240,0/0
/spttest/mixed_10K_2ia,cb2,10240,0/0
/spttest/mixed_10K_2ib,cb3,10240,0/0
/spttest/mixed_10K_2ic,cb4,10240,0/0
/spttest/mixed_10K_2id,cb5,10240,0/0
/spttest/mixed_10K_2ie,cb6,10240,0/0
/spttest/mixed_10K_2if,cb7,10240,0/0
/spttest/mixed_10K_2ig,cb8,10240,0/0
/spttest/mixed_10K_2ih,cb9,10240,0/0
/spttest/mixed_10K_2ii,cba,10240,0/0
/spttest/mixed_10K_2ij,cbb,10240,0/0
/spttest/mixed_10K_2ik,cbc,10240,0/0
/spttest/mixed_10K_2il,cbd,10240,0/0
/spttest/mixed_10K_2im,cbe,10240,0/0
/spttest/mixed_10K_2in,cbf,10240,0/0
/spttest/mixed_10K_2io,cc0,10240,0/0
/spttest/mixed_10K_2ip,cc1,10240,0/0
/spttest/mixed_10K_2iq,cc2,10240,0/0
/spttest/mixed_10K_2ir,cc3,10240,0/0
/spttest/mixed_10K_2is,cc4,10240,0/0
/spttest/mixed_10K_2it,cc5,10240,0/0
/spttest/mixed_10K_2iu,cc6,10240,0/0
/spttest/mixed_10K_2iv,cc7,10240,0/0
/spttest/mixed_10K_2iw,cc8,10240,0/0
/spttest/mixed_10K_2ix,cc9,10240,0/0
/spttest/mixed_10K_2iy,cca,10240,0/0
/spttest/mixed_10K_2iz,ccb,10240,0/0
/spttest/mixed_10K_2j0,ccc,10240,0/0
/spttest/mixed_10K_2j1,ccd,10240,0/0
/spttest/mixed_10K_2j2,cce,10240,0/0
/spttest/mixed_10K_2j3,ccf,10240,0/0
/spttest/mixed_10K_2j4,cd0,10240,0/0
/spttest/mixed_10K_2j5,cd1,10240,0/0
/spttest/mixed_10K_2j6,cd2,10240,0/0
/spttest/mixed_10K_2j7,cd3,10240,0/0
/spttest/mixed_10K_2j8,cd4,10240,0/0
/spttest/mixed_10K_2j9,cd5,10240,0/0
/spttest/mixed_10K_2ja,cd6,10240,0/0
/spttest/mixed_10K_2jb,cd7,10240,0/0
/spttest/mixed_10K_2jc,cd8,10240,0/0
/spttest/mixed_10K_2jd,cd9,10240,0/0
/spttest/mixed_10K_2je,cda,10240,0/0
/spttest/mixed_10K_2jf,cdb,10240,0/0
/spttest/mixed_10K_2jg,cdc,10240,0/0
/spttest/mixed_10K_2jh,cdd,10240,0/0
/spttest/mixed_10K_2ji,cde,10240,0/0
/spttest/mixed_10K_2jj,cdf,10240,0/0
/spttest/mixed_10K_2jk,ce0,10240,0/0
/spttest/mixed_10K_2jl,ce1,10240,0/0
/spttest/mixed_10K_2jm,ce2,10240,0/0
/spttest/mixed_10K_2jn,ce3,10240,0/0
/spttest/mixed_10K_2jo,ce4,10240,0/0
/spttest/mixed_10K_2jp,ce5,10240,0/0
/spttest/mixed_10K_2jq,ce6,10240,0/0
/spttest/mixed_10K_2jr,ce7,10240,0/0
/spttest/mixed_10K_2js,ce8,10240,0/0
/spttest/mixed_10K_2jt,ce9,10240,0/0
/spttest/mixed_10K_2ju,cea,10240,0/0
/spttest/mixed_10K_2jv,ceb,10240,0/0
/spttest/mixed_10K_2jw,cec,10240,0/0
/spttest/mixed_10K_2jx,ced,10240,0/0
/spttest/mixed_10K_2jy,cee,10240,0/0
/spttest/mixed_10K_2jz,cef,10240,0/0
/spttest/mixed_10K_2k0,cf0,10240,0/0
/spttest/mixed_10K_2k1,cf1,10240,0/0
/spttest/mixed_10K_2k2,cf2,10240,0/0
/spttest/mixed_10K_2k3,cf3,10240,0/0
/spttest/mixed_10K_2k4,cf4,10240,0/0
/spttest/mixed_10K_2k5,cf5,10240,0/0
/spttest/mixed_10K_2k6,cf6,10240,0/0
/spttest/mixed_10K_2k7,cf7,10240,0/0
/spttest/mixed_10K_2k8,cf8,10240,0/0
/spttest/mixed_10K_2k9,cf9,10240,0/0
/spttest/mixed_10K_2ka,cfa,10240,0/0
/spttest/mixed_10K_2kb,cfb,10240,0/0
/spttest/mixed_10K_2kc,cfc,10240,0/0
/spttest/mixed_10K_2kd,cfd,10240,0/0
/spttest/mixed_10K_2ke,cfe,10240,0/0
/spttest/mixed_10K_2kf,cff,10240,0/0
/spttest/mixed_10K_2kg,d00,10240,0/0
/spttest/mixed_10K_2kh,d01,10240,0/0
/spttest/mixed_10K_2ki,d02,10240,0/0
/spttest/mixed_10K_2kj,d03,10240,0/0
/spttest/mixed_10K_2kk,d04,10240,0/0
/spttest/mixed_10K_2kl,d05,10240,0/0
/spttest/mixed_10K_2km,d06,10240,0/0
/spttest/mixed_10K_2kn,d07,10240,0/0
/spttest/mixed_10K_2ko,d08,10240,0/0
/spttest/mixed_10K_2kp,d09,10240,0/0
/spttest/mixed_10K_2kq,d0a,10240,0/0
/spttest/mixed_10K_2kr,d0b,10240,0/0
/spttest/mixed_10K_2ks,d0c,10240,0/0
/spttest/mixed_10K_2kt,d0d,10240,0/0
/spttest/mixed_10K_2ku,d0e,10240,0/0
/spttest/mixed_10K_2kv,d0f,10240,0/0
/spttest/mixed_10K_2kw,d10,10240,0/0
/spttest/mixed_10K_2kx,d11,10240,0/0
/spttest/mixed_10K_2ky,d12,10240,0/0
/spttest/mixed_10K_2kz,d13,10240,0/0
/spttest/mixed_10K_2l0,d14,10240,0/0
/spttest/mixed_10K_2l1,d15,10240,0/0
/spttest/mixed_10K_2l2,d16,10240,0/0
/spttest/mixed_10K_2l3,d17,10240,0/0
/spttest/mixed_10K_2l4,d18,10240,0/0
/spttest/mixed_10K_2l5,d19,10240,0/0
/spttest/mixed_10K_2l6,d1a,10240,0/0
/spttest/mixed_10K_2l7,d1b,10240,0/0
/spttest/mixed_10K_2l8,d1c,10240,0/0
/spttest/mixed_10K_2l9,d1d,10240,0/0
/spttest/mixed_10K_2la,d1e,10240,0/0
/spttest/mixed_10K_2lb,d1f,10240,0/0
/spttest/mixed_10K_2lc,d20,10240,0/0
/spttest/mixed_10K_2ld,d21,10240,0/0
/spttest/mixed_10K_2le,d22,10240,0/0
/spttest/mixed_10K_2lf,d23,10240,0/0
/spttest/mixed_10K_2lg,d24,10240,0/0
/spttest/mixed_10K_2lh,d25,10240,0/0
/spttest/mixed_10K_2li,d26,10240,0/0
/spttest/mixed_10K_2lj,d27,10240,0/0
/spttest/mixed_10K_2lk,d28,10240,0/0
/spttest/mixed_10K_2ll,d29,10240,0/0
/spttest/mixed_10K_2lm,d2a,10240,0/0
/spttest/mixed_10K_2ln,d2b,10240,0/0
/spttest/mixed_10K_2lo,d2c,10240,0/0
/spttest/mixed_10K_2lp,d2d,10240,0/0
/spttest/mixed_10K_2lq,d2e,10240,0/0
/spttest/mixed_10K_2lr,d2f,10240,0/0
/spttest/mixed_10K_2ls,d30,10240,0/0
/spttest/mixed_10K_2lt,d31,10240,0/0
/spttest/mixed_10K_2lu,d32,10240,0/0
/spttest/mixed_10K_2lv,d33,10240,0/0
/spttest/mixed_10K_2lw,d34,10240,0/0
/spttest/mixed_10K_2lx,d35,10240,0/0
/spttest/mixed_10K_2ly,d36,10240,0/0
/spttest/mixed_10K_2lz,d37,10240,0/0
/spttest/mixed_10K_2m0,d38,10240,0/0
/spttest/mixed_10K_2m1,d39,10240,0/0
/spttest/mixed_10K_2m2,d3a,10240,0/0
/spttest/mixed_10K_2m3,d3b,10240,0/0
/spttest/mixed_10K_2m4,d3c,10240,0/0
/spttest/mixed_10K_2m5,d3d,10240,0/0
/spttest/mixed_10K_2m6,d3e,10240,0/0
/spttest/mixed_10K_2m7,d3f,10240,0/0
/spttest/mixed_10K_2m8,d40,10240,0/0
/spttest/mixed_10K_2m9,d41,10240,0/0
/spttest/mixed_10K_2ma,d42,10240,0/0
/spttest/mixed_10K_2mb,d43,10240,0/0
/spttest/mixed_10K_2mc,d44,10240,0/0
/spttest/mixed_10K_2md,d45,10240,0/0
/spttest/mixed_10K_2me,d46,10240,0/0
/spttest/mixed_10K_2mf,d47,10240,0/0
/spttest/mixed_10K_2mg,d48,10240,0/0
/spttest/mixed_10K_2mh,d49,10240,0/0
/spttest/mixed_10K_2mi,d4a,10240,0/0
/spttest/mixed_10K_2mj,d4b,10240,0/0
/spttest/mixed_10K_2mk,d4c,10240,0/0
/spttest/mixed_10K_2ml,d4d,10240,0/0
/spttest/mixed_10K_2mm,d4e,10240,0/0
/spttest/mixed_10K_2mn,d4f,10240,0/0
/spttest/mixed_10K_2mo,d50,10240,0/0
/spttest/mixed_10K_2mp,d51,10240,0/0
/spttest/mixed_10K_2mq,d52,10240,0/0
/spttest/mixed_10K_2mr,d53,10240,0/0
/spttest/mixed_10K_2ms,d54,10240,0/0
/spttest/mixed_10K_2mt,d55,10240,0/0
/spttest/mixed_10K_2mu,d56,10240,0/0
/spttest/mixed_10K_2mv,d57,10240,0/0
/spttest/mixed_10K_2mw,d58,10240,0/0
/spttest/mixed_10K_2mx,d59,10240,0/0
/spttest/mixed_10K_2my,d5a,10240,0/0
/spttest/mixed_10K_2mz,d5b,10240,0/0
/spttest/mixed_10K_2n0,d5c,10240,0/0
/spttest/mixed_10K_2n1,d5d,10240,0/0
/spttest/mixed_10K_2n2,d5e,10240,0/0
/spttest/mixed_10K_2n3,d5f,10240,0/0
/spttest/mixed_10K_2n4,d60,10240,0/0
/spttest/mixed_10K_2n5,d61,10240,0/0
/spttest/mixed_10K_2n6,d62,10240,0/0
/spttest/mixed_10K_2n7,d63,10240,0/0
/spttest/mixed_10K_2n8,d64,10240,0/0
/spttest/mixed_10K_2n9,d65,10240,0/0
/spttest/mixed_10K_2na,d66,10240,0/0
/spttest/mixed_10K_2nb,d67,10240,0/0
/spttest/mixed_10K_2nc,d68,10240,0/0
/spttest/mixed_10K_2nd,d69,10240,0/0
/spttest/mixed_10K_2ne,d6a,10240,0/0
/spttest/mixed_10K_2nf,d6b,10240,0/0
/spttest/mixed_10K_2ng,d6c,10240,0/0
/spttest/mixed_10K_2nh,d6d,10240,0/0
/spttest/mixed_10K_2ni,d6e,10240,0/0
/spttest/mixed_10K_2nj,d6f,10240,0/0
/spttest/mixed_10K_2nk,d70,10240,0/0
/spttest/mixed_10K_2nl,d71,10240,0/0
/spttest/mixed_10K_2nm,d72,10240,0/0
/spttest/mixed_10K_2nn,d73,10240,0/0
/spttest/mixed_10K_2no,d74,10240,0/0
/spttest/mixed_10K_2np,d75,10240,0/0
/spttest/mixed_10K_2nq,d76,10240,0/0
/spttest/mixed_10K_2nr,d77,10240,0/0
/spttest/mixed_10K_2ns,d78,10240,0/0
/spttest/mixed_10K_2nt,d79,10240,0/0
/spttest/mixed_10K_2nu,d7a,10240,0/0
/spttest/mixed_10K_2nv,d7b,10240,0/0
/spttest/mixed_10K_2nw,d7c,10240,0/0
/spttest/mixed_10K_2nx,d7d,10240,0/0
/spttest/mixed_10K_2ny,d7e,10240,0/0
/spttest/mixed_10K_2nz,d7f,10240,0/0
/spttest/mixed_10K_2o0,d80,10240,0/0
/spttest/mixed_10K_2o1,d81,10240,0/0
/spttest/mixed_10K_2o2,d82,10240,0/0
/spttest/mixed_10K_2o3,d83,10240,0/0
/spttest/mixed_10K_2o4,d84,10240,0/0
/spttest/mixed_10K_2o5,d85,10240,0/0
/spttest/mixed_10K_2o6,d86,10240,0/0
/spttest/mixed_10K_2o7,d87,10240,0/0
/spttest/mixed_10K_2o8,d88,10240,0/0
/spttest/mixed_10K_2o9,d89,10240,0/0
/spttest/mixed_10K_2oa,d8a,10240,0/0
/spttest/mixed_10K_2ob,d8b,10240,0/0
/spttest/mixed_10K_2oc,d8c,10240,0/0
/spttest/mixed_10K_2od,d8d,10240,0/0
/spttest/mixed_10K_2oe,d8e,10240,0/0
/spttest/mixed_10K_2of,d8f,10240,0/0
/spttest/mixed_10K_2og,d90,10240,0/0
/spttest/mixed_10K_2oh,d91,10240,0/0
/spttest/mixed_10K_2oi,d92,10240,0/0
/spttest/mixed_10K_2oj,d93,10240,0/0
/spttest/mixed_10K_2ok,d94,10240,0/0
/spttest/mixed_10K_2ol,d95,10240,0/0
/spttest/mixed_10K_2om,d96,10240,0/0
/spttest/mixed_10K_2on,d97,10240,0/0
/spttest/mixed_10K_2oo,d98,10240,0/0
/spttest/mixed_10K_2op,d99,10240,0/0
/spttest/mixed_10K_2oq,d9a,10240,0/0
/spttest/mixed_10K_2or,d9b,10240,0/0
/spttest/mixed_10K_2os,d9c,10240,0/0
/spttest/mixed_10K_2ot,d9d,10240,0/0
/spttest/mixed_10K_2ou,d9e,10240,0/0
/spttest/mixed_10K_2ov,d9f,10240,0/0
/spttest/mixed_10K_2ow,da0,10240,0/0
/spttest/mixed_10K_2ox,da1,10240,0/0
/spttest/mixed_10K_2oy,da2,10240,0/0
/spttest/mixed_10K_2oz,da3,10240,0/0
/spttest/mixed_10K_2p0,da4,10240,0/0
/spttest/mixed_10K_2p1,da5,10240,0/0
/spttest/mixed_10K_2p2,da6,10240,0/0
/spttest/mixed_10K_2p3,da7,10240,0/0
/spttest/mixed_10K_2p4,da8,10240,0/0
/spttest/mixed_10K_2p5,da9,10240,0/0
/spttest/mixed_10K_2p6,daa,10240,0/0
/spttest/mixed_10K_2p7,dab,10240,0/0
/spttest/mixed_10K_2p8,dac,10240,0/0
/spttest/mixed_10K_2p9,dad,10240,0/0
/spttest/mixed_10K_2pa,dae,10240,0/0
/spttest/mixed_10K_2pb,daf,10240,0/0
/spttest/mixed_10K_2pc,db0,10240,0/0
/spttest/mixed_10K_2pd,db1,10240,0/0
/spttest/mixed_10K_2pe,db2,10240,0/0
/spttest/mixed_10K_2pf,db3,10240,0/0
/spttest/mixed_10K_2pg,db4,10240,0/0
/spttest/mixed_10K_2ph,db5,10240,0/0
/spttest/mixed_10K_2pi,db6,10240,0/0
/spttest/mixed_10K_2pj,db7,10240,0/0
/spttest/mixed_10K_2pk,db8,10240,0/0
/spttest/mixed_10K_2pl,db9,10240,0/0
/spttest/mixed_10K_2pm,dba,10240,0/0
/spttest/mixed_10K_2pn,dbb,10240,0/0
/spttest/mixed_10K_2po,dbc,10240,0/0
/spttest/mixed_10K_2pp,dbd,10240,0/0
/spttest/mixed_10K_2pq,dbe,10240,0/0
/spttest/mixed_10K_2pr,dbf,10240,0/0
/spttest/mixed_10K_2ps,dc0,10240,0/0
/spttest/mixed_10K_2pt,dc1,10240,0/0
/spttest/mixed_10K_2pu,dc2,10240,0/0
/spttest/mixed_10K_2pv,dc3,10240,0/0
/spttest/mixed_10K_2pw,dc4,10240,0/0
/spttest/mixed_10K_2px,dc5,10240,0/0
/spttest/mixed_10K_2py,dc6,10240,0/0
/spttest/mixed_10K_2pz,dc7,10240,0/0
/spttest/mixed_10K_2q0,dc8,10240,0/0
/spttest/mixed_10K_2q1,dc9,10240,0/0
/spttest/mixed_10K_2q2,dca,10240,0/0
/spttest/mixed_10K_2q3,dcb,10240,0/0
/spttest/mixed_10K_2q4,dcc,10240,0/0
/spttest/mixed_10K_2q5,dcd,10240,0/0
/spttest/mixed_10K_2q6,dce,10240,0/0
/spttest/mixed_10K_2q7,dcf,10240,0/0
/spttest/mixed_10K_2q8,dd0,10240,0/0
/spttest/mixed_10K_2q9,dd1,10240,0/0
/spttest/mixed_10K_2qa,dd2,10240,0/0
/spttest/mixed_10K_2qb,dd3,10240,0/0
/spttest/mixed_10K_2qc,dd4,10240,0/0
/spttest/mixed_10K_2qd,dd5,10240,0/0
/spttest/mixed_10K_2qe,dd6,10240,0/0
/spttest/mixed_10K_2qf,dd7,10240,0/0
/spttest/mixed_10K_2qg,dd8,10240,0/0
/spttest/mixed_10K_2qh,dd9,10240,0/0
/spttest/mixed_10K_2qi,dda,10240,0/0
/spttest/mixed_10K_2qj,ddb,10240,0/0
/spttest/mixed_10K_2qk,ddc,10240,0/0
/spttest/mixed_10K_2ql,ddd,10240,0/0
/spttest/mixed_10K_2qm,dde,10240,0/0
/spttest/mixed_10K_2qn,ddf,10240,0/0
/spttest/mixed_10K_2qo,de0,10240,0/0
/spttest/mixed_10K_2qp,de1,10240,0/0
/spttest/mixed_10K_2qq,de2,10240,0/0
/spttest/mixed_10K_2qr,de3,10240,0/0
/spttest/mixed_10K_2qs,de4,10240,0/0
/spttest/mixed_10K_2qt,de5,10240,0/0
/spttest/mixed_10K_2qu,de6,10240,0/0
/spttest/mixed_10K_2qv,de7,10240,0/0
/spttest/mixed_10K_2qw,de8,10240,0/0
/spttest/mixed_10K_2qx,de9,10240,0/0
/spttest/mixed_10K_2qy,dea,10240,0/0
/spttest/mixed_10K_2qz,deb,10240,0/0
/spttest/mixed_10K_2r0,dec,10240,0/0
/spttest/mixed_10K_2r1,ded,10240,0/0
/spttest/mixed_10K_2r2,dee,10240,0/0
/spttest/mixed_10K_2r3,def,10240,0/0
/spttest/mixed_10K_2r4,df0,10240,0/0
/spttest/mixed_10K_2r5,df1,10240,0/0
/spttest/mixed_10K_2r6,df2,10240,0/0
/spttest/mixed_10K_2r7,df3,10240,0/0
/spttest/mixed_10K_2r8,df4,10240,0/0
/spttest/mixed_10K_2r9,df5,10240,0/0
/spttest/mixed_10K_2ra,df6,10240,0/0
/spttest/mixed_10K_2rb,df7,10240,0/0
/spttest/mixed_10K_2rc,df8,10240,0/0
/spttest/mixed_10K_2rd,df9,10240,0/0
/spttest/mixed_10K_2re,dfa,10240,0/0
/spttest/mixed_10K_2rf,dfb,10240,0/0
/spttest/mixed_10K_2rg,dfc,10240,0/0
/spttest/mixed_10K_2rh,dfd,10240,0/0
/spttest/mixed_10K_2ri,dfe,10240,0/0
/spttest/mixed_10K_2rj,dff,10240,0/0
/spttest/mixed_10K_2rk,e00,10240,0/0
/spttest/mixed_10K_2rl,e01,10240,0/0
/spttest/mixed_10K_2rm,e02,10240,0/0
/spttest/mixed_10K_2rn,e03,10240,0/0
/spttest/mixed_10K_2ro,e04,10240,0/0
/spttest/mixed_10K_2rp,e05,10240,0/0
/spttest/mixed_10K_2rq,e06,10240,0/0
/spttest/mixed_10K_2rr,e07,10240,0/0
/spttest/mixed_10K_2rs,e08,10240,0/0
/spttest/mixed_10K_2rt,e09,10240,0/0
/spttest/mixed_10K_2ru,e0a,10240,0/0
/spttest/mixed_10K_2rv,e0b,10240,0/0
/spttest/mixed_10K_2rw,e0c,10240,0/0
/spttest/mixed_10K_2rx,e0d,10240,0/0
/spttest/mixed_10K_2ry,e0e,10240,0/0
/spttest/mixed_10K_2rz,e0f,10240,0/0
/spttest/mixed_10K_2s0,e10,10240,0/0
/spttest/mixed_10K_2s1,e11,10240,0/0
/spttest/mixed_10K_2s2,e12,10240,0/0
/spttest/mixed_10K_2s3,e13,10240,0/0
/spttest/mixed_10K_2s4,e14,10240,0/0
/spttest/mixed_10K_2s5,e15,10240,0/0
/spttest/mixed_10K_2s6,e16,10240,0/0
/spttest/mixed_10K_2s7,e17,10240,0/0
/spttest/mixed_10K_2s8,e18,10240,0/0
/spttest/mixed_10K_2s9,e19,10240,0/0
/spttest/mixed_10K_2sa,e1a,10240,0/0
/spttest/mixed_10K_2sb,e1b,10240,0/0
/spttest/mixed_10K_2sc,e1c,10240,0/0
/spttest/mixed_10K_2sd,e1d,10240,0/0
/spttest/mixed_10K_2se,e1e,10240,0/0
/spttest/mixed_10K_2sf,e1f,10240,0/0
/spttest/mixed_10K_2sg,e20,10240,0/0
/spttest/mixed_10K_2sh,e21,10240,0/0
/spttest/mixed_10K_2si,e22,10240,0/0
/spttest/mixed_10K_2sj,e23,10240,0/0
/spttest/mixed_10K_2sk,e24,10240,0/0
/spttest/mixed_10K_2sl,e25,10240,0/0
/spttest/mixed_10K_2sm,e26,10240,0/0
/spttest/mixed_10K_2sn,e27,10240,0/0
/spttest/mixed_10K_2so,e28,10240,0/0
/spttest/mixed_10K_2sp,e29,10240,0/0
/spttest/mixed_10K_2sq,e2a,10240,0/0
/spttest/mixed_10K_2sr,e2b,10240,0/0
/spttest/mixed_10K_2ss,e2c,10240,0/0
/spttest/mixed_10K_2st,e2d,10240,0/0
/spttest/mixed_10K_2su,e2e,10240,0/0
/spttest/mixed_10K_2sv,e2f,10240,0/0
/spttest/mixed_10K_2sw,e30,10240,0/0
/spttest/mixed_10K_2sx,e31,10240,0/0
/spttest/mixed_10K_2sy,e32,10240,0/0
/spttest/mixed_10K_2sz,e33,10240,0/0
/spttest/mixed_10K_2t0,e34,10240,0/0
/spttest/mixed_10K_2t1,e35,10240,0/0
/spttest/mixed_10K_2t2,e36,10240,0/0
/spttest/mixed_10K_2t3,e37,10240,0/0
/spttest/mixed_10K_2t4,e38,10240,0/0
/spttest/mixed_10K_2t5,e39,10240,0/0
/spttest/mixed_10K_2t6,e3a,10240,0/0
/spttest/mixed_10K_2t7,e3b,10240,0/0
/spttest/mixed_10K_2t8,e3c,10240,0/0
/spttest/mixed_10K_2t9,e3d,10240,0/0
/spttest/mixed_10K_2ta,e3e,10240,0/0
/spttest/mixed_10K_2tb,e3f,10240,0/0
/spttest/mixed_10K_2tc,e40,10240,0/0
/spttest/mixed_10K_2td,e41,10240,0/0
/spttest/mixed_10K_2te,e42,10240,0/0
/spttest/mixed_10K_2tf,e43,10240,0/0
/spttest/mixed_10K_2tg,e44,10240,0/0
/spttest/mixed_10K_2th,e45,10240,0/0
/spttest/mixed_10K_2ti,e46,10240,0/0
/spttest/mixed_10K_2tj,e47,10240,0/0
/spttest/mixed_10K_2tk,e48,10240,0/0
/spttest/mixed_10K_2tl,e49,10240,0/0
/spttest/mixed_10K_2tm,e4a,10240,0/0
/spttest/mixed_10K_2tn,e4b,10240,0/0
/spttest/mixed_10K_2to,e4c,10240,0/0
/spttest/mixed_10K_2tp,e4d,10240,0/0
/spttest/mixed_10K_2tq,e4e,10240,0/0
/spttest/mixed_10K_2tr,e4f,10240,0/0
/spttest/mixed_10K_2ts,e50,10240,0/0
/spttest/mixed_10K_2tt,e51,10240,0/0
/spttest/mixed_10K_2tu,e52,10240,0/0
/spttest/mixed_10K_2tv,e53,10240,0/0
/spttest/mixed_10K_2tw,e54,10240,0/0
/spttest/mixed_10K_2tx,e55,10240,0/0
/spttest/mixed_10K_2ty,e56,10240,0/0
/spttest/mixed_10K_2tz,e57,10240,0/0
/spttest/mixed_10K_2u0,e58,10240,0/0
/spttest/mixed_10K_2u1,e59,10240,0/0
/spttest/mixed_10K_2u2,e5a,10240,0/0
/spttest/mixed_10K_2u3,e5b,10240,0/0
/spttest/mixed_10K_2u4,e5c,10240,0/0
/spttest/mixed_10K_2u5,e5d,10240,0/0
/spttest/mixed_10K_2u6,e5e,10240,0/0
/spttest/mixed_10K_2u7,e5f,10240,0/0
/spttest/mixed_10K_2u8,e60,10240,0/0
/spttest/mixed_10K_2u9,e61,10240,0/0
/spttest/mixed_10K_2ua,e62,10240,0/0
/spttest/mixed_10K_2ub,e63,10240,0/0
/spttest/mixed_10K_2uc,e64,10240,0/0
/spttest/mixed_10K_2ud,e65,10240,0/0
/spttest/mixed_10K_2ue,e66,10240,0/0
/spttest/mixed_10K_2uf,e67,10240,0/0
/spttest/mixed_10K_2ug,e68,10240,0/0
/spttest/mixed_10K_2uh,e69,10240,0/0
/spttest/mixed_10K_2ui,e6a,10240,0/0
/spttest/mixed_10K_2uj,e6b,10240,0/0
/spttest/mixed_10K_2uk,e6c,10240,0/0
/spttest/mixed_10K_2ul,e6d,10240,0/0
/spttest/mixed_10K_2um,e6e,10240,0/0
/spttest/mixed_10K_2un,e6f,10240,0/0
/spttest/mixed_10K_2uo,e70,10240,0/0
/spttest/mixed_10K_2up,e71,10240,0/0
/spttest/mixed_10K_2uq,e72,10240,0/0
/spttest/mixed_10K_2ur,e73,10240,0/0
/spttest/mixed_10K_2us,e74,10240,0/0
/spttest/mixed_10K_2ut,e75,10240,0/0
/spttest/mixed_10K_2uu,e76,10240,0/0
/spttest/mixed_10K_2uv,e77,10240,0/0
/spttest/mixed_10K_2uw,e78,10240,0/0
/spttest/mixed_10K_2ux,e79,10240,0/0
/spttest/mixed_10K_2uy,e7a,10240,0/0
/spttest/mixed_10K_2uz,e7b,10240,0/0
/spttest/mixed_10K_2v0,e7c,10240,0/0
/spttest/mixed_10K_2v1,e7d,10240,0/0
/spttest/mixed_10K_2v2,e7e,10240,0/0
/spttest/mixed_10K_2v3,e7f,10240,0/0
/spttest/mixed_10K_2v4,e80,10240,0/0
/spttest/mixed_10K_2v5,e81,10240,0/0
/spttest/mixed_10K_2v6,e82,10240,0/0
/spttest/mixed_10K_2v7,e83,10240,0/0
/spttest/mixed_10K_2v8,e84,10240,0/0
/spttest/mixed_10K_2v9,e85,10240,0/0
/spttest/mixed_10K_2va,e86,10240,0/0
/spttest/mixed_10K_2vb,e87,10240,0/0
/spttest/mixed_10K_2vc,e88,10240,0/0
/spttest/mixed_10K_2vd,e89,10240,0/0
/spttest/mixed_10K_2ve,e8a,10240,0/0
/spttest/mixed_10K_2vf,e8b,10240,0/0
/spttest/mixed_10K_2vg,e8c,10240,0/0
/spttest/mixed_10K_2vh,e8d,10240,0/0
/spttest/mixed_10K_2vi,e8e,10240,0/0
/spttest/mixed_10K_2vj,e8f,10240,0/0
/spttest/mixed_10K_2vk,e90,10240,0/0
/spttest/mixed_10K_2vl,e91,10240,0/0
/spttest/mixed_10K_2vm,e92,10240,0/0
/spttest/mixed_10K_2vn,e93,10240,0/0
/spttest/mixed_10K_2vo,e94,10240,0/0
/spttest/mixed_10K_2vp,e95,10240,0/0
/spttest/mixed_10K_2vq,e96,10240,0/0
/spttest/mixed_10K_2vr,e97,10240,0/0
/spttest/mixed_10K_2vs,e98,10240,0/0
/spttest/mixed_10K_2vt,e99,10240,0/0
/spttest/mixed_10K_2vu,e9a,10240,0/0
/spttest/mixed_10K_2vv,e9b,10240,0/0
/spttest/mixed_10K_2vw,e9c,10240,0/0
/spttest/mixed_10K_2vx,e9d,10240,0/0
/spttest/mixed_10K_2vy,e9e,10240,0/0
/spttest/mixed_10K_2vz,e9f,10240,0/0
/spttest/mixed_10K_2w0,ea0,10240,0/0
/spttest/mixed_10K_2w1,ea1,10240,0/0
/spttest/mixed_10K_2w2,ea2,10240,0/0
/spttest/mixed_10K_2w3,ea3,10240,0/0
/spttest/mixed_10K_2w4,ea4,10240,0/0
/spttest/mixed_10K_2w5,ea5,10240,0/0
/spttest/mixed_10K_2w6,ea6,10240,0/0
/spttest/mixed_10K_2w7,ea7,10240,0/0
/spttest/mixed_10K_2w8,ea8,10240,0/0
/spttest/mixed_10K_2w9,ea9,10240,0/0
/spttest/mixed_10K_2wa,eaa,10240,0/0
/spttest/mixed_10K_2wb,eab,10240,0/0
/spttest/mixed_10K_2wc,eac,10240,0/0
/spttest/mixed_10K_2wd,ead,10240,0/0
/spttest/mixed_10K_2we,eae,10240,0/0
/spttest/mixed_10K_2wf,eaf,10240,0/0
/spttest/mixed_10K_2wg,eb0,10240,0/0
/spttest/mixed_10K_2wh,eb1,10240,0/0
/spttest/mixed_10K_2wi,eb2,10240,0/0
/spttest/mixed_10K_2wj,eb3,10240,0/0
/spttest/mixed_10K_2wk,eb4,10240,0/0
/spttest/mixed_10K_2wl,eb5,10240,0/0
/spttest/mixed_10K_2wm,eb6,10240,0/0
/spttest/mixed_10K_2wn,eb7,10240,0/0
/spttest/mixed_10K_2wo,eb8,10240,0/0
/spttest/mixed_10K_2wp,eb9,10240,0/0
/spttest/mixed_10K_2wq,eba,10240,0/0
/spttest/mixed_10K_2wr,ebb,10240,0/0
/spttest/mixed_10K_2ws,ebc,10240,0/0
/spttest/mixed_10K_2wt,ebd,10240,0/0
/spttest/mixed_10K_2wu,ebe,10240,0/0
/spttest/mixed_10K_2wv,ebf,10240,0/0
/spttest/mixed_10K_2ww,ec0,10240,0/0
/spttest/mixed_10K_2wx,ec1,10240,0/0
/spttest/mixed_10K_2wy,ec2,10240,0/0
/spttest/mixed_10K_2wz,ec3,10240,0/0
/spttest/mixed_10K_2x0,ec4,10240,0/0
/spttest/mixed_10K_2x1,ec5,10240,0/0
/spttest/mixed_10K_2x2,ec6,10240,0/0
/spttest/mixed_10K_2x3,ec7,10240,0/0
/spttest/mixed_10K_2x4,ec8,10240,0/0
/spttest/mixed_10K_2x5,ec9,10240,0/0
/spttest/mixed_10K_2x6,eca,10240,0/0
/spttest/mixed_10K_2x7,ecb,10240,0/0
/spttest/mixed_10K_2x8,ecc,10240,0/0
/spttest/mixed_10K_2x9,ecd,10240,0/0
/spttest/mixed_10K_2xa,ece,10240,0/0
/spttest/mixed_10K_2xb,ecf,10240,0/0
/spttest/mixed_10K_2xc,ed0,10240,0/0
/spttest/mixed_10K_2xd,ed1,10240,0/0
/spttest/mixed_10K_2xe,ed2,10240,0/0
/spttest/mixed_10K_2xf,ed3,10240,0/0
/spttest/mixed_10K_2xg,ed4,10240,0/0
/spttest/mixed_10K_2xh,ed5,10240,0/0
/spttest/mixed_10K_2xi,ed6,10240,0/0
/spttest/mixed_10K_2xj,ed7,10240,0/0
/spttest/mixed_10K_2xk,ed8,10240,0/0
/spttest/mixed_10K_2xl,ed9,10240,0/0
/spttest/mixed_10K_2xm,eda,10240,0/0
/spttest/mixed_10K_2xn,edb,10240,0/0
/spttest/mixed_10K_2xo,edc,10240,0/0
/spttest/mixed_10K_2xp,edd,10240,0/0
/spttest/mixed_10K_2xq,ede,10240,0/0
/spttest/mixed_10K_2xr,edf,10240,0/0
/spttest/mixed_10K_2xs,ee0,10240,0/0
/spttest/mixed_10K_2xt,ee1,10240,0/0
/spttest/mixed_10K_2xu,ee2,10240,0/0
/spttest/mixed_10K_2xv,ee3,10240,0/0
/spttest/mixed_10K_2xw,ee4,10240,0/0
/spttest/mixed_10K_2xx,ee5,10240,0/0
/spttest/mixed_10K_2xy,ee6,10240,0/0
/spttest/mixed_10K_2xz,ee7,10240,0/0
/spttest/mixed_10K_2y0,ee8,10240,0/0
/spttest/mixed_10K_2y1,ee9,10240,0/0
/spttest/mixed_10K_2y2,eea,10240,0/0
/spttest/mixed_10K_2y3,eeb,10240,0/0
/spttest/mixed_10K_2y4,eec,10240,0/0
/spttest/mixed_10K_2y5,eed,10240,0/0
/spttest/mixed_10K_2y6,eee,10240,0/0
/spttest/mixed_10K_2y7,eef,10240,0/0
/spttest/mixed_10K_2y8,ef0,10240,0/0
/spttest/mixed_10K_2y9,ef1,10240,0/0
/spttest/mixed_10K_2ya,ef2,10240,0/0
/spttest/mixed_10K_2yb,ef3,10240,0/0
/spttest/mixed_10K_2yc,ef4,10240,0/0
/spttest/mixed_10K_2yd,ef5,10240,0/0
/spttest/mixed_10K_2ye,ef6,10240,0/0
/spttest/mixed_10K_2yf,ef7,10240,0/0
/spttest/mixed_10K_2yg,ef8,10240,0/0
/spttest/mixed_10K_2yh,ef9,10240,0/0
/spttest/mixed_10K_2yi,efa,10240,0/0
/spttest/mixed_10K_2yj,efb,10240,0/0
/spttest/mixed_10K_2yk,efc,10240,0/0
/spttest/mixed_10K_2yl,efd,10240,0/0
/spttest/mixed_10K_2ym,efe,10240,0/0
/spttest/mixed_10K_2yn,eff,10240,0/0
/spttest/mixed_10K_2yo,f00,10240,0/0
/spttest/mixed_10K_2yp,f01,10240,0/0
/spttest/mixed_10K_2yq,f02,10240,0/0
/spttest/mixed_10K_2yr,f03,10240,0/0
/spttest/mixed_10K_2ys,f04,10240,0/0
/spttest/mixed_10K_2yt,f05,10240,0/0
/spttest/mixed_10K_2yu,f06,10240,0/0
/spttest/mixed_10K_2yv,f07,10240,0/0
/spttest/mixed_10K_2yw,f08,10240,0/0
/spttest/mixed_10K_2yx,f09,10240,0/0
/spttest/mixed_10K_2yy,f0a,10240,0/0
/spttest/mixed_10K_2yz,f0b,10240,0/0
/spttest/mixed_10K_2z0,f0c,10240,0/0
/spttest/mixed_10K_2z1,f0d,10240,0/0
/spttest/mixed_10K_2z2,f0e,10240,0/0
/spttest/mixed_10K_2z3,f0f,10240,0/0
/spttest/mixed_10K_2z4,f10,10240,0/0
/spttest/mixed_10K_2z5,f11,10240,0/0
/spttest/mixed_10K_2z6,f12,10240,0/0
/spttest/mixed_10K_2z7,f13,10240,0/0
/spttest/mixed_10K_2z8,f14,10240,0/0
/spttest/mixed_10K_2z9,f15,10240,0/0
/spttest/mixed_10K_2za,f16,10240,0/0
/spttest/mixed_10K_2zb,f17,10240,0/0
/spttest/mixed_10K_2zc,f18,10240,0/0
/spttest/mixed_10K_2zd,f19,10240,0/0
/spttest/mixed_10K_2ze,f1a,10240,0/0
/spttest/mixed_10K_2zf,f1b,10240,0/0
/spttest/mixed_10K_2zg,f1c,10240,0/0
/spttest/mixed_10K_2zh,f1d,10240,0/0
/spttest/mixed_10K_2zi,f1e,10240,0/0
/spttest/mixed_10K_2zj,f1f,10240,0/0
/spttest/mixed_10K_2zk,f20,10240,0/0
/spttest/mixed_10K_2zl,f21,10240,0/0
/spttest/mixed_10K_2zm,f22,10240,0/0
/spttest/mixed_10K_2zn,f23,10240,0/0
/spttest/mixed_10K_2zo,f24,10240,0/0
/spttest/mixed_10K_2zp,f25,10240,0/0
/spttest/mixed_10K_2zq,f26,10240,0/0
/spttest/mixed_10K_2zr,f27,10240,0/0
/spttest/mixed_10K_2zs,f28,10240,0/0
/spttest/mixed_10K_2zt,f29,10240,0/0
/spttest/mixed_10K_2zu,f2a,10240,0/0
/spttest/mixed_10K_2zv,f2b,10240,0/0
/spttest/mixed_10K_2zw,f2c,10240,0/0
/spttest/mixed_10K_2zx,f2d,10240,0/0
/spttest/mixed_10K_2zy,f2e,10240,0/0
/spttest/mixed_10K_2zz,f2f,10240,0/0
/spttest/mixed_10K_300,f30,10240,0/0
/spttest/mixed_10K_301,f31,10240,0/0
/spttest/mixed_10K_302,f32,10240,0/0
/spttest/mixed_10K_303,f33,10240,0/0
/spttest/mixed_10K_304,f34,10240,0/0
/spttest/mixed_10K_305,f35,10240,0/0
/spttest/mixed_10K_306,f36,10240,0/0
/spttest/mixed_10K_307,f37,10240,0/0
/spttest/mixed_10K_308,f38,10240,0/0
/spttest/mixed_10K_309,f39,10240,0/0
/spttest/mixed_10K_30a,f3a,10240,0/0
/spttest/mixed_10K_30b,f3b,10240,0/0
/spttest/mixed_10K_30c,f3c,10240,0/0
/spttest/mixed_10K_30d,f3d,10240,0/0
/spttest/mixed_10K_30e,f3e,10240,0/0
/spttest/mixed_10K_30f,f3f,10240,0/0
/spttest/mixed_10K_30g,f40,10240,0/0
/spttest/mixed_10K_30h,f41,10240,0/0
/spttest/mixed_10K_30i,f42,10240,0/0
/spttest/mixed_10K_30j,f43,10240,0/0
/spttest/mixed_10K_30k,f44,10240,0/0
/spttest/mixed_10K_30l,f45,10240,0/0
/spttest/mixed_10K_30m,f46,10240,0/0
/spttest/mixed_10K_30n,f47,10240,0/0
/spttest/mixed_10K_30o,f48,10240,0/0
/spttest/mixed_10K_30p,f49,10240,0/0
/spttest/mixed_10K_30q,f4a,10240,0/0
/spttest/mixed_10K_30r,f4b,10240,0/0
/spttest/mixed_10K_30s,f4c,10240,0/0
/spttest/mixed_10K_30t,f4d,10240,0/0
/spttest/mixed_10K_30u,f4e,10240,0/0
/spttest/mixed_10K_30v,f4f,10240,0/0
/spttest/mixed_10K_30w,f50,10240,0/0
/spttest/mixed_10K_30x,f51,10240,0/0
/spttest/mixed_10K_30y,f52,10240,0/0
/spttest/mixed_10K_30z,f53,10240,0/0
/spttest/mixed_10K_310,f54,10240,0/0
/spttest/mixed_10K_311,f55,10240,0/0
/spttest/mixed_10K_312,f56,10240,0/0
/spttest/mixed_10K_313,f57,10240,0/0
/spttest/mixed_10K_314,f58,10240,0/0
/spttest/mixed_10K_315,f59,10240,0/0
/spttest/mixed_10K_316,f5a,10240,0/0
/spttest/mixed_10K_317,f5b,10240,0/0
/spttest/mixed_10K_318,f5c,10240,0/0
/spttest/mixed_10K_319,f5d,10240,0/0
/spttest/mixed_10K_31a,f5e,10240,0/0
/spttest/mixed_10K_31b,f5f,10240,0/0
/spttest/mixed_10K_31c,f60,10240,0/0
/spttest/mixed_10K_31d,f61,10240,0/0
/spttest/mixed_10K_31e,f62,10240,0/0
/spttest/mixed_10K_31f,f63,10240,0/0
/spttest/mixed_10K_31g,f64,10240,0/0
/spttest/mixed_10K_31h,f65,10240,0/0
/spttest/mixed_10K_31i,f66,10240,0/0
/spttest/mixed_10K_31j,f67,10240,0/0
/spttest/mixed_10K_31k,f68,10240,0/0
/spttest/mixed_10K_31l,f69,10240,0/0
/spttest/mixed_10K_31m,f6a,10240,0/0
/spttest/mixed_10K_31n,f6b,10240,0/0
/spttest/mixed_10K_31o,f6c,10240,0/0
/spttest/mixed_10K_31p,f6d,10240,0/0
/spttest/mixed_10K_31q,f6e,10240,0/0
/spttest/mixed_10K_31r,f6f,10240,0/0
/spttest/mixed_10K_31s,f70,10240,0/0
/spttest/mixed_10K_31t,f71,10240,0/0
/spttest/mixed_10K_31u,f72,10240,0/0
/spttest/mixed_10K_31v,f73,10240,0/0
/spttest/mixed_10K_31w,f74,10240,0/0
/spttest/mixed_10K_31x,f75,10240,0/0
/spttest/mixed_10K_31y,f76,10240,0/0
/spttest/mixed_10K_31z,f77,10240,0/0
/spttest/mixed_10K_320,f78,10240,0/0
/spttest/mixed_10K_321,f79,10240,0/0
/spttest/mixed_10K_322,f7a,10240,0/0
/spttest/mixed_10K_323,f7b,10240,0/0
/spttest/mixed_10K_324,f7c,10240,0/0
/spttest/mixed_10K_325,f7d,10240,0/0
/spttest/mixed_10K_326,f7e,10240,0/0
/spttest/mixed_10K_327,f7f,10240,0/0
/spttest/mixed_10K_328,f80,10240,0/0
/spttest/mixed_10K_329,f81,10240,0/0
/spttest/mixed_10K_32a,f82,10240,0/0
/spttest/mixed_10K_32b,f83,10240,0/0
/spttest/mixed_10K_32c,f84,10240,0/0
/spttest/mixed_10K_32d,f85,10240,0/0
/spttest/mixed_10K_32e,f86,10240,0/0
/spttest/mixed_10K_32f,f87,10240,0/0
/spttest/mixed_10K_32g,f88,10240,0/0
/spttest/mixed_10K_32h,f89,10240,0/0
/spttest/mixed_10K_32i,f8a,10240,0/0
/spttest/mixed_10K_32j,f8b,10240,0/0
/spttest/mixed_10K_32k,f8c,10240,0/0
/spttest/mixed_10K_32l,f8d,10240,0/0
/spttest/mixed_10K_32m,f8e,10240,0/0
/spttest/mixed_10K_32n,f8f,10240,0/0
/spttest/mixed_10K_32o,f90,10240,0/0
/spttest/mixed_10K_32p,f91,10240,0/0
/spttest/mixed_10K_32q,f92,10240,0/0
/spttest/mixed_10K_32r,f93,10240,0/0
/spttest/mixed_10K_32s,f94,10240,0/0
/spttest/mixed_10K_32t,f95,10240,0/0
/spttest/mixed_10K_32u,f96,10240,0/0
/spttest/mixed_10K_32v,f97,10240,0/0
/spttest/mixed_10K_32w,f98,10240,0/0
/spttest/mixed_10K_32x,f99,10240,0/0
/spttest/mixed_10K_32y,f9a,10240,0/0
/spttest/mixed_10K_32z,f9b,10240,0/0
/spttest/mixed_10K_330,f9c,10240,0/0
/spttest/mixed_10K_331,f9d,10240,0/0
/spttest/mixed_10K_332,f9e,10240,0/0
/spttest/mixed_10K_333,f9f,10240,0/0
/spttest/mixed_10K_334,fa0,10240,0/0
/spttest/mixed_10K_335,fa1,10240,0/0
/spttest/mixed_10K_336,fa2,10240,0/0
/spttest/mixed_10K_337,fa3,10240,0/0
/spttest/mixed_10K_338,fa4,10240,0/0
/spttest/mixed_10K_339,fa5,10240,0/0
/spttest/mixed_10K_33a,fa6,10240,0/0
/spttest/mixed_10K_33b,fa7,10240,0/0
/spttest/mixed_10K_33c,fa8,10240,0/0
/spttest/mixed_10K_33d,fa9,10240,0/0
/spttest/mixed_10K_33e,faa,10240,0/0
/spttest/mixed_10K_33f,fab,10240,0/0
/spttest/mixed_10K_33g,fac,10240,0/0
/spttest/mixed_10K_33h,fad,10240,0/0
/spttest/mixed_10K_33i,fae,10240,0/0
/spttest/mixed_10K_33j,faf,10240,0/0
/spttest/mixed_10K_33k,fb0,10240,0/0
/spttest/mixed_10K_33l,fb1,10240,0/0
/spttest/mixed_10K_33m,fb2,10240,0/0
/spttest/mixed_10K_33n,fb3,10240,0/0
/spttest/mixed_10K_33o,fb4,10240,0/0
/spttest/mixed_10K_33p,fb5,10240,0/0
/spttest/mixed_10K_33q,fb6,10240,0/0
/spttest/mixed_10K_33r,fb7,10240,0/0
/spttest/mixed_10K_33s,fb8,10240,0/0
/spttest/mixed_10K_33t,fb9,10240,0/0
/spttest/mixed_10K_33u,fba,10240,0/0
/spttest/mixed_10K_33v,fbb,10240,0/0
/spttest/mixed_10K_33w,fbc,10240,0/0
/spttest/mixed_10K_33x,fbd,10240,0/0
/spttest/mixed_10K_33y,fbe,10240,0/0
/spttest/mixed_10K_33z,fbf,10240,0/0
/spttest/mixed_10K_340,fc0,10240,0/0
/spttest/mixed_10K_341,fc1,10240,0/0
/spttest/mixed_10K_342,fc2,10240,0/0
/spttest/mixed_10K_343,fc3,10240,0/0
/spttest/mixed_10K_344,fc4,10240,0/0
/spttest/mixed_10K_345,fc5,10240,0/0
/spttest/mixed_10K_346,fc6,10240,0/0
/spttest/mixed_10K_347,fc7,10240,0/0
/spttest/mixed_10K_348,fc8,10240,0/0
/spttest/mixed_10K_349,fc9,10240,0/0
/spttest/mixed_10K_34a,fca,10240,0/0
/spttest/mixed_10K_34b,fcb,10240,0/0
/spttest/mixed_10K_34c,fcc,10240,0/0
/spttest/mixed_10K_34d,fcd,10240,0/0
/spttest/mixed_10K_34e,fce,10240,0/0
/spttest/mixed_10K_34f,fcf,10240,0/0
/spttest/mixed_10K_34g,fd0,10240,0/0
/spttest/mixed_10K_34h,fd1,10240,0/0
/spttest/mixed_10K_34i,fd2,10240,0/0
/spttest/mixed_10K_34j,fd3,10240,0/0
/spttest/mixed_10K_34k,fd4,10240,0/0
/spttest/mixed_10K_34l,fd5,10240,0/0
/spttest/mixed_10K_34m,fd6,10240,0/0
/spttest/mixed_10K_34n,fd7,10240,0/0
/spttest/mixed_10K_34o,fd8,10240,0/0
/spttest/mixed_10K_34p,fd9,10240,0/0
/spttest/mixed_10K_34q,fda,10240,0/0
/spttest/mixed_10K_34r,fdb,10240,0/0
/spttest/mixed_10K_34s,fdc,10240,0/0
/spttest/mixed_10K_34t,fdd,10240,0/0
/spttest/mixed_10K_34u,fde,10240,0/0
/spttest/mixed_10K_34v,fdf,10240,0/0
/spttest/mixed_10K_34w,fe0,10240,0/0
/spttest/mixed_10K_34x,fe1,10240,0/0
/spttest/mixed_10K_34y,fe2,10240,0/0
/spttest/mixed_10K_34z,fe3,10240,0/0
/spttest/mixed_10K_350,fe4,10240,0/0
/spttest/mixed_10K_351,fe5,10240,0/0
/spttest/mixed_10K_352,fe6,10240,0/0
/spttest/mixed_10K_353,fe7,10240,0/0
/spttest/mixed_10K_354,fe8,10240,0/0
/spttest/mixed_10K_355,fe9,10240,0/0
/spttest/mixed_10K_356,fea,10240,0/0
/spttest/mixed_10K_357,feb,10240,0/0
/spttest/mixed_10K_358,fec,10240,0/0
/spttest/mixed_10K_359,fed,10240,0/0
/spttest/mixed_10K_35a,fee,10240,0/0
/spttest/mixed_10K_35b,fef,10240,0/0
/spttest/mixed_10K_35c,ff0,10240,0/0
/spttest/mixed_10K_35d,ff1,10240,0/0
/spttest/mixed_10K_35e,ff2,10240,0/0
/spttest/mixed_10K_35f,ff3,10240,0/0
/spttest/mixed_10K_35g,ff4,10240,0/0
/spttest/mixed_10K_35h,ff5,10240,0/0
/spttest/mixed_10K_35i,ff6,10240,0/0
/spttest/mixed_10K_35j,ff7,10240,0/0
/spttest/mixed_10K_35k,ff8,10240,0/0
/spttest/mixed_10K_35l,ff9,10240,0/0
/spttest/mixed_10K_35m,ffa,10240,0/0
/spttest/mixed_10K_35n,ffb,10240,0/0
/spttest/mixed_10K_35o,ffc,10240,0/0
/spttest/mixed_10K_35p,ffd,10240,0/0
/spttest/mixed_10K_35q,ffe,10240,0/0
/spttest/mixed_10K_35r,fff,10240,0/0
/spttest/mixed_10K_35s,1000,10240,0/0
/spttest/mixed_10K_35t,1001,10240,0/0
/spttest/mixed_10K_35u,1002,10240,0/0
/spttest/mixed_10K_35v,1003,10240,0/0
/spttest/mixed_10K_35w,1004,10240,0/0
/spttest/mixed_10K_35x,1005,10240,0/0
/spttest/mixed_10K_35y,1006,10240,0/0
/spttest/mixed_10K_35z,1007,10240,0/0
/spttest/mixed_10K_360,1008,10240,0/0
/spttest/mixed_10K_361,1009,10240,0/0
/spttest/mixed_10K_362,100a,10240,0/0
/spttest/mixed_10K_363,100b,10240,0/0
/spttest/mixed_10K_364,100c,10240,0/0
/spttest/mixed_10K_365,100d,10240,0/0
/spttest/mixed_10K_366,100e,10240,0/0
/spttest/mixed_10K_367,100f,10240,0/0
/spttest/mixed_10K_368,1010,10240,0/0
/spttest/mixed_10K_369,1011,10240,0/0
/spttest/mixed_10K_36a,1012,10240,0/0
/spttest/mixed_10K_36b,1013,10240,0/0
/spttest/mixed_10K_36c,1014,10240,0/0
/spttest/mixed_10K_36d,1015,10240,0/0
/spttest/mixed_10K_36e,1016,10240,0/0
/spttest/mixed_10K_36f,1017,10240,0/0
/spttest/mixed_10K_36g,1018,10240,0/0
/spttest/mixed_10K_36h,1019,10240,0/0
/spttest/mixed_10K_36i,101a,10240,0/0
/spttest/mixed_10K_36j,101b,10240,0/0
/spttest/mixed_10K_36k,101c,10240,0/0
/spttest/mixed_10K_36l,101d,10240,0/0
/spttest/mixed_10K_36m,101e,10240,0/0
/spttest/mixed_10K_36n,101f,10240,0/0
/spttest/mixed_10K_36o,1020,10240,0/0
/spttest/mixed_10K_36p,1021,10240,0/0
/spttest/mixed_10K_36q,1022,10240,0/0
/spttest/mixed_10K_36r,1023,10240,0/0
/spttest/mixed_10K_36s,1024,10240,0/0
/spttest/mixed_10K_36t,1025,10240,0/0
/spttest/mixed_10K_36u,1026,10240,0/0
/spttest/mixed_10K_36v,1027,10240,0/0
/spttest/mixed_10K_36w,1028,10240,0/0
/spttest/mixed_10K_36x,1029,10240,0/0
/spttest/mixed_10K_36y,102a,10240,0/0
/spttest/mixed_10K_36z,102b,10240,0/0
/spttest/mixed_10K_370,102c,10240,0/0
/spttest/mixed_10K_371,102d,10240,0/0
/spttest/mixed_10K_372,102e,10240,0/0
/spttest/mixed_10K_373,102f,10240,0/0
/spttest/mixed_10K_374,1030,10240,0/0
/spttest/mixed_10K_375,1031,10240,0/0
/spttest/mixed_10K_376,1032,10240,0/0
/spttest/mixed_10K_377,1033,10240,0/0
/spttest/mixed_10K_378,1034,10240,0/0
/spttest/mixed_10K_379,1035,10240,0/0
/spttest/mixed_10K_37a,1036,10240,0/0
/spttest/mixed_10K_37b,1037,10240,0/0
/spttest/mixed_10K_37c,1038,10240,0/0
/spttest/mixed_10K_37d,1039,10240,0/0
/spttest/mixed_10K_37e,103a,10240,0/0
/spttest/mixed_10K_37f,103b,10240,0/0
/spttest/mixed_10K_37g,103c,10240,0/0
/spttest/mixed_10K_37h,103d,10240,0/0
/spttest/mixed_10K_37i,103e,10240,0/0
/spttest/mixed_10K_37j,103f,10240,0/0
/spttest/mixed_10K_37k,1040,10240,0/0
/spttest/mixed_10K_37l,1041,10240,0/0
/spttest/mixed_10K_37m,1042,10240,0/0
/spttest/mixed_10K_37n,1043,10240,0/0
/spttest/mixed_10K_37o,1044,10240,0/0
/spttest/mixed_10K_37p,1045,10240,0/0
/spttest/mixed_10K_37q,1046,10240,0/0
/spttest/mixed_10K_37r,1047,10240,0/0
/spttest/mixed_10K_37s,1048,10240,0/0
/spttest/mixed_10K_37t,1049,10240,0/0
/spttest/mixed_10K_37u,104a,10240,0/0
/spttest/mixed_10K_37v,104b,10240,0/0
/spttest/mixed_10K_37w,104c,10240,0/0
/spttest/mixed_10K_37x,104d,10240,0/0
/spttest/mixed_10K_37y,104e,10240,0/0
/spttest/mixed_10K_37z,104f,10240,0/0
/spttest/mixed_10K_380,1050,10240,0/0
/spttest/mixed_10K_381,1051,10240,0/0
/spttest/mixed_10K_382,1052,10240,0/0
/spttest/mixed_10K_383,1053,10240,0/0
/spttest/mixed_10K_384,1054,10240,0/0
/spttest/mixed_10K_385,1055,10240,0/0
/spttest/mixed_10K_386,1056,10240,0/0
/spttest/mixed_10K_387,1057,10240,0/0
/spttest/mixed_10K_388,1058,10240,0/0
/spttest/mixed_10K_389,1059,10240,0/0
/spttest/mixed_10K_38a,105a,10240,0/0
/spttest/mixed_10K_38b,105b,10240,0/0
/spttest/mixed_10K_38c,105c,10240,0/0
/spttest/mixed_10K_38d,105d,10240,0/0
/spttest/mixed_10K_38e,105e,10240,0/0
/spttest/mixed_10K_38f,105f,10240,0/0
/spttest/mixed_10K_38g,1060,10240,0/0
/spttest/mixed_10K_38h,1061,10240,0/0
/spttest/mixed_10K_38i,1062,10240,0/0
/spttest/mixed_10K_38j,1063,10240,0/0
/spttest/mixed_10K_38k,1064,10240,0/0
/spttest/mixed_10K_38l,1065,10240,0/0
/spttest/mixed_10K_38m,1066,10240,0/0
/spttest/mixed_10K_38n,1067,10240,0/0
/spttest/mixed_10K_38o,1068,10240,0/0
/spttest/mixed_10K_38p,1069,10240,0/0
/spttest/mixed_10K_38q,106a,10240,0/0
/spttest/mixed_10K_38r,106b,10240,0/0
/spttest/mixed_10K_38s,106c,10240,0/0
/spttest/mixed_10K_38t,106d,10240,0/0
/spttest/mixed_10K_38u,106e,10240,0/0
/spttest/mixed_10K_38v,106f,10240,0/0
/spttest/mixed_10K_38w,1070,10240,0/0
/spttest/mixed_10K_38x,1071,10240,0/0
/spttest/mixed_10K_38y,1072,10240,0/0
/spttest/mixed_10K_38z,1073,10240,0/0
/spttest/mixed_10K_390,1074,10240,0/0
/spttest/mixed_10K_391,1075,10240,0/0
/spttest/mixed_10K_392,1076,10240,0/0
/spttest/mixed_10K_393,1077,10240,0/0
/spttest/mixed_10K_394,1078,10240,0/0
/spttest/mixed_10K_395,1079,10240,0/0
/spttest/mixed_10K_396,107a,10240,0/0
/spttest/mixed_10K_397,107b,10240,0/0
/spttest/mixed_10K_398,107c,10240,0/0
/spttest/mixed_10K_399,107d,10240,0/0
/spttest/mixed_10K_39a,107e,10240,0/0
/spttest/mixed_10K_39b,107f,10240,0/0
/spttest/mixed_10K_39c,1080,10240,0/0
/spttest/mixed_10K_39d,1081,10240,0/0
/spttest/mixed_10K_39e,1082,10240,0/0
/spttest/mixed_10K_39f,1083,10240,0/0
/spttest/mixed_10K_39g,1084,10240,0/0
/spttest/mixed_10K_39h,1085,10240,0/0
/spttest/mixed_10K_39i,1086,10240,0/0
/spttest/mixed_10K_39j,1087,10240,0/0
/spttest/mixed_10K_39k,1088,10240,0/0
/spttest/mixed_10K_39l,1089,10240,0/0
/spttest/mixed_10K_39m,108a,10240,0/0
/spttest/mixed_10K_39n,108b,10240,0/0
/spttest/mixed_10K_39o,108c,10240,0/0
/spttest/mixed_10K_39p,108d,10240,0/0
/spttest/mixed_10K_39q,108e,10240,0/0
/spttest/mixed_10K_39r,108f,10240,0/0
/spttest/mixed_10K_39s,1090,10240,0/0
/spttest/mixed_10K_39t,1091,10240,0/0
/spttest/mixed_10K_39u,1092,10240,0/0
/spttest/mixed_10K_39v,1093,10240,0/0
/spttest/mixed_10K_39w,1094,10240,0/0
/spttest/mixed_10K_39x,1095,10240,0/0
/spttest/mixed_10K_39y,1096,10240,0/0
/spttest/mixed_10K_39z,1097,10240,0/0
/spttest/mixed_10K_3a0,1098,10240,0/0
/spttest/mixed_10K_3a1,1099,10240,0/0
/spttest/mixed_10K_3a2,109a,10240,0/0
/spttest/mixed_10K_3a3,109b,10240,0/0
/spttest/mixed_10K_3a4,109c,10240,0/0
/spttest/mixed_10K_3a5,109d,10240,0/0
/spttest/mixed_10K_3a6,109e,10240,0/0
/spttest/mixed_10K_3a7,109f,10240,0/0
/spttest/mixed_10K_3a8,10a0,10240,0/0
/spttest/mixed_10K_3a9,10a1,10240,0/0
/spttest/mixed_10K_3aa,10a2,10240,0/0
/spttest/mixed_10K_3ab,10a3,10240,0/0
/spttest/mixed_10K_3ac,10a4,10240,0/0
/spttest/mixed_10K_3ad,10a5,10240,0/0
/spttest/mixed_10K_3ae,10a6,10240,0/0
/spttest/mixed_10K_3af,10a7,10240,0/0
/spttest/mixed_10K_3ag,10a8,10240,0/0
/spttest/mixed_10K_3ah,10a9,10240,0/0
/spttest/mixed_10K_3ai,10aa,10240,0/0
/spttest/mixed_10K_3aj,10ab,10240,0/0
/spttest/mixed_10K_3ak,10ac,10240,0/0
/spttest/mixed_10K_3al,10ad,10240,0/0
/spttest/mixed_10K_3am,10ae,10240,0/0
/spttest/mixed_10K_3an,10af,10240,0/0
/spttest/mixed_10K_3ao,10b0,10240,0/0
/spttest/mixed_10K_3ap,10b1,10240,0/0
/spttest/mixed_10K_3aq,10b2,10240,0/0
/spttest/mixed_10K_3ar,10b3,10240,0/0
/spttest/mixed_10K_3as,10b4,10240,0/0
/spttest/mixed_10K_3at,10b5,10240,0/0
/spttest/mixed_10K_3au,10b6,10240,0/0
/spttest/mixed_10K_3av,10b7,10240,0/0
/spttest/mixed_10K_3aw,10b8,10240,0/0
/spttest/mixed_10K_3ax,10b9,10240,0/0
/spttest/mixed_10K_3ay,10ba,10240,0/0
/spttest/mixed_10K_3az,10bb,10240,0/0
/spttest/mixed_10K_3b0,10bc,10240,0/0
/spttest/mixed_10K_3b1,10bd,10240,0/0
/spttest/mixed_10K_3b2,10be,10240,0/0
/spttest/mixed_10K_3b3,10bf,10240,0/0
/spttest/mixed_10K_3b4,10c0,10240,0/0
/spttest/mixed_10K_3b5,10c1,10240,0/0
/spttest/mixed_10K_3b6,10c2,10240,0/0
/spttest/mixed_10K_3b7,10c3,10240,0/0
/spttest/mixed_10K_3b8,10c4,10240,0/0
/spttest/mixed_10K_3b9,10c5,10240,0/0
/spttest/mixed_10K_3ba,10c6,10240,0/0
/spttest/mixed_10K_3bb,10c7,10240,0/0
/spttest/mixed_10K_3bc,10c8,10240,0/0
/spttest/mixed_10K_3bd,10c9,10240,0/0
/spttest/mixed_10K_3be,10ca,10240,0/0
/spttest/mixed_10K_3bf,10cb,10240,0/0
/spttest/mixed_10K_3bg,10cc,10240,0/0
/spttest/mixed_10K_3bh,10cd,10240,0/0
/spttest/mixed_10K_3bi,10ce,10240,0/0
/spttest/mixed_10K_3bj,10cf,10240,0/0
/spttest/mixed_10K_3bk,10d0,10240,0/0
/spttest/mixed_10K_3bl,10d1,10240,0/0
/spttest/mixed_10K_3bm,10d2,10240,0/0
/spttest/mixed_10K_3bn,10d3,10240,0/0
/spttest/mixed_10K_3bo,10d4,10240,0/0
/spttest/mixed_10K_3bp,10d5,10240,0/0
/spttest/mixed_10K_3bq,10d6,10240,0/0
/spttest/mixed_10K_3br,10d7,10240,0/0
/spttest/mixed_10K_3bs,10d8,10240,0/0
/spttest/mixed_10K_3bt,10d9,10240,0/0
/spttest/mixed_10K_3bu,10da,10240,0/0
/spttest/mixed_10K_3bv,10db,10240,0/0
/spttest/mixed_10K_3bw,10dc,10240,0/0
/spttest/mixed_10K_3bx,10dd,10240,0/0
/spttest/mixed_10K_3by,10de,10240,0/0
/spttest/mixed_10K_3bz,10df,10240,0/0
/spttest/mixed_10K_3c0,10e0,10240,0/0
/spttest/mixed_10K_3c1,10e1,10240,0/0
/spttest/mixed_10K_3c2,10e2,10240,0/0
/spttest/mixed_10K_3c3,10e3,10240,0/0
/spttest/mixed_10K_3c4,10e4,10240,0/0
/spttest/mixed_10K_3c5,10e5,10240,0/0
/spttest/mixed_10K_3c6,10e6,10240,0/0
/spttest/mixed_10K_3c7,10e7,10240,0/0
/spttest/mixed_10K_3c8,10e8,10240,0/0
/spttest/mixed_10K_3c9,10e9,10240,0/0
/spttest/mixed_10K_3ca,10ea,10240,0/0
/spttest/mixed_10K_3cb,10eb,10240,0/0
/spttest/mixed_10K_3cc,10ec,10240,0/0
/spttest/mixed_10K_3cd,10ed,10240,0/0
/spttest/mixed_10K_3ce,10ee,10240,0/0
/spttest/mixed_10K_3cf,10ef,10240,0/0
/spttest/mixed_10K_3cg,10f0,10240,0/0
/spttest/mixed_10K_3ch,10f1,10240,0/0
/spttest/mixed_10K_3ci,10f2,10240,0/0
/spttest/mixed_10K_3cj,10f3,10240,0/0
/spttest/mixed_10K_3ck,10f4,10240,0/0
/spttest/mixed_10K_3cl,10f5,10240,0/0
/spttest/mixed_10K_3cm,10f6,10240,0/0
/spttest/mixed_10K_3cn,10f7,10240,0/0
/spttest/mixed_10K_3co,10f8,10240,0/0
/spttest/mixed_10K_3cp,10f9,10240,0/0
/spttest/mixed_10K_3cq,10fa,10240,0/0
/spttest/mixed_10K_3cr,10fb,10240,0/0
/spttest/mixed_10K_3cs,10fc,10240,0/0
/spttest/mixed_10K_3ct,10fd,10240,0/0
/spttest/mixed_10K_3cu,10fe,10240,0/0
/spttest/mixed_10K_3cv,10ff,10240,0/0
/spttest/mixed_10K_3cw,1100,10240,0/0
/spttest/mixed_10K_3cx,1101,10240,0/0
/spttest/mixed_10K_3cy,1102,10240,0/0
/spttest/mixed_10K_3cz,1103,10240,0/0
/spttest/mixed_10K_3d0,1104,10240,0/0
/spttest/mixed_10K_3d1,1105,10240,0/0
/spttest/mixed_10K_3d2,1106,10240,0/0
/spttest/mixed_10K_3d3,1107,10240,0/0
/spttest/mixed_10K_3d4,1108,10240,0/0
/spttest/mixed_10K_3d5,1109,10240,0/0
/spttest/mixed_10K_3d6,110a,10240,0/0
/spttest/mixed_10K_3d7,110b,10240,0/0
/spttest/mixed_10K_3d8,110c,10240,0/0
/spttest/mixed_10K_3d9,110d,10240,0/0
/spttest/mixed_10K_3da,110e,10240,0/0
/spttest/mixed_10K_3db,110f,10240,0/0
/spttest/mixed_10K_3dc,1110,10240,0/0
/spttest/mixed_10K_3dd,1111,10240,0/0
/spttest/mixed_10K_3de,1112,10240,0/0
/spttest/mixed_10K_3df,1113,10240,0/0
/spttest/mixed_10K_3dg,1114,10240,0/0
/spttest/mixed_10K_3dh,1115,10240,0/0
/spttest/mixed_10K_3di,1116,10240,0/0
/spttest/mixed_10K_3dj,1117,10240,0/0
/spttest/mixed_10K_3dk,1118,10240,0/0
/spttest/mixed_10K_3dl,1119,10240,0/0
/spttest/mixed_10K_3dm,111a,10240,0/0
/spttest/mixed_10K_3dn,111b,10240,0/0
/spttest/mixed_10K_3do,111c,10240,0/0
/spttest/mixed_10K_3dp,111d,10240,0/0
/spttest/mixed_10K_3dq,111e,10240,0/0
/spttest/mixed_10K_3dr,111f,10240,0/0
/spttest/mixed_10K_3ds,1120,10240,0/0
/spttest/mixed_10K_3dt,1121,10240,0/0
/spttest/mixed_10K_3du,1122,10240,0/0
/spttest/mixed_10K_3dv,1123,10240,0/0
/spttest/mixed_10K_3dw,1124,10240,0/0
/spttest/mixed_10K_3dx,1125,10240,0/0
/spttest/mixed_10K_3dy,1126,10240,0/0
/spttest/mixed_10K_3dz,1127,10240,0/0
/spttest/mixed_10K_3e0,1128,10240,0/0
/spttest/mixed_10K_3e1,1129,10240,0/0
/spttest/mixed_10K_3e2,112a,10240,0/0
/spttest/mixed_10K_3e3,112b,10240,0/0
/spttest/mixed_10K_3e4,112c,10240,0/0
/spttest/mixed_10K_3e5,112d,10240,0/0
/spttest/mixed_10K_3e6,112e,10240,0/0
/spttest/mixed_10K_3e7,112f,10240,0/0
/spttest/mixed_10K_3e8,1130,10240,0/0
/spttest/mixed_10K_3e9,1131,10240,0/0
/spttest/mixed_10K_3ea,1132,10240,0/0
/spttest/mixed_10K_3eb,1133,10240,0/0
/spttest/mixed_10K_3ec,1134,10240,0/0
/spttest/mixed_10K_3ed,1135,10240,0/0
/spttest/mixed_10K_3ee,1136,10240,0/0
/spttest/mixed_10K_3ef,1137,10240,0/0
/spttest/mixed_10K_3eg,1138,10240,0/0
/spttest/mixed_10K_3eh,1139,10240,0/0
/spttest/mixed_10K_3ei,113a,10240,0/0
/spttest/mixed_10K_3ej,113b,10240,0/0
/spttest/mixed_10K_3ek,113c,10240,0/0
/spttest/mixed_10K_3el,113d,10240,0/0
/spttest/mixed_10K_3em,113e,10240,0/0
/spttest/mixed_10K_3en,113f,10240,0/0
/spttest/mixed_10K_3eo,1140,10240,0/0
/spttest/mixed_10K_3ep,1141,10240,0/0
/spttest/mixed_10K_3eq,1142,10240,0/0
/spttest/mixed_10K_3er,1143,10240,0/0
/spttest/mixed_10K_3es,1144,10240,0/0
/spttest/mixed_10K_3et,1145,10240,0/0
/spttest/mixed_10K_3eu,1146,10240,0/0
/spttest/mixed_10K_3ev,1147,10240,0/0
/spttest/mixed_10K_3ew,1148,10240,0/0
/spttest/mixed_10K_3ex,1149,10240,0/0
/spttest/mixed_10K_3ey,114a,10240,0/0
/spttest/mixed_10K_3ez,114b,10240,0/0
/spttest/mixed_10K_3f0,114c,10240,0/0
/spttest/mixed_10K_3f1,114d,10240,0/0
/spttest/mixed_10K_3f2,114e,10240,0/0
/spttest/mixed_10K_3f3,114f,10240,0/0
/spttest/mixed_10K_3f4,1150,10240,0/0
/spttest/mixed_10K_3f5,1151,10240,0/0
/spttest/mixed_10K_3f6,1152,10240,0/0
/spttest/mixed_10K_3f7,1153,10240,0/0
/spttest/mixed_10K_3f8,1154,10240,0/0
/spttest/mixed_10K_3f9,1155,10240,0/0
/spttest/mixed_10K_3fa,1156,10240,0/0
/spttest/mixed_10K_3fb,1157,10240,0/0
/spttest/mixed_10K_3fc,1158,10240,0/0
/spttest/mixed_10K_3fd,1159,10240,0/0
/spttest/mixed_10K_3fe,115a,10240,0/0
/spttest/mixed_10K_3ff,115b,10240,0/0
/spttest/mixed_10K_3fg,115c,10240,0/0
/spttest/mixed_10K_3fh,115d,10240,0/0
/spttest/mixed_10K_3fi,115e,10240,0/0
/spttest/mixed_10K_3fj,115f,10240,0/0
/spttest/mixed_10K_3fk,1160,10240,0/0
/spttest/mixed_10K_3fl,1161,10240,0/0
/spttest/mixed_10K_3fm,1162,10240,0/0
/spttest/mixed_10K_3fn,1163,10240,0/0
/spttest/mixed_10K_3fo,1164,10240,0/0
/spttest/mixed_10K_3fp,1165,10240,0/0
/spttest/mixed_10K_3fq,1166,10240,0/0
/spttest/mixed_10K_3fr,1167,10240,0/0
/spttest/mixed_10K_3fs,1168,10240,0/0
/spttest/mixed_10K_3ft,1169,10240,0/0
/spttest/mixed_10K_3fu,116a,10240,0/0
/spttest/mixed_10K_3fv,116b,10240,0/0
/spttest/mixed_10K_3fw,116c,10240,0/0
/spttest/mixed_10K_3fx,116d,10240,0/0
/spttest/mixed_10K_3fy,116e,10240,0/0
/spttest/mixed_10K_3fz,116f,10240,0/0
/spttest/mixed_10K_3g0,1170,10240,0/0
/spttest/mixed_10K_3g1,1171,10240,0/0
/spttest/mixed_10K_3g2,1172,10240,0/0
/spttest/mixed_10K_3g3,1173,10240,0/0
/spttest/mixed_10K_3g4,1174,10240,0/0
/spttest/mixed_10K_3g5,1175,10240,0/0
/spttest/mixed_10K_3g6,1176,10240,0/0
/spttest/mixed_10K_3g7,1177,10240,0/0
/spttest/mixed_10K_3g8,1178,10240,0/0
/spttest/mixed_10K_3g9,1179,10240,0/0
/spttest/mixed_10K_3ga,117a,10240,0/0
/spttest/mixed_10K_3gb,117b,10240,0/0
/spttest/mixed_10K_3gc,117c,10240,0/0
/spttest/mixed_10K_3gd,117d,10240,0/0
/spttest/mixed_10K_3ge,117e,10240,0/0
/spttest/mixed_10K_3gf,117f,10240,0/0
/spttest/mixed_10K_3gg,1180,10240,0/0
/spttest/mixed_10K_3gh,1181,10240,0/0
/spttest/mixed_10K_3gi,1182,10240,0/0
/spttest/mixed_10K_3gj,1183,10240,0/0
/spttest/mixed_10K_3gk,1184,10240,0/0
/spttest/mixed_10K_3gl,1185,10240,0/0
/spttest/mixed_10K_3gm,1186,10240,0/0
/spttest/mixed_10K_3gn,1187,10240,0/0
/spttest/mixed_10K_3go,1188,10240,0/0
/spttest/mixed_10K_3gp,1189,10240,0/0
/spttest/mixed_10K_3gq,118a,10240,0/0
/spttest/mixed_10K_3gr,118b,10240,0/0
/spttest/mixed_10K_3gs,118c,10240,0/0
/spttest/mixed_10K_3gt,118d,10240,0/0
/spttest/mixed_10K_3gu,118e,10240,0/0
/spttest/mixed_10K_3gv,118f,10240,0/0
/spttest/mixed_10K_3gw,1190,10240,0/0
/spttest/mixed_10K_3gx,1191,10240,0/0
/spttest/mixed_10K_3gy,1192,10240,0/0
/spttest/mixed_10K_3gz,1193,10240,0/0
/spttest/mixed_10K_3h0,1194,10240,0/0
/spttest/mixed_10K_3h1,1195,10240,0/0
/spttest/mixed_10K_3h2,1196,10240,0/0
/spttest/mixed_10K_3h3,1197,10240,0/0
/spttest/mixed_10K_3h4,1198,10240,0/0
/spttest/mixed_10K_3h5,1199,10240,0/0
/spttest/mixed_10K_3h6,119a,10240,0/0
/spttest/mixed_10K_3h7,119b,10240,0/0
/spttest/mixed_10K_3h8,119c,10240,0/0
/spttest/mixed_10K_3h9,119d,10240,0/0
/spttest/mixed_10K_3ha,119e,10240,0/0
/spttest/mixed_10K_3hb,119f,10240,0/0
/spttest/mixed_10K_3hc,11a0,10240,0/0
/spttest/mixed_10K_3hd,11a1,10240,0/0
/spttest/mixed_10K_3he,11a2,10240,0/0
/spttest/mixed_10K_3hf,11a3,10240,0/0
/spttest/mixed_10K_3hg,11a4,10240,0/0
/spttest/mixed_10K_3hh,11a5,10240,0/0
/spttest/mixed_10K_3hi,11a6,10240,0/0
/spttest/mixed_10K_3hj,11a7,10240,0/0
/spttest/mixed_10K_3hk,11a8,10240,0/0
/spttest/mixed_10K_3hl,11a9,10240,0/0
/spttest/mixed_10K_3hm,11aa,10240,0/0
/spttest/mixed_10K_3hn,11ab,10240,0/0
/spttest/mixed_10K_3ho,11ac,10240,0/0
/spttest/mixed_10K_3hp,11ad,10240,0/0
/spttest/mixed_10K_3hq,11ae,10240,0/0
/spttest/mixed_10K_3hr,11af,10240,0/0
/spttest/mixed_10K_3hs,11b0,10240,0/0
/spttest/mixed_10K_3ht,11b1,10240,0/0
/spttest/mixed_10K_3hu,11b2,10240,0/0
/spttest/mixed_10K_3hv,11b3,10240,0/0
/spttest/mixed_10K_3hw,11b4,10240,0/0
/spttest/mixed_10K_3hx,11b5,10240,0/0
/spttest/mixed_10K_3hy,11b6,10240,0/0
/spttest/mixed_10K_3hz,11b7,10240,0/0
/spttest/mixed_10K_3i0,11b8,10240,0/0
/spttest/mixed_10K_3i1,11b9,10240,0/0
/spttest/mixed_10K_3i2,11ba,10240,0/0
/spttest/mixed_10K_3i3,11bb,10240,0/0
/spttest/mixed_10K_3i4,11bc,10240,0/0
/spttest/mixed_10K_3i5,11bd,10240,0/0
/spttest/mixed_10K_3i6,11be,10240,0/0
/spttest/mixed_10K_3i7,11bf,10240,0/0
/spttest/mixed_10K_3i8,11c0,10240,0/0
/spttest/mixed_10K_3i9,11c1,10240,0/0
/spttest/mixed_10K_3ia,11c2,10240,0/0
/spttest/mixed_10K_3ib,11c3,10240,0/0
/spttest/mixed_10K_3ic,11c4,10240,0/0
/spttest/mixed_10K_3id,11c5,10240,0/0
/spttest/mixed_10K_3ie,11c6,10240,0/0
/spttest/mixed_10K_3if,11c7,10240,0/0
/spttest/mixed_10K_3ig,11c8,10240,0/0
/spttest/mixed_10K_3ih,11c9,10240,0/0
/spttest/mixed_10K_3ii,11ca,10240,0/0
/spttest/mixed_10K_3ij,11cb,10240,0/0
/spttest/mixed_10K_3ik,11cc,10240,0/0
/spttest/mixed_10K_3il,11cd,10240,0/0
/spttest/mixed_10K_3im,11ce,10240,0/0
/spttest/mixed_10K_3in,11cf,10240,0/0
/spttest/mixed_10K_3io,11d0,10240,0/0
/spttest/mixed_10K_3ip,11d1,10240,0/0
/spttest/mixed_10K_3iq,11d2,10240,0/0
/spttest/mixed_10K_3ir,11d3,10240,0/0
/spttest/mixed_10K_3is,11d4,10240,0/0
/spttest/mixed_10K_3it,11d5,10240,0/0
/spttest/mixed_10K_3iu,11d6,10240,0/0
/spttest/mixed_10K_3iv,11d7,10240,0/0
/spttest/mixed_10K_3iw,11d8,10240,0/0
/spttest/mixed_10K_3ix,11d9,10240,0/0
/spttest/mixed_10K_3iy,11da,10240,0/0
/spttest/mixed_10K_3iz,11db,10240,0/0
/spttest/mixed_10K_3j0,11dc,10240,0/0
/spttest/mixed_10K_3j1,11dd,10240,0/0
/spttest/mixed_10K_3j2,11de,10240,0/0
/spttest/mixed_10K_3j3,11df,10240,0/0
/spttest/mixed_10K_3j4,11e0,10240,0/0
/spttest/mixed_10K_3j5,11e1,10240,0/0
/spttest/mixed_10K_3j6,11e2,10240,0/0
/spttest/mixed_10K_3j7,11e3,10240,0/0
/spttest/mixed_10K_3j8,11e4,10240,0/0
/spttest/mixed_10K_3j9,11e5,10240,0/0
/spttest/mixed_10K_3ja,11e6,10240,0/0
/spttest/mixed_10K_3jb,11e7,10240,0/0
/spttest/mixed_10K_3jc,11e8,10240,0/0
/spttest/mixed_10K_3jd,11e9,10240,0/0
/spttest/mixed_10K_3je,11ea,10240,0/0
/spttest/mixed_10K_3jf,11eb,10240,0/0
/spttest/mixed_10K_3jg,11ec,10240,0/0
/spttest/mixed_10K_3jh,11ed,10240,0/0
/spttest/mixed_10K_3ji,11ee,10240,0/0
/spttest/mixed_10K_3jj,11ef,10240,0/0
/spttest/mixed_10K_3jk,11f0,10240,0/0
/spttest/mixed_10K_3jl,11f1,10240,0/0
/spttest/mixed_10K_3jm,11f2,10240,0/0
/spttest/mixed_10K_3jn,11f3,10240,0/0
/spttest/mixed_10K_3jo,11f4,10240,0/0
/spttest/mixed_10K_3jp,11f5,10240,0/0
/spttest/mixed_10K_3jq,11f6,10240,0/0
/spttest/mixed_10K_3jr,11f7,10240,0/0
/spttest/mixed_10K_3js,11f8,10240,0/0
/spttest/mixed_10K_3jt,11f9,10240,0/0
/spttest/mixed_10K_3ju,11fa,10240,0/0
/spttest/mixed_10K_3jv,11fb,10240,0/0
/spttest/mixed_10K_3jw,11fc,10240,0/0
/spttest/mixed_10K_3jx,11fd,10240,0/0
/spttest/mixed_10K_3jy,11fe,10240,0/0
/spttest/mixed_10K_3jz,11ff,10240,0/0
/spttest/mixed_10K_3k0,1200,10240,0/0
/spttest/mixed_10K_3k1,1201,10240,0/0
/spttest/mixed_10K_3k2,1202,10240,0/0
/spttest/mixed_10K_3k3,1203,10240,0/0
/spttest/mixed_10K_3k4,1204,10240,0/0
/spttest/mixed_10K_3k5,1205,10240,0/0
/spttest/mixed_10K_3k6,1206,10240,0/0
/spttest/mixed_10K_3k7,1207,10240,0/0
/spttest/mixed_10K_3k8,1208,10240,0/0
/spttest/mixed_10K_3k9,1209,10240,0/0
/spttest/mixed_10K_3ka,120a,10240,0/0
/spttest/mixed_10K_3kb,120b,10240,0/0
/spttest/mixed_10K_3kc,120c,10240,0/0
/spttest/mixed_10K_3kd,120d,10240,0/0
/spttest/mixed_10K_3ke,120e,10240,0/0
/spttest/mixed_10K_3kf,120f,10240,0/0
/spttest/mixed_10K_3kg,1210,10240,0/0
/spttest/mixed_10K_3kh,1211,10240,0/0
/spttest/mixed_10K_3ki,1212,10240,0/0
/spttest/mixed_10K_3kj,1213,10240,0/0
/spttest/mixed_10K_3kk,1214,10240,0/0
/spttest/mixed_10K_3kl,1215,10240,0/0
/spttest/mixed_10K_3km,1216,10240,0/0
/spttest/mixed_10K_3kn,1217,10240,0/0
/spttest/mixed_10K_3ko,1218,10240,0/0
/spttest/mixed_10K_3kp,1219,10240,0/0
/spttest/mixed_10K_3kq,121a,10240,0/0
/spttest/mixed_10K_3kr,121b,10240,0/0
/spttest/mixed_10K_3ks,121c,10240,0/0
/spttest/mixed_10K_3kt,121d,10240,0/0
/spttest/mixed_10K_3ku,121e,10240,0/0
/spttest/mixed_10K_3kv,121f,10240,0/0
/spttest/mixed_10K_3kw,1220,10240,0/0
/spttest/mixed_10K_3kx,1221,10240,0/0
/spttest/mixed_10K_3ky,1222,10240,0/0
/spttest/mixed_10K_3kz,1223,10240,0/0
/spttest/mixed_10K_3l0,1224,10240,0/0
/spttest/mixed_10K_3l1,1225,10240,0/0
/spttest/mixed_10K_3l2,1226,10240,0/0
/spttest/mixed_10K_3l3,1227,10240,0/0
/spttest/mixed_10K_3l4,1228,10240,0/0
/spttest/mixed_10K_3l5,1229,10240,0/0
/spttest/mixed_10K_3l6,122a,10240,0/0
/spttest/mixed_10K_3l7,122b,10240,0/0
/spttest/mixed_10K_3l8,122c,10240,0/0
/spttest/mixed_10K_3l9,122d,10240,0/0
/spttest/mixed_10K_3la,122e,10240,0/0
/spttest/mixed_10K_3lb,122f,10240,0/0
/spttest/mixed_10K_3lc,1230,10240,0/0
/spttest/mixed_10K_3ld,1231,10240,0/0
/spttest/mixed_10K_3le,1232,10240,0/0
/spttest/mixed_10K_3lf,1233,10240,0/0
/spttest/mixed_10K_3lg,1234,10240,0/0
/spttest/mixed_10K_3lh,1235,10240,0/0
/spttest/mixed_10K_3li,1236,10240,0/0
/spttest/mixed_10K_3lj,1237,10240,0/0
/spttest/mixed_10K_3lk,1238,10240,0/0
/spttest/mixed_10K_3ll,1239,10240,0/0
/spttest/mixed_10K_3lm,123a,10240,0/0
/spttest/mixed_10K_3ln,123b,10240,0/0
/spttest/mixed_10K_3lo,123c,10240,0/0
/spttest/mixed_10K_3lp,123d,10240,0/0
/spttest/mixed_10K_3lq,123e,10240,0/0
/spttest/mixed_10K_3lr,123f,10240,0/0
/spttest/mixed_10K_3ls,1240,10240,0/0
/spttest/mixed_10K_3lt,1241,10240,0/0
/spttest/mixed_10K_3lu,1242,10240,0/0
/spttest/mixed_10K_3lv,1243,10240,0/0
/spttest/mixed_10K_3lw,1244,10240,0/0
/spttest/mixed_10K_3lx,1245,10240,0/0
/spttest/mixed_10K_3ly,1246,10240,0/0
/spttest/mixed_10K_3lz,1247,10240,0/0
/spttest/mixed_10K_3m0,1248,10240,0/0
/spttest/mixed_10K_3m1,1249,10240,0/0
/spttest/mixed_10K_3m2,124a,10240,0/0
/spttest/mixed_10K_3m3,124b,10240,0/0
/spttest/mixed_10K_3m4,124c,10240,0/0
/spttest/mixed_10K_3m5,124d,10240,0/0
/spttest/mixed_10K_3m6,124e,10240,0/0
/spttest/mixed_10K_3m7,124f,10240,0/0
/spttest/mixed_10K_3m8,1250,10240,0/0
/spttest/mixed_10K_3m9,1251,10240,0/0
/spttest/mixed_10K_3ma,1252,10240,0/0
/spttest/mixed_10K_3mb,1253,10240,0/0
/spttest/mixed_10K_3mc,1254,10240,0/0
/spttest/mixed_10K_3md,1255,10240,0/0
/spttest/mixed_10K_3me,1256,10240,0/0
/spttest/mixed_10K_3mf,1257,10240,0/0
/spttest/mixed_10K_3mg,1258,10240,0/0
/spttest/mixed_10K_3mh,1259,10240,0/0
/spttest/mixed_10K_3mi,125a,10240,0/0
/spttest/mixed_10K_3mj,125b,10240,0/0
/spttest/mixed_10K_3mk,125c,10240,0/0
/spttest/mixed_10K_3ml,125d,10240,0/0
/spttest/mixed_10K_3mm,125e,10240,0/0
/spttest/mixed_10K_3mn,125f,10240,0/0
/spttest/mixed_10K_3mo,1260,10240,0/0
/spttest/mixed_10K_3mp,1261,10240,0/0
/spttest/mixed_10K_3mq,1262,10240,0/0
/spttest/mixed_10K_3mr,1263,10240,0/0
/spttest/mixed_10K_3ms,1264,10240,0/0
/spttest/mixed_10K_3mt,1265,10240,0/0
/spttest/mixed_10K_3mu,1266,10240,0/0
/spttest/mixed_10K_3mv,1267,10240,0/0
/spttest/mixed_10K_3mw,1268,10240,0/0
/spttest/mixed_10K_3mx,1269,10240,0/0
/spttest/mixed_10K_3my,126a,10240,0/0
/spttest/mixed_10K_3mz,126b,10240,0/0
/spttest/mixed_10K_3n0,126c,10240,0/0
/spttest/mixed_10K_3n1,126d,10240,0/0
/spttest/mixed_10K_3n2,126e,10240,0/0
/spttest/mixed_10K_3n3,126f,10240,0/0
/spttest/mixed_10K_3n4,1270,10240,0/0
/spttest/mixed_10K_3n5,1271,10240,0/0
/spttest/mixed_10K_3n6,1272,10240,0/0
/spttest/mixed_10K_3n7,1273,10240,0/0
/spttest/mixed_10K_3n8,1274,10240,0/0
/spttest/mixed_10K_3n9,1275,10240,0/0
/spttest/mixed_10K_3na,1276,10240,0/0
/spttest/mixed_10K_3nb,1277,10240,0/0
/spttest/mixed_10K_3nc,1278,10240,0/0
/spttest/mixed_10K_3nd,1279,10240,0/0
/spttest/mixed_10K_3ne,127a,10240,0/0
/spttest/mixed_10K_3nf,127b,10240,0/0
/spttest/mixed_10K_3ng,127c,10240,0/0
/spttest/mixed_10K_3nh,127d,10240,0/0
/spttest/mixed_10K_3ni,127e,10240,0/0
/spttest/mixed_10K_3nj,127f,10240,0/0
/spttest/mixed_10K_3nk,1280,10240,0/0
/spttest/mixed_10K_3nl,1281,10240,0/0
/spttest/mixed_10K_3nm,1282,10240,0/0
/spttest/mixed_10K_3nn,1283,10240,0/0
/spttest/mixed_10K_3no,1284,10240,0/0
/spttest/mixed_10K_3np,1285,10240,0/0
/spttest/mixed_10K_3nq,1286,10240,0/0
/spttest/mixed_10K_3nr,1287,10240,0/0
/spttest/mixed_10K_3ns,1288,10240,0/0
/spttest/mixed_10K_3nt,1289,10240,0/0
/spttest/mixed_10K_3nu,128a,10240,0/0
/spttest/mixed_10K_3nv,128b,10240,0/0
/spttest/mixed_10K_3nw,128c,10240,0/0
/spttest/mixed_10K_3nx,128d,10240,0/0
/spttest/mixed_10K_3ny,128e,10240,0/0
/spttest/mixed_10K_3nz,128f,10240,0/0
/spttest/mixed_10K_3o0,1290,10240,0/0
/spttest/mixed_10K_3o1,1291,10240,0/0
/spttest/mixed_10K_3o2,1292,10240,0/0
/spttest/mixed_10K_3o3,1293,10240,0/0
/spttest/mixed_10K_3o4,1294,10240,0/0
/spttest/mixed_10K_3o5,1295,10240,0/0
/spttest/mixed_10K_3o6,1296,10240,0/0
/spttest/mixed_10K_3o7,1297,10240,0/0
/spttest/mixed_10K_3o8,1298,10240,0/0
/spttest/mixed_10K_3o9,1299,10240,0/0
/spttest/mixed_10K_3oa,129a,10240,0/0
/spttest/mixed_10K_3ob,129b,10240,0/0
/spttest/mixed_10K_3oc,129c,10240,0/0
/spttest/mixed_10K_3od,129d,10240,0/0
/spttest/mixed_10K_3oe,129e,10240,0/0
/spttest/mixed_10K_3of,129f,10240,0/0
/spttest/mixed_10K_3og,12a0,10240,0/0
/spttest/mixed_10K_3oh,12a1,10240,0/0
/spttest/mixed_10K_3oi,12a2,10240,0/0
/spttest/mixed_10K_3oj,12a3,10240,0/0
/spttest/mixed_10K_3ok,12a4,10240,0/0
/spttest/mixed_10K_3ol,12a5,10240,0/0
/spttest/mixed_10K_3om,12a6,10240,0/0
/spttest/mixed_10K_3on,12a7,10240,0/0
/spttest/mixed_10K_3oo,12a8,10240,0/0
/spttest/mixed_10K_3op,12a9,10240,0/0
/spttest/mixed_10K_3oq,12aa,10240,0/0
/spttest/mixed_10K_3or,12ab,10240,0/0
/spttest/mixed_10K_3os,12ac,10240,0/0
/spttest/mixed_10K_3ot,12ad,10240,0/0
/spttest/mixed_10K_3ou,12ae,10240,0/0
/spttest/mixed_10K_3ov,12af,10240,0/0
/spttest/mixed_10K_3ow,12b0,10240,0/0
/spttest/mixed_10K_3ox,12b1,10240,0/0
/spttest/mixed_10K_3oy,12b2,10240,0/0
/spttest/mixed_10K_3oz,12b3,10240,0/0
/spttest/mixed_10K_3p0,12b4,10240,0/0
/spttest/mixed_10K_3p1,12b5,10240,0/0
/spttest/mixed_10K_3p2,12b6,10240,0/0
/spttest/mixed_10K_3p3,12b7,10240,0/0
/spttest/mixed_10K_3p4,12b8,10240,0/0
/spttest/mixed_10K_3p5,12b9,10240,0/0
/spttest/mixed_10K_3p6,12ba,10240,0/0
/spttest/mixed_10K_3p7,12bb,10240,0/0
/spttest/mixed_10K_3p8,12bc,10240,0/0
/spttest/mixed_10K_3p9,12bd,10240,0/0
/spttest/mixed_10K_3pa,12be,10240,0/0
/spttest/mixed_10K_3pb,12bf,10240,0/0
/spttest/mixed_10K_3pc,12c0,10240,0/0
/spttest/mixed_10K_3pd,12c1,10240,0/0
/spttest/mixed_10K_3pe,12c2,10240,0/0
/spttest/mixed_10K_3pf,12c3,10240,0/0
/spttest/mixed_10K_3pg,12c4,10240,0/0
/spttest/mixed_10K_3ph,12c5,10240,0/0
/spttest/mixed_10K_3pi,12c6,10240,0/0
/spttest/mixed_10K_3pj,12c7,10240,0/0
/spttest/mixed_10K_3pk,12c8,10240,0/0
/spttest/mixed_10K_3pl,12c9,10240,0/0
/spttest/mixed_10K_3pm,12ca,10240,0/0
/spttest/mixed_10K_3pn,12cb,10240,0/0
/spttest/mixed_10K_3po,12cc,10240,0/0
/spttest/mixed_10K_3pp,12cd,10240,0/0
/spttest/mixed_10K_3pq,12ce,10240,0/0
/spttest/mixed_10K_3pr,12cf,10240,0/0
/spttest/mixed_10K_3ps,12d0,10240,0/0
/spttest/mixed_10K_3pt,12d1,10240,0/0
/spttest/mixed_10K_3pu,12d2,10240,0/0
/spttest/mixed_10K_3pv,12d3,10240,0/0
/spttest/mixed_10K_3pw,12d4,10240,0/0
/spttest/mixed_10K_3px,12d5,10240,0/0
/spttest/mixed_10K_3py,12d6,10240,0/0
/spttest/mixed_10K_3pz,12d7,10240,0/0
/spttest/mixed_10K_3q0,12d8,10240,0/0
/spttest/mixed_10K_3q1,12d9,10240,0/0
/spttest/mixed_10K_3q2,12da,10240,0/0
/spttest/mixed_10K_3q3,12db,10240,0/0
/spttest/mixed_10K_3q4,12dc,10240,0/0
/spttest/mixed_10K_3q5,12dd,10240,0/0
/spttest/mixed_10K_3q6,12de,10240,0/0
/spttest/mixed_10K_3q7,12df,10240,0/0
/spttest/mixed_10K_3q8,12e0,10240,0/0
/spttest/mixed_10K_3q9,12e1,10240,0/0
/spttest/mixed_10K_3qa,12e2,10240,0/0
/spttest/mixed_10K_3qb,12e3,10240,0/0
/spttest/mixed_10K_3qc,12e4,10240,0/0
/spttest/mixed_10K_3qd,12e5,10240,0/0
/spttest/mixed_10K_3qe,12e6,10240,0/0
/spttest/mixed_10K_3qf,12e7,10240,0/0
/spttest/mixed_10K_3qg,12e8,10240,0/0
/spttest/mixed_10K_3qh,12e9,10240,0/0
/spttest/mixed_10K_3qi,12ea,10240,0/0
/spttest/mixed_10K_3qj,12eb,10240,0/0
/spttest/mixed_10K_3qk,12ec,10240,0/0
/spttest/mixed_10K_3ql,12ed,10240,0/0
/spttest/mixed_10K_3qm,12ee,10240,0/0
/spttest/mixed_10K_3qn,12ef,10240,0/0
/spttest/mixed_10K_3qo,12f0,10240,0/0
/spttest/mixed_10K_3qp,12f1,10240,0/0
/spttest/mixed_10K_3qq,12f2,10240,0/0
/spttest/mixed_10K_3qr,12f3,10240,0/0
/spttest/mixed_10K_3qs,12f4,10240,0/0
/spttest/mixed_10K_3qt,12f5,10240,0/0
/spttest/mixed_10K_3qu,12f6,10240,0/0
/spttest/mixed_10K_3qv,12f7,10240,0/0
/spttest/mixed_10K_3qw,12f8,10240,0/0
/spttest/mixed_10K_3qx,12f9,10240,0/0
/spttest/mixed_10K_3qy,12fa,10240,0/0
/spttest/mixed_10K_3qz,12fb,10240,0/0
/spttest/mixed_10K_3r0,12fc,10240,0/0
/spttest/mixed_10K_3r1,12fd,10240,0/0
/spttest/mixed_10K_3r2,12fe,10240,0/0
/spttest/mixed_10K_3r3,12ff,10240,0/0
/spttest/mixed_10K_3r4,1300,10240,0/0
/spttest/mixed_10K_3r5,1301,10240,0/0
/spttest/mixed_10K_3r6,1302,10240,0/0
/spttest/mixed_10K_3r7,1303,10240,0/0
/spttest/mixed_10K_3r8,1304,10240,0/0
/spttest/mixed_10K_3r9,1305,10240,0/0
/spttest/mixed_10K_3ra,1306,10240,0/0
/spttest/mixed_10K_3rb,1307,10240,0/0
/spttest/mixed_10K_3rc,1308,10240,0/0
/spttest/mixed_10K_3rd,1309,10240,0/0
/spttest/mixed_10K_3re,130a,10240,0/0
/spttest/mixed_10K_3rf,130b,10240,0/0
/spttest/mixed_10K_3rg,130c,10240,0/0
/spttest/mixed_10K_3rh,130d,10240,0/0
/spttest/mixed_10K_3ri,130e,10240,0/0
/spttest/mixed_10K_3rj,130f,10240,0/0
/spttest/mixed_10K_3rk,1310,10240,0/0
/spttest/mixed_10K_3rl,1311,10240,0/0
/spttest/mixed_10K_3rm,1312,10240,0/0
/spttest/mixed_10K_3rn,1313,10240,0/0
/spttest/mixed_10K_3ro,1314,10240,0/0
/spttest/mixed_10K_3rp,1315,10240,0/0
/spttest/mixed_10K_3rq,1316,10240,0/0
/spttest/mixed_10K_3rr,1317,10240,0/0
/spttest/mixed_10K_3rs,1318,10240,0/0
/spttest/mixed_10K_3rt,1319,10240,0/0
/spttest/mixed_10K_3ru,131a,10240,0/0
/spttest/mixed_10K_3rv,131b,10240,0/0
/spttest/mixed_10K_3rw,131c,10240,0/0
/spttest/mixed_10K_3rx,131d,10240,0/0
/spttest/mixed_10K_3ry,131e,10240,0/0
/spttest/mixed_10K_3rz,131f,10240,0/0
/spttest/mixed_10K_3s0,1320,10240,0/0
/spttest/mixed_10K_3s1,1321,10240,0/0
/spttest/mixed_10K_3s2,1322,10240,0/0
/spttest/mixed_10K_3s3,1323,10240,0/0
/spttest/mixed_10K_3s4,1324,10240,0/0
/spttest/mixed_10K_3s5,1325,10240,0/0
/spttest/mixed_10K_3s6,1326,10240,0/0
/spttest/mixed_10K_3s7,1327,10240,0/0
/spttest/mixed_10K_3s8,1328,10240,0/0
/spttest/mixed_10K_3s9,1329,10240,0/0
/spttest/mixed_10K_3sa,132a,10240,0/0
/spttest/mixed_10K_3sb,132b,10240,0/0
/spttest/mixed_10K_3sc,132c,10240,0/0
/spttest/mixed_10K_3sd,132d,10240,0/0
/spttest/mixed_10K_3se,132e,10240,0/0
/spttest/mixed_10K_3sf,132f,10240,0/0
/spttest/mixed_10K_3sg,1330,10240,0/0
/spttest/mixed_10K_3sh,1331,10240,0/0
/spttest/mixed_10K_3si,1332,10240,0/0
/spttest/mixed_10K_3sj,1333,10240,0/0
/spttest/mixed_10K_3sk,1334,10240,0/0
/spttest/mixed_10K_3sl,1335,10240,0/0
/spttest/mixed_10K_3sm,1336,10240,0/0
/spttest/mixed_10K_3sn,1337,10240,0/0
/spttest/mixed_10K_3so,1338,10240,0/0
/spttest/mixed_10K_3sp,1339,10240,0/0
/spttest/mixed_10K_3sq,133a,10240,0/0
/spttest/mixed_10K_3sr,133b,10240,0/0
/spttest/mixed_10K_3ss,133c,10240,0/0
/spttest/mixed_10K_3st,133d,10240,0/0
/spttest/mixed_10K_3su,133e,10240,0/0
/spttest/mixed_10K_3sv,133f,10240,0/0
/spttest/mixed_10K_3sw,1340,10240,0/0
/spttest/mixed_10K_3sx,1341,10240,0/0
/spttest/mixed_10K_3sy,1342,10240,0/0
/spttest/mixed_10K_3sz,1343,10240,0/0
/spttest/mixed_10K_3t0,1344,10240,0/0
/spttest/mixed_10K_3t1,1345,10240,0/0
/spttest/mixed_10K_3t2,1346,10240,0/0
/spttest/mixed_10K_3t3,1347,10240,0/0
/spttest/mixed_10K_3t4,1348,10240,0/0
/spttest/mixed_10K_3t5,1349,10240,0/0
/spttest/mixed_10K_3t6,134a,10240,0/0
/spttest/mixed_10K_3t7,134b,10240,0/0
/spttest/mixed_10K_3t8,134c,10240,0/0
/spttest/mixed_10K_3t9,134d,10240,0/0
/spttest/mixed_10K_3ta,134e,10240,0/0
/spttest/mixed_10K_3tb,134f,10240,0/0
/spttest/mixed_10K_3tc,1350,10240,0/0
/spttest/mixed_10K_3td,1351,10240,0/0
/spttest/mixed_10K_3te,1352,10240,0/0
/spttest/mixed_10K_3tf,1353,10240,0/0
/spttest/mixed_10K_3tg,1354,10240,0/0
/spttest/mixed_10K_3th,1355,10240,0/0
/spttest/mixed_10K_3ti,1356,10240,0/0
/spttest/mixed_10K_3tj,1357,10240,0/0
/spttest/mixed_10K_3tk,1358,10240,0/0
/spttest/mixed_10K_3tl,1359,10240,0/0
/spttest/mixed_10K_3tm,135a,10240,0/0
/spttest/mixed_10K_3tn,135b,10240,0/0
/spttest/mixed_10K_3to,135c,10240,0/0
/spttest/mixed_10K_3tp,135d,10240,0/0
/spttest/mixed_10K_3tq,135e,10240,0/0
/spttest/mixed_10K_3tr,135f,10240,0/0
/spttest/mixed_10K_3ts,1360,10240,0/0
/spttest/mixed_10K_3tt,1361,10240,0/0
/spttest/mixed_10K_3tu,1362,10240,0/0
/spttest/mixed_10K_3tv,1363,10240,0/0
/spttest/mixed_10K_3tw,1364,10240,0/0
/spttest/mixed_10K_3tx,1365,10240,0/0
/spttest/mixed_10K_3ty,1366,10240,0/0
/spttest/mixed_10K_3tz,1367,10240,0/0
/spttest/mixed_10K_3u0,1368,10240,0/0
/spttest/mixed_10K_3u1,1369,10240,0/0
/spttest/mixed_10K_3u2,136a,10240,0/0
/spttest/mixed_10K_3u3,136b,10240,0/0
/spttest/mixed_10K_3u4,136c,10240,0/0
/spttest/mixed_10K_3u5,136d,10240,0/0
/spttest/mixed_10K_3u6,136e,10240,0/0
/spttest/mixed_10K_3u7,136f,10240,0/0
/spttest/mixed_10K_3u8,1370,10240,0/0
/spttest/mixed_10K_3u9,1371,10240,0/0
/spttest/mixed_10K_3ua,1372,10240,0/0
/spttest/mixed_10K_3ub,1373,10240,0/0
/spttest/mixed_10K_3uc,1374,10240,0/0
/spttest/mixed_10K_3ud,1375,10240,0/0
/spttest/mixed_10K_3ue,1376,10240,0/0
/spttest/mixed_10K_3uf,1377,10240,0/0
/spttest/mixed_10K_3ug,1378,10240,0/0
/spttest/mixed_10K_3uh,1379,10240,0/0
/spttest/mixed_10K_3ui,137a,10240,0/0
/spttest/mixed_10K_3uj,137b,10240,0/0
/spttest/mixed_10K_3uk,137c,10240,0/0
/spttest/mixed_10K_3ul,137d,10240,0/0
/spttest/mixed_10K_3um,137e,10240,0/0
/spttest/mixed_10K_3un,137f,10240,0/0
/spttest/mixed_10K_3uo,1380,10240,0/0
/spttest/mixed_10K_3up,1381,10240,0/0
/spttest/mixed_10K_3uq,1382,10240,0/0
/spttest/mixed_10K_3ur,1383,10240,0/0
/spttest/mixed_10K_3us,1384,10240,0/0
/spttest/mixed_10K_3ut,1385,10240,0/0
/spttest/mixed_10K_3uu,1386,10240,0/0
/spttest/mixed_10K_3uv,1387,10240,0/0
/spttest/mixed_10K_3uw,1388,10240,0/0
/spttest/mixed_10K_3ux,1389,10240,0/0
/spttest/mixed_10K_3uy,138a,10240,0/0
/spttest/mixed_10K_3uz,138b,10240,0/0
/spttest/mixed_10K_3v0,138c,10240,0/0
/spttest/mixed_10K_3v1,138d,10240,0/0
/spttest/mixed_10K_3v2,138e,10240,0/0
/spttest/mixed_10K_3v3,138f,10240,0/0
/spttest/mixed_10K_3v4,1390,10240,0/0
/spttest/mixed_10K_3v5,1391,10240,0/0
/spttest/mixed_10K_3v6,1392,10240,0/0
/spttest/mixed_10K_3v7,1393,10240,0/0
/spttest/mixed_10K_3v8,1394,10240,0/0
/spttest/mixed_10K_3v9,1395,10240,0/0
/spttest/mixed_10K_3va,1396,10240,0/0
/spttest/mixed_10K_3vb,1397,10240,0/0
/spttest/mixed_10K_3vc,1398,10240,0/0
/spttest/mixed_10K_3vd,1399,10240,0/0
/spttest/mixed_10K_3ve,139a,10240,0/0
/spttest/mixed_10K_3vf,139b,10240,0/0
/spttest/mixed_10K_3vg,139c,10240,0/0
/spttest/mixed_10K_3vh,139d,10240,0/0
/spttest/mixed_10K_3vi,139e,10240,0/0
/spttest/mixed_10K_3vj,139f,10240,0/0
/spttest/mixed_10K_3vk,13a0,10240,0/0
/spttest/mixed_10K_3vl,13a1,10240,0/0
/spttest/mixed_10K_3vm,13a2,10240,0/0
/spttest/mixed_10K_3vn,13a3,10240,0/0
/spttest/mixed_10K_3vo,13a4,10240,0/0
/spttest/mixed_10K_3vp,13a5,10240,0/0
/spttest/mixed_10K_3vq,13a6,10240,0/0
/spttest/mixed_10K_3vr,13a7,10240,0/0
/spttest/mixed_10K_3vs,13a8,10240,0/0
/spttest/mixed_10K_3vt,13a9,10240,0/0
/spttest/mixed_10K_3vu,13aa,10240,0/0
/spttest/mixed_10K_3vv,13ab,10240,0/0
/spttest/mixed_10K_3vw,13ac,10240,0/0
/spttest/mixed_10K_3vx,13ad,10240,0/0
/spttest/mixed_10K_3vy,13ae,10240,0/0
/spttest/mixed_10K_3vz,13af,10240,0/0
/spttest/mixed_10K_3w0,13b0,10240,0/0
/spttest/mixed_10K_3w1,13b1,10240,0/0
/spttest/mixed_10K_3w2,13b2,10240,0/0
/spttest/mixed_10K_3w3,13b3,10240,0/0
/spttest/mixed_10K_3w4,13b4,10240,0/0
/spttest/mixed_10K_3w5,13b5,10240,0/0
/spttest/mixed_10K_3w6,13b6,10240,0/0
/spttest/mixed_10K_3w7,13b7,10240,0/0
/spttest/mixed_10K_3w8,13b8,10240,0/0
/spttest/mixed_10K_3w9,13b9,10240,0/0
/spttest/mixed_10K_3wa,13ba,10240,0/0
/spttest/mixed_10K_3wb,13bb,10240,0/0
/spttest/mixed_10K_3wc,13bc,10240,0/0
/spttest/mixed_10K_3wd,13bd,10240,0/0
/spttest/mixed_10K_3we,13be,10240,0/0
/spttest/mixed_10K_3wf,13bf,10240,0/0
/spttest/mixed_10K_3wg,13c0,10240,0/0
/spttest/mixed_10K_3wh,13c1,10240,0/0
/spttest/mixed_10K_3wi,13c2,10240,0/0
/spttest/mixed_10K_3wj,13c3,10240,0/0
/spttest/mixed_10K_3wk,13c4,10240,0/0
/spttest/mixed_10K_3wl,13c5,10240,0/0
/spttest/mixed_10K_3wm,13c6,10240,0/0
/spttest/mixed_10K_3wn,13c7,10240,0/0
/spttest/mixed_10K_3wo,13c8,10240,0/0
/spttest/mixed_10K_3wp,13c9,10240,0/0
/spttest/mixed_10K_3wq,13ca,10240,0/0
/spttest/mixed_10K_3wr,13cb,10240,0/0
/spttest/mixed_10K_3ws,13cc,10240,0/0
/spttest/mixed_10K_3wt,13cd,10240,0/0
/spttest/mixed_10K_3wu,13ce,10240,0/0
/spttest/mixed_10K_3wv,13cf,10240,0/0
/spttest/mixed_10K_3ww,13d0,10240,0/0
/spttest/mixed_10K_3wx,13d1,10240,0/0
/spttest/mixed_10K_3wy,13d2,10240,0/0
/spttest/mixed_10K_3wz,13d3,10240,0/0
/spttest/mixed_10K_3x0,13d4,10240,0/0
/spttest/mixed_10K_3x1,13d5,10240,0/0
/spttest/mixed_10K_3x2,13d6,10240,0/0
/spttest/mixed_10K_3x3,13d7,10240,0/0
/spttest/mixed_10K_3x4,13d8,10240,0/0
/spttest/mixed_10K_3x5,13d9,10240,0/0
/spttest/mixed_10K_3x6,13da,10240,0/0
/spttest/mixed_10K_3x7,13db,10240,0/0
/spttest/mixed_10K_3x8,13dc,10240,0/0
/spttest/mixed_10K_3x9,13dd,10240,0/0
/spttest/mixed_10K_3xa,13de,10240,0/0
/spttest/mixed_10K_3xb,13df,10240,0/0
/spttest/mixed_10K_3xc,13e0,10240,0/0
/spttest/mixed_10K_3xd,13e1,10240,0/0
/spttest/mixed_10K_3xe,13e2,10240,0/0
/spttest/mixed_10K_3xf,13e3,10240,0/0
/spttest/mixed_10K_3xg,13e4,10240,0/0
/spttest/mixed_10K_3xh,13e5,10240,0/0
/spttest/mixed_10K_3xi,13e6,10240,0/0
/spttest/mixed_10K_3xj,13e7,10240,0/0
/spttest/mixed_10K_3xk,13e8,10240,0/0
/spttest/mixed_10K_3xl,13e9,10240,0/0
/spttest/mixed_10K_3xm,13ea,10240,0/0
/spttest/mixed_10K_3xn,13eb,10240,0/0
/spttest/mixed_10K_3xo,13ec,10240,0/0
/spttest/mixed_10K_3xp,13ed,10240,0/0
/spttest/mixed_10K_3xq,13ee,10240,0/0
/spttest/mixed_10K_3xr,13ef,10240,0/0
/spttest/mixed_10K_3xs,13f0,10240,0/0
/spttest/mixed_10K_3xt,13f1,10240,0/0
/spttest/mixed_10K_3xu,13f2,10240,0/0
/spttest/mixed_10K_3xv,13f3,10240,0/0
/spttest/mixed_10K_3xw,13f4,10240,0/0
/spttest/mixed_10K_3xx,13f5,10240,0/0
/spttest/mixed_10K_3xy,13f6,10240,0/0
/spttest/mixed_10K_3xz,13f7,10240,0/0
/spttest/mixed_10K_3y0,13f8,10240,0/0
/spttest/mixed_10K_3y1,13f9,10240,0/0
/spttest/mixed_10K_3y2,13fa,10240,0/0
/spttest/mixed_10K_3y3,13fb,10240,0/0
/spttest/mixed_10K_3y4,13fc,10240,0/0
/spttest/mixed_10K_3y5,13fd,10240,0/0
/spttest/mixed_10K_3y6,13fe,10240,0/0
/spttest/mixed_10K_3y7,13ff,10240,0/0
/spttest/mixed_10K_3y8,1400,10240,0/0
/spttest/mixed_10K_3y9,1401,10240,0/0
/spttest/mixed_10K_3ya,1402,10240,0/0
/spttest/mixed_10K_3yb,1403,10240,0/0
/spttest/mixed_10K_3yc,1404,10240,0/0
/spttest/mixed_10K_3yd,1405,10240,0/0
/spttest/mixed_10K_3ye,1406,10240,0/0
/spttest/mixed_10K_3yf,1407,10240,0/0
/spttest/mixed_10K_3yg,1408,10240,0/0
/spttest/mixed_10K_3yh,1409,10240,0/0
/spttest/mixed_10K_3yi,140a,10240,0/0
/spttest/mixed_10K_3yj,140b,10240,0/0
/spttest/mixed_10K_3yk,140c,10240,0/0
/spttest/mixed_10K_3yl,140d,10240,0/0
/spttest/mixed_10K_3ym,140e,10240,0/0
/spttest/mixed_10K_3yn,140f,10240,0/0
/spttest/mixed_10K_3yo,1410,10240,0/0
/spttest/mixed_10K_3yp,1411,10240,0/0
/spttest/mixed_10K_3yq,1412,10240,0/0
/spttest/mixed_10K_3yr,1413,10240,0/0
/spttest/mixed_10K_3ys,1414,10240,0/0
/spttest/mixed_10K_3yt,1415,10240,0/0
/spttest/mixed_10K_3yu,1416,10240,0/0
/spttest/mixed_10K_3yv,1417,10240,0/0
/spttest/mixed_10K_3yw,1418,10240,0/0
/spttest/mixed_10K_3yx,1419,10240,0/0
/spttest/mixed_10K_3yy,141a,10240,0/0
/spttest/mixed_10K_3yz,141b,10240,0/0
/spttest/mixed_10K_3z0,141c,10240,0/0
/spttest/mixed_10K_3z1,141d,10240,0/0
/spttest/mixed_10K_3z2,141e,10240,0/0
/spttest/mixed_10K_3z3,141f,10240,0/0
/spttest/mixed_10K_3z4,1420,10240,0/0
/spttest/mixed_10K_3z5,1421,10240,0/0
/spttest/mixed_10K_3z6,1422,10240,0/0
/spttest/mixed_10K_3z7,1423,10240,0/0
/spttest/mixed_10K_3z8,1424,10240,0/0
/spttest/mixed_10K_3z9,1425,10240,0/0
/spttest/mixed_10K_3za,1426,10240,0/0
/spttest/mixed_10K_3zb,1427,10240,0/0
/spttest/mixed_10K_3zc,1428,10240,0/0
/spttest/mixed_10K_3zd,1429,10240,0/0
/spttest/mixed_10K_3ze,142a,10240,0/0
/spttest/mixed_10K_3zf,142b,10240,0/0
/spttest/mixed_10K_3zg,142c,10240,0/0
/spttest/mixed_10K_3zh,142d,10240,0/0
/spttest/mixed_10K_3zi,142e,10240,0/0
/spttest/mixed_10K_3zj,142f,10240,0/0
/spttest/mixed_10K_3zk,1430,10240,0/0
/spttest/mixed_10K_3zl,1431,10240,0/0
/spttest/mixed_10K_3zm,1432,10240,0/0
/spttest/mixed_10K_3zn,1433,10240,0/0
/spttest/mixed_10K_3zo,1434,10240,0/0
/spttest/mixed_10K_3zp,1435,10240,0/0
/spttest/mixed_10K_3zq,1436,10240,0/0
/spttest/mixed_10K_3zr,1437,10240,0/0
/spttest/mixed_10K_3zs,1438,10240,0/0
/spttest/mixed_10K_3zt,1439,10240,0/0
/spttest/mixed_10K_3zu,143a,10240,0/0
/spttest/mixed_10K_3zv,143b,10240,0/0
/spttest/mixed_10K_3zw,143c,10240,0/0
/spttest/mixed_10K_3zx,143d,10240,0/0
/spttest/mixed_10K_3zy,143e,10240,0/0
/spttest/mixed_10K_3zz,143f,10240,0/0
/spttest/mixed_10K_400,1440,10240,0/0
/spttest/mixed_10K_401,1441,10240,0/0
/spttest/mixed_10K_402,1442,10240,0/0
/spttest/mixed_10K_403,1443,10240,0/0
/spttest/mixed_10K_404,1444,10240,0/0
/spttest/mixed_10K_405,1445,10240,0/0
/spttest/mixed_10K_406,1446,10240,0/0
/spttest/mixed_10K_407,1447,10240,0/0
/spttest/mixed_10K_408,1448,10240,0/0
/spttest/mixed_10K_409,1449,10240,0/0
/spttest/mixed_10K_40a,144a,10240,0/0
/spttest/mixed_10K_40b,144b,10240,0/0
/spttest/mixed_10K_40c,144c,10240,0/0
/spttest/mixed_10K_40d,144d,10240,0/0
/spttest/mixed_10K_40e,144e,10240,0/0
/spttest/mixed_10K_40f,144f,10240,0/0
/spttest/mixed_10K_40g,1450,10240,0/0
/spttest/mixed_10K_40h,1451,10240,0/0
/spttest/mixed_10K_40i,1452,10240,0/0
/spttest/mixed_10K_40j,1453,10240,0/0
/spttest/mixed_10K_40k,1454,10240,0/0
/spttest/mixed_10K_40l,1455,10240,0/0
/spttest/mixed_10K_40m,1456,10240,0/0
/spttest/mixed_10K_40n,1457,10240,0/0
/spttest/mixed_10K_40o,1458,10240,0/0
/spttest/mixed_10K_40p,1459,10240,0/0
/spttest/mixed_10K_40q,145a,10240,0/0
/spttest/mixed_10K_40r,145b,10240,0/0
/spttest/mixed_10K_40s,145c,10240,0/0
/spttest/mixed_10K_40t,145d,10240,0/0
/spttest/mixed_10K_40u,145e,10240,0/0
/spttest/mixed_10K_40v,145f,10240,0/0
/spttest/mixed_10K_40w,1460,10240,0/0
/spttest/mixed_10K_40x,1461,10240,0/0
/spttest/mixed_10K_40y,1462,10240,0/0
/spttest/mixed_10K_40z,1463,10240,0/0
/spttest/mixed_10K_410,1464,10240,0/0
/spttest/mixed_10K_411,1465,10240,0/0
/spttest/mixed_10K_412,1466,10240,0/0
/spttest/mixed_10K_413,1467,10240,0/0
/spttest/mixed_10K_414,1468,10240,0/0
/spttest/mixed_10K_415,1469,10240,0/0
/spttest/mixed_10K_416,146a,10240,0/0
/spttest/mixed_10K_417,146b,10240,0/0
/spttest/mixed_10K_418,146c,10240,0/0
/spttest/mixed_10K_419,146d,10240,0/0
/spttest/mixed_10K_41a,146e,10240,0/0
/spttest/mixed_10K_41b,146f,10240,0/0
/spttest/mixed_10K_41c,1470,10240,0/0
/spttest/mixed_10K_41d,1471,10240,0/0
/spttest/mixed_10K_41e,1472,10240,0/0
/spttest/mixed_10K_41f,1473,10240,0/0
/spttest/mixed_10K_41g,1474,10240,0/0
/spttest/mixed_10K_41h,1475,10240,0/0
/spttest/mixed_10K_41i,1476,10240,0/0
/spttest/mixed_10K_41j,1477,10240,0/0
/spttest/mixed_10K_41k,1478,10240,0/0
/spttest/mixed_10K_41l,1479,10240,0/0
/spttest/mixed_10K_41m,147a,10240,0/0
/spttest/mixed_10K_41n,147b,10240,0/0
/spttest/mixed_10K_41o,147c,10240,0/0
/spttest/mixed_10K_41p,147d,10240,0/0
/spttest/mixed_10K_41q,147e,10240,0/0
/spttest/mixed_10K_41r,147f,10240,0/0
/spttest/mixed_10K_41s,1480,10240,0/0
/spttest/mixed_10K_41t,1481,10240,0/0
/spttest/mixed_10K_41u,1482,10240,0/0
/spttest/mixed_10K_41v,1483,10240,0/0
/spttest/mixed_10K_41w,1484,10240,0/0
/spttest/mixed_10K_41x,1485,10240,0/0
/spttest/mixed_10K_41y,1486,10240,0/0
/spttest/mixed_10K_41z,1487,10240,0/0
/spttest/mixed_10K_420,1488,10240,0/0
/spttest/mixed_10K_421,1489,10240,0/0
/spttest/mixed_10K_422,148a,10240,0/0
/spttest/mixed_10K_423,148b,10240,0/0
/spttest/mixed_10K_424,148c,10240,0/0
/spttest/mixed_10K_425,148d,10240,0/0
/spttest/mixed_10K_426,148e,10240,0/0
/spttest/mixed_10K_427,148f,10240,0/0
/spttest/mixed_10K_428,1490,10240,0/0
/spttest/mixed_10K_429,1491,10240,0/0
/spttest/mixed_10K_42a,1492,10240,0/0
/spttest/mixed_10K_42b,1493,10240,0/0
/spttest/mixed_10K_42c,1494,10240,0/0
/spttest/mixed_10K_42d,1495,10240,0/0
/spttest/mixed_10K_42e,1496,10240,0/0
/spttest/mixed_10K_42f,1497,10240,0/0
/spttest/mixed_10K_42g,1498,10240,0/0
/spttest/mixed_10K_42h,1499,10240,0/0
/spttest/mixed_10K_42i,149a,10240,0/0
/spttest/mixed_10K_42j,149b,10240,0/0
/spttest/mixed_10K_42k,149c,10240,0/0
/spttest/mixed_10K_42l,149d,10240,0/0
/spttest/mixed_10K_42m,149e,10240,0/0
/spttest/mixed_10K_42n,149f,10240,0/0
/spttest/mixed_10K_42o,14a0,10240,0/0
/spttest/mixed_10K_42p,14a1,10240,0/0
/spttest/mixed_10K_42q,14a2,10240,0/0
/spttest/mixed_10K_42r,14a3,10240,0/0
/spttest/mixed_10K_42s,14a4,10240,0/0
/spttest/mixed_10K_42t,14a5,10240,0/0
/spttest/mixed_10K_42u,14a6,10240,0/0
/spttest/mixed_10K_42v,14a7,10240,0/0
/spttest/mixed_10K_42w,14a8,10240,0/0
/spttest/mixed_10K_42x,14a9,10240,0/0
/spttest/mixed_10K_42y,14aa,10240,0/0
/spttest/mixed_10K_42z,14ab,10240,0/0
/spttest/mixed_10K_430,14ac,10240,0/0
/spttest/mixed_10K_431,14ad,10240,0/0
/spttest/mixed_10K_432,14ae,10240,0/0
/spttest/mixed_10K_433,14af,10240,0/0
/spttest/mixed_10K_434,14b0,10240,0/0
/spttest/mixed_10K_435,14b1,10240,0/0
/spttest/mixed_10K_436,14b2,10240,0/0
/spttest/mixed_10K_437,14b3,10240,0/0
/spttest/mixed_10K_438,14b4,10240,0/0
/spttest/mixed_10K_439,14b5,10240,0/0
/spttest/mixed_10K_43a,14b6,10240,0/0
/spttest/mixed_10K_43b,14b7,10240,0/0
/spttest/mixed_10K_43c,14b8,10240,0/0
/spttest/mixed_10K_43d,14b9,10240,0/0
/spttest/mixed_10K_43e,14ba,10240,0/0
/spttest/mixed_10K_43f,14bb,10240,0/0
/spttest/mixed_10K_43g,14bc,10240,0/0
/spttest/mixed_10K_43h,14bd,10240,0/0
/spttest/mixed_10K_43i,14be,10240,0/0
/spttest/mixed_10K_43j,14bf,10240,0/0
/spttest/mixed_10K_43k,14c0,10240,0/0
/spttest/mixed_10K_43l,14c1,10240,0/0
/spttest/mixed_10K_43m,14c2,10240,0/0
/spttest/mixed_10K_43n,14c3,10240,0/0
/spttest/mixed_10K_43o,14c4,10240,0/0
/spttest/mixed_10K_43p,14c5,10240,0/0
/spttest/mixed_10K_43q,14c6,10240,0/0
/spttest/mixed_10K_43r,14c7,10240,0/0
/spttest/mixed_10K_43s,14c8,10240,0/0
/spttest/mixed_10K_43t,14c9,10240,0/0
/spttest/mixed_10K_43u,14ca,10240,0/0
/spttest/mixed_10K_43v,14cb,10240,0/0
/spttest/mixed_10K_43w,14cc,10240,0/0
/spttest/mixed_10K_43x,14cd,10240,0/0
/spttest/mixed_10K_43y,14ce,10240,0/0
/spttest/mixed_10K_43z,14cf,10240,0/0
/spttest/mixed_10K_440,14d0,10240,0/0
/spttest/mixed_10K_441,14d1,10240,0/0
/spttest/mixed_10K_442,14d2,10240,0/0
/spttest/mixed_10K_443,14d3,10240,0/0
/spttest/mixed_10K_444,14d4,10240,0/0
/spttest/mixed_10K_445,14d5,10240,0/0
/spttest/mixed_10K_446,14d6,10240,0/0
/spttest/mixed_10K_447,14d7,10240,0/0
/spttest/mixed_10K_448,14d8,10240,0/0
/spttest/mixed_10K_449,14d9,10240,0/0
/spttest/mixed_10K_44a,14da,10240,0/0
/spttest/mixed_10K_44b,14db,10240,0/0
/spttest/mixed_10K_44c,14dc,10240,0/0
/spttest/mixed_10K_44d,14dd,10240,0/0
/spttest/mixed_10K_44e,14de,10240,0/0
/spttest/mixed_10K_44f,14df,10240,0/0
/spttest/mixed_10K_44g,14e0,10240,0/0
/spttest/mixed_10K_44h,14e1,10240,0/0
/spttest/mixed_10K_44i,14e2,10240,0/0
/spttest/mixed_10K_44j,14e3,10240,0/0
/spttest/mixed_10K_44k,14e4,10240,0/0
/spttest/mixed_10K_44l,14e5,10240,0/0
/spttest/mixed_10K_44m,14e6,10240,0/0
/spttest/mixed_10K_44n,14e7,10240,0/0
/spttest/mixed_10K_44o,14e8,10240,0/0
/spttest/mixed_10K_44p,14e9,10240,0/0
/spttest/mixed_10K_44q,14ea,10240,0/0
/spttest/mixed_10K_44r,14eb,10240,0/0
/spttest/mixed_10K_44s,14ec,10240,0/0
/spttest/mixed_10K_44t,14ed,10240,0/0
/spttest/mixed_10K_44u,14ee,10240,0/0
/spttest/mixed_10K_44v,14ef,10240,0/0
/spttest/mixed_10K_44w,14f0,10240,0/0
/spttest/mixed_10K_44x,14f1,10240,0/0
/spttest/mixed_10K_44y,14f2,10240,0/0
/spttest/mixed_10K_44z,14f3,10240,0/0
/spttest/mixed_10K_450,14f4,10240,0/0
/spttest/mixed_10K_451,14f5,10240,0/0
/spttest/mixed_10K_452,14f6,10240,0/0
/spttest/mixed_10K_453,14f7,10240,0/0
/spttest/mixed_10K_454,14f8,10240,0/0
/spttest/mixed_10K_455,14f9,10240,0/0
/spttest/mixed_10K_456,14fa,10240,0/0
/spttest/mixed_10K_457,14fb,10240,0/0
/spttest/mixed_10K_458,14fc,10240,0/0
/spttest/mixed_10K_459,14fd,10240,0/0
/spttest/mixed_10K_45a,14fe,10240,0/0
/spttest/mixed_10K_45b,14ff,10240,0/0
/spttest/mixed_10K_45c,1500,10240,0/0
/spttest/mixed_10K_45d,1501,10240,0/0
/spttest/mixed_10K_45e,1502,10240,0/0
/spttest/mixed_10K_45f,1503,10240,0/0
/spttest/mixed_10K_45g,1504,10240,0/0
/spttest/mixed_10K_45h,1505,10240,0/0
/spttest/mixed_10K_45i,1506,10240,0/0
/spttest/mixed_10K_45j,1507,10240,0/0
/spttest/mixed_10K_45k,1508,10240,0/0
/spttest/mixed_10K_45l,1509,10240,0/0
/spttest/mixed_10K_45m,150a,10240,0/0
/spttest/mixed_10K_45n,150b,10240,0/0
/spttest/mixed_10K_45o,150c,10240,0/0
/spttest/mixed_10K_45p,150d,10240,0/0
/spttest/mixed_10K_45q,150e,10240,0/0
/spttest/mixed_10K_45r,150f,10240,0/0
/spttest/mixed_10K_45s,1510,10240,0/0
/spttest/mixed_10K_45t,1511,10240,0/0
/spttest/mixed_10K_45u,1512,10240,0/0
/spttest/mixed_10K_45v,1513,10240,0/0
/spttest/mixed_10K_45w,1514,10240,0/0
/spttest/mixed_10K_45x,1515,10240,0/0
/spttest/mixed_10K_45y,1516,10240,0/0
/spttest/mixed_10K_45z,1517,10240,0/0
/spttest/mixed_10K_460,1518,10240,0/0
/spttest/mixed_10K_461,1519,10240,0/0
/spttest/mixed_10K_462,151a,10240,0/0
/spttest/mixed_10K_463,151b,10240,0/0
/spttest/mixed_10K_464,151c,10240,0/0
/spttest/mixed_10K_465,151d,10240,0/0
/spttest/mixed_10K_466,151e,10240,0/0
/spttest/mixed_10K_467,151f,10240,0/0
/spttest/mixed_10K_468,1520,10240,0/0
/spttest/mixed_10K_469,1521,10240,0/0
/spttest/mixed_10K_46a,1522,10240,0/0
/spttest/mixed_10K_46b,1523,10240,0/0
/spttest/mixed_10K_46c,1524,10240,0/0
/spttest/mixed_10K_46d,1525,10240,0/0
/spttest/mixed_10K_46e,1526,10240,0/0
/spttest/mixed_10K_46f,1527,10240,0/0
/spttest/mixed_10K_46g,1528,10240,0/0
/spttest/mixed_10K_46h,1529,10240,0/0
/spttest/mixed_10K_46i,152a,10240,0/0
/spttest/mixed_10K_46j,152b,10240,0/0
/spttest/mixed_10K_46k,152c,10240,0/0
/spttest/mixed_10K_46l,152d,10240,0/0
/spttest/mixed_10K_46m,152e,10240,0/0
/spttest/mixed_10K_46n,152f,10240,0/0
/spttest/mixed_10K_46o,1530,10240,0/0
/spttest/mixed_10K_46p,1531,10240,0/0
/spttest/mixed_10K_46q,1532,10240,0/0
/spttest/mixed_10K_46r,1533,10240,0/0
/spttest/mixed_10K_46s,1534,10240,0/0
/spttest/mixed_10K_46t,1535,10240,0/0
/spttest/mixed_10K_46u,1536,10240,0/0
/spttest/mixed_10K_46v,1537,10240,0/0
/spttest/mixed_10K_46w,1538,10240,0/0
/spttest/mixed_10K_46x,1539,10240,0/0
/spttest/mixed_10K_46y,153a,10240,0/0
/spttest/mixed_10K_46z,153b,10240,0/0
/spttest/mixed_10K_470,153c,10240,0/0
/spttest/mixed_10K_471,153d,10240,0/0
/spttest/mixed_10K_472,153e,10240,0/0
/spttest/mixed_10K_473,153f,10240,0/0
/spttest/mixed_10K_474,1540,10240,0/0
/spttest/mixed_10K_475,1541,10240,0/0
/spttest/mixed_10K_476,1542,10240,0/0
/spttest/mixed_10K_477,1543,10240,0/0
/spttest/mixed_10K_478,1544,10240,0/0
/spttest/mixed_10K_479,1545,10240,0/0
/spttest/mixed_10K_47a,1546,10240,0/0
/spttest/mixed_10K_47b,1547,10240,0/0
/spttest/mixed_10K_47c,1548,10240,0/0
/spttest/mixed_10K_47d,1549,10240,0/0
/spttest/mixed_10K_47e,154a,10240,0/0
/spttest/mixed_10K_47f,154b,10240,0/0
/spttest/mixed_10K_47g,154c,10240,0/0
/spttest/mixed_10K_47h,154d,10240,0/0
/spttest/mixed_10K_47i,154e,10240,0/0
/spttest/mixed_10K_47j,154f,10240,0/0
/spttest/mixed_10K_47k,1550,10240,0/0
/spttest/mixed_10K_47l,1551,10240,0/0
/spttest/mixed_10K_47m,1552,10240,0/0
/spttest/mixed_10K_47n,1553,10240,0/0
/spttest/mixed_10K_47o,1554,10240,0/0
/spttest/mixed_10K_47p,1555,10240,0/0
/spttest/mixed_10K_47q,1556,10240,0/0
/spttest/mixed_10K_47r,1557,10240,0/0
/spttest/mixed_10K_47s,1558,10240,0/0
/spttest/mixed_10K_47t,1559,10240,0/0
/spttest/mixed_10K_47u,155a,10240,0/0
/spttest/mixed_10K_47v,155b,10240,0/0
/spttest/mixed_10K_47w,155c,10240,0/0
/spttest/mixed_10K_47x,155d,10240,0/0
/spttest/mixed_10K_47y,155e,10240,0/0
/spttest/mixed_10K_47z,155f,10240,0/0
/spttest/mixed_10K_480,1560,10240,0/0
/spttest/mixed_10K_481,1561,10240,0/0
/spttest/mixed_10K_482,1562,10240,0/0
/spttest/mixed_10K_483,1563,10240,0/0
/spttest/mixed_10K_484,1564,10240,0/0
/spttest/mixed_10K_485,1565,10240,0/0
/spttest/mixed_10K_486,1566,10240,0/0
/spttest/mixed_10K_487,1567,10240,0/0
/spttest/mixed_10K_488,1568,10240,0/0
/spttest/mixed_10K_489,1569,10240,0/0
/spttest/mixed_10K_48a,156a,10240,0/0
/spttest/mixed_10K_48b,156b,10240,0/0
/spttest/mixed_10K_48c,156c,10240,0/0
/spttest/mixed_10K_48d,156d,10240,0/0
/spttest/mixed_10K_48e,156e,10240,0/0
/spttest/mixed_10K_48f,156f,10240,0/0
/spttest/mixed_10K_48g,1570,10240,0/0
/spttest/mixed_10K_48h,1571,10240,0/0
/spttest/mixed_10K_48i,1572,10240,0/0
/spttest/mixed_10K_48j,1573,10240,0/0
/spttest/mixed_10K_48k,1574,10240,0/0
/spttest/mixed_10K_48l,1575,10240,0/0
/spttest/mixed_10K_48m,1576,10240,0/0
/spttest/mixed_10K_48n,1577,10240,0/0
/spttest/mixed_10K_48o,1578,10240,0/0
/spttest/mixed_10K_48p,1579,10240,0/0
/spttest/mixed_10K_48q,157a,10240,0/0
/spttest/mixed_10K_48r,157b,10240,0/0
/spttest/mixed_10K_48s,157c,10240,0/0
/spttest/mixed_10K_48t,157d,10240,0/0
/spttest/mixed_10K_48u,157e,10240,0/0
/spttest/mixed_10K_48v,157f,10240,0/0
/spttest/mixed_10K_48w,1580,10240,0/0
/spttest/mixed_10K_48x,1581,10240,0/0
/spttest/mixed_10K_48y,1582,10240,0/0
/spttest/mixed_10K_48z,1583,10240,0/0
/spttest/mixed_10K_490,1584,10240,0/0
/spttest/mixed_10K_491,1585,10240,0/0
/spttest/mixed_10K_492,1586,10240,0/0
/spttest/mixed_10K_493,1587,10240,0/0
/spttest/mixed_10K_494,1588,10240,0/0
/spttest/mixed_10K_495,1589,10240,0/0
/spttest/mixed_10K_496,158a,10240,0/0
/spttest/mixed_10K_497,158b,10240,0/0
/spttest/mixed_10K_498,158c,10240,0/0
/spttest/mixed_10K_499,158d,10240,0/0
/spttest/mixed_10K_49a,158e,10240,0/0
/spttest/mixed_10K_49b,158f,10240,0/0
/spttest/mixed_10K_49c,1590,10240,0/0
/spttest/mixed_10K_49d,1591,10240,0/0
/spttest/mixed_10K_49e,1592,10240,0/0
/spttest/mixed_10K_49f,1593,10240,0/0
/spttest/mixed_10K_49g,1594,10240,0/0
/spttest/mixed_10K_49h,1595,10240,0/0
/spttest/mixed_10K_49i,1596,10240,0/0
/spttest/mixed_10K_49j,1597,10240,0/0
/spttest/mixed_10K_49k,1598,10240,0/0
/spttest/mixed_10K_49l,1599,10240,0/0
/spttest/mixed_10K_49m,159a,10240,0/0
/spttest/mixed_10K_49n,159b,10240,0/0
/spttest/mixed_10K_49o,159c,10240,0/0
/spttest/mixed_10K_49p,159d,10240,0/0
/spttest/mixed_10K_49q,159e,10240,0/0
/spttest/mixed_10K_49r,159f,10240,0/0
/spttest/mixed_10K_49s,15a0,10240,0/0
/spttest/mixed_10K_49t,15a1,10240,0/0
/spttest/mixed_10K_49u,15a2,10240,0/0
/spttest/mixed_10K_49v,15a3,10240,0/0
/spttest/mixed_10K_49w,15a4,10240,0/0
/spttest/mixed_10K_49x,15a5,10240,0/0
/spttest/mixed_10K_49y,15a6,10240,0/0
/spttest/mixed_10K_49z,15a7,10240,0/0
/spttest/mixed_10K_4a0,15a8,10240,0/0
/spttest/mixed_10K_4a1,15a9,10240,0/0
/spttest/mixed_10K_4a2,15aa,10240,0/0
/spttest/mixed_10K_4a3,15ab,10240,0/0
/spttest/mixed_10K_4a4,15ac,10240,0/0
/spttest/mixed_10K_4a5,15ad,10240,0/0
/spttest/mixed_10K_4a6,15ae,10240,0/0
/spttest/mixed_10K_4a7,15af,10240,0/0
/spttest/mixed_10K_4a8,15b0,10240,0/0
/spttest/mixed_10K_4a9,15b1,10240,0/0
/spttest/mixed_10K_4aa,15b2,10240,0/0
/spttest/mixed_10K_4ab,15b3,10240,0/0
/spttest/mixed_10K_4ac,15b4,10240,0/0
/spttest/mixed_10K_4ad,15b5,10240,0/0
/spttest/mixed_10K_4ae,15b6,10240,0/0
/spttest/mixed_10K_4af,15b7,10240,0/0
/spttest/mixed_10K_4ag,15b8,10240,0/0
/spttest/mixed_10K_4ah,15b9,10240,0/0
/spttest/mixed_10K_4ai,15ba,10240,0/0
/spttest/mixed_10K_4aj,15bb,10240,0/0
/spttest/mixed_10K_4ak,15bc,10240,0/0
/spttest/mixed_10K_4al,15bd,10240,0/0
/spttest/mixed_10K_4am,15be,10240,0/0
/spttest/mixed_10K_4an,15bf,10240,0/0
/spttest/mixed_10K_4ao,15c0,10240,0/0
/spttest/mixed_10K_4ap,15c1,10240,0/0
/spttest/mixed_10K_4aq,15c2,10240,0/0
/spttest/mixed_10K_4ar,15c3,10240,0/0
/spttest/mixed_10K_4as,15c4,10240,0/0
/spttest/mixed_10K_4at,15c5,10240,0/0
/spttest/mixed_10K_4au,15c6,10240,0/0
/spttest/mixed_10K_4av,15c7,10240,0/0
/spttest/mixed_10K_4aw,15c8,10240,0/0
/spttest/mixed_10K_4ax,15c9,10240,0/0
/spttest/mixed_10K_4ay,15ca,10240,0/0
/spttest/mixed_10K_4az,15cb,10240,0/0
/spttest/mixed_10K_4b0,15cc,10240,0/0
/spttest/mixed_10K_4b1,15cd,10240,0/0
/spttest/mixed_10K_4b2,15ce,10240,0/0
/spttest/mixed_10K_4b3,15cf,10240,0/0
/spttest/mixed_10K_4b4,15d0,10240,0/0
/spttest/mixed_10K_4b5,15d1,10240,0/0
/spttest/mixed_10K_4b6,15d2,10240,0/0
/spttest/mixed_10K_4b7,15d3,10240,0/0
/spttest/mixed_10K_4b8,15d4,10240,0/0
/spttest/mixed_10K_4b9,15d5,10240,0/0
/spttest/mixed_10K_4ba,15d6,10240,0/0
/spttest/mixed_10K_4bb,15d7,10240,0/0
/spttest/mixed_10K_4bc,15d8,10240,0/0
/spttest/mixed_10K_4bd,15d9,10240,0/0
/spttest/mixed_10K_4be,15da,10240,0/0
/spttest/mixed_10K_4bf,15db,10240,0/0
/spttest/mixed_10K_4bg,15dc,10240,0/0
/spttest/mixed_10K_4bh,15dd,10240,0/0
/spttest/mixed_10K_4bi,15de,10240,0/0
/spttest/mixed_10K_4bj,15df,10240,0/0
/spttest/mixed_10K_4bk,15e0,10240,0/0
/spttest/mixed_10K_4bl,15e1,10240,0/0
/spttest/mixed_10K_4bm,15e2,10240,0/0
/spttest/mixed_10K_4bn,15e3,10240,0/0
/spttest/mixed_10K_4bo,15e4,10240,0/0
/spttest/mixed_10K_4bp,15e5,10240,0/0
/spttest/mixed_10K_4bq,15e6,10240,0/0
/spttest/mixed_10K_4br,15e7,10240,0/0
/spttest/mixed_10K_4bs,15e8,10240,0/0
/spttest/mixed_10K_4bt,15e9,10240,0/0
/spttest/mixed_10K_4bu,15ea,10240,0/0
/spttest/mixed_10K_4bv,15eb,10240,0/0
/spttest/mixed_10K_4bw,15ec,10240,0/0
/spttest/mixed_10K_4bx,15ed,10240,0/0
/spttest/mixed_10K_4by,15ee,10240,0/0
/spttest/mixed_10K_4bz,15ef,10240,0/0
/spttest/mixed_10K_4c0,15f0,10240,0/0
/spttest/mixed_10K_4c1,15f1,10240,0/0
/spttest/mixed_10K_4c2,15f2,10240,0/0
/spttest/mixed_10K_4c3,15f3,10240,0/0
/spttest/mixed_10K_4c4,15f4,10240,0/0
/spttest/mixed_10K_4c5,15f5,10240,0/0
/spttest/mixed_10K_4c6,15f6,10240,0/0
/spttest/mixed_10K_4c7,15f7,10240,0/0
/spttest/mixed_10K_4c8,15f8,10240,0/0
/spttest/mixed_10K_4c9,15f9,10240,0/0
/spttest/mixed_10K_4ca,15fa,10240,0/0
/spttest/mixed_10K_4cb,15fb,10240,0/0
/spttest/mixed_10K_4cc,15fc,10240,0/0
/spttest/mixed_10K_4cd,15fd,10240,0/0
/spttest/mixed_10K_4ce,15fe,10240,0/0
/spttest/mixed_10K_4cf,15ff,10240,0/0
/spttest/mixed_10K_4cg,1600,10240,0/0
/spttest/mixed_10K_4ch,1601,10240,0/0
/spttest/mixed_10K_4ci,1602,10240,0/0
/spttest/mixed_10K_4cj,1603,10240,0/0
/spttest/mixed_10K_4ck,1604,10240,0/0
/spttest/mixed_10K_4cl,1605,10240,0/0
/spttest/mixed_10K_4cm,1606,10240,0/0
/spttest/mixed_10K_4cn,1607,10240,0/0
/spttest/mixed_10K_4co,1608,10240,0/0
/spttest/mixed_10K_4cp,1609,10240,0/0
/spttest/mixed_10K_4cq,160a,10240,0/0
/spttest/mixed_10K_4cr,160b,10240,0/0
/spttest/mixed_10K_4cs,160c,10240,0/0
/spttest/mixed_10K_4ct,160d,10240,0/0
/spttest/mixed_10K_4cu,160e,10240,0/0
/spttest/mixed_10K_4cv,160f,10240,0/0
/spttest/mixed_10K_4cw,1610,10240,0/0
/spttest/mixed_10K_4cx,1611,10240,0/0
/spttest/mixed_10K_4cy,1612,10240,0/0
/spttest/mixed_10K_4cz,1613,10240,0/0
/spttest/mixed_10K_4d0,1614,10240,0/0
/spttest/mixed_10K_4d1,1615,10240,0/0
/spttest/mixed_10K_4d2,1616,10240,0/0
/spttest/mixed_10K_4d3,1617,10240,0/0
/spttest/mixed_10K_4d4,1618,10240,0/0
/spttest/mixed_10K_4d5,1619,10240,0/0
/spttest/mixed_10K_4d6,161a,10240,0/0
/spttest/mixed_10K_4d7,161b,10240,0/0
/spttest/mixed_10K_4d8,161c,10240,0/0
/spttest/mixed_10K_4d9,161d,10240,0/0
/spttest/mixed_10K_4da,161e,10240,0/0
/spttest/mixed_10K_4db,161f,10240,0/0
/spttest/mixed_10K_4dc,1620,10240,0/0
/spttest/mixed_10K_4dd,1621,10240,0/0
/spttest/mixed_10K_4de,1622,10240,0/0
/spttest/mixed_10K_4df,1623,10240,0/0
/spttest/mixed_10K_4dg,1624,10240,0/0
/spttest/mixed_10K_4dh,1625,10240,0/0
/spttest/mixed_10K_4di,1626,10240,0/0
/spttest/mixed_10K_4dj,1627,10240,0/0
/spttest/mixed_10K_4dk,1628,10240,0/0
/spttest/mixed_10K_4dl,1629,10240,0/0
/spttest/mixed_10K_4dm,162a,10240,0/0
/spttest/mixed_10K_4dn,162b,10240,0/0
/spttest/mixed_10K_4do,162c,10240,0/0
/spttest/mixed_10K_4dp,162d,10240,0/0
/spttest/mixed_10K_4dq,162e,10240,0/0
/spttest/mixed_10K_4dr,162f,10240,0/0
/spttest/mixed_10K_4ds,1630,10240,0/0
/spttest/mixed_10K_4dt,1631,10240,0/0
/spttest/mixed_10K_4du,1632,10240,0/0
/spttest/mixed_10K_4dv,1633,10240,0/0
/spttest/mixed_10K_4dw,1634,10240,0/0
/spttest/mixed_10K_4dx,1635,10240,0/0
/spttest/mixed_10K_4dy,1636,10240,0/0
/spttest/mixed_10K_4dz,1637,10240,0/0
/spttest/mixed_10K_4e0,1638,10240,0/0
/spttest/mixed_10K_4e1,1639,10240,0/0
/spttest/mixed_10K_4e2,163a,10240,0/0
/spttest/mixed_10K_4e3,163b,10240,0/0
/spttest/mixed_10K_4e4,163c,10240,0/0
/spttest/mixed_10K_4e5,163d,10240,0/0
/spttest/mixed_10K_4e6,163e,10240,0/0
/spttest/mixed_10K_4e7,163f,10240,0/0
/spttest/mixed_10K_4e8,1640,10240,0/0
/spttest/mixed_10K_4e9,1641,10240,0/0
/spttest/mixed_10K_4ea,1642,10240,0/0
/spttest/mixed_10K_4eb,1643,10240,0/0
/spttest/mixed_10K_4ec,1644,10240,0/0
/spttest/mixed_10K_4ed,1645,10240,0/0
/spttest/mixed_10K_4ee,1646,10240,0/0
/spttest/mixed_10K_4ef,1647,10240,0/0
/spttest/mixed_10K_4eg,1648,10240,0/0
/spttest/mixed_10K_4eh,1649,10240,0/0
/spttest/mixed_10K_4ei,164a,10240,0/0
/spttest/mixed_10K_4ej,164b,10240,0/0
/spttest/mixed_10K_4ek,164c,10240,0/0
/spttest/mixed_10K_4el,164d,10240,0/0
/spttest/mixed_10K_4em,164e,10240,0/0
/spttest/mixed_10K_4en,164f,10240,0/0
/spttest/mixed_10K_4eo,1650,10240,0/0
/spttest/mixed_10K_4ep,1651,10240,0/0
/spttest/mixed_10K_4eq,1652,10240,0/0
/spttest/mixed_10K_4er,1653,10240,0/0
/spttest/mixed_10K_4es,1654,10240,0/0
/spttest/mixed_10K_4et,1655,10240,0/0
/spttest/mixed_10K_4eu,1656,10240,0/0
/spttest/mixed_10K_4ev,1657,10240,0/0
/spttest/mixed_10K_4ew,1658,10240,0/0
/spttest/mixed_10K_4ex,1659,10240,0/0
/spttest/mixed_10K_4ey,165a,10240,0/0
/spttest/mixed_10K_4ez,165b,10240,0/0
/spttest/mixed_10K_4f0,165c,10240,0/0
/spttest/mixed_10K_4f1,165d,10240,0/0
/spttest/mixed_10K_4f2,165e,10240,0/0
/spttest/mixed_10K_4f3,165f,10240,0/0
/spttest/mixed_10K_4f4,1660,10240,0/0
/spttest/mixed_10K_4f5,1661,10240,0/0
/spttest/mixed_10K_4f6,1662,10240,0/0
/spttest/mixed_10K_4f7,1663,10240,0/0
/spttest/mixed_10K_4f8,1664,10240,0/0
/spttest/mixed_10K_4f9,1665,10240,0/0
/spttest/mixed_10K_4fa,1666,10240,0/0
/spttest/mixed_10K_4fb,1667,10240,0/0
/spttest/mixed_10K_4fc,1668,10240,0/0
/spttest/mixed_10K_4fd,1669,10240,0/0
/spttest/mixed_10K_4fe,166a,10240,0/0
/spttest/mixed_10K_4ff,166b,10240,0/0
/spttest/mixed_10K_4fg,166c,10240,0/0
/spttest/mixed_10K_4fh,166d,10240,0/0
/spttest/mixed_10K_4fi,166e,10240,0/0
/spttest/mixed_10K_4fj,166f,10240,0/0
/spttest/mixed_10K_4fk,1670,10240,0/0
/spttest/mixed_10K_4fl,1671,10240,0/0
/spttest/mixed_10K_4fm,1672,10240,0/0
/spttest/mixed_10K_4fn,1673,10240,0/0
/spttest/mixed_10K_4fo,1674,10240,0/0
/spttest/mixed_10K_4fp,1675,10240,0/0
/spttest/mixed_10K_4fq,1676,10240,0/0
/spttest/mixed_10K_4fr,1677,10240,0/0
/spttest/mixed_10K_4fs,1678,10240,0/0
/spttest/mixed_10K_4ft,1679,10240,0/0
/spttest/mixed_10K_4fu,167a,10240,0/0
/spttest/mixed_10K_4fv,167b,10240,0/0
/spttest/mixed_10K_4fw,167c,10240,0/0
/spttest/mixed_10K_4fx,167d,10240,0/0
/spttest/mixed_10K_4fy,167e,10240,0/0
/spttest/mixed_10K_4fz,167f,10240,0/0
/spttest/mixed_10K_4g0,1680,10240,0/0
/spttest/mixed_10K_4g1,1681,10240,0/0
/spttest/mixed_10K_4g2,1682,10240,0/0
/spttest/mixed_10K_4g3,1683,10240,0/0
/spttest/mixed_10K_4g4,1684,10240,0/0
/spttest/mixed_10K_4g5,1685,10240,0/0
/spttest/mixed_10K_4g6,1686,10240,0/0
/spttest/mixed_10K_4g7,1687,10240,0/0
/spttest/mixed_10K_4g8,1688,10240,0/0
/spttest/mixed_10K_4g9,1689,10240,0/0
/spttest/mixed_10K_4ga,168a,10240,0/0
/spttest/mixed_10K_4gb,168b,10240,0/0
/spttest/mixed_10K_4gc,168c,10240,0/0
/spttest/mixed_10K_4gd,168d,10240,0/0
/spttest/mixed_10K_4ge,168e,10240,0/0
/spttest/mixed_10K_4gf,168f,10240,0/0
/spttest/mixed_10K_4gg,1690,10240,0/0
/spttest/mixed_10K_4gh,1691,10240,0/0
/spttest/mixed_10K_4gi,1692,10240,0/0
/spttest/mixed_10K_4gj,1693,10240,0/0
/spttest/mixed_10K_4gk,1694,10240,0/0
/spttest/mixed_10K_4gl,1695,10240,0/0
/spttest/mixed_10K_4gm,1696,10240,0/0
/spttest/mixed_10K_4gn,1697,10240,0/0
/spttest/mixed_10K_4go,1698,10240,0/0
/spttest/mixed_10K_4gp,1699,10240,0/0
/spttest/mixed_10K_4gq,169a,10240,0/0
/spttest/mixed_10K_4gr,169b,10240,0/0
/spttest/mixed_10K_4gs,169c,10240,0/0
/spttest/mixed_10K_4gt,169d,10240,0/0
/spttest/mixed_10K_4gu,169e,10240,0/0
/spttest/mixed_10K_4gv,169f,10240,0/0
/spttest/mixed_10K_4gw,16a0,10240,0/0
/spttest/mixed_10K_4gx,16a1,10240,0/0
/spttest/mixed_10K_4gy,16a2,10240,0/0
/spttest/mixed_10K_4gz,16a3,10240,0/0
/spttest/mixed_10K_4h0,16a4,10240,0/0
/spttest/mixed_10K_4h1,16a5,10240,0/0
/spttest/mixed_10K_4h2,16a6,10240,0/0
/spttest/mixed_10K_4h3,16a7,10240,0/0
/spttest/mixed_10K_4h4,16a8,10240,0/0
/spttest/mixed_10K_4h5,16a9,10240,0/0
/spttest/mixed_10K_4h6,16aa,10240,0/0
/spttest/mixed_10K_4h7,16ab,10240,0/0
/spttest/mixed_10K_4h8,16ac,10240,0/0
/spttest/mixed_10K_4h9,16ad,10240,0/0
/spttest/mixed_10K_4ha,16ae,10240,0/0
/spttest/mixed_10K_4hb,16af,10240,0/0
/spttest/mixed_10K_4hc,16b0,10240,0/0
/spttest/mixed_10K_4hd,16b1,10240,0/0
/spttest/mixed_10K_4he,16b2,10240,0/0
/spttest/mixed_10K_4hf,16b3,10240,0/0
/spttest/mixed_10K_4hg,16b4,10240,0/0
/spttest/mixed_10K_4hh,16b5,10240,0/0
/spttest/mixed_10K_4hi,16b6,10240,0/0
/spttest/mixed_10K_4hj,16b7,10240,0/0
/spttest/mixed_10K_4hk,16b8,10240,0/0
/spttest/mixed_10K_4hl,16b9,10240,0/0
/spttest/mixed_10K_4hm,16ba,10240,0/0
/spttest/mixed_10K_4hn,16bb,10240,0/0
/spttest/mixed_10K_4ho,16bc,10240,0/0
/spttest/mixed_10K_4hp,16bd,10240,0/0
/spttest/mixed_10K_4hq,16be,10240,0/0
/spttest/mixed_10K_4hr,16bf,10240,0/0
/spttest/mixed_10K_4hs,16c0,10240,0/0
/spttest/mixed_10K_4ht,16c1,10240,0/0
/spttest/mixed_10K_4hu,16c2,10240,0/0
/spttest/mixed_10K_4hv,16c3,10240,0/0
/spttest/mixed_10K_4hw,16c4,10240,0/0
/spttest/mixed_10K_4hx,16c5,10240,0/0
/spttest/mixed_10K_4hy,16c6,10240,0/0
/spttest/mixed_10K_4hz,16c7,10240,0/0
/spttest/mixed_10K_4i0,16c8,10240,0/0
/spttest/mixed_10K_4i1,16c9,10240,0/0
/spttest/mixed_10K_4i2,16ca,10240,0/0
/spttest/mixed_10K_4i3,16cb,10240,0/0
/spttest/mixed_10K_4i4,16cc,10240,0/0
/spttest/mixed_10K_4i5,16cd,10240,0/0
/spttest/mixed_10K_4i6,16ce,10240,0/0
/spttest/mixed_10K_4i7,16cf,10240,0/0
/spttest/mixed_10K_4i8,16d0,10240,0/0
/spttest/mixed_10K_4i9,16d1,10240,0/0
/spttest/mixed_10K_4ia,16d2,10240,0/0
/spttest/mixed_10K_4ib,16d3,10240,0/0
/spttest/mixed_10K_4ic,16d4,10240,0/0
/spttest/mixed_10K_4id,16d5,10240,0/0
/spttest/mixed_10K_4ie,16d6,10240,0/0
/spttest/mixed_10K_4if,16d7,10240,0/0
/spttest/mixed_10K_4ig,16d8,10240,0/0
/spttest/mixed_10K_4ih,16d9,10240,0/0
/spttest/mixed_10K_4ii,16da,10240,0/0
/spttest/mixed_10K_4ij,16db,10240,0/0
/spttest/mixed_10K_4ik,16dc,10240,0/0
/spttest/mixed_10K_4il,16dd,10240,0/0
/spttest/mixed_10K_4im,16de,10240,0/0
/spttest/mixed_10K_4in,16df,10240,0/0
/spttest/mixed_10K_4io,16e0,10240,0/0
/spttest/mixed_10K_4ip,16e1,10240,0/0
/spttest/mixed_10K_4iq,16e2,10240,0/0
/spttest/mixed_10K_4ir,16e3,10240,0/0
/spttest/mixed_10K_4is,16e4,10240,0/0
/spttest/mixed_10K_4it,16e5,10240,0/0
/spttest/mixed_10K_4iu,16e6,10240,0/0
/spttest/mixed_10K_4iv,16e7,10240,0/0
/spttest/mixed_10K_4iw,16e8,10240,0/0
/spttest/mixed_10K_4ix,16e9,10240,0/0
/spttest/mixed_10K_4iy,16ea,10240,0/0
/spttest/mixed_10K_4iz,16eb,10240,0/0
/spttest/mixed_10K_4j0,16ec,10240,0/0
/spttest/mixed_10K_4j1,16ed,10240,0/0
/spttest/mixed_10K_4j2,16ee,10240,0/0
/spttest/mixed_10K_4j3,16ef,10240,0/0
/spttest/mixed_10K_4j4,16f0,10240,0/0
/spttest/mixed_10K_4j5,16f1,10240,0/0
/spttest/mixed_10K_4j6,16f2,10240,0/0
/spttest/mixed_10K_4j7,16f3,10240,0/0
/spttest/mixed_10K_4j8,16f4,10240,0/0
/spttest/mixed_10K_4j9,16f5,10240,0/0
/spttest/mixed_10K_4ja,16f6,10240,0/0
/spttest/mixed_10K_4jb,16f7,10240,0/0
/spttest/mixed_10K_4jc,16f8,10240,0/0
/spttest/mixed_10K_4jd,16f9,10240,0/0
/spttest/mixed_10K_4je,16fa,10240,0/0
/spttest/mixed_10K_4jf,16fb,10240,0/0
/spttest/mixed_10K_4jg,16fc,10240,0/0
/spttest/mixed_10K_4jh,16fd,10240,0/0
/spttest/mixed_10K_4ji,16fe,10240,0/0
/spttest/mixed_10K_4jj,16ff,10240,0/0
/spttest/mixed_10K_4jk,1700,10240,0/0
/spttest/mixed_10K_4jl,1701,10240,0/0
/spttest/mixed_10K_4jm,1702,10240,0/0
/spttest/mixed_10K_4jn,1703,10240,0/0
/spttest/mixed_10K_4jo,1704,10240,0/0
/spttest/mixed_10K_4jp,1705,10240,0/0
/spttest/mixed_10K_4jq,1706,10240,0/0
/spttest/mixed_10K_4jr,1707,10240,0/0
/spttest/mixed_10K_4js,1708,10240,0/0
/spttest/mixed_10K_4jt,1709,10240,0/0
/spttest/mixed_10K_4ju,170a,10240,0/0
/spttest/mixed_10K_4jv,170b,10240,0/0
/spttest/mixed_10K_4jw,170c,10240,0/0
/spttest/mixed_10K_4jx,170d,10240,0/0
/spttest/mixed_10K_4jy,170e,10240,0/0
/spttest/mixed_10K_4jz,170f,10240,0/0
/spttest/mixed_10K_4k0,1710,10240,0/0
/spttest/mixed_10K_4k1,1711,10240,0/0
/spttest/mixed_10K_4k2,1712,10240,0/0
/spttest/mixed_10K_4k3,1713,10240,0/0
/spttest/mixed_10K_4k4,1714,10240,0/0
/spttest/mixed_10K_4k5,1715,10240,0/0
/spttest/mixed_10K_4k6,1716,10240,0/0
/spttest/mixed_10K_4k7,1717,10240,0/0
/spttest/mixed_10K_4k8,1718,10240,0/0
/spttest/mixed_10K_4k9,1719,10240,0/0
/spttest/mixed_10K_4ka,171a,10240,0/0
/spttest/mixed_10K_4kb,171b,10240,0/0
/spttest/mixed_10K_4kc,171c,10240,0/0
/spttest/mixed_10K_4kd,171d,10240,0/0
/spttest/mixed_10K_4ke,171e,10240,0/0
/spttest/mixed_10K_4kf,171f,10240,0/0
/spttest/mixed_10K_4kg,1720,10240,0/0
/spttest/mixed_10K_4kh,1721,10240,0/0
/spttest/mixed_10K_4ki,1722,10240,0/0
/spttest/mixed_10K_4kj,1723,10240,0/0
/spttest/mixed_10K_4kk,1724,10240,0/0
/spttest/mixed_10K_4kl,1725,10240,0/0
/spttest/mixed_10K_4km,1726,10240,0/0
/spttest/mixed_10K_4kn,1727,10240,0/0
/spttest/mixed_10K_4ko,1728,10240,0/0
/spttest/mixed_10K_4kp,1729,10240,0/0
/spttest/mixed_10K_4kq,172a,10240,0/0
/spttest/mixed_10K_4kr,172b,10240,0/0
/spttest/mixed_10K_4ks,172c,10240,0/0
/spttest/mixed_10K_4kt,172d,10240,0/0
/spttest/mixed_10K_4ku,172e,10240,0/0
/spttest/mixed_10K_4kv,172f,10240,0/0
/spttest/mixed_10K_4kw,1730,10240,0/0
/spttest/mixed_10K_4kx,1731,10240,0/0
/spttest/mixed_10K_4ky,1732,10240,0/0
/spttest/mixed_10K_4kz,1733,10240,0/0
/spttest/mixed_10K_4l0,1734,10240,0/0
/spttest/mixed_10K_4l1,1735,10240,0/0
/spttest/mixed_10K_4l2,1736,10240,0/0
/spttest/mixed_10K_4l3,1737,10240,0/0
/spttest/mixed_10K_4l4,1738,10240,0/0
/spttest/mixed_10K_4l5,1739,10240,0/0
/spttest/mixed_10K_4l6,173a,10240,0/0
/spttest/mixed_10K_4l7,173b,10240,0/0
/spttest/mixed_10K_4l8,173c,10240,0/0
/spttest/mixed_10K_4l9,173d,10240,0/0
/spttest/mixed_10K_4la,173e,10240,0/0
/spttest/mixed_10K_4lb,173f,10240,0/0
/spttest/mixed_10K_4lc,1740,10240,0/0
/spttest/mixed_10K_4ld,1741,10240,0/0
/spttest/mixed_10K_4le,1742,10240,0/0
/spttest/mixed_10K_4lf,1743,10240,0/0
/spttest/mixed_10K_4lg,1744,10240,0/0
/spttest/mixed_10K_4lh,1745,10240,0/0
/spttest/mixed_10K_4li,1746,10240,0/0
/spttest/mixed_10K_4lj,1747,10240,0/0
/spttest/mixed_10K_4lk,1748,10240,0/0
/spttest/mixed_10K_4ll,1749,10240,0/0
/spttest/mixed_10K_4lm,174a,10240,0/0
/spttest/mixed_10K_4ln,174b,10240,0/0
/spttest/mixed_10K_4lo,174c,10240,0/0
/spttest/mixed_10K_4lp,174d,10240,0/0
/spttest/mixed_10K_4lq,174e,10240,0/0
/spttest/mixed_10K_4lr,174f,10240,0/0
/spttest/mixed_10K_4ls,1750,10240,0/0
/spttest/mixed_10K_4lt,1751,10240,0/0
/spttest/mixed_10K_4lu,1752,10240,0/0
/spttest/mixed_10K_4lv,1753,10240,0/0
/spttest/mixed_10K_4lw,1754,10240,0/0
/spttest/mixed_10K_4lx,1755,10240,0/0
/spttest/mixed_10K_4ly,1756,10240,0/0
/spttest/mixed_10K_4lz,1757,10240,0/0
/spttest/mixed_10K_4m0,1758,10240,0/0
/spttest/mixed_10K_4m1,1759,10240,0/0
/spttest/mixed_10K_4m2,175a,10240,0/0
/spttest/mixed_10K_4m3,175b,10240,0/0
/spttest/mixed_10K_4m4,175c,10240,0/0
/spttest/mixed_10K_4m5,175d,10240,0/0
/spttest/mixed_10K_4m6,175e,10240,0/0
/spttest/mixed_10K_4m7,175f,10240,0/0
/spttest/mixed_10K_4m8,1760,10240,0/0
/spttest/mixed_10K_4m9,1761,10240,0/0
/spttest/mixed_10K_4ma,1762,10240,0/0
/spttest/mixed_10K_4mb,1763,10240,0/0
/spttest/mixed_10K_4mc,1764,10240,0/0
/spttest/mixed_10K_4md,1765,10240,0/0
/spttest/mixed_10K_4me,1766,10240,0/0
/spttest/mixed_10K_4mf,1767,10240,0/0
/spttest/mixed_10K_4mg,1768,10240,0/0
/spttest/mixed_10K_4mh,1769,10240,0/0
/spttest/mixed_10K_4mi,176a,10240,0/0
/spttest/mixed_10K_4mj,176b,10240,0/0
/spttest/mixed_10K_4mk,176c,10240,0/0
/spttest/mixed_10K_4ml,176d,10240,0/0
/spttest/mixed_10K_4mm,176e,10240,0/0
/spttest/mixed_10K_4mn,176f,10240,0/0
/spttest/mixed_10K_4mo,1770,10240,0/0
/spttest/mixed_10K_4mp,1771,10240,0/0
/spttest/mixed_10K_4mq,1772,10240,0/0
/spttest/mixed_10K_4mr,1773,10240,0/0
/spttest/mixed_10K_4ms,1774,10240,0/0
/spttest/mixed_10K_4mt,1775,10240,0/0
/spttest/mixed_10K_4mu,1776,10240,0/0
/spttest/mixed_10K_4mv,1777,10240,0/0
/spttest/mixed_10K_4mw,1778,10240,0/0
/spttest/mixed_10K_4mx,1779,10240,0/0
/spttest/mixed_10K_4my,177a,10240,0/0
/spttest/mixed_10K_4mz,177b,10240,0/0
/spttest/mixed_10K_4n0,177c,10240,0/0
/spttest/mixed_10K_4n1,177d,10240,0/0
/spttest/mixed_10K_4n2,177e,10240,0/0
/spttest/mixed_10K_4n3,177f,10240,0/0
/spttest/mixed_10K_4n4,1780,10240,0/0
/spttest/mixed_10K_4n5,1781,10240,0/0
/spttest/mixed_10K_4n6,1782,10240,0/0
/spttest/mixed_10K_4n7,1783,10240,0/0
/spttest/mixed_10K_4n8,1784,10240,0/0
/spttest/mixed_10K_4n9,1785,10240,0/0
/spttest/mixed_10K_4na,1786,10240,0/0
/spttest/mixed_10K_4nb,1787,10240,0/0
/spttest/mixed_10K_4nc,1788,10240,0/0
/spttest/mixed_10K_4nd,1789,10240,0/0
/spttest/mixed_10K_4ne,178a,10240,0/0
/spttest/mixed_10K_4nf,178b,10240,0/0
/spttest/mixed_10K_4ng,178c,10240,0/0
/spttest/mixed_10K_4nh,178d,10240,0/0
/spttest/mixed_10K_4ni,178e,10240,0/0
/spttest/mixed_10K_4nj,178f,10240,0/0
/spttest/mixed_10K_4nk,1790,10240,0/0
/spttest/mixed_10K_4nl,1791,10240,0/0
/spttest/mixed_10K_4nm,1792,10240,0/0
/spttest/mixed_10K_4nn,1793,10240,0/0
/spttest/mixed_10K_4no,1794,10240,0/0
/spttest/mixed_10K_4np,1795,10240,0/0
/spttest/mixed_10K_4nq,1796,10240,0/0
/spttest/mixed_10K_4nr,1797,10240,0/0
/spttest/mixed_10K_4ns,1798,10240,0/0
/spttest/mixed_10K_4nt,1799,10240,0/0
/spttest/mixed_10K_4nu,179a,10240,0/0
/spttest/mixed_10K_4nv,179b,10240,0/0
/spttest/mixed_10K_4nw,179c,10240,0/0
/spttest/mixed_10K_4nx,179d,10240,0/0
/spttest/mixed_10K_4ny,179e,10240,0/0
/spttest/mixed_10K_4nz,179f,10240,0/0
/spttest/mixed_10K_4o0,17a0,10240,0/0
/spttest/mixed_10K_4o1,17a1,10240,0/0
/spttest/mixed_10K_4o2,17a2,10240,0/0
/spttest/mixed_10K_4o3,17a3,10240,0/0
/spttest/mixed_10K_4o4,17a4,10240,0/0
/spttest/mixed_10K_4o5,17a5,10240,0/0
/spttest/mixed_10K_4o6,17a6,10240,0/0
/spttest/mixed_10K_4o7,17a7,10240,0/0
/spttest/mixed_10K_4o8,17a8,10240,0/0
/spttest/mixed_10K_4o9,17a9,10240,0/0
/spttest/mixed_10K_4oa,17aa,10240,0/0
/spttest/mixed_10K_4ob,17ab,10240,0/0
/spttest/mixed_10K_4oc,17ac,10240,0/0
/spttest/mixed_10K_4od,17ad,10240,0/0
/spttest/mixed_10K_4oe,17ae,10240,0/0
/spttest/mixed_10K_4of,17af,10240,0/0
/spttest/mixed_10K_4og,17b0,10240,0/0
/spttest/mixed_10K_4oh,17b1,10240,0/0
/spttest/mixed_10K_4oi,17b2,10240,0/0
/spttest/mixed_10K_4oj,17b3,10240,0/0
/spttest/mixed_10K_4ok,17b4,10240,0/0
/spttest/mixed_10K_4ol,17b5,10240,0/0
/spttest/mixed_10K_4om,17b6,10240,0/0
/spttest/mixed_10K_4on,17b7,10240,0/0
/spttest/mixed_10K_4oo,17b8,10240,0/0
/spttest/mixed_10K_4op,17b9,10240,0/0
/spttest/mixed_10K_4oq,17ba,10240,0/0
/spttest/mixed_10K_4or,17bb,10240,0/0
/spttest/mixed_10K_4os,17bc,10240,0/0
/spttest/mixed_10K_4ot,17bd,10240,0/0
/spttest/mixed_10K_4ou,17be,10240,0/0
/spttest/mixed_10K_4ov,17bf,10240,0/0
/spttest/mixed_10K_4ow,17c0,10240,0/0
/spttest/mixed_10K_4ox,17c1,10240,0/0
/spttest/mixed_10K_4oy,17c2,10240,0/0
/spttest/mixed_10K_4oz,17c3,10240,0/0
/spttest/mixed_10K_4p0,17c4,10240,0/0
/spttest/mixed_10K_4p1,17c5,10240,0/0
/spttest/mixed_10K_4p2,17c6,10240,0/0
/spttest/mixed_10K_4p3,17c7,10240,0/0
/spttest/mixed_10K_4p4,17c8,10240,0/0
/spttest/mixed_10K_4p5,17c9,10240,0/0
/spttest/mixed_10K_4p6,17ca,10240,0/0
/spttest/mixed_10K_4p7,17cb,10240,0/0
/spttest/mixed_10K_4p8,17cc,10240,0/0
/spttest/mixed_10K_4p9,17cd,10240,0/0
/spttest/mixed_10K_4pa,17ce,10240,0/0
/spttest/mixed_10K_4pb,17cf,10240,0/0
/spttest/mixed_10K_4pc,17d0,10240,0/0
/spttest/mixed_10K_4pd,17d1,10240,0/0
/spttest/mixed_10K_4pe,17d2,10240,0/0
/spttest/mixed_10K_4pf,17d3,10240,0/0
/spttest/mixed_10K_4pg,17d4,10240,0/0
/spttest/mixed_10K_4ph,17d5,10240,0/0
/spttest/mixed_10K_4pi,17d6,10240,0/0
/spttest/mixed_10K_4pj,17d7,10240,0/0
/spttest/mixed_10K_4pk,17d8,10240,0/0
/spttest/mixed_10K_4pl,17d9,10240,0/0
/spttest/mixed_10K_4pm,17da,10240,0/0
/spttest/mixed_10K_4pn,17db,10240,0/0
/spttest/mixed_10K_4po,17dc,10240,0/0
/spttest/mixed_10K_4pp,17dd,10240,0/0
/spttest/mixed_10K_4pq,17de,10240,0/0
/spttest/mixed_10K_4pr,17df,10240,0/0
/spttest/mixed_10K_4ps,17e0,10240,0/0
/spttest/mixed_10K_4pt,17e1,10240,0/0
/spttest/mixed_10K_4pu,17e2,10240,0/0
/spttest/mixed_10K_4pv,17e3,10240,0/0
/spttest/mixed_10K_4pw,17e4,10240,0/0
/spttest/mixed_10K_4px,17e5,10240,0/0
/spttest/mixed_10K_4py,17e6,10240,0/0
/spttest/mixed_10K_4pz,17e7,10240,0/0
/spttest/mixed_10K_4q0,17e8,10240,0/0
/spttest/mixed_10K_4q1,17e9,10240,0/0
/spttest/mixed_10K_4q2,17ea,10240,0/0
/spttest/mixed_10K_4q3,17eb,10240,0/0
/spttest/mixed_10K_4q4,17ec,10240,0/0
/spttest/mixed_10K_4q5,17ed,10240,0/0
/spttest/mixed_10K_4q6,17ee,10240,0/0
/spttest/mixed_10K_4q7,17ef,10240,0/0
/spttest/mixed_10K_4q8,17f0,10240,0/0
/spttest/mixed_10K_4q9,17f1,10240,0/0
/spttest/mixed_10K_4qa,17f2,10240,0/0
/spttest/mixed_10K_4qb,17f3,10240,0/0
/spttest/mixed_10K_4qc,17f4,10240,0/0
/spttest/mixed_10K_4qd,17f5,10240,0/0
/spttest/mixed_10K_4qe,17f6,10240,0/0
/spttest/mixed_10K_4qf,17f7,10240,0/0
/spttest/mixed_10K_4qg,17f8,10240,0/0
/spttest/mixed_10K_4qh,17f9,10240,0/0
/spttest/mixed_10K_4qi,17fa,10240,0/0
/spttest/mixed_10K_4qj,17fb,10240,0/0
/spttest/mixed_10K_4qk,17fc,10240,0/0
/spttest/mixed_10K_4ql,17fd,10240,0/0
/spttest/mixed_10K_4qm,17fe,10240,0/0
/spttest/mixed_10K_4qn,17ff,10240,0/0
/spttest/mixed_10K_4qo,1800,10240,0/0
/spttest/mixed_10K_4qp,1801,10240,0/0
/spttest/mixed_10K_4qq,1802,10240,0/0
/spttest/mixed_10K_4qr,1803,10240,0/0
/spttest/mixed_10K_4qs,1804,10240,0/0
/spttest/mixed_10K_4qt,1805,10240,0/0
/spttest/mixed_10K_4qu,1806,10240,0/0
/spttest/mixed_10K_4qv,1807,10240,0/0
/spttest/mixed_10K_4qw,1808,10240,0/0
/spttest/mixed_10K_4qx,1809,10240,0/0
/spttest/mixed_10K_4qy,180a,10240,0/0
/spttest/mixed_10K_4qz,180b,10240,0/0
/spttest/mixed_10K_4r0,180c,10240,0/0
/spttest/mixed_10K_4r1,180d,10240,0/0
/spttest/mixed_10K_4r2,180e,10240,0/0
/spttest/mixed_10K_4r3,180f,10240,0/0
/spttest/mixed_10K_4r4,1810,10240,0/0
/spttest/mixed_10K_4r5,1811,10240,0/0
/spttest/mixed_10K_4r6,1812,10240,0/0
/spttest/mixed_10K_4r7,1813,10240,0/0
/spttest/mixed_10K_4r8,1814,10240,0/0
/spttest/mixed_10K_4r9,1815,10240,0/0
/spttest/mixed_10K_4ra,1816,10240,0/0
/spttest/mixed_10K_4rb,1817,10240,0/0
/spttest/mixed_10K_4rc,1818,10240,0/0
/spttest/mixed_10K_4rd,1819,10240,0/0
/spttest/mixed_10K_4re,181a,10240,0/0
/spttest/mixed_10K_4rf,181b,10240,0/0
/spttest/mixed_10K_4rg,181c,10240,0/0
/spttest/mixed_10K_4rh,181d,10240,0/0
/spttest/mixed_10K_4ri,181e,10240,0/0
/spttest/mixed_10K_4rj,181f,10240,0/0
/spttest/mixed_10K_4rk,1820,10240,0/0
/spttest/mixed_10K_4rl,1821,10240,0/0
/spttest/mixed_10K_4rm,1822,10240,0/0
/spttest/mixed_10K_4rn,1823,10240,0/0
/spttest/mixed_10K_4ro,1824,10240,0/0
/spttest/mixed_10K_4rp,1825,10240,0/0
/spttest/mixed_10K_4rq,1826,10240,0/0
/spttest/mixed_10K_4rr,1827,10240,0/0
/spttest/mixed_10K_4rs,1828,10240,0/0
/spttest/mixed_10K_4rt,1829,10240,0/0
/spttest/mixed_10K_4ru,182a,10240,0/0
/spttest/mixed_10K_4rv,182b,10240,0/0
/spttest/mixed_10K_4rw,182c,10240,0/0
/spttest/mixed_10K_4rx,182d,10240,0/0
/spttest/mixed_10K_4ry,182e,10240,0/0
/spttest/mixed_10K_4rz,182f,10240,0/0
/spttest/mixed_10K_4s0,1830,10240,0/0
/spttest/mixed_10K_4s1,1831,10240,0/0
/spttest/mixed_10K_4s2,1832,10240,0/0
/spttest/mixed_10K_4s3,1833,10240,0/0
/spttest/mixed_10K_4s4,1834,10240,0/0
/spttest/mixed_10K_4s5,1835,10240,0/0
/spttest/mixed_10K_4s6,1836,10240,0/0
/spttest/mixed_10K_4s7,1837,10240,0/0
/spttest/mixed_10K_4s8,1838,10240,0/0
/spttest/mixed_10K_4s9,1839,10240,0/0
/spttest/mixed_10K_4sa,183a,10240,0/0
/spttest/mixed_10K_4sb,183b,10240,0/0
/spttest/mixed_10K_4sc,183c,10240,0/0
/spttest/mixed_10K_4sd,183d,10240,0/0
/spttest/mixed_10K_4se,183e,10240,0/0
/spttest/mixed_10K_4sf,183f,10240,0/0
/spttest/mixed_10K_4sg,1840,10240,0/0
/spttest/mixed_10K_4sh,1841,10240,0/0
/spttest/mixed_10K_4si,1842,10240,0/0
/spttest/mixed_10K_4sj,1843,10240,0/0
/spttest/mixed_10K_4sk,1844,10240,0/0
/spttest/mixed_10K_4sl,1845,10240,0/0
/spttest/mixed_10K_4sm,1846,10240,0/0
/spttest/mixed_10K_4sn,1847,10240,0/0
/spttest/mixed_10K_4so,1848,10240,0/0
/spttest/mixed_10K_4sp,1849,10240,0/0
/spttest/mixed_10K_4sq,184a,10240,0/0
/spttest/mixed_10K_4sr,184b,10240,0/0
/spttest/mixed_10K_4ss,184c,10240,0/0
/spttest/mixed_10K_4st,184d,10240,0/0
/spttest/mixed_10K_4su,184e,10240,0/0
/spttest/mixed_10K_4sv,184f,10240,0/0
/spttest/mixed_10K_4sw,1850,10240,0/0
/spttest/mixed_10K_4sx,1851,10240,0/0
/spttest/mixed_10K_4sy,1852,10240,0/0
/spttest/mixed_10K_4sz,1853,10240,0/0
/spttest/mixed_10K_4t0,1854,10240,0/0
/spttest/mixed_10K_4t1,1855,10240,0/0
/spttest/mixed_10K_4t2,1856,10240,0/0
/spttest/mixed_10K_4t3,1857,10240,0/0
/spttest/mixed_10K_4t4,1858,10240,0/0
/spttest/mixed_10K_4t5,1859,10240,0/0
/spttest/mixed_10K_4t6,185a,10240,0/0
/spttest/mixed_10K_4t7,185b,10240,0/0
/spttest/mixed_10K_4t8,185c,10240,0/0
/spttest/mixed_10K_4t9,185d,10240,0/0
/spttest/mixed_10K_4ta,185e,10240,0/0
/spttest/mixed_10K_4tb,185f,10240,0/0
/spttest/mixed_10K_4tc,1860,10240,0/0
/spttest/mixed_10K_4td,1861,10240,0/0
/spttest/mixed_10K_4te,1862,10240,0/0
/spttest/mixed_10K_4tf,1863,10240,0/0
/spttest/mixed_10K_4tg,1864,10240,0/0
/spttest/mixed_10K_4th,1865,10240,0/0
/spttest/mixed_10K_4ti,1866,10240,0/0
/spttest/mixed_10K_4tj,1867,10240,0/0
/spttest/mixed_10K_4tk,1868,10240,0/0
/spttest/mixed_10K_4tl,1869,10240,0/0
/spttest/mixed_10K_4tm,186a,10240,0/0
/spttest/mixed_10K_4tn,186b,10240,0/0
/spttest/mixed_10K_4to,186c,10240,0/0
/spttest/mixed_10K_4tp,186d,10240,0/0
/spttest/mixed_10K_4tq,186e,10240,0/0
/spttest/mixed_10K_4tr,186f,10240,0/0
/spttest/mixed_10K_4ts,1870,10240,0/0
/spttest/mixed_10K_4tt,1871,10240,0/0
/spttest/mixed_10K_4tu,1872,10240,0/0
/spttest/mixed_10K_4tv,1873,10240,0/0
/spttest/mixed_10K_4tw,1874,10240,0/0
/spttest/mixed_10K_4tx,1875,10240,0/0
/spttest/mixed_10K_4ty,1876,10240,0/0
/spttest/mixed_10K_4tz,1877,10240,0/0
/spttest/mixed_10K_4u0,1878,10240,0/0
/spttest/mixed_10K_4u1,1879,10240,0/0
/spttest/mixed_10K_4u2,187a,10240,0/0
/spttest/mixed_10K_4u3,187b,10240,0/0
/spttest/mixed_10K_4u4,187c,10240,0/0
/spttest/mixed_10K_4u5,187d,10240,0/0
/spttest/mixed_10K_4u6,187e,10240,0/0
/spttest/mixed_10K_4u7,187f,10240,0/0
/spttest/mixed_10K_4u8,1880,10240,0/0
/spttest/mixed_10K_4u9,1881,10240,0/0
/spttest/mixed_10K_4ua,1882,10240,0/0
/spttest/mixed_10K_4ub,1883,10240,0/0
/spttest/mixed_10K_4uc,1884,10240,0/0
/spttest/mixed_10K_4ud,1885,10240,0/0
/spttest/mixed_10K_4ue,1886,10240,0/0
/spttest/mixed_10K_4uf,1887,10240,0/0
/spttest/mixed_10K_4ug,1888,10240,0/0
/spttest/mixed_10K_4uh,1889,10240,0/0
/spttest/mixed_10K_4ui,188a,10240,0/0
/spttest/mixed_10K_4uj,188b,10240,0/0
/spttest/mixed_10K_4uk,188c,10240,0/0
/spttest/mixed_10K_4ul,188d,10240,0/0
/spttest/mixed_10K_4um,188e,10240,0/0
/spttest/mixed_10K_4un,188f,10240,0/0
/spttest/mixed_10K_4uo,1890,10240,0/0
/spttest/mixed_10K_4up,1891,10240,0/0
/spttest/mixed_10K_4uq,1892,10240,0/0
/spttest/mixed_10K_4ur,1893,10240,0/0
/spttest/mixed_10K_4us,1894,10240,0/0
/spttest/mixed_10K_4ut,1895,10240,0/0
/spttest/mixed_10K_4uu,1896,10240,0/0
/spttest/mixed_10K_4uv,1897,10240,0/0
/spttest/mixed_10K_4uw,1898,10240,0/0
/spttest/mixed_10K_4ux,1899,10240,0/0
/spttest/mixed_10K_4uy,189a,10240,0/0
/spttest/mixed_10K_4uz,189b,10240,0/0
/spttest/mixed_10K_4v0,189c,10240,0/0
/spttest/mixed_10K_4v1,189d,10240,0/0
/spttest/mixed_10K_4v2,189e,10240,0/0
/spttest/mixed_10K_4v3,189f,10240,0/0
/spttest/mixed_10K_4v4,18a0,10240,0/0
/spttest/mixed_10K_4v5,18a1,10240,0/0
/spttest/mixed_10K_4v6,18a2,10240,0/0
/spttest/mixed_10K_4v7,18a3,10240,0/0
/spttest/mixed_10K_4v8,18a4,10240,0/0
/spttest/mixed_10K_4v9,18a5,10240,0/0
/spttest/mixed_10K_4va,18a6,10240,0/0
/spttest/mixed_10K_4vb,18a7,10240,0/0
/spttest/mixed_10K_4vc,18a8,10240,0/0
/spttest/mixed_10K_4vd,18a9,10240,0/0
/spttest/mixed_10K_4ve,18aa,10240,0/0
/spttest/mixed_10K_4vf,18ab,10240,0/0
/spttest/mixed_10K_4vg,18ac,10240,0/0
/spttest/mixed_10K_4vh,18ad,10240,0/0
/spttest/mixed_10K_4vi,18ae,10240,0/0
/spttest/mixed_10K_4vj,18af,10240,0/0
/spttest/mixed_10K_4vk,18b0,10240,0/0
/spttest/mixed_10K_4vl,18b1,10240,0/0
/spttest/mixed_10K_4vm,18b2,10240,0/0
/spttest/mixed_10K_4vn,18b3,10240,0/0
/spttest/mixed_10K_4vo,18b4,10240,0/0
/spttest/mixed_10K_4vp,18b5,10240,0/0
/spttest/mixed_10K_4vq,18b6,10240,0/0
/spttest/mixed_10K_4vr,18b7,10240,0/0
/spttest/mixed_10K_4vs,18b8,10240,0/0
/spttest/mixed_10K_4vt,18b9,10240,0/0
/spttest/mixed_10K_4vu,18ba,10240,0/0
/spttest/mixed_10K_4vv,18bb,10240,0/0
/spttest/mixed_10K_4vw,18bc,10240,0/0
/spttest/mixed_10K_4vx,18bd,10240,0/0
/spttest/mixed_10K_4vy,18be,10240,0/0
/spttest/mixed_10K_4vz,18bf,10240,0/0
/spttest/mixed_10K_4w0,18c0,10240,0/0
/spttest/mixed_10K_4w1,18c1,10240,0/0
/spttest/mixed_10K_4w2,18c2,10240,0/0
/spttest/mixed_10K_4w3,18c3,10240,0/0
/spttest/mixed_10K_4w4,18c4,10240,0/0
/spttest/mixed_10K_4w5,18c5,10240,0/0
/spttest/mixed_10K_4w6,18c6,10240,0/0
/spttest/mixed_10K_4w7,18c7,10240,0/0
/spttest/mixed_10K_4w8,18c8,10240,0/0
/spttest/mixed_10K_4w9,18c9,10240,0/0
/spttest/mixed_10K_4wa,18ca,10240,0/0
/spttest/mixed_10K_4wb,18cb,10240,0/0
/spttest/mixed_10K_4wc,18cc,10240,0/0
/spttest/mixed_10K_4wd,18cd,10240,0/0
/spttest/mixed_10K_4we,18ce,10240,0/0
/spttest/mixed_10K_4wf,18cf,10240,0/0
/spttest/mixed_10K_4wg,18d0,10240,0/0
/spttest/mixed_10K_4wh,18d1,10240,0/0
/spttest/mixed_10K_4wi,18d2,10240,0/0
/spttest/mixed_10K_4wj,18d3,10240,0/0
/spttest/mixed_10K_4wk,18d4,10240,0/0
/spttest/mixed_10K_4wl,18d5,10240,0/0
/spttest/mixed_10K_4wm,18d6,10240,0/0
/spttest/mixed_10K_4wn,18d7,10240,0/0
/spttest/mixed_10K_4wo,18d8,10240,0/0
/spttest/mixed_10K_4wp,18d9,10240,0/0
/spttest/mixed_10K_4wq,18da,10240,0/0
/spttest/mixed_10K_4wr,18db,10240,0/0
/spttest/mixed_10K_4ws,18dc,10240,0/0
/spttest/mixed_10K_4wt,18dd,10240,0/0
/spttest/mixed_10K_4wu,18de,10240,0/0
/spttest/mixed_10K_4wv,18df,10240,0/0
/spttest/mixed_10K_4ww,18e0,10240,0/0
/spttest/mixed_10K_4wx,18e1,10240,0/0
/spttest/mixed_10K_4wy,18e2,10240,0/0
/spttest/mixed_10K_4wz,18e3,10240,0/0
/spttest/mixed_10K_4x0,18e4,10240,0/0
/spttest/mixed_10K_4x1,18e5,10240,0/0
/spttest/mixed_10K_4x2,18e6,10240,0/0
/spttest/mixed_10K_4x3,18e7,10240,0/0
/spttest/mixed_10K_4x4,18e8,10240,0/0
/spttest/mixed_10K_4x5,18e9,10240,0/0
/spttest/mixed_10K_4x6,18ea,10240,0/0
/spttest/mixed_10K_4x7,18eb,10240,0/0
/spttest/mixed_10K_4x8,18ec,10240,0/0
/spttest/mixed_10K_4x9,18ed,10240,0/0
/spttest/mixed_10K_4xa,18ee,10240,0/0
/spttest/mixed_10K_4xb,18ef,10240,0/0
/spttest/mixed_10K_4xc,18f0,10240,0/0
/spttest/mixed_10K_4xd,18f1,10240,0/0
/spttest/mixed_10K_4xe,18f2,10240,0/0
/spttest/mixed_10K_4xf,18f3,10240,0/0
/spttest/mixed_10K_4xg,18f4,10240,0/0
/spttest/mixed_10K_4xh,18f5,10240,0/0
/spttest/mixed_10K_4xi,18f6,10240,0/0
/spttest/mixed_10K_4xj,18f7,10240,0/0
/spttest/mixed_10K_4xk,18f8,10240,0/0
/spttest/mixed_10K_4xl,18f9,10240,0/0
/spttest/mixed_10K_4xm,18fa,10240,0/0
/spttest/mixed_10K_4xn,18fb,10240,0/0
/spttest/mixed_10K_4xo,18fc,10240,0/0
/spttest/mixed_10K_4xp,18fd,10240,0/0
/spttest/mixed_10K_4xq,18fe,10240,0/0
/spttest/mixed_10K_4xr,18ff,10240,0/0
/spttest/mixed_10K_4xs,1900,10240,0/0
/spttest/mixed_10K_4xt,1901,10240,0/0
/spttest/mixed_10K_4xu,1902,10240,0/0
/spttest/mixed_10K_4xv,1903,10240,0/0
/spttest/mixed_10K_4xw,1904,10240,0/0
/spttest/mixed_10K_4xx,1905,10240,0/0
/spttest/mixed_10K_4xy,1906,10240,0/0
/spttest/mixed_10K_4xz,1907,10240,0/0
/spttest/mixed_10K_4y0,1908,10240,0/0
/spttest/mixed_10K_4y1,1909,10240,0/0
/spttest/mixed_10K_4y2,190a,10240,0/0
/spttest/mixed_10K_4y3,190b,10240,0/0
/spttest/mixed_10K_4y4,190c,10240,0/0
/spttest/mixed_10K_4y5,190d,10240,0/0
/spttest/mixed_10K_4y6,190e,10240,0/0
/spttest/mixed_10K_4y7,190f,10240,0/0
/spttest/mixed_10K_4y8,1910,10240,0/0
/spttest/mixed_10K_4y9,1911,10240,0/0
/spttest/mixed_10K_4ya,1912,10240,0/0
/spttest/mixed_10K_4yb,1913,10240,0/0
/spttest/mixed_10K_4yc,1914,10240,0/0
/spttest/mixed_10K_4yd,1915,10240,0/0
/spttest/mixed_10K_4ye,1916,10240,0/0
/spttest/mixed_10K_4yf,1917,10240,0/0
/spttest/mixed_10K_4yg,1918,10240,0/0
/spttest/mixed_10K_4yh,1919,10240,0/0
/spttest/mixed_10K_4yi,191a,10240,0/0
/spttest/mixed_10K_4yj,191b,10240,0/0
/spttest/mixed_10K_4yk,191c,10240,0/0
/spttest/mixed_10K_4yl,191d,10240,0/0
/spttest/mixed_10K_4ym,191e,10240,0/0
/spttest/mixed_10K_4yn,191f,10240,0/0
/spttest/mixed_10K_4yo,1920,10240,0/0
/spttest/mixed_10K_4yp,1921,10240,0/0
/spttest/mixed_10K_4yq,1922,10240,0/0
/spttest/mixed_10K_4yr,1923,10240,0/0
/spttest/mixed_10K_4ys,1924,10240,0/0
/spttest/mixed_10K_4yt,1925,10240,0/0
/spttest/mixed_10K_4yu,1926,10240,0/0
/spttest/mixed_10K_4yv,1927,10240,0/0
/spttest/mixed_10K_4yw,1928,10240,0/0
/spttest/mixed_10K_4yx,1929,10240,0/0
/spttest/mixed_10K_4yy,192a,10240,0/0
/spttest/mixed_10K_4yz,192b,10240,0/0
/spttest/mixed_10K_4z0,192c,10240,0/0
/spttest/mixed_10K_4z1,192d,10240,0/0
/spttest/mixed_10K_4z2,192e,10240,0/0
/spttest/mixed_10K_4z3,192f,10240,0/0
/spttest/mixed_10K_4z4,1930,10240,0/0
/spttest/mixed_10K_4z5,1931,10240,0/0
/spttest/mixed_10K_4z6,1932,10240,0/0
/spttest/mixed_10K_4z7,1933,10240,0/0
/spttest/mixed_10K_4z8,1934,10240,0/0
/spttest/mixed_10K_4z9,1935,10240,0/0
/spttest/mixed_10K_4za,1936,10240,0/0
/spttest/mixed_10K_4zb,1937,10240,0/0
/spttest/mixed_10K_4zc,1938,10240,0/0
/spttest/mixed_10K_4zd,1939,10240,0/0
/spttest/mixed_10K_4ze,193a,10240,0/0
/spttest/mixed_10K_4zf,193b,10240,0/0
/spttest/mixed_10K_4zg,193c,10240,0/0
/spttest/mixed_10K_4zh,193d,10240,0/0
/spttest/mixed_10K_4zi,193e,10240,0/0
/spttest/mixed_10K_4zj,193f,10240,0/0
/spttest/mixed_10K_4zk,1940,10240,0/0
/spttest/mixed_10K_4zl,1941,10240,0/0
/spttest/mixed_10K_4zm,1942,10240,0/0
/spttest/mixed_10K_4zn,1943,10240,0/0
/spttest/mixed_10K_4zo,1944,10240,0/0
/spttest/mixed_10K_4zp,1945,10240,0/0
/spttest/mixed_10K_4zq,1946,10240,0/0
/spttest/mixed_10K_4zr,1947,10240,0/0
/spttest/mixed_10K_4zs,1948,10240,0/0
/spttest/mixed_10K_4zt,1949,10240,0/0
/spttest/mixed_10K_4zu,194a,10240,0/0
/spttest/mixed_10K_4zv,194b,10240,0/0
/spttest/mixed_10K_4zw,194c,10240,0/0
/spttest/mixed_10K_4zx,194d,10240,0/0
/spttest/mixed_10K_4zy,194e,10240,0/0
/spttest/mixed_10K_4zz,194f,10240,0/0
/spttest/mixed_10K_500,1950,10240,0/0
/spttest/mixed_10K_501,1951,10240,0/0
/spttest/mixed_10K_502,1952,10240,0/0
/spttest/mixed_10K_503,1953,10240,0/0
/spttest/mixed_10K_504,1954,10240,0/0
/spttest/mixed_10K_505,1955,10240,0/0
/spttest/mixed_10K_506,1956,10240,0/0
/spttest/mixed_10K_507,1957,10240,0/0
/spttest/mixed_10K_508,1958,10240,0/0
/spttest/mixed_10K_509,1959,10240,0/0
/spttest/mixed_10K_50a,195a,10240,0/0
/spttest/mixed_10K_50b,195b,10240,0/0
/spttest/mixed_10K_50c,195c,10240,0/0
/spttest/mixed_10K_50d,195d,10240,0/0
/spttest/mixed_10K_50e,195e,10240,0/0
/spttest/mixed_10K_50f,195f,10240,0/0
/spttest/mixed_10K_50g,1960,10240,0/0
/spttest/mixed_10K_50h,1961,10240,0/0
/spttest/mixed_10K_50i,1962,10240,0/0
/spttest/mixed_10K_50j,1963,10240,0/0
/spttest/mixed_10K_50k,1964,10240,0/0
/spttest/mixed_10K_50l,1965,10240,0/0
/spttest/mixed_10K_50m,1966,10240,0/0
/spttest/mixed_10K_50n,1967,10240,0/0
/spttest/mixed_10K_50o,1968,10240,0/0
/spttest/mixed_10K_50p,1969,10240,0/0
/spttest/mixed_10K_50q,196a,10240,0/0
/spttest/mixed_10K_50r,196b,10240,0/0
/spttest/mixed_10K_50s,196c,10240,0/0
/spttest/mixed_10K_50t,196d,10240,0/0
/spttest/mixed_10K_50u,196e,10240,0/0
/spttest/mixed_10K_50v,196f,10240,0/0
/spttest/mixed_10K_50w,1970,10240,0/0
/spttest/mixed_10K_50x,1971,10240,0/0
/spttest/mixed_10K_50y,1972,10240,0/0
/spttest/mixed_10K_50z,1973,10240,0/0
/spttest/mixed_10K_510,1974,10240,0/0
/spttest/mixed_10K_511,1975,10240,0/0
/spttest/mixed_10K_512,1976,10240,0/0
/spttest/mixed_10K_513,1977,10240,0/0
/spttest/mixed_10K_514,1978,10240,0/0
/spttest/mixed_10K_515,1979,10240,0/0
/spttest/mixed_10K_516,197a,10240,0/0
/spttest/mixed_10K_517,197b,10240,0/0
/spttest/mixed_10K_518,197c,10240,0/0
/spttest/mixed_10K_519,197d,10240,0/0
/spttest/mixed_10K_51a,197e,10240,0/0
/spttest/mixed_10K_51b,197f,10240,0/0
/spttest/mixed_10K_51c,1980,10240,0/0
/spttest/mixed_10K_51d,1981,10240,0/0
/spttest/mixed_10K_51e,1982,10240,0/0
/spttest/mixed_10K_51f,1983,10240,0/0
/spttest/mixed_10K_51g,1984,10240,0/0
/spttest/mixed_10K_51h,1985,10240,0/0
/spttest/mixed_10K_51i,1986,10240,0/0
/spttest/mixed_10K_51j,1987,10240,0/0
/spttest/mixed_10K_51k,1988,10240,0/0
/spttest/mixed_10K_51l,1989,10240,0/0
/spttest/mixed_10K_51m,198a,10240,0/0
/spttest/mixed_10K_51n,198b,10240,0/0
/spttest/mixed_10K_51o,198c,10240,0/0
/spttest/mixed_10K_51p,198d,10240,0/0
/spttest/mixed_10K_51q,198e,10240,0/0
/spttest/mixed_10K_51r,198f,10240,0/0
/spttest/mixed_10K_51s,1990,10240,0/0
/spttest/mixed_10K_51t,1991,10240,0/0
/spttest/mixed_10K_51u,1992,10240,0/0
/spttest/mixed_10K_51v,1993,10240,0/0
/spttest/mixed_10K_51w,1994,10240,0/0
/spttest/mixed_10K_51x,1995,10240,0/0
/spttest/mixed_10K_51y,1996,10240,0/0
/spttest/mixed_10K_51z,1997,10240,0/0
/spttest/mixed_10K_520,1998,10240,0/0
/spttest/mixed_10K_521,1999,10240,0/0
/spttest/mixed_10K_522,199a,10240,0/0
/spttest/mixed_10K_523,199b,10240,0/0
/spttest/mixed_10K_524,199c,10240,0/0
/spttest/mixed_10K_525,199d,10240,0/0
/spttest/mixed_10K_526,199e,10240,0/0
/spttest/mixed_10K_527,199f,10240,0/0
/spttest/mixed_10K_528,19a0,10240,0/0
/spttest/mixed_10K_529,19a1,10240,0/0
/spttest/mixed_10K_52a,19a2,10240,0/0
/spttest/mixed_10K_52b,19a3,10240,0/0
/spttest/mixed_10K_52c,19a4,10240,0/0
/spttest/mixed_10K_52d,19a5,10240,0/0
/spttest/mixed_10K_52e,19a6,10240,0/0
/spttest/mixed_10K_52f,19a7,10240,0/0
/spttest/mixed_10K_52g,19a8,10240,0/0
/spttest/mixed_10K_52h,19a9,10240,0/0
/spttest/mixed_10K_52i,19aa,10240,0/0
/spttest/mixed_10K_52j,19ab,10240,0/0
/spttest/mixed_10K_52k,19ac,10240,0/0
/spttest/mixed_10K_52l,19ad,10240,0/0
/spttest/mixed_10K_52m,19ae,10240,0/0
/spttest/mixed_10K_52n,19af,10240,0/0
/spttest/mixed_10K_52o,19b0,10240,0/0
/spttest/mixed_10K_52p,19b1,10240,0/0
/spttest/mixed_10K_52q,19b2,10240,0/0
/spttest/mixed_10K_52r,19b3,10240,0/0
/spttest/mixed_10K_52s,19b4,10240,0/0
/spttest/mixed_10K_52t,19b5,10240,0/0
/spttest/mixed_10K_52u,19b6,10240,0/0
/spttest/mixed_10K_52v,19b7,10240,0/0
/spttest/mixed_10K_52w,19b8,10240,0/0
/spttest/mixed_10K_52x,19b9,10240,0/0
/spttest/mixed_10K_52y,19ba,10240,0/0
/spttest/mixed_10K_52z,19bb,10240,0/0
/spttest/mixed_10K_530,19bc,10240,0/0
/spttest/mixed_10K_531,19bd,10240,0/0
/spttest/mixed_10K_532,19be,10240,0/0
/spttest/mixed_10K_533,19bf,10240,0/0
/spttest/mixed_10K_534,19c0,10240,0/0
/spttest/mixed_10K_535,19c1,10240,0/0
/spttest/mixed_10K_536,19c2,10240,0/0
/spttest/mixed_10K_537,19c3,10240,0/0
/spttest/mixed_10K_538,19c4,10240,0/0
/spttest/mixed_10K_539,19c5,10240,0/0
/spttest/mixed_10K_53a,19c6,10240,0/0
/spttest/mixed_10K_53b,19c7,10240,0/0
/spttest/mixed_10K_53c,19c8,10240,0/0
/spttest/mixed_10K_53d,19c9,10240,0/0
/spttest/mixed_10K_53e,19ca,10240,0/0
/spttest/mixed_10K_53f,19cb,10240,0/0
/spttest/mixed_10K_53g,19cc,10240,0/0
/spttest/mixed_10K_53h,19cd,10240,0/0
/spttest/mixed_10K_53i,19ce,10240,0/0
/spttest/mixed_10K_53j,19cf,10240,0/0
/spttest/mixed_10K_53k,19d0,10240,0/0
/spttest/mixed_10K_53l,19d1,10240,0/0
/spttest/mixed_10K_53m,19d2,10240,0/0
/spttest/mixed_10K_53n,19d3,10240,0/0
/spttest/mixed_10K_53o,19d4,10240,0/0
/spttest/mixed_10K_53p,19d5,10240,0/0
/spttest/mixed_10K_53q,19d6,10240,0/0
/spttest/mixed_10K_53r,19d7,10240,0/0
/spttest/mixed_10K_53s,19d8,10240,0/0
/spttest/mixed_10K_53t,19d9,10240,0/0
/spttest/mixed_10K_53u,19da,10240,0/0
/spttest/mixed_10K_53v,19db,10240,0/0
/spttest/mixed_10K_53w,19dc,10240,0/0
/spttest/mixed_10K_53x,19dd,10240,0/0
/spttest/mixed_10K_53y,19de,10240,0/0
/spttest/mixed_10K_53z,19df,10240,0/0
/spttest/mixed_10K_540,19e0,10240,0/0
/spttest/mixed_10K_541,19e1,10240,0/0
/spttest/mixed_10K_542,19e2,10240,0/0
/spttest/mixed_10K_543,19e3,10240,0/0
/spttest/mixed_10K_544,19e4,10240,0/0
/spttest/mixed_10K_545,19e5,10240,0/0
/spttest/mixed_10K_546,19e6,10240,0/0
/spttest/mixed_10K_547,19e7,10240,0/0
/spttest/mixed_10K_548,19e8,10240,0/0
/spttest/mixed_10K_549,19e9,10240,0/0
/spttest/mixed_10K_54a,19ea,10240,0/0
/spttest/mixed_10K_54b,19eb,10240,0/0
/spttest/mixed_10K_54c,19ec,10240,0/0
/spttest/mixed_10K_54d,19ed,10240,0/0
/spttest/mixed_10K_54e,19ee,10240,0/0
/spttest/mixed_10K_54f,19ef,10240,0/0
/spttest/mixed_10K_54g,19f0,10240,0/0
/spttest/mixed_10K_54h,19f1,10240,0/0
/spttest/mixed_10K_54i,19f2,10240,0/0
/spttest/mixed_10K_54j,19f3,10240,0/0
/spttest/mixed_10K_54k,19f4,10240,0/0
/spttest/mixed_10K_54l,19f5,10240,0/0
/spttest/mixed_10K_54m,19f6,10240,0/0
/spttest/mixed_10K_54n,19f7,10240,0/0
/spttest/mixed_10K_54o,19f8,10240,0/0
/spttest/mixed_10K_54p,19f9,10240,0/0
/spttest/mixed_10K_54q,19fa,10240,0/0
/spttest/mixed_10K_54r,19fb,10240,0/0
/spttest/mixed_10K_54s,19fc,10240,0/0
/spttest/mixed_10K_54t,19fd,10240,0/0
/spttest/mixed_10K_54u,19fe,10240,0/0
/spttest/mixed_10K_54v,19ff,10240,0/0
/spttest/mixed_10K_54w,1a00,10240,0/0
/spttest/mixed_10K_54x,1a01,10240,0/0
/spttest/mixed_10K_54y,1a02,10240,0/0
/spttest/mixed_10K_54z,1a03,10240,0/0
/spttest/mixed_10K_550,1a04,10240,0/0
/spttest/mixed_10K_551,1a05,10240,0/0
/spttest/mixed_10K_552,1a06,10240,0/0
/spttest/mixed_10K_553,1a07,10240,0/0
/spttest/mixed_10K_554,1a08,10240,0/0
/spttest/mixed_10K_555,1a09,10240,0/0
/spttest/mixed_10K_556,1a0a,10240,0/0
/spttest/mixed_10K_557,1a0b,10240,0/0
/spttest/mixed_10K_558,1a0c,10240,0/0
/spttest/mixed_10K_559,1a0d,10240,0/0
/spttest/mixed_10K_55a,1a0e,10240,0/0
/spttest/mixed_10K_55b,1a0f,10240,0/0
/spttest/mixed_10K_55c,1a10,10240,0/0
/spttest/mixed_10K_55d,1a11,10240,0/0
/spttest/mixed_10K_55e,1a12,10240,0/0
/spttest/mixed_10K_55f,1a13,10240,0/0
/spttest/mixed_10K_55g,1a14,10240,0/0
/spttest/mixed_10K_55h,1a15,10240,0/0
/spttest/mixed_10K_55i,1a16,10240,0/0
/spttest/mixed_10K_55j,1a17,10240,0/0
/spttest/mixed_10K_55k,1a18,10240,0/0
/spttest/mixed_10K_55l,1a19,10240,0/0
/spttest/mixed_10K_55m,1a1a,10240,0/0
/spttest/mixed_10K_55n,1a1b,10240,0/0
/spttest/mixed_10K_55o,1a1c,10240,0/0
/spttest/mixed_10K_55p,1a1d,10240,0/0
/spttest/mixed_10K_55q,1a1e,10240,0/0
/spttest/mixed_10K_55r,1a1f,10240,0/0
/spttest/mixed_10K_55s,1a20,10240,0/0
/spttest/mixed_10K_55t,1a21,10240,0/0
/spttest/mixed_10K_55u,1a22,10240,0/0
/spttest/mixed_10K_55v,1a23,10240,0/0
/spttest/mixed_10K_55w,1a24,10240,0/0
/spttest/mixed_10K_55x,1a25,10240,0/0
/spttest/mixed_10K_55y,1a26,10240,0/0
/spttest/mixed_10K_55z,1a27,10240,0/0
/spttest/mixed_10K_560,1a28,10240,0/0
/spttest/mixed_10K_561,1a29,10240,0/0
/spttest/mixed_10K_562,1a2a,10240,0/0
/spttest/mixed_10K_563,1a2b,10240,0/0
/spttest/mixed_10K_564,1a2c,10240,0/0
/spttest/mixed_10K_565,1a2d,10240,0/0
/spttest/mixed_10K_566,1a2e,10240,0/0
/spttest/mixed_10K_567,1a2f,10240,0/0
/spttest/mixed_10K_568,1a30,10240,0/0
/spttest/mixed_10K_569,1a31,10240,0/0
/spttest/mixed_10K_56a,1a32,10240,0/0
/spttest/mixed_10K_56b,1a33,10240,0/0
/spttest/mixed_10K_56c,1a34,10240,0/0
/spttest/mixed_10K_56d,1a35,10240,0/0
/spttest/mixed_10K_56e,1a36,10240,0/0
/spttest/mixed_10K_56f,1a37,10240,0/0
/spttest/mixed_10K_56g,1a38,10240,0/0
/spttest/mixed_10K_56h,1a39,10240,0/0
/spttest/mixed_10K_56i,1a3a,10240,0/0
/spttest/mixed_10K_56j,1a3b,10240,0/0
/spttest/mixed_10K_56k,1a3c,10240,0/0
/spttest/mixed_10K_56l,1a3d,10240,0/0
/spttest/mixed_10K_56m,1a3e,10240,0/0
/spttest/mixed_10K_56n,1a3f,10240,0/0
/spttest/mixed_10K_56o,1a40,10240,0/0
/spttest/mixed_10K_56p,1a41,10240,0/0
/spttest/mixed_10K_56q,1a42,10240,0/0
/spttest/mixed_10K_56r,1a43,10240,0/0
/spttest/mixed_10K_56s,1a44,10240,0/0
/spttest/mixed_10K_56t,1a45,10240,0/0
/spttest/mixed_10K_56u,1a46,10240,0/0
/spttest/mixed_10K_56v,1a47,10240,0/0
/spttest/mixed_10K_56w,1a48,10240,0/0
/spttest/mixed_10K_56x,1a49,10240,0/0
/spttest/mixed_10K_56y,1a4a,10240,0/0
/spttest/mixed_10K_56z,1a4b,10240,0/0
/spttest/mixed_10K_570,1a4c,10240,0/0
/spttest/mixed_10K_571,1a4d,10240,0/0
/spttest/mixed_10K_572,1a4e,10240,0/0
/spttest/mixed_10K_573,1a4f,10240,0/0
/spttest/mixed_10K_574,1a50,10240,0/0
/spttest/mixed_10K_575,1a51,10240,0/0
/spttest/mixed_10K_576,1a52,10240,0/0
/spttest/mixed_10K_577,1a53,10240,0/0
/spttest/mixed_10K_578,1a54,10240,0/0
/spttest/mixed_10K_579,1a55,10240,0/0
/spttest/mixed_10K_57a,1a56,10240,0/0
/spttest/mixed_10K_57b,1a57,10240,0/0
/spttest/mixed_10K_57c,1a58,10240,0/0
/spttest/mixed_10K_57d,1a59,10240,0/0
/spttest/mixed_10K_57e,1a5a,10240,0/0
/spttest/mixed_10K_57f,1a5b,10240,0/0
/spttest/mixed_10K_57g,1a5c,10240,0/0
/spttest/mixed_10K_57h,1a5d,10240,0/0
/spttest/mixed_10K_57i,1a5e,10240,0/0
/spttest/mixed_10K_57j,1a5f,10240,0/0
/spttest/mixed_10K_57k,1a60,10240,0/0
/spttest/mixed_10K_57l,1a61,10240,0/0
/spttest/mixed_10K_57m,1a62,10240,0/0
/spttest/mixed_10K_57n,1a63,10240,0/0
/spttest/mixed_10K_57o,1a64,10240,0/0
/spttest/mixed_10K_57p,1a65,10240,0/0
/spttest/mixed_10K_57q,1a66,10240,0/0
/spttest/mixed_10K_57r,1a67,10240,0/0
/spttest/mixed_10K_57s,1a68,10240,0/0
/spttest/mixed_10K_57t,1a69,10240,0/0
/spttest/mixed_10K_57u,1a6a,10240,0/0
/spttest/mixed_10K_57v,1a6b,10240,0/0
/spttest/mixed_10K_57w,1a6c,10240,0/0
/spttest/mixed_10K_57x,1a6d,10240,0/0
/spttest/mixed_10K_57y,1a6e,10240,0/0
/spttest/mixed_10K_57z,1a6f,10240,0/0
/spttest/mixed_10K_580,1a70,10240,0/0
/spttest/mixed_10K_581,1a71,10240,0/0
/spttest/mixed_10K_582,1a72,10240,0/0
/spttest/mixed_10K_583,1a73,10240,0/0
/spttest/mixed_10K_584,1a74,10240,0/0
/spttest/mixed_10K_585,1a75,10240,0/0
/spttest/mixed_10K_586,1a76,10240,0/0
/spttest/mixed_10K_587,1a77,10240,0/0
/spttest/mixed_10K_588,1a78,10240,0/0
/spttest/mixed_10K_589,1a79,10240,0/0
/spttest/mixed_10K_58a,1a7a,10240,0/0
/spttest/mixed_10K_58b,1a7b,10240,0/0
/spttest/mixed_10K_58c,1a7c,10240,0/0
/spttest/mixed_10K_58d,1a7d,10240,0/0
/spttest/mixed_10K_58e,1a7e,10240,0/0
/spttest/mixed_10K_58f,1a7f,10240,0/0
/spttest/mixed_10K_58g,1a80,10240,0/0
/spttest/mixed_10K_58h,1a81,10240,0/0
/spttest/mixed_10K_58i,1a82,10240,0/0
/spttest/mixed_10K_58j,1a83,10240,0/0
/spttest/mixed_10K_58k,1a84,10240,0/0
/spttest/mixed_10K_58l,1a85,10240,0/0
/spttest/mixed_10K_58m,1a86,10240,0/0
/spttest/mixed_10K_58n,1a87,10240,0/0
/spttest/mixed_10K_58o,1a88,10240,0/0
/spttest/mixed_10K_58p,1a89,10240,0/0
/spttest/mixed_10K_58q,1a8a,10240,0/0
/spttest/mixed_10K_58r,1a8b,10240,0/0
/spttest/mixed_10K_58s,1a8c,10240,0/0
/spttest/mixed_10K_58t,1a8d,10240,0/0
/spttest/mixed_10K_58u,1a8e,10240,0/0
/spttest/mixed_10K_58v,1a8f,10240,0/0
/spttest/mixed_10K_58w,1a90,10240,0/0
/spttest/mixed_10K_58x,1a91,10240,0/0
/spttest/mixed_10K_58y,1a92,10240,0/0
/spttest/mixed_10K_58z,1a93,10240,0/0
/spttest/mixed_10K_590,1a94,10240,0/0
/spttest/mixed_10K_591,1a95,10240,0/0
/spttest/mixed_10K_592,1a96,10240,0/0
/spttest/mixed_10K_593,1a97,10240,0/0
/spttest/mixed_10K_594,1a98,10240,0/0
/spttest/mixed_10K_595,1a99,10240,0/0
/spttest/mixed_10K_596,1a9a,10240,0/0
/spttest/mixed_10K_597,1a9b,10240,0/0
/spttest/mixed_10K_598,1a9c,10240,0/0
/spttest/mixed_10K_599,1a9d,10240,0/0
/spttest/mixed_10K_59a,1a9e,10240,0/0
/spttest/mixed_10K_59b,1a9f,10240,0/0
/spttest/mixed_10K_59c,1aa0,10240,0/0
/spttest/mixed_10K_59d,1aa1,10240,0/0
/spttest/mixed_10K_59e,1aa2,10240,0/0
/spttest/mixed_10K_59f,1aa3,10240,0/0
/spttest/mixed_10K_59g,1aa4,10240,0/0
/spttest/mixed_10K_59h,1aa5,10240,0/0
/spttest/mixed_10K_59i,1aa6,10240,0/0
/spttest/mixed_10K_59j,1aa7,10240,0/0
/spttest/mixed_10K_59k,1aa8,10240,0/0
/spttest/mixed_10K_59l,1aa9,10240,0/0
/spttest/mixed_10K_59m,1aaa,10240,0/0
/spttest/mixed_10K_59n,1aab,10240,0/0
/spttest/mixed_10K_59o,1aac,10240,0/0
/spttest/mixed_10K_59p,1aad,10240,0/0
/spttest/mixed_10K_59q,1aae,10240,0/0
/spttest/mixed_10K_59r,1aaf,10240,0/0
/spttest/mixed_10K_59s,1ab0,10240,0/0
/spttest/mixed_10K_59t,1ab1,10240,0/0
/spttest/mixed_10K_59u,1ab2,10240,0/0
/spttest/mixed_10K_59v,1ab3,10240,0/0
/spttest/mixed_10K_59w,1ab4,10240,0/0
/spttest/mixed_10K_59x,1ab5,10240,0/0
/spttest/mixed_10K_59y,1ab6,10240,0/0
/spttest/mixed_10K_59z,1ab7,10240,0/0
/spttest/mixed_10K_5a0,1ab8,10240,0/0
/spttest/mixed_10K_5a1,1ab9,10240,0/0
/spttest/mixed_10K_5a2,1aba,10240,0/0
/spttest/mixed_10K_5a3,1abb,10240,0/0
/spttest/mixed_10K_5a4,1abc,10240,0/0
/spttest/mixed_10K_5a5,1abd,10240,0/0
/spttest/mixed_10K_5a6,1abe,10240,0/0
/spttest/mixed_10K_5a7,1abf,10240,0/0
/spttest/mixed_10K_5a8,1ac0,10240,0/0
/spttest/mixed_10K_5a9,1ac1,10240,0/0
/spttest/mixed_10K_5aa,1ac2,10240,0/0
/spttest/mixed_10K_5ab,1ac3,10240,0/0
/spttest/mixed_10K_5ac,1ac4,10240,0/0
/spttest/mixed_10K_5ad,1ac5,10240,0/0
/spttest/mixed_10K_5ae,1ac6,10240,0/0
/spttest/mixed_10K_5af,1ac7,10240,0/0
/spttest/mixed_10K_5ag,1ac8,10240,0/0
/spttest/mixed_10K_5ah,1ac9,10240,0/0
/spttest/mixed_10K_5ai,1aca,10240,0/0
/spttest/mixed_10K_5aj,1acb,10240,0/0
/spttest/mixed_10K_5ak,1acc,10240,0/0
/spttest/mixed_10K_5al,1acd,10240,0/0
/spttest/mixed_10K_5am,1ace,10240,0/0
/spttest/mixed_10K_5an,1acf,10240,0/0
/spttest/mixed_10K_5ao,1ad0,10240,0/0
/spttest/mixed_10K_5ap,1ad1,10240,0/0
/spttest/mixed_10K_5aq,1ad2,10240,0/0
/spttest/mixed_10K_5ar,1ad3,10240,0/0
/spttest/mixed_10K_5as,1ad4,10240,0/0
/spttest/mixed_10K_5at,1ad5,10240,0/0
/spttest/mixed_10K_5au,1ad6,10240,0/0
/spttest/mixed_10K_5av,1ad7,10240,0/0
/spttest/mixed_10K_5aw,1ad8,10240,0/0
/spttest/mixed_10K_5ax,1ad9,10240,0/0
/spttest/mixed_10K_5ay,1ada,10240,0/0
/spttest/mixed_10K_5az,1adb,10240,0/0
/spttest/mixed_10K_5b0,1adc,10240,0/0
/spttest/mixed_10K_5b1,1add,10240,0/0
/spttest/mixed_10K_5b2,1ade,10240,0/0
/spttest/mixed_10K_5b3,1adf,10240,0/0
/spttest/mixed_10K_5b4,1ae0,10240,0/0
/spttest/mixed_10K_5b5,1ae1,10240,0/0
/spttest/mixed_10K_5b6,1ae2,10240,0/0
/spttest/mixed_10K_5b7,1ae3,10240,0/0
/spttest/mixed_10K_5b8,1ae4,10240,0/0
/spttest/mixed_10K_5b9,1ae5,10240,0/0
/spttest/mixed_10K_5ba,1ae6,10240,0/0
/spttest/mixed_10K_5bb,1ae7,10240,0/0
/spttest/mixed_10K_5bc,1ae8,10240,0/0
/spttest/mixed_10K_5bd,1ae9,10240,0/0
/spttest/mixed_10K_5be,1aea,10240,0/0
/spttest/mixed_10K_5bf,1aeb,10240,0/0
/spttest/mixed_10K_5bg,1aec,10240,0/0
/spttest/mixed_10K_5bh,1aed,10240,0/0
/spttest/mixed_10K_5bi,1aee,10240,0/0
/spttest/mixed_10K_5bj,1aef,10240,0/0
/spttest/mixed_10K_5bk,1af0,10240,0/0
/spttest/mixed_10K_5bl,1af1,10240,0/0
/spttest/mixed_10K_5bm,1af2,10240,0/0
/spttest/mixed_10K_5bn,1af3,10240,0/0
/spttest/mixed_10K_5bo,1af4,10240,0/0
/spttest/mixed_10K_5bp,1af5,10240,0/0
/spttest/mixed_10K_5bq,1af6,10240,0/0
/spttest/mixed_10K_5br,1af7,10240,0/0
/spttest/mixed_10K_5bs,1af8,10240,0/0
/spttest/mixed_10K_5bt,1af9,10240,0/0
/spttest/mixed_10K_5bu,1afa,10240,0/0
/spttest/mixed_10K_5bv,1afb,10240,0/0
/spttest/mixed_10K_5bw,1afc,10240,0/0
/spttest/mixed_10K_5bx,1afd,10240,0/0
/spttest/mixed_10K_5by,1afe,10240,0/0
/spttest/mixed_10K_5bz,1aff,10240,0/0
/spttest/mixed_10K_5c0,1b00,10240,0/0
/spttest/mixed_10K_5c1,1b01,10240,0/0
/spttest/mixed_10K_5c2,1b02,10240,0/0
/spttest/mixed_10K_5c3,1b03,10240,0/0
/spttest/mixed_10K_5c4,1b04,10240,0/0
/spttest/mixed_10K_5c5,1b05,10240,0/0
/spttest/mixed_10K_5c6,1b06,10240,0/0
/spttest/mixed_10K_5c7,1b07,10240,0/0
/spttest/mixed_10K_5c8,1b08,10240,0/0
/spttest/mixed_10K_5c9,1b09,10240,0/0
/spttest/mixed_10K_5ca,1b0a,10240,0/0
/spttest/mixed_10K_5cb,1b0b,10240,0/0
/spttest/mixed_10K_5cc,1b0c,10240,0/0
/spttest/mixed_10K_5cd,1b0d,10240,0/0
/spttest/mixed_10K_5ce,1b0e,10240,0/0
/spttest/mixed_10K_5cf,1b0f,10240,0/0
/spttest/mixed_10K_5cg,1b10,10240,0/0
/spttest/mixed_10K_5ch,1b11,10240,0/0
/spttest/mixed_10K_5ci,1b12,10240,0/0
/spttest/mixed_10K_5cj,1b13,10240,0/0
/spttest/mixed_10K_5ck,1b14,10240,0/0
/spttest/mixed_10K_5cl,1b15,10240,0/0
/spttest/mixed_10K_5cm,1b16,10240,0/0
/spttest/mixed_10K_5cn,1b17,10240,0/0
/spttest/mixed_10K_5co,1b18,10240,0/0
/spttest/mixed_10K_5cp,1b19,10240,0/0
/spttest/mixed_10K_5cq,1b1a,10240,0/0
/spttest/mixed_10K_5cr,1b1b,10240,0/0
/spttest/mixed_10K_5cs,1b1c,10240,0/0
/spttest/mixed_10K_5ct,1b1d,10240,0/0
/spttest/mixed_10K_5cu,1b1e,10240,0/0
/spttest/mixed_10K_5cv,1b1f,10240,0/0
/spttest/mixed_10K_5cw,1b20,10240,0/0
/spttest/mixed_10K_5cx,1b21,10240,0/0
/spttest/mixed_10K_5cy,1b22,10240,0/0
/spttest/mixed_10K_5cz,1b23,10240,0/0
/spttest/mixed_10K_5d0,1b24,10240,0/0
/spttest/mixed_10K_5d1,1b25,10240,0/0
/spttest/mixed_10K_5d2,1b26,10240,0/0
/spttest/mixed_10K_5d3,1b27,10240,0/0
/spttest/mixed_10K_5d4,1b28,10240,0/0
/spttest/mixed_10K_5d5,1b29,10240,0/0
/spttest/mixed_10K_5d6,1b2a,10240,0/0
/spttest/mixed_10K_5d7,1b2b,10240,0/0
/spttest/mixed_10K_5d8,1b2c,10240,0/0
/spttest/mixed_10K_5d9,1b2d,10240,0/0
/spttest/mixed_10K_5da,1b2e,10240,0/0
/spttest/mixed_10K_5db,1b2f,10240,0/0
/spttest/mixed_10K_5dc,1b30,10240,0/0
/spttest/mixed_10K_5dd,1b31,10240,0/0
/spttest/mixed_10K_5de,1b32,10240,0/0
/spttest/mixed_10K_5df,1b33,10240,0/0
/spttest/mixed_10K_5dg,1b34,10240,0/0
/spttest/mixed_10K_5dh,1b35,10240,0/0
/spttest/mixed_10K_5di,1b36,10240,0/0
/spttest/mixed_10K_5dj,1b37,10240,0/0
/spttest/mixed_10K_5dk,1b38,10240,0/0
/spttest/mixed_10K_5dl,1b39,10240,0/0
/spttest/mixed_10K_5dm,1b3a,10240,0/0
/spttest/mixed_10K_5dn,1b3b,10240,0/0
/spttest/mixed_10K_5do,1b3c,10240,0/0
/spttest/mixed_10K_5dp,1b3d,10240,0/0
/spttest/mixed_10K_5dq,1b3e,10240,0/0
/spttest/mixed_10K_5dr,1b3f,10240,0/0
/spttest/mixed_10K_5ds,1b40,10240,0/0
/spttest/mixed_10K_5dt,1b41,10240,0/0
/spttest/mixed_10K_5du,1b42,10240,0/0
/spttest/mixed_10K_5dv,1b43,10240,0/0
/spttest/mixed_10K_5dw,1b44,10240,0/0
/spttest/mixed_10K_5dx,1b45,10240,0/0
/spttest/mixed_10K_5dy,1b46,10240,0/0
/spttest/mixed_10K_5dz,1b47,10240,0/0
/spttest/mixed_10K_5e0,1b48,10240,0/0
/spttest/mixed_10K_5e1,1b49,10240,0/0
/spttest/mixed_10K_5e2,1b4a,10240,0/0
/spttest/mixed_10K_5e3,1b4b,10240,0/0
/spttest/mixed_10K_5e4,1b4c,10240,0/0
/spttest/mixed_10K_5e5,1b4d,10240,0/0
/spttest/mixed_10K_5e6,1b4e,10240,0/0
/spttest/mixed_10K_5e7,1b4f,10240,0/0
/spttest/mixed_10K_5e8,1b50,10240,0/0
/spttest/mixed_10K_5e9,1b51,10240,0/0
/spttest/mixed_10K_5ea,1b52,10240,0/0
/spttest/mixed_10K_5eb,1b53,10240,0/0
/spttest/mixed_10K_5ec,1b54,10240,0/0
/spttest/mixed_10K_5ed,1b55,10240,0/0
/spttest/mixed_10K_5ee,1b56,10240,0/0
/spttest/mixed_10K_5ef,1b57,10240,0/0
/spttest/mixed_10K_5eg,1b58,10240,0/0
/spttest/mixed_10K_5eh,1b59,10240,0/0
/spttest/mixed_10K_5ei,1b5a,10240,0/0
/spttest/mixed_10K_5ej,1b5b,10240,0/0
/spttest/mixed_10K_5ek,1b5c,10240,0/0
/spttest/mixed_10K_5el,1b5d,10240,0/0
/spttest/mixed_10K_5em,1b5e,10240,0/0
/spttest/mixed_10K_5en,1b5f,10240,0/0
/spttest/mixed_10K_5eo,1b60,10240,0/0
/spttest/mixed_10K_5ep,1b61,10240,0/0
/spttest/mixed_10K_5eq,1b62,10240,0/0
/spttest/mixed_10K_5er,1b63,10240,0/0
/spttest/mixed_10K_5es,1b64,10240,0/0
/spttest/mixed_10K_5et,1b65,10240,0/0
/spttest/mixed_10K_5eu,1b66,10240,0/0
/spttest/mixed_10K_5ev,1b67,10240,0/0
/spttest/mixed_10K_5ew,1b68,10240,0/0
/spttest/mixed_10K_5ex,1b69,10240,0/0
/spttest/mixed_10K_5ey,1b6a,10240,0/0
/spttest/mixed_10K_5ez,1b6b,10240,0/0
/spttest/mixed_10K_5f0,1b6c,10240,0/0
/spttest/mixed_10K_5f1,1b6d,10240,0/0
/spttest/mixed_10K_5f2,1b6e,10240,0/0
/spttest/mixed_10K_5f3,1b6f,10240,0/0
/spttest/mixed_10K_5f4,1b70,10240,0/0
/spttest/mixed_10K_5f5,1b71,10240,0/0
/spttest/mixed_10K_5f6,1b72,10240,0/0
/spttest/mixed_10K_5f7,1b73,10240,0/0
/spttest/mixed_10K_5f8,1b74,10240,0/0
/spttest/mixed_10K_5f9,1b75,10240,0/0
/spttest/mixed_10K_5fa,1b76,10240,0/0
/spttest/mixed_10K_5fb,1b77,10240,0/0
/spttest/mixed_10K_5fc,1b78,10240,0/0
/spttest/mixed_10K_5fd,1b79,10240,0/0
/spttest/mixed_10K_5fe,1b7a,10240,0/0
/spttest/mixed_10K_5ff,1b7b,10240,0/0
/spttest/mixed_10K_5fg,1b7c,10240,0/0
/spttest/mixed_10K_5fh,1b7d,10240,0/0
/spttest/mixed_10K_5fi,1b7e,10240,0/0
/spttest/mixed_10K_5fj,1b7f,10240,0/0
/spttest/mixed_10K_5fk,1b80,10240,0/0
/spttest/mixed_10K_5fl,1b81,10240,0/0
/spttest/mixed_10K_5fm,1b82,10240,0/0
/spttest/mixed_10K_5fn,1b83,10240,0/0
/spttest/mixed_10K_5fo,1b84,10240,0/0
/spttest/mixed_10K_5fp,1b85,10240,0/0
/spttest/mixed_10K_5fq,1b86,10240,0/0
/spttest/mixed_10K_5fr,1b87,10240,0/0
/spttest/mixed_10K_5fs,1b88,10240,0/0
/spttest/mixed_10K_5ft,1b89,10240,0/0
/spttest/mixed_10K_5fu,1b8a,10240,0/0
/spttest/mixed_10K_5fv,1b8b,10240,0/0
/spttest/mixed_10K_5fw,1b8c,10240,0/0
/spttest/mixed_10K_5fx,1b8d,10240,0/0
/spttest/mixed_10K_5fy,1b8e,10240,0/0
/spttest/mixed_10K_5fz,1b8f,10240,0/0
/spttest/mixed_10K_5g0,1b90,10240,0/0
/spttest/mixed_10K_5g1,1b91,10240,0/0
/spttest/mixed_10K_5g2,1b92,10240,0/0
/spttest/mixed_10K_5g3,1b93,10240,0/0
/spttest/mixed_10K_5g4,1b94,10240,0/0
/spttest/mixed_10K_5g5,1b95,10240,0/0
/spttest/mixed_10K_5g6,1b96,10240,0/0
/spttest/mixed_10K_5g7,1b97,10240,0/0
/spttest/mixed_10K_5g8,1b98,10240,0/0
/spttest/mixed_10K_5g9,1b99,10240,0/0
/spttest/mixed_10K_5ga,1b9a,10240,0/0
/spttest/mixed_10K_5gb,1b9b,10240,0/0
/spttest/mixed_10K_5gc,1b9c,10240,0/0
/spttest/mixed_10K_5gd,1b9d,10240,0/0
/spttest/mixed_10K_5ge,1b9e,10240,0/0
/spttest/mixed_10K_5gf,1b9f,10240,0/0
/spttest/mixed_10K_5gg,1ba0,10240,0/0
/spttest/mixed_10K_5gh,1ba1,10240,0/0
/spttest/mixed_10K_5gi,1ba2,10240,0/0
/spttest/mixed_10K_5gj,1ba3,10240,0/0
/spttest/mixed_10K_5gk,1ba4,10240,0/0
/spttest/mixed_10K_5gl,1ba5,10240,0/0
/spttest/mixed_10K_5gm,1ba6,10240,0/0
/spttest/mixed_10K_5gn,1ba7,10240,0/0
/spttest/mixed_10K_5go,1ba8,10240,0/0
/spttest/mixed_10K_5gp,1ba9,10240,0/0
/spttest/mixed_10K_5gq,1baa,10240,0/0
/spttest/mixed_10K_5gr,1bab,10240,0/0
/spttest/mixed_10K_5gs,1bac,10240,0/0
/spttest/mixed_10K_5gt,1bad,10240,0/0
/spttest/mixed_10K_5gu,1bae,10240,0/0
/spttest/mixed_10K_5gv,1baf,10240,0/0
/spttest/mixed_10K_5gw,1bb0,10240,0/0
/spttest/mixed_10K_5gx,1bb1,10240,0/0
/spttest/mixed_10K_5gy,1bb2,10240,0/0
/spttest/mixed_10K_5gz,1bb3,10240,0/0
/spttest/mixed_10K_5h0,1bb4,10240,0/0
/spttest/mixed_10K_5h1,1bb5,10240,0/0
/spttest/mixed_10K_5h2,1bb6,10240,0/0
/spttest/mixed_10K_5h3,1bb7,10240,0/0
/spttest/mixed_10K_5h4,1bb8,10240,0/0
/spttest/mixed_10K_5h5,1bb9,10240,0/0
/spttest/mixed_10K_5h6,1bba,10240,0/0
/spttest/mixed_10K_5h7,1bbb,10240,0/0
/spttest/mixed_10K_5h8,1bbc,10240,0/0
/spttest/mixed_10K_5h9,1bbd,10240,0/0
/spttest/mixed_10K_5ha,1bbe,10240,0/0
/spttest/mixed_10K_5hb,1bbf,10240,0/0
/spttest/mixed_10K_5hc,1bc0,10240,0/0
/spttest/mixed_10K_5hd,1bc1,10240,0/0
/spttest/mixed_10K_5he,1bc2,10240,0/0
/spttest/mixed_10K_5hf,1bc3,10240,0/0
/spttest/mixed_10K_5hg,1bc4,10240,0/0
/spttest/mixed_10K_5hh,1bc5,10240,0/0
/spttest/mixed_10K_5hi,1bc6,10240,0/0
/spttest/mixed_10K_5hj,1bc7,10240,0/0
/spttest/mixed_10K_5hk,1bc8,10240,0/0
/spttest/mixed_10K_5hl,1bc9,10240,0/0
/spttest/mixed_10K_5hm,1bca,10240,0/0
/spttest/mixed_10K_5hn,1bcb,10240,0/0
/spttest/mixed_10K_5ho,1bcc,10240,0/0
/spttest/mixed_10K_5hp,1bcd,10240,0/0
/spttest/mixed_10K_5hq,1bce,10240,0/0
/spttest/mixed_10K_5hr,1bcf,10240,0/0
/spttest/mixed_10K_5hs,1bd0,10240,0/0
/spttest/mixed_10K_5ht,1bd1,10240,0/0
/spttest/mixed_10K_5hu,1bd2,10240,0/0
/spttest/mixed_10K_5hv,1bd3,10240,0/0
/spttest/mixed_10K_5hw,1bd4,10240,0/0
/spttest/mixed_10K_5hx,1bd5,10240,0/0
/spttest/mixed_10K_5hy,1bd6,10240,0/0
/spttest/mixed_10K_5hz,1bd7,10240,0/0
/spttest/mixed_10K_5i0,1bd8,10240,0/0
/spttest/mixed_10K_5i1,1bd9,10240,0/0
/spttest/mixed_10K_5i2,1bda,10240,0/0
/spttest/mixed_10K_5i3,1bdb,10240,0/0
/spttest/mixed_10K_5i4,1bdc,10240,0/0
/spttest/mixed_10K_5i5,1bdd,10240,0/0
/spttest/mixed_10K_5i6,1bde,10240,0/0
/spttest/mixed_10K_5i7,1bdf,10240,0/0
/spttest/mixed_10K_5i8,1be0,10240,0/0
/spttest/mixed_10K_5i9,1be1,10240,0/0
/spttest/mixed_10K_5ia,1be2,10240,0/0
/spttest/mixed_10K_5ib,1be3,10240,0/0
/spttest/mixed_10K_5ic,1be4,10240,0/0
/spttest/mixed_10K_5id,1be5,10240,0/0
/spttest/mixed_10K_5ie,1be6,10240,0/0
/spttest/mixed_10K_5if,1be7,10240,0/0
/spttest/mixed_10K_5ig,1be8,10240,0/0
/spttest/mixed_10K_5ih,1be9,10240,0/0
/spttest/mixed_10K_5ii,1bea,10240,0/0
/spttest/mixed_10K_5ij,1beb,10240,0/0
/spttest/mixed_10K_5ik,1bec,10240,0/0
/spttest/mixed_10K_5il,1bed,10240,0/0
/spttest/mixed_10K_5im,1bee,10240,0/0
/spttest/mixed_10K_5in,1bef,10240,0/0
/spttest/mixed_10K_5io,1bf0,10240,0/0
/spttest/mixed_10K_5ip,1bf1,10240,0/0
/spttest/mixed_10K_5iq,1bf2,10240,0/0
/spttest/mixed_10K_5ir,1bf3,10240,0/0
/spttest/mixed_10K_5is,1bf4,10240,0/0
/spttest/mixed_10K_5it,1bf5,10240,0/0
/spttest/mixed_10K_5iu,1bf6,10240,0/0
/spttest/mixed_10K_5iv,1bf7,10240,0/0
/spttest/mixed_10K_5iw,1bf8,10240,0/0
/spttest/mixed_10K_5ix,1bf9,10240,0/0
/spttest/mixed_10K_5iy,1bfa,10240,0/0
/spttest/mixed_10K_5iz,1bfb,10240,0/0
/spttest/mixed_10K_5j0,1bfc,10240,0/0
/spttest/mixed_10K_5j1,1bfd,10240,0/0
/spttest/mixed_10K_5j2,1bfe,10240,0/0
/spttest/mixed_10K_5j3,1bff,10240,0/0
/spttest/mixed_10K_5j4,1c00,10240,0/0
/spttest/mixed_10K_5j5,1c01,10240,0/0
/spttest/mixed_10K_5j6,1c02,10240,0/0
/spttest/mixed_10K_5j7,1c03,10240,0/0
/spttest/mixed_10K_5j8,1c04,10240,0/0
/spttest/mixed_10K_5j9,1c05,10240,0/0
/spttest/mixed_10K_5ja,1c06,10240,0/0
/spttest/mixed_10K_5jb,1c07,10240,0/0
/spttest/mixed_10K_5jc,1c08,10240,0/0
/spttest/mixed_10K_5jd,1c09,10240,0/0
/spttest/mixed_10K_5je,1c0a,10240,0/0
/spttest/mixed_10K_5jf,1c0b,10240,0/0
/spttest/mixed_10K_5jg,1c0c,10240,0/0
/spttest/mixed_10K_5jh,1c0d,10240,0/0
/spttest/mixed_10K_5ji,1c0e,10240,0/0
/spttest/mixed_10K_5jj,1c0f,10240,0/0
/spttest/mixed_10K_5jk,1c10,10240,0/0
/spttest/mixed_10K_5jl,1c11,10240,0/0
/spttest/mixed_10K_5jm,1c12,10240,0/0
/spttest/mixed_10K_5jn,1c13,10240,0/0
/spttest/mixed_10K_5jo,1c14,10240,0/0
/spttest/mixed_10K_5jp,1c15,10240,0/0
/spttest/mixed_10K_5jq,1c16,10240,0/0
/spttest/mixed_10K_5jr,1c17,10240,0/0
/spttest/mixed_10K_5js,1c18,10240,0/0
/spttest/mixed_10K_5jt,1c19,10240,0/0
/spttest/mixed_10K_5ju,1c1a,10240,0/0
/spttest/mixed_10K_5jv,1c1b,10240,0/0
/spttest/mixed_10K_5jw,1c1c,10240,0/0
/spttest/mixed_10K_5jx,1c1d,10240,0/0
/spttest/mixed_10K_5jy,1c1e,10240,0/0
/spttest/mixed_10K_5jz,1c1f,10240,0/0
/spttest/mixed_10K_5k0,1c20,10240,0/0
/spttest/mixed_10K_5k1,1c21,10240,0/0
/spttest/mixed_10K_5k2,1c22,10240,0/0
/spttest/mixed_10K_5k3,1c23,10240,0/0
/spttest/mixed_10K_5k4,1c24,10240,0/0
/spttest/mixed_10K_5k5,1c25,10240,0/0
/spttest/mixed_10K_5k6,1c26,10240,0/0
/spttest/mixed_10K_5k7,1c27,10240,0/0
/spttest/mixed_10K_5k8,1c28,10240,0/0
/spttest/mixed_10K_5k9,1c29,10240,0/0
/spttest/mixed_10K_5ka,1c2a,10240,0/0
/spttest/mixed_10K_5kb,1c2b,10240,0/0
/spttest/mixed_10K_5kc,1c2c,10240,0/0
/spttest/mixed_10K_5kd,1c2d,10240,0/0
/spttest/mixed_10K_5ke,1c2e,10240,0/0
/spttest/mixed_10K_5kf,1c2f,10240,0/0
/spttest/mixed_10K_5kg,1c30,10240,0/0
/spttest/mixed_10K_5kh,1c31,10240,0/0
/spttest/mixed_10K_5ki,1c32,10240,0/0
/spttest/mixed_10K_5kj,1c33,10240,0/0
/spttest/mixed_10K_5kk,1c34,10240,0/0
/spttest/mixed_10K_5kl,1c35,10240,0/0
/spttest/mixed_10K_5km,1c36,10240,0/0
/spttest/mixed_10K_5kn,1c37,10240,0/0
/spttest/mixed_10K_5ko,1c38,10240,0/0
/spttest/mixed_10K_5kp,1c39,10240,0/0
/spttest/mixed_10K_5kq,1c3a,10240,0/0
/spttest/mixed_10K_5kr,1c3b,10240,0/0
/spttest/mixed_10K_5ks,1c3c,10240,0/0
/spttest/mixed_10K_5kt,1c3d,10240,0/0
/spttest/mixed_10K_5ku,1c3e,10240,0/0
/spttest/mixed_10K_5kv,1c3f,10240,0/0
/spttest/mixed_10K_5kw,1c40,10240,0/0
/spttest/mixed_10K_5kx,1c41,10240,0/0
/spttest/mixed_10K_5ky,1c42,10240,0/0
/spttest/mixed_10K_5kz,1c43,10240,0/0
/spttest/mixed_10K_5l0,1c44,10240,0/0
/spttest/mixed_10K_5l1,1c45,10240,0/0
/spttest/mixed_10K_5l2,1c46,10240,0/0
/spttest/mixed_10K_5l3,1c47,10240,0/0
/spttest/mixed_10K_5l4,1c48,10240,0/0
/spttest/mixed_10K_5l5,1c49,10240,0/0
/spttest/mixed_10K_5l6,1c4a,10240,0/0
/spttest/mixed_10K_5l7,1c4b,10240,0/0
/spttest/mixed_10K_5l8,1c4c,10240,0/0
/spttest/mixed_10K_5l9,1c4d,10240,0/0
/spttest/mixed_10K_5la,1c4e,10240,0/0
/spttest/mixed_10K_5lb,1c4f,10240,0/0
/spttest/mixed_10K_5lc,1c50,10240,0/0
/spttest/mixed_10K_5ld,1c51,10240,0/0
/spttest/mixed_10K_5le,1c52,10240,0/0
/spttest/mixed_10K_5lf,1c53,10240,0/0
/spttest/mixed_10K_5lg,1c54,10240,0/0
/spttest/mixed_10K_5lh,1c55,10240,0/0
/spttest/mixed_10K_5li,1c56,10240,0/0
/spttest/mixed_10K_5lj,1c57,10240,0/0
/spttest/mixed_10K_5lk,1c58,10240,0/0
/spttest/mixed_10K_5ll,1c59,10240,0/0
/spttest/mixed_10K_5lm,1c5a,10240,0/0
/spttest/mixed_10K_5ln,1c5b,10240,0/0
/spttest/mixed_10K_5lo,1c5c,10240,0/0
/spttest/mixed_10K_5lp,1c5d,10240,0/0
/spttest/mixed_10K_5lq,1c5e,10240,0/0
/spttest/mixed_10K_5lr,1c5f,10240,0/0
/spttest/mixed_10K_5ls,1c60,10240,0/0
/spttest/mixed_10K_5lt,1c61,10240,0/0
/spttest/mixed_10K_5lu,1c62,10240,0/0
/spttest/mixed_10K_5lv,1c63,10240,0/0
/spttest/mixed_10K_5lw,1c64,10240,0/0
/spttest/mixed_10K_5lx,1c65,10240,0/0
/spttest/mixed_10K_5ly,1c66,10240,0/0
/spttest/mixed_10K_5lz,1c67,10240,0/0
/spttest/mixed_10K_5m0,1c68,10240,0/0
/spttest/mixed_10K_5m1,1c69,10240,0/0
/spttest/mixed_10K_5m2,1c6a,10240,0/0
/spttest/mixed_10K_5m3,1c6b,10240,0/0
/spttest/mixed_10K_5m4,1c6c,10240,0/0
/spttest/mixed_10K_5m5,1c6d,10240,0/0
/spttest/mixed_10K_5m6,1c6e,10240,0/0
/spttest/mixed_10K_5m7,1c6f,10240,0/0
/spttest/mixed_10K_5m8,1c70,10240,0/0
/spttest/mixed_10K_5m9,1c71,10240,0/0
/spttest/mixed_10K_5ma,1c72,10240,0/0
/spttest/mixed_10K_5mb,1c73,10240,0/0
/spttest/mixed_10K_5mc,1c74,10240,0/0
/spttest/mixed_10K_5md,1c75,10240,0/0
/spttest/mixed_10K_5me,1c76,10240,0/0
/spttest/mixed_10K_5mf,1c77,10240,0/0
/spttest/mixed_10K_5mg,1c78,10240,0/0
/spttest/mixed_10K_5mh,1c79,10240,0/0
/spttest/mixed_10K_5mi,1c7a,10240,0/0
/spttest/mixed_10K_5mj,1c7b,10240,0/0
/spttest/mixed_10K_5mk,1c7c,10240,0/0
/spttest/mixed_10K_5ml,1c7d,10240,0/0
/spttest/mixed_10K_5mm,1c7e,10240,0/0
/spttest/mixed_10K_5mn,1c7f,10240,0/0
/spttest/mixed_10K_5mo,1c80,10240,0/0
/spttest/mixed_10K_5mp,1c81,10240,0/0
/spttest/mixed_10K_5mq,1c82,10240,0/0
/spttest/mixed_10K_5mr,1c83,10240,0/0
/spttest/mixed_10K_5ms,1c84,10240,0/0
/spttest/mixed_10K_5mt,1c85,10240,0/0
/spttest/mixed_10K_5mu,1c86,10240,0/0
/spttest/mixed_10K_5mv,1c87,10240,0/0
/spttest/mixed_10K_5mw,1c88,10240,0/0
/spttest/mixed_10K_5mx,1c89,10240,0/0
/spttest/mixed_10K_5my,1c8a,10240,0/0
/spttest/mixed_10K_5mz,1c8b,10240,0/0
/spttest/mixed_10K_5n0,1c8c,10240,0/0
/spttest/mixed_10K_5n1,1c8d,10240,0/0
/spttest/mixed_10K_5n2,1c8e,10240,0/0
/spttest/mixed_10K_5n3,1c8f,10240,0/0
/spttest/mixed_10K_5n4,1c90,10240,0/0
/spttest/mixed_10K_5n5,1c91,10240,0/0
/spttest/mixed_10K_5n6,1c92,10240,0/0
/spttest/mixed_10K_5n7,1c93,10240,0/0
/spttest/mixed_10K_5n8,1c94,10240,0/0
/spttest/mixed_10K_5n9,1c95,10240,0/0
/spttest/mixed_10K_5na,1c96,10240,0/0
/spttest/mixed_10K_5nb,1c97,10240,0/0
/spttest/mixed_10K_5nc,1c98,10240,0/0
/spttest/mixed_10K_5nd,1c99,10240,0/0
/spttest/mixed_10K_5ne,1c9a,10240,0/0
/spttest/mixed_10K_5nf,1c9b,10240,0/0
/spttest/mixed_10K_5ng,1c9c,10240,0/0
/spttest/mixed_10K_5nh,1c9d,10240,0/0
/spttest/mixed_10K_5ni,1c9e,10240,0/0
/spttest/mixed_10K_5nj,1c9f,10240,0/0
/spttest/mixed_10K_5nk,1ca0,10240,0/0
/spttest/mixed_10K_5nl,1ca1,10240,0/0
/spttest/mixed_10K_5nm,1ca2,10240,0/0
/spttest/mixed_10K_5nn,1ca3,10240,0/0
/spttest/mixed_10K_5no,1ca4,10240,0/0
/spttest/mixed_10K_5np,1ca5,10240,0/0
/spttest/mixed_10K_5nq,1ca6,10240,0/0
/spttest/mixed_10K_5nr,1ca7,10240,0/0
/spttest/mixed_10K_5ns,1ca8,10240,0/0
/spttest/mixed_10K_5nt,1ca9,10240,0/0
/spttest/mixed_10K_5nu,1caa,10240,0/0
/spttest/mixed_10K_5nv,1cab,10240,0/0
/spttest/mixed_10K_5nw,1cac,10240,0/0
/spttest/mixed_10K_5nx,1cad,10240,0/0
/spttest/mixed_10K_5ny,1cae,10240,0/0
/spttest/mixed_10K_5nz,1caf,10240,0/0
/spttest/mixed_10K_5o0,1cb0,10240,0/0
/spttest/mixed_10K_5o1,1cb1,10240,0/0
/spttest/mixed_10K_5o2,1cb2,10240,0/0
/spttest/mixed_10K_5o3,1cb3,10240,0/0
/spttest/mixed_10K_5o4,1cb4,10240,0/0
/spttest/mixed_10K_5o5,1cb5,10240,0/0
/spttest/mixed_10K_5o6,1cb6,10240,0/0
/spttest/mixed_10K_5o7,1cb7,10240,0/0
/spttest/mixed_10K_5o8,1cb8,10240,0/0
/spttest/mixed_10K_5o9,1cb9,10240,0/0
/spttest/mixed_10K_5oa,1cba,10240,0/0
/spttest/mixed_10K_5ob,1cbb,10240,0/0
/spttest/mixed_10K_5oc,1cbc,10240,0/0
/spttest/mixed_10K_5od,1cbd,10240,0/0
/spttest/mixed_10K_5oe,1cbe,10240,0/0
/spttest/mixed_10K_5of,1cbf,10240,0/0
/spttest/mixed_10K_5og,1cc0,10240,0/0
/spttest/mixed_10K_5oh,1cc1,10240,0/0
/spttest/mixed_10K_5oi,1cc2,10240,0/0
/spttest/mixed_10K_5oj,1cc3,10240,0/0
/spttest/mixed_10K_5ok,1cc4,10240,0/0
/spttest/mixed_10K_5ol,1cc5,10240,0/0
/spttest/mixed_10K_5om,1cc6,10240,0/0
/spttest/mixed_10K_5on,1cc7,10240,0/0
/spttest/mixed_10K_5oo,1cc8,10240,0/0
/spttest/mixed_10K_5op,1cc9,10240,0/0
/spttest/mixed_10K_5oq,1cca,10240,0/0
/spttest/mixed_10K_5or,1ccb,10240,0/0
/spttest/mixed_10K_5os,1ccc,10240,0/0
/spttest/mixed_10K_5ot,1ccd,10240,0/0
/spttest/mixed_10K_5ou,1cce,10240,0/0
/spttest/mixed_10K_5ov,1ccf,10240,0/0
/spttest/mixed_10K_5ow,1cd0,10240,0/0
/spttest/mixed_10K_5ox,1cd1,10240,0/0
/spttest/mixed_10K_5oy,1cd2,10240,0/0
/spttest/mixed_10K_5oz,1cd3,10240,0/0
/spttest/mixed_10K_5p0,1cd4,10240,0/0
/spttest/mixed_10K_5p1,1cd5,10240,0/0
/spttest/mixed_10K_5p2,1cd6,10240,0/0
/spttest/mixed_10K_5p3,1cd7,10240,0/0
/spttest/mixed_10K_5p4,1cd8,10240,0/0
/spttest/mixed_10K_5p5,1cd9,10240,0/0
/spttest/mixed_10K_5p6,1cda,10240,0/0
/spttest/mixed_10K_5p7,1cdb,10240,0/0
/spttest/mixed_10K_5p8,1cdc,10240,0/0
/spttest/mixed_10K_5p9,1cdd,10240,0/0
/spttest/mixed_10K_5pa,1cde,10240,0/0
/spttest/mixed_10K_5pb,1cdf,10240,0/0
/spttest/mixed_10K_5pc,1ce0,10240,0/0
/spttest/mixed_10K_5pd,1ce1,10240,0/0
/spttest/mixed_10K_5pe,1ce2,10240,0/0
/spttest/mixed_10K_5pf,1ce3,10240,0/0
/spttest/mixed_10K_5pg,1ce4,10240,0/0
/spttest/mixed_10K_5ph,1ce5,10240,0/0
/spttest/mixed_10K_5pi,1ce6,10240,0/0
/spttest/mixed_10K_5pj,1ce7,10240,0/0
/spttest/mixed_10K_5pk,1ce8,10240,0/0
/spttest/mixed_10K_5pl,1ce9,10240,0/0
/spttest/mixed_10K_5pm,1cea,10240,0/0
/spttest/mixed_10K_5pn,1ceb,10240,0/0
/spttest/mixed_10K_5po,1cec,10240,0/0
/spttest/mixed_10K_5pp,1ced,10240,0/0
/spttest/mixed_10K_5pq,1cee,10240,0/0
/spttest/mixed_10K_5pr,1cef,10240,0/0
/spttest/mixed_10K_5ps,1cf0,10240,0/0
/spttest/mixed_10K_5pt,1cf1,10240,0/0
/spttest/mixed_10K_5pu,1cf2,10240,0/0
/spttest/mixed_10K_5pv,1cf3,10240,0/0
/spttest/mixed_10K_5pw,1cf4,10240,0/0
/spttest/mixed_10K_5px,1cf5,10240,0/0
/spttest/mixed_10K_5py,1cf6,10240,0/0
/spttest/mixed_10K_5pz,1cf7,10240,0/0
/spttest/mixed_10K_5q0,1cf8,10240,0/0
/spttest/mixed_10K_5q1,1cf9,10240,0/0
/spttest/mixed_10K_5q2,1cfa,10240,0/0
/spttest/mixed_10K_5q3,1cfb,10240,0/0
/spttest/mixed_10K_5q4,1cfc,10240,0/0
/spttest/mixed_10K_5q5,1cfd,10240,0/0
/spttest/mixed_10K_5q6,1cfe,10240,0/0
/spttest/mixed_10K_5q7,1cff,10240,0/0
/spttest/mixed_10K_5q8,1d00,10240,0/0
/spttest/mixed_10K_5q9,1d01,10240,0/0
/spttest/mixed_10K_5qa,1d02,10240,0/0
/spttest/mixed_10K_5qb,1d03,10240,0/0
/spttest/mixed_10K_5qc,1d04,10240,0/0
/spttest/mixed_10K_5qd,1d05,10240,0/0
/spttest/mixed_10K_5qe,1d06,10240,0/0
/spttest/mixed_10K_5qf,1d07,10240,0/0
/spttest/mixed_10K_5qg,1d08,10240,0/0
/spttest/mixed_10K_5qh,1d09,10240,0/0
/spttest/mixed_10K_5qi,1d0a,10240,0/0
/spttest/mixed_10K_5qj,1d0b,10240,0/0
/spttest/mixed_10K_5qk,1d0c,10240,0/0
/spttest/mixed_10K_5ql,1d0d,10240,0/0
/spttest/mixed_10K_5qm,1d0e,10240,0/0
/spttest/mixed_10K_5qn,1d0f,10240,0/0
/spttest/mixed_10K_5qo,1d10,10240,0/0
/spttest/mixed_10K_5qp,1d11,10240,0/0
/spttest/mixed_10K_5qq,1d12,10240,0/0
/spttest/mixed_10K_5qr,1d13,10240,0/0
/spttest/mixed_10K_5qs,1d14,10240,0/0
/spttest/mixed_10K_5qt,1d15,10240,0/0
/spttest/mixed_10K_5qu,1d16,10240,0/0
/spttest/mixed_10K_5qv,1d17,10240,0/0
/spttest/mixed_10K_5qw,1d18,10240,0/0
/spttest/mixed_10K_5qx,1d19,10240,0/0
/spttest/mixed_10K_5qy,1d1a,10240,0/0
/spttest/mixed_10K_5qz,1d1b,10240,0/0
/spttest/mixed_10K_5r0,1d1c,10240,0/0
/spttest/mixed_10K_5r1,1d1d,10240,0/0
/spttest/mixed_10K_5r2,1d1e,10240,0/0
/spttest/mixed_10K_5r3,1d1f,10240,0/0
/spttest/mixed_10K_5r4,1d20,10240,0/0
/spttest/mixed_10K_5r5,1d21,10240,0/0
/spttest/mixed_10K_5r6,1d22,10240,0/0
/spttest/mixed_10K_5r7,1d23,10240,0/0
/spttest/mixed_10K_5r8,1d24,10240,0/0
/spttest/mixed_10K_5r9,1d25,10240,0/0
/spttest/mixed_10K_5ra,1d26,10240,0/0
/spttest/mixed_10K_5rb,1d27,10240,0/0
/spttest/mixed_10K_5rc,1d28,10240,0/0
/spttest/mixed_10K_5rd,1d29,10240,0/0
/spttest/mixed_10K_5re,1d2a,10240,0/0
/spttest/mixed_10K_5rf,1d2b,10240,0/0
/spttest/mixed_10K_5rg,1d2c,10240,0/0
/spttest/mixed_10K_5rh,1d2d,10240,0/0
/spttest/mixed_10K_5ri,1d2e,10240,0/0
/spttest/mixed_10K_5rj,1d2f,10240,0/0
/spttest/mixed_10K_5rk,1d30,10240,0/0
/spttest/mixed_10K_5rl,1d31,10240,0/0
/spttest/mixed_10K_5rm,1d32,10240,0/0
/spttest/mixed_10K_5rn,1d33,10240,0/0
/spttest/mixed_10K_5ro,1d34,10240,0/0
/spttest/mixed_10K_5rp,1d35,10240,0/0
/spttest/mixed_10K_5rq,1d36,10240,0/0
/spttest/mixed_10K_5rr,1d37,10240,0/0
/spttest/mixed_10K_5rs,1d38,10240,0/0
/spttest/mixed_10K_5rt,1d39,10240,0/0
/spttest/mixed_10K_5ru,1d3a,10240,0/0
/spttest/mixed_10K_5rv,1d3b,10240,0/0
/spttest/mixed_10K_5rw,1d3c,10240,0/0
/spttest/mixed_10K_5rx,1d3d,10240,0/0
/spttest/mixed_10K_5ry,1d3e,10240,0/0
/spttest/mixed_10K_5rz,1d3f,10240,0/0
/spttest/mixed_10K_5s0,1d40,10240,0/0
/spttest/mixed_10K_5s1,1d41,10240,0/0
/spttest/mixed_10K_5s2,1d42,10240,0/0
/spttest/mixed_10K_5s3,1d43,10240,0/0
/spttest/mixed_10K_5s4,1d44,10240,0/0
/spttest/mixed_10K_5s5,1d45,10240,0/0
/spttest/mixed_10K_5s6,1d46,10240,0/0
/spttest/mixed_10K_5s7,1d47,10240,0/0
/spttest/mixed_10K_5s8,1d48,10240,0/0
/spttest/mixed_10K_5s9,1d49,10240,0/0
/spttest/mixed_10K_5sa,1d4a,10240,0/0
/spttest/mixed_10K_5sb,1d4b,10240,0/0
/spttest/mixed_10K_5sc,1d4c,10240,0/0
/spttest/mixed_10K_5sd,1d4d,10240,0/0
/spttest/mixed_10K_5se,1d4e,10240,0/0
/spttest/mixed_10K_5sf,1d4f,10240,0/0
/spttest/mixed_10K_5sg,1d50,10240,0/0
/spttest/mixed_10K_5sh,1d51,10240,0/0
/spttest/mixed_10K_5si,1d52,10240,0/0
/spttest/mixed_10K_5sj,1d53,10240,0/0
/spttest/mixed_10K_5sk,1d54,10240,0/0
/spttest/mixed_10K_5sl,1d55,10240,0/0
/spttest/mixed_10K_5sm,1d56,10240,0/0
/spttest/mixed_10K_5sn,1d57,10240,0/0
/spttest/mixed_10K_5so,1d58,10240,0/0
/spttest/mixed_10K_5sp,1d59,10240,0/0
/spttest/mixed_10K_5sq,1d5a,10240,0/0
/spttest/mixed_10K_5sr,1d5b,10240,0/0
/spttest/mixed_10K_5ss,1d5c,10240,0/0
/spttest/mixed_10K_5st,1d5d,10240,0/0
/spttest/mixed_10K_5su,1d5e,10240,0/0
/spttest/mixed_10K_5sv,1d5f,10240,0/0
/spttest/mixed_10K_5sw,1d60,10240,0/0
/spttest/mixed_10K_5sx,1d61,10240,0/0
/spttest/mixed_10K_5sy,1d62,10240,0/0
/spttest/mixed_10K_5sz,1d63,10240,0/0
/spttest/mixed_10K_5t0,1d64,10240,0/0
/spttest/mixed_10K_5t1,1d65,10240,0/0
/spttest/mixed_10K_5t2,1d66,10240,0/0
/spttest/mixed_10K_5t3,1d67,10240,0/0
/spttest/mixed_10K_5t4,1d68,10240,0/0
/spttest/mixed_10K_5t5,1d69,10240,0/0
/spttest/mixed_10K_5t6,1d6a,10240,0/0
/spttest/mixed_10K_5t7,1d6b,10240,0/0
/spttest/mixed_10K_5t8,1d6c,10240,0/0
/spttest/mixed_10K_5t9,1d6d,10240,0/0
/spttest/mixed_10K_5ta,1d6e,10240,0/0
/spttest/mixed_10K_5tb,1d6f,10240,0/0
/spttest/mixed_10K_5tc,1d70,10240,0/0
/spttest/mixed_10K_5td,1d71,10240,0/0
/spttest/mixed_10K_5te,1d72,10240,0/0
/spttest/mixed_10K_5tf,1d73,10240,0/0
/spttest/mixed_10K_5tg,1d74,10240,0/0
/spttest/mixed_10K_5th,1d75,10240,0/0
/spttest/mixed_10K_5ti,1d76,10240,0/0
/spttest/mixed_10K_5tj,1d77,10240,0/0
/spttest/mixed_10K_5tk,1d78,10240,0/0
/spttest/mixed_10K_5tl,1d79,10240,0/0
/spttest/mixed_10K_5tm,1d7a,10240,0/0
/spttest/mixed_10K_5tn,1d7b,10240,0/0
/spttest/mixed_10K_5to,1d7c,10240,0/0
/spttest/mixed_10K_5tp,1d7d,10240,0/0
/spttest/mixed_10K_5tq,1d7e,10240,0/0
/spttest/mixed_10K_5tr,1d7f,10240,0/0
/spttest/mixed_10K_5ts,1d80,10240,0/0
/spttest/mixed_10K_5tt,1d81,10240,0/0
/spttest/mixed_10K_5tu,1d82,10240,0/0
/spttest/mixed_10K_5tv,1d83,10240,0/0
/spttest/mixed_10K_5tw,1d84,10240,0/0
/spttest/mixed_10K_5tx,1d85,10240,0/0
/spttest/mixed_10K_5ty,1d86,10240,0/0
/spttest/mixed_10K_5tz,1d87,10240,0/0
/spttest/mixed_10K_5u0,1d88,10240,0/0
/spttest/mixed_10K_5u1,1d89,10240,0/0
/spttest/mixed_10K_5u2,1d8a,10240,0/0
/spttest/mixed_10K_5u3,1d8b,10240,0/0
/spttest/mixed_10K_5u4,1d8c,10240,0/0
/spttest/mixed_10K_5u5,1d8d,10240,0/0
/spttest/mixed_10K_5u6,1d8e,10240,0/0
/spttest/mixed_10K_5u7,1d8f,10240,0/0
/spttest/mixed_10K_5u8,1d90,10240,0/0
/spttest/mixed_10K_5u9,1d91,10240,0/0
/spttest/mixed_10K_5ua,1d92,10240,0/0
/spttest/mixed_10K_5ub,1d93,10240,0/0
/spttest/mixed_10K_5uc,1d94,10240,0/0
/spttest/mixed_10K_5ud,1d95,10240,0/0
/spttest/mixed_10K_5ue,1d96,10240,0/0
/spttest/mixed_10K_5uf,1d97,10240,0/0
/spttest/mixed_10K_5ug,1d98,10240,0/0
/spttest/mixed_10K_5uh,1d99,10240,0/0
/spttest/mixed_10K_5ui,1d9a,10240,0/0
/spttest/mixed_10K_5uj,1d9b,10240,0/0
/spttest/mixed_10K_5uk,1d9c,10240,0/0
/spttest/mixed_10K_5ul,1d9d,10240,0/0
/spttest/mixed_10K_5um,1d9e,10240,0/0
/spttest/mixed_10K_5un,1d9f,10240,0/0
/spttest/mixed_10K_5uo,1da0,10240,0/0
/spttest/mixed_10K_5up,1da1,10240,0/0
/spttest/mixed_10K_5uq,1da2,10240,0/0
/spttest/mixed_10K_5ur,1da3,10240,0/0
/spttest/mixed_10K_5us,1da4,10240,0/0
/spttest/mixed_10K_5ut,1da5,10240,0/0
/spttest/mixed_10K_5uu,1da6,10240,0/0
/spttest/mixed_10K_5uv,1da7,10240,0/0
/spttest/mixed_10K_5uw,1da8,10240,0/0
/spttest/mixed_10K_5ux,1da9,10240,0/0
/spttest/mixed_10K_5uy,1daa,10240,0/0
/spttest/mixed_10K_5uz,1dab,10240,0/0
/spttest/mixed_10K_5v0,1dac,10240,0/0
/spttest/mixed_10K_5v1,1dad,10240,0/0
/spttest/mixed_10K_5v2,1dae,10240,0/0
/spttest/mixed_10K_5v3,1daf,10240,0/0
/spttest/mixed_10K_5v4,1db0,10240,0/0
/spttest/mixed_10K_5v5,1db1,10240,0/0
/spttest/mixed_10K_5v6,1db2,10240,0/0
/spttest/mixed_10K_5v7,1db3,10240,0/0
/spttest/mixed_10K_5v8,1db4,10240,0/0
/spttest/mixed_10K_5v9,1db5,10240,0/0
/spttest/mixed_10K_5va,1db6,10240,0/0
/spttest/mixed_10K_5vb,1db7,10240,0/0
/spttest/mixed_10K_5vc,1db8,10240,0/0
/spttest/mixed_10K_5vd,1db9,10240,0/0
/spttest/mixed_10K_5ve,1dba,10240,0/0
/spttest/mixed_10K_5vf,1dbb,10240,0/0
/spttest/mixed_10K_5vg,1dbc,10240,0/0
/spttest/mixed_10K_5vh,1dbd,10240,0/0
/spttest/mixed_10K_5vi,1dbe,10240,0/0
/spttest/mixed_10K_5vj,1dbf,10240,0/0
/spttest/mixed_10K_5vk,1dc0,10240,0/0
/spttest/mixed_10K_5vl,1dc1,10240,0/0
/spttest/mixed_10K_5vm,1dc2,10240,0/0
/spttest/mixed_10K_5vn,1dc3,10240,0/0
/spttest/mixed_10K_5vo,1dc4,10240,0/0
/spttest/mixed_10K_5vp,1dc5,10240,0/0
/spttest/mixed_10K_5vq,1dc6,10240,0/0
/spttest/mixed_10K_5vr,1dc7,10240,0/0
/spttest/mixed_10K_5vs,1dc8,10240,0/0
/spttest/mixed_10K_5vt,1dc9,10240,0/0
/spttest/mixed_10K_5vu,1dca,10240,0/0
/spttest/mixed_10K_5vv,1dcb,10240,0/0
/spttest/mixed_10K_5vw,1dcc,10240,0/0
/spttest/mixed_10K_5vx,1dcd,10240,0/0
/spttest/mixed_10K_5vy,1dce,10240,0/0
/spttest/mixed_10K_5vz,1dcf,10240,0/0
/spttest/mixed_10K_5w0,1dd0,10240,0/0
/spttest/mixed_10K_5w1,1dd1,10240,0/0
/spttest/mixed_10K_5w2,1dd2,10240,0/0
/spttest/mixed_10K_5w3,1dd3,10240,0/0
/spttest/mixed_10K_5w4,1dd4,10240,0/0
/spttest/mixed_10K_5w5,1dd5,10240,0/0
/spttest/mixed_10K_5w6,1dd6,10240,0/0
/spttest/mixed_10K_5w7,1dd7,10240,0/0
/spttest/mixed_10K_5w8,1dd8,10240,0/0
/spttest/mixed_10K_5w9,1dd9,10240,0/0
/spttest/mixed_10K_5wa,1dda,10240,0/0
/spttest/mixed_10K_5wb,1ddb,10240,0/0
/spttest/mixed_10K_5wc,1ddc,10240,0/0
/spttest/mixed_10K_5wd,1ddd,10240,0/0
/spttest/mixed_10K_5we,1dde,10240,0/0
/spttest/mixed_10K_5wf,1ddf,10240,0/0
/spttest/mixed_10K_5wg,1de0,10240,0/0
/spttest/mixed_10K_5wh,1de1,10240,0/0
/spttest/mixed_10K_5wi,1de2,10240,0/0
/spttest/mixed_10K_5wj,1de3,10240,0/0
/spttest/mixed_10K_5wk,1de4,10240,0/0
/spttest/mixed_10K_5wl,1de5,10240,0/0
/spttest/mixed_10K_5wm,1de6,10240,0/0
/spttest/mixed_10K_5wn,1de7,10240,0/0
/spttest/mixed_10K_5wo,1de8,10240,0/0
/spttest/mixed_10K_5wp,1de9,10240,0/0
/spttest/mixed_10K_5wq,1dea,10240,0/0
/spttest/mixed_10K_5wr,1deb,10240,0/0
/spttest/mixed_10K_5ws,1dec,10240,0/0
/spttest/mixed_10K_5wt,1ded,10240,0/0
/spttest/mixed_10K_5wu,1dee,10240,0/0
/spttest/mixed_10K_5wv,1def,10240,0/0
/spttest/mixed_10K_5ww,1df0,10240,0/0
/spttest/mixed_10K_5wx,1df1,10240,0/0
/spttest/mixed_10K_5wy,1df2,10240,0/0
/spttest/mixed_10K_5wz,1df3,10240,0/0
/spttest/mixed_10K_5x0,1df4,10240,0/0
/spttest/mixed_10K_5x1,1df5,10240,0/0
/spttest/mixed_10K_5x2,1df6,10240,0/0
/spttest/mixed_10K_5x3,1df7,10240,0/0
/spttest/mixed_10K_5x4,1df8,10240,0/0
/spttest/mixed_10K_5x5,1df9,10240,0/0
/spttest/mixed_10K_5x6,1dfa,10240,0/0
/spttest/mixed_10K_5x7,1dfb,10240,0/0
/spttest/mixed_10K_5x8,1dfc,10240,0/0
/spttest/mixed_10K_5x9,1dfd,10240,0/0
/spttest/mixed_10K_5xa,1dfe,10240,0/0
/spttest/mixed_10K_5xb,1dff,10240,0/0
/spttest/mixed_10K_5xc,1e00,10240,0/0
/spttest/mixed_10K_5xd,1e01,10240,0/0
/spttest/mixed_10K_5xe,1e02,10240,0/0
/spttest/mixed_10K_5xf,1e03,10240,0/0
/spttest/mixed_10K_5xg,1e04,10240,0/0
/spttest/mixed_10K_5xh,1e05,10240,0/0
/spttest/mixed_10K_5xi,1e06,10240,0/0
/spttest/mixed_10K_5xj,1e07,10240,0/0
/spttest/mixed_10K_5xk,1e08,10240,0/0
/spttest/mixed_10K_5xl,1e09,10240,0/0
/spttest/mixed_10K_5xm,1e0a,10240,0/0
/spttest/mixed_10K_5xn,1e0b,10240,0/0
/spttest/mixed_10K_5xo,1e0c,10240,0/0
/spttest/mixed_10K_5xp,1e0d,10240,0/0
/spttest/mixed_10K_5xq,1e0e,10240,0/0
/spttest/mixed_10K_5xr,1e0f,10240,0/0
/spttest/mixed_10K_5xs,1e10,10240,0/0
/spttest/mixed_10K_5xt,1e11,10240,0/0
/spttest/mixed_10K_5xu,1e12,10240,0/0
/spttest/mixed_10K_5xv,1e13,10240,0/0
/spttest/mixed_10K_5xw,1e14,10240,0/0
/spttest/mixed_10K_5xx,1e15,10240,0/0
/spttest/mixed_10K_5xy,1e16,10240,0/0
/spttest/mixed_10K_5xz,1e17,10240,0/0
/spttest/mixed_10K_5y0,1e18,10240,0/0
/spttest/mixed_10K_5y1,1e19,10240,0/0
/spttest/mixed_10K_5y2,1e1a,10240,0/0
/spttest/mixed_10K_5y3,1e1b,10240,0/0
/spttest/mixed_10K_5y4,1e1c,10240,0/0
/spttest/mixed_10K_5y5,1e1d,10240,0/0
/spttest/mixed_10K_5y6,1e1e,10240,0/0
/spttest/mixed_10K_5y7,1e1f,10240,0/0
/spttest/mixed_10K_5y8,1e20,10240,0/0
/spttest/mixed_10K_5y9,1e21,10240,0/0
/spttest/mixed_10K_5ya,1e22,10240,0/0
/spttest/mixed_10K_5yb,1e23,10240,0/0
/spttest/mixed_10K_5yc,1e24,10240,0/0
/spttest/mixed_10K_5yd,1e25,10240,0/0
/spttest/mixed_10K_5ye,1e26,10240,0/0
/spttest/mixed_10K_5yf,1e27,10240,0/0
/spttest/mixed_10K_5yg,1e28,10240,0/0
/spttest/mixed_10K_5yh,1e29,10240,0/0
/spttest/mixed_10K_5yi,1e2a,10240,0/0
/spttest/mixed_10K_5yj,1e2b,10240,0/0
/spttest/mixed_10K_5yk,1e2c,10240,0/0
/spttest/mixed_10K_5yl,1e2d,10240,0/0
/spttest/mixed_10K_5ym,1e2e,10240,0/0
/spttest/mixed_10K_5yn,1e2f,10240,0/0
/spttest/mixed_10K_5yo,1e30,10240,0/0
/spttest/mixed_10K_5yp,1e31,10240,0/0
/spttest/mixed_10K_5yq,1e32,10240,0/0
/spttest/mixed_10K_5yr,1e33,10240,0/0
/spttest/mixed_10K_5ys,1e34,10240,0/0
/spttest/mixed_10K_5yt,1e35,10240,0/0
/spttest/mixed_10K_5yu,1e36,10240,0/0
/spttest/mixed_10K_5yv,1e37,10240,0/0
/spttest/mixed_10K_5yw,1e38,10240,0/0
/spttest/mixed_10K_5yx,1e39,10240,0/0
/spttest/mixed_10K_5yy,1e3a,10240,0/0
/spttest/mixed_10K_5yz,1e3b,10240,0/0
/spttest/mixed_10K_5z0,1e3c,10240,0/0
/spttest/mixed_10K_5z1,1e3d,10240,0/0
/spttest/mixed_10K_5z2,1e3e,10240,0/0
/spttest/mixed_10K_5z3,1e3f,10240,0/0
/spttest/mixed_10K_5z4,1e40,10240,0/0
/spttest/mixed_10K_5z5,1e41,10240,0/0
/spttest/mixed_10K_5z6,1e42,10240,0/0
/spttest/mixed_10K_5z7,1e43,10240,0/0
/spttest/mixed_10K_5z8,1e44,10240,0/0
/spttest/mixed_10K_5z9,1e45,10240,0/0
/spttest/mixed_10K_5za,1e46,10240,0/0
/spttest/mixed_10K_5zb,1e47,10240,0/0
/spttest/mixed_10K_5zc,1e48,10240,0/0
/spttest/mixed_10K_5zd,1e49,10240,0/0
/spttest/mixed_10K_5ze,1e4a,10240,0/0
/spttest/mixed_10K_5zf,1e4b,10240,0/0
/spttest/mixed_10K_5zg,1e4c,10240,0/0
/spttest/mixed_10K_5zh,1e4d,10240,0/0
/spttest/mixed_10K_5zi,1e4e,10240,0/0
/spttest/mixed_10K_5zj,1e4f,10240,0/0
/spttest/mixed_10K_5zk,1e50,10240,0/0
/spttest/mixed_10K_5zl,1e51,10240,0/0
/spttest/mixed_10K_5zm,1e52,10240,0/0
/spttest/mixed_10K_5zn,1e53,10240,0/0
/spttest/mixed_10K_5zo,1e54,10240,0/0
/spttest/mixed_10K_5zp,1e55,10240,0/0
/spttest/mixed_10K_5zq,1e56,10240,0/0
/spttest/mixed_10K_5zr,1e57,10240,0/0
/spttest/mixed_10K_5zs,1e58,10240,0/0
/spttest/mixed_10K_5zt,1e59,10240,0/0
/spttest/mixed_10K_5zu,1e5a,10240,0/0
/spttest/mixed_10K_5zv,1e5b,10240,0/0
/spttest/mixed_10K_5zw,1e5c,10240,0/0
/spttest/mixed_10K_5zx,1e5d,10240,0/0
/spttest/mixed_10K_5zy,1e5e,10240,0/0
/spttest/mixed_10K_5zz,1e5f,10240,0/0
/spttest/mixed_10K_600,1e60,10240,0/0
/spttest/mixed_10K_601,1e61,10240,0/0
/spttest/mixed_10K_602,1e62,10240,0/0
/spttest/mixed_10K_603,1e63,10240,0/0
/spttest/mixed_10K_604,1e64,10240,0/0
/spttest/mixed_10K_605,1e65,10240,0/0
/spttest/mixed_10K_606,1e66,10240,0/0
/spttest/mixed_10K_607,1e67,10240,0/0
/spttest/mixed_10K_608,1e68,10240,0/0
/spttest/mixed_10K_609,1e69,10240,0/0
/spttest/mixed_10K_60a,1e6a,10240,0/0
/spttest/mixed_10K_60b,1e6b,10240,0/0
/spttest/mixed_10K_60c,1e6c,10240,0/0
/spttest/mixed_10K_60d,1e6d,10240,0/0
/spttest/mixed_10K_60e,1e6e,10240,0/0
/spttest/mixed_10K_60f,1e6f,10240,0/0
/spttest/mixed_10K_60g,1e70,10240,0/0
/spttest/mixed_10K_60h,1e71,10240,0/0
/spttest/mixed_10K_60i,1e72,10240,0/0
/spttest/mixed_10K_60j,1e73,10240,0/0
/spttest/mixed_10K_60k,1e74,10240,0/0
/spttest/mixed_10K_60l,1e75,10240,0/0
/spttest/mixed_10K_60m,1e76,10240,0/0
/spttest/mixed_10K_60n,1e77,10240,0/0
/spttest/mixed_10K_60o,1e78,10240,0/0
/spttest/mixed_10K_60p,1e79,10240,0/0
/spttest/mixed_10K_60q,1e7a,10240,0/0
/spttest/mixed_10K_60r,1e7b,10240,0/0
/spttest/mixed_10K_60s,1e7c,10240,0/0
/spttest/mixed_10K_60t,1e7d,10240,0/0
/spttest/mixed_10K_60u,1e7e,10240,0/0
/spttest/mixed_10K_60v,1e7f,10240,0/0
/spttest/mixed_10K_60w,1e80,10240,0/0
/spttest/mixed_10K_60x,1e81,10240,0/0
/spttest/mixed_10K_60y,1e82,10240,0/0
/spttest/mixed_10K_60z,1e83,10240,0/0
/spttest/mixed_10K_610,1e84,10240,0/0
/spttest/mixed_10K_611,1e85,10240,0/0
/spttest/mixed_10K_612,1e86,10240,0/0
/spttest/mixed_10K_613,1e87,10240,0/0
/spttest/mixed_10K_614,1e88,10240,0/0
/spttest/mixed_10K_615,1e89,10240,0/0
/spttest/mixed_10K_616,1e8a,10240,0/0
/spttest/mixed_10K_617,1e8b,10240,0/0
/spttest/mixed_10K_618,1e8c,10240,0/0
/spttest/mixed_10K_619,1e8d,10240,0/0
/spttest/mixed_10K_61a,1e8e,10240,0/0
/spttest/mixed_10K_61b,1e8f,10240,0/0
/spttest/mixed_10K_61c,1e90,10240,0/0
/spttest/mixed_10K_61d,1e91,10240,0/0
/spttest/mixed_10K_61e,1e92,10240,0/0
/spttest/mixed_10K_61f,1e93,10240,0/0
/spttest/mixed_10K_61g,1e94,10240,0/0
/spttest/mixed_10K_61h,1e95,10240,0/0
/spttest/mixed_10K_61i,1e96,10240,0/0
/spttest/mixed_10K_61j,1e97,10240,0/0
/spttest/mixed_10K_61k,1e98,10240,0/0
/spttest/mixed_10K_61l,1e99,10240,0/0
/spttest/mixed_10K_61m,1e9a,10240,0/0
/spttest/mixed_10K_61n,1e9b,10240,0/0
/spttest/mixed_10K_61o,1e9c,10240,0/0
/spttest/mixed_10K_61p,1e9d,10240,0/0
/spttest/mixed_10K_61q,1e9e,10240,0/0
/spttest/mixed_10K_61r,1e9f,10240,0/0
/spttest/mixed_10K_61s,1ea0,10240,0/0
/spttest/mixed_10K_61t,1ea1,10240,0/0
/spttest/mixed_10K_61u,1ea2,10240,0/0
/spttest/mixed_10K_61v,1ea3,10240,0/0
/spttest/mixed_10K_61w,1ea4,10240,0/0
/spttest/mixed_10K_61x,1ea5,10240,0/0
/spttest/mixed_10K_61y,1ea6,10240,0/0
/spttest/mixed_10K_61z,1ea7,10240,0/0
/spttest/mixed_10K_620,1ea8,10240,0/0
/spttest/mixed_10K_621,1ea9,10240,0/0
/spttest/mixed_10K_622,1eaa,10240,0/0
/spttest/mixed_10K_623,1eab,10240,0/0
/spttest/mixed_10K_624,1eac,10240,0/0
/spttest/mixed_10K_625,1ead,10240,0/0
/spttest/mixed_10K_626,1eae,10240,0/0
/spttest/mixed_10K_627,1eaf,10240,0/0
/spttest/mixed_10K_628,1eb0,10240,0/0
/spttest/mixed_10K_629,1eb1,10240,0/0
/spttest/mixed_10K_62a,1eb2,10240,0/0
/spttest/mixed_10K_62b,1eb3,10240,0/0
/spttest/mixed_10K_62c,1eb4,10240,0/0
/spttest/mixed_10K_62d,1eb5,10240,0/0
/spttest/mixed_10K_62e,1eb6,10240,0/0
/spttest/mixed_10K_62f,1eb7,10240,0/0
/spttest/mixed_10K_62g,1eb8,10240,0/0
/spttest/mixed_10K_62h,1eb9,10240,0/0
/spttest/mixed_10K_62i,1eba,10240,0/0
/spttest/mixed_10K_62j,1ebb,10240,0/0
/spttest/mixed_10K_62k,1ebc,10240,0/0
/spttest/mixed_10K_62l,1ebd,10240,0/0
/spttest/mixed_10K_62m,1ebe,10240,0/0
/spttest/mixed_10K_62n,1ebf,10240,0/0
/spttest/mixed_10K_62o,1ec0,10240,0/0
/spttest/mixed_10K_62p,1ec1,10240,0/0
/spttest/mixed_10K_62q,1ec2,10240,0/0
/spttest/mixed_10K_62r,1ec3,10240,0/0
/spttest/mixed_10K_62s,1ec4,10240,0/0
/spttest/mixed_10K_62t,1ec5,10240,0/0
/spttest/mixed_10K_62u,1ec6,10240,0/0
/spttest/mixed_10K_62v,1ec7,10240,0/0
/spttest/mixed_10K_62w,1ec8,10240,0/0
/spttest/mixed_10K_62x,1ec9,10240,0/0
/spttest/mixed_10K_62y,1eca,10240,0/0
/spttest/mixed_10K_62z,1ecb,10240,0/0
/spttest/mixed_10K_630,1ecc,10240,0/0
/spttest/mixed_10K_631,1ecd,10240,0/0
/spttest/mixed_10K_632,1ece,10240,0/0
/spttest/mixed_10K_633,1ecf,10240,0/0
/spttest/mixed_10K_634,1ed0,10240,0/0
/spttest/mixed_10K_635,1ed1,10240,0/0
/spttest/mixed_10K_636,1ed2,10240,0/0
/spttest/mixed_10K_637,1ed3,10240,0/0
/spttest/mixed_10K_638,1ed4,10240,0/0
/spttest/mixed_10K_639,1ed5,10240,0/0
/spttest/mixed_10K_63a,1ed6,10240,0/0
/spttest/mixed_10K_63b,1ed7,10240,0/0
/spttest/mixed_10K_63c,1ed8,10240,0/0
/spttest/mixed_10K_63d,1ed9,10240,0/0
/spttest/mixed_10K_63e,1eda,10240,0/0
/spttest/mixed_10K_63f,1edb,10240,0/0
/spttest/mixed_10K_63g,1edc,10240,0/0
/spttest/mixed_10K_63h,1edd,10240,0/0
/spttest/mixed_10K_63i,1ede,10240,0/0
/spttest/mixed_10K_63j,1edf,10240,0/0
/spttest/mixed_10K_63k,1ee0,10240,0/0
/spttest/mixed_10K_63l,1ee1,10240,0/0
/spttest/mixed_10K_63m,1ee2,10240,0/0
/spttest/mixed_10K_63n,1ee3,10240,0/0
/spttest/mixed_10K_63o,1ee4,10240,0/0
/spttest/mixed_10K_63p,1ee5,10240,0/0
/spttest/mixed_10K_63q,1ee6,10240,0/0
/spttest/mixed_10K_63r,1ee7,10240,0/0
/spttest/mixed_10K_63s,1ee8,10240,0/0
/spttest/mixed_10K_63t,1ee9,10240,0/0
/spttest/mixed_10K_63u,1eea,10240,0/0
/spttest/mixed_10K_63v,1eeb,10240,0/0
/spttest/mixed_10K_63w,1eec,10240,0/0
/spttest/mixed_10K_63x,1eed,10240,0/0
/spttest/mixed_10K_63y,1eee,10240,0/0
/spttest/mixed_10K_63z,1eef,10240,0/0
/spttest/mixed_10K_640,1ef0,10240,0/0
/spttest/mixed_10K_641,1ef1,10240,0/0
/spttest/mixed_10K_642,1ef2,10240,0/0
/spttest/mixed_10K_643,1ef3,10240,0/0
/spttest/mixed_10K_644,1ef4,10240,0/0
/spttest/mixed_10K_645,1ef5,10240,0/0
/spttest/mixed_10K_646,1ef6,10240,0/0
/spttest/mixed_10K_647,1ef7,10240,0/0
/spttest/mixed_10K_648,1ef8,10240,0/0
/spttest/mixed_10K_649,1ef9,10240,0/0
/spttest/mixed_10K_64a,1efa,10240,0/0
/spttest/mixed_10K_64b,1efb,10240,0/0
/spttest/mixed_10K_64c,1efc,10240,0/0
/spttest/mixed_10K_64d,1efd,10240,0/0
/spttest/mixed_10K_64e,1efe,10240,0/0
/spttest/mixed_10K_64f,1eff,10240,0/0
/spttest/mixed_10K_64g,1f00,10240,0/0
/spttest/mixed_10K_64h,1f01,10240,0/0
/spttest/mixed_10K_64i,1f02,10240,0/0
/spttest/mixed_10K_64j,1f03,10240,0/0
/spttest/mixed_10K_64k,1f04,10240,0/0
/spttest/mixed_10K_64l,1f05,10240,0/0
/spttest/mixed_10K_64m,1f06,10240,0/0
/spttest/mixed_10K_64n,1f07,10240,0/0
/spttest/mixed_10K_64o,1f08,10240,0/0
/spttest/mixed_10K_64p,1f09,10240,0/0
/spttest/mixed_10K_64q,1f0a,10240,0/0
/spttest/mixed_10K_64r,1f0b,10240,0/0
/spttest/mixed_10K_64s,1f0c,10240,0/0
/spttest/mixed_10K_64t,1f0d,10240,0/0
/spttest/mixed_10K_64u,1f0e,10240,0/0
/spttest/mixed_10K_64v,1f0f,10240,0/0
/spttest/mixed_10K_64w,1f10,10240,0/0
/spttest/mixed_10K_64x,1f11,10240,0/0
/spttest/mixed_10K_64y,1f12,10240,0/0
/spttest/mixed_10K_64z,1f13,10240,0/0
/spttest/mixed_10K_650,1f14,10240,0/0
/spttest/mixed_10K_651,1f15,10240,0/0
/spttest/mixed_10K_652,1f16,10240,0/0
/spttest/mixed_10K_653,1f17,10240,0/0
/spttest/mixed_10K_654,1f18,10240,0/0
/spttest/mixed_10K_655,1f19,10240,0/0
/spttest/mixed_10K_656,1f1a,10240,0/0
/spttest/mixed_10K_657,1f1b,10240,0/0
/spttest/mixed_10K_658,1f1c,10240,0/0
/spttest/mixed_10K_659,1f1d,10240,0/0
/spttest/mixed_10K_65a,1f1e,10240,0/0
/spttest/mixed_10K_65b,1f1f,10240,0/0
/spttest/mixed_10K_65c,1f20,10240,0/0
/spttest/mixed_10K_65d,1f21,10240,0/0
/spttest/mixed_10K_65e,1f22,10240,0/0
/spttest/mixed_10K_65f,1f23,10240,0/0
/spttest/mixed_10K_65g,1f24,10240,0/0
/spttest/mixed_10K_65h,1f25,10240,0/0
/spttest/mixed_10K_65i,1f26,10240,0/0
/spttest/mixed_10K_65j,1f27,10240,0/0
/spttest/mixed_10K_65k,1f28,10240,0/0
/spttest/mixed_10K_65l,1f29,10240,0/0
/spttest/mixed_10K_65m,1f2a,10240,0/0
/spttest/mixed_10K_65n,1f2b,10240,0/0
/spttest/mixed_10K_65o,1f2c,10240,0/0
/spttest/mixed_10K_65p,1f2d,10240,0/0
/spttest/mixed_10K_65q,1f2e,10240,0/0
/spttest/mixed_10K_65r,1f2f,10240,0/0
/spttest/mixed_10K_65s,1f30,10240,0/0
/spttest/mixed_10K_65t,1f31,10240,0/0
/spttest/mixed_10K_65u,1f32,10240,0/0
/spttest/mixed_10K_65v,1f33,10240,0/0
/spttest/mixed_10K_65w,1f34,10240,0/0
/spttest/mixed_10K_65x,1f35,10240,0/0
/spttest/mixed_10K_65y,1f36,10240,0/0
/spttest/mixed_10K_65z,1f37,10240,0/0
/spttest/mixed_10K_660,1f38,10240,0/0
/spttest/mixed_10K_661,1f39,10240,0/0
/spttest/mixed_10K_662,1f3a,10240,0/0
/spttest/mixed_10K_663,1f3b,10240,0/0
/spttest/mixed_10K_664,1f3c,10240,0/0
/spttest/mixed_10K_665,1f3d,10240,0/0
/spttest/mixed_10K_666,1f3e,10240,0/0
/spttest/mixed_10K_667,1f3f,10240,0/0
/spttest/mixed_10K_668,1f40,10240,0/0
/spttest/mixed_10K_669,1f41,10240,0/0
/spttest/mixed_10K_66a,1f42,10240,0/0
/spttest/mixed_10K_66b,1f43,10240,0/0
/spttest/mixed_10K_66c,1f44,10240,0/0
/spttest/mixed_10K_66d,1f45,10240,0/0
/spttest/mixed_10K_66e,1f46,10240,0/0
/spttest/mixed_10K_66f,1f47,10240,0/0
/spttest/mixed_10K_66g,1f48,10240,0/0
/spttest/mixed_10K_66h,1f49,10240,0/0
/spttest/mixed_10K_66i,1f4a,10240,0/0
/spttest/mixed_10K_66j,1f4b,10240,0/0
/spttest/mixed_10K_66k,1f4c,10240,0/0
/spttest/mixed_10K_66l,1f4d,10240,0/0
/spttest/mixed_10K_66m,1f4e,10240,0/0
/spttest/mixed_10K_66n,1f4f,10240,0/0
/spttest/mixed_10K_66o,1f50,10240,0/0
/spttest/mixed_10K_66p,1f51,10240,0/0
/spttest/mixed_10K_66q,1f52,10240,0/0
/spttest/mixed_10K_66r,1f53,10240,0/0
/spttest/mixed_10K_66s,1f54,10240,0/0
/spttest/mixed_10K_66t,1f55,10240,0/0
/spttest/mixed_10K_66u,1f56,10240,0/0
/spttest/mixed_10K_66v,1f57,10240,0/0
/spttest/mixed_10K_66w,1f58,10240,0/0
/spttest/mixed_10K_66x,1f59,10240,0/0
/spttest/mixed_10K_66y,1f5a,10240,0/0
/spttest/mixed_10K_66z,1f5b,10240,0/0
/spttest/mixed_10K_670,1f5c,10240,0/0
/spttest/mixed_10K_671,1f5d,10240,0/0
/spttest/mixed_10K_672,1f5e,10240,0/0
/spttest/mixed_10K_673,1f5f,10240,0/0
/spttest/mixed_10K_674,1f60,10240,0/0
/spttest/mixed_10K_675,1f61,10240,0/0
/spttest/mixed_10K_676,1f62,10240,0/0
/spttest/mixed_10K_677,1f63,10240,0/0
/spttest/mixed_10K_678,1f64,10240,0/0
/spttest/mixed_10K_679,1f65,10240,0/0
/spttest/mixed_10K_67a,1f66,10240,0/0
/spttest/mixed_10K_67b,1f67,10240,0/0
/spttest/mixed_10K_67c,1f68,10240,0/0
/spttest/mixed_10K_67d,1f69,10240,0/0
/spttest/mixed_10K_67e,1f6a,10240,0/0
/spttest/mixed_10K_67f,1f6b,10240,0/0
/spttest/mixed_10K_67g,1f6c,10240,0/0
/spttest/mixed_10K_67h,1f6d,10240,0/0
/spttest/mixed_10K_67i,1f6e,10240,0/0
/spttest/mixed_10K_67j,1f6f,10240,0/0
/spttest/mixed_10K_67k,1f70,10240,0/0
/spttest/mixed_10K_67l,1f71,10240,0/0
/spttest/mixed_10K_67m,1f72,10240,0/0
/spttest/mixed_10K_67n,1f73,10240,0/0
/spttest/mixed_10K_67o,1f74,10240,0/0
/spttest/mixed_10K_67p,1f75,10240,0/0
/spttest/mixed_10K_67q,1f76,10240,0/0
/spttest/mixed_10K_67r,1f77,10240,0/0
/spttest/mixed_10K_67s,1f78,10240,0/0
/spttest/mixed_10K_67t,1f79,10240,0/0
/spttest/mixed_10K_67u,1f7a,10240,0/0
/spttest/mixed_10K_67v,1f7b,10240,0/0
/spttest/mixed_10K_67w,1f7c,10240,0/0
/spttest/mixed_10K_67x,1f7d,10240,0/0
/spttest/mixed_10K_67y,1f7e,10240,0/0
/spttest/mixed_10K_67z,1f7f,10240,0/0
/spttest/mixed_10K_680,1f80,10240,0/0
/spttest/mixed_10K_681,1f81,10240,0/0
/spttest/mixed_10K_682,1f82,10240,0/0
/spttest/mixed_10K_683,1f83,10240,0/0
/spttest/mixed_10K_684,1f84,10240,0/0
/spttest/mixed_10K_685,1f85,10240,0/0
/spttest/mixed_10K_686,1f86,10240,0/0
/spttest/mixed_10K_687,1f87,10240,0/0
/spttest/mixed_10K_688,1f88,10240,0/0
/spttest/mixed_10K_689,1f89,10240,0/0
/spttest/mixed_10K_68a,1f8a,10240,0/0
/spttest/mixed_10K_68b,1f8b,10240,0/0
/spttest/mixed_10K_68c,1f8c,10240,0/0
/spttest/mixed_10K_68d,1f8d,10240,0/0
/spttest/mixed_10K_68e,1f8e,10240,0/0
/spttest/mixed_10K_68f,1f8f,10240,0/0
/spttest/mixed_10K_68g,1f90,10240,0/0
/spttest/mixed_10K_68h,1f91,10240,0/0
/spttest/mixed_10K_68i,1f92,10240,0/0
/spttest/mixed_10K_68j,1f93,10240,0/0
/spttest/mixed_10K_68k,1f94,10240,0/0
/spttest/mixed_10K_68l,1f95,10240,0/0
/spttest/mixed_10K_68m,1f96,10240,0/0
/spttest/mixed_10K_68n,1f97,10240,0/0
/spttest/mixed_10K_68o,1f98,10240,0/0
/spttest/mixed_10K_68p,1f99,10240,0/0
/spttest/mixed_10K_68q,1f9a,10240,0/0
/spttest/mixed_10K_68r,1f9b,10240,0/0
/spttest/mixed_10K_68s,1f9c,10240,0/0
/spttest/mixed_10K_68t,1f9d,10240,0/0
/spttest/mixed_10K_68u,1f9e,10240,0/0
/spttest/mixed_10K_68v,1f9f,10240,0/0
/spttest/mixed_10K_68w,1fa0,10240,0/0
/spttest/mixed_10K_68x,1fa1,10240,0/0
/spttest/mixed_10K_68y,1fa2,10240,0/0
/spttest/mixed_10K_68z,1fa3,10240,0/0
/spttest/mixed_10K_690,1fa4,10240,0/0
/spttest/mixed_10K_691,1fa5,10240,0/0
/spttest/mixed_10K_692,1fa6,10240,0/0
/spttest/mixed_10K_693,1fa7,10240,0/0
/spttest/mixed_10K_694,1fa8,10240,0/0
/spttest/mixed_10K_695,1fa9,10240,0/0
/spttest/mixed_10K_696,1faa,10240,0/0
/spttest/mixed_10K_697,1fab,10240,0/0
/spttest/mixed_10K_698,1fac,10240,0/0
/spttest/mixed_10K_699,1fad,10240,0/0
/spttest/mixed_10K_69a,1fae,10240,0/0
/spttest/mixed_10K_69b,1faf,10240,0/0
/spttest/mixed_10K_69c,1fb0,10240,0/0
/spttest/mixed_10K_69d,1fb1,10240,0/0
/spttest/mixed_10K_69e,1fb2,10240,0/0
/spttest/mixed_10K_69f,1fb3,10240,0/0
/spttest/mixed_10K_69g,1fb4,10240,0/0
/spttest/mixed_10K_69h,1fb5,10240,0/0
/spttest/mixed_10K_69i,1fb6,10240,0/0
/spttest/mixed_10K_69j,1fb7,10240,0/0
/spttest/mixed_10K_69k,1fb8,10240,0/0
/spttest/mixed_10K_69l,1fb9,10240,0/0
/spttest/mixed_10K_69m,1fba,10240,0/0
/spttest/mixed_10K_69n,1fbb,10240,0/0
/spttest/mixed_10K_69o,1fbc,10240,0/0
/spttest/mixed_10K_69p,1fbd,10240,0/0
/spttest/mixed_10K_69q,1fbe,10240,0/0
/spttest/mixed_10K_69r,1fbf,10240,0/0
/spttest/mixed_10K_69s,1fc0,10240,0/0
/spttest/mixed_10K_69t,1fc1,10240,0/0
/spttest/mixed_10K_69u,1fc2,10240,0/0
/spttest/mixed_10K_69v,1fc3,10240,0/0
/spttest/mixed_10K_69w,1fc4,10240,0/0
/spttest/mixed_10K_69x,1fc5,10240,0/0
/spttest/mixed_10K_69y,1fc6,10240,0/0
/spttest/mixed_10K_69z,1fc7,10240,0/0
/spttest/mixed_10K_6a0,1fc8,10240,0/0
/spttest/mixed_10K_6a1,1fc9,10240,0/0
/spttest/mixed_10K_6a2,1fca,10240,0/0
/spttest/mixed_10K_6a3,1fcb,10240,0/0
/spttest/mixed_10K_6a4,1fcc,10240,0/0
/spttest/mixed_10K_6a5,1fcd,10240,0/0
/spttest/mixed_10K_6a6,1fce,10240,0/0
/spttest/mixed_10K_6a7,1fcf,10240,0/0
/spttest/mixed_10K_6a8,1fd0,10240,0/0
/spttest/mixed_10K_6a9,1fd1,10240,0/0
/spttest/mixed_10K_6aa,1fd2,10240,0/0
/spttest/mixed_10K_6ab,1fd3,10240,0/0
/spttest/mixed_10K_6ac,1fd4,10240,0/0
/spttest/mixed_10K_6ad,1fd5,10240,0/0
/spttest/mixed_10K_6ae,1fd6,10240,0/0
/spttest/mixed_10K_6af,1fd7,10240,0/0
/spttest/mixed_10K_6ag,1fd8,10240,0/0
/spttest/mixed_10K_6ah,1fd9,10240,0/0
/spttest/mixed_10K_6ai,1fda,10240,0/0
/spttest/mixed_10K_6aj,1fdb,10240,0/0
/spttest/mixed_10K_6ak,1fdc,10240,0/0
/spttest/mixed_10K_6al,1fdd,10240,0/0
/spttest/mixed_10K_6am,1fde,10240,0/0
/spttest/mixed_10K_6an,1fdf,10240,0/0
/spttest/mixed_10K_6ao,1fe0,10240,0/0
/spttest/mixed_10K_6ap,1fe1,10240,0/0
/spttest/mixed_10K_6aq,1fe2,10240,0/0
/spttest/mixed_10K_6ar,1fe3,10240,0/0
/spttest/mixed_10K_6as,1fe4,10240,0/0
/spttest/mixed_10K_6at,1fe5,10240,0/0
/spttest/mixed_10K_6au,1fe6,10240,0/0
/spttest/mixed_10K_6av,1fe7,10240,0/0
/spttest/mixed_10K_6aw,1fe8,10240,0/0
/spttest/mixed_10K_6ax,1fe9,10240,0/0
/spttest/mixed_10K_6ay,1fea,10240,0/0
/spttest/mixed_10K_6az,1feb,10240,0/0
/spttest/mixed_10K_6b0,1fec,10240,0/0
/spttest/mixed_10K_6b1,1fed,10240,0/0
/spttest/mixed_10K_6b2,1fee,10240,0/0
/spttest/mixed_10K_6b3,1fef,10240,0/0
/spttest/mixed_10K_6b4,1ff0,10240,0/0
/spttest/mixed_10K_6b5,1ff1,10240,0/0
/spttest/mixed_10K_6b6,1ff2,10240,0/0
/spttest/mixed_10K_6b7,1ff3,10240,0/0
/spttest/mixed_10K_6b8,1ff4,10240,0/0
/spttest/mixed_10K_6b9,1ff5,10240,0/0
/spttest/mixed_10K_6ba,1ff6,10240,0/0
/spttest/mixed_10K_6bb,1ff7,10240,0/0
/spttest/mixed_10K_6bc,1ff8,10240,0/0
/spttest/mixed_10K_6bd,1ff9,10240,0/0
/spttest/mixed_10K_6be,1ffa,10240,0/0
/spttest/mixed_10K_6bf,1ffb,10240,0/0
/spttest/mixed_10K_6bg,1ffc,10240,0/0
/spttest/mixed_10K_6bh,1ffd,10240,0/0
/spttest/mixed_10K_6bi,1ffe,10240,0/0
/spttest/mixed_10K_6bj,1fff,10240,0/0
/spttest/mixed_10K_6bk,2000,10240,0/0
/spttest/mixed_10K_6bl,2001,10240,0/0
/spttest/mixed_10K_6bm,2002,10240,0/0
/spttest/mixed_10K_6bn,2003,10240,0/0
/spttest/mixed_10K_6bo,2004,10240,0/0
/spttest/mixed_10K_6bp,2005,10240,0/0
/spttest/mixed_10K_6bq,2006,10240,0/0
/spttest/mixed_10K_6br,2007,10240,0/0
/spttest/mixed_10K_6bs,2008,10240,0/0
/spttest/mixed_10K_6bt,2009,10240,0/0
/spttest/mixed_10K_6bu,200a,10240,0/0
/spttest/mixed_10K_6bv,200b,10240,0/0
/spttest/mixed_10K_6bw,200c,10240,0/0
/spttest/mixed_10K_6bx,200d,10240,0/0
/spttest/mixed_10K_6by,200e,10240,0/0
/spttest/mixed_10K_6bz,200f,10240,0/0
/spttest/mixed_10K_6c0,2010,10240,0/0
/spttest/mixed_10K_6c1,2011,10240,0/0
/spttest/mixed_10K_6c2,2012,10240,0/0
/spttest/mixed_10K_6c3,2013,10240,0/0
/spttest/mixed_10K_6c4,2014,10240,0/0
/spttest/mixed_10K_6c5,2015,10240,0/0
/spttest/mixed_10K_6c6,2016,10240,0/0
/spttest/mixed_10K_6c7,2017,10240,0/0
/spttest/mixed_10K_6c8,2018,10240,0/0
/spttest/mixed_10K_6c9,2019,10240,0/0
/spttest/mixed_10K_6ca,201a,10240,0/0
/spttest/mixed_10K_6cb,201b,10240,0/0
/spttest/mixed_10K_6cc,201c,10240,0/0
/spttest/mixed_10K_6cd,201d,10240,0/0
/spttest/mixed_10K_6ce,201e,10240,0/0
/spttest/mixed_10K_6cf,201f,10240,0/0
/spttest/mixed_10K_6cg,2020,10240,0/0
/spttest/mixed_10K_6ch,2021,10240,0/0
/spttest/mixed_10K_6ci,2022,10240,0/0
/spttest/mixed_10K_6cj,2023,10240,0/0
/spttest/mixed_10K_6ck,2024,10240,0/0
/spttest/mixed_10K_6cl,2025,10240,0/0
/spttest/mixed_10K_6cm,2026,10240,0/0
/spttest/mixed_10K_6cn,2027,10240,0/0
/spttest/mixed_10K_6co,2028,10240,0/0
/spttest/mixed_10K_6cp,2029,10240,0/0
/spttest/mixed_10K_6cq,202a,10240,0/0
/spttest/mixed_10K_6cr,202b,10240,0/0
/spttest/mixed_10K_6cs,202c,10240,0/0
/spttest/mixed_10K_6ct,202d,10240,0/0
/spttest/mixed_10K_6cu,202e,10240,0/0
/spttest/mixed_10K_6cv,202f,10240,0/0
/spttest/mixed_10K_6cw,2030,10240,0/0
/spttest/mixed_10K_6cx,2031,10240,0/0
/spttest/mixed_10K_6cy,2032,10240,0/0
/spttest/mixed_10K_6cz,2033,10240,0/0
/spttest/mixed_10K_6d0,2034,10240,0/0
/spttest/mixed_10K_6d1,2035,10240,0/0
/spttest/mixed_10K_6d2,2036,10240,0/0
/spttest/mixed_10K_6d3,2037,10240,0/0
/spttest/mixed_10K_6d4,2038,10240,0/0
/spttest/mixed_10K_6d5,2039,10240,0/0
/spttest/mixed_10K_6d6,203a,10240,0/0
/spttest/mixed_10K_6d7,203b,10240,0/0
/spttest/mixed_10K_6d8,203c,10240,0/0
/spttest/mixed_10K_6d9,203d,10240,0/0
/spttest/mixed_10K_6da,203e,10240,0/0
/spttest/mixed_10K_6db,203f,10240,0/0
/spttest/mixed_10K_6dc,2040,10240,0/0
/spttest/mixed_10K_6dd,2041,10240,0/0
/spttest/mixed_10K_6de,2042,10240,0/0
/spttest/mixed_10K_6df,2043,10240,0/0
/spttest/mixed_10K_6dg,2044,10240,0/0
/spttest/mixed_10K_6dh,2045,10240,0/0
/spttest/mixed_10K_6di,2046,10240,0/0
/spttest/mixed_10K_6dj,2047,10240,0/0
/spttest/mixed_10K_6dk,2048,10240,0/0
/spttest/mixed_10K_6dl,2049,10240,0/0
/spttest/mixed_10K_6dm,204a,10240,0/0
/spttest/mixed_10K_6dn,204b,10240,0/0
/spttest/mixed_10K_6do,204c,10240,0/0
/spttest/mixed_10K_6dp,204d,10240,0/0
/spttest/mixed_10K_6dq,204e,10240,0/0
/spttest/mixed_10K_6dr,204f,10240,0/0
/spttest/mixed_10K_6ds,2050,10240,0/0
/spttest/mixed_10K_6dt,2051,10240,0/0
/spttest/mixed_10K_6du,2052,10240,0/0
/spttest/mixed_10K_6dv,2053,10240,0/0
/spttest/mixed_10K_6dw,2054,10240,0/0
/spttest/mixed_10K_6dx,2055,10240,0/0
/spttest/mixed_10K_6dy,2056,10240,0/0
/spttest/mixed_10K_6dz,2057,10240,0/0
/spttest/mixed_10K_6e0,2058,10240,0/0
/spttest/mixed_10K_6e1,2059,10240,0/0
/spttest/mixed_10K_6e2,205a,10240,0/0
/spttest/mixed_10K_6e3,205b,10240,0/0
/spttest/mixed_10K_6e4,205c,10240,0/0
/spttest/mixed_10K_6e5,205d,10240,0/0
/spttest/mixed_10K_6e6,205e,10240,0/0
/spttest/mixed_10K_6e7,205f,10240,0/0
/spttest/mixed_10K_6e8,2060,10240,0/0
/spttest/mixed_10K_6e9,2061,10240,0/0
/spttest/mixed_10K_6ea,2062,10240,0/0
/spttest/mixed_10K_6eb,2063,10240,0/0
/spttest/mixed_10K_6ec,2064,10240,0/0
/spttest/mixed_10K_6ed,2065,10240,0/0
/spttest/mixed_10K_6ee,2066,10240,0/0
/spttest/mixed_10K_6ef,2067,10240,0/0
/spttest/mixed_10K_6eg,2068,10240,0/0
/spttest/mixed_10K_6eh,2069,10240,0/0
/spttest/mixed_10K_6ei,206a,10240,0/0
/spttest/mixed_10K_6ej,206b,10240,0/0
/spttest/mixed_10K_6ek,206c,10240,0/0
/spttest/mixed_10K_6el,206d,10240,0/0
/spttest/mixed_10K_6em,206e,10240,0/0
/spttest/mixed_10K_6en,206f,10240,0/0
/spttest/mixed_10K_6eo,2070,10240,0/0
/spttest/mixed_10K_6ep,2071,10240,0/0
/spttest/mixed_10K_6eq,2072,10240,0/0
/spttest/mixed_10K_6er,2073,10240,0/0
/spttest/mixed_10K_6es,2074,10240,0/0
/spttest/mixed_10K_6et,2075,10240,0/0
/spttest/mixed_10K_6eu,2076,10240,0/0
/spttest/mixed_10K_6ev,2077,10240,0/0
/spttest/mixed_10K_6ew,2078,10240,0/0
/spttest/mixed_10K_6ex,2079,10240,0/0
/spttest/mixed_10K_6ey,207a,10240,0/0
/spttest/mixed_10K_6ez,207b,10240,0/0
/spttest/mixed_10K_6f0,207c,10240,0/0
/spttest/mixed_10K_6f1,207d,10240,0/0
/spttest/mixed_10K_6f2,207e,10240,0/0
/spttest/mixed_10K_6f3,207f,10240,0/0
/spttest/mixed_10K_6f4,2080,10240,0/0
/spttest/mixed_10K_6f5,2081,10240,0/0
/spttest/mixed_10K_6f6,2082,10240,0/0
/spttest/mixed_10K_6f7,2083,10240,0/0
/spttest/mixed_10K_6f8,2084,10240,0/0
/spttest/mixed_10K_6f9,2085,10240,0/0
/spttest/mixed_10K_6fa,2086,10240,0/0
/spttest/mixed_10K_6fb,2087,10240,0/0
/spttest/mixed_10K_6fc,2088,10240,0/0
/spttest/mixed_10K_6fd,2089,10240,0/0
/spttest/mixed_10K_6fe,208a,10240,0/0
/spttest/mixed_10K_6ff,208b,10240,0/0
/spttest/mixed_10K_6fg,208c,10240,0/0
/spttest/mixed_10K_6fh,208d,10240,0/0
/spttest/mixed_10K_6fi,208e,10240,0/0
/spttest/mixed_10K_6fj,208f,10240,0/0
/spttest/mixed_10K_6fk,2090,10240,0/0
/spttest/mixed_10K_6fl,2091,10240,0/0
/spttest/mixed_10K_6fm,2092,10240,0/0
/spttest/mixed_10K_6fn,2093,10240,0/0
/spttest/mixed_10K_6fo,2094,10240,0/0
/spttest/mixed_10K_6fp,2095,10240,0/0
/spttest/mixed_10K_6fq,2096,10240,0/0
/spttest/mixed_10K_6fr,2097,10240,0/0
/spttest/mixed_10K_6fs,2098,10240,0/0
/spttest/mixed_10K_6ft,2099,10240,0/0
/spttest/mixed_10K_6fu,209a,10240,0/0
/spttest/mixed_10K_6fv,209b,10240,0/0
/spttest/mixed_10K_6fw,209c,10240,0/0
/spttest/mixed_10K_6fx,209d,10240,0/0
/spttest/mixed_10K_6fy,209e,10240,0/0
/spttest/mixed_10K_6fz,209f,10240,0/0
/spttest/mixed_10K_6g0,20a0,10240,0/0
/spttest/mixed_10K_6g1,20a1,10240,0/0
/spttest/mixed_10K_6g2,20a2,10240,0/0
/spttest/mixed_10K_6g3,20a3,10240,0/0
/spttest/mixed_10K_6g4,20a4,10240,0/0
/spttest/mixed_10K_6g5,20a5,10240,0/0
/spttest/mixed_10K_6g6,20a6,10240,0/0
/spttest/mixed_10K_6g7,20a7,10240,0/0
/spttest/mixed_10K_6g8,20a8,10240,0/0
/spttest/mixed_10K_6g9,20a9,10240,0/0
/spttest/mixed_10K_6ga,20aa,10240,0/0
/spttest/mixed_10K_6gb,20ab,10240,0/0
/spttest/mixed_10K_6gc,20ac,10240,0/0
/spttest/mixed_10K_6gd,20ad,10240,0/0
/spttest/mixed_10K_6ge,20ae,10240,0/0
/spttest/mixed_10K_6gf,20af,10240,0/0
/spttest/mixed_10K_6gg,20b0,10240,0/0
/spttest/mixed_10K_6gh,20b1,10240,0/0
/spttest/mixed_10K_6gi,20b2,10240,0/0
/spttest/mixed_10K_6gj,20b3,10240,0/0
/spttest/mixed_10K_6gk,20b4,10240,0/0
/spttest/mixed_10K_6gl,20b5,10240,0/0
/spttest/mixed_10K_6gm,20b6,10240,0/0
/spttest/mixed_10K_6gn,20b7,10240,0/0
/spttest/mixed_10K_6go,20b8,10240,0/0
/spttest/mixed_10K_6gp,20b9,10240,0/0
/spttest/mixed_10K_6gq,20ba,10240,0/0
/spttest/mixed_10K_6gr,20bb,10240,0/0
/spttest/mixed_10K_6gs,20bc,10240,0/0
/spttest/mixed_10K_6gt,20bd,10240,0/0
/spttest/mixed_10K_6gu,20be,10240,0/0
/spttest/mixed_10K_6gv,20bf,10240,0/0
/spttest/mixed_10K_6gw,20c0,10240,0/0
/spttest/mixed_10K_6gx,20c1,10240,0/0
/spttest/mixed_10K_6gy,20c2,10240,0/0
/spttest/mixed_10K_6gz,20c3,10240,0/0
/spttest/mixed_10K_6h0,20c4,10240,0/0
/spttest/mixed_10K_6h1,20c5,10240,0/0
/spttest/mixed_10K_6h2,20c6,10240,0/0
/spttest/mixed_10K_6h3,20c7,10240,0/0
/spttest/mixed_10K_6h4,20c8,10240,0/0
/spttest/mixed_10K_6h5,20c9,10240,0/0
/spttest/mixed_10K_6h6,20ca,10240,0/0
/spttest/mixed_10K_6h7,20cb,10240,0/0
/spttest/mixed_10K_6h8,20cc,10240,0/0
/spttest/mixed_10K_6h9,20cd,10240,0/0
/spttest/mixed_10K_6ha,20ce,10240,0/0
/spttest/mixed_10K_6hb,20cf,10240,0/0
/spttest/mixed_10K_6hc,20d0,10240,0/0
/spttest/mixed_10K_6hd,20d1,10240,0/0
/spttest/mixed_10K_6he,20d2,10240,0/0
/spttest/mixed_10K_6hf,20d3,10240,0/0
/spttest/mixed_10K_6hg,20d4,10240,0/0
/spttest/mixed_10K_6hh,20d5,10240,0/0
/spttest/mixed_10K_6hi,20d6,10240,0/0
/spttest/mixed_10K_6hj,20d7,10240,0/0
/spttest/mixed_10K_6hk,20d8,10240,0/0
/spttest/mixed_10K_6hl,20d9,10240,0/0
/spttest/mixed_10K_6hm,20da,10240,0/0
/spttest/mixed_10K_6hn,20db,10240,0/0
/spttest/mixed_10K_6ho,20dc,10240,0/0
/spttest/mixed_10K_6hp,20dd,10240,0/0
/spttest/mixed_10K_6hq,20de,10240,0/0
/spttest/mixed_10K_6hr,20df,10240,0/0
/spttest/mixed_10K_6hs,20e0,10240,0/0
/spttest/mixed_10K_6ht,20e1,10240,0/0
/spttest/mixed_10K_6hu,20e2,10240,0/0
/spttest/mixed_10K_6hv,20e3,10240,0/0
/spttest/mixed_10K_6hw,20e4,10240,0/0
/spttest/mixed_10K_6hx,20e5,10240,0/0
/spttest/mixed_10K_6hy,20e6,10240,0/0
/spttest/mixed_10K_6hz,20e7,10240,0/0
/spttest/mixed_10K_6i0,20e8,10240,0/0
/spttest/mixed_10K_6i1,20e9,10240,0/0
/spttest/mixed_10K_6i2,20ea,10240,0/0
/spttest/mixed_10K_6i3,20eb,10240,0/0
/spttest/mixed_10K_6i4,20ec,10240,0/0
/spttest/mixed_10K_6i5,20ed,10240,0/0
/spttest/mixed_10K_6i6,20ee,10240,0/0
/spttest/mixed_10K_6i7,20ef,10240,0/0
/spttest/mixed_10K_6i8,20f0,10240,0/0
/spttest/mixed_10K_6i9,20f1,10240,0/0
/spttest/mixed_10K_6ia,20f2,10240,0/0
/spttest/mixed_10K_6ib,20f3,10240,0/0
/spttest/mixed_10K_6ic,20f4,10240,0/0
/spttest/mixed_10K_6id,20f5,10240,0/0
/spttest/mixed_10K_6ie,20f6,10240,0/0
/spttest/mixed_10K_6if,20f7,10240,0/0
/spttest/mixed_10K_6ig,20f8,10240,0/0
/spttest/mixed_10K_6ih,20f9,10240,0/0
/spttest/mixed_10K_6ii,20fa,10240,0/0
/spttest/mixed_10K_6ij,20fb,10240,0/0
/spttest/mixed_10K_6ik,20fc,10240,0/0
/spttest/mixed_10K_6il,20fd,10240,0/0
/spttest/mixed_10K_6im,20fe,10240,0/0
/spttest/mixed_10K_6in,20ff,10240,0/0
/spttest/mixed_10K_6io,2100,10240,0/0
/spttest/mixed_10K_6ip,2101,10240,0/0
/spttest/mixed_10K_6iq,2102,10240,0/0
/spttest/mixed_10K_6ir,2103,10240,0/0
/spttest/mixed_10K_6is,2104,10240,0/0
/spttest/mixed_10K_6it,2105,10240,0/0
/spttest/mixed_10K_6iu,2106,10240,0/0
/spttest/mixed_10K_6iv,2107,10240,0/0
/spttest/mixed_10K_6iw,2108,10240,0/0
/spttest/mixed_10K_6ix,2109,10240,0/0
/spttest/mixed_10K_6iy,210a,10240,0/0
/spttest/mixed_10K_6iz,210b,10240,0/0
/spttest/mixed_10K_6j0,210c,10240,0/0
/spttest/mixed_10K_6j1,210d,10240,0/0
/spttest/mixed_10K_6j2,210e,10240,0/0
/spttest/mixed_10K_6j3,210f,10240,0/0
/spttest/mixed_10K_6j4,2110,10240,0/0
/spttest/mixed_10K_6j5,2111,10240,0/0
/spttest/mixed_10K_6j6,2112,10240,0/0
/spttest/mixed_10K_6j7,2113,10240,0/0
/spttest/mixed_10K_6j8,2114,10240,0/0
/spttest/mixed_10K_6j9,2115,10240,0/0
/spttest/mixed_10K_6ja,2116,10240,0/0
/spttest/mixed_10K_6jb,2117,10240,0/0
/spttest/mixed_10K_6jc,2118,10240,0/0
/spttest/mixed_10K_6jd,2119,10240,0/0
/spttest/mixed_10K_6je,211a,10240,0/0
/spttest/mixed_10K_6jf,211b,10240,0/0
/spttest/mixed_10K_6jg,211c,10240,0/0
/spttest/mixed_10K_6jh,211d,10240,0/0
/spttest/mixed_10K_6ji,211e,10240,0/0
/spttest/mixed_10K_6jj,211f,10240,0/0
/spttest/mixed_10K_6jk,2120,10240,0/0
/spttest/mixed_10K_6jl,2121,10240,0/0
/spttest/mixed_10K_6jm,2122,10240,0/0
/spttest/mixed_10K_6jn,2123,10240,0/0
/spttest/mixed_10K_6jo,2124,10240,0/0
/spttest/mixed_10K_6jp,2125,10240,0/0
/spttest/mixed_10K_6jq,2126,10240,0/0
/spttest/mixed_10K_6jr,2127,10240,0/0
/spttest/mixed_10K_6js,2128,10240,0/0
/spttest/mixed_10K_6jt,2129,10240,0/0
/spttest/mixed_10K_6ju,212a,10240,0/0
/spttest/mixed_10K_6jv,212b,10240,0/0
/spttest/mixed_10K_6jw,212c,10240,0/0
/spttest/mixed_10K_6jx,212d,10240,0/0
/spttest/mixed_10K_6jy,212e,10240,0/0
/spttest/mixed_10K_6jz,212f,10240,0/0
/spttest/mixed_10K_6k0,2130,10240,0/0
/spttest/mixed_10K_6k1,2131,10240,0/0
/spttest/mixed_10K_6k2,2132,10240,0/0
/spttest/mixed_10K_6k3,2133,10240,0/0
/spttest/mixed_10K_6k4,2134,10240,0/0
/spttest/mixed_10K_6k5,2135,10240,0/0
/spttest/mixed_10K_6k6,2136,10240,0/0
/spttest/mixed_10K_6k7,2137,10240,0/0
/spttest/mixed_10K_6k8,2138,10240,0/0
/spttest/mixed_10K_6k9,2139,10240,0/0
/spttest/mixed_10K_6ka,213a,10240,0/0
/spttest/mixed_10K_6kb,213b,10240,0/0
/spttest/mixed_10K_6kc,213c,10240,0/0
/spttest/mixed_10K_6kd,213d,10240,0/0
/spttest/mixed_10K_6ke,213e,10240,0/0
/spttest/mixed_10K_6kf,213f,10240,0/0
/spttest/mixed_10K_6kg,2140,10240,0/0
/spttest/mixed_10K_6kh,2141,10240,0/0
/spttest/mixed_10K_6ki,2142,10240,0/0
/spttest/mixed_10K_6kj,2143,10240,0/0
/spttest/mixed_10K_6kk,2144,10240,0/0
/spttest/mixed_10K_6kl,2145,10240,0/0
/spttest/mixed_10K_6km,2146,10240,0/0
/spttest/mixed_10K_6kn,2147,10240,0/0
/spttest/mixed_10K_6ko,2148,10240,0/0
/spttest/mixed_10K_6kp,2149,10240,0/0
/spttest/mixed_10K_6kq,214a,10240,0/0
/spttest/mixed_10K_6kr,214b,10240,0/0
/spttest/mixed_10K_6ks,214c,10240,0/0
/spttest/mixed_10K_6kt,214d,10240,0/0
/spttest/mixed_10K_6ku,214e,10240,0/0
/spttest/mixed_10K_6kv,214f,10240,0/0
/spttest/mixed_10K_6kw,2150,10240,0/0
/spttest/mixed_10K_6kx,2151,10240,0/0
/spttest/mixed_10K_6ky,2152,10240,0/0
/spttest/mixed_10K_6kz,2153,10240,0/0
/spttest/mixed_10K_6l0,2154,10240,0/0
/spttest/mixed_10K_6l1,2155,10240,0/0
/spttest/mixed_10K_6l2,2156,10240,0/0
/spttest/mixed_10K_6l3,2157,10240,0/0
/spttest/mixed_10K_6l4,2158,10240,0/0
/spttest/mixed_10K_6l5,2159,10240,0/0
/spttest/mixed_10K_6l6,215a,10240,0/0
/spttest/mixed_10K_6l7,215b,10240,0/0
/spttest/mixed_10K_6l8,215c,10240,0/0
/spttest/mixed_10K_6l9,215d,10240,0/0
/spttest/mixed_10K_6la,215e,10240,0/0
/spttest/mixed_10K_6lb,215f,10240,0/0
/spttest/mixed_10K_6lc,2160,10240,0/0
/spttest/mixed_10K_6ld,2161,10240,0/0
/spttest/mixed_10K_6le,2162,10240,0/0
/spttest/mixed_10K_6lf,2163,10240,0/0
/spttest/mixed_10K_6lg,2164,10240,0/0
/spttest/mixed_10K_6lh,2165,10240,0/0
/spttest/mixed_10K_6li,2166,10240,0/0
/spttest/mixed_10K_6lj,2167,10240,0/0
/spttest/mixed_10K_6lk,2168,10240,0/0
/spttest/mixed_10K_6ll,2169,10240,0/0
/spttest/mixed_10K_6lm,216a,10240,0/0
/spttest/mixed_10K_6ln,216b,10240,0/0
/spttest/mixed_10K_6lo,216c,10240,0/0
/spttest/mixed_10K_6lp,216d,10240,0/0
/spttest/mixed_10K_6lq,216e,10240,0/0
/spttest/mixed_10K_6lr,216f,10240,0/0
/spttest/mixed_10K_6ls,2170,10240,0/0
/spttest/mixed_10K_6lt,2171,10240,0/0
/spttest/mixed_10K_6lu,2172,10240,0/0
/spttest/mixed_10K_6lv,2173,10240,0/0
/spttest/mixed_10K_6lw,2174,10240,0/0
/spttest/mixed_10K_6lx,2175,10240,0/0
/spttest/mixed_10K_6ly,2176,10240,0/0
/spttest/mixed_10K_6lz,2177,10240,0/0
/spttest/mixed_10K_6m0,2178,10240,0/0
/spttest/mixed_10K_6m1,2179,10240,0/0
/spttest/mixed_10K_6m2,217a,10240,0/0
/spttest/mixed_10K_6m3,217b,10240,0/0
/spttest/mixed_10K_6m4,217c,10240,0/0
/spttest/mixed_10K_6m5,217d,10240,0/0
/spttest/mixed_10K_6m6,217e,10240,0/0
/spttest/mixed_10K_6m7,217f,10240,0/0
/spttest/mixed_10K_6m8,2180,10240,0/0
/spttest/mixed_10K_6m9,2181,10240,0/0
/spttest/mixed_10K_6ma,2182,10240,0/0
/spttest/mixed_10K_6mb,2183,10240,0/0
/spttest/mixed_10K_6mc,2184,10240,0/0
/spttest/mixed_10K_6md,2185,10240,0/0
/spttest/mixed_10K_6me,2186,10240,0/0
/spttest/mixed_10K_6mf,2187,10240,0/0
/spttest/mixed_10K_6mg,2188,10240,0/0
/spttest/mixed_10K_6mh,2189,10240,0/0
/spttest/mixed_10K_6mi,218a,10240,0/0
/spttest/mixed_10K_6mj,218b,10240,0/0
/spttest/mixed_10K_6mk,218c,10240,0/0
/spttest/mixed_10K_6ml,218d,10240,0/0
/spttest/mixed_10K_6mm,218e,10240,0/0
/spttest/mixed_10K_6mn,218f,10240,0/0
/spttest/mixed_10K_6mo,2190,10240,0/0
/spttest/mixed_10K_6mp,2191,10240,0/0
/spttest/mixed_10K_6mq,2192,10240,0/0
/spttest/mixed_10K_6mr,2193,10240,0/0
/spttest/mixed_10K_6ms,2194,10240,0/0
/spttest/mixed_10K_6mt,2195,10240,0/0
/spttest/mixed_10K_6mu,2196,10240,0/0
/spttest/mixed_10K_6mv,2197,10240,0/0
/spttest/mixed_10K_6mw,2198,10240,0/0
/spttest/mixed_10K_6mx,2199,10240,0/0
/spttest/mixed_10K_6my,219a,10240,0/0
/spttest/mixed_10K_6mz,219b,10240,0/0
/spttest/mixed_10K_6n0,219c,10240,0/0
/spttest/mixed_10K_6n1,219d,10240,0/0
/spttest/mixed_10K_6n2,219e,10240,0/0
/spttest/mixed_10K_6n3,219f,10240,0/0
/spttest/mixed_10K_6n4,21a0,10240,0/0
/spttest/mixed_10K_6n5,21a1,10240,0/0
/spttest/mixed_10K_6n6,21a2,10240,0/0
/spttest/mixed_10K_6n7,21a3,10240,0/0
/spttest/mixed_10K_6n8,21a4,10240,0/0
/spttest/mixed_10K_6n9,21a5,10240,0/0
/spttest/mixed_10K_6na,21a6,10240,0/0
/spttest/mixed_10K_6nb,21a7,10240,0/0
/spttest/mixed_10K_6nc,21a8,10240,0/0
/spttest/mixed_10K_6nd,21a9,10240,0/0
/spttest/mixed_10K_6ne,21aa,10240,0/0
/spttest/mixed_10K_6nf,21ab,10240,0/0
/spttest/mixed_10K_6ng,21ac,10240,0/0
/spttest/mixed_10K_6nh,21ad,10240,0/0
/spttest/mixed_10K_6ni,21ae,10240,0/0
/spttest/mixed_10K_6nj,21af,10240,0/0
/spttest/mixed_10K_6nk,21b0,10240,0/0
/spttest/mixed_10K_6nl,21b1,10240,0/0
/spttest/mixed_10K_6nm,21b2,10240,0/0
/spttest/mixed_10K_6nn,21b3,10240,0/0
/spttest/mixed_10K_6no,21b4,10240,0/0
/spttest/mixed_10K_6np,21b5,10240,0/0
/spttest/mixed_10K_6nq,21b6,10240,0/0
/spttest/mixed_10K_6nr,21b7,10240,0/0
/spttest/mixed_10K_6ns,21b8,10240,0/0
/spttest/mixed_10K_6nt,21b9,10240,0/0
/spttest/mixed_10K_6nu,21ba,10240,0/0
/spttest/mixed_10K_6nv,21bb,10240,0/0
/spttest/mixed_10K_6nw,21bc,10240,0/0
/spttest/mixed_10K_6nx,21bd,10240,0/0
/spttest/mixed_10K_6ny,21be,10240,0/0
/spttest/mixed_10K_6nz,21bf,10240,0/0
/spttest/mixed_10K_6o0,21c0,10240,0/0
/spttest/mixed_10K_6o1,21c1,10240,0/0
/spttest/mixed_10K_6o2,21c2,10240,0/0
/spttest/mixed_10K_6o3,21c3,10240,0/0
/spttest/mixed_10K_6o4,21c4,10240,0/0
/spttest/mixed_10K_6o5,21c5,10240,0/0
/spttest/mixed_10K_6o6,21c6,10240,0/0
/spttest/mixed_10K_6o7,21c7,10240,0/0
/spttest/mixed_10K_6o8,21c8,10240,0/0
/spttest/mixed_10K_6o9,21c9,10240,0/0
/spttest/mixed_10K_6oa,21ca,10240,0/0
/spttest/mixed_10K_6ob,21cb,10240,0/0
/spttest/mixed_10K_6oc,21cc,10240,0/0
/spttest/mixed_10K_6od,21cd,10240,0/0
/spttest/mixed_10K_6oe,21ce,10240,0/0
/spttest/mixed_10K_6of,21cf,10240,0/0
/spttest/mixed_10K_6og,21d0,10240,0/0
/spttest/mixed_10K_6oh,21d1,10240,0/0
/spttest/mixed_10K_6oi,21d2,10240,0/0
/spttest/mixed_10K_6oj,21d3,10240,0/0
/spttest/mixed_10K_6ok,21d4,10240,0/0
/spttest/mixed_10K_6ol,21d5,10240,0/0
/spttest/mixed_10K_6om,21d6,10240,0/0
/spttest/mixed_10K_6on,21d7,10240,0/0
/spttest/mixed_10K_6oo,21d8,10240,0/0
/spttest/mixed_10K_6op,21d9,10240,0/0
/spttest/mixed_10K_6oq,21da,10240,0/0
/spttest/mixed_10K_6or,21db,10240,0/0
/spttest/mixed_10K_6os,21dc,10240,0/0
/spttest/mixed_10K_6ot,21dd,10240,0/0
/spttest/mixed_10K_6ou,21de,10240,0/0
/spttest/mixed_10K_6ov,21df,10240,0/0
/spttest/mixed_10K_6ow,21e0,10240,0/0
/spttest/mixed_10K_6ox,21e1,10240,0/0
/spttest/mixed_10K_6oy,21e2,10240,0/0
/spttest/mixed_10K_6oz,21e3,10240,0/0
/spttest/mixed_10K_6p0,21e4,10240,0/0
/spttest/mixed_10K_6p1,21e5,10240,0/0
/spttest/mixed_10K_6p2,21e6,10240,0/0
/spttest/mixed_10K_6p3,21e7,10240,0/0
/spttest/mixed_10K_6p4,21e8,10240,0/0
/spttest/mixed_10K_6p5,21e9,10240,0/0
/spttest/mixed_10K_6p6,21ea,10240,0/0
/spttest/mixed_10K_6p7,21eb,10240,0/0
/spttest/mixed_10K_6p8,21ec,10240,0/0
/spttest/mixed_10K_6p9,21ed,10240,0/0
/spttest/mixed_10K_6pa,21ee,10240,0/0
/spttest/mixed_10K_6pb,21ef,10240,0/0
/spttest/mixed_10K_6pc,21f0,10240,0/0
/spttest/mixed_10K_6pd,21f1,10240,0/0
/spttest/mixed_10K_6pe,21f2,10240,0/0
/spttest/mixed_10K_6pf,21f3,10240,0/0
/spttest/mixed_10K_6pg,21f4,10240,0/0
/spttest/mixed_10K_6ph,21f5,10240,0/0
/spttest/mixed_10K_6pi,21f6,10240,0/0
/spttest/mixed_10K_6pj,21f7,10240,0/0
/spttest/mixed_10K_6pk,21f8,10240,0/0
/spttest/mixed_10K_6pl,21f9,10240,0/0
/spttest/mixed_10K_6pm,21fa,10240,0/0
/spttest/mixed_10K_6pn,21fb,10240,0/0
/spttest/mixed_10K_6po,21fc,10240,0/0
/spttest/mixed_10K_6pp,21fd,10240,0/0
/spttest/mixed_10K_6pq,21fe,10240,0/0
/spttest/mixed_10K_6pr,21ff,10240,0/0
/spttest/mixed_10K_6ps,2200,10240,0/0
/spttest/mixed_10K_6pt,2201,10240,0/0
/spttest/mixed_10K_6pu,2202,10240,0/0
/spttest/mixed_10K_6pv,2203,10240,0/0
/spttest/mixed_10K_6pw,2204,10240,0/0
/spttest/mixed_10K_6px,2205,10240,0/0
/spttest/mixed_10K_6py,2206,10240,0/0
/spttest/mixed_10K_6pz,2207,10240,0/0
/spttest/mixed_10K_6q0,2208,10240,0/0
/spttest/mixed_10K_6q1,2209,10240,0/0
/spttest/mixed_10K_6q2,220a,10240,0/0
/spttest/mixed_10K_6q3,220b,10240,0/0
/spttest/mixed_10K_6q4,220c,10240,0/0
/spttest/mixed_10K_6q5,220d,10240,0/0
/spttest/mixed_10K_6q6,220e,10240,0/0
/spttest/mixed_10K_6q7,220f,10240,0/0
/spttest/mixed_10K_6q8,2210,10240,0/0
/spttest/mixed_10K_6q9,2211,10240,0/0
/spttest/mixed_10K_6qa,2212,10240,0/0
/spttest/mixed_10K_6qb,2213,10240,0/0
/spttest/mixed_10K_6qc,2214,10240,0/0
/spttest/mixed_10K_6qd,2215,10240,0/0
/spttest/mixed_10K_6qe,2216,10240,0/0
/spttest/mixed_10K_6qf,2217,10240,0/0
/spttest/mixed_10K_6qg,2218,10240,0/0
/spttest/mixed_10K_6qh,2219,10240,0/0
/spttest/mixed_10K_6qi,221a,10240,0/0
/spttest/mixed_10K_6qj,221b,10240,0/0
/spttest/mixed_10K_6qk,221c,10240,0/0
/spttest/mixed_10K_6ql,221d,10240,0/0
/spttest/mixed_10K_6qm,221e,10240,0/0
/spttest/mixed_10K_6qn,221f,10240,0/0
/spttest/mixed_10K_6qo,2220,10240,0/0
/spttest/mixed_10K_6qp,2221,10240,0/0
/spttest/mixed_10K_6qq,2222,10240,0/0
/spttest/mixed_10K_6qr,2223,10240,0/0
/spttest/mixed_10K_6qs,2224,10240,0/0
/spttest/mixed_10K_6qt,2225,10240,0/0
/spttest/mixed_10K_6qu,2226,10240,0/0
/spttest/mixed_10K_6qv,2227,10240,0/0
/spttest/mixed_10K_6qw,2228,10240,0/0
/spttest/mixed_10K_6qx,2229,10240,0/0
/spttest/mixed_10K_6qy,222a,10240,0/0
/spttest/mixed_10K_6qz,222b,10240,0/0
/spttest/mixed_10K_6r0,222c,10240,0/0
/spttest/mixed_10K_6r1,222d,10240,0/0
/spttest/mixed_10K_6r2,222e,10240,0/0
/spttest/mixed_10K_6r3,222f,10240,0/0
/spttest/mixed_10K_6r4,2230,10240,0/0
/spttest/mixed_10K_6r5,2231,10240,0/0
/spttest/mixed_10K_6r6,2232,10240,0/0
/spttest/mixed_10K_6r7,2233,10240,0/0
/spttest/mixed_10K_6r8,2234,10240,0/0
/spttest/mixed_10K_6r9,2235,10240,0/0
/spttest/mixed_10K_6ra,2236,10240,0/0
/spttest/mixed_10K_6rb,2237,10240,0/0
/spttest/mixed_10K_6rc,2238,10240,0/0
/spttest/mixed_10K_6rd,2239,10240,0/0
/spttest/mixed_10K_6re,223a,10240,0/0
/spttest/mixed_10K_6rf,223b,10240,0/0
/spttest/mixed_10K_6rg,223c,10240,0/0
/spttest/mixed_10K_6rh,223d,10240,0/0
/spttest/mixed_10K_6ri,223e,10240,0/0
/spttest/mixed_10K_6rj,223f,10240,0/0
/spttest/mixed_10K_6rk,2240,10240,0/0
/spttest/mixed_10K_6rl,2241,10240,0/0
/spttest/mixed_10K_6rm,2242,10240,0/0
/spttest/mixed_10K_6rn,2243,10240,0/0
/spttest/mixed_10K_6ro,2244,10240,0/0
/spttest/mixed_10K_6rp,2245,10240,0/0
/spttest/mixed_10K_6rq,2246,10240,0/0
/spttest/mixed_10K_6rr,2247,10240,0/0
/spttest/mixed_10K_6rs,2248,10240,0/0
/spttest/mixed_10K_6rt,2249,10240,0/0
/spttest/mixed_10K_6ru,224a,10240,0/0
/spttest/mixed_10K_6rv,224b,10240,0/0
/spttest/mixed_10K_6rw,224c,10240,0/0
/spttest/mixed_10K_6rx,224d,10240,0/0
/spttest/mixed_10K_6ry,224e,10240,0/0
/spttest/mixed_10K_6rz,224f,10240,0/0
/spttest/mixed_10K_6s0,2250,10240,0/0
/spttest/mixed_10K_6s1,2251,10240,0/0
/spttest/mixed_10K_6s2,2252,10240,0/0
/spttest/mixed_10K_6s3,2253,10240,0/0
/spttest/mixed_10K_6s4,2254,10240,0/0
/spttest/mixed_10K_6s5,2255,10240,0/0
/spttest/mixed_10K_6s6,2256,10240,0/0
/spttest/mixed_10K_6s7,2257,10240,0/0
/spttest/mixed_10K_6s8,2258,10240,0/0
/spttest/mixed_10K_6s9,2259,10240,0/0
/spttest/mixed_10K_6sa,225a,10240,0/0
/spttest/mixed_10K_6sb,225b,10240,0/0
/spttest/mixed_10K_6sc,225c,10240,0/0
/spttest/mixed_10K_6sd,225d,10240,0/0
/spttest/mixed_10K_6se,225e,10240,0/0
/spttest/mixed_10K_6sf,225f,10240,0/0
/spttest/mixed_10K_6sg,2260,10240,0/0
/spttest/mixed_10K_6sh,2261,10240,0/0
/spttest/mixed_10K_6si,2262,10240,0/0
/spttest/mixed_10K_6sj,2263,10240,0/0
/spttest/mixed_10K_6sk,2264,10240,0/0
/spttest/mixed_10K_6sl,2265,10240,0/0
/spttest/mixed_10K_6sm,2266,10240,0/0
/spttest/mixed_10K_6sn,2267,10240,0/0
/spttest/mixed_10K_6so,2268,10240,0/0
/spttest/mixed_10K_6sp,2269,10240,0/0
/spttest/mixed_10K_6sq,226a,10240,0/0
/spttest/mixed_10K_6sr,226b,10240,0/0
/spttest/mixed_10K_6ss,226c,10240,0/0
/spttest/mixed_10K_6st,226d,10240,0/0
/spttest/mixed_10K_6su,226e,10240,0/0
/spttest/mixed_10K_6sv,226f,10240,0/0
/spttest/mixed_10K_6sw,2270,10240,0/0
/spttest/mixed_10K_6sx,2271,10240,0/0
/spttest/mixed_10K_6sy,2272,10240,0/0
/spttest/mixed_10K_6sz,2273,10240,0/0
/spttest/mixed_10K_6t0,2274,10240,0/0
/spttest/mixed_10K_6t1,2275,10240,0/0
/spttest/mixed_10K_6t2,2276,10240,0/0
/spttest/mixed_10K_6t3,2277,10240,0/0
/spttest/mixed_10K_6t4,2278,10240,0/0
/spttest/mixed_10K_6t5,2279,10240,0/0
/spttest/mixed_10K_6t6,227a,10240,0/0
/spttest/mixed_10K_6t7,227b,10240,0/0
/spttest/mixed_10K_6t8,227c,10240,0/0
/spttest/mixed_10K_6t9,227d,10240,0/0
/spttest/mixed_10K_6ta,227e,10240,0/0
/spttest/mixed_10K_6tb,227f,10240,0/0
/spttest/mixed_10K_6tc,2280,10240,0/0
/spttest/mixed_10K_6td,2281,10240,0/0
/spttest/mixed_10K_6te,2282,10240,0/0
/spttest/mixed_10K_6tf,2283,10240,0/0
/spttest/mixed_10K_6tg,2284,10240,0/0
/spttest/mixed_10K_6th,2285,10240,0/0
/spttest/mixed_10K_6ti,2286,10240,0/0
/spttest/mixed_10K_6tj,2287,10240,0/0
/spttest/mixed_10K_6tk,2288,10240,0/0
/spttest/mixed_10K_6tl,2289,10240,0/0
/spttest/mixed_10K_6tm,228a,10240,0/0
/spttest/mixed_10K_6tn,228b,10240,0/0
/spttest/mixed_10K_6to,228c,10240,0/0
/spttest/mixed_10K_6tp,228d,10240,0/0
/spttest/mixed_10K_6tq,228e,10240,0/0
/spttest/mixed_10K_6tr,228f,10240,0/0
/spttest/mixed_10K_6ts,2290,10240,0/0
/spttest/mixed_10K_6tt,2291,10240,0/0
/spttest/mixed_10K_6tu,2292,10240,0/0
/spttest/mixed_10K_6tv,2293,10240,0/0
/spttest/mixed_10K_6tw,2294,10240,0/0
/spttest/mixed_10K_6tx,2295,10240,0/0
/spttest/mixed_10K_6ty,2296,10240,0/0
/spttest/mixed_10K_6tz,2297,10240,0/0
/spttest/mixed_10K_6u0,2298,10240,0/0
/spttest/mixed_10K_6u1,2299,10240,0/0
/spttest/mixed_10K_6u2,229a,10240,0/0
/spttest/mixed_10K_6u3,229b,10240,0/0
/spttest/mixed_10K_6u4,229c,10240,0/0
/spttest/mixed_10K_6u5,229d,10240,0/0
/spttest/mixed_10K_6u6,229e,10240,0/0
/spttest/mixed_10K_6u7,229f,10240,0/0
/spttest/mixed_10K_6u8,22a0,10240,0/0
/spttest/mixed_10K_6u9,22a1,10240,0/0
/spttest/mixed_10K_6ua,22a2,10240,0/0
/spttest/mixed_10K_6ub,22a3,10240,0/0
/spttest/mixed_10K_6uc,22a4,10240,0/0
/spttest/mixed_10K_6ud,22a5,10240,0/0
/spttest/mixed_10K_6ue,22a6,10240,0/0
/spttest/mixed_10K_6uf,22a7,10240,0/0
/spttest/mixed_10K_6ug,22a8,10240,0/0
/spttest/mixed_10K_6uh,22a9,10240,0/0
/spttest/mixed_10K_6ui,22aa,10240,0/0
/spttest/mixed_10K_6uj,22ab,10240,0/0
/spttest/mixed_10K_6uk,22ac,10240,0/0
/spttest/mixed_10K_6ul,22ad,10240,0/0
/spttest/mixed_10K_6um,22ae,10240,0/0
/spttest/mixed_10K_6un,22af,10240,0/0
/spttest/mixed_10K_6uo,22b0,10240,0/0
/spttest/mixed_10K_6up,22b1,10240,0/0
/spttest/mixed_10K_6uq,22b2,10240,0/0
/spttest/mixed_10K_6ur,22b3,10240,0/0
/spttest/mixed_10K_6us,22b4,10240,0/0
/spttest/mixed_10K_6ut,22b5,10240,0/0
/spttest/mixed_10K_6uu,22b6,10240,0/0
/spttest/mixed_10K_6uv,22b7,10240,0/0
/spttest/mixed_10K_6uw,22b8,10240,0/0
/spttest/mixed_10K_6ux,22b9,10240,0/0
/spttest/mixed_10K_6uy,22ba,10240,0/0
/spttest/mixed_10K_6uz,22bb,10240,0/0
/spttest/mixed_10K_6v0,22bc,10240,0/0
/spttest/mixed_10K_6v1,22bd,10240,0/0
/spttest/mixed_10K_6v2,22be,10240,0/0
/spttest/mixed_10K_6v3,22bf,10240,0/0
/spttest/mixed_10K_6v4,22c0,10240,0/0
/spttest/mixed_10K_6v5,22c1,10240,0/0
/spttest/mixed_10K_6v6,22c2,10240,0/0
/spttest/mixed_10K_6v7,22c3,10240,0/0
/spttest/mixed_10K_6v8,22c4,10240,0/0
/spttest/mixed_10K_6v9,22c5,10240,0/0
/spttest/mixed_10K_6va,22c6,10240,0/0
/spttest/mixed_10K_6vb,22c7,10240,0/0
/spttest/mixed_10K_6vc,22c8,10240,0/0
/spttest/mixed_10K_6vd,22c9,10240,0/0
/spttest/mixed_10K_6ve,22ca,10240,0/0
/spttest/mixed_10K_6vf,22cb,10240,0/0
/spttest/mixed_10K_6vg,22cc,10240,0/0
/spttest/mixed_10K_6vh,22cd,10240,0/0
/spttest/mixed_10K_6vi,22ce,10240,0/0
/spttest/mixed_10K_6vj,22cf,10240,0/0
/spttest/mixed_10K_6vk,22d0,10240,0/0
/spttest/mixed_10K_6vl,22d1,10240,0/0
/spttest/mixed_10K_6vm,22d2,10240,0/0
/spttest/mixed_10K_6vn,22d3,10240,0/0
/spttest/mixed_10K_6vo,22d4,10240,0/0
/spttest/mixed_10K_6vp,22d5,10240,0/0
/spttest/mixed_10K_6vq,22d6,10240,0/0
/spttest/mixed_10K_6vr,22d7,10240,0/0
/spttest/mixed_10K_6vs,22d8,10240,0/0
/spttest/mixed_10K_6vt,22d9,10240,0/0
/spttest/mixed_10K_6vu,22da,10240,0/0
/spttest/mixed_10K_6vv,22db,10240,0/0
/spttest/mixed_10K_6vw,22dc,10240,0/0
/spttest/mixed_10K_6vx,22dd,10240,0/0
/spttest/mixed_10K_6vy,22de,10240,0/0
/spttest/mixed_10K_6vz,22df,10240,0/0
/spttest/mixed_10K_6w0,22e0,10240,0/0
/spttest/mixed_10K_6w1,22e1,10240,0/0
/spttest/mixed_10K_6w2,22e2,10240,0/0
/spttest/mixed_10K_6w3,22e3,10240,0/0
/spttest/mixed_10K_6w4,22e4,10240,0/0
/spttest/mixed_10K_6w5,22e5,10240,0/0
/spttest/mixed_10K_6w6,22e6,10240,0/0
/spttest/mixed_10K_6w7,22e7,10240,0/0
/spttest/mixed_10K_6w8,22e8,10240,0/0
/spttest/mixed_10K_6w9,22e9,10240,0/0
/spttest/mixed_10K_6wa,22ea,10240,0/0
/spttest/mixed_10K_6wb,22eb,10240,0/0
/spttest/mixed_10K_6wc,22ec,10240,0/0
/spttest/mixed_10K_6wd,22ed,10240,0/0
/spttest/mixed_10K_6we,22ee,10240,0/0
/spttest/mixed_10K_6wf,22ef,10240,0/0
/spttest/mixed_10K_6wg,22f0,10240,0/0
/spttest/mixed_10K_6wh,22f1,10240,0/0
/spttest/mixed_10K_6wi,22f2,10240,0/0
/spttest/mixed_10K_6wj,22f3,10240,0/0
/spttest/mixed_10K_6wk,22f4,10240,0/0
/spttest/mixed_10K_6wl,22f5,10240,0/0
/spttest/mixed_10K_6wm,22f6,10240,0/0
/spttest/mixed_10K_6wn,22f7,10240,0/0
/spttest/mixed_10K_6wo,22f8,10240,0/0
/spttest/mixed_10K_6wp,22f9,10240,0/0
/spttest/mixed_10K_6wq,22fa,10240,0/0
/spttest/mixed_10K_6wr,22fb,10240,0/0
/spttest/mixed_10K_6ws,22fc,10240,0/0
/spttest/mixed_10K_6wt,22fd,10240,0/0
/spttest/mixed_10K_6wu,22fe,10240,0/0
/spttest/mixed_10K_6wv,22ff,10240,0/0
/spttest/mixed_10K_6ww,2300,10240,0/0
/spttest/mixed_10K_6wx,2301,10240,0/0
/spttest/mixed_10K_6wy,2302,10240,0/0
/spttest/mixed_10K_6wz,2303,10240,0/0
/spttest/mixed_10K_6x0,2304,10240,0/0
/spttest/mixed_10K_6x1,2305,10240,0/0
/spttest/mixed_10K_6x2,2306,10240,0/0
/spttest/mixed_10K_6x3,2307,10240,0/0
/spttest/mixed_10K_6x4,2308,10240,0/0
/spttest/mixed_10K_6x5,2309,10240,0/0
/spttest/mixed_10K_6x6,230a,10240,0/0
/spttest/mixed_10K_6x7,230b,10240,0/0
/spttest/mixed_10K_6x8,230c,10240,0/0
/spttest/mixed_10K_6x9,230d,10240,0/0
/spttest/mixed_10K_6xa,230e,10240,0/0
/spttest/mixed_10K_6xb,230f,10240,0/0
/spttest/mixed_10K_6xc,2310,10240,0/0
/spttest/mixed_10K_6xd,2311,10240,0/0
/spttest/mixed_10K_6xe,2312,10240,0/0
/spttest/mixed_10K_6xf,2313,10240,0/0
/spttest/mixed_10K_6xg,2314,10240,0/0
/spttest/mixed_10K_6xh,2315,10240,0/0
/spttest/mixed_10K_6xi,2316,10240,0/0
/spttest/mixed_10K_6xj,2317,10240,0/0
/spttest/mixed_10K_6xk,2318,10240,0/0
/spttest/mixed_10K_6xl,2319,10240,0/0
/spttest/mixed_10K_6xm,231a,10240,0/0
/spttest/mixed_10K_6xn,231b,10240,0/0
/spttest/mixed_10K_6xo,231c,10240,0/0
/spttest/mixed_10K_6xp,231d,10240,0/0
/spttest/mixed_10K_6xq,231e,10240,0/0
/spttest/mixed_10K_6xr,231f,10240,0/0
/spttest/mixed_10K_6xs,2320,10240,0/0
/spttest/mixed_10K_6xt,2321,10240,0/0
/spttest/mixed_10K_6xu,2322,10240,0/0
/spttest/mixed_10K_6xv,2323,10240,0/0
/spttest/mixed_10K_6xw,2324,10240,0/0
/spttest/mixed_10K_6xx,2325,10240,0/0
/spttest/mixed_10K_6xy,2326,10240,0/0
/spttest/mixed_10K_6xz,2327,10240,0/0
/spttest/mixed_10K_6y0,2328,10240,0/0
/spttest/mixed_10K_6y1,2329,10240,0/0
/spttest/mixed_10K_6y2,232a,10240,0/0
/spttest/mixed_10K_6y3,232b,10240,0/0
/spttest/mixed_10K_6y4,232c,10240,0/0
/spttest/mixed_10K_6y5,232d,10240,0/0
/spttest/mixed_10K_6y6,232e,10240,0/0
/spttest/mixed_10K_6y7,232f,10240,0/0
/spttest/mixed_10K_6y8,2330,10240,0/0
/spttest/mixed_10K_6y9,2331,10240,0/0
/spttest/mixed_10K_6ya,2332,10240,0/0
/spttest/mixed_10K_6yb,2333,10240,0/0
/spttest/mixed_10K_6yc,2334,10240,0/0
/spttest/mixed_10K_6yd,2335,10240,0/0
/spttest/mixed_10K_6ye,2336,10240,0/0
/spttest/mixed_10K_6yf,2337,10240,0/0
/spttest/mixed_10K_6yg,2338,10240,0/0
/spttest/mixed_10K_6yh,2339,10240,0/0
/spttest/mixed_10K_6yi,233a,10240,0/0
/spttest/mixed_10K_6yj,233b,10240,0/0
/spttest/mixed_10K_6yk,233c,10240,0/0
/spttest/mixed_10K_6yl,233d,10240,0/0
/spttest/mixed_10K_6ym,233e,10240,0/0
/spttest/mixed_10K_6yn,233f,10240,0/0
/spttest/mixed_10K_6yo,2340,10240,0/0
/spttest/mixed_10K_6yp,2341,10240,0/0
/spttest/mixed_10K_6yq,2342,10240,0/0
/spttest/mixed_10K_6yr,2343,10240,0/0
/spttest/mixed_10K_6ys,2344,10240,0/0
/spttest/mixed_10K_6yt,2345,10240,0/0
/spttest/mixed_10K_6yu,2346,10240,0/0
/spttest/mixed_10K_6yv,2347,10240,0/0
/spttest/mixed_10K_6yw,2348,10240,0/0
/spttest/mixed_10K_6yx,2349,10240,0/0
/spttest/mixed_10K_6yy,234a,10240,0/0
/spttest/mixed_10K_6yz,234b,10240,0/0
/spttest/mixed_10K_6z0,234c,10240,0/0
/spttest/mixed_10K_6z1,234d,10240,0/0
/spttest/mixed_10K_6z2,234e,10240,0/0
/spttest/mixed_10K_6z3,234f,10240,0/0
/spttest/mixed_10K_6z4,2350,10240,0/0
/spttest/mixed_10K_6z5,2351,10240,0/0
/spttest/mixed_10K_6z6,2352,10240,0/0
/spttest/mixed_10K_6z7,2353,10240,0/0
/spttest/mixed_10K_6z8,2354,10240,0/0
/spttest/mixed_10K_6z9,2355,10240,0/0
/spttest/mixed_10K_6za,2356,10240,0/0
/spttest/mixed_10K_6zb,2357,10240,0/0
/spttest/mixed_10K_6zc,2358,10240,0/0
/spttest/mixed_10K_6zd,2359,10240,0/0
/spttest/mixed_10K_6ze,235a,10240,0/0
/spttest/mixed_10K_6zf,235b,10240,0/0
/spttest/mixed_10K_6zg,235c,10240,0/0
/spttest/mixed_10K_6zh,235d,10240,0/0
/spttest/mixed_10K_6zi,235e,10240,0/0
/spttest/mixed_10K_6zj,235f,10240,0/0
/spttest/mixed_10K_6zk,2360,10240,0/0
/spttest/mixed_10K_6zl,2361,10240,0/0
/spttest/mixed_10K_6zm,2362,10240,0/0
/spttest/mixed_10K_6zn,2363,10240,0/0
/spttest/mixed_10K_6zo,2364,10240,0/0
/spttest/mixed_10K_6zp,2365,10240,0/0
/spttest/mixed_10K_6zq,2366,10240,0/0
/spttest/mixed_10K_6zr,2367,10240,0/0
/spttest/mixed_10K_6zs,2368,10240,0/0
/spttest/mixed_10K_6zt,2369,10240,0/0
/spttest/mixed_10K_6zu,236a,10240,0/0
/spttest/mixed_10K_6zv,236b,10240,0/0
/spttest/mixed_10K_6zw,236c,10240,0/0
/spttest/mixed_10K_6zx,236d,10240,0/0
/spttest/mixed_10K_6zy,236e,10240,0/0
/spttest/mixed_10K_6zz,236f,10240,0/0
/spttest/mixed_10K_700,2370,10240,0/0
/spttest/mixed_10K_701,2371,10240,0/0
/spttest/mixed_10K_702,2372,10240,0/0
/spttest/mixed_10K_703,2373,10240,0/0
/spttest/mixed_10K_704,2374,10240,0/0
/spttest/mixed_10K_705,2375,10240,0/0
/spttest/mixed_10K_706,2376,10240,0/0
/spttest/mixed_10K_707,2377,10240,0/0
/spttest/mixed_10K_708,2378,10240,0/0
/spttest/mixed_10K_709,2379,10240,0/0
/spttest/mixed_10K_70a,237a,10240,0/0
/spttest/mixed_10K_70b,237b,10240,0/0
/spttest/mixed_10K_70c,237c,10240,0/0
/spttest/mixed_10K_70d,237d,10240,0/0
/spttest/mixed_10K_70e,237e,10240,0/0
/spttest/mixed_10K_70f,237f,10240,0/0
/spttest/mixed_10K_70g,2380,10240,0/0
/spttest/mixed_10K_70h,2381,10240,0/0
/spttest/mixed_10K_70i,2382,10240,0/0
/spttest/mixed_10K_70j,2383,10240,0/0
/spttest/mixed_10K_70k,2384,10240,0/0
/spttest/mixed_10K_70l,2385,10240,0/0
/spttest/mixed_10K_70m,2386,10240,0/0
/spttest/mixed_10K_70n,2387,10240,0/0
/spttest/mixed_10K_70o,2388,10240,0/0
/spttest/mixed_10K_70p,2389,10240,0/0
/spttest/mixed_10K_70q,238a,10240,0/0
/spttest/mixed_10K_70r,238b,10240,0/0
/spttest/mixed_10K_70s,238c,10240,0/0
/spttest/mixed_10K_70t,238d,10240,0/0
/spttest/mixed_10K_70u,238e,10240,0/0
/spttest/mixed_10K_70v,238f,10240,0/0
/spttest/mixed_10K_70w,2390,10240,0/0
/spttest/mixed_10K_70x,2391,10240,0/0
/spttest/mixed_10K_70y,2392,10240,0/0
/spttest/mixed_10K_70z,2393,10240,0/0
/spttest/mixed_10K_710,2394,10240,0/0
/spttest/mixed_10K_711,2395,10240,0/0
/spttest/mixed_10K_712,2396,10240,0/0
/spttest/mixed_10K_713,2397,10240,0/0
/spttest/mixed_10K_714,2398,10240,0/0
/spttest/mixed_10K_715,2399,10240,0/0
/spttest/mixed_10K_716,239a,10240,0/0
/spttest/mixed_10K_717,239b,10240,0/0
/spttest/mixed_10K_718,239c,10240,0/0
/spttest/mixed_10K_719,239d,10240,0/0
/spttest/mixed_10K_71a,239e,10240,0/0
/spttest/mixed_10K_71b,239f,10240,0/0
/spttest/mixed_10K_71c,23a0,10240,0/0
/spttest/mixed_10K_71d,23a1,10240,0/0
/spttest/mixed_10K_71e,23a2,10240,0/0
/spttest/mixed_10K_71f,23a3,10240,0/0
/spttest/mixed_10K_71g,23a4,10240,0/0
/spttest/mixed_10K_71h,23a5,10240,0/0
/spttest/mixed_10K_71i,23a6,10240,0/0
/spttest/mixed_10K_71j,23a7,10240,0/0
/spttest/mixed_10K_71k,23a8,10240,0/0
/spttest/mixed_10K_71l,23a9,10240,0/0
/spttest/mixed_10K_71m,23aa,10240,0/0
/spttest/mixed_10K_71n,23ab,10240,0/0
/spttest/mixed_10K_71o,23ac,10240,0/0
/spttest/mixed_10K_71p,23ad,10240,0/0
/spttest/mixed_10K_71q,23ae,10240,0/0
/spttest/mixed_10K_71r,23af,10240,0/0
/spttest/mixed_10K_71s,23b0,10240,0/0
/spttest/mixed_10K_71t,23b1,10240,0/0
/spttest/mixed_10K_71u,23b2,10240,0/0
/spttest/mixed_10K_71v,23b3,10240,0/0
/spttest/mixed_10K_71w,23b4,10240,0/0
/spttest/mixed_10K_71x,23b5,10240,0/0
/spttest/mixed_10K_71y,23b6,10240,0/0
/spttest/mixed_10K_71z,23b7,10240,0/0
/spttest/mixed_10K_720,23b8,10240,0/0
/spttest/mixed_10K_721,23b9,10240,0/0
/spttest/mixed_10K_722,23ba,10240,0/0
/spttest/mixed_10K_723,23bb,10240,0/0
/spttest/mixed_10K_724,23bc,10240,0/0
/spttest/mixed_10K_725,23bd,10240,0/0
/spttest/mixed_10K_726,23be,10240,0/0
/spttest/mixed_10K_727,23bf,10240,0/0
/spttest/mixed_10K_728,23c0,10240,0/0
/spttest/mixed_10K_729,23c1,10240,0/0
/spttest/mixed_10K_72a,23c2,10240,0/0
/spttest/mixed_10K_72b,23c3,10240,0/0
/spttest/mixed_10K_72c,23c4,10240,0/0
/spttest/mixed_10K_72d,23c5,10240,0/0
/spttest/mixed_10K_72e,23c6,10240,0/0
/spttest/mixed_10K_72f,23c7,10240,0/0
/spttest/mixed_10K_72g,23c8,10240,0/0
/spttest/mixed_10K_72h,23c9,10240,0/0
/spttest/mixed_10K_72i,23ca,10240,0/0
/spttest/mixed_10K_72j,23cb,10240,0/0
/spttest/mixed_10K_72k,23cc,10240,0/0
/spttest/mixed_10K_72l,23cd,10240,0/0
/spttest/mixed_10K_72m,23ce,10240,0/0
/spttest/mixed_10K_72n,23cf,10240,0/0
/spttest/mixed_10K_72o,23d0,10240,0/0
/spttest/mixed_10K_72p,23d1,10240,0/0
/spttest/mixed_10K_72q,23d2,10240,0/0
/spttest/mixed_10K_72r,23d3,10240,0/0
/spttest/mixed_10K_72s,23d4,10240,0/0
/spttest/mixed_10K_72t,23d5,10240,0/0
/spttest/mixed_10K_72u,23d6,10240,0/0
/spttest/mixed_10K_72v,23d7,10240,0/0
/spttest/mixed_10K_72w,23d8,10240,0/0
/spttest/mixed_10K_72x,23d9,10240,0/0
/spttest/mixed_10K_72y,23da,10240,0/0
/spttest/mixed_10K_72z,23db,10240,0/0
/spttest/mixed_10K_730,23dc,10240,0/0
/spttest/mixed_10K_731,23dd,10240,0/0
/spttest/mixed_10K_732,23de,10240,0/0
/spttest/mixed_10K_733,23df,10240,0/0
/spttest/mixed_10K_734,23e0,10240,0/0
/spttest/mixed_10K_735,23e1,10240,0/0
/spttest/mixed_10K_736,23e2,10240,0/0
/spttest/mixed_10K_737,23e3,10240,0/0
/spttest/mixed_10K_738,23e4,10240,0/0
/spttest/mixed_10K_739,23e5,10240,0/0
/spttest/mixed_10K_73a,23e6,10240,0/0
/spttest/mixed_10K_73b,23e7,10240,0/0
/spttest/mixed_10K_73c,23e8,10240,0/0
/spttest/mixed_10K_73d,23e9,10240,0/0
/spttest/mixed_10K_73e,23ea,10240,0/0
/spttest/mixed_10K_73f,23eb,10240,0/0
/spttest/mixed_10K_73g,23ec,10240,0/0
/spttest/mixed_10K_73h,23ed,10240,0/0
/spttest/mixed_10K_73i,23ee,10240,0/0
/spttest/mixed_10K_73j,23ef,10240,0/0
/spttest/mixed_10K_73k,23f0,10240,0/0
/spttest/mixed_10K_73l,23f1,10240,0/0
/spttest/mixed_10K_73m,23f2,10240,0/0
/spttest/mixed_10K_73n,23f3,10240,0/0
/spttest/mixed_10K_73o,23f4,10240,0/0
/spttest/mixed_10K_73p,23f5,10240,0/0
/spttest/mixed_10K_73q,23f6,10240,0/0
/spttest/mixed_10K_73r,23f7,10240,0/0
/spttest/mixed_10K_73s,23f8,10240,0/0
/spttest/mixed_10K_73t,23f9,10240,0/0
/spttest/mixed_10K_73u,23fa,10240,0/0
/spttest/mixed_10K_73v,23fb,10240,0/0
/spttest/mixed_10K_73w,23fc,10240,0/0
/spttest/mixed_10K_73x,23fd,10240,0/0
/spttest/mixed_10K_73y,23fe,10240,0/0
/spttest/mixed_10K_73z,23ff,10240,0/0
/spttest/mixed_10K_740,2400,10240,0/0
/spttest/mixed_10K_741,2401,10240,0/0
/spttest/mixed_10K_742,2402,10240,0/0
/spttest/mixed_10K_743,2403,10240,0/0
/spttest/mixed_10K_744,2404,10240,0/0
/spttest/mixed_10K_745,2405,10240,0/0
/spttest/mixed_10K_746,2406,10240,0/0
/spttest/mixed_10K_747,2407,10240,0/0
/spttest/mixed_10K_748,2408,10240,0/0
/spttest/mixed_10K_749,2409,10240,0/0
/spttest/mixed_10K_74a,240a,10240,0/0
/spttest/mixed_10K_74b,240b,10240,0/0
/spttest/mixed_10K_74c,240c,10240,0/0
/spttest/mixed_10K_74d,240d,10240,0/0
/spttest/mixed_10K_74e,240e,10240,0/0
/spttest/mixed_10K_74f,240f,10240,0/0
/spttest/mixed_10K_74g,2410,10240,0/0
/spttest/mixed_10K_74h,2411,10240,0/0
/spttest/mixed_10K_74i,2412,10240,0/0
/spttest/mixed_10K_74j,2413,10240,0/0
/spttest/mixed_10K_74k,2414,10240,0/0
/spttest/mixed_10K_74l,2415,10240,0/0
/spttest/mixed_10K_74m,2416,10240,0/0
/spttest/mixed_10K_74n,2417,10240,0/0
/spttest/mixed_10K_74o,2418,10240,0/0
/spttest/mixed_10K_74p,2419,10240,0/0
/spttest/mixed_10K_74q,241a,10240,0/0
/spttest/mixed_10K_74r,241b,10240,0/0
/spttest/mixed_10K_74s,241c,10240,0/0
/spttest/mixed_10K_74t,241d,10240,0/0
/spttest/mixed_10K_74u,241e,10240,0/0
/spttest/mixed_10K_74v,241f,10240,0/0
/spttest/mixed_10K_74w,2420,10240,0/0
/spttest/mixed_10K_74x,2421,10240,0/0
/spttest/mixed_10K_74y,2422,10240,0/0
/spttest/mixed_10K_74z,2423,10240,0/0
/spttest/mixed_10K_750,2424,10240,0/0
/spttest/mixed_10K_751,2425,10240,0/0
/spttest/mixed_10K_752,2426,10240,0/0
/spttest/mixed_10K_753,2427,10240,0/0
/spttest/mixed_10K_754,2428,10240,0/0
/spttest/mixed_10K_755,2429,10240,0/0
/spttest/mixed_10K_756,242a,10240,0/0
/spttest/mixed_10K_757,242b,10240,0/0
/spttest/mixed_10K_758,242c,10240,0/0
/spttest/mixed_10K_759,242d,10240,0/0
/spttest/mixed_10K_75a,242e,10240,0/0
/spttest/mixed_10K_75b,242f,10240,0/0
/spttest/mixed_10K_75c,2430,10240,0/0
/spttest/mixed_10K_75d,2431,10240,0/0
/spttest/mixed_10K_75e,2432,10240,0/0
/spttest/mixed_10K_75f,2433,10240,0/0
/spttest/mixed_10K_75g,2434,10240,0/0
/spttest/mixed_10K_75h,2435,10240,0/0
/spttest/mixed_10K_75i,2436,10240,0/0
/spttest/mixed_10K_75j,2437,10240,0/0
/spttest/mixed_10K_75k,2438,10240,0/0
/spttest/mixed_10K_75l,2439,10240,0/0
/spttest/mixed_10K_75m,243a,10240,0/0
/spttest/mixed_10K_75n,243b,10240,0/0
/spttest/mixed_10K_75o,243c,10240,0/0
/spttest/mixed_10K_75p,243d,10240,0/0
/spttest/mixed_10K_75q,243e,10240,0/0
/spttest/mixed_10K_75r,243f,10240,0/0
/spttest/mixed_10K_75s,2440,10240,0/0
/spttest/mixed_10K_75t,2441,10240,0/0
/spttest/mixed_10K_75u,2442,10240,0/0
/spttest/mixed_10K_75v,2443,10240,0/0
/spttest/mixed_10K_75w,2444,10240,0/0
/spttest/mixed_10K_75x,2445,10240,0/0
/spttest/mixed_10K_75y,2446,10240,0/0
/spttest/mixed_10K_75z,2447,10240,0/0
/spttest/mixed_10K_760,2448,10240,0/0
/spttest/mixed_10K_761,2449,10240,0/0
/spttest/mixed_10K_762,244a,10240,0/0
/spttest/mixed_10K_763,244b,10240,0/0
/spttest/mixed_10K_764,244c,10240,0/0
/spttest/mixed_10K_765,244d,10240,0/0
/spttest/mixed_10K_766,244e,10240,0/0
/spttest/mixed_10K_767,244f,10240,0/0
/spttest/mixed_10K_768,2450,10240,0/0
/spttest/mixed_10K_769,2451,10240,0/0
/spttest/mixed_10K_76a,2452,10240,0/0
/spttest/mixed_10K_76b,2453,10240,0/0
/spttest/mixed_10K_76c,2454,10240,0/0
/spttest/mixed_10K_76d,2455,10240,0/0
/spttest/mixed_10K_76e,2456,10240,0/0
/spttest/mixed_10K_76f,2457,10240,0/0
/spttest/mixed_10K_76g,2458,10240,0/0
/spttest/mixed_10K_76h,2459,10240,0/0
/spttest/mixed_10K_76i,245a,10240,0/0
/spttest/mixed_10K_76j,245b,10240,0/0
/spttest/mixed_10K_76k,245c,10240,0/0
/spttest/mixed_10K_76l,245d,10240,0/0
/spttest/mixed_10K_76m,245e,10240,0/0
/spttest/mixed_10K_76n,245f,10240,0/0
/spttest/mixed_10K_76o,2460,10240,0/0
/spttest/mixed_10K_76p,2461,10240,0/0
/spttest/mixed_10K_76q,2462,10240,0/0
/spttest/mixed_10K_76r,2463,10240,0/0
/spttest/mixed_10K_76s,2464,10240,0/0
/spttest/mixed_10K_76t,2465,10240,0/0
/spttest/mixed_10K_76u,2466,10240,0/0
/spttest/mixed_10K_76v,2467,10240,0/0
/spttest/mixed_10K_76w,2468,10240,0/0
/spttest/mixed_10K_76x,2469,10240,0/0
/spttest/mixed_10K_76y,246a,10240,0/0
/spttest/mixed_10K_76z,246b,10240,0/0
/spttest/mixed_10K_770,246c,10240,0/0
/spttest/mixed_10K_771,246d,10240,0/0
/spttest/mixed_10K_772,246e,10240,0/0
/spttest/mixed_10K_773,246f,10240,0/0
/spttest/mixed_10K_774,2470,10240,0/0
/spttest/mixed_10K_775,2471,10240,0/0
/spttest/mixed_10K_776,2472,10240,0/0
/spttest/mixed_10K_777,2473,10240,0/0
/spttest/mixed_10K_778,2474,10240,0/0
/spttest/mixed_10K_779,2475,10240,0/0
/spttest/mixed_10K_77a,2476,10240,0/0
/spttest/mixed_10K_77b,2477,10240,0/0
/spttest/mixed_10K_77c,2478,10240,0/0
/spttest/mixed_10K_77d,2479,10240,0/0
/spttest/mixed_10K_77e,247a,10240,0/0
/spttest/mixed_10K_77f,247b,10240,0/0
/spttest/mixed_10K_77g,247c,10240,0/0
/spttest/mixed_10K_77h,247d,10240,0/0
/spttest/mixed_10K_77i,247e,10240,0/0
/spttest/mixed_10K_77j,247f,10240,0/0
/spttest/mixed_10K_77k,2480,10240,0/0
/spttest/mixed_10K_77l,2481,10240,0/0
/spttest/mixed_10K_77m,2482,10240,0/0
/spttest/mixed_10K_77n,2483,10240,0/0
/spttest/mixed_10K_77o,2484,10240,0/0
/spttest/mixed_10K_77p,2485,10240,0/0
/spttest/mixed_10K_77q,2486,10240,0/0
/spttest/mixed_10K_77r,2487,10240,0/0
/spttest/mixed_10K_77s,2488,10240,0/0
/spttest/mixed_10K_77t,2489,10240,0/0
/spttest/mixed_10K_77u,248a,10240,0/0
/spttest/mixed_10K_77v,248b,10240,0/0
/spttest/mixed_10K_77w,248c,10240,0/0
/spttest/mixed_10K_77x,248d,10240,0/0
/spttest/mixed_10K_77y,248e,10240,0/0
/spttest/mixed_10K_77z,248f,10240,0/0
/spttest/mixed_10K_780,2490,10240,0/0
/spttest/mixed_10K_781,2491,10240,0/0
/spttest/mixed_10K_782,2492,10240,0/0
/spttest/mixed_10K_783,2493,10240,0/0
/spttest/mixed_10K_784,2494,10240,0/0
/spttest/mixed_10K_785,2495,10240,0/0
/spttest/mixed_10K_786,2496,10240,0/0
/spttest/mixed_10K_787,2497,10240,0/0
/spttest/mixed_10K_788,2498,10240,0/0
/spttest/mixed_10K_789,2499,10240,0/0
/spttest/mixed_10K_78a,249a,10240,0/0
/spttest/mixed_10K_78b,249b,10240,0/0
/spttest/mixed_10K_78c,249c,10240,0/0
/spttest/mixed_10K_78d,249d,10240,0/0
/spttest/mixed_10K_78e,249e,10240,0/0
/spttest/mixed_10K_78f,249f,10240,0/0
/spttest/mixed_10K_78g,24a0,10240,0/0
/spttest/mixed_10K_78h,24a1,10240,0/0
/spttest/mixed_10K_78i,24a2,10240,0/0
/spttest/mixed_10K_78j,24a3,10240,0/0
/spttest/mixed_10K_78k,24a4,10240,0/0
/spttest/mixed_10K_78l,24a5,10240,0/0
/spttest/mixed_10K_78m,24a6,10240,0/0
/spttest/mixed_10K_78n,24a7,10240,0/0
/spttest/mixed_10K_78o,24a8,10240,0/0
/spttest/mixed_10K_78p,24a9,10240,0/0
/spttest/mixed_10K_78q,24aa,10240,0/0
/spttest/mixed_10K_78r,24ab,10240,0/0
/spttest/mixed_10K_78s,24ac,10240,0/0
/spttest/mixed_10K_78t,24ad,10240,0/0
/spttest/mixed_10K_78u,24ae,10240,0/0
/spttest/mixed_10K_78v,24af,10240,0/0
/spttest/mixed_10K_78w,24b0,10240,0/0
/spttest/mixed_10K_78x,24b1,10240,0/0
/spttest/mixed_10K_78y,24b2,10240,0/0
/spttest/mixed_10K_78z,24b3,10240,0/0
/spttest/mixed_10K_790,24b4,10240,0/0
/spttest/mixed_10K_791,24b5,10240,0/0
/spttest/mixed_10K_792,24b6,10240,0/0
/spttest/mixed_10K_793,24b7,10240,0/0
/spttest/mixed_10K_794,24b8,10240,0/0
/spttest/mixed_10K_795,24b9,10240,0/0
/spttest/mixed_10K_796,24ba,10240,0/0
/spttest/mixed_10K_797,24bb,10240,0/0
/spttest/mixed_10K_798,24bc,10240,0/0
/spttest/mixed_10K_799,24bd,10240,0/0
/spttest/mixed_10K_79a,24be,10240,0/0
/spttest/mixed_10K_79b,24bf,10240,0/0
/spttest/mixed_10K_79c,24c0,10240,0/0
/spttest/mixed_10K_79d,24c1,10240,0/0
/spttest/mixed_10K_79e,24c2,10240,0/0
/spttest/mixed_10K_79f,24c3,10240,0/0
/spttest/mixed_10K_79g,24c4,10240,0/0
/spttest/mixed_10K_79h,24c5,10240,0/0
/spttest/mixed_10K_79i,24c6,10240,0/0
/spttest/mixed_10K_79j,24c7,10240,0/0
/spttest/mixed_10K_79k,24c8,10240,0/0
/spttest/mixed_10K_79l,24c9,10240,0/0
/spttest/mixed_10K_79m,24ca,10240,0/0
/spttest/mixed_10K_79n,24cb,10240,0/0
/spttest/mixed_10K_79o,24cc,10240,0/0
/spttest/mixed_10K_79p,24cd,10240,0/0
/spttest/mixed_10K_79q,24ce,10240,0/0
/spttest/mixed_10K_79r,24cf,10240,0/0
/spttest/mixed_10K_79s,24d0,10240,0/0
/spttest/mixed_10K_79t,24d1,10240,0/0
/spttest/mixed_10K_79u,24d2,10240,0/0
/spttest/mixed_10K_79v,24d3,10240,0/0
/spttest/mixed_10K_79w,24d4,10240,0/0
/spttest/mixed_10K_79x,24d5,10240,0/0
/spttest/mixed_10K_79y,24d6,10240,0/0
/spttest/mixed_10K_79z,24d7,10240,0/0
/spttest/mixed_10K_7a0,24d8,10240,0/0
/spttest/mixed_10K_7a1,24d9,10240,0/0
/spttest/mixed_10K_7a2,24da,10240,0/0
/spttest/mixed_10K_7a3,24db,10240,0/0
/spttest/mixed_10K_7a4,24dc,10240,0/0
/spttest/mixed_10K_7a5,24dd,10240,0/0
/spttest/mixed_10K_7a6,24de,10240,0/0
/spttest/mixed_10K_7a7,24df,10240,0/0
/spttest/mixed_10K_7a8,24e0,10240,0/0
/spttest/mixed_10K_7a9,24e1,10240,0/0
/spttest/mixed_10K_7aa,24e2,10240,0/0
/spttest/mixed_10K_7ab,24e3,10240,0/0
/spttest/mixed_10K_7ac,24e4,10240,0/0
/spttest/mixed_10K_7ad,24e5,10240,0/0
/spttest/mixed_10K_7ae,24e6,10240,0/0
/spttest/mixed_10K_7af,24e7,10240,0/0
/spttest/mixed_10K_7ag,24e8,10240,0/0
/spttest/mixed_10K_7ah,24e9,10240,0/0
/spttest/mixed_10K_7ai,24ea,10240,0/0
/spttest/mixed_10K_7aj,24eb,10240,0/0
/spttest/mixed_10K_7ak,24ec,10240,0/0
/spttest/mixed_10K_7al,24ed,10240,0/0
/spttest/mixed_10K_7am,24ee,10240,0/0
/spttest/mixed_10K_7an,24ef,10240,0/0
/spttest/mixed_10K_7ao,24f0,10240,0/0
/spttest/mixed_10K_7ap,24f1,10240,0/0
/spttest/mixed_10K_7aq,24f2,10240,0/0
/spttest/mixed_10K_7ar,24f3,10240,0/0
/spttest/mixed_10K_7as,24f4,10240,0/0
/spttest/mixed_10K_7at,24f5,10240,0/0
/spttest/mixed_10K_7au,24f6,10240,0/0
/spttest/mixed_10K_7av,24f7,10240,0/0
/spttest/mixed_10K_7aw,24f8,10240,0/0
/spttest/mixed_10K_7ax,24f9,10240,0/0
/spttest/mixed_10K_7ay,24fa,10240,0/0
/spttest/mixed_10K_7az,24fb,10240,0/0
/spttest/mixed_10K_7b0,24fc,10240,0/0
/spttest/mixed_10K_7b1,24fd,10240,0/0
/spttest/mixed_10K_7b2,24fe,10240,0/0
/spttest/mixed_10K_7b3,24ff,10240,0/0
/spttest/mixed_10K_7b4,2500,10240,0/0
/spttest/mixed_10K_7b5,2501,10240,0/0
/spttest/mixed_10K_7b6,2502,10240,0/0
/spttest/mixed_10K_7b7,2503,10240,0/0
/spttest/mixed_10K_7b8,2504,10240,0/0
/spttest/mixed_10K_7b9,2505,10240,0/0
/spttest/mixed_10K_7ba,2506,10240,0/0
/spttest/mixed_10K_7bb,2507,10240,0/0
/spttest/mixed_10K_7bc,2508,10240,0/0
/spttest/mixed_10K_7bd,2509,10240,0/0
/spttest/mixed_10K_7be,250a,10240,0/0
/spttest/mixed_10K_7bf,250b,10240,0/0
/spttest/mixed_10K_7bg,250c,10240,0/0
/spttest/mixed_10K_7bh,250d,10240,0/0
/spttest/mixed_10K_7bi,250e,10240,0/0
/spttest/mixed_10K_7bj,250f,10240,0/0
/spttest/mixed_10K_7bk,2510,10240,0/0
/spttest/mixed_10K_7bl,2511,10240,0/0
/spttest/mixed_10K_7bm,2512,10240,0/0
/spttest/mixed_10K_7bn,2513,10240,0/0
/spttest/mixed_10K_7bo,2514,10240,0/0
/spttest/mixed_10K_7bp,2515,10240,0/0
/spttest/mixed_10K_7bq,2516,10240,0/0
/spttest/mixed_10K_7br,2517,10240,0/0
/spttest/mixed_10K_7bs,2518,10240,0/0
/spttest/mixed_10K_7bt,2519,10240,0/0
/spttest/mixed_10K_7bu,251a,10240,0/0
/spttest/mixed_10K_7bv,251b,10240,0/0
/spttest/mixed_10K_7bw,251c,10240,0/0
/spttest/mixed_10K_7bx,251d,10240,0/0
/spttest/mixed_10K_7by,251e,10240,0/0
/spttest/mixed_10K_7bz,251f,10240,0/0
/spttest/mixed_10K_7c0,2520,10240,0/0
/spttest/mixed_10K_7c1,2521,10240,0/0
/spttest/mixed_10K_7c2,2522,10240,0/0
/spttest/mixed_10K_7c3,2523,10240,0/0
/spttest/mixed_10K_7c4,2524,10240,0/0
/spttest/mixed_10K_7c5,2525,10240,0/0
/spttest/mixed_10K_7c6,2526,10240,0/0
/spttest/mixed_10K_7c7,2527,10240,0/0
/spttest/mixed_10K_7c8,2528,10240,0/0
/spttest/mixed_10K_7c9,2529,10240,0/0
/spttest/mixed_10K_7ca,252a,10240,0/0
/spttest/mixed_10K_7cb,252b,10240,0/0
/spttest/mixed_10K_7cc,252c,10240,0/0
/spttest/mixed_10K_7cd,252d,10240,0/0
/spttest/mixed_10K_7ce,252e,10240,0/0
/spttest/mixed_10K_7cf,252f,10240,0/0
/spttest/mixed_10K_7cg,2530,10240,0/0
/spttest/mixed_10K_7ch,2531,10240,0/0
/spttest/mixed_10K_7ci,2532,10240,0/0
/spttest/mixed_10K_7cj,2533,10240,0/0
/spttest/mixed_10K_7ck,2534,10240,0/0
/spttest/mixed_10K_7cl,2535,10240,0/0
/spttest/mixed_10K_7cm,2536,10240,0/0
/spttest/mixed_10K_7cn,2537,10240,0/0
/spttest/mixed_10K_7co,2538,10240,0/0
/spttest/mixed_10K_7cp,2539,10240,0/0
/spttest/mixed_10K_7cq,253a,10240,0/0
/spttest/mixed_10K_7cr,253b,10240,0/0
/spttest/mixed_10K_7cs,253c,10240,0/0
/spttest/mixed_10K_7ct,253d,10240,0/0
/spttest/mixed_10K_7cu,253e,10240,0/0
/spttest/mixed_10K_7cv,253f,10240,0/0
/spttest/mixed_10K_7cw,2540,10240,0/0
/spttest/mixed_10K_7cx,2541,10240,0/0
/spttest/mixed_10K_7cy,2542,10240,0/0
/spttest/mixed_10K_7cz,2543,10240,0/0
/spttest/mixed_10K_7d0,2544,10240,0/0
/spttest/mixed_10K_7d1,2545,10240,0/0
/spttest/mixed_10K_7d2,2546,10240,0/0
/spttest/mixed_10K_7d3,2547,10240,0/0
/spttest/mixed_10K_7d4,2548,10240,0/0
/spttest/mixed_10K_7d5,2549,10240,0/0
/spttest/mixed_10K_7d6,254a,10240,0/0
/spttest/mixed_10K_7d7,254b,10240,0/0
/spttest/mixed_10K_7d8,254c,10240,0/0
/spttest/mixed_10K_7d9,254d,10240,0/0
/spttest/mixed_10K_7da,254e,10240,0/0
/spttest/mixed_10K_7db,254f,10240,0/0
/spttest/mixed_10K_7dc,2550,10240,0/0
/spttest/mixed_10K_7dd,2551,10240,0/0
/spttest/mixed_10K_7de,2552,10240,0/0
/spttest/mixed_10K_7df,2553,10240,0/0
/spttest/mixed_10K_7dg,2554,10240,0/0
/spttest/mixed_10K_7dh,2555,10240,0/0
/spttest/mixed_10K_7di,2556,10240,0/0
/spttest/mixed_10K_7dj,2557,10240,0/0
/spttest/mixed_10K_7dk,2558,10240,0/0
/spttest/mixed_10K_7dl,2559,10240,0/0
/spttest/mixed_10K_7dm,255a,10240,0/0
/spttest/mixed_10K_7dn,255b,10240,0/0
/spttest/mixed_10K_7do,255c,10240,0/0
/spttest/mixed_10K_7dp,255d,10240,0/0
/spttest/mixed_10K_7dq,255e,10240,0/0
/spttest/mixed_10K_7dr,255f,10240,0/0
/spttest/mixed_10K_7ds,2560,10240,0/0
/spttest/mixed_10K_7dt,2561,10240,0/0
/spttest/mixed_10K_7du,2562,10240,0/0
/spttest/mixed_10K_7dv,2563,10240,0/0
/spttest/mixed_10K_7dw,2564,10240,0/0
/spttest/mixed_10K_7dx,2565,10240,0/0
/spttest/mixed_10K_7dy,2566,10240,0/0
/spttest/mixed_10K_7dz,2567,10240,0/0
/spttest/mixed_10K_7e0,2568,10240,0/0
/spttest/mixed_10K_7e1,2569,10240,0/0
/spttest/mixed_10K_7e2,256a,10240,0/0
/spttest/mixed_10K_7e3,256b,10240,0/0
/spttest/mixed_10K_7e4,256c,10240,0/0
/spttest/mixed_10K_7e5,256d,10240,0/0
/spttest/mixed_10K_7e6,256e,10240,0/0
/spttest/mixed_10K_7e7,256f,10240,0/0
/spttest/mixed_10K_7e8,2570,10240,0/0
/spttest/mixed_10K_7e9,2571,10240,0/0
/spttest/mixed_10K_7ea,2572,10240,0/0
/spttest/mixed_10K_7eb,2573,10240,0/0
/spttest/mixed_10K_7ec,2574,10240,0/0
/spttest/mixed_10K_7ed,2575,10240,0/0
/spttest/mixed_10K_7ee,2576,10240,0/0
/spttest/mixed_10K_7ef,2577,10240,0/0
/spttest/mixed_10K_7eg,2578,10240,0/0
/spttest/mixed_10K_7eh,2579,10240,0/0
/spttest/mixed_10K_7ei,257a,10240,0/0
/spttest/mixed_10K_7ej,257b,10240,0/0
/spttest/mixed_10K_7ek,257c,10240,0/0
/spttest/mixed_10K_7el,257d,10240,0/0
/spttest/mixed_10K_7em,257e,10240,0/0
/spttest/mixed_10K_7en,257f,10240,0/0
/spttest/mixed_10K_7eo,2580,10240,0/0
/spttest/mixed_10K_7ep,2581,10240,0/0
/spttest/mixed_10K_7eq,2582,10240,0/0
/spttest/mixed_10K_7er,2583,10240,0/0
/spttest/mixed_10K_7es,2584,10240,0/0
/spttest/mixed_10K_7et,2585,10240,0/0
/spttest/mixed_10K_7eu,2586,10240,0/0
/spttest/mixed_10K_7ev,2587,10240,0/0
/spttest/mixed_10K_7ew,2588,10240,0/0
/spttest/mixed_10K_7ex,2589,10240,0/0
/spttest/mixed_10K_7ey,258a,10240,0/0
/spttest/mixed_10K_7ez,258b,10240,0/0
/spttest/mixed_10K_7f0,258c,10240,0/0
/spttest/mixed_10K_7f1,258d,10240,0/0
/spttest/mixed_10K_7f2,258e,10240,0/0
/spttest/mixed_10K_7f3,258f,10240,0/0
/spttest/mixed_10K_7f4,2590,10240,0/0
/spttest/mixed_10K_7f5,2591,10240,0/0
/spttest/mixed_10K_7f6,2592,10240,0/0
/spttest/mixed_10K_7f7,2593,10240,0/0
/spttest/mixed_10K_7f8,2594,10240,0/0
/spttest/mixed_10K_7f9,2595,10240,0/0
/spttest/mixed_10K_7fa,2596,10240,0/0
/spttest/mixed_10K_7fb,2597,10240,0/0
/spttest/mixed_10K_7fc,2598,10240,0/0
/spttest/mixed_10K_7fd,2599,10240,0/0
/spttest/mixed_10K_7fe,259a,10240,0/0
/spttest/mixed_10K_7ff,259b,10240,0/0
/spttest/mixed_10K_7fg,259c,10240,0/0
/spttest/mixed_10K_7fh,259d,10240,0/0
/spttest/mixed_10K_7fi,259e,10240,0/0
/spttest/mixed_10K_7fj,259f,10240,0/0
/spttest/mixed_10K_7fk,25a0,10240,0/0
/spttest/mixed_10K_7fl,25a1,10240,0/0
/spttest/mixed_10K_7fm,25a2,10240,0/0
/spttest/mixed_10K_7fn,25a3,10240,0/0
/spttest/mixed_10K_7fo,25a4,10240,0/0
/spttest/mixed_10K_7fp,25a5,10240,0/0
/spttest/mixed_10K_7fq,25a6,10240,0/0
/spttest/mixed_10K_7fr,25a7,10240,0/0
/spttest/mixed_10K_7fs,25a8,10240,0/0
/spttest/mixed_10K_7ft,25a9,10240,0/0
/spttest/mixed_10K_7fu,25aa,10240,0/0
/spttest/mixed_10K_7fv,25ab,10240,0/0
/spttest/mixed_10K_7fw,25ac,10240,0/0
/spttest/mixed_10K_7fx,25ad,10240,0/0
/spttest/mixed_10K_7fy,25ae,10240,0/0
/spttest/mixed_10K_7fz,25af,10240,0/0
/spttest/mixed_10K_7g0,25b0,10240,0/0
/spttest/mixed_10K_7g1,25b1,10240,0/0
/spttest/mixed_10K_7g2,25b2,10240,0/0
/spttest/mixed_10K_7g3,25b3,10240,0/0
/spttest/mixed_10K_7g4,25b4,10240,0/0
/spttest/mixed_10K_7g5,25b5,10240,0/0
/spttest/mixed_10K_7g6,25b6,10240,0/0
/spttest/mixed_10K_7g7,25b7,10240,0/0
/spttest/mixed_10K_7g8,25b8,10240,0/0
/spttest/mixed_10K_7g9,25b9,10240,0/0
/spttest/mixed_10K_7ga,25ba,10240,0/0
/spttest/mixed_10K_7gb,25bb,10240,0/0
/spttest/mixed_10K_7gc,25bc,10240,0/0
/spttest/mixed_10K_7gd,25bd,10240,0/0
/spttest/mixed_10K_7ge,25be,10240,0/0
/spttest/mixed_10K_7gf,25bf,10240,0/0
/spttest/mixed_10K_7gg,25c0,10240,0/0
/spttest/mixed_10K_7gh,25c1,10240,0/0
/spttest/mixed_10K_7gi,25c2,10240,0/0
/spttest/mixed_10K_7gj,25c3,10240,0/0
/spttest/mixed_10K_7gk,25c4,10240,0/0
/spttest/mixed_10K_7gl,25c5,10240,0/0
/spttest/mixed_10K_7gm,25c6,10240,0/0
/spttest/mixed_10K_7gn,25c7,10240,0/0
/spttest/mixed_10K_7go,25c8,10240,0/0
/spttest/mixed_10K_7gp,25c9,10240,0/0
/spttest/mixed_10K_7gq,25ca,10240,0/0
/spttest/mixed_10K_7gr,25cb,10240,0/0
/spttest/mixed_10K_7gs,25cc,10240,0/0
/spttest/mixed_10K_7gt,25cd,10240,0/0
/spttest/mixed_10K_7gu,25ce,10240,0/0
/spttest/mixed_10K_7gv,25cf,10240,0/0
/spttest/mixed_10K_7gw,25d0,10240,0/0
/spttest/mixed_10K_7gx,25d1,10240,0/0
/spttest/mixed_10K_7gy,25d2,10240,0/0
/spttest/mixed_10K_7gz,25d3,10240,0/0
/spttest/mixed_10K_7h0,25d4,10240,0/0
/spttest/mixed_10K_7h1,25d5,10240,0/0
/spttest/mixed_10K_7h2,25d6,10240,0/0
/spttest/mixed_10K_7h3,25d7,10240,0/0
/spttest/mixed_10K_7h4,25d8,10240,0/0
/spttest/mixed_10K_7h5,25d9,10240,0/0
/spttest/mixed_10K_7h6,25da,10240,0/0
/spttest/mixed_10K_7h7,25db,10240,0/0
/spttest/mixed_10K_7h8,25dc,10240,0/0
/spttest/mixed_10K_7h9,25dd,10240,0/0
/spttest/mixed_10K_7ha,25de,10240,0/0
/spttest/mixed_10K_7hb,25df,10240,0/0
/spttest/mixed_10K_7hc,25e0,10240,0/0
/spttest/mixed_10K_7hd,25e1,10240,0/0
/spttest/mixed_10K_7he,25e2,10240,0/0
/spttest/mixed_10K_7hf,25e3,10240,0/0
/spttest/mixed_10K_7hg,25e4,10240,0/0
/spttest/mixed_10K_7hh,25e5,10240,0/0
/spttest/mixed_10K_7hi,25e6,10240,0/0
/spttest/mixed_10K_7hj,25e7,10240,0/0
/spttest/mixed_10K_7hk,25e8,10240,0/0
/spttest/mixed_10K_7hl,25e9,10240,0/0
/spttest/mixed_10K_7hm,25ea,10240,0/0
/spttest/mixed_10K_7hn,25eb,10240,0/0
/spttest/mixed_10K_7ho,25ec,10240,0/0
/spttest/mixed_10K_7hp,25ed,10240,0/0
/spttest/mixed_10K_7hq,25ee,10240,0/0
/spttest/mixed_10K_7hr,25ef,10240,0/0
/spttest/mixed_10K_7hs,25f0,10240,0/0
/spttest/mixed_10K_7ht,25f1,10240,0/0
/spttest/mixed_10K_7hu,25f2,10240,0/0
/spttest/mixed_10K_7hv,25f3,10240,0/0
/spttest/mixed_10K_7hw,25f4,10240,0/0
/spttest/mixed_10K_7hx,25f5,10240,0/0
/spttest/mixed_10K_7hy,25f6,10240,0/0
/spttest/mixed_10K_7hz,25f7,10240,0/0
/spttest/mixed_10K_7i0,25f8,10240,0/0
/spttest/mixed_10K_7i1,25f9,10240,0/0
/spttest/mixed_10K_7i2,25fa,10240,0/0
/spttest/mixed_10K_7i3,25fb,10240,0/0
/spttest/mixed_10K_7i4,25fc,10240,0/0
/spttest/mixed_10K_7i5,25fd,10240,0/0
/spttest/mixed_10K_7i6,25fe,10240,0/0
/spttest/mixed_10K_7i7,25ff,10240,0/0
/spttest/mixed_10K_7i8,2600,10240,0/0
/spttest/mixed_10K_7i9,2601,10240,0/0
/spttest/mixed_10K_7ia,2602,10240,0/0
/spttest/mixed_10K_7ib,2603,10240,0/0
/spttest/mixed_10K_7ic,2604,10240,0/0
/spttest/mixed_10K_7id,2605,10240,0/0
/spttest/mixed_10K_7ie,2606,10240,0/0
/spttest/mixed_10K_7if,2607,10240,0/0
/spttest/mixed_10K_7ig,2608,10240,0/0
/spttest/mixed_10K_7ih,2609,10240,0/0
/spttest/mixed_10K_7ii,260a,10240,0/0
/spttest/mixed_10K_7ij,260b,10240,0/0
/spttest/mixed_10K_7ik,260c,10240,0/0
/spttest/mixed_10K_7il,260d,10240,0/0
/spttest/mixed_10K_7im,260e,10240,0/0
/spttest/mixed_10K_7in,260f,10240,0/0
/spttest/mixed_10K_7io,2610,10240,0/0
/spttest/mixed_10K_7ip,2611,10240,0/0
/spttest/mixed_10K_7iq,2612,10240,0/0
/spttest/mixed_10K_7ir,2613,10240,0/0
/spttest/mixed_10K_7is,2614,10240,0/0
/spttest/mixed_10K_7it,2615,10240,0/0
/spttest/mixed_10K_7iu,2616,10240,0/0
/spttest/mixed_10K_7iv,2617,10240,0/0
/spttest/mixed_10K_7iw,2618,10240,0/0
/spttest/mixed_10K_7ix,2619,10240,0/0
/spttest/mixed_10K_7iy,261a,10240,0/0
/spttest/mixed_10K_7iz,261b,10240,0/0
/spttest/mixed_10K_7j0,261c,10240,0/0
/spttest/mixed_10K_7j1,261d,10240,0/0
/spttest/mixed_10K_7j2,261e,10240,0/0
/spttest/mixed_10K_7j3,261f,10240,0/0
/spttest/mixed_10K_7j4,2620,10240,0/0
/spttest/mixed_10K_7j5,2621,10240,0/0
/spttest/mixed_10K_7j6,2622,10240,0/0
/spttest/mixed_10K_7j7,2623,10240,0/0
/spttest/mixed_10K_7j8,2624,10240,0/0
/spttest/mixed_10K_7j9,2625,10240,0/0
/spttest/mixed_10K_7ja,2626,10240,0/0
/spttest/mixed_10K_7jb,2627,10240,0/0
/spttest/mixed_10K_7jc,2628,10240,0/0
/spttest/mixed_10K_7jd,2629,10240,0/0
/spttest/mixed_10K_7je,262a,10240,0/0
/spttest/mixed_10K_7jf,262b,10240,0/0
/spttest/mixed_10K_7jg,262c,10240,0/0
/spttest/mixed_10K_7jh,262d,10240,0/0
/spttest/mixed_10K_7ji,262e,10240,0/0
/spttest/mixed_10K_7jj,262f,10240,0/0
/spttest/mixed_10K_7jk,2630,10240,0/0
/spttest/mixed_10K_7jl,2631,10240,0/0
/spttest/mixed_10K_7jm,2632,10240,0/0
/spttest/mixed_10K_7jn,2633,10240,0/0
/spttest/mixed_10K_7jo,2634,10240,0/0
/spttest/mixed_10K_7jp,2635,10240,0/0
/spttest/mixed_10K_7jq,2636,10240,0/0
/spttest/mixed_10K_7jr,2637,10240,0/0
/spttest/mixed_10K_7js,2638,10240,0/0
/spttest/mixed_10K_7jt,2639,10240,0/0
/spttest/mixed_10K_7ju,263a,10240,0/0
/spttest/mixed_10K_7jv,263b,10240,0/0
/spttest/mixed_10K_7jw,263c,10240,0/0
/spttest/mixed_10K_7jx,263d,10240,0/0
/spttest/mixed_10K_7jy,263e,10240,0/0
/spttest/mixed_10K_7jz,263f,10240,0/0
/spttest/mixed_10K_7k0,2640,10240,0/0
/spttest/mixed_10K_7k1,2641,10240,0/0
/spttest/mixed_10K_7k2,2642,10240,0/0
/spttest/mixed_10K_7k3,2643,10240,0/0
/spttest/mixed_10K_7k4,2644,10240,0/0
/spttest/mixed_10K_7k5,2645,10240,0/0
/spttest/mixed_10K_7k6,2646,10240,0/0
/spttest/mixed_10K_7k7,2647,10240,0/0
/spttest/mixed_10K_7k8,2648,10240,0/0
/spttest/mixed_10K_7k9,2649,10240,0/0
/spttest/mixed_10K_7ka,264a,10240,0/0
/spttest/mixed_10K_7kb,264b,10240,0/0
/spttest/mixed_10K_7kc,264c,10240,0/0
/spttest/mixed_10K_7kd,264d,10240,0/0
/spttest/mixed_10K_7ke,264e,10240,0/0
/spttest/mixed_10K_7kf,264f,10240,0/0
/spttest/mixed_10K_7kg,2650,10240,0/0
/spttest/mixed_10K_7kh,2651,10240,0/0
/spttest/mixed_10K_7ki,2652,10240,0/0
/spttest/mixed_10K_7kj,2653,10240,0/0
/spttest/mixed_10K_7kk,2654,10240,0/0
/spttest/mixed_10K_7kl,2655,10240,0/0
/spttest/mixed_10K_7km,2656,10240,0/0
/spttest/mixed_10K_7kn,2657,10240,0/0
/spttest/mixed_10K_7ko,2658,10240,0/0
/spttest/mixed_10K_7kp,2659,10240,0/0
/spttest/mixed_10K_7kq,265a,10240,0/0
/spttest/mixed_10K_7kr,265b,10240,0/0
/spttest/mixed_10K_7ks,265c,10240,0/0
/spttest/mixed_10K_7kt,265d,10240,0/0
/spttest/mixed_10K_7ku,265e,10240,0/0
/spttest/mixed_10K_7kv,265f,10240,0/0
/spttest/mixed_10K_7kw,2660,10240,0/0
/spttest/mixed_10K_7kx,2661,10240,0/0
/spttest/mixed_10K_7ky,2662,10240,0/0
/spttest/mixed_10K_7kz,2663,10240,0/0
/spttest/mixed_10K_7l0,2664,10240,0/0
/spttest/mixed_10K_7l1,2665,10240,0/0
/spttest/mixed_10K_7l2,2666,10240,0/0
/spttest/mixed_10K_7l3,2667,10240,0/0
/spttest/mixed_10K_7l4,2668,10240,0/0
/spttest/mixed_10K_7l5,2669,10240,0/0
/spttest/mixed_10K_7l6,266a,10240,0/0
/spttest/mixed_10K_7l7,266b,10240,0/0
/spttest/mixed_10K_7l8,266c,10240,0/0
/spttest/mixed_10K_7l9,266d,10240,0/0
/spttest/mixed_10K_7la,266e,10240,0/0
/spttest/mixed_10K_7lb,266f,10240,0/0
/spttest/mixed_10K_7lc,2670,10240,0/0
/spttest/mixed_10K_7ld,2671,10240,0/0
/spttest/mixed_10K_7le,2672,10240,0/0
/spttest/mixed_10K_7lf,2673,10240,0/0
/spttest/mixed_10K_7lg,2674,10240,0/0
/spttest/mixed_10K_7lh,2675,10240,0/0
/spttest/mixed_10K_7li,2676,10240,0/0
/spttest/mixed_10K_7lj,2677,10240,0/0
/spttest/mixed_10K_7lk,2678,10240,0/0
/spttest/mixed_10K_7ll,2679,10240,0/0
/spttest/mixed_10K_7lm,267a,10240,0/0
/spttest/mixed_10K_7ln,267b,10240,0/0
/spttest/mixed_10K_7lo,267c,10240,0/0
/spttest/mixed_10K_7lp,267d,10240,0/0
/spttest/mixed_10K_7lq,267e,10240,0/0
/spttest/mixed_10K_7lr,267f,10240,0/0
/spttest/mixed_10K_7ls,2680,10240,0/0
/spttest/mixed_10K_7lt,2681,10240,0/0
/spttest/mixed_10K_7lu,2682,10240,0/0
/spttest/mixed_10K_7lv,2683,10240,0/0
/spttest/mixed_10K_7lw,2684,10240,0/0
/spttest/mixed_10K_7lx,2685,10240,0/0
/spttest/mixed_10K_7ly,2686,10240,0/0
/spttest/mixed_10K_7lz,2687,10240,0/0
/spttest/mixed_10K_7m0,2688,10240,0/0
/spttest/mixed_10K_7m1,2689,10240,0/0
/spttest/mixed_10K_7m2,268a,10240,0/0
/spttest/mixed_10K_7m3,268b,10240,0/0
/spttest/mixed_10K_7m4,268c,10240,0/0
/spttest/mixed_10K_7m5,268d,10240,0/0
/spttest/mixed_10K_7m6,268e,10240,0/0
/spttest/mixed_10K_7m7,268f,10240,0/0
/spttest/mixed_10K_7m8,2690,10240,0/0
/spttest/mixed_10K_7m9,2691,10240,0/0
/spttest/mixed_10K_7ma,2692,10240,0/0
/spttest/mixed_10K_7mb,2693,10240,0/0
/spttest/mixed_10K_7mc,2694,10240,0/0
/spttest/mixed_10K_7md,2695,10240,0/0
/spttest/mixed_10K_7me,2696,10240,0/0
/spttest/mixed_10K_7mf,2697,10240,0/0
/spttest/mixed_10K_7mg,2698,10240,0/0
/spttest/mixed_10K_7mh,2699,10240,0/0
/spttest/mixed_10K_7mi,269a,10240,0/0
/spttest/mixed_10K_7mj,269b,10240,0/0
/spttest/mixed_10K_7mk,269c,10240,0/0
/spttest/mixed_10K_7ml,269d,10240,0/0
/spttest/mixed_10K_7mm,269e,10240,0/0
/spttest/mixed_10K_7mn,269f,10240,0/0
/spttest/mixed_10K_7mo,26a0,10240,0/0
/spttest/mixed_10K_7mp,26a1,10240,0/0
/spttest/mixed_10K_7mq,26a2,10240,0/0
/spttest/mixed_10K_7mr,26a3,10240,0/0
/spttest/mixed_10K_7ms,26a4,10240,0/0
/spttest/mixed_10K_7mt,26a5,10240,0/0
/spttest/mixed_10K_7mu,26a6,10240,0/0
/spttest/mixed_10K_7mv,26a7,10240,0/0
/spttest/mixed_10K_7mw,26a8,10240,0/0
/spttest/mixed_10K_7mx,26a9,10240,0/0
/spttest/mixed_10K_7my,26aa,10240,0/0
/spttest/mixed_10K_7mz,26ab,10240,0/0
/spttest/mixed_10K_7n0,26ac,10240,0/0
/spttest/mixed_10K_7n1,26ad,10240,0/0
/spttest/mixed_10K_7n2,26ae,10240,0/0
/spttest/mixed_10K_7n3,26af,10240,0/0
/spttest/mixed_10K_7n4,26b0,10240,0/0
/spttest/mixed_10K_7n5,26b1,10240,0/0
/spttest/mixed_10K_7n6,26b2,10240,0/0
/spttest/mixed_10K_7n7,26b3,10240,0/0
/spttest/mixed_10K_7n8,26b4,10240,0/0
/spttest/mixed_10K_7n9,26b5,10240,0/0
/spttest/mixed_10K_7na,26b6,10240,0/0
/spttest/mixed_10K_7nb,26b7,10240,0/0
/spttest/mixed_10K_7nc,26b8,10240,0/0
/spttest/mixed_10K_7nd,26b9,10240,0/0
/spttest/mixed_10K_7ne,26ba,10240,0/0
/spttest/mixed_10K_7nf,26bb,10240,0/0
/spttest/mixed_10K_7ng,26bc,10240,0/0
/spttest/mixed_10K_7nh,26bd,10240,0/0
/spttest/mixed_10K_7ni,26be,10240,0/0
/spttest/mixed_10K_7nj,26bf,10240,0/0
/spttest/mixed_10K_7nk,26c0,10240,0/0
/spttest/mixed_10K_7nl,26c1,10240,0/0
/spttest/mixed_10K_7nm,26c2,10240,0/0
/spttest/mixed_10K_7nn,26c3,10240,0/0
/spttest/mixed_10K_7no,26c4,10240,0/0
/spttest/mixed_10K_7np,26c5,10240,0/0
/spttest/mixed_10K_7nq,26c6,10240,0/0
/spttest/mixed_10K_7nr,26c7,10240,0/0
/spttest/mixed_10K_7ns,26c8,10240,0/0
/spttest/mixed_10K_7nt,26c9,10240,0/0
/spttest/mixed_10K_7nu,26ca,10240,0/0
/spttest/mixed_10K_7nv,26cb,10240,0/0
/spttest/mixed_10K_7nw,26cc,10240,0/0
/spttest/mixed_10K_7nx,26cd,10240,0/0
/spttest/mixed_10K_7ny,26ce,10240,0/0
/spttest/mixed_10K_7nz,26cf,10240,0/0
/spttest/mixed_10K_7o0,26d0,10240,0/0
/spttest/mixed_10K_7o1,26d1,10240,0/0
/spttest/mixed_10K_7o2,26d2,10240,0/0
/spttest/mixed_10K_7o3,26d3,10240,0/0
/spttest/mixed_10K_7o4,26d4,10240,0/0
/spttest/mixed_10K_7o5,26d5,10240,0/0
/spttest/mixed_10K_7o6,26d6,10240,0/0
/spttest/mixed_10K_7o7,26d7,10240,0/0
/spttest/mixed_10K_7o8,26d8,10240,0/0
/spttest/mixed_10K_7o9,26d9,10240,0/0
/spttest/mixed_10K_7oa,26da,10240,0/0
/spttest/mixed_10K_7ob,26db,10240,0/0
/spttest/mixed_10K_7oc,26dc,10240,0/0
/spttest/mixed_10K_7od,26dd,10240,0/0
/spttest/mixed_10K_7oe,26de,10240,0/0
/spttest/mixed_10K_7of,26df,10240,0/0
/spttest/mixed_10K_7og,26e0,10240,0/0
/spttest/mixed_10K_7oh,26e1,10240,0/0
/spttest/mixed_10K_7oi,26e2,10240,0/0
/spttest/mixed_10K_7oj,26e3,10240,0/0
/spttest/mixed_10K_7ok,26e4,10240,0/0
/spttest/mixed_10K_7ol,26e5,10240,0/0
/spttest/mixed_10K_7om,26e6,10240,0/0
/spttest/mixed_10K_7on,26e7,10240,0/0
/spttest/mixed_10K_7oo,26e8,10240,0/0
/spttest/mixed_10K_7op,26e9,10240,0/0
/spttest/mixed_10K_7oq,26ea,10240,0/0
/spttest/mixed_10K_7or,26eb,10240,0/0
/spttest/mixed_10K_7os,26ec,10240,0/0
/spttest/mixed_10K_7ot,26ed,10240,0/0
/spttest/mixed_10K_7ou,26ee,10240,0/0
/spttest/mixed_10K_7ov,26ef,10240,0/0
/spttest/mixed_10K_7ow,26f0,10240,0/0
/spttest/mixed_10K_7ox,26f1,10240,0/0
/spttest/mixed_10K_7oy,26f2,10240,0/0
/spttest/mixed_10K_7oz,26f3,10240,0/0
/spttest/mixed_10K_7p0,26f4,10240,0/0
/spttest/mixed_10K_7p1,26f5,10240,0/0
/spttest/mixed_10K_7p2,26f6,10240,0/0
/spttest/mixed_10K_7p3,26f7,10240,0/0
/spttest/mixed_10K_7p4,26f8,10240,0/0
/spttest/mixed_10K_7p5,26f9,10240,0/0
/spttest/mixed_10K_7p6,26fa,10240,0/0
/spttest/mixed_10K_7p7,26fb,10240,0/0
/spttest/mixed_10K_7p8,26fc,10240,0/0
/spttest/mixed_10K_7p9,26fd,10240,0/0
/spttest/mixed_10K_7pa,26fe,10240,0/0
/spttest/mixed_10K_7pb,26ff,10240,0/0
/spttest/mixed_10K_7pc,2700,10240,0/0
/spttest/mixed_10K_7pd,2701,10240,0/0
/spttest/mixed_10K_7pe,2702,10240,0/0
/spttest/mixed_10K_7pf,2703,10240,0/0
/spttest/mixed_10K_7pg,2704,10240,0/0
/spttest/mixed_10K_7ph,2705,10240,0/0
/spttest/mixed_10K_7pi,2706,10240,0/0
/spttest/mixed_10K_7pj,2707,10240,0/0
/spttest/mixed_10K_7pk,2708,10240,0/0
/spttest/mixed_10K_7pl,2709,10240,0/0
/spttest/mixed_10K_7pm,270a,10240,0/0
/spttest/mixed_10K_7pn,270b,10240,0/0
/spttest/mixed_10K_7po,270c,10240,0/0
/spttest/mixed_10K_7pp,270d,10240,0/0
/spttest/mixed_10K_7pq,270e,10240,0/0
/spttest/mixed_10K_7pr,270f,10240,0/0
/spttest/mixed_10K_7ps,2710,10240,0/0
/spttest/mixed_10K_7pt,2711,10240,0/0
/spttest/mixed_10K_7pu,2712,10240,0/0
/spttest/mixed_10K_7pv,2713,10240,0/0
/spttest/mixed_10K_7pw,2714,10240,0/0
/spttest/mixed_10K_7px,2715,10240,0/0
/spttest/mixed_10K_7py,2716,10240,0/0
/spttest/mixed_10K_7pz,2717,10240,0/0
/spttest/mixed_10K_7q0,2718,10240,0/0
/spttest/mixed_10K_7q1,2719,10240,0/0
/spttest/mixed_10K_7q2,271a,10240,0/0
/spttest/mixed_10K_7q3,271b,10240,0/0
/spttest/mixed_10K_7q4,271c,10240,0/0
/spttest/mixed_10K_7q5,271d,10240,0/0
/spttest/mixed_10K_7q6,271e,10240,0/0
/spttest/mixed_10K_7q7,271f,10240,0/0
/spttest/mixed_10K_7q8,2720,10240,0/0
/spttest/mixed_10K_7q9,2721,10240,0/0
/spttest/mixed_10K_7qa,2722,10240,0/0
/spttest/mixed_10K_7qb,2723,10240,0/0
/spttest/mixed_10K_7qc,2724,10240,0/0
/spttest/mixed_10K_7qd,2725,10240,0/0
/spttest/mixed_10K_7qe,2726,10240,0/0
/spttest/mixed_10K_7qf,2727,10240,0/0
/spttest/mixed_10K_7qg,2728,10240,0/0
/spttest/mixed_10K_7qh,2729,10240,0/0
/spttest/mixed_10K_7qi,272a,10240,0/0
/spttest/mixed_10K_7qj,272b,10240,0/0
/spttest/mixed_10K_7qk,272c,10240,0/0
/spttest/mixed_10K_7ql,272d,10240,0/0
/spttest/mixed_10K_7qm,272e,10240,0/0
/spttest/mixed_10K_7qn,272f,10240,0/0
/spttest/mixed_10K_7qo,2730,10240,0/0
/spttest/mixed_10K_7qp,2731,10240,0/0
/spttest/mixed_10K_7qq,2732,10240,0/0
/spttest/mixed_10K_7qr,2733,10240,0/0
/spttest/mixed_10K_7qs,2734,10240,0/0
/spttest/mixed_10K_7qt,2735,10240,0/0
/spttest/mixed_10K_7qu,2736,10240,0/0
/spttest/mixed_10K_7qv,2737,10240,0/0
/spttest/mixed_10K_7qw,2738,10240,0/0
/spttest/mixed_10K_7qx,2739,10240,0/0
/spttest/mixed_10K_7qy,273a,10240,0/0
/spttest/mixed_10K_7qz,273b,10240,0/0
/spttest/mixed_10K_7r0,273c,10240,0/0
/spttest/mixed_10K_7r1,273d,10240,0/0
/spttest/mixed_10K_7r2,273e,10240,0/0
/spttest/mixed_10K_7r3,273f,10240,0/0
/spttest/mixed_10K_7r4,2740,10240,0/0
/spttest/mixed_10K_7r5,2741,10240,0/0
/spttest/mixed_10K_7r6,2742,10240,0/0
/spttest/mixed_10K_7r7,2743,10240,0/0
/spttest/mixed_10K_7r8,2744,10240,0/0
/spttest/mixed_10K_7r9,2745,10240,0/0
/spttest/mixed_10K_7ra,2746,10240,0/0
/spttest/mixed_10K_7rb,2747,10240,0/0
/spttest/mixed_10K_7rc,2748,10240,0/0
/spttest/mixed_10K_7rd,2749,10240,0/0
/spttest/mixed_10K_7re,274a,10240,0/0
/spttest/mixed_10K_7rf,274b,10240,0/0
/spttest/mixed_10K_7rg,274c,10240,0/0
/spttest/mixed_10K_7rh,274d,10240,0/0
/spttest/mixed_10K_7ri,274e,10240,0/0
/spttest/mixed_10K_7rj,274f,10240,0/0
/spttest/mixed_10K_7rk,2750,10240,0/0
/spttest/mixed_10K_7rl,2751,10240,0/0
/spttest/mixed_10K_7rm,2752,10240,0/0
/spttest/mixed_10K_7rn,2753,10240,0/0
/spttest/mixed_10K_7ro,2754,10240,0/0
/spttest/mixed_10K_7rp,2755,10240,0/0
/spttest/mixed_10K_7rq,2756,10240,0/0
/spttest/mixed_10K_7rr,2757,10240,0/0
/spttest/mixed_10K_7rs,2758,10240,0/0
/spttest/mixed_10K_7rt,2759,10240,0/0
/spttest/mixed_10K_7ru,275a,10240,0/0
/spttest/mixed_10K_7rv,275b,10240,0/0
/spttest/mixed_10K_7rw,275c,10240,0/0
/spttest/mixed_10K_7rx,275d,10240,0/0
/spttest/mixed_10K_7ry,275e,10240,0/0
/spttest/mixed_10K_7rz,275f,10240,0/0
/spttest/mixed_10K_7s0,2760,10240,0/0
/spttest/mixed_10K_7s1,2761,10240,0/0
/spttest/mixed_10K_7s2,2762,10240,0/0
/spttest/mixed_10K_7s3,2763,10240,0/0
/spttest/mixed_10K_7s4,2764,10240,0/0
/spttest/mixed_10K_7s5,2765,10240,0/0
/spttest/mixed_10K_7s6,2766,10240,0/0
/spttest/mixed_10K_7s7,2767,10240,0/0
/spttest/mixed_10K_7s8,2768,10240,0/0
/spttest/mixed_10K_7s9,2769,10240,0/0
/spttest/mixed_10K_7sa,276a,10240,0/0
/spttest/mixed_10K_7sb,276b,10240,0/0
/spttest/mixed_10K_7sc,276c,10240,0/0
/spttest/mixed_10K_7sd,276d,10240,0/0
/spttest/mixed_10K_7se,276e,10240,0/0
/spttest/mixed_10K_7sf,276f,10240,0/0
/spttest/mixed_10K_7sg,2770,10240,0/0
/spttest/mixed_10K_7sh,2771,10240,0/0
/spttest/mixed_10K_7si,2772,10240,0/0
/spttest/mixed_10K_7sj,2773,10240,0/0
/spttest/mixed_10K_7sk,2774,10240,0/0
/spttest/mixed_10K_7sl,2775,10240,0/0
/spttest/mixed_10K_7sm,2776,10240,0/0
/spttest/mixed_10K_7sn,2777,10240,0/0
/spttest/mixed_10K_7so,2778,10240,0/0
/spttest/mixed_10K_7sp,2779,10240,0/0
/spttest/mixed_10K_7sq,277a,10240,0/0
/spttest/mixed_10K_7sr,277b,10240,0/0
/spttest/mixed_10K_7ss,277c,10240,0/0
/spttest/mixed_10K_7st,277d,10240,0/0
/spttest/mixed_10K_7su,277e,10240,0/0
/spttest/mixed_10K_7sv,277f,10240,0/0
/spttest/mixed_10K_7sw,2780,10240,0/0
/spttest/mixed_10K_7sx,2781,10240,0/0
/spttest/mixed_10K_7sy,2782,10240,0/0
/spttest/mixed_10K_7sz,2783,10240,0/0
/spttest/mixed_10K_7t0,2784,10240,0/0
/spttest/mixed_10K_7t1,2785,10240,0/0
/spttest/mixed_10K_7t2,2786,10240,0/0
/spttest/mixed_10K_7t3,2787,10240,0/0
/spttest/mixed_10K_7t4,2788,10240,0/0
/spttest/mixed_10K_7t5,2789,10240,0/0
/spttest/mixed_10K_7t6,278a,10240,0/0
/spttest/mixed_10K_7t7,278b,10240,0/0
/spttest/mixed_10K_7t8,278c,10240,0/0
/spttest/mixed_10K_7t9,278d,10240,0/0
/spttest/mixed_10K_7ta,278e,10240,0/0
/spttest/mixed_10K_7tb,278f,10240,0/0
/spttest/mixed_10K_7tc,2790,10240,0/0
/spttest/mixed_10K_7td,2791,10240,0/0
/spttest/mixed_10K_7te,2792,10240,0/0
/spttest/mixed_10K_7tf,2793,10240,0/0
/spttest/mixed_10K_7tg,2794,10240,0/0
/spttest/mixed_10K_7th,2795,10240,0/0
/spttest/mixed_10K_7ti,2796,10240,0/0
/spttest/mixed_10K_7tj,2797,10240,0/0
/spttest/mixed_10K_7tk,2798,10240,0/0
/spttest/mixed_10K_7tl,2799,10240,0/0
/spttest/mixed_10K_7tm,279a,10240,0/0
/spttest/mixed_10K_7tn,279b,10240,0/0
/spttest/mixed_10K_7to,279c,10240,0/0
/spttest/mixed_10K_7tp,279d,10240,0/0
/spttest/mixed_10K_7tq,279e,10240,0/0
/spttest/mixed_10K_7tr,279f,10240,0/0
/spttest/mixed_10K_7ts,27a0,10240,0/0
/spttest/mixed_10K_7tt,27a1,10240,0/0
/spttest/mixed_10K_7tu,27a2,10240,0/0
/spttest/mixed_10K_7tv,27a3,10240,0/0
/spttest/mixed_10K_7tw,27a4,10240,0/0
/spttest/mixed_10K_7tx,27a5,10240,0/0
/spttest/mixed_10K_7ty,27a6,10240,0/0
/spttest/mixed_10K_7tz,27a7,10240,0/0
/spttest/mixed_10K_7u0,27a8,10240,0/0
/spttest/mixed_10K_7u1,27a9,10240,0/0
/spttest/mixed_10K_7u2,27aa,10240,0/0
/spttest/mixed_10K_7u3,27ab,10240,0/0
/spttest/mixed_10K_7u4,27ac,10240,0/0
/spttest/mixed_10K_7u5,27ad,10240,0/0
/spttest/mixed_10K_7u6,27ae,10240,0/0
/spttest/mixed_10K_7u7,27af,10240,0/0
/spttest/mixed_10K_7u8,27b0,10240,0/0
/spttest/mixed_10K_7u9,27b1,10240,0/0
/spttest/mixed_10K_7ua,27b2,10240,0/0
/spttest/mixed_10K_7ub,27b3,10240,0/0
/spttest/mixed_10K_7uc,27b4,10240,0/0
/spttest/mixed_10K_7ud,27b5,10240,0/0
/spttest/mixed_10K_7ue,27b6,10240,0/0
/spttest/mixed_10K_7uf,27b7,10240,0/0
/spttest/mixed_10K_7ug,27b8,10240,0/0
/spttest/mixed_10K_7uh,27b9,10240,0/0
/spttest/mixed_10K_7ui,27ba,10240,0/0
/spttest/mixed_10K_7uj,27bb,10240,0/0
/spttest/mixed_10K_7uk,27bc,10240,0/0
/spttest/mixed_10K_7ul,27bd,10240,0/0
/spttest/mixed_10K_7um,27be,10240,0/0
/spttest/mixed_10K_7un,27bf,10240,0/0
/spttest/mixed_10K_7uo,27c0,10240,0/0
/spttest/mixed_10K_7up,27c1,10240,0/0
/spttest/mixed_10K_7uq,27c2,10240,0/0
/spttest/mixed_10K_7ur,27c3,10240,0/0
/spttest/mixed_10K_7us,27c4,10240,0/0
/spttest/mixed_10K_7ut,27c5,10240,0/0
/spttest/mixed_10K_7uu,27c6,10240,0/0
/spttest/mixed_10K_7uv,27c7,10240,0/0
/spttest/mixed_10K_7uw,27c8,10240,0/0
/spttest/mixed_10K_7ux,27c9,10240,0/0
/spttest/mixed_10K_7uy,27ca,10240,0/0
/spttest/mixed_10K_7uz,27cb,10240,0/0
/spttest/mixed_10K_7v0,27cc,10240,0/0
/spttest/mixed_10K_7v1,27cd,10240,0/0
/spttest/mixed_10K_7v2,27ce,10240,0/0
/spttest/mixed_10K_7v3,27cf,10240,0/0
/spttest/mixed_10K_7v4,27d0,10240,0/0
/spttest/mixed_10K_7v5,27d1,10240,0/0
/spttest/mixed_10K_7v6,27d2,10240,0/0
/spttest/mixed_10K_7v7,27d3,10240,0/0
/spttest/mixed_10K_7v8,27d4,10240,0/0
/spttest/mixed_10K_7v9,27d5,10240,0/0
/spttest/mixed_10K_7va,27d6,10240,0/0
/spttest/mixed_10K_7vb,27d7,10240,0/0
/spttest/mixed_10K_7vc,27d8,10240,0/0
/spttest/mixed_10K_7vd,27d9,10240,0/0
/spttest/mixed_10K_7ve,27da,10240,0/0
/spttest/mixed_10K_7vf,27db,10240,0/0
/spttest/mixed_10K_7vg,27dc,10240,0/0
/spttest/mixed_10K_7vh,27dd,10240,0/0
/spttest/mixed_10K_7vi,27de,10240,0/0
/spttest/mixed_10K_7vj,27df,10240,0/0
/spttest/mixed_10K_7vk,27e0,10240,0/0
/spttest/mixed_10K_7vl,27e1,10240,0/0
/spttest/mixed_10K_7vm,27e2,10240,0/0
/spttest/mixed_10K_7vn,27e3,10240,0/0
/spttest/mixed_10K_7vo,27e4,10240,0/0
/spttest/mixed_10K_7vp,27e5,10240,0/0
/spttest/mixed_10K_7vq,27e6,10240,0/0
/spttest/mixed_10K_7vr,27e7,10240,0/0
/spttest/mixed_10K_7vs,27e8,10240,0/0
/spttest/mixed_10K_7vt,27e9,10240,0/0
/spttest/mixed_10K_7vu,27ea,10240,0/0
/spttest/mixed_10K_7vv,27eb,10240,0/0
/spttest/mixed_10K_7vw,27ec,10240,0/0
/spttest/mixed_10K_7vx,27ed,10240,0/0
/spttest/mixed_10K_7vy,27ee,10240,0/0
/spttest/mixed_10K_7vz,27ef,10240,0/0
/spttest/mixed_10K_7w0,27f0,10240,0/0
/spttest/mixed_10K_7w1,27f1,10240,0/0
/spttest/mixed_10K_7w2,27f2,10240,0/0
/spttest/mixed_10K_7w3,27f3,10240,0/0
/spttest/mixed_10K_7w4,27f4,10240,0/0
/spttest/mixed_10K_7w5,27f5,10240,0/0
/spttest/mixed_10K_7w6,27f6,10240,0/0
/spttest/mixed_10K_7w7,27f7,10240,0/0
/spttest/mixed_10K_7w8,27f8,10240,0/0
/spttest/mixed_10K_7w9,27f9,10240,0/0
/spttest/mixed_10K_7wa,27fa,10240,0/0
/spttest/mixed_10K_7wb,27fb,10240,0/0
/spttest/mixed_10K_7wc,27fc,10240,0/0
/spttest/mixed_10K_7wd,27fd,10240,0/0
/spttest/mixed_10K_7we,27fe,10240,0/0
/spttest/mixed_10K_7wf,27ff,10240,0/0
/spttest/mixed_10K_7wg,2800,10240,0/0
/spttest/mixed_10K_7wh,2801,10240,0/0
/spttest/mixed_10K_7wi,2802,10240,0/0
/spttest/mixed_10K_7wj,2803,10240,0/0
/spttest/mixed_10K_7wk,2804,10240,0/0
/spttest/mixed_10K_7wl,2805,10240,0/0
/spttest/mixed_10K_7wm,2806,10240,0/0
/spttest/mixed_10K_7wn,2807,10240,0/0
/spttest/mixed_10K_7wo,2808,10240,0/0
/spttest/mixed_10K_7wp,2809,10240,0/0
/spttest/mixed_10K_7wq,280a,10240,0/0
/spttest/mixed_10K_7wr,280b,10240,0/0
/spttest/mixed_10K_7ws,280c,10240,0/0
/spttest/mixed_10K_7wt,280d,10240,0/0
/spttest/mixed_10K_7wu,280e,10240,0/0
/spttest/mixed_10K_7wv,280f,10240,0/0
/spttest/mixed_10K_7ww,2810,10240,0/0
/spttest/mixed_10K_7wx,2811,10240,0/0
/spttest/mixed_10K_7wy,2812,10240,0/0
/spttest/mixed_10K_7wz,2813,10240,0/0
/spttest/mixed_10K_7x0,2814,10240,0/0
/spttest/mixed_10K_7x1,2815,10240,0/0
/spttest/mixed_10K_7x2,2816,10240,0/0
/spttest/mixed_10K_7x3,2817,10240,0/0
/spttest/mixed_10K_7x4,2818,10240,0/0
/spttest/mixed_10K_7x5,2819,10240,0/0
/spttest/mixed_10K_7x6,281a,10240,0/0
/spttest/mixed_10K_7x7,281b,10240,0/0
/spttest/mixed_10K_7x8,281c,10240,0/0
/spttest/mixed_10K_7x9,281d,10240,0/0
/spttest/mixed_10K_7xa,281e,10240,0/0
/spttest/mixed_10K_7xb,281f,10240,0/0
/spttest/mixed_10K_7xc,2820,10240,0/0
/spttest/mixed_10K_7xd,2821,10240,0/0
/spttest/mixed_10K_7xe,2822,10240,0/0
/spttest/mixed_10K_7xf,2823,10240,0/0
/spttest/mixed_10K_7xg,2824,10240,0/0
/spttest/mixed_10K_7xh,2825,10240,0/0
/spttest/mixed_10K_7xi,2826,10240,0/0
/spttest/mixed_10K_7xj,2827,10240,0/0
/spttest/mixed_10K_7xk,2828,10240,0/0
/spttest/mixed_10K_7xl,2829,10240,0/0
/spttest/mixed_10K_7xm,282a,10240,0/0
/spttest/mixed_10K_7xn,282b,10240,0/0
/spttest/mixed_10K_7xo,282c,10240,0/0
/spttest/mixed_10K_7xp,282d,10240,0/0
/spttest/mixed_10K_7xq,282e,10240,0/0
/spttest/mixed_10K_7xr,282f,10240,0/0
/spttest/mixed_10K_7xs,2830,10240,0/0
/spttest/mixed_10K_7xt,2831,10240,0/0
/spttest/mixed_10K_7xu,2832,10240,0/0
/spttest/mixed_10K_7xv,2833,10240,0/0
/spttest/mixed_10K_7xw,2834,10240,0/0
/spttest/mixed_10K_7xx,2835,10240,0/0
/spttest/mixed_10K_7xy,2836,10240,0/0
/spttest/mixed_10K_7xz,2837,10240,0/0
/spttest/mixed_10K_7y0,2838,10240,0/0
/spttest/mixed_10K_7y1,2839,10240,0/0
/spttest/mixed_10K_7y2,283a,10240,0/0
/spttest/mixed_10K_7y3,283b,10240,0/0
/spttest/mixed_10K_7y4,283c,10240,0/0
/spttest/mixed_10K_7y5,283d,10240,0/0
/spttest/mixed_10K_7y6,283e,10240,0/0
/spttest/mixed_10K_7y7,283f,10240,0/0
/spttest/mixed_10K_7y8,2840,10240,0/0
/spttest/mixed_10K_7y9,2841,10240,0/0
/spttest/mixed_10K_7ya,2842,10240,0/0
/spttest/mixed_10K_7yb,2843,10240,0/0
/spttest/mixed_10K_7yc,2844,10240,0/0
/spttest/mixed_10K_7yd,2845,10240,0/0
/spttest/mixed_10K_7ye,2846,10240,0/0
/spttest/mixed_10K_7yf,2847,10240,0/0
/spttest/mixed_10K_7yg,2848,10240,0/0
/spttest/mixed_10K_7yh,2849,10240,0/0
/spttest/mixed_10K_7yi,284a,10240,0/0
/spttest/mixed_10K_7yj,284b,10240,0/0
/spttest/mixed_10K_7yk,284c,10240,0/0
/spttest/mixed_10K_7yl,284d,10240,0/0
/spttest/mixed_10K_7ym,284e,10240,0/0
/spttest/mixed_10K_7yn,284f,10240,0/0
/spttest/mixed_10K_7yo,2850,10240,0/0
/spttest/mixed_10K_7yp,2851,10240,0/0
/spttest/mixed_10K_7yq,2852,10240,0/0
/spttest/mixed_10K_7yr,2853,10240,0/0
/spttest/mixed_10K_7ys,2854,10240,0/0
/spttest/mixed_10K_7yt,2855,10240,0/0
/spttest/mixed_10K_7yu,2856,10240,0/0
/spttest/mixed_10K_7yv,2857,10240,0/0
/spttest/mixed_10K_7yw,2858,10240,0/0
/spttest/mixed_10K_7yx,2859,10240,0/0
/spttest/mixed_10K_7yy,285a,10240,0/0
/spttest/mixed_10K_7yz,285b,10240,0/0
/spttest/mixed_10K_7z0,285c,10240,0/0
/spttest/mixed_10K_7z1,285d,10240,0/0
/spttest/mixed_10K_7z2,285e,10240,0/0
/spttest/mixed_10K_7z3,285f,10240,0/0
/spttest/mixed_10K_7z4,2860,10240,0/0
/spttest/mixed_10K_7z5,2861,10240,0/0
/spttest/mixed_10K_7z6,2862,10240,0/0
/spttest/mixed_10K_7z7,2863,10240,0/0
/spttest/mixed_10K_7z8,2864,10240,0/0
/spttest/mixed_10K_7z9,2865,10240,0/0
/spttest/mixed_10K_7za,2866,10240,0/0
/spttest/mixed_10K_7zb,2867,10240,0/0
/spttest/mixed_10K_7zc,2868,10240,0/0
/spttest/mixed_10K_7zd,2869,10240,0/0
/spttest/mixed_10K_7ze,286a,10240,0/0
/spttest/mixed_10K_7zf,286b,10240,0/0
/spttest/mixed_10K_7zg,286c,10240,0/0
/spttest/mixed_10K_7zh,286d,10240,0/0
/spttest/mixed_10K_7zi,286e,10240,0/0
/spttest/mixed_10K_7zj,286f,10240,0/0
/spttest/mixed_10K_7zk,2870,10240,0/0
/spttest/mixed_10K_7zl,2871,10240,0/0
/spttest/mixed_10K_7zm,2872,10240,0/0
/spttest/mixed_10K_7zn,2873,10240,0/0
/spttest/mixed_10K_7zo,2874,10240,0/0
/spttest/mixed_10K_7zp,2875,10240,0/0
/spttest/mixed_10K_7zq,2876,10240,0/0
/spttest/mixed_10K_7zr,2877,10240,0/0
/spttest/mixed_10K_7zs,2878,10240,0/0
/spttest/mixed_10K_7zt,2879,10240,0/0
/spttest/mixed_10K_7zu,287a,10240,0/0
/spttest/mixed_10K_7zv,287b,10240,0/0
/spttest/mixed_10K_7zw,287c,10240,0/0
/spttest/mixed_10K_7zx,287d,10240,0/0
/spttest/mixed_10K_7zy,287e,10240,0/0
/spttest/mixed_10K_7zz,287f,10240,0/0
/spttest/mixed_10K_800,2880,10240,0/0
/spttest/mixed_10K_801,2881,10240,0/0
/spttest/mixed_10K_802,2882,10240,0/0
/spttest/mixed_10K_803,2883,10240,0/0
/spttest/mixed_10K_804,2884,10240,0/0
/spttest/mixed_10K_805,2885,10240,0/0
/spttest/mixed_10K_806,2886,10240,0/0
/spttest/mixed_10K_807,2887,10240,0/0
/spttest/mixed_10K_808,2888,10240,0/0
/spttest/mixed_10K_809,2889,10240,0/0
/spttest/mixed_10K_80a,288a,10240,0/0
/spttest/mixed_10K_80b,288b,10240,0/0
/spttest/mixed_10K_80c,288c,10240,0/0
/spttest/mixed_10K_80d,288d,10240,0/0
/spttest/mixed_10K_80e,288e,10240,0/0
/spttest/mixed_10K_80f,288f,10240,0/0
/spttest/mixed_10K_80g,2890,10240,0/0
/spttest/mixed_10K_80h,2891,10240,0/0
/spttest/mixed_10K_80i,2892,10240,0/0
/spttest/mixed_10K_80j,2893,10240,0/0
/spttest/mixed_10K_80k,2894,10240,0/0
/spttest/mixed_10K_80l,2895,10240,0/0
/spttest/mixed_10K_80m,2896,10240,0/0
/spttest/mixed_10K_80n,2897,10240,0/0
/spttest/mixed_10K_80o,2898,10240,0/0
/spttest/mixed_10K_80p,2899,10240,0/0
/spttest/mixed_10K_80q,289a,10240,0/0
/spttest/mixed_10K_80r,289b,10240,0/0
/spttest/mixed_10K_80s,289c,10240,0/0
/spttest/mixed_10K_80t,289d,10240,0/0
/spttest/mixed_10K_80u,289e,10240,0/0
/spttest/mixed_10K_80v,289f,10240,0/0
/spttest/mixed_10K_80w,28a0,10240,0/0
/spttest/mixed_10K_80x,28a1,10240,0/0
/spttest/mixed_10K_80y,28a2,10240,0/0
/spttest/mixed_10K_80z,28a3,10240,0/0
/spttest/mixed_10K_810,28a4,10240,0/0
/spttest/mixed_10K_811,28a5,10240,0/0
/spttest/mixed_10K_812,28a6,10240,0/0
/spttest/mixed_10K_813,28a7,10240,0/0
/spttest/mixed_10K_814,28a8,10240,0/0
/spttest/mixed_10K_815,28a9,10240,0/0
/spttest/mixed_10K_816,28aa,10240,0/0
/spttest/mixed_10K_817,28ab,10240,0/0
/spttest/mixed_10K_818,28ac,10240,0/0
/spttest/mixed_10K_819,28ad,10240,0/0
/spttest/mixed_10K_81a,28ae,10240,0/0
/spttest/mixed_10K_81b,28af,10240,0/0
/spttest/mixed_10K_81c,28b0,10240,0/0
/spttest/mixed_10K_81d,28b1,10240,0/0
/spttest/mixed_10K_81e,28b2,10240,0/0
/spttest/mixed_10K_81f,28b3,10240,0/0
/spttest/mixed_10K_81g,28b4,10240,0/0
/spttest/mixed_10K_81h,28b5,10240,0/0
/spttest/mixed_10K_81i,28b6,10240,0/0
/spttest/mixed_10K_81j,28b7,10240,0/0
/spttest/mixed_10K_81k,28b8,10240,0/0
/spttest/mixed_10K_81l,28b9,10240,0/0
/spttest/mixed_10K_81m,28ba,10240,0/0
/spttest/mixed_10K_81n,28bb,10240,0/0
/spttest/mixed_10K_81o,28bc,10240,0/0
/spttest/mixed_10K_81p,28bd,10240,0/0
/spttest/mixed_10K_81q,28be,10240,0/0
/spttest/mixed_10K_81r,28bf,10240,0/0
/spttest/mixed_10K_81s,28c0,10240,0/0
/spttest/mixed_10K_81t,28c1,10240,0/0
/spttest/mixed_10K_81u,28c2,10240,0/0
/spttest/mixed_10K_81v,28c3,10240,0/0
/spttest/mixed_10K_81w,28c4,10240,0/0
/spttest/mixed_10K_81x,28c5,10240,0/0
/spttest/mixed_10K_81y,28c6,10240,0/0
/spttest/mixed_10K_81z,28c7,10240,0/0
/spttest/mixed_10K_820,28c8,10240,0/0
/spttest/mixed_10K_821,28c9,10240,0/0
/spttest/mixed_10K_822,28ca,10240,0/0
/spttest/mixed_10K_823,28cb,10240,0/0
/spttest/mixed_10K_824,28cc,10240,0/0
/spttest/mixed_10K_825,28cd,10240,0/0
/spttest/mixed_10K_826,28ce,10240,0/0
/spttest/mixed_10K_827,28cf,10240,0/0
/spttest/mixed_10K_828,28d0,10240,0/0
/spttest/mixed_10K_829,28d1,10240,0/0
/spttest/mixed_10K_82a,28d2,10240,0/0
/spttest/mixed_10K_82b,28d3,10240,0/0
/spttest/mixed_10K_82c,28d4,10240,0/0
/spttest/mixed_10K_82d,28d5,10240,0/0
/spttest/mixed_10K_82e,28d6,10240,0/0
/spttest/mixed_10K_82f,28d7,10240,0/0
/spttest/mixed_10K_82g,28d8,10240,0/0
/spttest/mixed_10K_82h,28d9,10240,0/0
/spttest/mixed_10K_82i,28da,10240,0/0
/spttest/mixed_10K_82j,28db,10240,0/0
/spttest/mixed_10K_82k,28dc,10240,0/0
/spttest/mixed_10K_82l,28dd,10240,0/0
/spttest/mixed_10K_82m,28de,10240,0/0
/spttest/mixed_10K_82n,28df,10240,0/0
/spttest/mixed_10K_82o,28e0,10240,0/0
/spttest/mixed_10K_82p,28e1,10240,0/0
/spttest/mixed_10K_82q,28e2,10240,0/0
/spttest/mixed_10K_82r,28e3,10240,0/0
/spttest/mixed_10K_82s,28e4,10240,0/0
/spttest/mixed_10K_82t,28e5,10240,0/0
/spttest/mixed_10K_82u,28e6,10240,0/0
/spttest/mixed_10K_82v,28e7,10240,0/0
/spttest/mixed_10K_82w,28e8,10240,0/0
/spttest/mixed_10K_82x,28e9,10240,0/0
/spttest/mixed_10K_82y,28ea,10240,0/0
/spttest/mixed_10K_82z,28eb,10240,0/0
/spttest/mixed_10K_830,28ec,10240,0/0
/spttest/mixed_10K_831,28ed,10240,0/0
/spttest/mixed_10K_832,28ee,10240,0/0
/spttest/mixed_10K_833,28ef,10240,0/0
/spttest/mixed_10K_834,28f0,10240,0/0
/spttest/mixed_10K_835,28f1,10240,0/0
/spttest/mixed_10K_836,28f2,10240,0/0
/spttest/mixed_10K_837,28f3,10240,0/0
/spttest/mixed_10K_838,28f4,10240,0/0
/spttest/mixed_10K_839,28f5,10240,0/0
/spttest/mixed_10K_83a,28f6,10240,0/0
/spttest/mixed_10K_83b,28f7,10240,0/0
/spttest/mixed_10K_83c,28f8,10240,0/0
/spttest/mixed_10K_83d,28f9,10240,0/0
/spttest/mixed_10K_83e,28fa,10240,0/0
/spttest/mixed_10K_83f,28fb,10240,0/0
/spttest/mixed_10K_83g,28fc,10240,0/0
/spttest/mixed_10K_83h,28fd,10240,0/0
/spttest/mixed_10K_83i,28fe,10240,0/0
/spttest/mixed_10K_83j,28ff,10240,0/0
/spttest/mixed_10K_83k,2900,10240,0/0
/spttest/mixed_10K_83l,2901,10240,0/0
/spttest/mixed_10K_83m,2902,10240,0/0
/spttest/mixed_10K_83n,2903,10240,0/0
/spttest/mixed_10K_83o,2904,10240,0/0
/spttest/mixed_10K_83p,2905,10240,0/0
/spttest/mixed_10K_83q,2906,10240,0/0
/spttest/mixed_10K_83r,2907,10240,0/0
/spttest/mixed_10K_83s,2908,10240,0/0
/spttest/mixed_10K_83t,2909,10240,0/0
/spttest/mixed_10K_83u,290a,10240,0/0
/spttest/mixed_10K_83v,290b,10240,0/0
/spttest/mixed_10K_83w,290c,10240,0/0
/spttest/mixed_10K_83x,290d,10240,0/0
/spttest/mixed_10K_83y,290e,10240,0/0
/spttest/mixed_10K_83z,290f,10240,0/0
/spttest/mixed_10K_840,2910,10240,0/0
/spttest/mixed_10K_841,2911,10240,0/0
/spttest/mixed_10K_842,2912,10240,0/0
/spttest/mixed_10K_843,2913,10240,0/0
/spttest/mixed_10K_844,2914,10240,0/0
/spttest/mixed_10K_845,2915,10240,0/0
/spttest/mixed_10K_846,2916,10240,0/0
/spttest/mixed_10K_847,2917,10240,0/0
/spttest/mixed_10K_848,2918,10240,0/0
/spttest/mixed_10K_849,2919,10240,0/0
/spttest/mixed_10K_84a,291a,10240,0/0
/spttest/mixed_10K_84b,291b,10240,0/0
/spttest/mixed_10K_84c,291c,10240,0/0
/spttest/mixed_10K_84d,291d,10240,0/0
/spttest/mixed_10K_84e,291e,10240,0/0
/spttest/mixed_10K_84f,291f,10240,0/0
/spttest/mixed_10K_84g,2920,10240,0/0
/spttest/mixed_10K_84h,2921,10240,0/0
/spttest/mixed_10K_84i,2922,10240,0/0
/spttest/mixed_10K_84j,2923,10240,0/0
/spttest/mixed_10K_84k,2924,10240,0/0
/spttest/mixed_10K_84l,2925,10240,0/0
/spttest/mixed_10K_84m,2926,10240,0/0
/spttest/mixed_10K_84n,2927,10240,0/0
/spttest/mixed_10K_84o,2928,10240,0/0
/spttest/mixed_10K_84p,2929,10240,0/0
/spttest/mixed_10K_84q,292a,10240,0/0
/spttest/mixed_10K_84r,292b,10240,0/0
/spttest/mixed_10K_84s,292c,10240,0/0
/spttest/mixed_10K_84t,292d,10240,0/0
/spttest/mixed_10K_84u,292e,10240,0/0
/spttest/mixed_10K_84v,292f,10240,0/0
/spttest/mixed_10K_84w,2930,10240,0/0
/spttest/mixed_10K_84x,2931,10240,0/0
/spttest/mixed_10K_84y,2932,10240,0/0
/spttest/mixed_10K_84z,2933,10240,0/0
/spttest/mixed_10K_850,2934,10240,0/0
/spttest/mixed_10K_851,2935,10240,0/0
/spttest/mixed_10K_852,2936,10240,0/0
/spttest/mixed_10K_853,2937,10240,0/0
/spttest/mixed_10K_854,2938,10240,0/0
/spttest/mixed_10K_855,2939,10240,0/0
/spttest/mixed_10K_856,293a,10240,0/0
/spttest/mixed_10K_857,293b,10240,0/0
/spttest/mixed_10K_858,293c,10240,0/0
/spttest/mixed_10K_859,293d,10240,0/0
/spttest/mixed_10K_85a,293e,10240,0/0
/spttest/mixed_10K_85b,293f,10240,0/0
/spttest/mixed_10K_85c,2940,10240,0/0
/spttest/mixed_10K_85d,2941,10240,0/0
/spttest/mixed_10K_85e,2942,10240,0/0
/spttest/mixed_10K_85f,2943,10240,0/0
/spttest/mixed_10K_85g,2944,10240,0/0
/spttest/mixed_10K_85h,2945,10240,0/0
/spttest/mixed_10K_85i,2946,10240,0/0
/spttest/mixed_10K_85j,2947,10240,0/0
/spttest/mixed_10K_85k,2948,10240,0/0
/spttest/mixed_10K_85l,2949,10240,0/0
/spttest/mixed_10K_85m,294a,10240,0/0
/spttest/mixed_10K_85n,294b,10240,0/0
/spttest/mixed_10K_85o,294c,10240,0/0
/spttest/mixed_10K_85p,294d,10240,0/0
/spttest/mixed_10K_85q,294e,10240,0/0
/spttest/mixed_10K_85r,294f,10240,0/0
/spttest/mixed_10K_85s,2950,10240,0/0
/spttest/mixed_10K_85t,2951,10240,0/0
/spttest/mixed_10K_85u,2952,10240,0/0
/spttest/mixed_10K_85v,2953,10240,0/0
/spttest/mixed_10K_85w,2954,10240,0/0
/spttest/mixed_10K_85x,2955,10240,0/0
/spttest/mixed_10K_85y,2956,10240,0/0
/spttest/mixed_10K_85z,2957,10240,0/0
/spttest/mixed_10K_860,2958,10240,0/0
/spttest/mixed_10K_861,2959,10240,0/0
/spttest/mixed_10K_862,295a,10240,0/0
/spttest/mixed_10K_863,295b,10240,0/0
/spttest/mixed_10K_864,295c,10240,0/0
/spttest/mixed_10K_865,295d,10240,0/0
/spttest/mixed_10K_866,295e,10240,0/0
/spttest/mixed_10K_867,295f,10240,0/0
/spttest/mixed_10K_868,2960,10240,0/0
/spttest/mixed_10K_869,2961,10240,0/0
/spttest/mixed_10K_86a,2962,10240,0/0
/spttest/mixed_10K_86b,2963,10240,0/0
/spttest/mixed_10K_86c,2964,10240,0/0
/spttest/mixed_10K_86d,2965,10240,0/0
/spttest/mixed_10K_86e,2966,10240,0/0
/spttest/mixed_10K_86f,2967,10240,0/0
/spttest/mixed_10K_86g,2968,10240,0/0
/spttest/mixed_10K_86h,2969,10240,0/0
/spttest/mixed_10K_86i,296a,10240,0/0
/spttest/mixed_10K_86j,296b,10240,0/0
/spttest/mixed_10K_86k,296c,10240,0/0
/spttest/mixed_10K_86l,296d,10240,0/0
/spttest/mixed_10K_86m,296e,10240,0/0
/spttest/mixed_10K_86n,296f,10240,0/0
/spttest/mixed_10K_86o,2970,10240,0/0
/spttest/mixed_10K_86p,2971,10240,0/0
/spttest/mixed_10K_86q,2972,10240,0/0
/spttest/mixed_10K_86r,2973,10240,0/0
/spttest/mixed_10K_86s,2974,10240,0/0
/spttest/mixed_10K_86t,2975,10240,0/0
/spttest/mixed_10K_86u,2976,10240,0/0
/spttest/mixed_10K_86v,2977,10240,0/0
/spttest/mixed_10K_86w,2978,10240,0/0
/spttest/mixed_10K_86x,2979,10240,0/0
/spttest/mixed_10K_86y,297a,10240,0/0
/spttest/mixed_10K_86z,297b,10240,0/0
/spttest/mixed_10K_870,297c,10240,0/0
/spttest/mixed_10K_871,297d,10240,0/0
/spttest/mixed_10K_872,297e,10240,0/0
/spttest/mixed_10K_873,297f,10240,0/0
/spttest/mixed_10K_874,2980,10240,0/0
/spttest/mixed_10K_875,2981,10240,0/0
/spttest/mixed_10K_876,2982,10240,0/0
/spttest/mixed_10K_877,2983,10240,0/0
/spttest/mixed_10K_878,2984,10240,0/0
/spttest/mixed_10K_879,2985,10240,0/0
/spttest/mixed_10K_87a,2986,10240,0/0
/spttest/mixed_10K_87b,2987,10240,0/0
/spttest/mixed_10K_87c,2988,10240,0/0
/spttest/mixed_10K_87d,2989,10240,0/0
/spttest/mixed_10K_87e,298a,10240,0/0
/spttest/mixed_10K_87f,298b,10240,0/0
/spttest/mixed_10K_87g,298c,10240,0/0
/spttest/mixed_10K_87h,298d,10240,0/0
/spttest/mixed_10K_87i,298e,10240,0/0
/spttest/mixed_10K_87j,298f,10240,0/0
/spttest/mixed_10K_87k,2990,10240,0/0
/spttest/mixed_10K_87l,2991,10240,0/0
/spttest/mixed_10K_87m,2992,10240,0/0
/spttest/mixed_10K_87n,2993,10240,0/0
/spttest/mixed_10K_87o,2994,10240,0/0
/spttest/mixed_10K_87p,2995,10240,0/0
/spttest/mixed_10K_87q,2996,10240,0/0
/spttest/mixed_10K_87r,2997,10240,0/0
/spttest/mixed_10K_87s,2998,10240,0/0
/spttest/mixed_10K_87t,2999,10240,0/0
/spttest/mixed_10K_87u,299a,10240,0/0
/spttest/mixed_10K_87v,299b,10240,0/0
/spttest/mixed_10K_87w,299c,10240,0/0
/spttest/mixed_10K_87x,299d,10240,0/0
/spttest/mixed_10K_87y,299e,10240,0/0
/spttest/mixed_10K_87z,299f,10240,0/0
/spttest/mixed_10K_880,29a0,10240,0/0
/spttest/mixed_10K_881,29a1,10240,0/0
/spttest/mixed_10K_882,29a2,10240,0/0
/spttest/mixed_10K_883,29a3,10240,0/0
/spttest/mixed_10K_884,29a4,10240,0/0
/spttest/mixed_10K_885,29a5,10240,0/0
/spttest/mixed_10K_886,29a6,10240,0/0
/spttest/mixed_10K_887,29a7,10240,0/0
/spttest/mixed_10K_888,29a8,10240,0/0
/spttest/mixed_10K_889,29a9,10240,0/0
/spttest/mixed_10K_88a,29aa,10240,0/0
/spttest/mixed_10K_88b,29ab,10240,0/0
/spttest/mixed_10K_88c,29ac,10240,0/0
/spttest/mixed_10K_88d,29ad,10240,0/0
/spttest/mixed_10K_88e,29ae,10240,0/0
/spttest/mixed_10K_88f,29af,10240,0/0
/spttest/mixed_10K_88g,29b0,10240,0/0
/spttest/mixed_10K_88h,29b1,10240,0/0
/spttest/mixed_10K_88i,29b2,10240,0/0
/spttest/mixed_10K_88j,29b3,10240,0/0
/spttest/mixed_10K_88k,29b4,10240,0/0
/spttest/mixed_10K_88l,29b5,10240,0/0
/spttest/mixed_10K_88m,29b6,10240,0/0
/spttest/mixed_10K_88n,29b7,10240,0/0
/spttest/mixed_10K_88o,29b8,10240,0/0
/spttest/mixed_10K_88p,29b9,10240,0/0
/spttest/mixed_10K_88q,29ba,10240,0/0
/spttest/mixed_10K_88r,29bb,10240,0/0
/spttest/mixed_10K_88s,29bc,10240,0/0
/spttest/mixed_10K_88t,29bd,10240,0/0
/spttest/mixed_10K_88u,29be,10240,0/0
/spttest/mixed_10K_88v,29bf,10240,0/0
/spttest/mixed_10K_88w,29c0,10240,0/0
/spttest/mixed_10K_88x,29c1,10240,0/0
/spttest/mixed_10K_88y,29c2,10240,0/0
/spttest/mixed_10K_88z,29c3,10240,0/0
/spttest/mixed_10K_890,29c4,10240,0/0
/spttest/mixed_10K_891,29c5,10240,0/0
/spttest/mixed_10K_892,29c6,10240,0/0
/spttest/mixed_10K_893,29c7,10240,0/0
/spttest/mixed_10K_894,29c8,10240,0/0
/spttest/mixed_10K_895,29c9,10240,0/0
/spttest/mixed_10K_896,29ca,10240,0/0
/spttest/mixed_10K_897,29cb,10240,0/0
/spttest/mixed_10K_898,29cc,10240,0/0
/spttest/mixed_10K_899,29cd,10240,0/0
/spttest/mixed_10K_89a,29ce,10240,0/0
/spttest/mixed_10K_89b,29cf,10240,0/0
/spttest/mixed_10K_89c,29d0,10240,0/0
/spttest/mixed_10K_89d,29d1,10240,0/0
/spttest/mixed_10K_89e,29d2,10240,0/0
/spttest/mixed_10K_89f,29d3,10240,0/0
/spttest/mixed_10K_89g,29d4,10240,0/0
/spttest/mixed_10K_89h,29d5,10240,0/0
/spttest/mixed_10K_89i,29d6,10240,0/0
/spttest/mixed_10K_89j,29d7,10240,0/0
/spttest/mixed_10K_89k,29d8,10240,0/0
/spttest/mixed_10K_89l,29d9,10240,0/0
/spttest/mixed_10K_89m,29da,10240,0/0
/spttest/mixed_10K_89n,29db,10240,0/0
/spttest/mixed_10K_89o,29dc,10240,0/0
/spttest/mixed_10K_89p,29dd,10240,0/0
/spttest/mixed_10K_89q,29de,10240,0/0
/spttest/mixed_10K_89r,29df,10240,0/0
/spttest/mixed_10K_89s,29e0,10240,0/0
/spttest/mixed_10K_89t,29e1,10240,0/0
/spttest/mixed_10K_89u,29e2,10240,0/0
/spttest/mixed_10K_89v,29e3,10240,0/0
/spttest/mixed_10K_89w,29e4,10240,0/0
/spttest/mixed_10K_89x,29e5,10240,0/0
/spttest/mixed_10K_89y,29e6,10240,0/0
/spttest/mixed_10K_89z,29e7,10240,0/0
/spttest/mixed_10K_8a0,29e8,10240,0/0
/spttest/mixed_10K_8a1,29e9,10240,0/0
/spttest/mixed_10K_8a2,29ea,10240,0/0
/spttest/mixed_10K_8a3,29eb,10240,0/0
/spttest/mixed_10K_8a4,29ec,10240,0/0
/spttest/mixed_10K_8a5,29ed,10240,0/0
/spttest/mixed_10K_8a6,29ee,10240,0/0
/spttest/mixed_10K_8a7,29ef,10240,0/0
/spttest/mixed_10K_8a8,29f0,10240,0/0
/spttest/mixed_10K_8a9,29f1,10240,0/0
/spttest/mixed_10K_8aa,29f2,10240,0/0
/spttest/mixed_10K_8ab,29f3,10240,0/0
/spttest/mixed_10K_8ac,29f4,10240,0/0
/spttest/mixed_10K_8ad,29f5,10240,0/0
/spttest/mixed_10K_8ae,29f6,10240,0/0
/spttest/mixed_10K_8af,29f7,10240,0/0
/spttest/mixed_10K_8ag,29f8,10240,0/0
/spttest/mixed_10K_8ah,29f9,10240,0/0
/spttest/mixed_10K_8ai,29fa,10240,0/0
/spttest/mixed_10K_8aj,29fb,10240,0/0
/spttest/mixed_10K_8ak,29fc,10240,0/0
/spttest/mixed_10K_8al,29fd,10240,0/0
/spttest/mixed_10K_8am,29fe,10240,0/0
/spttest/mixed_10K_8an,29ff,10240,0/0
/spttest/mixed_10K_8ao,2a00,10240,0/0
/spttest/mixed_10K_8ap,2a01,10240,0/0
/spttest/mixed_10K_8aq,2a02,10240,0/0
/spttest/mixed_10K_8ar,2a03,10240,0/0
/spttest/mixed_10K_8as,2a04,10240,0/0
/spttest/mixed_10K_8at,2a05,10240,0/0
/spttest/mixed_10K_8au,2a06,10240,0/0
/spttest/mixed_10K_8av,2a07,10240,0/0
/spttest/mixed_10K_8aw,2a08,10240,0/0
/spttest/mixed_10K_8ax,2a09,10240,0/0
/spttest/mixed_10K_8ay,2a0a,10240,0/0
/spttest/mixed_10K_8az,2a0b,10240,0/0
/spttest/mixed_10K_8b0,2a0c,10240,0/0
/spttest/mixed_10K_8b1,2a0d,10240,0/0
/spttest/mixed_10K_8b2,2a0e,10240,0/0
/spttest/mixed_10K_8b3,2a0f,10240,0/0
/spttest/mixed_10K_8b4,2a10,10240,0/0
/spttest/mixed_10K_8b5,2a11,10240,0/0
/spttest/mixed_10K_8b6,2a12,10240,0/0
/spttest/mixed_10K_8b7,2a13,10240,0/0
/spttest/mixed_10K_8b8,2a14,10240,0/0
/spttest/mixed_10K_8b9,2a15,10240,0/0
/spttest/mixed_10K_8ba,2a16,10240,0/0
/spttest/mixed_10K_8bb,2a17,10240,0/0
/spttest/mixed_10K_8bc,2a18,10240,0/0
/spttest/mixed_10K_8bd,2a19,10240,0/0
/spttest/mixed_10K_8be,2a1a,10240,0/0
/spttest/mixed_10K_8bf,2a1b,10240,0/0
/spttest/mixed_10K_8bg,2a1c,10240,0/0
/spttest/mixed_10K_8bh,2a1d,10240,0/0
/spttest/mixed_10K_8bi,2a1e,10240,0/0
/spttest/mixed_10K_8bj,2a1f,10240,0/0
/spttest/mixed_10K_8bk,2a20,10240,0/0
/spttest/mixed_10K_8bl,2a21,10240,0/0
/spttest/mixed_10K_8bm,2a22,10240,0/0
/spttest/mixed_10K_8bn,2a23,10240,0/0
/spttest/mixed_10K_8bo,2a24,10240,0/0
/spttest/mixed_10K_8bp,2a25,10240,0/0
/spttest/mixed_10K_8bq,2a26,10240,0/0
/spttest/mixed_10K_8br,2a27,10240,0/0
/spttest/mixed_10K_8bs,2a28,10240,0/0
/spttest/mixed_10K_8bt,2a29,10240,0/0
/spttest/mixed_10K_8bu,2a2a,10240,0/0
/spttest/mixed_10K_8bv,2a2b,10240,0/0
/spttest/mixed_10K_8bw,2a2c,10240,0/0
/spttest/mixed_10K_8bx,2a2d,10240,0/0
/spttest/mixed_10K_8by,2a2e,10240,0/0
/spttest/mixed_10K_8bz,2a2f,10240,0/0
/spttest/mixed_10K_8c0,2a30,10240,0/0
/spttest/mixed_10K_8c1,2a31,10240,0/0
/spttest/mixed_10K_8c2,2a32,10240,0/0
/spttest/mixed_10K_8c3,2a33,10240,0/0
/spttest/mixed_10K_8c4,2a34,10240,0/0
/spttest/mixed_10K_8c5,2a35,10240,0/0
/spttest/mixed_10K_8c6,2a36,10240,0/0
/spttest/mixed_10K_8c7,2a37,10240,0/0
/spttest/mixed_10K_8c8,2a38,10240,0/0
/spttest/mixed_10K_8c9,2a39,10240,0/0
/spttest/mixed_10K_8ca,2a3a,10240,0/0
/spttest/mixed_10K_8cb,2a3b,10240,0/0
/spttest/mixed_10K_8cc,2a3c,10240,0/0
/spttest/mixed_10K_8cd,2a3d,10240,0/0
/spttest/mixed_10K_8ce,2a3e,10240,0/0
/spttest/mixed_10K_8cf,2a3f,10240,0/0
/spttest/mixed_10K_8cg,2a40,10240,0/0
/spttest/mixed_10K_8ch,2a41,10240,0/0
/spttest/mixed_10K_8ci,2a42,10240,0/0
/spttest/mixed_10K_8cj,2a43,10240,0/0
/spttest/mixed_10K_8ck,2a44,10240,0/0
/spttest/mixed_10K_8cl,2a45,10240,0/0
/spttest/mixed_10K_8cm,2a46,10240,0/0
/spttest/mixed_10K_8cn,2a47,10240,0/0
/spttest/mixed_10K_8co,2a48,10240,0/0
/spttest/mixed_10K_8cp,2a49,10240,0/0
/spttest/mixed_10K_8cq,2a4a,10240,0/0
/spttest/mixed_10K_8cr,2a4b,10240,0/0
/spttest/mixed_10K_8cs,2a4c,10240,0/0
/spttest/mixed_10K_8ct,2a4d,10240,0/0
/spttest/mixed_10K_8cu,2a4e,10240,0/0
/spttest/mixed_10K_8cv,2a4f,10240,0/0
/spttest/mixed_10K_8cw,2a50,10240,0/0
/spttest/mixed_10K_8cx,2a51,10240,0/0
/spttest/mixed_10K_8cy,2a52,10240,0/0
/spttest/mixed_10K_8cz,2a53,10240,0/0
/spttest/mixed_10K_8d0,2a54,10240,0/0
/spttest/mixed_10K_8d1,2a55,10240,0/0
/spttest/mixed_10K_8d2,2a56,10240,0/0
/spttest/mixed_10K_8d3,2a57,10240,0/0
/spttest/mixed_10K_8d4,2a58,10240,0/0
/spttest/mixed_10K_8d5,2a59,10240,0/0
/spttest/mixed_10K_8d6,2a5a,10240,0/0
/spttest/mixed_10K_8d7,2a5b,10240,0/0
/spttest/mixed_10K_8d8,2a5c,10240,0/0
/spttest/mixed_10K_8d9,2a5d,10240,0/0
/spttest/mixed_10K_8da,2a5e,10240,0/0
/spttest/mixed_10K_8db,2a5f,10240,0/0
/spttest/mixed_10K_8dc,2a60,10240,0/0
/spttest/mixed_10K_8dd,2a61,10240,0/0
/spttest/mixed_10K_8de,2a62,10240,0/0
/spttest/mixed_10K_8df,2a63,10240,0/0
/spttest/mixed_10K_8dg,2a64,10240,0/0
/spttest/mixed_10K_8dh,2a65,10240,0/0
/spttest/mixed_10K_8di,2a66,10240,0/0
/spttest/mixed_10K_8dj,2a67,10240,0/0
/spttest/mixed_10K_8dk,2a68,10240,0/0
/spttest/mixed_10K_8dl,2a69,10240,0/0
/spttest/mixed_10K_8dm,2a6a,10240,0/0
/spttest/mixed_10K_8dn,2a6b,10240,0/0
/spttest/mixed_10K_8do,2a6c,10240,0/0
/spttest/mixed_10K_8dp,2a6d,10240,0/0
/spttest/mixed_10K_8dq,2a6e,10240,0/0
/spttest/mixed_10K_8dr,2a6f,10240,0/0
/spttest/mixed_10K_8ds,2a70,10240,0/0
/spttest/mixed_10K_8dt,2a71,10240,0/0
/spttest/mixed_10K_8du,2a72,10240,0/0
/spttest/mixed_10K_8dv,2a73,10240,0/0
/spttest/mixed_10K_8dw,2a74,10240,0/0
/spttest/mixed_10K_8dx,2a75,10240,0/0
/spttest/mixed_10K_8dy,2a76,10240,0/0
/spttest/mixed_10K_8dz,2a77,10240,0/0
/spttest/mixed_10K_8e0,2a78,10240,0/0
/spttest/mixed_10K_8e1,2a79,10240,0/0
/spttest/mixed_10K_8e2,2a7a,10240,0/0
/spttest/mixed_10K_8e3,2a7b,10240,0/0
/spttest/mixed_10K_8e4,2a7c,10240,0/0
/spttest/mixed_10K_8e5,2a7d,10240,0/0
/spttest/mixed_10K_8e6,2a7e,10240,0/0
/spttest/mixed_10K_8e7,2a7f,10240,0/0
/spttest/mixed_10K_8e8,2a80,10240,0/0
/spttest/mixed_10K_8e9,2a81,10240,0/0
/spttest/mixed_10K_8ea,2a82,10240,0/0
/spttest/mixed_10K_8eb,2a83,10240,0/0
/spttest/mixed_10K_8ec,2a84,10240,0/0
/spttest/mixed_10K_8ed,2a85,10240,0/0
/spttest/mixed_10K_8ee,2a86,10240,0/0
/spttest/mixed_10K_8ef,2a87,10240,0/0
/spttest/mixed_10K_8eg,2a88,10240,0/0
/spttest/mixed_10K_8eh,2a89,10240,0/0
/spttest/mixed_10K_8ei,2a8a,10240,0/0
/spttest/mixed_10K_8ej,2a8b,10240,0/0
/spttest/mixed_10K_8ek,2a8c,10240,0/0
/spttest/mixed_10K_8el,2a8d,10240,0/0
/spttest/mixed_10K_8em,2a8e,10240,0/0
/spttest/mixed_10K_8en,2a8f,10240,0/0
/spttest/mixed_10K_8eo,2a90,10240,0/0
/spttest/mixed_10K_8ep,2a91,10240,0/0
/spttest/mixed_10K_8eq,2a92,10240,0/0
/spttest/mixed_10K_8er,2a93,10240,0/0
/spttest/mixed_10K_8es,2a94,10240,0/0
/spttest/mixed_10K_8et,2a95,10240,0/0
/spttest/mixed_10K_8eu,2a96,10240,0/0
/spttest/mixed_10K_8ev,2a97,10240,0/0
/spttest/mixed_10K_8ew,2a98,10240,0/0
/spttest/mixed_10K_8ex,2a99,10240,0/0
/spttest/mixed_10K_8ey,2a9a,10240,0/0
/spttest/mixed_10K_8ez,2a9b,10240,0/0
/spttest/mixed_10K_8f0,2a9c,10240,0/0
/spttest/mixed_10K_8f1,2a9d,10240,0/0
/spttest/mixed_10K_8f2,2a9e,10240,0/0
/spttest/mixed_10K_8f3,2a9f,10240,0/0
/spttest/mixed_10K_8f4,2aa0,10240,0/0
/spttest/mixed_10K_8f5,2aa1,10240,0/0
/spttest/mixed_10K_8f6,2aa2,10240,0/0
/spttest/mixed_10K_8f7,2aa3,10240,0/0
/spttest/mixed_10K_8f8,2aa4,10240,0/0
/spttest/mixed_10K_8f9,2aa5,10240,0/0
/spttest/mixed_10K_8fa,2aa6,10240,0/0
/spttest/mixed_10K_8fb,2aa7,10240,0/0
/spttest/mixed_10K_8fc,2aa8,10240,0/0
/spttest/mixed_10K_8fd,2aa9,10240,0/0
/spttest/mixed_10K_8fe,2aaa,10240,0/0
/spttest/mixed_10K_8ff,2aab,10240,0/0
/spttest/mixed_10K_8fg,2aac,10240,0/0
/spttest/mixed_10K_8fh,2aad,10240,0/0
/spttest/mixed_10K_8fi,2aae,10240,0/0
/spttest/mixed_10K_8fj,2aaf,10240,0/0
/spttest/mixed_10K_8fk,2ab0,10240,0/0
/spttest/mixed_10K_8fl,2ab1,10240,0/0
/spttest/mixed_10K_8fm,2ab2,10240,0/0
/spttest/mixed_10K_8fn,2ab3,10240,0/0
/spttest/mixed_10K_8fo,2ab4,10240,0/0
/spttest/mixed_10K_8fp,2ab5,10240,0/0
/spttest/mixed_10K_8fq,2ab6,10240,0/0
/spttest/mixed_10K_8fr,2ab7,10240,0/0
/spttest/mixed_10K_8fs,2ab8,10240,0/0
/spttest/mixed_10K_8ft,2ab9,10240,0/0
/spttest/mixed_10K_8fu,2aba,10240,0/0
/spttest/mixed_10K_8fv,2abb,10240,0/0
/spttest/mixed_10K_8fw,2abc,10240,0/0
/spttest/mixed_10K_8fx,2abd,10240,0/0
/spttest/mixed_10K_8fy,2abe,10240,0/0
/spttest/mixed_10K_8fz,2abf,10240,0/0
/spttest/mixed_10K_8g0,2ac0,10240,0/0
/spttest/mixed_10K_8g1,2ac1,10240,0/0
/spttest/mixed_10K_8g2,2ac2,10240,0/0
/spttest/mixed_10K_8g3,2ac3,10240,0/0
/spttest/mixed_10K_8g4,2ac4,10240,0/0
/spttest/mixed_10K_8g5,2ac5,10240,0/0
/spttest/mixed_10K_8g6,2ac6,10240,0/0
/spttest/mixed_10K_8g7,2ac7,10240,0/0
/spttest/mixed_10K_8g8,2ac8,10240,0/0
/spttest/mixed_10K_8g9,2ac9,10240,0/0
/spttest/mixed_10K_8ga,2aca,10240,0/0
/spttest/mixed_10K_8gb,2acb,10240,0/0
/spttest/mixed_10K_8gc,2acc,10240,0/0
/spttest/mixed_10K_8gd,2acd,10240,0/0
/spttest/mixed_10K_8ge,2ace,10240,0/0
/spttest/mixed_10K_8gf,2acf,10240,0/0
/spttest/mixed_10K_8gg,2ad0,10240,0/0
/spttest/mixed_10K_8gh,2ad1,10240,0/0
/spttest/mixed_10K_8gi,2ad2,10240,0/0
/spttest/mixed_10K_8gj,2ad3,10240,0/0
/spttest/mixed_10K_8gk,2ad4,10240,0/0
/spttest/mixed_10K_8gl,2ad5,10240,0/0
/spttest/mixed_10K_8gm,2ad6,10240,0/0
/spttest/mixed_10K_8gn,2ad7,10240,0/0
/spttest/mixed_10K_8go,2ad8,10240,0/0
/spttest/mixed_10K_8gp,2ad9,10240,0/0
/spttest/mixed_10K_8gq,2ada,10240,0/0
/spttest/mixed_10K_8gr,2adb,10240,0/0
/spttest/mixed_10K_8gs,2adc,10240,0/0
/spttest/mixed_10K_8gt,2add,10240,0/0
/spttest/mixed_10K_8gu,2ade,10240,0/0
/spttest/mixed_10K_8gv,2adf,10240,0/0
/spttest/mixed_10K_8gw,2ae0,10240,0/0
/spttest/mixed_10K_8gx,2ae1,10240,0/0
/spttest/mixed_10K_8gy,2ae2,10240,0/0
/spttest/mixed_10K_8gz,2ae3,10240,0/0
/spttest/mixed_10K_8h0,2ae4,10240,0/0
/spttest/mixed_10K_8h1,2ae5,10240,0/0
/spttest/mixed_10K_8h2,2ae6,10240,0/0
/spttest/mixed_10K_8h3,2ae7,10240,0/0
/spttest/mixed_10K_8h4,2ae8,10240,0/0
/spttest/mixed_10K_8h5,2ae9,10240,0/0
/spttest/mixed_10K_8h6,2aea,10240,0/0
/spttest/mixed_10K_8h7,2aeb,10240,0/0
/spttest/mixed_10K_8h8,2aec,10240,0/0
/spttest/mixed_10K_8h9,2aed,10240,0/0
/spttest/mixed_10K_8ha,2aee,10240,0/0
/spttest/mixed_10K_8hb,2aef,10240,0/0
/spttest/mixed_10K_8hc,2af0,10240,0/0
/spttest/mixed_10K_8hd,2af1,10240,0/0
/spttest/mixed_10K_8he,2af2,10240,0/0
/spttest/mixed_10K_8hf,2af3,10240,0/0
/spttest/mixed_10K_8hg,2af4,10240,0/0
/spttest/mixed_10K_8hh,2af5,10240,0/0
/spttest/mixed_10K_8hi,2af6,10240,0/0
/spttest/mixed_10K_8hj,2af7,10240,0/0
/spttest/mixed_10K_8hk,2af8,10240,0/0
/spttest/mixed_10K_8hl,2af9,10240,0/0
/spttest/mixed_10K_8hm,2afa,10240,0/0
/spttest/mixed_10K_8hn,2afb,10240,0/0
/spttest/mixed_10K_8ho,2afc,10240,0/0
/spttest/mixed_10K_8hp,2afd,10240,0/0
/spttest/mixed_10K_8hq,2afe,10240,0/0
/spttest/mixed_10K_8hr,2aff,10240,0/0
/spttest/mixed_10K_8hs,2b00,10240,0/0
/spttest/mixed_10K_8ht,2b01,10240,0/0
/spttest/mixed_10K_8hu,2b02,10240,0/0
/spttest/mixed_10K_8hv,2b03,10240,0/0
/spttest/mixed_10K_8hw,2b04,10240,0/0
/spttest/mixed_10K_8hx,2b05,10240,0/0
/spttest/mixed_10K_8hy,2b06,10240,0/0
/spttest/mixed_10K_8hz,2b07,10240,0/0
/spttest/mixed_10K_8i0,2b08,10240,0/0
/spttest/mixed_10K_8i1,2b09,10240,0/0
/spttest/mixed_10K_8i2,2b0a,10240,0/0
/spttest/mixed_10K_8i3,2b0b,10240,0/0
/spttest/mixed_10K_8i4,2b0c,10240,0/0
/spttest/mixed_10K_8i5,2b0d,10240,0/0
/spttest/mixed_10K_8i6,2b0e,10240,0/0
/spttest/mixed_10K_8i7,2b0f,10240,0/0
/spttest/mixed_10K_8i8,2b10,10240,0/0
/spttest/mixed_10K_8i9,2b11,10240,0/0
/spttest/mixed_10K_8ia,2b12,10240,0/0
/spttest/mixed_10K_8ib,2b13,10240,0/0
/spttest/mixed_10K_8ic,2b14,10240,0/0
/spttest/mixed_10K_8id,2b15,10240,0/0
/spttest/mixed_10K_8ie,2b16,10240,0/0
/spttest/mixed_10K_8if,2b17,10240,0/0
/spttest/mixed_10K_8ig,2b18,10240,0/0
/spttest/mixed_10K_8ih,2b19,10240,0/0
/spttest/mixed_10K_8ii,2b1a,10240,0/0
/spttest/mixed_10K_8ij,2b1b,10240,0/0
/spttest/mixed_10K_8ik,2b1c,10240,0/0
/spttest/mixed_10K_8il,2b1d,10240,0/0
/spttest/mixed_10K_8im,2b1e,10240,0/0
/spttest/mixed_10K_8in,2b1f,10240,0/0
/spttest/mixed_10K_8io,2b20,10240,0/0
/spttest/mixed_10K_8ip,2b21,10240,0/0
/spttest/mixed_10K_8iq,2b22,10240,0/0
/spttest/mixed_10K_8ir,2b23,10240,0/0
/spttest/mixed_10K_8is,2b24,10240,0/0
/spttest/mixed_10K_8it,2b25,10240,0/0
/spttest/mixed_10K_8iu,2b26,10240,0/0
/spttest/mixed_10K_8iv,2b27,10240,0/0
/spttest/mixed_10K_8iw,2b28,10240,0/0
/spttest/mixed_10K_8ix,2b29,10240,0/0
/spttest/mixed_10K_8iy,2b2a,10240,0/0
/spttest/mixed_10K_8iz,2b2b,10240,0/0
/spttest/mixed_10K_8j0,2b2c,10240,0/0
/spttest/mixed_10K_8j1,2b2d,10240,0/0
/spttest/mixed_10K_8j2,2b2e,10240,0/0
/spttest/mixed_10K_8j3,2b2f,10240,0/0
/spttest/mixed_10K_8j4,2b30,10240,0/0
/spttest/mixed_10K_8j5,2b31,10240,0/0
/spttest/mixed_10K_8j6,2b32,10240,0/0
/spttest/mixed_10K_8j7,2b33,10240,0/0
/spttest/mixed_10K_8j8,2b34,10240,0/0
/spttest/mixed_10K_8j9,2b35,10240,0/0
/spttest/mixed_10K_8ja,2b36,10240,0/0
/spttest/mixed_10K_8jb,2b37,10240,0/0
/spttest/mixed_10K_8jc,2b38,10240,0/0
/spttest/mixed_10K_8jd,2b39,10240,0/0
/spttest/mixed_10K_8je,2b3a,10240,0/0
/spttest/mixed_10K_8jf,2b3b,10240,0/0
/spttest/mixed_10K_8jg,2b3c,10240,0/0
/spttest/mixed_10K_8jh,2b3d,10240,0/0
/spttest/mixed_10K_8ji,2b3e,10240,0/0
/spttest/mixed_10K_8jj,2b3f,10240,0/0
/spttest/mixed_10K_8jk,2b40,10240,0/0
/spttest/mixed_10K_8jl,2b41,10240,0/0
/spttest/mixed_10K_8jm,2b42,10240,0/0
/spttest/mixed_10K_8jn,2b43,10240,0/0
/spttest/mixed_10K_8jo,2b44,10240,0/0
/spttest/mixed_10K_8jp,2b45,10240,0/0
/spttest/mixed_10K_8jq,2b46,10240,0/0
/spttest/mixed_10K_8jr,2b47,10240,0/0
/spttest/mixed_10K_8js,2b48,10240,0/0
/spttest/mixed_10K_8jt,2b49,10240,0/0
/spttest/mixed_10K_8ju,2b4a,10240,0/0
/spttest/mixed_10K_8jv,2b4b,10240,0/0
/spttest/mixed_10K_8jw,2b4c,10240,0/0
/spttest/mixed_10K_8jx,2b4d,10240,0/0
/spttest/mixed_10K_8jy,2b4e,10240,0/0
/spttest/mixed_10K_8jz,2b4f,10240,0/0
/spttest/mixed_10K_8k0,2b50,10240,0/0
/spttest/mixed_10K_8k1,2b51,10240,0/0
/spttest/mixed_10K_8k2,2b52,10240,0/0
/spttest/mixed_10K_8k3,2b53,10240,0/0
/spttest/mixed_10K_8k4,2b54,10240,0/0
/spttest/mixed_10K_8k5,2b55,10240,0/0
/spttest/mixed_10K_8k6,2b56,10240,0/0
/spttest/mixed_10K_8k7,2b57,10240,0/0
/spttest/mixed_10K_8k8,2b58,10240,0/0
/spttest/mixed_10K_8k9,2b59,10240,0/0
/spttest/mixed_10K_8ka,2b5a,10240,0/0
/spttest/mixed_10K_8kb,2b5b,10240,0/0
/spttest/mixed_10K_8kc,2b5c,10240,0/0
/spttest/mixed_10K_8kd,2b5d,10240,0/0
/spttest/mixed_10K_8ke,2b5e,10240,0/0
/spttest/mixed_10K_8kf,2b5f,10240,0/0
/spttest/mixed_10K_8kg,2b60,10240,0/0
/spttest/mixed_10K_8kh,2b61,10240,0/0
/spttest/mixed_10K_8ki,2b62,10240,0/0
/spttest/mixed_10K_8kj,2b63,10240,0/0
/spttest/mixed_10K_8kk,2b64,10240,0/0
/spttest/mixed_10K_8kl,2b65,10240,0/0
/spttest/mixed_10K_8km,2b66,10240,0/0
/spttest/mixed_10K_8kn,2b67,10240,0/0
/spttest/mixed_10K_8ko,2b68,10240,0/0
/spttest/mixed_10K_8kp,2b69,10240,0/0
/spttest/mixed_10K_8kq,2b6a,10240,0/0
/spttest/mixed_10K_8kr,2b6b,10240,0/0
/spttest/mixed_10K_8ks,2b6c,10240,0/0
/spttest/mixed_10K_8kt,2b6d,10240,0/0
/spttest/mixed_10K_8ku,2b6e,10240,0/0
/spttest/mixed_10K_8kv,2b6f,10240,0/0
/spttest/mixed_10K_8kw,2b70,10240,0/0
/spttest/mixed_10K_8kx,2b71,10240,0/0
/spttest/mixed_10K_8ky,2b72,10240,0/0
/spttest/mixed_10K_8kz,2b73,10240,0/0
/spttest/mixed_10K_8l0,2b74,10240,0/0
/spttest/mixed_10K_8l1,2b75,10240,0/0
/spttest/mixed_10K_8l2,2b76,10240,0/0
/spttest/mixed_10K_8l3,2b77,10240,0/0
/spttest/mixed_10K_8l4,2b78,10240,0/0
/spttest/mixed_10K_8l5,2b79,10240,0/0
/spttest/mixed_10K_8l6,2b7a,10240,0/0
/spttest/mixed_10K_8l7,2b7b,10240,0/0
/spttest/mixed_10K_8l8,2b7c,10240,0/0
/spttest/mixed_10K_8l9,2b7d,10240,0/0
/spttest/mixed_10K_8la,2b7e,10240,0/0
/spttest/mixed_10K_8lb,2b7f,10240,0/0
/spttest/mixed_10K_8lc,2b80,10240,0/0
/spttest/mixed_10K_8ld,2b81,10240,0/0
/spttest/mixed_10K_8le,2b82,10240,0/0
/spttest/mixed_10K_8lf,2b83,10240,0/0
/spttest/mixed_10K_8lg,2b84,10240,0/0
/spttest/mixed_10K_8lh,2b85,10240,0/0
/spttest/mixed_10K_8li,2b86,10240,0/0
/spttest/mixed_10K_8lj,2b87,10240,0/0
/spttest/mixed_10K_8lk,2b88,10240,0/0
/spttest/mixed_10K_8ll,2b89,10240,0/0
/spttest/mixed_10K_8lm,2b8a,10240,0/0
/spttest/mixed_10K_8ln,2b8b,10240,0/0
/spttest/mixed_10K_8lo,2b8c,10240,0/0
/spttest/mixed_10K_8lp,2b8d,10240,0/0
/spttest/mixed_10K_8lq,2b8e,10240,0/0
/spttest/mixed_10K_8lr,2b8f,10240,0/0
/spttest/mixed_10K_8ls,2b90,10240,0/0
/spttest/mixed_10K_8lt,2b91,10240,0/0
/spttest/mixed_10K_8lu,2b92,10240,0/0
/spttest/mixed_10K_8lv,2b93,10240,0/0
/spttest/mixed_10K_8lw,2b94,10240,0/0
/spttest/mixed_10K_8lx,2b95,10240,0/0
/spttest/mixed_10K_8ly,2b96,10240,0/0
/spttest/mixed_10K_8lz,2b97,10240,0/0
/spttest/mixed_10K_8m0,2b98,10240,0/0
/spttest/mixed_10K_8m1,2b99,10240,0/0
/spttest/mixed_10K_8m2,2b9a,10240,0/0
/spttest/mixed_10K_8m3,2b9b,10240,0/0
/spttest/mixed_10K_8m4,2b9c,10240,0/0
/spttest/mixed_10K_8m5,2b9d,10240,0/0
/spttest/mixed_10K_8m6,2b9e,10240,0/0
/spttest/mixed_10K_8m7,2b9f,10240,0/0
/spttest/mixed_10K_8m8,2ba0,10240,0/0
/spttest/mixed_10K_8m9,2ba1,10240,0/0
/spttest/mixed_10K_8ma,2ba2,10240,0/0
/spttest/mixed_10K_8mb,2ba3,10240,0/0
/spttest/mixed_10K_8mc,2ba4,10240,0/0
/spttest/mixed_10K_8md,2ba5,10240,0/0
/spttest/mixed_10K_8me,2ba6,10240,0/0
/spttest/mixed_10K_8mf,2ba7,10240,0/0
/spttest/mixed_10K_8mg,2ba8,10240,0/0
/spttest/mixed_10K_8mh,2ba9,10240,0/0
/spttest/mixed_10K_8mi,2baa,10240,0/0
/spttest/mixed_10K_8mj,2bab,10240,0/0
/spttest/mixed_10K_8mk,2bac,10240,0/0
/spttest/mixed_10K_8ml,2bad,10240,0/0
/spttest/mixed_10K_8mm,2bae,10240,0/0
/spttest/mixed_10K_8mn,2baf,10240,0/0
/spttest/mixed_10K_8mo,2bb0,10240,0/0
/spttest/mixed_10K_8mp,2bb1,10240,0/0
/spttest/mixed_10K_8mq,2bb2,10240,0/0
/spttest/mixed_10K_8mr,2bb3,10240,0/0
/spttest/mixed_10K_8ms,2bb4,10240,0/0
/spttest/mixed_10K_8mt,2bb5,10240,0/0
/spttest/mixed_10K_8mu,2bb6,10240,0/0
/spttest/mixed_10K_8mv,2bb7,10240,0/0
/spttest/mixed_10K_8mw,2bb8,10240,0/0
/spttest/mixed_10K_8mx,2bb9,10240,0/0
/spttest/mixed_10K_8my,2bba,10240,0/0
/spttest/mixed_10K_8mz,2bbb,10240,0/0
/spttest/mixed_10K_8n0,2bbc,10240,0/0
/spttest/mixed_10K_8n1,2bbd,10240,0/0
/spttest/mixed_10K_8n2,2bbe,10240,0/0
/spttest/mixed_10K_8n3,2bbf,10240,0/0
/spttest/mixed_10K_8n4,2bc0,10240,0/0
/spttest/mixed_10K_8n5,2bc1,10240,0/0
/spttest/mixed_10K_8n6,2bc2,10240,0/0
/spttest/mixed_10K_8n7,2bc3,10240,0/0
/spttest/mixed_10K_8n8,2bc4,10240,0/0
/spttest/mixed_10K_8n9,2bc5,10240,0/0
/spttest/mixed_10K_8na,2bc6,10240,0/0
/spttest/mixed_10K_8nb,2bc7,10240,0/0
/spttest/mixed_10K_8nc,2bc8,10240,0/0
/spttest/mixed_10K_8nd,2bc9,10240,0/0
/spttest/mixed_10K_8ne,2bca,10240,0/0
/spttest/mixed_10K_8nf,2bcb,10240,0/0
/spttest/mixed_10K_8ng,2bcc,10240,0/0
/spttest/mixed_10K_8nh,2bcd,10240,0/0
/spttest/mixed_10K_8ni,2bce,10240,0/0
/spttest/mixed_10K_8nj,2bcf,10240,0/0
/spttest/mixed_10K_8nk,2bd0,10240,0/0
/spttest/mixed_10K_8nl,2bd1,10240,0/0
/spttest/mixed_10K_8nm,2bd2,10240,0/0
/spttest/mixed_10K_8nn,2bd3,10240,0/0
/spttest/mixed_10K_8no,2bd4,10240,0/0
/spttest/mixed_10K_8np,2bd5,10240,0/0
/spttest/mixed_10K_8nq,2bd6,10240,0/0
/spttest/mixed_10K_8nr,2bd7,10240,0/0
/spttest/mixed_10K_8ns,2bd8,10240,0/0
/spttest/mixed_10K_8nt,2bd9,10240,0/0
/spttest/mixed_10K_8nu,2bda,10240,0/0
/spttest/mixed_10K_8nv,2bdb,10240,0/0
/spttest/mixed_10K_8nw,2bdc,10240,0/0
/spttest/mixed_10K_8nx,2bdd,10240,0/0
/spttest/mixed_10K_8ny,2bde,10240,0/0
/spttest/mixed_10K_8nz,2bdf,10240,0/0
/spttest/mixed_10K_8o0,2be0,10240,0/0
/spttest/mixed_10K_8o1,2be1,10240,0/0
/spttest/mixed_10K_8o2,2be2,10240,0/0
/spttest/mixed_10K_8o3,2be3,10240,0/0
/spttest/mixed_10K_8o4,2be4,10240,0/0
/spttest/mixed_10K_8o5,2be5,10240,0/0
/spttest/mixed_10K_8o6,2be6,10240,0/0
/spttest/mixed_10K_8o7,2be7,10240,0/0
/spttest/mixed_10K_8o8,2be8,10240,0/0
/spttest/mixed_10K_8o9,2be9,10240,0/0
/spttest/mixed_10K_8oa,2bea,10240,0/0
/spttest/mixed_10K_8ob,2beb,10240,0/0
/spttest/mixed_10K_8oc,2bec,10240,0/0
/spttest/mixed_10K_8od,2bed,10240,0/0
/spttest/mixed_10K_8oe,2bee,10240,0/0
/spttest/mixed_10K_8of,2bef,10240,0/0
/spttest/mixed_10K_8og,2bf0,10240,0/0
/spttest/mixed_10K_8oh,2bf1,10240,0/0
/spttest/mixed_10K_8oi,2bf2,10240,0/0
/spttest/mixed_10K_8oj,2bf3,10240,0/0
/spttest/mixed_10K_8ok,2bf4,10240,0/0
/spttest/mixed_10K_8ol,2bf5,10240,0/0
/spttest/mixed_10K_8om,2bf6,10240,0/0
/spttest/mixed_10K_8on,2bf7,10240,0/0
/spttest/mixed_10K_8oo,2bf8,10240,0/0
/spttest/mixed_10K_8op,2bf9,10240,0/0
/spttest/mixed_10K_8oq,2bfa,10240,0/0
/spttest/mixed_10K_8or,2bfb,10240,0/0
/spttest/mixed_10K_8os,2bfc,10240,0/0
/spttest/mixed_10K_8ot,2bfd,10240,0/0
/spttest/mixed_10K_8ou,2bfe,10240,0/0
/spttest/mixed_10K_8ov,2bff,10240,0/0
/spttest/mixed_10K_8ow,2c00,10240,0/0
/spttest/mixed_10K_8ox,2c01,10240,0/0
/spttest/mixed_10K_8oy,2c02,10240,0/0
/spttest/mixed_10K_8oz,2c03,10240,0/0
/spttest/mixed_10K_8p0,2c04,10240,0/0
/spttest/mixed_10K_8p1,2c05,10240,0/0
/spttest/mixed_10K_8p2,2c06,10240,0/0
/spttest/mixed_10K_8p3,2c07,10240,0/0
/spttest/mixed_10K_8p4,2c08,10240,0/0
/spttest/mixed_10K_8p5,2c09,10240,0/0
/spttest/mixed_10K_8p6,2c0a,10240,0/0
/spttest/mixed_10K_8p7,2c0b,10240,0/0
/spttest/mixed_10K_8p8,2c0c,10240,0/0
/spttest/mixed_10K_8p9,2c0d,10240,0/0
/spttest/mixed_10K_8pa,2c0e,10240,0/0
/spttest/mixed_10K_8pb,2c0f,10240,0/0
/spttest/mixed_10K_8pc,2c10,10240,0/0
/spttest/mixed_10K_8pd,2c11,10240,0/0
/spttest/mixed_10K_8pe,2c12,10240,0/0
/spttest/mixed_10K_8pf,2c13,10240,0/0
/spttest/mixed_10K_8pg,2c14,10240,0/0
/spttest/mixed_10K_8ph,2c15,10240,0/0
/spttest/mixed_10K_8pi,2c16,10240,0/0
/spttest/mixed_10K_8pj,2c17,10240,0/0
/spttest/mixed_10K_8pk,2c18,10240,0/0
/spttest/mixed_10K_8pl,2c19,10240,0/0
/spttest/mixed_10K_8pm,2c1a,10240,0/0
/spttest/mixed_10K_8pn,2c1b,10240,0/0
/spttest/mixed_10K_8po,2c1c,10240,0/0
/spttest/mixed_10K_8pp,2c1d,10240,0/0
/spttest/mixed_10K_8pq,2c1e,10240,0/0
/spttest/mixed_10K_8pr,2c1f,10240,0/0
/spttest/mixed_10K_8ps,2c20,10240,0/0
/spttest/mixed_10K_8pt,2c21,10240,0/0
/spttest/mixed_10K_8pu,2c22,10240,0/0
/spttest/mixed_10K_8pv,2c23,10240,0/0
/spttest/mixed_10K_8pw,2c24,10240,0/0
/spttest/mixed_10K_8px,2c25,10240,0/0
/spttest/mixed_10K_8py,2c26,10240,0/0
/spttest/mixed_10K_8pz,2c27,10240,0/0
/spttest/mixed_10K_8q0,2c28,10240,0/0
/spttest/mixed_10K_8q1,2c29,10240,0/0
/spttest/mixed_10K_8q2,2c2a,10240,0/0
/spttest/mixed_10K_8q3,2c2b,10240,0/0
/spttest/mixed_10K_8q4,2c2c,10240,0/0
/spttest/mixed_10K_8q5,2c2d,10240,0/0
/spttest/mixed_10K_8q6,2c2e,10240,0/0
/spttest/mixed_10K_8q7,2c2f,10240,0/0
/spttest/mixed_10K_8q8,2c30,10240,0/0
/spttest/mixed_10K_8q9,2c31,10240,0/0
/spttest/mixed_10K_8qa,2c32,10240,0/0
/spttest/mixed_10K_8qb,2c33,10240,0/0
/spttest/mixed_10K_8qc,2c34,10240,0/0
/spttest/mixed_10K_8qd,2c35,10240,0/0
/spttest/mixed_10K_8qe,2c36,10240,0/0
/spttest/mixed_10K_8qf,2c37,10240,0/0
/spttest/mixed_10K_8qg,2c38,10240,0/0
/spttest/mixed_10K_8qh,2c39,10240,0/0
/spttest/mixed_10K_8qi,2c3a,10240,0/0
/spttest/mixed_10K_8qj,2c3b,10240,0/0
/spttest/mixed_10K_8qk,2c3c,10240,0/0
/spttest/mixed_10K_8ql,2c3d,10240,0/0
/spttest/mixed_10K_8qm,2c3e,10240,0/0
/spttest/mixed_10K_8qn,2c3f,10240,0/0
/spttest/mixed_10K_8qo,2c40,10240,0/0
/spttest/mixed_10K_8qp,2c41,10240,0/0
/spttest/mixed_10K_8qq,2c42,10240,0/0
/spttest/mixed_10K_8qr,2c43,10240,0/0
/spttest/mixed_10K_8qs,2c44,10240,0/0
/spttest/mixed_10K_8qt,2c45,10240,0/0
/spttest/mixed_10K_8qu,2c46,10240,0/0
/spttest/mixed_10K_8qv,2c47,10240,0/0
/spttest/mixed_10K_8qw,2c48,10240,0/0
/spttest/mixed_10K_8qx,2c49,10240,0/0
/spttest/mixed_10K_8qy,2c4a,10240,0/0
/spttest/mixed_10K_8qz,2c4b,10240,0/0
/spttest/mixed_10K_8r0,2c4c,10240,0/0
/spttest/mixed_10K_8r1,2c4d,10240,0/0
/spttest/mixed_10K_8r2,2c4e,10240,0/0
/spttest/mixed_10K_8r3,2c4f,10240,0/0
/spttest/mixed_10K_8r4,2c50,10240,0/0
/spttest/mixed_10K_8r5,2c51,10240,0/0
/spttest/mixed_10K_8r6,2c52,10240,0/0
/spttest/mixed_10K_8r7,2c53,10240,0/0
/spttest/mixed_10K_8r8,2c54,10240,0/0
/spttest/mixed_10K_8r9,2c55,10240,0/0
/spttest/mixed_10K_8ra,2c56,10240,0/0
/spttest/mixed_10K_8rb,2c57,10240,0/0
/spttest/mixed_10K_8rc,2c58,10240,0/0
/spttest/mixed_10K_8rd,2c59,10240,0/0
/spttest/mixed_10K_8re,2c5a,10240,0/0
/spttest/mixed_10K_8rf,2c5b,10240,0/0
/spttest/mixed_10K_8rg,2c5c,10240,0/0
/spttest/mixed_10K_8rh,2c5d,10240,0/0
/spttest/mixed_10K_8ri,2c5e,10240,0/0
/spttest/mixed_10K_8rj,2c5f,10240,0/0
/spttest/mixed_10K_8rk,2c60,10240,0/0
/spttest/mixed_10K_8rl,2c61,10240,0/0
/spttest/mixed_10K_8rm,2c62,10240,0/0
/spttest/mixed_10K_8rn,2c63,10240,0/0
/spttest/mixed_10K_8ro,2c64,10240,0/0
/spttest/mixed_10K_8rp,2c65,10240,0/0
/spttest/mixed_10K_8rq,2c66,10240,0/0
/spttest/mixed_10K_8rr,2c67,10240,0/0
/spttest/mixed_10K_8rs,2c68,10240,0/0
/spttest/mixed_10K_8rt,2c69,10240,0/0
/spttest/mixed_10K_8ru,2c6a,10240,0/0
/spttest/mixed_10K_8rv,2c6b,10240,0/0
/spttest/mixed_10K_8rw,2c6c,10240,0/0
/spttest/mixed_10K_8rx,2c6d,10240,0/0
/spttest/mixed_10K_8ry,2c6e,10240,0/0
/spttest/mixed_10K_8rz,2c6f,10240,0/0
/spttest/mixed_10K_8s0,2c70,10240,0/0
/spttest/mixed_10K_8s1,2c71,10240,0/0
/spttest/mixed_10K_8s2,2c72,10240,0/0
/spttest/mixed_10K_8s3,2c73,10240,0/0
/spttest/mixed_10K_8s4,2c74,10240,0/0
/spttest/mixed_10K_8s5,2c75,10240,0/0
/spttest/mixed_10K_8s6,2c76,10240,0/0
/spttest/mixed_10K_8s7,2c77,10240,0/0
/spttest/mixed_10K_8s8,2c78,10240,0/0
/spttest/mixed_10K_8s9,2c79,10240,0/0
/spttest/mixed_10K_8sa,2c7a,10240,0/0
/spttest/mixed_10K_8sb,2c7b,10240,0/0
/spttest/mixed_10K_8sc,2c7c,10240,0/0
/spttest/mixed_10K_8sd,2c7d,10240,0/0
/spttest/mixed_10K_8se,2c7e,10240,0/0
/spttest/mixed_10K_8sf,2c7f,10240,0/0
/spttest/mixed_10K_8sg,2c80,10240,0/0
/spttest/mixed_10K_8sh,2c81,10240,0/0
/spttest/mixed_10K_8si,2c82,10240,0/0
/spttest/mixed_10K_8sj,2c83,10240,0/0
/spttest/mixed_10K_8sk,2c84,10240,0/0
/spttest/mixed_10K_8sl,2c85,10240,0/0
/spttest/mixed_10K_8sm,2c86,10240,0/0
/spttest/mixed_10K_8sn,2c87,10240,0/0
/spttest/mixed_10K_8so,2c88,10240,0/0
/spttest/mixed_10K_8sp,2c89,10240,0/0
/spttest/mixed_10K_8sq,2c8a,10240,0/0
/spttest/mixed_10K_8sr,2c8b,10240,0/0
/spttest/mixed_10K_8ss,2c8c,10240,0/0
/spttest/mixed_10K_8st,2c8d,10240,0/0
/spttest/mixed_10K_8su,2c8e,10240,0/0
/spttest/mixed_10K_8sv,2c8f,10240,0/0
/spttest/mixed_10K_8sw,2c90,10240,0/0
/spttest/mixed_10K_8sx,2c91,10240,0/0
/spttest/mixed_10K_8sy,2c92,10240,0/0
/spttest/mixed_10K_8sz,2c93,10240,0/0
/spttest/mixed_10K_8t0,2c94,10240,0/0
/spttest/mixed_10K_8t1,2c95,10240,0/0
/spttest/mixed_10K_8t2,2c96,10240,0/0
/spttest/mixed_10K_8t3,2c97,10240,0/0
/spttest/mixed_10K_8t4,2c98,10240,0/0
/spttest/mixed_10K_8t5,2c99,10240,0/0
/spttest/mixed_10K_8t6,2c9a,10240,0/0
/spttest/mixed_10K_8t7,2c9b,10240,0/0
/spttest/mixed_10K_8t8,2c9c,10240,0/0
/spttest/mixed_10K_8t9,2c9d,10240,0/0
/spttest/mixed_10K_8ta,2c9e,10240,0/0
/spttest/mixed_10K_8tb,2c9f,10240,0/0
/spttest/mixed_10K_8tc,2ca0,10240,0/0
/spttest/mixed_10K_8td,2ca1,10240,0/0
/spttest/mixed_10K_8te,2ca2,10240,0/0
/spttest/mixed_10K_8tf,2ca3,10240,0/0
/spttest/mixed_10K_8tg,2ca4,10240,0/0
/spttest/mixed_10K_8th,2ca5,10240,0/0
/spttest/mixed_10K_8ti,2ca6,10240,0/0
/spttest/mixed_10K_8tj,2ca7,10240,0/0
/spttest/mixed_10K_8tk,2ca8,10240,0/0
/spttest/mixed_10K_8tl,2ca9,10240,0/0
/spttest/mixed_10K_8tm,2caa,10240,0/0
/spttest/mixed_10K_8tn,2cab,10240,0/0
/spttest/mixed_10K_8to,2cac,10240,0/0
/spttest/mixed_10K_8tp,2cad,10240,0/0
/spttest/mixed_10K_8tq,2cae,10240,0/0
/spttest/mixed_10K_8tr,2caf,10240,0/0
/spttest/mixed_10K_8ts,2cb0,10240,0/0
/spttest/mixed_10K_8tt,2cb1,10240,0/0
/spttest/mixed_10K_8tu,2cb2,10240,0/0
/spttest/mixed_10K_8tv,2cb3,10240,0/0
/spttest/mixed_10K_8tw,2cb4,10240,0/0
/spttest/mixed_10K_8tx,2cb5,10240,0/0
/spttest/mixed_10K_8ty,2cb6,10240,0/0
/spttest/mixed_10K_8tz,2cb7,10240,0/0
/spttest/mixed_10K_8u0,2cb8,10240,0/0
/spttest/mixed_10K_8u1,2cb9,10240,0/0
/spttest/mixed_10K_8u2,2cba,10240,0/0
/spttest/mixed_10K_8u3,2cbb,10240,0/0
/spttest/mixed_10K_8u4,2cbc,10240,0/0
/spttest/mixed_10K_8u5,2cbd,10240,0/0
/spttest/mixed_10K_8u6,2cbe,10240,0/0
/spttest/mixed_10K_8u7,2cbf,10240,0/0
/spttest/mixed_10K_8u8,2cc0,10240,0/0
/spttest/mixed_10K_8u9,2cc1,10240,0/0
/spttest/mixed_10K_8ua,2cc2,10240,0/0
/spttest/mixed_10K_8ub,2cc3,10240,0/0
/spttest/mixed_10K_8uc,2cc4,10240,0/0
/spttest/mixed_10K_8ud,2cc5,10240,0/0
/spttest/mixed_10K_8ue,2cc6,10240,0/0
/spttest/mixed_10K_8uf,2cc7,10240,0/0
/spttest/mixed_10K_8ug,2cc8,10240,0/0
/spttest/mixed_10K_8uh,2cc9,10240,0/0
/spttest/mixed_10K_8ui,2cca,10240,0/0
/spttest/mixed_10K_8uj,2ccb,10240,0/0
/spttest/mixed_10K_8uk,2ccc,10240,0/0
/spttest/mixed_10K_8ul,2ccd,10240,0/0
/spttest/mixed_10K_8um,2cce,10240,0/0
/spttest/mixed_10K_8un,2ccf,10240,0/0
/spttest/mixed_10K_8uo,2cd0,10240,0/0
/spttest/mixed_10K_8up,2cd1,10240,0/0
/spttest/mixed_10K_8uq,2cd2,10240,0/0
/spttest/mixed_10K_8ur,2cd3,10240,0/0
/spttest/mixed_10K_8us,2cd4,10240,0/0
/spttest/mixed_10K_8ut,2cd5,10240,0/0
/spttest/mixed_10K_8uu,2cd6,10240,0/0
/spttest/mixed_10K_8uv,2cd7,10240,0/0
/spttest/mixed_10K_8uw,2cd8,10240,0/0
/spttest/mixed_10K_8ux,2cd9,10240,0/0
/spttest/mixed_10K_8uy,2cda,10240,0/0
/spttest/mixed_10K_8uz,2cdb,10240,0/0
/spttest/mixed_10K_8v0,2cdc,10240,0/0
/spttest/mixed_10K_8v1,2cdd,10240,0/0
/spttest/mixed_10K_8v2,2cde,10240,0/0
/spttest/mixed_10K_8v3,2cdf,10240,0/0
/spttest/mixed_10K_8v4,2ce0,10240,0/0
/spttest/mixed_10K_8v5,2ce1,10240,0/0
/spttest/mixed_10K_8v6,2ce2,10240,0/0
/spttest/mixed_10K_8v7,2ce3,10240,0/0
/spttest/mixed_10K_8v8,2ce4,10240,0/0
/spttest/mixed_10K_8v9,2ce5,10240,0/0
/spttest/mixed_10K_8va,2ce6,10240,0/0
/spttest/mixed_10K_8vb,2ce7,10240,0/0
/spttest/mixed_10K_8vc,2ce8,10240,0/0
/spttest/mixed_10K_8vd,2ce9,10240,0/0
/spttest/mixed_10K_8ve,2cea,10240,0/0
/spttest/mixed_10K_8vf,2ceb,10240,0/0
/spttest/mixed_10K_8vg,2cec,10240,0/0
/spttest/mixed_10K_8vh,2ced,10240,0/0
/spttest/mixed_10K_8vi,2cee,10240,0/0
/spttest/mixed_10K_8vj,2cef,10240,0/0
/spttest/mixed_10K_8vk,2cf0,10240,0/0
/spttest/mixed_10K_8vl,2cf1,10240,0/0
/spttest/mixed_10K_8vm,2cf2,10240,0/0
/spttest/mixed_10K_8vn,2cf3,10240,0/0
/spttest/mixed_10K_8vo,2cf4,10240,0/0
/spttest/mixed_10K_8vp,2cf5,10240,0/0
/spttest/mixed_10K_8vq,2cf6,10240,0/0
/spttest/mixed_10K_8vr,2cf7,10240,0/0
/spttest/mixed_10K_8vs,2cf8,10240,0/0
/spttest/mixed_10K_8vt,2cf9,10240,0/0
/spttest/mixed_10K_8vu,2cfa,10240,0/0
/spttest/mixed_10K_8vv,2cfb,10240,0/0
/spttest/mixed_10K_8vw,2cfc,10240,0/0
/spttest/mixed_10K_8vx,2cfd,10240,0/0
/spttest/mixed_10K_8vy,2cfe,10240,0/0
/spttest/mixed_10K_8vz,2cff,10240,0/0
/spttest/mixed_10K_8w0,2d00,10240,0/0
/spttest/mixed_10K_8w1,2d01,10240,0/0
/spttest/mixed_10K_8w2,2d02,10240,0/0
/spttest/mixed_10K_8w3,2d03,10240,0/0
/spttest/mixed_10K_8w4,2d04,10240,0/0
/spttest/mixed_10K_8w5,2d05,10240,0/0
/spttest/mixed_10K_8w6,2d06,10240,0/0
/spttest/mixed_10K_8w7,2d07,10240,0/0
/spttest/mixed_10K_8w8,2d08,10240,0/0
/spttest/mixed_10K_8w9,2d09,10240,0/0
/spttest/mixed_10K_8wa,2d0a,10240,0/0
/spttest/mixed_10K_8wb,2d0b,10240,0/0
/spttest/mixed_10K_8wc,2d0c,10240,0/0
/spttest/mixed_10K_8wd,2d0d,10240,0/0
/spttest/mixed_10K_8we,2d0e,10240,0/0
/spttest/mixed_10K_8wf,2d0f,10240,0/0
/spttest/mixed_10K_8wg,2d10,10240,0/0
/spttest/mixed_10K_8wh,2d11,10240,0/0
/spttest/mixed_10K_8wi,2d12,10240,0/0
/spttest/mixed_10K_8wj,2d13,10240,0/0
/spttest/mixed_10K_8wk,2d14,10240,0/0
/spttest/mixed_10K_8wl,2d15,10240,0/0
/spttest/mixed_10K_8wm,2d16,10240,0/0
/spttest/mixed_10K_8wn,2d17,10240,0/0
/spttest/mixed_10K_8wo,2d18,10240,0/0
/spttest/mixed_10K_8wp,2d19,10240,0/0
/spttest/mixed_10K_8wq,2d1a,10240,0/0
/spttest/mixed_10K_8wr,2d1b,10240,0/0
/spttest/mixed_10K_8ws,2d1c,10240,0/0
/spttest/mixed_10K_8wt,2d1d,10240,0/0
/spttest/mixed_10K_8wu,2d1e,10240,0/0
/spttest/mixed_10K_8wv,2d1f,10240,0/0
/spttest/mixed_10K_8ww,2d20,10240,0/0
/spttest/mixed_10K_8wx,2d21,10240,0/0
/spttest/mixed_10K_8wy,2d22,10240,0/0
/spttest/mixed_10K_8wz,2d23,10240,0/0
/spttest/mixed_10K_8x0,2d24,10240,0/0
/spttest/mixed_10K_8x1,2d25,10240,0/0
/spttest/mixed_10K_8x2,2d26,10240,0/0
/spttest/mixed_10K_8x3,2d27,10240,0/0
/spttest/mixed_10K_8x4,2d28,10240,0/0
/spttest/mixed_10K_8x5,2d29,10240,0/0
/spttest/mixed_10K_8x6,2d2a,10240,0/0
/spttest/mixed_10K_8x7,2d2b,10240,0/0
/spttest/mixed_10K_8x8,2d2c,10240,0/0
/spttest/mixed_10K_8x9,2d2d,10240,0/0
/spttest/mixed_10K_8xa,2d2e,10240,0/0
/spttest/mixed_10K_8xb,2d2f,10240,0/0
/spttest/mixed_10K_8xc,2d30,10240,0/0
/spttest/mixed_10K_8xd,2d31,10240,0/0
/spttest/mixed_10K_8xe,2d32,10240,0/0
/spttest/mixed_10K_8xf,2d33,10240,0/0
/spttest/mixed_10K_8xg,2d34,10240,0/0
/spttest/mixed_10K_8xh,2d35,10240,0/0
/spttest/mixed_10K_8xi,2d36,10240,0/0
/spttest/mixed_10K_8xj,2d37,10240,0/0
/spttest/mixed_10K_8xk,2d38,10240,0/0
/spttest/mixed_10K_8xl,2d39,10240,0/0
/spttest/mixed_10K_8xm,2d3a,10240,0/0
/spttest/mixed_10K_8xn,2d3b,10240,0/0
/spttest/mixed_10K_8xo,2d3c,10240,0/0
/spttest/mixed_10K_8xp,2d3d,10240,0/0
/spttest/mixed_10K_8xq,2d3e,10240,0/0
/spttest/mixed_10K_8xr,2d3f,10240,0/0
/spttest/mixed_10K_8xs,2d40,10240,0/0
/spttest/mixed_10K_8xt,2d41,10240,0/0
/spttest/mixed_10K_8xu,2d42,10240,0/0
/spttest/mixed_10K_8xv,2d43,10240,0/0
/spttest/mixed_10K_8xw,2d44,10240,0/0
/spttest/mixed_10K_8xx,2d45,10240,0/0
/spttest/mixed_10K_8xy,2d46,10240,0/0
/spttest/mixed_10K_8xz,2d47,10240,0/0
/spttest/mixed_10K_8y0,2d48,10240,0/0
/spttest/mixed_10K_8y1,2d49,10240,0/0
/spttest/mixed_10K_8y2,2d4a,10240,0/0
/spttest/mixed_10K_8y3,2d4b,10240,0/0
/spttest/mixed_10K_8y4,2d4c,10240,0/0
/spttest/mixed_10K_8y5,2d4d,10240,0/0
/spttest/mixed_10K_8y6,2d4e,10240,0/0
/spttest/mixed_10K_8y7,2d4f,10240,0/0
/spttest/mixed_10K_8y8,2d50,10240,0/0
/spttest/mixed_10K_8y9,2d51,10240,0/0
/spttest/mixed_10K_8ya,2d52,10240,0/0
/spttest/mixed_10K_8yb,2d53,10240,0/0
/spttest/mixed_10K_8yc,2d54,10240,0/0
/spttest/mixed_10K_8yd,2d55,10240,0/0
/spttest/mixed_10K_8ye,2d56,10240,0/0
/spttest/mixed_10K_8yf,2d57,10240,0/0
/spttest/mixed_10K_8yg,2d58,10240,0/0
/spttest/mixed_10K_8yh,2d59,10240,0/0
/spttest/mixed_10K_8yi,2d5a,10240,0/0
/spttest/mixed_10K_8yj,2d5b,10240,0/0
/spttest/mixed_10K_8yk,2d5c,10240,0/0
/spttest/mixed_10K_8yl,2d5d,10240,0/0
/spttest/mixed_10K_8ym,2d5e,10240,0/0
/spttest/mixed_10K_8yn,2d5f,10240,0/0
/spttest/mixed_10K_8yo,2d60,10240,0/0
/spttest/mixed_10K_8yp,2d61,10240,0/0
/spttest/mixed_10K_8yq,2d62,10240,0/0
/spttest/mixed_10K_8yr,2d63,10240,0/0
/spttest/mixed_10K_8ys,2d64,10240,0/0
/spttest/mixed_10K_8yt,2d65,10240,0/0
/spttest/mixed_10K_8yu,2d66,10240,0/0
/spttest/mixed_10K_8yv,2d67,10240,0/0
/spttest/mixed_10K_8yw,2d68,10240,0/0
/spttest/mixed_10K_8yx,2d69,10240,0/0
/spttest/mixed_10K_8yy,2d6a,10240,0/0
/spttest/mixed_10K_8yz,2d6b,10240,0/0
/spttest/mixed_10K_8z0,2d6c,10240,0/0
/spttest/mixed_10K_8z1,2d6d,10240,0/0
/spttest/mixed_10K_8z2,2d6e,10240,0/0
/spttest/mixed_10K_8z3,2d6f,10240,0/0
/spttest/mixed_10K_8z4,2d70,10240,0/0
/spttest/mixed_10K_8z5,2d71,10240,0/0
/spttest/mixed_10K_8z6,2d72,10240,0/0
/spttest/mixed_10K_8z7,2d73,10240,0/0
/spttest/mixed_10K_8z8,2d74,10240,0/0
/spttest/mixed_10K_8z9,2d75,10240,0/0
/spttest/mixed_10K_8za,2d76,10240,0/0
/spttest/mixed_10K_8zb,2d77,10240,0/0
/spttest/mixed_10K_8zc,2d78,10240,0/0
/spttest/mixed_10K_8zd,2d79,10240,0/0
/spttest/mixed_10K_8ze,2d7a,10240,0/0
/spttest/mixed_10K_8zf,2d7b,10240,0/0
/spttest/mixed_10K_8zg,2d7c,10240,0/0
/spttest/mixed_10K_8zh,2d7d,10240,0/0
/spttest/mixed_10K_8zi,2d7e,10240,0/0
/spttest/mixed_10K_8zj,2d7f,10240,0/0
/spttest/mixed_10K_8zk,2d80,10240,0/0
/spttest/mixed_10K_8zl,2d81,10240,0/0
/spttest/mixed_10K_8zm,2d82,10240,0/0
/spttest/mixed_10K_8zn,2d83,10240,0/0
/spttest/mixed_10K_8zo,2d84,10240,0/0
/spttest/mixed_10K_8zp,2d85,10240,0/0
/spttest/mixed_10K_8zq,2d86,10240,0/0
/spttest/mixed_10K_8zr,2d87,10240,0/0
/spttest/mixed_10K_8zs,2d88,10240,0/0
/spttest/mixed_10K_8zt,2d89,10240,0/0
/spttest/mixed_10K_8zu,2d8a,10240,0/0
/spttest/mixed_10K_8zv,2d8b,10240,0/0
/spttest/mixed_10K_8zw,2d8c,10240,0/0
/spttest/mixed_10K_8zx,2d8d,10240,0/0
/spttest/mixed_10K_8zy,2d8e,10240,0/0
/spttest/mixed_10K_8zz,2d8f,10240,0/0
/spttest/mixed_10K_900,2d90,10240,0/0
/spttest/mixed_10K_901,2d91,10240,0/0
/spttest/mixed_10K_902,2d92,10240,0/0
/spttest/mixed_10K_903,2d93,10240,0/0
/spttest/mixed_10K_904,2d94,10240,0/0
/spttest/mixed_10K_905,2d95,10240,0/0
/spttest/mixed_10K_906,2d96,10240,0/0
/spttest/mixed_10K_907,2d97,10240,0/0
/spttest/mixed_10K_908,2d98,10240,0/0
/spttest/mixed_10K_909,2d99,10240,0/0
/spttest/mixed_10K_90a,2d9a,10240,0/0
/spttest/mixed_10K_90b,2d9b,10240,0/0
/spttest/mixed_10K_90c,2d9c,10240,0/0
/spttest/mixed_10K_90d,2d9d,10240,0/0
/spttest/mixed_10K_90e,2d9e,10240,0/0
/spttest/mixed_10K_90f,2d9f,10240,0/0
/spttest/mixed_10K_90g,2da0,10240,0/0
/spttest/mixed_10K_90h,2da1,10240,0/0
/spttest/mixed_10K_90i,2da2,10240,0/0
/spttest/mixed_10K_90j,2da3,10240,0/0
/spttest/mixed_10K_90k,2da4,10240,0/0
/spttest/mixed_10K_90l,2da5,10240,0/0
/spttest/mixed_10K_90m,2da6,10240,0/0
/spttest/mixed_10K_90n,2da7,10240,0/0
/spttest/mixed_10K_90o,2da8,10240,0/0
/spttest/mixed_10K_90p,2da9,10240,0/0
/spttest/mixed_10K_90q,2daa,10240,0/0
/spttest/mixed_10K_90r,2dab,10240,0/0
/spttest/mixed_10K_90s,2dac,10240,0/0
/spttest/mixed_10K_90t,2dad,10240,0/0
/spttest/mixed_10K_90u,2dae,10240,0/0
/spttest/mixed_10K_90v,2daf,10240,0/0
/spttest/mixed_10K_90w,2db0,10240,0/0
/spttest/mixed_10K_90x,2db1,10240,0/0
/spttest/mixed_10K_90y,2db2,10240,0/0
/spttest/mixed_10K_90z,2db3,10240,0/0
/spttest/mixed_10K_910,2db4,10240,0/0
/spttest/mixed_10K_911,2db5,10240,0/0
/spttest/mixed_10K_912,2db6,10240,0/0
/spttest/mixed_10K_913,2db7,10240,0/0
/spttest/mixed_10K_914,2db8,10240,0/0
/spttest/mixed_10K_915,2db9,10240,0/0
/spttest/mixed_10K_916,2dba,10240,0/0
/spttest/mixed_10K_917,2dbb,10240,0/0
/spttest/mixed_10K_918,2dbc,10240,0/0
/spttest/mixed_10K_919,2dbd,10240,0/0
/spttest/mixed_10K_91a,2dbe,10240,0/0
/spttest/mixed_10K_91b,2dbf,10240,0/0
/spttest/mixed_10K_91c,2dc0,10240,0/0
/spttest/mixed_10K_91d,2dc1,10240,0/0
/spttest/mixed_10K_91e,2dc2,10240,0/0
/spttest/mixed_10K_91f,2dc3,10240,0/0
/spttest/mixed_10K_91g,2dc4,10240,0/0
/spttest/mixed_10K_91h,2dc5,10240,0/0
/spttest/mixed_10K_91i,2dc6,10240,0/0
/spttest/mixed_10K_91j,2dc7,10240,0/0
/spttest/mixed_10K_91k,2dc8,10240,0/0
/spttest/mixed_10K_91l,2dc9,10240,0/0
/spttest/mixed_10K_91m,2dca,10240,0/0
/spttest/mixed_10K_91n,2dcb,10240,0/0
/spttest/mixed_10K_91o,2dcc,10240,0/0
/spttest/mixed_10K_91p,2dcd,10240,0/0
/spttest/mixed_10K_91q,2dce,10240,0/0
/spttest/mixed_10K_91r,2dcf,10240,0/0
/spttest/mixed_10K_91s,2dd0,10240,0/0
/spttest/mixed_10K_91t,2dd1,10240,0/0
/spttest/mixed_10K_91u,2dd2,10240,0/0
/spttest/mixed_10K_91v,2dd3,10240,0/0
/spttest/mixed_10K_91w,2dd4,10240,0/0
/spttest/mixed_10K_91x,2dd5,10240,0/0
/spttest/mixed_10K_91y,2dd6,10240,0/0
/spttest/mixed_10K_91z,2dd7,10240,0/0
/spttest/mixed_10K_920,2dd8,10240,0/0
/spttest/mixed_10K_921,2dd9,10240,0/0
/spttest/mixed_10K_922,2dda,10240,0/0
/spttest/mixed_10K_923,2ddb,10240,0/0
/spttest/mixed_10K_924,2ddc,10240,0/0
/spttest/mixed_10K_925,2ddd,10240,0/0
/spttest/mixed_10K_926,2dde,10240,0/0
/spttest/mixed_10K_927,2ddf,10240,0/0
/spttest/mixed_10K_928,2de0,10240,0/0
/spttest/mixed_10K_929,2de1,10240,0/0
/spttest/mixed_10K_92a,2de2,10240,0/0
/spttest/mixed_10K_92b,2de3,10240,0/0
/spttest/mixed_10K_92c,2de4,10240,0/0
/spttest/mixed_10K_92d,2de5,10240,0/0
/spttest/mixed_10K_92e,2de6,10240,0/0
/spttest/mixed_10K_92f,2de7,10240,0/0
/spttest/mixed_10K_92g,2de8,10240,0/0
/spttest/mixed_10K_92h,2de9,10240,0/0
/spttest/mixed_10K_92i,2dea,10240,0/0
/spttest/mixed_10K_92j,2deb,10240,0/0
/spttest/mixed_10K_92k,2dec,10240,0/0
/spttest/mixed_10K_92l,2ded,10240,0/0
/spttest/mixed_10K_92m,2dee,10240,0/0
/spttest/mixed_10K_92n,2def,10240,0/0
/spttest/mixed_10K_92o,2df0,10240,0/0
/spttest/mixed_10K_92p,2df1,10240,0/0
/spttest/mixed_10K_92q,2df2,10240,0/0
/spttest/mixed_10K_92r,2df3,10240,0/0
/spttest/mixed_10K_92s,2df4,10240,0/0
/spttest/mixed_10K_92t,2df5,10240,0/0
/spttest/mixed_10K_92u,2df6,10240,0/0
/spttest/mixed_10K_92v,2df7,10240,0/0
/spttest/mixed_10K_92w,2df8,10240,0/0
/spttest/mixed_10K_92x,2df9,10240,0/0
/spttest/mixed_10K_92y,2dfa,10240,0/0
/spttest/mixed_10K_92z,2dfb,10240,0/0
/spttest/mixed_10K_930,2dfc,10240,0/0
/spttest/mixed_10K_931,2dfd,10240,0/0
/spttest/mixed_10K_932,2dfe,10240,0/0
/spttest/mixed_10K_933,2dff,10240,0/0
/spttest/mixed_10K_934,2e00,10240,0/0
/spttest/mixed_10K_935,2e01,10240,0/0
/spttest/mixed_10K_936,2e02,10240,0/0
/spttest/mixed_10K_937,2e03,10240,0/0
/spttest/mixed_10K_938,2e04,10240,0/0
/spttest/mixed_10K_939,2e05,10240,0/0
/spttest/mixed_10K_93a,2e06,10240,0/0
/spttest/mixed_10K_93b,2e07,10240,0/0
/spttest/mixed_10K_93c,2e08,10240,0/0
/spttest/mixed_10K_93d,2e09,10240,0/0
/spttest/mixed_10K_93e,2e0a,10240,0/0
/spttest/mixed_10K_93f,2e0b,10240,0/0
/spttest/mixed_10K_93g,2e0c,10240,0/0
/spttest/mixed_10K_93h,2e0d,10240,0/0
/spttest/mixed_10K_93i,2e0e,10240,0/0
/spttest/mixed_10K_93j,2e0f,10240,0/0
/spttest/mixed_10K_93k,2e10,10240,0/0
/spttest/mixed_10K_93l,2e11,10240,0/0
/spttest/mixed_10K_93m,2e12,10240,0/0
/spttest/mixed_10K_93n,2e13,10240,0/0
/spttest/mixed_10K_93o,2e14,10240,0/0
/spttest/mixed_10K_93p,2e15,10240,0/0
/spttest/mixed_10K_93q,2e16,10240,0/0
/spttest/mixed_10K_93r,2e17,10240,0/0
/spttest/mixed_10K_93s,2e18,10240,0/0
/spttest/mixed_10K_93t,2e19,10240,0/0
/spttest/mixed_10K_93u,2e1a,10240,0/0
/spttest/mixed_10K_93v,2e1b,10240,0/0
/spttest/mixed_10K_93w,2e1c,10240,0/0
/spttest/mixed_10K_93x,2e1d,10240,0/0
/spttest/mixed_10K_93y,2e1e,10240,0/0
/spttest/mixed_10K_93z,2e1f,10240,0/0
/spttest/mixed_10K_940,2e20,10240,0/0
/spttest/mixed_10K_941,2e21,10240,0/0
/spttest/mixed_10K_942,2e22,10240,0/0
/spttest/mixed_10K_943,2e23,10240,0/0
/spttest/mixed_10K_944,2e24,10240,0/0
/spttest/mixed_10K_945,2e25,10240,0/0
/spttest/mixed_10K_946,2e26,10240,0/0
/spttest/mixed_10K_947,2e27,10240,0/0
/spttest/mixed_10K_948,2e28,10240,0/0
/spttest/mixed_10K_949,2e29,10240,0/0
/spttest/mixed_10K_94a,2e2a,10240,0/0
/spttest/mixed_10K_94b,2e2b,10240,0/0
/spttest/mixed_10K_94c,2e2c,10240,0/0
/spttest/mixed_10K_94d,2e2d,10240,0/0
/spttest/mixed_10K_94e,2e2e,10240,0/0
/spttest/mixed_10K_94f,2e2f,10240,0/0
/spttest/mixed_10K_94g,2e30,10240,0/0
/spttest/mixed_10K_94h,2e31,10240,0/0
/spttest/mixed_10K_94i,2e32,10240,0/0
/spttest/mixed_10K_94j,2e33,10240,0/0
/spttest/mixed_10K_94k,2e34,10240,0/0
/spttest/mixed_10K_94l,2e35,10240,0/0
/spttest/mixed_10K_94m,2e36,10240,0/0
/spttest/mixed_10K_94n,2e37,10240,0/0
/spttest/mixed_10K_94o,2e38,10240,0/0
/spttest/mixed_10K_94p,2e39,10240,0/0
/spttest/mixed_10K_94q,2e3a,10240,0/0
/spttest/mixed_10K_94r,2e3b,10240,0/0
/spttest/mixed_10K_94s,2e3c,10240,0/0
/spttest/mixed_10K_94t,2e3d,10240,0/0
/spttest/mixed_10K_94u,2e3e,10240,0/0
/spttest/mixed_10K_94v,2e3f,10240,0/0
/spttest/mixed_10K_94w,2e40,10240,0/0
/spttest/mixed_10K_94x,2e41,10240,0/0
/spttest/mixed_10K_94y,2e42,10240,0/0
/spttest/mixed_10K_94z,2e43,10240,0/0
/spttest/mixed_10K_950,2e44,10240,0/0
/spttest/mixed_10K_951,2e45,10240,0/0
/spttest/mixed_10K_952,2e46,10240,0/0
/spttest/mixed_10K_953,2e47,10240,0/0
/spttest/mixed_10K_954,2e48,10240,0/0
/spttest/mixed_10K_955,2e49,10240,0/0
/spttest/mixed_10K_956,2e4a,10240,0/0
/spttest/mixed_10K_957,2e4b,10240,0/0
/spttest/mixed_10K_958,2e4c,10240,0/0
/spttest/mixed_10K_959,2e4d,10240,0/0
/spttest/mixed_10K_95a,2e4e,10240,0/0
/spttest/mixed_10K_95b,2e4f,10240,0/0
/spttest/mixed_10K_95c,2e50,10240,0/0
/spttest/mixed_10K_95d,2e51,10240,0/0
/spttest/mixed_10K_95e,2e52,10240,0/0
/spttest/mixed_10K_95f,2e53,10240,0/0
/spttest/mixed_10K_95g,2e54,10240,0/0
/spttest/mixed_10K_95h,2e55,10240,0/0
/spttest/mixed_10K_95i,2e56,10240,0/0
/spttest/mixed_10K_95j,2e57,10240,0/0
/spttest/mixed_10K_95k,2e58,10240,0/0
/spttest/mixed_10K_95l,2e59,10240,0/0
/spttest/mixed_10K_95m,2e5a,10240,0/0
/spttest/mixed_10K_95n,2e5b,10240,0/0
/spttest/mixed_10K_95o,2e5c,10240,0/0
/spttest/mixed_10K_95p,2e5d,10240,0/0
/spttest/mixed_10K_95q,2e5e,10240,0/0
/spttest/mixed_10K_95r,2e5f,10240,0/0
/spttest/mixed_10K_95s,2e60,10240,0/0
/spttest/mixed_10K_95t,2e61,10240,0/0
/spttest/mixed_10K_95u,2e62,10240,0/0
/spttest/mixed_10K_95v,2e63,10240,0/0
/spttest/mixed_10K_95w,2e64,10240,0/0
/spttest/mixed_10K_95x,2e65,10240,0/0
/spttest/mixed_10K_95y,2e66,10240,0/0
/spttest/mixed_10K_95z,2e67,10240,0/0
/spttest/mixed_10K_960,2e68,10240,0/0
/spttest/mixed_10K_961,2e69,10240,0/0
/spttest/mixed_10K_962,2e6a,10240,0/0
/spttest/mixed_10K_963,2e6b,10240,0/0
/spttest/mixed_10K_964,2e6c,10240,0/0
/spttest/mixed_10K_965,2e6d,10240,0/0
/spttest/mixed_10K_966,2e6e,10240,0/0
/spttest/mixed_10K_967,2e6f,10240,0/0
/spttest/mixed_10K_968,2e70,10240,0/0
/spttest/mixed_10K_969,2e71,10240,0/0
/spttest/mixed_10K_96a,2e72,10240,0/0
/spttest/mixed_10K_96b,2e73,10240,0/0
/spttest/mixed_10K_96c,2e74,10240,0/0
/spttest/mixed_10K_96d,2e75,10240,0/0
/spttest/mixed_10K_96e,2e76,10240,0/0
/spttest/mixed_10K_96f,2e77,10240,0/0
/spttest/mixed_10K_96g,2e78,10240,0/0
/spttest/mixed_10K_96h,2e79,10240,0/0
/spttest/mixed_10K_96i,2e7a,10240,0/0
/spttest/mixed_10K_96j,2e7b,10240,0/0
/spttest/mixed_10K_96k,2e7c,10240,0/0
/spttest/mixed_10K_96l,2e7d,10240,0/0
/spttest/mixed_10K_96m,2e7e,10240,0/0
/spttest/mixed_10K_96n,2e7f,10240,0/0
/spttest/mixed_10K_96o,2e80,10240,0/0
/spttest/mixed_10K_96p,2e81,10240,0/0
/spttest/mixed_10K_96q,2e82,10240,0/0
/spttest/mixed_10K_96r,2e83,10240,0/0
/spttest/mixed_10K_96s,2e84,10240,0/0
/spttest/mixed_10K_96t,2e85,10240,0/0
/spttest/mixed_10K_96u,2e86,10240,0/0
/spttest/mixed_10K_96v,2e87,10240,0/0
/spttest/mixed_10K_96w,2e88,10240,0/0
/spttest/mixed_10K_96x,2e89,10240,0/0
/spttest/mixed_10K_96y,2e8a,10240,0/0
/spttest/mixed_10K_96z,2e8b,10240,0/0
/spttest/mixed_10K_970,2e8c,10240,0/0
/spttest/mixed_10K_971,2e8d,10240,0/0
/spttest/mixed_10K_972,2e8e,10240,0/0
/spttest/mixed_10K_973,2e8f,10240,0/0
/spttest/mixed_10K_974,2e90,10240,0/0
/spttest/mixed_10K_975,2e91,10240,0/0
/spttest/mixed_10K_976,2e92,10240,0/0
/spttest/mixed_10K_977,2e93,10240,0/0
/spttest/mixed_10K_978,2e94,10240,0/0
/spttest/mixed_10K_979,2e95,10240,0/0
/spttest/mixed_10K_97a,2e96,10240,0/0
/spttest/mixed_10K_97b,2e97,10240,0/0
/spttest/mixed_10K_97c,2e98,10240,0/0
/spttest/mixed_10K_97d,2e99,10240,0/0
/spttest/mixed_10K_97e,2e9a,10240,0/0
/spttest/mixed_10K_97f,2e9b,10240,0/0
/spttest/mixed_10K_97g,2e9c,10240,0/0
/spttest/mixed_10K_97h,2e9d,10240,0/0
/spttest/mixed_10K_97i,2e9e,10240,0/0
/spttest/mixed_10K_97j,2e9f,10240,0/0
/spttest/mixed_10K_97k,2ea0,10240,0/0
/spttest/mixed_10K_97l,2ea1,10240,0/0
/spttest/mixed_10K_97m,2ea2,10240,0/0
/spttest/mixed_10K_97n,2ea3,10240,0/0
/spttest/mixed_10K_97o,2ea4,10240,0/0
/spttest/mixed_10K_97p,2ea5,10240,0/0
/spttest/mixed_10K_97q,2ea6,10240,0/0
/spttest/mixed_10K_97r,2ea7,10240,0/0
/spttest/mixed_10K_97s,2ea8,10240,0/0
/spttest/mixed_10K_97t,2ea9,10240,0/0
/spttest/mixed_10K_97u,2eaa,10240,0/0
/spttest/mixed_10K_97v,2eab,10240,0/0
/spttest/mixed_10K_97w,2eac,10240,0/0
/spttest/mixed_10K_97x,2ead,10240,0/0
/spttest/mixed_10K_97y,2eae,10240,0/0
/spttest/mixed_10K_97z,2eaf,10240,0/0
/spttest/mixed_10K_980,2eb0,10240,0/0
/spttest/mixed_10K_981,2eb1,10240,0/0
/spttest/mixed_10K_982,2eb2,10240,0/0
/spttest/mixed_10K_983,2eb3,10240,0/0
/spttest/mixed_10K_984,2eb4,10240,0/0
/spttest/mixed_10K_985,2eb5,10240,0/0
/spttest/mixed_10K_986,2eb6,10240,0/0
/spttest/mixed_10K_987,2eb7,10240,0/0
/spttest/mixed_10K_988,2eb8,10240,0/0
/spttest/mixed_10K_989,2eb9,10240,0/0
/spttest/mixed_10K_98a,2eba,10240,0/0
/spttest/mixed_10K_98b,2ebb,10240,0/0
/spttest/mixed_10K_98c,2ebc,10240,0/0
/spttest/mixed_10K_98d,2ebd,10240,0/0
/spttest/mixed_10K_98e,2ebe,10240,0/0
/spttest/mixed_10K_98f,2ebf,10240,0/0
/spttest/mixed_10K_98g,2ec0,10240,0/0
/spttest/mixed_10K_98h,2ec1,10240,0/0
/spttest/mixed_10K_98i,2ec2,10240,0/0
/spttest/mixed_10K_98j,2ec3,10240,0/0
/spttest/mixed_10K_98k,2ec4,10240,0/0
/spttest/mixed_10K_98l,2ec5,10240,0/0
/spttest/mixed_10K_98m,2ec6,10240,0/0
/spttest/mixed_10K_98n,2ec7,10240,0/0
/spttest/mixed_10K_98o,2ec8,10240,0/0
/spttest/mixed_10K_98p,2ec9,10240,0/0
/spttest/mixed_10K_98q,2eca,10240,0/0
/spttest/mixed_10K_98r,2ecb,10240,0/0
/spttest/mixed_10K_98s,2ecc,10240,0/0
/spttest/mixed_10K_98t,2ecd,10240,0/0
/spttest/mixed_10K_98u,2ece,10240,0/0
/spttest/mixed_10K_98v,2ecf,10240,0/0
/spttest/mixed_10K_98w,2ed0,10240,0/0
/spttest/mixed_10K_98x,2ed1,10240,0/0
/spttest/mixed_10K_98y,2ed2,10240,0/0
/spttest/mixed_10K_98z,2ed3,10240,0/0
/spttest/mixed_10K_990,2ed4,10240,0/0
/spttest/mixed_10K_991,2ed5,10240,0/0
/spttest/mixed_10K_992,2ed6,10240,0/0
/spttest/mixed_10K_993,2ed7,10240,0/0
/spttest/mixed_10K_994,2ed8,10240,0/0
/spttest/mixed_10K_995,2ed9,10240,0/0
/spttest/mixed_10K_996,2eda,10240,0/0
/spttest/mixed_10K_997,2edb,10240,0/0
/spttest/mixed_10K_998,2edc,10240,0/0
/spttest/mixed_10K_999,2edd,10240,0/0
/spttest/mixed_10K_99a,2ede,10240,0/0
/spttest/mixed_10K_99b,2edf,10240,0/0
/spttest/mixed_10K_99c,2ee0,10240,0/0
/spttest/mixed_10K_99d,2ee1,10240,0/0
/spttest/mixed_10K_99e,2ee2,10240,0/0
/spttest/mixed_10K_99f,2ee3,10240,0/0
/spttest/mixed_10K_99g,2ee4,10240,0/0
/spttest/mixed_10K_99h,2ee5,10240,0/0
/spttest/mixed_10K_99i,2ee6,10240,0/0
/spttest/mixed_10K_99j,2ee7,10240,0/0
/spttest/mixed_10K_99k,2ee8,10240,0/0
/spttest/mixed_10K_99l,2ee9,10240,0/0
/spttest/mixed_10K_99m,2eea,10240,0/0
/spttest/mixed_10K_99n,2eeb,10240,0/0
/spttest/mixed_10K_99o,2eec,10240,0/0
/spttest/mixed_10K_99p,2eed,10240,0/0
/spttest/mixed_10K_99q,2eee,10240,0/0
/spttest/mixed_10K_99r,2eef,10240,0/0
/spttest/mixed_10K_99s,2ef0,10240,0/0
/spttest/mixed_10K_99t,2ef1,10240,0/0
/spttest/mixed_10K_99u,2ef2,10240,0/0
/spttest/mixed_10K_99v,2ef3,10240,0/0
/spttest/mixed_10K_99w,2ef4,10240,0/0
/spttest/mixed_10K_99x,2ef5,10240,0/0
/spttest/mixed_10K_99y,2ef6,10240,0/0
/spttest/mixed_10K_99z,2ef7,10240,0/0
/spttest/mixed_10K_9a0,2ef8,10240,0/0
/spttest/mixed_10K_9a1,2ef9,10240,0/0
/spttest/mixed_10K_9a2,2efa,10240,0/0
/spttest/mixed_10K_9a3,2efb,10240,0/0
/spttest/mixed_10K_9a4,2efc,10240,0/0
/spttest/mixed_10K_9a5,2efd,10240,0/0
/spttest/mixed_10K_9a6,2efe,10240,0/0
/spttest/mixed_10K_9a7,2eff,10240,0/0
/spttest/mixed_10K_9a8,2f00,10240,0/0
/spttest/mixed_10K_9a9,2f01,10240,0/0
/spttest/mixed_10K_9aa,2f02,10240,0/0
/spttest/mixed_10K_9ab,2f03,10240,0/0
/spttest/mixed_10K_9ac,2f04,10240,0/0
/spttest/mixed_10K_9ad,2f05,10240,0/0
/spttest/mixed_10K_9ae,2f06,10240,0/0
/spttest/mixed_10K_9af,2f07,10240,0/0
/spttest/mixed_10K_9ag,2f08,10240,0/0
/spttest/mixed_10K_9ah,2f09,10240,0/0
/spttest/mixed_10K_9ai,2f0a,10240,0/0
/spttest/mixed_10K_9aj,2f0b,10240,0/0
/spttest/mixed_10K_9ak,2f0c,10240,0/0
/spttest/mixed_10K_9al,2f0d,10240,0/0
/spttest/mixed_10K_9am,2f0e,10240,0/0
/spttest/mixed_10K_9an,2f0f,10240,0/0
/spttest/mixed_10K_9ao,2f10,10240,0/0
/spttest/mixed_10K_9ap,2f11,10240,0/0
/spttest/mixed_10K_9aq,2f12,10240,0/0
/spttest/mixed_10K_9ar,2f13,10240,0/0
/spttest/mixed_10K_9as,2f14,10240,0/0
/spttest/mixed_10K_9at,2f15,10240,0/0
/spttest/mixed_10K_9au,2f16,10240,0/0
/spttest/mixed_10K_9av,2f17,10240,0/0
/spttest/mixed_10K_9aw,2f18,10240,0/0
/spttest/mixed_10K_9ax,2f19,10240,0/0
/spttest/mixed_10K_9ay,2f1a,10240,0/0
/spttest/mixed_10K_9az,2f1b,10240,0/0
/spttest/mixed_10K_9b0,2f1c,10240,0/0
/spttest/mixed_10K_9b1,2f1d,10240,0/0
/spttest/mixed_10K_9b2,2f1e,10240,0/0
/spttest/mixed_10K_9b3,2f1f,10240,0/0
/spttest/mixed_10K_9b4,2f20,10240,0/0
/spttest/mixed_10K_9b5,2f21,10240,0/0
/spttest/mixed_10K_9b6,2f22,10240,0/0
/spttest/mixed_10K_9b7,2f23,10240,0/0
/spttest/mixed_10K_9b8,2f24,10240,0/0
/spttest/mixed_10K_9b9,2f25,10240,0/0
/spttest/mixed_10K_9ba,2f26,10240,0/0
/spttest/mixed_10K_9bb,2f27,10240,0/0
/spttest/mixed_10K_9bc,2f28,10240,0/0
/spttest/mixed_10K_9bd,2f29,10240,0/0
/spttest/mixed_10K_9be,2f2a,10240,0/0
/spttest/mixed_10K_9bf,2f2b,10240,0/0
/spttest/mixed_10K_9bg,2f2c,10240,0/0
/spttest/mixed_10K_9bh,2f2d,10240,0/0
/spttest/mixed_10K_9bi,2f2e,10240,0/0
/spttest/mixed_10K_9bj,2f2f,10240,0/0
/spttest/mixed_10K_9bk,2f30,10240,0/0
/spttest/mixed_10K_9bl,2f31,10240,0/0
/spttest/mixed_10K_9bm,2f32,10240,0/0
/spttest/mixed_10K_9bn,2f33,10240,0/0
/spttest/mixed_10K_9bo,2f34,10240,0/0
/spttest/mixed_10K_9bp,2f35,10240,0/0
/spttest/mixed_10K_9bq,2f36,10240,0/0
/spttest/mixed_10K_9br,2f37,10240,0/0
/spttest/mixed_10K_9bs,2f38,10240,0/0
/spttest/mixed_10K_9bt,2f39,10240,0/0
/spttest/mixed_10K_9bu,2f3a,10240,0/0
/spttest/mixed_10K_9bv,2f3b,10240,0/0
/spttest/mixed_10K_9bw,2f3c,10240,0/0
/spttest/mixed_10K_9bx,2f3d,10240,0/0
/spttest/mixed_10K_9by,2f3e,10240,0/0
/spttest/mixed_10K_9bz,2f3f,10240,0/0
/spttest/mixed_10K_9c0,2f40,10240,0/0
/spttest/mixed_10K_9c1,2f41,10240,0/0
/spttest/mixed_10K_9c2,2f42,10240,0/0
/spttest/mixed_10K_9c3,2f43,10240,0/0
/spttest/mixed_10K_9c4,2f44,10240,0/0
/spttest/mixed_10K_9c5,2f45,10240,0/0
/spttest/mixed_10K_9c6,2f46,10240,0/0
/spttest/mixed_10K_9c7,2f47,10240,0/0
/spttest/mixed_10K_9c8,2f48,10240,0/0
/spttest/mixed_10K_9c9,2f49,10240,0/0
/spttest/mixed_10K_9ca,2f4a,10240,0/0
/spttest/mixed_10K_9cb,2f4b,10240,0/0
/spttest/mixed_10K_9cc,2f4c,10240,0/0
/spttest/mixed_10K_9cd,2f4d,10240,0/0
/spttest/mixed_10K_9ce,2f4e,10240,0/0
/spttest/mixed_10K_9cf,2f4f,10240,0/0
/spttest/mixed_10K_9cg,2f50,10240,0/0
/spttest/mixed_10K_9ch,2f51,10240,0/0
/spttest/mixed_10K_9ci,2f52,10240,0/0
/spttest/mixed_10K_9cj,2f53,10240,0/0
/spttest/mixed_10K_9ck,2f54,10240,0/0
/spttest/mixed_10K_9cl,2f55,10240,0/0
/spttest/mixed_10K_9cm,2f56,10240,0/0
/spttest/mixed_10K_9cn,2f57,10240,0/0
/spttest/mixed_10K_9co,2f58,10240,0/0
/spttest/mixed_10K_9cp,2f59,10240,0/0
/spttest/mixed_10K_9cq,2f5a,10240,0/0
/spttest/mixed_10K_9cr,2f5b,10240,0/0
/spttest/mixed_10K_9cs,2f5c,10240,0/0
/spttest/mixed_10K_9ct,2f5d,10240,0/0
/spttest/mixed_10K_9cu,2f5e,10240,0/0
/spttest/mixed_10K_9cv,2f5f,10240,0/0
/spttest/mixed_10K_9cw,2f60,10240,0/0
/spttest/mixed_10K_9cx,2f61,10240,0/0
/spttest/mixed_10K_9cy,2f62,10240,0/0
/spttest/mixed_10K_9cz,2f63,10240,0/0
/spttest/mixed_10K_9d0,2f64,10240,0/0
/spttest/mixed_10K_9d1,2f65,10240,0/0
/spttest/mixed_10K_9d2,2f66,10240,0/0
/spttest/mixed_10K_9d3,2f67,10240,0/0
/spttest/mixed_10K_9d4,2f68,10240,0/0
/spttest/mixed_10K_9d5,2f69,10240,0/0
/spttest/mixed_10K_9d6,2f6a,10240,0/0
/spttest/mixed_10K_9d7,2f6b,10240,0/0
/spttest/mixed_10K_9d8,2f6c,10240,0/0
/spttest/mixed_10K_9d9,2f6d,10240,0/0
/spttest/mixed_10K_9da,2f6e,10240,0/0
/spttest/mixed_10K_9db,2f6f,10240,0/0
/spttest/mixed_10K_9dc,2f70,10240,0/0
/spttest/mixed_10K_9dd,2f71,10240,0/0
/spttest/mixed_10K_9de,2f72,10240,0/0
/spttest/mixed_10K_9df,2f73,10240,0/0
/spttest/mixed_10K_9dg,2f74,10240,0/0
/spttest/mixed_10K_9dh,2f75,10240,0/0
/spttest/mixed_10K_9di,2f76,10240,0/0
/spttest/mixed_10K_9dj,2f77,10240,0/0
/spttest/mixed_10K_9dk,2f78,10240,0/0
/spttest/mixed_10K_9dl,2f79,10240,0/0
/spttest/mixed_10K_9dm,2f7a,10240,0/0
/spttest/mixed_10K_9dn,2f7b,10240,0/0
/spttest/mixed_10K_9do,2f7c,10240,0/0
/spttest/mixed_10K_9dp,2f7d,10240,0/0
/spttest/mixed_10K_9dq,2f7e,10240,0/0
/spttest/mixed_10K_9dr,2f7f,10240,0/0
/spttest/mixed_10K_9ds,2f80,10240,0/0
/spttest/mixed_10K_9dt,2f81,10240,0/0
/spttest/mixed_10K_9du,2f82,10240,0/0
/spttest/mixed_10K_9dv,2f83,10240,0/0
/spttest/mixed_10K_9dw,2f84,10240,0/0
/spttest/mixed_10K_9dx,2f85,10240,0/0
/spttest/mixed_10K_9dy,2f86,10240,0/0
/spttest/mixed_10K_9dz,2f87,10240,0/0
/spttest/mixed_10K_9e0,2f88,10240,0/0
/spttest/mixed_10K_9e1,2f89,10240,0/0
/spttest/mixed_10K_9e2,2f8a,10240,0/0
/spttest/mixed_10K_9e3,2f8b,10240,0/0
/spttest/mixed_10K_9e4,2f8c,10240,0/0
/spttest/mixed_10K_9e5,2f8d,10240,0/0
/spttest/mixed_10K_9e6,2f8e,10240,0/0
/spttest/mixed_10K_9e7,2f8f,10240,0/0
/spttest/mixed_10K_9e8,2f90,10240,0/0
/spttest/mixed_10K_9e9,2f91,10240,0/0
/spttest/mixed_10K_9ea,2f92,10240,0/0
/spttest/mixed_10K_9eb,2f93,10240,0/0
/spttest/mixed_10K_9ec,2f94,10240,0/0
/spttest/mixed_10K_9ed,2f95,10240,0/0
/spttest/mixed_10K_9ee,2f96,10240,0/0
/spttest/mixed_10K_9ef,2f97,10240,0/0
/spttest/mixed_10K_9eg,2f98,10240,0/0
/spttest/mixed_10K_9eh,2f99,10240,0/0
/spttest/mixed_10K_9ei,2f9a,10240,0/0
/spttest/mixed_10K_9ej,2f9b,10240,0/0
/spttest/mixed_10K_9ek,2f9c,10240,0/0
/spttest/mixed_10K_9el,2f9d,10240,0/0
/spttest/mixed_10K_9em,2f9e,10240,0/0
/spttest/mixed_10K_9en,2f9f,10240,0/0
/spttest/mixed_10K_9eo,2fa0,10240,0/0
/spttest/mixed_10K_9ep,2fa1,10240,0/0
/spttest/mixed_10K_9eq,2fa2,10240,0/0
/spttest/mixed_10K_9er,2fa3,10240,0/0
/spttest/mixed_10K_9es,2fa4,10240,0/0
/spttest/mixed_10K_9et,2fa5,10240,0/0
/spttest/mixed_10K_9eu,2fa6,10240,0/0
/spttest/mixed_10K_9ev,2fa7,10240,0/0
/spttest/mixed_10K_9ew,2fa8,10240,0/0
/spttest/mixed_10K_9ex,2fa9,10240,0/0
/spttest/mixed_10K_9ey,2faa,10240,0/0
/spttest/mixed_10K_9ez,2fab,10240,0/0
/spttest/mixed_10K_9f0,2fac,10240,0/0
/spttest/mixed_10K_9f1,2fad,10240,0/0
/spttest/mixed_10K_9f2,2fae,10240,0/0
/spttest/mixed_10K_9f3,2faf,10240,0/0
/spttest/mixed_10K_9f4,2fb0,10240,0/0
/spttest/mixed_10K_9f5,2fb1,10240,0/0
/spttest/mixed_10K_9f6,2fb2,10240,0/0
/spttest/mixed_10K_9f7,2fb3,10240,0/0
/spttest/mixed_10K_9f8,2fb4,10240,0/0
/spttest/mixed_10K_9f9,2fb5,10240,0/0
/spttest/mixed_10K_9fa,2fb6,10240,0/0
/spttest/mixed_10K_9fb,2fb7,10240,0/0
/spttest/mixed_10K_9fc,2fb8,10240,0/0
/spttest/mixed_10K_9fd,2fb9,10240,0/0
/spttest/mixed_10K_9fe,2fba,10240,0/0
/spttest/mixed_10K_9ff,2fbb,10240,0/0
/spttest/mixed_10K_9fg,2fbc,10240,0/0
/spttest/mixed_10K_9fh,2fbd,10240,0/0
/spttest/mixed_10K_9fi,2fbe,10240,0/0
/spttest/mixed_10K_9fj,2fbf,10240,0/0
/spttest/mixed_10K_9fk,2fc0,10240,0/0
/spttest/mixed_10K_9fl,2fc1,10240,0/0
/spttest/mixed_10K_9fm,2fc2,10240,0/0
/spttest/mixed_10K_9fn,2fc3,10240,0/0
/spttest/mixed_10K_9fo,2fc4,10240,0/0
/spttest/mixed_10K_9fp,2fc5,10240,0/0
/spttest/mixed_10K_9fq,2fc6,10240,0/0
/spttest/mixed_10K_9fr,2fc7,10240,0/0
/spttest/mixed_10K_9fs,2fc8,10240,0/0
/spttest/mixed_10K_9ft,2fc9,10240,0/0
/spttest/mixed_10K_9fu,2fca,10240,0/0
/spttest/mixed_10K_9fv,2fcb,10240,0/0
/spttest/mixed_10K_9fw,2fcc,10240,0/0
/spttest/mixed_10K_9fx,2fcd,10240,0/0
/spttest/mixed_10K_9fy,2fce,10240,0/0
/spttest/mixed_10K_9fz,2fcf,10240,0/0
/spttest/mixed_10K_9g0,2fd0,10240,0/0
/spttest/mixed_10K_9g1,2fd1,10240,0/0
/spttest/mixed_10K_9g2,2fd2,10240,0/0
/spttest/mixed_10K_9g3,2fd3,10240,0/0
/spttest/mixed_10K_9g4,2fd4,10240,0/0
/spttest/mixed_10K_9g5,2fd5,10240,0/0
/spttest/mixed_10K_9g6,2fd6,10240,0/0
/spttest/mixed_10K_9g7,2fd7,10240,0/0
/spttest/mixed_10K_9g8,2fd8,10240,0/0
/spttest/mixed_10K_9g9,2fd9,10240,0/0
/spttest/mixed_10K_9ga,2fda,10240,0/0
/spttest/mixed_10K_9gb,2fdb,10240,0/0
/spttest/mixed_10K_9gc,2fdc,10240,0/0
/spttest/mixed_10K_9gd,2fdd,10240,0/0
/spttest/mixed_10K_9ge,2fde,10240,0/0
/spttest/mixed_10K_9gf,2fdf,10240,0/0
/spttest/mixed_10K_9gg,2fe0,10240,0/0
/spttest/mixed_10K_9gh,2fe1,10240,0/0
/spttest/mixed_10K_9gi,2fe2,10240,0/0
/spttest/mixed_10K_9gj,2fe3,10240,0/0
/spttest/mixed_10K_9gk,2fe4,10240,0/0
/spttest/mixed_10K_9gl,2fe5,10240,0/0
/spttest/mixed_10K_9gm,2fe6,10240,0/0
/spttest/mixed_10K_9gn,2fe7,10240,0/0
/spttest/mixed_10K_9go,2fe8,10240,0/0
/spttest/mixed_10K_9gp,2fe9,10240,0/0
/spttest/mixed_10K_9gq,2fea,10240,0/0
/spttest/mixed_10K_9gr,2feb,10240,0/0
/spttest/mixed_10K_9gs,2fec,10240,0/0
/spttest/mixed_10K_9gt,2fed,10240,0/0
/spttest/mixed_10K_9gu,2fee,10240,0/0
/spttest/mixed_10K_9gv,2fef,10240,0/0
/spttest/mixed_10K_9gw,2ff0,10240,0/0
/spttest/mixed_10K_9gx,2ff1,10240,0/0
/spttest/mixed_10K_9gy,2ff2,10240,0/0
/spttest/mixed_10K_9gz,2ff3,10240,0/0
/spttest/mixed_10K_9h0,2ff4,10240,0/0
/spttest/mixed_10K_9h1,2ff5,10240,0/0
/spttest/mixed_10K_9h2,2ff6,10240,0/0
/spttest/mixed_10K_9h3,2ff7,10240,0/0
/spttest/mixed_10K_9h4,2ff8,10240,0/0
/spttest/mixed_10K_9h5,2ff9,10240,0/0
/spttest/mixed_10K_9h6,2ffa,10240,0/0
/spttest/mixed_10K_9h7,2ffb,10240,0/0
/spttest/mixed_10K_9h8,2ffc,10240,0/0
/spttest/mixed_10K_9h9,2ffd,10240,0/0
/spttest/mixed_10K_9ha,2ffe,10240,0/0
/spttest/mixed_10K_9hb,2fff,10240,0/0
/spttest/mixed_10K_9hc,3000,10240,0/0
/spttest/mixed_10K_9hd,3001,10240,0/0
/spttest/mixed_10K_9he,3002,10240,0/0
/spttest/mixed_10K_9hf,3003,10240,0/0
/spttest/mixed_10K_9hg,3004,10240,0/0
/spttest/mixed_10K_9hh,3005,10240,0/0
/spttest/mixed_10K_9hi,3006,10240,0/0
/spttest/mixed_10K_9hj,3007,10240,0/0
/spttest/mixed_10K_9hk,3008,10240,0/0
/spttest/mixed_10K_9hl,3009,10240,0/0
/spttest/mixed_10K_9hm,300a,10240,0/0
/spttest/mixed_10K_9hn,300b,10240,0/0
/spttest/mixed_10K_9ho,300c,10240,0/0
/spttest/mixed_10K_9hp,300d,10240,0/0
/spttest/mixed_10K_9hq,300e,10240,0/0
/spttest/mixed_10K_9hr,300f,10240,0/0
/spttest/mixed_10K_9hs,3010,10240,0/0
/spttest/mixed_10K_9ht,3011,10240,0/0
/spttest/mixed_10K_9hu,3012,10240,0/0
/spttest/mixed_10K_9hv,3013,10240,0/0
/spttest/mixed_10K_9hw,3014,10240,0/0
/spttest/mixed_10K_9hx,3015,10240,0/0
/spttest/mixed_10K_9hy,3016,10240,0/0
/spttest/mixed_10K_9hz,3017,10240,0/0
/spttest/mixed_10K_9i0,3018,10240,0/0
/spttest/mixed_10K_9i1,3019,10240,0/0
/spttest/mixed_10K_9i2,301a,10240,0/0
/spttest/mixed_10K_9i3,301b,10240,0/0
/spttest/mixed_10K_9i4,301c,10240,0/0
/spttest/mixed_10K_9i5,301d,10240,0/0
/spttest/mixed_10K_9i6,301e,10240,0/0
/spttest/mixed_10K_9i7,301f,10240,0/0
/spttest/mixed_10K_9i8,3020,10240,0/0
/spttest/mixed_10K_9i9,3021,10240,0/0
/spttest/mixed_10K_9ia,3022,10240,0/0
/spttest/mixed_10K_9ib,3023,10240,0/0
/spttest/mixed_10K_9ic,3024,10240,0/0
/spttest/mixed_10K_9id,3025,10240,0/0
/spttest/mixed_10K_9ie,3026,10240,0/0
/spttest/mixed_10K_9if,3027,10240,0/0
/spttest/mixed_10K_9ig,3028,10240,0/0
/spttest/mixed_10K_9ih,3029,10240,0/0
/spttest/mixed_10K_9ii,302a,10240,0/0
/spttest/mixed_10K_9ij,302b,10240,0/0
/spttest/mixed_10K_9ik,302c,10240,0/0
/spttest/mixed_10K_9il,302d,10240,0/0
/spttest/mixed_10K_9im,302e,10240,0/0
/spttest/mixed_10K_9in,302f,10240,0/0
/spttest/mixed_10K_9io,3030,10240,0/0
/spttest/mixed_10K_9ip,3031,10240,0/0
/spttest/mixed_10K_9iq,3032,10240,0/0
/spttest/mixed_10K_9ir,3033,10240,0/0
/spttest/mixed_10K_9is,3034,10240,0/0
/spttest/mixed_10K_9it,3035,10240,0/0
/spttest/mixed_10K_9iu,3036,10240,0/0
/spttest/mixed_10K_9iv,3037,10240,0/0
/spttest/mixed_10K_9iw,3038,10240,0/0
/spttest/mixed_10K_9ix,3039,10240,0/0
/spttest/mixed_10K_9iy,303a,10240,0/0
/spttest/mixed_10K_9iz,303b,10240,0/0
/spttest/mixed_10K_9j0,303c,10240,0/0
/spttest/mixed_10K_9j1,303d,10240,0/0
/spttest/mixed_10K_9j2,303e,10240,0/0
/spttest/mixed_10K_9j3,303f,10240,0/0
/spttest/mixed_10K_9j4,3040,10240,0/0
/spttest/mixed_10K_9j5,3041,10240,0/0
/spttest/mixed_10K_9j6,3042,10240,0/0
/spttest/mixed_10K_9j7,3043,10240,0/0
/spttest/mixed_10K_9j8,3044,10240,0/0
/spttest/mixed_10K_9j9,3045,10240,0/0
/spttest/mixed_10K_9ja,3046,10240,0/0
/spttest/mixed_10K_9jb,3047,10240,0/0
/spttest/mixed_10K_9jc,3048,10240,0/0
/spttest/mixed_10K_9jd,3049,10240,0/0
/spttest/mixed_10K_9je,304a,10240,0/0
/spttest/mixed_10K_9jf,304b,10240,0/0
/spttest/mixed_10K_9jg,304c,10240,0/0
/spttest/mixed_10K_9jh,304d,10240,0/0
/spttest/mixed_10K_9ji,304e,10240,0/0
/spttest/mixed_10K_9jj,304f,10240,0/0
/spttest/mixed_10K_9jk,3050,10240,0/0
/spttest/mixed_10K_9jl,3051,10240,0/0
/spttest/mixed_10K_9jm,3052,10240,0/0
/spttest/mixed_10K_9jn,3053,10240,0/0
/spttest/mixed_10K_9jo,3054,10240,0/0
/spttest/mixed_10K_9jp,3055,10240,0/0
/spttest/mixed_10K_9jq,3056,10240,0/0
/spttest/mixed_10K_9jr,3057,10240,0/0
/spttest/mixed_10K_9js,3058,10240,0/0
/spttest/mixed_10K_9jt,3059,10240,0/0
/spttest/mixed_10K_9ju,305a,10240,0/0
/spttest/mixed_10K_9jv,305b,10240,0/0
/spttest/mixed_10K_9jw,305c,10240,0/0
/spttest/mixed_10K_9jx,305d,10240,0/0
/spttest/mixed_10K_9jy,305e,10240,0/0
/spttest/mixed_10K_9jz,305f,10240,0/0
/spttest/mixed_10K_9k0,3060,10240,0/0
/spttest/mixed_10K_9k1,3061,10240,0/0
/spttest/mixed_10K_9k2,3062,10240,0/0
/spttest/mixed_10K_9k3,3063,10240,0/0
/spttest/mixed_10K_9k4,3064,10240,0/0
/spttest/mixed_10K_9k5,3065,10240,0/0
/spttest/mixed_10K_9k6,3066,10240,0/0
/spttest/mixed_10K_9k7,3067,10240,0/0
/spttest/mixed_10K_9k8,3068,10240,0/0
/spttest/mixed_10K_9k9,3069,10240,0/0
/spttest/mixed_10K_9ka,306a,10240,0/0
/spttest/mixed_10K_9kb,306b,10240,0/0
/spttest/mixed_10K_9kc,306c,10240,0/0
/spttest/mixed_10K_9kd,306d,10240,0/0
/spttest/mixed_10K_9ke,306e,10240,0/0
/spttest/mixed_10K_9kf,306f,10240,0/0
/spttest/mixed_10K_9kg,3070,10240,0/0
/spttest/mixed_10K_9kh,3071,10240,0/0
/spttest/mixed_10K_9ki,3072,10240,0/0
/spttest/mixed_10K_9kj,3073,10240,0/0
/spttest/mixed_10K_9kk,3074,10240,0/0
/spttest/mixed_10K_9kl,3075,10240,0/0
/spttest/mixed_10K_9km,3076,10240,0/0
/spttest/mixed_10K_9kn,3077,10240,0/0
/spttest/mixed_10K_9ko,3078,10240,0/0
/spttest/mixed_10K_9kp,3079,10240,0/0
/spttest/mixed_10K_9kq,307a,10240,0/0
/spttest/mixed_10K_9kr,307b,10240,0/0
/spttest/mixed_10K_9ks,307c,10240,0/0
/spttest/mixed_10K_9kt,307d,10240,0/0
/spttest/mixed_10K_9ku,307e,10240,0/0
/spttest/mixed_10K_9kv,307f,10240,0/0
/spttest/mixed_10K_9kw,3080,10240,0/0
/spttest/mixed_10K_9kx,3081,10240,0/0
/spttest/mixed_10K_9ky,3082,10240,0/0
/spttest/mixed_10K_9kz,3083,10240,0/0
/spttest/mixed_10K_9l0,3084,10240,0/0
/spttest/mixed_10K_9l1,3085,10240,0/0
/spttest/mixed_10K_9l2,3086,10240,0/0
/spttest/mixed_10K_9l3,3087,10240,0/0
/spttest/mixed_10K_9l4,3088,10240,0/0
/spttest/mixed_10K_9l5,3089,10240,0/0
/spttest/mixed_10K_9l6,308a,10240,0/0
/spttest/mixed_10K_9l7,308b,10240,0/0
/spttest/mixed_10K_9l8,308c,10240,0/0
/spttest/mixed_10K_9l9,308d,10240,0/0
/spttest/mixed_10K_9la,308e,10240,0/0
/spttest/mixed_10K_9lb,308f,10240,0/0
/spttest/mixed_10K_9lc,3090,10240,0/0
/spttest/mixed_10K_9ld,3091,10240,0/0
/spttest/mixed_10K_9le,3092,10240,0/0
/spttest/mixed_10K_9lf,3093,10240,0/0
/spttest/mixed_10K_9lg,3094,10240,0/0
/spttest/mixed_10K_9lh,3095,10240,0/0
/spttest/mixed_10K_9li,3096,10240,0/0
/spttest/mixed_10K_9lj,3097,10240,0/0
/spttest/mixed_10K_9lk,3098,10240,0/0
/spttest/mixed_10K_9ll,3099,10240,0/0
/spttest/mixed_10K_9lm,309a,10240,0/0
/spttest/mixed_10K_9ln,309b,10240,0/0
/spttest/mixed_10K_9lo,309c,10240,0/0
/spttest/mixed_10K_9lp,309d,10240,0/0
/spttest/mixed_10K_9lq,309e,10240,0/0
/spttest/mixed_10K_9lr,309f,10240,0/0
/spttest/mixed_10K_9ls,30a0,10240,0/0
/spttest/mixed_10K_9lt,30a1,10240,0/0
/spttest/mixed_10K_9lu,30a2,10240,0/0
/spttest/mixed_10K_9lv,30a3,10240,0/0
/spttest/mixed_10K_9lw,30a4,10240,0/0
/spttest/mixed_10K_9lx,30a5,10240,0/0
/spttest/mixed_10K_9ly,30a6,10240,0/0
/spttest/mixed_10K_9lz,30a7,10240,0/0
/spttest/mixed_10K_9m0,30a8,10240,0/0
/spttest/mixed_10K_9m1,30a9,10240,0/0
/spttest/mixed_10K_9m2,30aa,10240,0/0
/spttest/mixed_10K_9m3,30ab,10240,0/0
/spttest/mixed_10K_9m4,30ac,10240,0/0
/spttest/mixed_10K_9m5,30ad,10240,0/0
/spttest/mixed_10K_9m6,30ae,10240,0/0
/spttest/mixed_10K_9m7,30af,10240,0/0
/spttest/mixed_10K_9m8,30b0,10240,0/0
/spttest/mixed_10K_9m9,30b1,10240,0/0
/spttest/mixed_10K_9ma,30b2,10240,0/0
/spttest/mixed_10K_9mb,30b3,10240,0/0
/spttest/mixed_10K_9mc,30b4,10240,0/0
/spttest/mixed_10K_9md,30b5,10240,0/0
/spttest/mixed_10K_9me,30b6,10240,0/0
/spttest/mixed_10K_9mf,30b7,10240,0/0
/spttest/mixed_10K_9mg,30b8,10240,0/0
/spttest/mixed_10K_9mh,30b9,10240,0/0
/spttest/mixed_10K_9mi,30ba,10240,0/0
/spttest/mixed_10K_9mj,30bb,10240,0/0
/spttest/mixed_10K_9mk,30bc,10240,0/0
/spttest/mixed_10K_9ml,30bd,10240,0/0
/spttest/mixed_10K_9mm,30be,10240,0/0
/spttest/mixed_10K_9mn,30bf,10240,0/0
/spttest/mixed_10K_9mo,30c0,10240,0/0
/spttest/mixed_10K_9mp,30c1,10240,0/0
/spttest/mixed_10K_9mq,30c2,10240,0/0
/spttest/mixed_10K_9mr,30c3,10240,0/0
/spttest/mixed_10K_9ms,30c4,10240,0/0
/spttest/mixed_10K_9mt,30c5,10240,0/0
/spttest/mixed_10K_9mu,30c6,10240,0/0
/spttest/mixed_10K_9mv,30c7,10240,0/0
/spttest/mixed_10K_9mw,30c8,10240,0/0
/spttest/mixed_10K_9mx,30c9,10240,0/0
/spttest/mixed_10K_9my,30ca,10240,0/0
/spttest/mixed_10K_9mz,30cb,10240,0/0
/spttest/mixed_10K_9n0,30cc,10240,0/0
/spttest/mixed_10K_9n1,30cd,10240,0/0
/spttest/mixed_10K_9n2,30ce,10240,0/0
/spttest/mixed_10K_9n3,30cf,10240,0/0
/spttest/mixed_10K_9n4,30d0,10240,0/0
/spttest/mixed_10K_9n5,30d1,10240,0/0
/spttest/mixed_10K_9n6,30d2,10240,0/0
/spttest/mixed_10K_9n7,30d3,10240,0/0
/spttest/mixed_10K_9n8,30d4,10240,0/0
/spttest/mixed_10K_9n9,30d5,10240,0/0
/spttest/mixed_10K_9na,30d6,10240,0/0
/spttest/mixed_10K_9nb,30d7,10240,0/0
/spttest/mixed_10K_9nc,30d8,10240,0/0
/spttest/mixed_10K_9nd,30d9,10240,0/0
/spttest/mixed_10K_9ne,30da,10240,0/0
/spttest/mixed_10K_9nf,30db,10240,0/0
/spttest/mixed_10K_9ng,30dc,10240,0/0
/spttest/mixed_10K_9nh,30dd,10240,0/0
/spttest/mixed_10K_9ni,30de,10240,0/0
/spttest/mixed_10K_9nj,30df,10240,0/0
/spttest/mixed_10K_9nk,30e0,10240,0/0
/spttest/mixed_10K_9nl,30e1,10240,0/0
/spttest/mixed_10K_9nm,30e2,10240,0/0
/spttest/mixed_10K_9nn,30e3,10240,0/0
/spttest/mixed_10K_9no,30e4,10240,0/0
/spttest/mixed_10K_9np,30e5,10240,0/0
/spttest/mixed_10K_9nq,30e6,10240,0/0
/spttest/mixed_10K_9nr,30e7,10240,0/0
/spttest/mixed_10K_9ns,30e8,10240,0/0
/spttest/mixed_10K_9nt,30e9,10240,0/0
/spttest/mixed_10K_9nu,30ea,10240,0/0
/spttest/mixed_10K_9nv,30eb,10240,0/0
/spttest/mixed_10K_9nw,30ec,10240,0/0
/spttest/mixed_10K_9nx,30ed,10240,0/0
/spttest/mixed_10K_9ny,30ee,10240,0/0
/spttest/mixed_10K_9nz,30ef,10240,0/0
/spttest/mixed_10K_9o0,30f0,10240,0/0
/spttest/mixed_10K_9o1,30f1,10240,0/0
/spttest/mixed_10K_9o2,30f2,10240,0/0
/spttest/mixed_10K_9o3,30f3,10240,0/0
/spttest/mixed_10K_9o4,30f4,10240,0/0
/spttest/mixed_10K_9o5,30f5,10240,0/0
/spttest/mixed_10K_9o6,30f6,10240,0/0
/spttest/mixed_10K_9o7,30f7,10240,0/0
/spttest/mixed_10K_9o8,30f8,10240,0/0
/spttest/mixed_10K_9o9,30f9,10240,0/0
/spttest/mixed_10K_9oa,30fa,10240,0/0
/spttest/mixed_10K_9ob,30fb,10240,0/0
/spttest/mixed_10K_9oc,30fc,10240,0/0
/spttest/mixed_10K_9od,30fd,10240,0/0
/spttest/mixed_10K_9oe,30fe,10240,0/0
/spttest/mixed_10K_9of,30ff,10240,0/0
/spttest/mixed_10K_9og,3100,10240,0/0
/spttest/mixed_10K_9oh,3101,10240,0/0
/spttest/mixed_10K_9oi,3102,10240,0/0
/spttest/mixed_10K_9oj,3103,10240,0/0
/spttest/mixed_10K_9ok,3104,10240,0/0
/spttest/mixed_10K_9ol,3105,10240,0/0
/spttest/mixed_10K_9om,3106,10240,0/0
/spttest/mixed_10K_9on,3107,10240,0/0
/spttest/mixed_10K_9oo,3108,10240,0/0
/spttest/mixed_10K_9op,3109,10240,0/0
/spttest/mixed_10K_9oq,310a,10240,0/0
/spttest/mixed_10K_9or,310b,10240,0/0
/spttest/mixed_10K_9os,310c,10240,0/0
/spttest/mixed_10K_9ot,310d,10240,0/0
/spttest/mixed_10K_9ou,310e,10240,0/0
/spttest/mixed_10K_9ov,310f,10240,0/0
/spttest/mixed_10K_9ow,3110,10240,0/0
/spttest/mixed_10K_9ox,3111,10240,0/0
/spttest/mixed_10K_9oy,3112,10240,0/0
/spttest/mixed_10K_9oz,3113,10240,0/0
/spttest/mixed_10K_9p0,3114,10240,0/0
/spttest/mixed_10K_9p1,3115,10240,0/0
/spttest/mixed_10K_9p2,3116,10240,0/0
/spttest/mixed_10K_9p3,3117,10240,0/0
/spttest/mixed_10K_9p4,3118,10240,0/0
/spttest/mixed_10K_9p5,3119,10240,0/0
/spttest/mixed_10K_9p6,311a,10240,0/0
/spttest/mixed_10K_9p7,311b,10240,0/0
/spttest/mixed_10K_9p8,311c,10240,0/0
/spttest/mixed_10K_9p9,311d,10240,0/0
/spttest/mixed_10K_9pa,311e,10240,0/0
/spttest/mixed_10K_9pb,311f,10240,0/0
/spttest/mixed_10K_9pc,3120,10240,0/0
/spttest/mixed_10K_9pd,3121,10240,0/0
/spttest/mixed_10K_9pe,3122,10240,0/0
/spttest/mixed_10K_9pf,3123,10240,0/0
/spttest/mixed_10K_9pg,3124,10240,0/0
/spttest/mixed_10K_9ph,3125,10240,0/0
/spttest/mixed_10K_9pi,3126,10240,0/0
/spttest/mixed_10K_9pj,3127,10240,0/0
/spttest/mixed_10K_9pk,3128,10240,0/0
/spttest/mixed_10K_9pl,3129,10240,0/0
/spttest/mixed_10K_9pm,312a,10240,0/0
/spttest/mixed_10K_9pn,312b,10240,0/0
/spttest/mixed_10K_9po,312c,10240,0/0
/spttest/mixed_10K_9pp,312d,10240,0/0
/spttest/mixed_10K_9pq,312e,10240,0/0
/spttest/mixed_10K_9pr,312f,10240,0/0
/spttest/mixed_10K_9ps,3130,10240,0/0
/spttest/mixed_10K_9pt,3131,10240,0/0
/spttest/mixed_10K_9pu,3132,10240,0/0
/spttest/mixed_10K_9pv,3133,10240,0/0
/spttest/mixed_10K_9pw,3134,10240,0/0
/spttest/mixed_10K_9px,3135,10240,0/0
/spttest/mixed_10K_9py,3136,10240,0/0
/spttest/mixed_10K_9pz,3137,10240,0/0
/spttest/mixed_10K_9q0,3138,10240,0/0
/spttest/mixed_10K_9q1,3139,10240,0/0
/spttest/mixed_10K_9q2,313a,10240,0/0
/spttest/mixed_10K_9q3,313b,10240,0/0
/spttest/mixed_10K_9q4,313c,10240,0/0
/spttest/mixed_10K_9q5,313d,10240,0/0
/spttest/mixed_10K_9q6,313e,10240,0/0
/spttest/mixed_10K_9q7,313f,10240,0/0
/spttest/mixed_10K_9q8,3140,10240,0/0
/spttest/mixed_10K_9q9,3141,10240,0/0
/spttest/mixed_10K_9qa,3142,10240,0/0
/spttest/mixed_10K_9qb,3143,10240,0/0
/spttest/mixed_10K_9qc,3144,10240,0/0
/spttest/mixed_10K_9qd,3145,10240,0/0
/spttest/mixed_10K_9qe,3146,10240,0/0
/spttest/mixed_10K_9qf,3147,10240,0/0
/spttest/mixed_10K_9qg,3148,10240,0/0
/spttest/mixed_10K_9qh,3149,10240,0/0
/spttest/mixed_10K_9qi,314a,10240,0/0
/spttest/mixed_10K_9qj,314b,10240,0/0
/spttest/mixed_10K_9qk,314c,10240,0/0
/spttest/mixed_10K_9ql,314d,10240,0/0
/spttest/mixed_10K_9qm,314e,10240,0/0
/spttest/mixed_10K_9qn,314f,10240,0/0
/spttest/mixed_10K_9qo,3150,10240,0/0
/spttest/mixed_10K_9qp,3151,10240,0/0
/spttest/mixed_10K_9qq,3152,10240,0/0
/spttest/mixed_10K_9qr,3153,10240,0/0
/spttest/mixed_10K_9qs,3154,10240,0/0
/spttest/mixed_10K_9qt,3155,10240,0/0
/spttest/mixed_10K_9qu,3156,10240,0/0
/spttest/mixed_10K_9qv,3157,10240,0/0
/spttest/mixed_10K_9qw,3158,10240,0/0
/spttest/mixed_10K_9qx,3159,10240,0/0
/spttest/mixed_10K_9qy,315a,10240,0/0
/spttest/mixed_10K_9qz,315b,10240,0/0
/spttest/mixed_10K_9r0,315c,10240,0/0
/spttest/mixed_10K_9r1,315d,10240,0/0
/spttest/mixed_10K_9r2,315e,10240,0/0
/spttest/mixed_10K_9r3,315f,10240,0/0
/spttest/mixed_10K_9r4,3160,10240,0/0
/spttest/mixed_10K_9r5,3161,10240,0/0
/spttest/mixed_10K_9r6,3162,10240,0/0
/spttest/mixed_10K_9r7,3163,10240,0/0
/spttest/mixed_10K_9r8,3164,10240,0/0
/spttest/mixed_10K_9r9,3165,10240,0/0
/spttest/mixed_10K_9ra,3166,10240,0/0
/spttest/mixed_10K_9rb,3167,10240,0/0
/spttest/mixed_10K_9rc,3168,10240,0/0
/spttest/mixed_10K_9rd,3169,10240,0/0
/spttest/mixed_10K_9re,316a,10240,0/0
/spttest/mixed_10K_9rf,316b,10240,0/0
/spttest/mixed_10K_9rg,316c,10240,0/0
/spttest/mixed_10K_9rh,316d,10240,0/0
/spttest/mixed_10K_9ri,316e,10240,0/0
/spttest/mixed_10K_9rj,316f,10240,0/0
/spttest/mixed_10K_9rk,3170,10240,0/0
/spttest/mixed_10K_9rl,3171,10240,0/0
/spttest/mixed_10K_9rm,3172,10240,0/0
/spttest/mixed_10K_9rn,3173,10240,0/0
/spttest/mixed_10K_9ro,3174,10240,0/0
/spttest/mixed_10K_9rp,3175,10240,0/0
/spttest/mixed_10K_9rq,3176,10240,0/0
/spttest/mixed_10K_9rr,3177,10240,0/0
/spttest/mixed_10K_9rs,3178,10240,0/0
/spttest/mixed_10K_9rt,3179,10240,0/0
/spttest/mixed_10K_9ru,317a,10240,0/0
/spttest/mixed_10K_9rv,317b,10240,0/0
/spttest/mixed_10K_9rw,317c,10240,0/0
/spttest/mixed_10K_9rx,317d,10240,0/0
/spttest/mixed_10K_9ry,317e,10240,0/0
/spttest/mixed_10K_9rz,317f,10240,0/0
/spttest/mixed_10K_9s0,3180,10240,0/0
/spttest/mixed_10K_9s1,3181,10240,0/0
/spttest/mixed_10K_9s2,3182,10240,0/0
/spttest/mixed_10K_9s3,3183,10240,0/0
/spttest/mixed_10K_9s4,3184,10240,0/0
/spttest/mixed_10K_9s5,3185,10240,0/0
/spttest/mixed_10K_9s6,3186,10240,0/0
/spttest/mixed_10K_9s7,3187,10240,0/0
/spttest/mixed_10K_9s8,3188,10240,0/0
/spttest/mixed_10K_9s9,3189,10240,0/0
/spttest/mixed_10K_9sa,318a,10240,0/0
/spttest/mixed_10K_9sb,318b,10240,0/0
/spttest/mixed_10K_9sc,318c,10240,0/0
/spttest/mixed_10K_9sd,318d,10240,0/0
/spttest/mixed_10K_9se,318e,10240,0/0
/spttest/mixed_10K_9sf,318f,10240,0/0
/spttest/mixed_10K_9sg,3190,10240,0/0
/spttest/mixed_10K_9sh,3191,10240,0/0
/spttest/mixed_10K_9si,3192,10240,0/0
/spttest/mixed_10K_9sj,3193,10240,0/0
/spttest/mixed_10K_9sk,3194,10240,0/0
/spttest/mixed_10K_9sl,3195,10240,0/0
/spttest/mixed_10K_9sm,3196,10240,0/0
/spttest/mixed_10K_9sn,3197,10240,0/0
/spttest/mixed_10K_9so,3198,10240,0/0
/spttest/mixed_10K_9sp,3199,10240,0/0
/spttest/mixed_10K_9sq,319a,10240,0/0
/spttest/mixed_10K_9sr,319b,10240,0/0
/spttest/mixed_10K_9ss,319c,10240,0/0
/spttest/mixed_10K_9st,319d,10240,0/0
/spttest/mixed_10K_9su,319e,10240,0/0
/spttest/mixed_10K_9sv,319f,10240,0/0
/spttest/mixed_10K_9sw,31a0,10240,0/0
/spttest/mixed_10K_9sx,31a1,10240,0/0
/spttest/mixed_10K_9sy,31a2,10240,0/0
/spttest/mixed_10K_9sz,31a3,10240,0/0
/spttest/mixed_10K_9t0,31a4,10240,0/0
/spttest/mixed_10K_9t1,31a5,10240,0/0
/spttest/mixed_10K_9t2,31a6,10240,0/0
/spttest/mixed_10K_9t3,31a7,10240,0/0
/spttest/mixed_10K_9t4,31a8,10240,0/0
/spttest/mixed_10K_9t5,31a9,10240,0/0
/spttest/mixed_10K_9t6,31aa,10240,0/0
/spttest/mixed_10K_9t7,31ab,10240,0/0
/spttest/mixed_10K_9t8,31ac,10240,0/0
/spttest/mixed_10K_9t9,31ad,10240,0/0
/spttest/mixed_10K_9ta,31ae,10240,0/0
/spttest/mixed_10K_9tb,31af,10240,0/0
/spttest/mixed_10K_9tc,31b0,10240,0/0
/spttest/mixed_10K_9td,31b1,10240,0/0
/spttest/mixed_10K_9te,31b2,10240,0/0
/spttest/mixed_10K_9tf,31b3,10240,0/0
/spttest/mixed_10K_9tg,31b4,10240,0/0
/spttest/mixed_10K_9th,31b5,10240,0/0
/spttest/mixed_10K_9ti,31b6,10240,0/0
/spttest/mixed_10K_9tj,31b7,10240,0/0
/spttest/mixed_10K_9tk,31b8,10240,0/0
/spttest/mixed_10K_9tl,31b9,10240,0/0
/spttest/mixed_10K_9tm,31ba,10240,0/0
/spttest/mixed_10K_9tn,31bb,10240,0/0
/spttest/mixed_10K_9to,31bc,10240,0/0
/spttest/mixed_10K_9tp,31bd,10240,0/0
/spttest/mixed_10K_9tq,31be,10240,0/0
/spttest/mixed_10K_9tr,31bf,10240,0/0
/spttest/mixed_10K_9ts,31c0,10240,0/0
/spttest/mixed_10K_9tt,31c1,10240,0/0
/spttest/mixed_10K_9tu,31c2,10240,0/0
/spttest/mixed_10K_9tv,31c3,10240,0/0
/spttest/mixed_10K_9tw,31c4,10240,0/0
/spttest/mixed_10K_9tx,31c5,10240,0/0
/spttest/mixed_10K_9ty,31c6,10240,0/0
/spttest/mixed_10K_9tz,31c7,10240,0/0
/spttest/mixed_10K_9u0,31c8,10240,0/0
/spttest/mixed_10K_9u1,31c9,10240,0/0
/spttest/mixed_10K_9u2,31ca,10240,0/0
/spttest/mixed_10K_9u3,31cb,10240,0/0
/spttest/mixed_10K_9u4,31cc,10240,0/0
/spttest/mixed_10K_9u5,31cd,10240,0/0
/spttest/mixed_10K_9u6,31ce,10240,0/0
/spttest/mixed_10K_9u7,31cf,10240,0/0
/spttest/mixed_10K_9u8,31d0,10240,0/0
/spttest/mixed_10K_9u9,31d1,10240,0/0
/spttest/mixed_10K_9ua,31d2,10240,0/0
/spttest/mixed_10K_9ub,31d3,10240,0/0
/spttest/mixed_10K_9uc,31d4,10240,0/0
/spttest/mixed_10K_9ud,31d5,10240,0/0
/spttest/mixed_10K_9ue,31d6,10240,0/0
/spttest/mixed_10K_9uf,31d7,10240,0/0
/spttest/mixed_10K_9ug,31d8,10240,0/0
/spttest/mixed_10K_9uh,31d9,10240,0/0
/spttest/mixed_10K_9ui,31da,10240,0/0
/spttest/mixed_10K_9uj,31db,10240,0/0
/spttest/mixed_10K_9uk,31dc,10240,0/0
/spttest/mixed_10K_9ul,31dd,10240,0/0
/spttest/mixed_10K_9um,31de,10240,0/0
/spttest/mixed_10K_9un,31df,10240,0/0
/spttest/mixed_10K_9uo,31e0,10240,0/0
/spttest/mixed_10K_9up,31e1,10240,0/0
/spttest/mixed_10K_9uq,31e2,10240,0/0
/spttest/mixed_10K_9ur,31e3,10240,0/0
/spttest/mixed_10K_9us,31e4,10240,0/0
/spttest/mixed_10K_9ut,31e5,10240,0/0
/spttest/mixed_10K_9uu,31e6,10240,0/0
/spttest/mixed_10K_9uv,31e7,10240,0/0
/spttest/mixed_10K_9uw,31e8,10240,0/0
/spttest/mixed_10K_9ux,31e9,10240,0/0
/spttest/mixed_10K_9uy,31ea,10240,0/0
/spttest/mixed_10K_9uz,31eb,10240,0/0
/spttest/mixed_10K_9v0,31ec,10240,0/0
/spttest/mixed_10K_9v1,31ed,10240,0/0
/spttest/mixed_10K_9v2,31ee,10240,0/0
/spttest/mixed_10K_9v3,31ef,10240,0/0
/spttest/mixed_10K_9v4,31f0,10240,0/0
/spttest/mixed_10K_9v5,31f1,10240,0/0
/spttest/mixed_10K_9v6,31f2,10240,0/0
/spttest/mixed_10K_9v7,31f3,10240,0/0
/spttest/mixed_10K_9v8,31f4,10240,0/0
/spttest/mixed_10K_9v9,31f5,10240,0/0
/spttest/mixed_10K_9va,31f6,10240,0/0
/spttest/mixed_10K_9vb,31f7,10240,0/0
/spttest/mixed_10K_9vc,31f8,10240,0/0
/spttest/mixed_10K_9vd,31f9,10240,0/0
/spttest/mixed_10K_9ve,31fa,10240,0/0
/spttest/mixed_10K_9vf,31fb,10240,0/0
/spttest/mixed_10K_9vg,31fc,10240,0/0
/spttest/mixed_10K_9vh,31fd,10240,0/0
/spttest/mixed_10K_9vi,31fe,10240,0/0
/spttest/mixed_10K_9vj,31ff,10240,0/0
/spttest/mixed_10K_9vk,3200,10240,0/0
/spttest/mixed_10K_9vl,3201,10240,0/0
/spttest/mixed_10K_9vm,3202,10240,0/0
/spttest/mixed_10K_9vn,3203,10240,0/0
/spttest/mixed_10K_9vo,3204,10240,0/0
/spttest/mixed_10K_9vp,3205,10240,0/0
/spttest/mixed_10K_9vq,3206,10240,0/0
/spttest/mixed_10K_9vr,3207,10240,0/0
/spttest/mixed_10K_9vs,3208,10240,0/0
/spttest/mixed_10K_9vt,3209,10240,0/0
/spttest/mixed_10K_9vu,320a,10240,0/0
/spttest/mixed_10K_9vv,320b,10240,0/0
/spttest/mixed_10K_9vw,320c,10240,0/0
/spttest/mixed_10K_9vx,320d,10240,0/0
/spttest/mixed_10K_9vy,320e,10240,0/0
/spttest/mixed_10K_9vz,320f,10240,0/0
/spttest/mixed_10K_9w0,3210,10240,0/0
/spttest/mixed_10K_9w1,3211,10240,0/0
/spttest/mixed_10K_9w2,3212,10240,0/0
/spttest/mixed_10K_9w3,3213,10240,0/0
/spttest/mixed_10K_9w4,3214,10240,0/0
/spttest/mixed_10K_9w5,3215,10240,0/0
/spttest/mixed_10K_9w6,3216,10240,0/0
/spttest/mixed_10K_9w7,3217,10240,0/0
/spttest/mixed_10K_9w8,3218,10240,0/0
/spttest/mixed_10K_9w9,3219,10240,0/0
/spttest/mixed_10K_9wa,321a,10240,0/0
/spttest/mixed_10K_9wb,321b,10240,0/0
/spttest/mixed_10K_9wc,321c,10240,0/0
/spttest/mixed_10K_9wd,321d,10240,0/0
/spttest/mixed_10K_9we,321e,10240,0/0
/spttest/mixed_10K_9wf,321f,10240,0/0
/spttest/mixed_10K_9wg,3220,10240,0/0
/spttest/mixed_10K_9wh,3221,10240,0/0
/spttest/mixed_10K_9wi,3222,10240,0/0
/spttest/mixed_10K_9wj,3223,10240,0/0
/spttest/mixed_10K_9wk,3224,10240,0/0
/spttest/mixed_10K_9wl,3225,10240,0/0
/spttest/mixed_10K_9wm,3226,10240,0/0
/spttest/mixed_10K_9wn,3227,10240,0/0
/spttest/mixed_10K_9wo,3228,10240,0/0
/spttest/mixed_10K_9wp,3229,10240,0/0
/spttest/mixed_10K_9wq,322a,10240,0/0
/spttest/mixed_10K_9wr,322b,10240,0/0
/spttest/mixed_10K_9ws,322c,10240,0/0
/spttest/mixed_10K_9wt,322d,10240,0/0
/spttest/mixed_10K_9wu,322e,10240,0/0
/spttest/mixed_10K_9wv,322f,10240,0/0
/spttest/mixed_10K_9ww,3230,10240,0/0
/spttest/mixed_10K_9wx,3231,10240,0/0
/spttest/mixed_10K_9wy,3232,10240,0/0
/spttest/mixed_10K_9wz,3233,10240,0/0
/spttest/mixed_10K_9x0,3234,10240,0/0
/spttest/mixed_10K_9x1,3235,10240,0/0
/spttest/mixed_10K_9x2,3236,10240,0/0
/spttest/mixed_10K_9x3,3237,10240,0/0
/spttest/mixed_10K_9x4,3238,10240,0/0
/spttest/mixed_10K_9x5,3239,10240,0/0
/spttest/mixed_10K_9x6,323a,10240,0/0
/spttest/mixed_10K_9x7,323b,10240,0/0
/spttest/mixed_10K_9x8,323c,10240,0/0
/spttest/mixed_10K_9x9,323d,10240,0/0
/spttest/mixed_10K_9xa,323e,10240,0/0
/spttest/mixed_10K_9xb,323f,10240,0/0
/spttest/mixed_10K_9xc,3240,10240,0/0
/spttest/mixed_10K_9xd,3241,10240,0/0
/spttest/mixed_10K_9xe,3242,10240,0/0
/spttest/mixed_10K_9xf,3243,10240,0/0
/spttest/mixed_10K_9xg,3244,10240,0/0
/spttest/mixed_10K_9xh,3245,10240,0/0
/spttest/mixed_10K_9xi,3246,10240,0/0
/spttest/mixed_10K_9xj,3247,10240,0/0
/spttest/mixed_10K_9xk,3248,10240,0/0
/spttest/mixed_10K_9xl,3249,10240,0/0
/spttest/mixed_10K_9xm,324a,10240,0/0
/spttest/mixed_10K_9xn,324b,10240,0/0
/spttest/mixed_10K_9xo,324c,10240,0/0
/spttest/mixed_10K_9xp,324d,10240,0/0
/spttest/mixed_10K_9xq,324e,10240,0/0
/spttest/mixed_10K_9xr,324f,10240,0/0
/spttest/mixed_10K_9xs,3250,10240,0/0
/spttest/mixed_10K_9xt,3251,10240,0/0
/spttest/mixed_10K_9xu,3252,10240,0/0
/spttest/mixed_10K_9xv,3253,10240,0/0
/spttest/mixed_10K_9xw,3254,10240,0/0
/spttest/mixed_10K_9xx,3255,10240,0/0
/spttest/mixed_10K_9xy,3256,10240,0/0
/spttest/mixed_10K_9xz,3257,10240,0/0
/spttest/mixed_10K_9y0,3258,10240,0/0
/spttest/mixed_10K_9y1,3259,10240,0/0
/spttest/mixed_10K_9y2,325a,10240,0/0
/spttest/mixed_10K_9y3,325b,10240,0/0
/spttest/mixed_10K_9y4,325c,10240,0/0
/spttest/mixed_10K_9y5,325d,10240,0/0
/spttest/mixed_10K_9y6,325e,10240,0/0
/spttest/mixed_10K_9y7,325f,10240,0/0
/spttest/mixed_10K_9y8,3260,10240,0/0
/spttest/mixed_10K_9y9,3261,10240,0/0
/spttest/mixed_10K_9ya,3262,10240,0/0
/spttest/mixed_10K_9yb,3263,10240,0/0
/spttest/mixed_10K_9yc,3264,10240,0/0
/spttest/mixed_10K_9yd,3265,10240,0/0
/spttest/mixed_10K_9ye,3266,10240,0/0
/spttest/mixed_10K_9yf,3267,10240,0/0
/spttest/mixed_10K_9yg,3268,10240,0/0
/spttest/mixed_10K_9yh,3269,10240,0/0
/spttest/mixed_10K_9yi,326a,10240,0/0
/spttest/mixed_10K_9yj,326b,10240,0/0
/spttest/mixed_10K_9yk,326c,10240,0/0
/spttest/mixed_10K_9yl,326d,10240,0/0
/spttest/mixed_10K_9ym,326e,10240,0/0
/spttest/mixed_10K_9yn,326f,10240,0/0
/spttest/mixed_10K_9yo,3270,10240,0/0
/spttest/mixed_10K_9yp,3271,10240,0/0
/spttest/mixed_10K_9yq,3272,10240,0/0
/spttest/mixed_10K_9yr,3273,10240,0/0
/spttest/mixed_10K_9ys,3274,10240,0/0
/spttest/mixed_10K_9yt,3275,10240,0/0
/spttest/mixed_10K_9yu,3276,10240,0/0
/spttest/mixed_10K_9yv,3277,10240,0/0
/spttest/mixed_10K_9yw,3278,10240,0/0
/spttest/mixed_10K_9yx,3279,10240,0/0
/spttest/mixed_10K_9yy,327a,10240,0/0
/spttest/mixed_10K_9yz,327b,10240,0/0
/spttest/mixed_10K_9z0,327c,10240,0/0
/spttest/mixed_10K_9z1,327d,10240,0/0
/spttest/mixed_10K_9z2,327e,10240,0/0
/spttest/mixed_10K_9z3,327f,10240,0/0
/spttest/mixed_10K_9z4,3280,10240,0/0
/spttest/mixed_10K_9z5,3281,10240,0/0
/spttest/mixed_10K_9z6,3282,10240,0/0
/spttest/mixed_10K_9z7,3283,10240,0/0
/spttest/mixed_10K_9z8,3284,10240,0/0
/spttest/mixed_10K_9z9,3285,10240,0/0
/spttest/mixed_10K_9za,3286,10240,0/0
/spttest/mixed_10K_9zb,3287,10240,0/0
/spttest/mixed_10K_9zc,3288,10240,0/0
/spttest/mixed_10K_9zd,3289,10240,0/0
/spttest/mixed_10K_9ze,328a,10240,0/0
/spttest/mixed_10K_9zf,328b,10240,0/0
/spttest/mixed_10K_9zg,328c,10240,0/0
/spttest/mixed_10K_9zh,328d,10240,0/0
/spttest/mixed_10K_9zi,328e,10240,0/0
/spttest/mixed_10K_9zj,328f,10240,0/0
/spttest/mixed_10K_9zk,3290,10240,0/0
/spttest/mixed_10K_9zl,3291,10240,0/0
/spttest/mixed_10K_9zm,3292,10240,0/0
/spttest/mixed_10K_9zn,3293,10240,0/0
/spttest/mixed_10K_9zo,3294,10240,0/0
/spttest/mixed_10K_9zp,3295,10240,0/0
/spttest/mixed_10K_9zq,3296,10240,0/0
/spttest/mixed_10K_9zr,3297,10240,0/0
/spttest/mixed_10K_9zs,3298,10240,0/0
/spttest/mixed_10K_9zt,3299,10240,0/0
/spttest/mixed_10K_9zu,329a,10240,0/0
/spttest/mixed_10K_9zv,329b,10240,0/0
/spttest/mixed_10K_9zw,329c,10240,0/0
/spttest/mixed_10K_9zx,329d,10240,0/0
/spttest/mixed_10K_9zy,329e,10240,0/0
/spttest/mixed_10K_9zz,329f,10240,0/0
/spttest/mixed_10K_a00,32a0,10240,0/0
/spttest/mixed_10K_a01,32a1,10240,0/0
/spttest/mixed_10K_a02,32a2,10240,0/0
/spttest/mixed_10K_a03,32a3,10240,0/0
/spttest/mixed_10K_a04,32a4,10240,0/0
/spttest/mixed_10K_a05,32a5,10240,0/0
/spttest/mixed_10K_a06,32a6,10240,0/0
/spttest/mixed_10K_a07,32a7,10240,0/0
/spttest/mixed_10K_a08,32a8,10240,0/0
/spttest/mixed_10K_a09,32a9,10240,0/0
/spttest/mixed_10K_a0a,32aa,10240,0/0
/spttest/mixed_10K_a0b,32ab,10240,0/0
/spttest/mixed_10K_a0c,32ac,10240,0/0
/spttest/mixed_10K_a0d,32ad,10240,0/0
/spttest/mixed_10K_a0e,32ae,10240,0/0
/spttest/mixed_10K_a0f,32af,10240,0/0
/spttest/mixed_10K_a0g,32b0,10240,0/0
/spttest/mixed_10K_a0h,32b1,10240,0/0
/spttest/mixed_10K_a0i,32b2,10240,0/0
/spttest/mixed_10K_a0j,32b3,10240,0/0
/spttest/mixed_10K_a0k,32b4,10240,0/0
/spttest/mixed_10K_a0l,32b5,10240,0/0
/spttest/mixed_10K_a0m,32b6,10240,0/0
/spttest/mixed_10K_a0n,32b7,10240,0/0
/spttest/mixed_10K_a0o,32b8,10240,0/0
/spttest/mixed_10K_a0p,32b9,10240,0/0
/spttest/mixed_10K_a0q,32ba,10240,0/0
/spttest/mixed_10K_a0r,32bb,10240,0/0
/spttest/mixed_10K_a0s,32bc,10240,0/0
/spttest/mixed_10K_a0t,32bd,10240,0/0
/spttest/mixed_10K_a0u,32be,10240,0/0
/spttest/mixed_10K_a0v,32bf,10240,0/0
/spttest/mixed_10K_a0w,32c0,10240,0/0
/spttest/mixed_10K_a0x,32c1,10240,0/0
/spttest/mixed_10K_a0y,32c2,10240,0/0
/spttest/mixed_10K_a0z,32c3,10240,0/0
/spttest/mixed_10K_a10,32c4,10240,0/0
/spttest/mixed_10K_a11,32c5,10240,0/0
/spttest/mixed_10K_a12,32c6,10240,0/0
/spttest/mixed_10K_a13,32c7,10240,0/0
/spttest/mixed_10K_a14,32c8,10240,0/0
/spttest/mixed_10K_a15,32c9,10240,0/0
/spttest/mixed_10K_a16,32ca,10240,0/0
/spttest/mixed_10K_a17,32cb,10240,0/0
/spttest/mixed_10K_a18,32cc,10240,0/0
/spttest/mixed_10K_a19,32cd,10240,0/0
/spttest/mixed_10K_a1a,32ce,10240,0/0
/spttest/mixed_10K_a1b,32cf,10240,0/0
/spttest/mixed_10K_a1c,32d0,10240,0/0
/spttest/mixed_10K_a1d,32d1,10240,0/0
/spttest/mixed_10K_a1e,32d2,10240,0/0
/spttest/mixed_10K_a1f,32d3,10240,0/0
/spttest/mixed_10K_a1g,32d4,10240,0/0
/spttest/mixed_10K_a1h,32d5,10240,0/0
/spttest/mixed_10K_a1i,32d6,10240,0/0
/spttest/mixed_10K_a1j,32d7,10240,0/0
/spttest/mixed_10K_a1k,32d8,10240,0/0
/spttest/mixed_10K_a1l,32d9,10240,0/0
/spttest/mixed_10K_a1m,32da,10240,0/0
/spttest/mixed_10K_a1n,32db,10240,0/0
/spttest/mixed_10K_a1o,32dc,10240,0/0
/spttest/mixed_10K_a1p,32dd,10240,0/0
/spttest/mixed_10K_a1q,32de,10240,0/0
/spttest/mixed_10K_a1r,32df,10240,0/0
/spttest/mixed_10K_a1s,32e0,10240,0/0
/spttest/mixed_10K_a1t,32e1,10240,0/0
/spttest/mixed_10K_a1u,32e2,10240,0/0
/spttest/mixed_10K_a1v,32e3,10240,0/0
/spttest/mixed_10K_a1w,32e4,10240,0/0
/spttest/mixed_10K_a1x,32e5,10240,0/0
/spttest/mixed_10K_a1y,32e6,10240,0/0
/spttest/mixed_10K_a1z,32e7,10240,0/0
/spttest/mixed_10K_a20,32e8,10240,0/0
/spttest/mixed_10K_a21,32e9,10240,0/0
/spttest/mixed_10K_a22,32ea,10240,0/0
/spttest/mixed_10K_a23,32eb,10240,0/0
/spttest/mixed_10K_a24,32ec,10240,0/0
/spttest/mixed_10K_a25,32ed,10240,0/0
/spttest/mixed_10K_a26,32ee,10240,0/0
/spttest/mixed_10K_a27,32ef,10240,0/0
/spttest/mixed_10K_a28,32f0,10240,0/0
/spttest/mixed_10K_a29,32f1,10240,0/0
/spttest/mixed_10K_a2a,32f2,10240,0/0
/spttest/mixed_10K_a2b,32f3,10240,0/0
/spttest/mixed_10K_a2c,32f4,10240,0/0
/spttest/mixed_10K_a2d,32f5,10240,0/0
/spttest/mixed_10K_a2e,32f6,10240,0/0
/spttest/mixed_10K_a2f,32f7,10240,0/0
/spttest/mixed_10K_a2g,32f8,10240,0/0
/spttest/mixed_10K_a2h,32f9,10240,0/0
/spttest/mixed_10K_a2i,32fa,10240,0/0
/spttest/mixed_10K_a2j,32fb,10240,0/0
/spttest/mixed_10K_a2k,32fc,10240,0/0
/spttest/mixed_10K_a2l,32fd,10240,0/0
/spttest/mixed_10K_a2m,32fe,10240,0/0
/spttest/mixed_10K_a2n,32ff,10240,0/0
/spttest/mixed_10K_a2o,3300,10240,0/0
/spttest/mixed_10K_a2p,3301,10240,0/0
/spttest/mixed_10K_a2q,3302,10240,0/0
/spttest/mixed_10K_a2r,3303,10240,0/0
/spttest/mixed_10K_a2s,3304,10240,0/0
/spttest/mixed_10K_a2t,3305,10240,0/0
/spttest/mixed_10K_a2u,3306,10240,0/0
/spttest/mixed_10K_a2v,3307,10240,0/0
/spttest/mixed_10K_a2w,3308,10240,0/0
/spttest/mixed_10K_a2x,3309,10240,0/0
/spttest/mixed_10K_a2y,330a,10240,0/0
/spttest/mixed_10K_a2z,330b,10240,0/0
/spttest/mixed_10K_a30,330c,10240,0/0
/spttest/mixed_10K_a31,330d,10240,0/0
/spttest/mixed_10K_a32,330e,10240,0/0
/spttest/mixed_10K_a33,330f,10240,0/0
/spttest/mixed_10K_a34,3310,10240,0/0
/spttest/mixed_10K_a35,3311,10240,0/0
/spttest/mixed_10K_a36,3312,10240,0/0
/spttest/mixed_10K_a37,3313,10240,0/0
/spttest/mixed_10K_a38,3314,10240,0/0
/spttest/mixed_10K_a39,3315,10240,0/0
/spttest/mixed_10K_a3a,3316,10240,0/0
/spttest/mixed_10K_a3b,3317,10240,0/0
/spttest/mixed_10K_a3c,3318,10240,0/0
/spttest/mixed_10K_a3d,3319,10240,0/0
/spttest/mixed_10K_a3e,331a,10240,0/0
/spttest/mixed_10K_a3f,331b,10240,0/0
/spttest/mixed_10K_a3g,331c,10240,0/0
/spttest/mixed_10K_a3h,331d,10240,0/0
/spttest/mixed_10K_a3i,331e,10240,0/0
/spttest/mixed_10K_a3j,331f,10240,0/0
/spttest/mixed_10K_a3k,3320,10240,0/0
/spttest/mixed_10K_a3l,3321,10240,0/0
/spttest/mixed_10K_a3m,3322,10240,0/0
/spttest/mixed_10K_a3n,3323,10240,0/0
/spttest/mixed_10K_a3o,3324,10240,0/0
/spttest/mixed_10K_a3p,3325,10240,0/0
/spttest/mixed_10K_a3q,3326,10240,0/0
/spttest/mixed_10K_a3r,3327,10240,0/0
/spttest/mixed_10K_a3s,3328,10240,0/0
/spttest/mixed_10K_a3t,3329,10240,0/0
/spttest/mixed_10K_a3u,332a,10240,0/0
/spttest/mixed_10K_a3v,332b,10240,0/0
/spttest/mixed_10K_a3w,332c,10240,0/0
/spttest/mixed_10K_a3x,332d,10240,0/0
/spttest/mixed_10K_a3y,332e,10240,0/0
/spttest/mixed_10K_a3z,332f,10240,0/0
/spttest/mixed_10K_a40,3330,10240,0/0
/spttest/mixed_10K_a41,3331,10240,0/0
/spttest/mixed_10K_a42,3332,10240,0/0
/spttest/mixed_10K_a43,3333,10240,0/0
/spttest/mixed_10K_a44,3334,10240,0/0
/spttest/mixed_10K_a45,3335,10240,0/0
/spttest/mixed_10K_a46,3336,10240,0/0
/spttest/mixed_10K_a47,3337,10240,0/0
/spttest/mixed_10K_a48,3338,10240,0/0
/spttest/mixed_10K_a49,3339,10240,0/0
/spttest/mixed_10K_a4a,333a,10240,0/0
/spttest/mixed_10K_a4b,333b,10240,0/0
/spttest/mixed_10K_a4c,333c,10240,0/0
/spttest/mixed_10K_a4d,333d,10240,0/0
/spttest/mixed_10K_a4e,333e,10240,0/0
/spttest/mixed_10K_a4f,333f,10240,0/0
/spttest/mixed_10K_a4g,3340,10240,0/0
/spttest/mixed_10K_a4h,3341,10240,0/0
/spttest/mixed_10K_a4i,3342,10240,0/0
/spttest/mixed_10K_a4j,3343,10240,0/0
/spttest/mixed_10K_a4k,3344,10240,0/0
/spttest/mixed_10K_a4l,3345,10240,0/0
/spttest/mixed_10K_a4m,3346,10240,0/0
/spttest/mixed_10K_a4n,3347,10240,0/0
/spttest/mixed_10K_a4o,3348,10240,0/0
/spttest/mixed_10K_a4p,3349,10240,0/0
/spttest/mixed_10K_a4q,334a,10240,0/0
/spttest/mixed_10K_a4r,334b,10240,0/0
/spttest/mixed_10K_a4s,334c,10240,0/0
/spttest/mixed_10K_a4t,334d,10240,0/0
/spttest/mixed_10K_a4u,334e,10240,0/0
/spttest/mixed_10K_a4v,334f,10240,0/0
/spttest/mixed_10K_a4w,3350,10240,0/0
/spttest/mixed_10K_a4x,3351,10240,0/0
/spttest/mixed_10K_a4y,3352,10240,0/0
/spttest/mixed_10K_a4z,3353,10240,0/0
/spttest/mixed_10K_a50,3354,10240,0/0
/spttest/mixed_10K_a51,3355,10240,0/0
/spttest/mixed_10K_a52,3356,10240,0/0
/spttest/mixed_10K_a53,3357,10240,0/0
/spttest/mixed_10K_a54,3358,10240,0/0
/spttest/mixed_10K_a55,3359,10240,0/0
/spttest/mixed_10K_a56,335a,10240,0/0
/spttest/mixed_10K_a57,335b,10240,0/0
/spttest/mixed_10K_a58,335c,10240,0/0
/spttest/mixed_10K_a59,335d,10240,0/0
/spttest/mixed_10K_a5a,335e,10240,0/0
/spttest/mixed_10K_a5b,335f,10240,0/0
/spttest/mixed_10K_a5c,3360,10240,0/0
/spttest/mixed_10K_a5d,3361,10240,0/0
/spttest/mixed_10K_a5e,3362,10240,0/0
/spttest/mixed_10K_a5f,3363,10240,0/0
/spttest/mixed_10K_a5g,3364,10240,0/0
/spttest/mixed_10K_a5h,3365,10240,0/0
/spttest/mixed_10K_a5i,3366,10240,0/0
/spttest/mixed_10K_a5j,3367,10240,0/0
/spttest/mixed_10K_a5k,3368,10240,0/0
/spttest/mixed_10K_a5l,3369,10240,0/0
/spttest/mixed_10K_a5m,336a,10240,0/0
/spttest/mixed_10K_a5n,336b,10240,0/0
/spttest/mixed_10K_a5o,336c,10240,0/0
/spttest/mixed_10K_a5p,336d,10240,0/0
/spttest/mixed_10K_a5q,336e,10240,0/0
/spttest/mixed_10K_a5r,336f,10240,0/0
/spttest/mixed_10K_a5s,3370,10240,0/0
/spttest/mixed_10K_a5t,3371,10240,0/0
/spttest/mixed_10K_a5u,3372,10240,0/0
/spttest/mixed_10K_a5v,3373,10240,0/0
/spttest/mixed_10K_a5w,3374,10240,0/0
/spttest/mixed_10K_a5x,3375,10240,0/0
/spttest/mixed_10K_a5y,3376,10240,0/0
/spttest/mixed_10K_a5z,3377,10240,0/0
/spttest/mixed_10K_a60,3378,10240,0/0
/spttest/mixed_10K_a61,3379,10240,0/0
/spttest/mixed_10K_a62,337a,10240,0/0
/spttest/mixed_10K_a63,337b,10240,0/0
/spttest/mixed_10K_a64,337c,10240,0/0
/spttest/mixed_10K_a65,337d,10240,0/0
/spttest/mixed_10K_a66,337e,10240,0/0
/spttest/mixed_10K_a67,337f,10240,0/0
/spttest/mixed_10K_a68,3380,10240,0/0
/spttest/mixed_10K_a69,3381,10240,0/0
/spttest/mixed_10K_a6a,3382,10240,0/0
/spttest/mixed_10K_a6b,3383,10240,0/0
/spttest/mixed_10K_a6c,3384,10240,0/0
/spttest/mixed_10K_a6d,3385,10240,0/0
/spttest/mixed_10K_a6e,3386,10240,0/0
/spttest/mixed_10K_a6f,3387,10240,0/0
/spttest/mixed_10K_a6g,3388,10240,0/0
/spttest/mixed_10K_a6h,3389,10240,0/0
/spttest/mixed_10K_a6i,338a,10240,0/0
/spttest/mixed_10K_a6j,338b,10240,0/0
/spttest/mixed_10K_a6k,338c,10240,0/0
/spttest/mixed_10K_a6l,338d,10240,0/0
/spttest/mixed_10K_a6m,338e,10240,0/0
/spttest/mixed_10K_a6n,338f,10240,0/0
/spttest/mixed_10K_a6o,3390,10240,0/0
/spttest/mixed_10K_a6p,3391,10240,0/0
/spttest/mixed_10K_a6q,3392,10240,0/0
/spttest/mixed_10K_a6r,3393,10240,0/0
/spttest/mixed_10K_a6s,3394,10240,0/0
/spttest/mixed_10K_a6t,3395,10240,0/0
/spttest/mixed_10K_a6u,3396,10240,0/0
/spttest/mixed_10K_a6v,3397,10240,0/0
/spttest/mixed_10K_a6w,3398,10240,0/0
/spttest/mixed_10K_a6x,3399,10240,0/0
/spttest/mixed_10K_a6y,339a,10240,0/0
/spttest/mixed_10K_a6z,339b,10240,0/0
/spttest/mixed_10K_a70,339c,10240,0/0
/spttest/mixed_10K_a71,339d,10240,0/0
/spttest/mixed_10K_a72,339e,10240,0/0
/spttest/mixed_10K_a73,339f,10240,0/0
/spttest/mixed_10K_a74,33a0,10240,0/0
/spttest/mixed_10K_a75,33a1,10240,0/0
/spttest/mixed_10K_a76,33a2,10240,0/0
/spttest/mixed_10K_a77,33a3,10240,0/0
/spttest/mixed_10K_a78,33a4,10240,0/0
/spttest/mixed_10K_a79,33a5,10240,0/0
/spttest/mixed_10K_a7a,33a6,10240,0/0
/spttest/mixed_10K_a7b,33a7,10240,0/0
/spttest/mixed_10K_a7c,33a8,10240,0/0
/spttest/mixed_10K_a7d,33a9,10240,0/0
/spttest/mixed_10K_a7e,33aa,10240,0/0
/spttest/mixed_10K_a7f,33ab,10240,0/0
/spttest/mixed_10K_a7g,33ac,10240,0/0
/spttest/mixed_10K_a7h,33ad,10240,0/0
/spttest/mixed_10K_a7i,33ae,10240,0/0
/spttest/mixed_10K_a7j,33af,10240,0/0
/spttest/mixed_10K_a7k,33b0,10240,0/0
/spttest/mixed_10K_a7l,33b1,10240,0/0
/spttest/mixed_10K_a7m,33b2,10240,0/0
/spttest/mixed_10K_a7n,33b3,10240,0/0
/spttest/mixed_10K_a7o,33b4,10240,0/0
/spttest/mixed_10K_a7p,33b5,10240,0/0
/spttest/mixed_10K_a7q,33b6,10240,0/0
/spttest/mixed_10K_a7r,33b7,10240,0/0
/spttest/mixed_10K_a7s,33b8,10240,0/0
/spttest/mixed_10K_a7t,33b9,10240,0/0
/spttest/mixed_10K_a7u,33ba,10240,0/0
/spttest/mixed_10K_a7v,33bb,10240,0/0
/spttest/mixed_10K_a7w,33bc,10240,0/0
/spttest/mixed_10K_a7x,33bd,10240,0/0
/spttest/mixed_10K_a7y,33be,10240,0/0
/spttest/mixed_10K_a7z,33bf,10240,0/0
/spttest/mixed_10K_a80,33c0,10240,0/0
/spttest/mixed_10K_a81,33c1,10240,0/0
/spttest/mixed_10K_a82,33c2,10240,0/0
/spttest/mixed_10K_a83,33c3,10240,0/0
/spttest/mixed_10K_a84,33c4,10240,0/0
/spttest/mixed_10K_a85,33c5,10240,0/0
/spttest/mixed_10K_a86,33c6,10240,0/0
/spttest/mixed_10K_a87,33c7,10240,0/0
/spttest/mixed_10K_a88,33c8,10240,0/0
/spttest/mixed_10K_a89,33c9,10240,0/0
/spttest/mixed_10K_a8a,33ca,10240,0/0
/spttest/mixed_10K_a8b,33cb,10240,0/0
/spttest/mixed_10K_a8c,33cc,10240,0/0
/spttest/mixed_10K_a8d,33cd,10240,0/0
/spttest/mixed_10K_a8e,33ce,10240,0/0
/spttest/mixed_10K_a8f,33cf,10240,0/0
/spttest/mixed_10K_a8g,33d0,10240,0/0
/spttest/mixed_10K_a8h,33d1,10240,0/0
/spttest/mixed_10K_a8i,33d2,10240,0/0
/spttest/mixed_10K_a8j,33d3,10240,0/0
/spttest/mixed_10K_a8k,33d4,10240,0/0
/spttest/mixed_10K_a8l,33d5,10240,0/0
/spttest/mixed_10K_a8m,33d6,10240,0/0
/spttest/mixed_10K_a8n,33d7,10240,0/0
/spttest/mixed_10K_a8o,33d8,10240,0/0
/spttest/mixed_10K_a8p,33d9,10240,0/0
/spttest/mixed_10K_a8q,33da,10240,0/0
/spttest/mixed_10K_a8r,33db,10240,0/0
/spttest/mixed_10K_a8s,33dc,10240,0/0
/spttest/mixed_10K_a8t,33dd,10240,0/0
/spttest/mixed_10K_a8u,33de,10240,0/0
/spttest/mixed_10K_a8v,33df,10240,0/0
/spttest/mixed_10K_a8w,33e0,10240,0/0
/spttest/mixed_10K_a8x,33e1,10240,0/0
/spttest/mixed_10K_a8y,33e2,10240,0/0
/spttest/mixed_10K_a8z,33e3,10240,0/0
/spttest/mixed_10K_a90,33e4,10240,0/0
/spttest/mixed_10K_a91,33e5,10240,0/0
/spttest/mixed_10K_a92,33e6,10240,0/0
/spttest/mixed_10K_a93,33e7,10240,0/0
/spttest/mixed_10K_a94,33e8,10240,0/0
/spttest/mixed_10K_a95,33e9,10240,0/0
/spttest/mixed_10K_a96,33ea,10240,0/0
/spttest/mixed_10K_a97,33eb,10240,0/0
/spttest/mixed_10K_a98,33ec,10240,0/0
/spttest/mixed_10K_a99,33ed,10240,0/0
/spttest/mixed_10K_a9a,33ee,10240,0/0
/spttest/mixed_10K_a9b,33ef,10240,0/0
/spttest/mixed_10K_a9c,33f0,10240,0/0
/spttest/mixed_10K_a9d,33f1,10240,0/0
/spttest/mixed_10K_a9e,33f2,10240,0/0
/spttest/mixed_10K_a9f,33f3,10240,0/0
/spttest/mixed_10K_a9g,33f4,10240,0/0
/spttest/mixed_10K_a9h,33f5,10240,0/0
/spttest/mixed_10K_a9i,33f6,10240,0/0
/spttest/mixed_10K_a9j,33f7,10240,0/0
/spttest/mixed_10K_a9k,33f8,10240,0/0
/spttest/mixed_10K_a9l,33f9,10240,0/0
/spttest/mixed_10K_a9m,33fa,10240,0/0
/spttest/mixed_10K_a9n,33fb,10240,0/0
/spttest/mixed_10K_a9o,33fc,10240,0/0
/spttest/mixed_10K_a9p,33fd,10240,0/0
/spttest/mixed_10K_a9q,33fe,10240,0/0
/spttest/mixed_10K_a9r,33ff,10240,0/0
/spttest/mixed_10K_a9s,3400,10240,0/0
/spttest/mixed_10K_a9t,3401,10240,0/0
/spttest/mixed_10K_a9u,3402,10240,0/0
/spttest/mixed_10K_a9v,3403,10240,0/0
/spttest/mixed_10K_a9w,3404,10240,0/0
/spttest/mixed_10K_a9x,3405,10240,0/0
/spttest/mixed_10K_a9y,3406,10240,0/0
/spttest/mixed_10K_a9z,3407,10240,0/0
/spttest/mixed_10K_aa0,3408,10240,0/0
/spttest/mixed_10K_aa1,3409,10240,0/0
/spttest/mixed_10K_aa2,340a,10240,0/0
/spttest/mixed_10K_aa3,340b,10240,0/0
/spttest/mixed_10K_aa4,340c,10240,0/0
/spttest/mixed_10K_aa5,340d,10240,0/0
/spttest/mixed_10K_aa6,340e,10240,0/0
/spttest/mixed_10K_aa7,340f,10240,0/0
/spttest/mixed_10K_aa8,3410,10240,0/0
/spttest/mixed_10K_aa9,3411,10240,0/0
/spttest/mixed_10K_aaa,3412,10240,0/0
/spttest/mixed_10K_aab,3413,10240,0/0
/spttest/mixed_10K_aac,3414,10240,0/0
/spttest/mixed_10K_aad,3415,10240,0/0
/spttest/mixed_10K_aae,3416,10240,0/0
/spttest/mixed_10K_aaf,3417,10240,0/0
/spttest/mixed_10K_aag,3418,10240,0/0
/spttest/mixed_10K_aah,3419,10240,0/0
/spttest/mixed_10K_aai,341a,10240,0/0
/spttest/mixed_10K_aaj,341b,10240,0/0
/spttest/mixed_10K_aak,341c,10240,0/0
/spttest/mixed_10K_aal,341d,10240,0/0
/spttest/mixed_10K_aam,341e,10240,0/0
/spttest/mixed_10K_aan,341f,10240,0/0
/spttest/mixed_10K_aao,3420,10240,0/0
/spttest/mixed_10K_aap,3421,10240,0/0
/spttest/mixed_10K_aaq,3422,10240,0/0
/spttest/mixed_10K_aar,3423,10240,0/0
/spttest/mixed_10K_aas,3424,10240,0/0
/spttest/mixed_10K_aat,3425,10240,0/0
/spttest/mixed_10K_aau,3426,10240,0/0
/spttest/mixed_10K_aav,3427,10240,0/0
/spttest/mixed_10K_aaw,3428,10240,0/0
/spttest/mixed_10K_aax,3429,10240,0/0
/spttest/mixed_10K_aay,342a,10240,0/0
/spttest/mixed_10K_aaz,342b,10240,0/0
/spttest/mixed_10K_ab0,342c,10240,0/0
/spttest/mixed_10K_ab1,342d,10240,0/0
/spttest/mixed_10K_ab2,342e,10240,0/0
/spttest/mixed_10K_ab3,342f,10240,0/0
/spttest/mixed_10K_ab4,3430,10240,0/0
/spttest/mixed_10K_ab5,3431,10240,0/0
/spttest/mixed_10K_ab6,3432,10240,0/0
/spttest/mixed_10K_ab7,3433,10240,0/0
/spttest/mixed_10K_ab8,3434,10240,0/0
/spttest/mixed_10K_ab9,3435,10240,0/0
/spttest/mixed_10K_aba,3436,10240,0/0
/spttest/mixed_10K_abb,3437,10240,0/0
/spttest/mixed_10K_abc,3438,10240,0/0
/spttest/mixed_10K_abd,3439,10240,0/0
/spttest/mixed_10K_abe,343a,10240,0/0
/spttest/mixed_10K_abf,343b,10240,0/0
/spttest/mixed_10K_abg,343c,10240,0/0
/spttest/mixed_10K_abh,343d,10240,0/0
/spttest/mixed_10K_abi,343e,10240,0/0
/spttest/mixed_10K_abj,343f,10240,0/0
/spttest/mixed_10K_abk,3440,10240,0/0
/spttest/mixed_10K_abl,3441,10240,0/0
/spttest/mixed_10K_abm,3442,10240,0/0
/spttest/mixed_10K_abn,3443,10240,0/0
/spttest/mixed_10K_abo,3444,10240,0/0
/spttest/mixed_10K_abp,3445,10240,0/0
/spttest/mixed_10K_abq,3446,10240,0/0
/spttest/mixed_10K_abr,3447,10240,0/0
/spttest/mixed_10K_abs,3448,10240,0/0
/spttest/mixed_10K_abt,3449,10240,0/0
/spttest/mixed_10K_abu,344a,10240,0/0
/spttest/mixed_10K_abv,344b,10240,0/0
/spttest/mixed_10K_abw,344c,10240,0/0
/spttest/mixed_10K_abx,344d,10240,0/0
/spttest/mixed_10K_aby,344e,10240,0/0
/spttest/mixed_10K_abz,344f,10240,0/0
/spttest/mixed_10K_ac0,3450,10240,0/0
/spttest/mixed_10K_ac1,3451,10240,0/0
/spttest/mixed_10K_ac2,3452,10240,0/0
/spttest/mixed_10K_ac3,3453,10240,0/0
/spttest/mixed_10K_ac4,3454,10240,0/0
/spttest/mixed_10K_ac5,3455,10240,0/0
/spttest/mixed_10K_ac6,3456,10240,0/0
/spttest/mixed_10K_ac7,3457,10240,0/0
/spttest/mixed_10K_ac8,3458,10240,0/0
/spttest/mixed_10K_ac9,3459,10240,0/0
/spttest/mixed_10K_aca,345a,10240,0/0
/spttest/mixed_10K_acb,345b,10240,0/0
/spttest/mixed_10K_acc,345c,10240,0/0
/spttest/mixed_10K_acd,345d,10240,0/0
/spttest/mixed_10K_ace,345e,10240,0/0
/spttest/mixed_10K_acf,345f,10240,0/0
/spttest/mixed_10K_acg,3460,10240,0/0
/spttest/mixed_10K_ach,3461,10240,0/0
/spttest/mixed_10K_aci,3462,10240,0/0
/spttest/mixed_10K_acj,3463,10240,0/0
/spttest/mixed_10K_ack,3464,10240,0/0
/spttest/mixed_10K_acl,3465,10240,0/0
/spttest/mixed_10K_acm,3466,10240,0/0
/spttest/mixed_10K_acn,3467,10240,0/0
/spttest/mixed_10K_aco,3468,10240,0/0
/spttest/mixed_10K_acp,3469,10240,0/0
/spttest/mixed_10K_acq,346a,10240,0/0
/spttest/mixed_10K_acr,346b,10240,0/0
/spttest/mixed_10K_acs,346c,10240,0/0
/spttest/mixed_10K_act,346d,10240,0/0
/spttest/mixed_10K_acu,346e,10240,0/0
/spttest/mixed_10K_acv,346f,10240,0/0
/spttest/mixed_10K_acw,3470,10240,0/0
/spttest/mixed_10K_acx,3471,10240,0/0
/spttest/mixed_10K_acy,3472,10240,0/0
/spttest/mixed_10K_acz,3473,10240,0/0
/spttest/mixed_10K_ad0,3474,10240,0/0
/spttest/mixed_10K_ad1,3475,10240,0/0
/spttest/mixed_10K_ad2,3476,10240,0/0
/spttest/mixed_10K_ad3,3477,10240,0/0
/spttest/mixed_10K_ad4,3478,10240,0/0
/spttest/mixed_10K_ad5,3479,10240,0/0
/spttest/mixed_10K_ad6,347a,10240,0/0
/spttest/mixed_10K_ad7,347b,10240,0/0
/spttest/mixed_10K_ad8,347c,10240,0/0
/spttest/mixed_10K_ad9,347d,10240,0/0
/spttest/mixed_10K_ada,347e,10240,0/0
/spttest/mixed_10K_adb,347f,10240,0/0
/spttest/mixed_10K_adc,3480,10240,0/0
/spttest/mixed_10K_add,3481,10240,0/0
/spttest/mixed_10K_ade,3482,10240,0/0
/spttest/mixed_10K_adf,3483,10240,0/0
/spttest/mixed_10K_adg,3484,10240,0/0
/spttest/mixed_10K_adh,3485,10240,0/0
/spttest/mixed_10K_adi,3486,10240,0/0
/spttest/mixed_10K_adj,3487,10240,0/0
/spttest/mixed_10K_adk,3488,10240,0/0
/spttest/mixed_10K_adl,3489,10240,0/0
/spttest/mixed_10K_adm,348a,10240,0/0
/spttest/mixed_10K_adn,348b,10240,0/0
/spttest/mixed_10K_ado,348c,10240,0/0
/spttest/mixed_10K_adp,348d,10240,0/0
/spttest/mixed_10K_adq,348e,10240,0/0
/spttest/mixed_10K_adr,348f,10240,0/0
/spttest/mixed_10K_ads,3490,10240,0/0
/spttest/mixed_10K_adt,3491,10240,0/0
/spttest/mixed_10K_adu,3492,10240,0/0
/spttest/mixed_10K_adv,3493,10240,0/0
/spttest/mixed_10K_adw,3494,10240,0/0
/spttest/mixed_10K_adx,3495,10240,0/0
/spttest/mixed_10K_ady,3496,10240,0/0
/spttest/mixed_10K_adz,3497,10240,0/0
/spttest/mixed_10K_ae0,3498,10240,0/0
/spttest/mixed_10K_ae1,3499,10240,0/0
/spttest/mixed_10K_ae2,349a,10240,0/0
/spttest/mixed_10K_ae3,349b,10240,0/0
/spttest/mixed_10K_ae4,349c,10240,0/0
/spttest/mixed_10K_ae5,349d,10240,0/0
/spttest/mixed_10K_ae6,349e,10240,0/0
/spttest/mixed_10K_ae7,349f,10240,0/0
/spttest/mixed_10K_ae8,34a0,10240,0/0
/spttest/mixed_10K_ae9,34a1,10240,0/0
/spttest/mixed_10K_aea,34a2,10240,0/0
/spttest/mixed_10K_aeb,34a3,10240,0/0
/spttest/mixed_10K_aec,34a4,10240,0/0
/spttest/mixed_10K_aed,34a5,10240,0/0
/spttest/mixed_10K_aee,34a6,10240,0/0
/spttest/mixed_10K_aef,34a7,10240,0/0
/spttest/mixed_10K_aeg,34a8,10240,0/0
/spttest/mixed_10K_aeh,34a9,10240,0/0
/spttest/mixed_10K_aei,34aa,10240,0/0
/spttest/mixed_10K_aej,34ab,10240,0/0
/spttest/mixed_10K_aek,34ac,10240,0/0
/spttest/mixed_10K_ael,34ad,10240,0/0
/spttest/mixed_10K_aem,34ae,10240,0/0
/spttest/mixed_10K_aen,34af,10240,0/0
/spttest/mixed_10K_aeo,34b0,10240,0/0
/spttest/mixed_10K_aep,34b1,10240,0/0
/spttest/mixed_10K_aeq,34b2,10240,0/0
/spttest/mixed_10K_aer,34b3,10240,0/0
/spttest/mixed_10K_aes,34b4,10240,0/0
/spttest/mixed_10K_aet,34b5,10240,0/0
/spttest/mixed_10K_aeu,34b6,10240,0/0
/spttest/mixed_10K_aev,34b7,10240,0/0
/spttest/mixed_10K_aew,34b8,10240,0/0
/spttest/mixed_10K_aex,34b9,10240,0/0
/spttest/mixed_10K_aey,34ba,10240,0/0
/spttest/mixed_10K_aez,34bb,10240,0/0
/spttest/mixed_10K_af0,34bc,10240,0/0
/spttest/mixed_10K_af1,34bd,10240,0/0
/spttest/mixed_10K_af2,34be,10240,0/0
/spttest/mixed_10K_af3,34bf,10240,0/0
/spttest/mixed_10K_af4,34c0,10240,0/0
/spttest/mixed_10K_af5,34c1,10240,0/0
/spttest/mixed_10K_af6,34c2,10240,0/0
/spttest/mixed_10K_af7,34c3,10240,0/0
/spttest/mixed_10K_af8,34c4,10240,0/0
/spttest/mixed_10K_af9,34c5,10240,0/0
/spttest/mixed_10K_afa,34c6,10240,0/0
/spttest/mixed_10K_afb,34c7,10240,0/0
/spttest/mixed_10K_afc,34c8,10240,0/0
/spttest/mixed_10K_afd,34c9,10240,0/0
/spttest/mixed_10K_afe,34ca,10240,0/0
/spttest/mixed_10K_aff,34cb,10240,0/0
/spttest/mixed_10K_afg,34cc,10240,0/0
/spttest/mixed_10K_afh,34cd,10240,0/0
/spttest/mixed_10K_afi,34ce,10240,0/0
/spttest/mixed_10K_afj,34cf,10240,0/0
/spttest/mixed_10K_afk,34d0,10240,0/0
/spttest/mixed_10K_afl,34d1,10240,0/0
/spttest/mixed_10K_afm,34d2,10240,0/0
/spttest/mixed_10K_afn,34d3,10240,0/0
/spttest/mixed_10K_afo,34d4,10240,0/0
/spttest/mixed_10K_afp,34d5,10240,0/0
/spttest/mixed_10K_afq,34d6,10240,0/0
/spttest/mixed_10K_afr,34d7,10240,0/0
/spttest/mixed_10K_afs,34d8,10240,0/0
/spttest/mixed_10K_aft,34d9,10240,0/0
/spttest/mixed_10K_afu,34da,10240,0/0
/spttest/mixed_10K_afv,34db,10240,0/0
/spttest/mixed_10K_afw,34dc,10240,0/0
/spttest/mixed_10K_afx,34dd,10240,0/0
/spttest/mixed_10K_afy,34de,10240,0/0
/spttest/mixed_10K_afz,34df,10240,0/0
/spttest/mixed_10K_ag0,34e0,10240,0/0
/spttest/mixed_10K_ag1,34e1,10240,0/0
/spttest/mixed_10K_ag2,34e2,10240,0/0
/spttest/mixed_10K_ag3,34e3,10240,0/0
/spttest/mixed_10K_ag4,34e4,10240,0/0
/spttest/mixed_10K_ag5,34e5,10240,0/0
/spttest/mixed_10K_ag6,34e6,10240,0/0
/spttest/mixed_10K_ag7,34e7,10240,0/0
/spttest/mixed_10K_ag8,34e8,10240,0/0
/spttest/mixed_10K_ag9,34e9,10240,0/0
/spttest/mixed_10K_aga,34ea,10240,0/0
/spttest/mixed_10K_agb,34eb,10240,0/0
/spttest/mixed_10K_agc,34ec,10240,0/0
/spttest/mixed_10K_agd,34ed,10240,0/0
/spttest/mixed_10K_age,34ee,10240,0/0
/spttest/mixed_10K_agf,34ef,10240,0/0
/spttest/mixed_10K_agg,34f0,10240,0/0
/spttest/mixed_10K_agh,34f1,10240,0/0
/spttest/mixed_10K_agi,34f2,10240,0/0
/spttest/mixed_10K_agj,34f3,10240,0/0
/spttest/mixed_10K_agk,34f4,10240,0/0
/spttest/mixed_10K_agl,34f5,10240,0/0
/spttest/mixed_10K_agm,34f6,10240,0/0
/spttest/mixed_10K_agn,34f7,10240,0/0
/spttest/mixed_10K_ago,34f8,10240,0/0
/spttest/mixed_10K_agp,34f9,10240,0/0
/spttest/mixed_10K_agq,34fa,10240,0/0
/spttest/mixed_10K_agr,34fb,10240,0/0
/spttest/mixed_10K_ags,34fc,10240,0/0
/spttest/mixed_10K_agt,34fd,10240,0/0
/spttest/mixed_10K_agu,34fe,10240,0/0
/spttest/mixed_10K_agv,34ff,10240,0/0
/spttest/mixed_10K_agw,3500,10240,0/0
/spttest/mixed_10K_agx,3501,10240,0/0
/spttest/mixed_10K_agy,3502,10240,0/0
/spttest/mixed_10K_agz,3503,10240,0/0
/spttest/mixed_10K_ah0,3504,10240,0/0
/spttest/mixed_10K_ah1,3505,10240,0/0
/spttest/mixed_10K_ah2,3506,10240,0/0
/spttest/mixed_10K_ah3,3507,10240,0/0
/spttest/mixed_10K_ah4,3508,10240,0/0
/spttest/mixed_10K_ah5,3509,10240,0/0
/spttest/mixed_10K_ah6,350a,10240,0/0
/spttest/mixed_10K_ah7,350b,10240,0/0
/spttest/mixed_10K_ah8,350c,10240,0/0
/spttest/mixed_10K_ah9,350d,10240,0/0
/spttest/mixed_10K_aha,350e,10240,0/0
/spttest/mixed_10K_ahb,350f,10240,0/0
/spttest/mixed_10K_ahc,3510,10240,0/0
/spttest/mixed_10K_ahd,3511,10240,0/0
/spttest/mixed_10K_ahe,3512,10240,0/0
/spttest/mixed_10K_ahf,3513,10240,0/0
/spttest/mixed_10K_ahg,3514,10240,0/0
/spttest/mixed_10K_ahh,3515,10240,0/0
/spttest/mixed_10K_ahi,3516,10240,0/0
/spttest/mixed_10K_ahj,3517,10240,0/0
/spttest/mixed_10K_ahk,3518,10240,0/0
/spttest/mixed_10K_ahl,3519,10240,0/0
/spttest/mixed_10K_ahm,351a,10240,0/0
/spttest/mixed_10K_ahn,351b,10240,0/0
/spttest/mixed_10K_aho,351c,10240,0/0
/spttest/mixed_10K_ahp,351d,10240,0/0
/spttest/mixed_10K_ahq,351e,10240,0/0
/spttest/mixed_10K_ahr,351f,10240,0/0
/spttest/mixed_10K_ahs,3520,10240,0/0
/spttest/mixed_10K_aht,3521,10240,0/0
/spttest/mixed_10K_ahu,3522,10240,0/0
/spttest/mixed_10K_ahv,3523,10240,0/0
/spttest/mixed_10K_ahw,3524,10240,0/0
/spttest/mixed_10K_ahx,3525,10240,0/0
/spttest/mixed_10K_ahy,3526,10240,0/0
/spttest/mixed_10K_ahz,3527,10240,0/0
/spttest/mixed_10K_ai0,3528,10240,0/0
/spttest/mixed_10K_ai1,3529,10240,0/0
/spttest/mixed_10K_ai2,352a,10240,0/0
/spttest/mixed_10K_ai3,352b,10240,0/0
/spttest/mixed_10K_ai4,352c,10240,0/0
/spttest/mixed_10K_ai5,352d,10240,0/0
/spttest/mixed_10K_ai6,352e,10240,0/0
/spttest/mixed_10K_ai7,352f,10240,0/0
/spttest/mixed_10K_ai8,3530,10240,0/0
/spttest/mixed_10K_ai9,3531,10240,0/0
/spttest/mixed_10K_aia,3532,10240,0/0
/spttest/mixed_10K_aib,3533,10240,0/0
/spttest/mixed_10K_aic,3534,10240,0/0
/spttest/mixed_10K_aid,3535,10240,0/0
/spttest/mixed_10K_aie,3536,10240,0/0
/spttest/mixed_10K_aif,3537,10240,0/0
/spttest/mixed_10K_aig,3538,10240,0/0
/spttest/mixed_10K_aih,3539,10240,0/0
/spttest/mixed_10K_aii,353a,10240,0/0
/spttest/mixed_10K_aij,353b,10240,0/0
/spttest/mixed_10K_aik,353c,10240,0/0
/spttest/mixed_10K_ail,353d,10240,0/0
/spttest/mixed_10K_aim,353e,10240,0/0
/spttest/mixed_10K_ain,353f,10240,0/0
/spttest/mixed_10K_aio,3540,10240,0/0
/spttest/mixed_10K_aip,3541,10240,0/0
/spttest/mixed_10K_aiq,3542,10240,0/0
/spttest/mixed_10K_air,3543,10240,0/0
/spttest/mixed_10K_ais,3544,10240,0/0
/spttest/mixed_10K_ait,3545,10240,0/0
/spttest/mixed_10K_aiu,3546,10240,0/0
/spttest/mixed_10K_aiv,3547,10240,0/0
/spttest/mixed_10K_aiw,3548,10240,0/0
/spttest/mixed_10K_aix,3549,10240,0/0
/spttest/mixed_10K_aiy,354a,10240,0/0
/spttest/mixed_10K_aiz,354b,10240,0/0
/spttest/mixed_10K_aj0,354c,10240,0/0
/spttest/mixed_10K_aj1,354d,10240,0/0
/spttest/mixed_10K_aj2,354e,10240,0/0
/spttest/mixed_10K_aj3,354f,10240,0/0
/spttest/mixed_10K_aj4,3550,10240,0/0
/spttest/mixed_10K_aj5,3551,10240,0/0
/spttest/mixed_10K_aj6,3552,10240,0/0
/spttest/mixed_10K_aj7,3553,10240,0/0
/spttest/mixed_10K_aj8,3554,10240,0/0
/spttest/mixed_10K_aj9,3555,10240,0/0
/spttest/mixed_10K_aja,3556,10240,0/0
/spttest/mixed_10K_ajb,3557,10240,0/0
/spttest/mixed_10K_ajc,3558,10240,0/0
/spttest/mixed_10K_ajd,3559,10240,0/0
/spttest/mixed_10K_aje,355a,10240,0/0
/spttest/mixed_10K_ajf,355b,10240,0/0
/spttest/mixed_10K_ajg,355c,10240,0/0
/spttest/mixed_10K_ajh,355d,10240,0/0
/spttest/mixed_10K_aji,355e,10240,0/0
/spttest/mixed_10K_ajj,355f,10240,0/0
/spttest/mixed_10K_ajk,3560,10240,0/0
/spttest/mixed_10K_ajl,3561,10240,0/0
/spttest/mixed_10K_ajm,3562,10240,0/0
/spttest/mixed_10K_ajn,3563,10240,0/0
/spttest/mixed_10K_ajo,3564,10240,0/0
/spttest/mixed_10K_ajp,3565,10240,0/0
/spttest/mixed_10K_ajq,3566,10240,0/0
/spttest/mixed_10K_ajr,3567,10240,0/0
/spttest/mixed_10K_ajs,3568,10240,0/0
/spttest/mixed_10K_ajt,3569,10240,0/0
/spttest/mixed_10K_aju,356a,10240,0/0
/spttest/mixed_10K_ajv,356b,10240,0/0
/spttest/mixed_10K_ajw,356c,10240,0/0
/spttest/mixed_10K_ajx,356d,10240,0/0
/spttest/mixed_10K_ajy,356e,10240,0/0
/spttest/mixed_10K_ajz,356f,10240,0/0
/spttest/mixed_10K_ak0,3570,10240,0/0
/spttest/mixed_10K_ak1,3571,10240,0/0
/spttest/mixed_10K_ak2,3572,10240,0/0
/spttest/mixed_10K_ak3,3573,10240,0/0
/spttest/mixed_10K_ak4,3574,10240,0/0
/spttest/mixed_10K_ak5,3575,10240,0/0
/spttest/mixed_10K_ak6,3576,10240,0/0
/spttest/mixed_10K_ak7,3577,10240,0/0
/spttest/mixed_10K_ak8,3578,10240,0/0
/spttest/mixed_10K_ak9,3579,10240,0/0
/spttest/mixed_10K_aka,357a,10240,0/0
/spttest/mixed_10K_akb,357b,10240,0/0
/spttest/mixed_10K_akc,357c,10240,0/0
/spttest/mixed_10K_akd,357d,10240,0/0
/spttest/mixed_10K_ake,357e,10240,0/0
/spttest/mixed_10K_akf,357f,10240,0/0
/spttest/mixed_10K_akg,3580,10240,0/0
/spttest/mixed_10K_akh,3581,10240,0/0
/spttest/mixed_10K_aki,3582,10240,0/0
/spttest/mixed_10K_akj,3583,10240,0/0
/spttest/mixed_10K_akk,3584,10240,0/0
/spttest/mixed_10K_akl,3585,10240,0/0
/spttest/mixed_10K_akm,3586,10240,0/0
/spttest/mixed_10K_akn,3587,10240,0/0
/spttest/mixed_10K_ako,3588,10240,0/0
/spttest/mixed_10K_akp,3589,10240,0/0
/spttest/mixed_10K_akq,358a,10240,0/0
/spttest/mixed_10K_akr,358b,10240,0/0
/spttest/mixed_10K_aks,358c,10240,0/0
/spttest/mixed_10K_akt,358d,10240,0/0
/spttest/mixed_10K_aku,358e,10240,0/0
/spttest/mixed_10K_akv,358f,10240,0/0
/spttest/mixed_10K_akw,3590,10240,0/0
/spttest/mixed_10K_akx,3591,10240,0/0
/spttest/mixed_10K_aky,3592,10240,0/0
/spttest/mixed_10K_akz,3593,10240,0/0
/spttest/mixed_10K_al0,3594,10240,0/0
/spttest/mixed_10K_al1,3595,10240,0/0
/spttest/mixed_10K_al2,3596,10240,0/0
/spttest/mixed_10K_al3,3597,10240,0/0
/spttest/mixed_10K_al4,3598,10240,0/0
/spttest/mixed_10K_al5,3599,10240,0/0
/spttest/mixed_10K_al6,359a,10240,0/0
/spttest/mixed_10K_al7,359b,10240,0/0
/spttest/mixed_10K_al8,359c,10240,0/0
/spttest/mixed_10K_al9,359d,10240,0/0
/spttest/mixed_10K_ala,359e,10240,0/0
/spttest/mixed_10K_alb,359f,10240,0/0
/spttest/mixed_10K_alc,35a0,10240,0/0
/spttest/mixed_10K_ald,35a1,10240,0/0
/spttest/mixed_10K_ale,35a2,10240,0/0
/spttest/mixed_10K_alf,35a3,10240,0/0
/spttest/mixed_10K_alg,35a4,10240,0/0
/spttest/mixed_10K_alh,35a5,10240,0/0
/spttest/mixed_10K_ali,35a6,10240,0/0
/spttest/mixed_10K_alj,35a7,10240,0/0
/spttest/mixed_10K_alk,35a8,10240,0/0
/spttest/mixed_10K_all,35a9,10240,0/0
/spttest/mixed_10K_alm,35aa,10240,0/0
/spttest/mixed_10K_aln,35ab,10240,0/0
/spttest/mixed_10K_alo,35ac,10240,0/0
/spttest/mixed_10K_alp,35ad,10240,0/0
/spttest/mixed_10K_alq,35ae,10240,0/0
/spttest/mixed_10K_alr,35af,10240,0/0
/spttest/mixed_10K_als,35b0,10240,0/0
/spttest/mixed_10K_alt,35b1,10240,0/0
/spttest/mixed_10K_alu,35b2,10240,0/0
/spttest/mixed_10K_alv,35b3,10240,0/0
/spttest/mixed_10K_alw,35b4,10240,0/0
/spttest/mixed_10K_alx,35b5,10240,0/0
/spttest/mixed_10K_aly,35b6,10240,0/0
/spttest/mixed_10K_alz,35b7,10240,0/0
/spttest/mixed_10K_am0,35b8,10240,0/0
/spttest/mixed_10K_am1,35b9,10240,0/0
/spttest/mixed_10K_am2,35ba,10240,0/0
/spttest/mixed_10K_am3,35bb,10240,0/0
/spttest/mixed_10K_am4,35bc,10240,0/0
/spttest/mixed_10K_am5,35bd,10240,0/0
/spttest/mixed_10K_am6,35be,10240,0/0
/spttest/mixed_10K_am7,35bf,10240,0/0
/spttest/mixed_10K_am8,35c0,10240,0/0
/spttest/mixed_10K_am9,35c1,10240,0/0
/spttest/mixed_10K_ama,35c2,10240,0/0
/spttest/mixed_10K_amb,35c3,10240,0/0
/spttest/mixed_10K_amc,35c4,10240,0/0
/spttest/mixed_10K_amd,35c5,10240,0/0
/spttest/mixed_10K_ame,35c6,10240,0/0
/spttest/mixed_10K_amf,35c7,10240,0/0
/spttest/mixed_10K_amg,35c8,10240,0/0
/spttest/mixed_10K_amh,35c9,10240,0/0
/spttest/mixed_10K_ami,35ca,10240,0/0
/spttest/mixed_10K_amj,35cb,10240,0/0
/spttest/mixed_10K_amk,35cc,10240,0/0
/spttest/mixed_10K_aml,35cd,10240,0/0
/spttest/mixed_10K_amm,35ce,10240,0/0
/spttest/mixed_10K_amn,35cf,10240,0/0
/spttest/mixed_10K_amo,35d0,10240,0/0
/spttest/mixed_10K_amp,35d1,10240,0/0
/spttest/mixed_10K_amq,35d2,10240,0/0
/spttest/mixed_10K_amr,35d3,10240,0/0
/spttest/mixed_10K_ams,35d4,10240,0/0
/spttest/mixed_10K_amt,35d5,10240,0/0
/spttest/mixed_10K_amu,35d6,10240,0/0
/spttest/mixed_10K_amv,35d7,10240,0/0
/spttest/mixed_10K_amw,35d8,10240,0/0
/spttest/mixed_10K_amx,35d9,10240,0/0
/spttest/mixed_10K_amy,35da,10240,0/0
/spttest/mixed_10K_amz,35db,10240,0/0
/spttest/mixed_10K_an0,35dc,10240,0/0
/spttest/mixed_10K_an1,35dd,10240,0/0
/spttest/mixed_10K_an2,35de,10240,0/0
/spttest/mixed_10K_an3,35df,10240,0/0
/spttest/mixed_10K_an4,35e0,10240,0/0
/spttest/mixed_10K_an5,35e1,10240,0/0
/spttest/mixed_10K_an6,35e2,10240,0/0
/spttest/mixed_10K_an7,35e3,10240,0/0
/spttest/mixed_10K_an8,35e4,10240,0/0
/spttest/mixed_10K_an9,35e5,10240,0/0
/spttest/mixed_10K_ana,35e6,10240,0/0
/spttest/mixed_10K_anb,35e7,10240,0/0
/spttest/mixed_10K_anc,35e8,10240,0/0
/spttest/mixed_10K_and,35e9,10240,0/0
/spttest/mixed_10K_ane,35ea,10240,0/0
/spttest/mixed_10K_anf,35eb,10240,0/0
/spttest/mixed_10K_ang,35ec,10240,0/0
/spttest/mixed_10K_anh,35ed,10240,0/0
/spttest/mixed_10K_ani,35ee,10240,0/0
/spttest/mixed_10K_anj,35ef,10240,0/0
/spttest/mixed_10K_ank,35f0,10240,0/0
/spttest/mixed_10K_anl,35f1,10240,0/0
/spttest/mixed_10K_anm,35f2,10240,0/0
/spttest/mixed_10K_ann,35f3,10240,0/0
/spttest/mixed_10K_ano,35f4,10240,0/0
/spttest/mixed_10K_anp,35f5,10240,0/0
/spttest/mixed_10K_anq,35f6,10240,0/0
/spttest/mixed_10K_anr,35f7,10240,0/0
/spttest/mixed_10K_ans,35f8,10240,0/0
/spttest/mixed_10K_ant,35f9,10240,0/0
/spttest/mixed_10K_anu,35fa,10240,0/0
/spttest/mixed_10K_anv,35fb,10240,0/0
/spttest/mixed_10K_anw,35fc,10240,0/0
/spttest/mixed_10K_anx,35fd,10240,0/0
/spttest/mixed_10K_any,35fe,10240,0/0
/spttest/mixed_10K_anz,35ff,10240,0/0
/spttest/mixed_10K_ao0,3600,10240,0/0
/spttest/mixed_10K_ao1,3601,10240,0/0
/spttest/mixed_10K_ao2,3602,10240,0/0
/spttest/mixed_10K_ao3,3603,10240,0/0
/spttest/mixed_10K_ao4,3604,10240,0/0
/spttest/mixed_10K_ao5,3605,10240,0/0
/spttest/mixed_10K_ao6,3606,10240,0/0
/spttest/mixed_10K_ao7,3607,10240,0/0
/spttest/mixed_10K_ao8,3608,10240,0/0
/spttest/mixed_10K_ao9,3609,10240,0/0
/spttest/mixed_10K_aoa,360a,10240,0/0
/spttest/mixed_10K_aob,360b,10240,0/0
/spttest/mixed_10K_aoc,360c,10240,0/0
/spttest/mixed_10K_aod,360d,10240,0/0
/spttest/mixed_10K_aoe,360e,10240,0/0
/spttest/mixed_10K_aof,360f,10240,0/0
/spttest/mixed_10K_aog,3610,10240,0/0
/spttest/mixed_10K_aoh,3611,10240,0/0
/spttest/mixed_10K_aoi,3612,10240,0/0
/spttest/mixed_10K_aoj,3613,10240,0/0
/spttest/mixed_10K_aok,3614,10240,0/0
/spttest/mixed_10K_aol,3615,10240,0/0
/spttest/mixed_10K_aom,3616,10240,0/0
/spttest/mixed_10K_aon,3617,10240,0/0
/spttest/mixed_10K_aoo,3618,10240,0/0
/spttest/mixed_10K_aop,3619,10240,0/0
/spttest/mixed_10K_aoq,361a,10240,0/0
/spttest/mixed_10K_aor,361b,10240,0/0
/spttest/mixed_10K_aos,361c,10240,0/0
/spttest/mixed_10K_aot,361d,10240,0/0
/spttest/mixed_10K_aou,361e,10240,0/0
/spttest/mixed_10K_aov,361f,10240,0/0
/spttest/mixed_10K_aow,3620,10240,0/0
/spttest/mixed_10K_aox,3621,10240,0/0
/spttest/mixed_10K_aoy,3622,10240,0/0
/spttest/mixed_10K_aoz,3623,10240,0/0
/spttest/mixed_10K_ap0,3624,10240,0/0
/spttest/mixed_10K_ap1,3625,10240,0/0
/spttest/mixed_10K_ap2,3626,10240,0/0
/spttest/mixed_10K_ap3,3627,10240,0/0
/spttest/mixed_10K_ap4,3628,10240,0/0
/spttest/mixed_10K_ap5,3629,10240,0/0
/spttest/mixed_10K_ap6,362a,10240,0/0
/spttest/mixed_10K_ap7,362b,10240,0/0
/spttest/mixed_10K_ap8,362c,10240,0/0
/spttest/mixed_10K_ap9,362d,10240,0/0
/spttest/mixed_10K_apa,362e,10240,0/0
/spttest/mixed_10K_apb,362f,10240,0/0
/spttest/mixed_10K_apc,3630,10240,0/0
/spttest/mixed_10K_apd,3631,10240,0/0
/spttest/mixed_10K_ape,3632,10240,0/0
/spttest/mixed_10K_apf,3633,10240,0/0
/spttest/mixed_10K_apg,3634,10240,0/0
/spttest/mixed_10K_aph,3635,10240,0/0
/spttest/mixed_10K_api,3636,10240,0/0
/spttest/mixed_10K_apj,3637,10240,0/0
/spttest/mixed_10K_apk,3638,10240,0/0
/spttest/mixed_10K_apl,3639,10240,0/0
/spttest/mixed_10K_apm,363a,10240,0/0
/spttest/mixed_10K_apn,363b,10240,0/0
/spttest/mixed_10K_apo,363c,10240,0/0
/spttest/mixed_10K_app,363d,10240,0/0
/spttest/mixed_10K_apq,363e,10240,0/0
/spttest/mixed_10K_apr,363f,10240,0/0
/spttest/mixed_10K_aps,3640,10240,0/0
/spttest/mixed_10K_apt,3641,10240,0/0
/spttest/mixed_10K_apu,3642,10240,0/0
/spttest/mixed_10K_apv,3643,10240,0/0
/spttest/mixed_10K_apw,3644,10240,0/0
/spttest/mixed_10K_apx,3645,10240,0/0
/spttest/mixed_10K_apy,3646,10240,0/0
/spttest/mixed_10K_apz,3647,10240,0/0
/spttest/mixed_10K_aq0,3648,10240,0/0
/spttest/mixed_10K_aq1,3649,10240,0/0
/spttest/mixed_10K_aq2,364a,10240,0/0
/spttest/mixed_10K_aq3,364b,10240,0/0
/spttest/mixed_10K_aq4,364c,10240,0/0
/spttest/mixed_10K_aq5,364d,10240,0/0
/spttest/mixed_10K_aq6,364e,10240,0/0
/spttest/mixed_10K_aq7,364f,10240,0/0
/spttest/mixed_10K_aq8,3650,10240,0/0
/spttest/mixed_10K_aq9,3651,10240,0/0
/spttest/mixed_10K_aqa,3652,10240,0/0
/spttest/mixed_10K_aqb,3653,10240,0/0
/spttest/mixed_10K_aqc,3654,10240,0/0
/spttest/mixed_10K_aqd,3655,10240,0/0
/spttest/mixed_10K_aqe,3656,10240,0/0
/spttest/mixed_10K_aqf,3657,10240,0/0
/spttest/mixed_10K_aqg,3658,10240,0/0
/spttest/mixed_10K_aqh,3659,10240,0/0
/spttest/mixed_10K_aqi,365a,10240,0/0
/spttest/mixed_10K_aqj,365b,10240,0/0
/spttest/mixed_10K_aqk,365c,10240,0/0
/spttest/mixed_10K_aql,365d,10240,0/0
/spttest/mixed_10K_aqm,365e,10240,0/0
/spttest/mixed_10K_aqn,365f,10240,0/0
/spttest/mixed_10K_aqo,3660,10240,0/0
/spttest/mixed_10K_aqp,3661,10240,0/0
/spttest/mixed_10K_aqq,3662,10240,0/0
/spttest/mixed_10K_aqr,3663,10240,0/0
/spttest/mixed_10K_aqs,3664,10240,0/0
/spttest/mixed_10K_aqt,3665,10240,0/0
/spttest/mixed_10K_aqu,3666,10240,0/0
/spttest/mixed_10K_aqv,3667,10240,0/0
/spttest/mixed_10K_aqw,3668,10240,0/0
/spttest/mixed_10K_aqx,3669,10240,0/0
/spttest/mixed_10K_aqy,366a,10240,0/0
/spttest/mixed_10K_aqz,366b,10240,0/0
/spttest/mixed_10K_ar0,366c,10240,0/0
/spttest/mixed_10K_ar1,366d,10240,0/0
/spttest/mixed_10K_ar2,366e,10240,0/0
/spttest/mixed_10K_ar3,366f,10240,0/0
/spttest/mixed_10K_ar4,3670,10240,0/0
/spttest/mixed_10K_ar5,3671,10240,0/0
/spttest/mixed_10K_ar6,3672,10240,0/0
/spttest/mixed_10K_ar7,3673,10240,0/0
/spttest/mixed_10K_ar8,3674,10240,0/0
/spttest/mixed_10K_ar9,3675,10240,0/0
/spttest/mixed_10K_ara,3676,10240,0/0
/spttest/mixed_10K_arb,3677,10240,0/0
/spttest/mixed_10K_arc,3678,10240,0/0
/spttest/mixed_10K_ard,3679,10240,0/0
/spttest/mixed_10K_are,367a,10240,0/0
/spttest/mixed_10K_arf,367b,10240,0/0
/spttest/mixed_10K_arg,367c,10240,0/0
/spttest/mixed_10K_arh,367d,10240,0/0
/spttest/mixed_10K_ari,367e,10240,0/0
/spttest/mixed_10K_arj,367f,10240,0/0
/spttest/mixed_10K_ark,3680,10240,0/0
/spttest/mixed_10K_arl,3681,10240,0/0
/spttest/mixed_10K_arm,3682,10240,0/0
/spttest/mixed_10K_arn,3683,10240,0/0
/spttest/mixed_10K_aro,3684,10240,0/0
/spttest/mixed_10K_arp,3685,10240,0/0
/spttest/mixed_10K_arq,3686,10240,0/0
/spttest/mixed_10K_arr,3687,10240,0/0
/spttest/mixed_10K_ars,3688,10240,0/0
/spttest/mixed_10K_art,3689,10240,0/0
/spttest/mixed_10K_aru,368a,10240,0/0
/spttest/mixed_10K_arv,368b,10240,0/0
/spttest/mixed_10K_arw,368c,10240,0/0
/spttest/mixed_10K_arx,368d,10240,0/0
/spttest/mixed_10K_ary,368e,10240,0/0
/spttest/mixed_10K_arz,368f,10240,0/0
/spttest/mixed_10K_as0,3690,10240,0/0
/spttest/mixed_10K_as1,3691,10240,0/0
/spttest/mixed_10K_as2,3692,10240,0/0
/spttest/mixed_10K_as3,3693,10240,0/0
/spttest/mixed_10K_as4,3694,10240,0/0
/spttest/mixed_10K_as5,3695,10240,0/0
/spttest/mixed_10K_as6,3696,10240,0/0
/spttest/mixed_10K_as7,3697,10240,0/0
/spttest/mixed_10K_as8,3698,10240,0/0
/spttest/mixed_10K_as9,3699,10240,0/0
/spttest/mixed_10K_asa,369a,10240,0/0
/spttest/mixed_10K_asb,369b,10240,0/0
/spttest/mixed_10K_asc,369c,10240,0/0
/spttest/mixed_10K_asd,369d,10240,0/0
/spttest/mixed_10K_ase,369e,10240,0/0
/spttest/mixed_10K_asf,369f,10240,0/0
/spttest/mixed_10K_asg,36a0,10240,0/0
/spttest/mixed_10K_ash,36a1,10240,0/0
/spttest/mixed_10K_asi,36a2,10240,0/0
/spttest/mixed_10K_asj,36a3,10240,0/0
/spttest/mixed_10K_ask,36a4,10240,0/0
/spttest/mixed_10K_asl,36a5,10240,0/0
/spttest/mixed_10K_asm,36a6,10240,0/0
/spttest/mixed_10K_asn,36a7,10240,0/0
/spttest/mixed_10K_aso,36a8,10240,0/0
/spttest/mixed_10K_asp,36a9,10240,0/0
/spttest/mixed_10K_asq,36aa,10240,0/0
/spttest/mixed_10K_asr,36ab,10240,0/0
/spttest/mixed_10K_ass,36ac,10240,0/0
/spttest/mixed_10K_ast,36ad,10240,0/0
/spttest/mixed_10K_asu,36ae,10240,0/0
/spttest/mixed_10K_asv,36af,10240,0/0
/spttest/mixed_10K_asw,36b0,10240,0/0
/spttest/mixed_10K_asx,36b1,10240,0/0
/spttest/mixed_10K_asy,36b2,10240,0/0
/spttest/mixed_10K_asz,36b3,10240,0/0
/spttest/mixed_10K_at0,36b4,10240,0/0
/spttest/mixed_10K_at1,36b5,10240,0/0
/spttest/mixed_10K_at2,36b6,10240,0/0
/spttest/mixed_10K_at3,36b7,10240,0/0
/spttest/mixed_10K_at4,36b8,10240,0/0
/spttest/mixed_10K_at5,36b9,10240,0/0
/spttest/mixed_10K_at6,36ba,10240,0/0
/spttest/mixed_10K_at7,36bb,10240,0/0
/spttest/mixed_10K_at8,36bc,10240,0/0
/spttest/mixed_10K_at9,36bd,10240,0/0
/spttest/mixed_10K_ata,36be,10240,0/0
/spttest/mixed_10K_atb,36bf,10240,0/0
/spttest/mixed_10K_atc,36c0,10240,0/0
/spttest/mixed_10K_atd,36c1,10240,0/0
/spttest/mixed_10K_ate,36c2,10240,0/0
/spttest/mixed_10K_atf,36c3,10240,0/0
/spttest/mixed_10K_atg,36c4,10240,0/0
/spttest/mixed_10K_ath,36c5,10240,0/0
/spttest/mixed_10K_ati,36c6,10240,0/0
/spttest/mixed_10K_atj,36c7,10240,0/0
/spttest/mixed_10K_atk,36c8,10240,0/0
/spttest/mixed_10K_atl,36c9,10240,0/0
/spttest/mixed_10K_atm,36ca,10240,0/0
/spttest/mixed_10K_atn,36cb,10240,0/0
/spttest/mixed_10K_ato,36cc,10240,0/0
/spttest/mixed_10K_atp,36cd,10240,0/0
/spttest/mixed_10K_atq,36ce,10240,0/0
/spttest/mixed_10K_atr,36cf,10240,0/0
/spttest/mixed_10K_ats,36d0,10240,0/0
/spttest/mixed_10K_att,36d1,10240,0/0
/spttest/mixed_10K_atu,36d2,10240,0/0
/spttest/mixed_10K_atv,36d3,10240,0/0
/spttest/mixed_10K_atw,36d4,10240,0/0
/spttest/mixed_10K_atx,36d5,10240,0/0
/spttest/mixed_10K_aty,36d6,10240,0/0
/spttest/mixed_10K_atz,36d7,10240,0/0
/spttest/mixed_10K_au0,36d8,10240,0/0
/spttest/mixed_10K_au1,36d9,10240,0/0
/spttest/mixed_10K_au2,36da,10240,0/0
/spttest/mixed_10K_au3,36db,10240,0/0
/spttest/mixed_10K_au4,36dc,10240,0/0
/spttest/mixed_10K_au5,36dd,10240,0/0
/spttest/mixed_10K_au6,36de,10240,0/0
/spttest/mixed_10K_au7,36df,10240,0/0
/spttest/mixed_10K_au8,36e0,10240,0/0
/spttest/mixed_10K_au9,36e1,10240,0/0
/spttest/mixed_10K_aua,36e2,10240,0/0
/spttest/mixed_10K_aub,36e3,10240,0/0
/spttest/mixed_10K_auc,36e4,10240,0/0
/spttest/mixed_10K_aud,36e5,10240,0/0
/spttest/mixed_10K_aue,36e6,10240,0/0
/spttest/mixed_10K_auf,36e7,10240,0/0
/spttest/mixed_10K_aug,36e8,10240,0/0
/spttest/mixed_10K_auh,36e9,10240,0/0
/spttest/mixed_10K_aui,36ea,10240,0/0
/spttest/mixed_10K_auj,36eb,10240,0/0
/spttest/mixed_10K_auk,36ec,10240,0/0
/spttest/mixed_10K_aul,36ed,10240,0/0
/spttest/mixed_10K_aum,36ee,10240,0/0
/spttest/mixed_10K_aun,36ef,10240,0/0
/spttest/mixed_10K_auo,36f0,10240,0/0
/spttest/mixed_10K_aup,36f1,10240,0/0
/spttest/mixed_10K_auq,36f2,10240,0/0
/spttest/mixed_10K_aur,36f3,10240,0/0
/spttest/mixed_10K_aus,36f4,10240,0/0
/spttest/mixed_10K_aut,36f5,10240,0/0
/spttest/mixed_10K_auu,36f6,10240,0/0
/spttest/mixed_10K_auv,36f7,10240,0/0
/spttest/mixed_10K_auw,36f8,10240,0/0
/spttest/mixed_10K_aux,36f9,10240,0/0
/spttest/mixed_10K_auy,36fa,10240,0/0
/spttest/mixed_10K_auz,36fb,10240,0/0
/spttest/mixed_10K_av0,36fc,10240,0/0
/spttest/mixed_10K_av1,36fd,10240,0/0
/spttest/mixed_10K_av2,36fe,10240,0/0
/spttest/mixed_10K_av3,36ff,10240,0/0
/spttest/mixed_10K_av4,3700,10240,0/0
/spttest/mixed_10K_av5,3701,10240,0/0
/spttest/mixed_10K_av6,3702,10240,0/0
/spttest/mixed_10K_av7,3703,10240,0/0
/spttest/mixed_10K_av8,3704,10240,0/0
/spttest/mixed_10K_av9,3705,10240,0/0
/spttest/mixed_10K_ava,3706,10240,0/0
/spttest/mixed_10K_avb,3707,10240,0/0
/spttest/mixed_10K_avc,3708,10240,0/0
/spttest/mixed_10K_avd,3709,10240,0/0
/spttest/mixed_10K_ave,370a,10240,0/0
/spttest/mixed_10K_avf,370b,10240,0/0
/spttest/mixed_10K_avg,370c,10240,0/0
/spttest/mixed_10K_avh,370d,10240,0/0
/spttest/mixed_10K_avi,370e,10240,0/0
/spttest/mixed_10K_avj,370f,10240,0/0
/spttest/mixed_10K_avk,3710,10240,0/0
/spttest/mixed_10K_avl,3711,10240,0/0
/spttest/mixed_10K_avm,3712,10240,0/0
/spttest/mixed_10K_avn,3713,10240,0/0
/spttest/mixed_10K_avo,3714,10240,0/0
/spttest/mixed_10K_avp,3715,10240,0/0
/spttest/mixed_10K_avq,3716,10240,0/0
/spttest/mixed_10K_avr,3717,10240,0/0
/spttest/mixed_10K_avs,3718,10240,0/0
/spttest/mixed_10K_avt,3719,10240,0/0
/spttest/mixed_10K_avu,371a,10240,0/0
/spttest/mixed_10K_avv,371b,10240,0/0
/spttest/mixed_10K_avw,371c,10240,0/0
/spttest/mixed_10K_avx,371d,10240,0/0
/spttest/mixed_10K_avy,371e,10240,0/0
/spttest/mixed_10K_avz,371f,10240,0/0
/spttest/mixed_10K_aw0,3720,10240,0/0
/spttest/mixed_10K_aw1,3721,10240,0/0
/spttest/mixed_10K_aw2,3722,10240,0/0
/spttest/mixed_10K_aw3,3723,10240,0/0
/spttest/mixed_10K_aw4,3724,10240,0/0
/spttest/mixed_10K_aw5,3725,10240,0/0
/spttest/mixed_10K_aw6,3726,10240,0/0
/spttest/mixed_10K_aw7,3727,10240,0/0
/spttest/mixed_10K_aw8,3728,10240,0/0
/spttest/mixed_10K_aw9,3729,10240,0/0
/spttest/mixed_10K_awa,372a,10240,0/0
/spttest/mixed_10K_awb,372b,10240,0/0
/spttest/mixed_10K_awc,372c,10240,0/0
/spttest/mixed_10K_awd,372d,10240,0/0
/spttest/mixed_10K_awe,372e,10240,0/0
/spttest/mixed_10K_awf,372f,10240,0/0
/spttest/mixed_10K_awg,3730,10240,0/0
/spttest/mixed_10K_awh,3731,10240,0/0
/spttest/mixed_10K_awi,3732,10240,0/0
/spttest/mixed_10K_awj,3733,10240,0/0
/spttest/mixed_10K_awk,3734,10240,0/0
/spttest/mixed_10K_awl,3735,10240,0/0
/spttest/mixed_10K_awm,3736,10240,0/0
/spttest/mixed_10K_awn,3737,10240,0/0
/spttest/mixed_10K_awo,3738,10240,0/0
/spttest/mixed_10K_awp,3739,10240,0/0
/spttest/mixed_10K_awq,373a,10240,0/0
/spttest/mixed_10K_awr,373b,10240,0/0
/spttest/mixed_10K_aws,373c,10240,0/0
/spttest/mixed_10K_awt,373d,10240,0/0
/spttest/mixed_10K_awu,373e,10240,0/0
/spttest/mixed_10K_awv,373f,10240,0/0
/spttest/mixed_10K_aww,3740,10240,0/0
/spttest/mixed_10K_awx,3741,10240,0/0
/spttest/mixed_10K_awy,3742,10240,0/0
/spttest/mixed_10K_awz,3743,10240,0/0
/spttest/mixed_10K_ax0,3744,10240,0/0
/spttest/mixed_10K_ax1,3745,10240,0/0
/spttest/mixed_10K_ax2,3746,10240,0/0
/spttest/mixed_10K_ax3,3747,10240,0/0
/spttest/mixed_10K_ax4,3748,10240,0/0
/spttest/mixed_10K_ax5,3749,10240,0/0
/spttest/mixed_10K_ax6,374a,10240,0/0
/spttest/mixed_10K_ax7,374b,10240,0/0
/spttest/mixed_10K_ax8,374c,10240,0/0
/spttest/mixed_10K_ax9,374d,10240,0/0
/spttest/mixed_10K_axa,374e,10240,0/0
/spttest/mixed_10K_axb,374f,10240,0/0
/spttest/mixed_10K_axc,3750,10240,0/0
/spttest/mixed_10K_axd,3751,10240,0/0
/spttest/mixed_10K_axe,3752,10240,0/0
/spttest/mixed_10K_axf,3753,10240,0/0
/spttest/mixed_10K_axg,3754,10240,0/0
/spttest/mixed_10K_axh,3755,10240,0/0
/spttest/mixed_10K_axi,3756,10240,0/0
/spttest/mixed_10K_axj,3757,10240,0/0
/spttest/mixed_10K_axk,3758,10240,0/0
/spttest/mixed_10K_axl,3759,10240,0/0
/spttest/mixed_10K_axm,375a,10240,0/0
/spttest/mixed_10K_axn,375b,10240,0/0
/spttest/mixed_10K_axo,375c,10240,0/0
/spttest/mixed_10K_axp,375d,10240,0/0
/spttest/mixed_10K_axq,375e,10240,0/0
/spttest/mixed_10K_axr,375f,10240,0/0
/spttest/mixed_10K_axs,3760,10240,0/0
/spttest/mixed_10K_axt,3761,10240,0/0
/spttest/mixed_10K_axu,3762,10240,0/0
/spttest/mixed_10K_axv,3763,10240,0/0
/spttest/mixed_10K_axw,3764,10240,0/0
/spttest/mixed_10K_axx,3765,10240,0/0
/spttest/mixed_10K_axy,3766,10240,0/0
/spttest/mixed_10K_axz,3767,10240,0/0
/spttest/mixed_10K_ay0,3768,10240,0/0
/spttest/mixed_10K_ay1,3769,10240,0/0
/spttest/mixed_10K_ay2,376a,10240,0/0
/spttest/mixed_10K_ay3,376b,10240,0/0
/spttest/mixed_10K_ay4,376c,10240,0/0
/spttest/mixed_10K_ay5,376d,10240,0/0
/spttest/mixed_10K_ay6,376e,10240,0/0
/spttest/mixed_10K_ay7,376f,10240,0/0
/spttest/mixed_10K_ay8,3770,10240,0/0
/spttest/mixed_10K_ay9,3771,10240,0/0
/spttest/mixed_10K_aya,3772,10240,0/0
/spttest/mixed_10K_ayb,3773,10240,0/0
/spttest/mixed_10K_ayc,3774,10240,0/0
/spttest/mixed_10K_ayd,3775,10240,0/0
/spttest/mixed_10K_aye,3776,10240,0/0
/spttest/mixed_10K_ayf,3777,10240,0/0
/spttest/mixed_10K_ayg,3778,10240,0/0
/spttest/mixed_10K_ayh,3779,10240,0/0
/spttest/mixed_10K_ayi,377a,10240,0/0
/spttest/mixed_10K_ayj,377b,10240,0/0
/spttest/mixed_10K_ayk,377c,10240,0/0
/spttest/mixed_10K_ayl,377d,10240,0/0
/spttest/mixed_10K_aym,377e,10240,0/0
/spttest/mixed_10K_ayn,377f,10240,0/0
/spttest/mixed_10K_ayo,3780,10240,0/0
/spttest/mixed_10K_ayp,3781,10240,0/0
/spttest/mixed_10K_ayq,3782,10240,0/0
/spttest/mixed_10K_ayr,3783,10240,0/0
/spttest/mixed_10K_ays,3784,10240,0/0
/spttest/mixed_10K_ayt,3785,10240,0/0
/spttest/mixed_10K_ayu,3786,10240,0/0
/spttest/mixed_10K_ayv,3787,10240,0/0
/spttest/mixed_10K_ayw,3788,10240,0/0
/spttest/mixed_10K_ayx,3789,10240,0/0
/spttest/mixed_10K_ayy,378a,10240,0/0
/spttest/mixed_10K_ayz,378b,10240,0/0
/spttest/mixed_10K_az0,378c,10240,0/0
/spttest/mixed_10K_az1,378d,10240,0/0
/spttest/mixed_10K_az2,378e,10240,0/0
/spttest/mixed_10K_az3,378f,10240,0/0
/spttest/mixed_10K_az4,3790,10240,0/0
/spttest/mixed_10K_az5,3791,10240,0/0
/spttest/mixed_10K_az6,3792,10240,0/0
/spttest/mixed_10K_az7,3793,10240,0/0
/spttest/mixed_10K_az8,3794,10240,0/0
/spttest/mixed_10K_az9,3795,10240,0/0
/spttest/mixed_10K_aza,3796,10240,0/0
/spttest/mixed_10K_azb,3797,10240,0/0
/spttest/mixed_10K_azc,3798,10240,0/0
/spttest/mixed_10K_azd,3799,10240,0/0
/spttest/mixed_10K_aze,379a,10240,0/0
/spttest/mixed_10K_azf,379b,10240,0/0
/spttest/mixed_10K_azg,379c,10240,0/0
/spttest/mixed_10K_azh,379d,10240,0/0
/spttest/mixed_10K_azi,379e,10240,0/0
/spttest/mixed_10K_azj,379f,10240,0/0
/spttest/mixed_10K_azk,37a0,10240,0/0
/spttest/mixed_10K_azl,37a1,10240,0/0
/spttest/mixed_10K_azm,37a2,10240,0/0
/spttest/mixed_10K_azn,37a3,10240,0/0
/spttest/mixed_10K_azo,37a4,10240,0/0
/spttest/mixed_10K_azp,37a5,10240,0/0
/spttest/mixed_10K_azq,37a6,10240,0/0
/spttest/mixed_10K_azr,37a7,10240,0/0
/spttest/mixed_10K_azs,37a8,10240,0/0
/spttest/mixed_10K_azt,37a9,10240,0/0
/spttest/mixed_10K_azu,37aa,10240,0/0
/spttest/mixed_10K_azv,37ab,10240,0/0
/spttest/mixed_10K_azw,37ac,10240,0/0
/spttest/mixed_10K_azx,37ad,10240,0/0
/spttest/mixed_10K_azy,37ae,10240,0/0
/spttest/mixed_10K_azz,37af,10240,0/0
/spttest/mixed_10K_b00,37b0,10240,0/0
/spttest/mixed_10K_b01,37b1,10240,0/0
/spttest/mixed_10K_b02,37b2,10240,0/0
/spttest/mixed_10K_b03,37b3,10240,0/0
/spttest/mixed_10K_b04,37b4,10240,0/0
/spttest/mixed_10K_b05,37b5,10240,0/0
/spttest/mixed_10K_b06,37b6,10240,0/0
/spttest/mixed_10K_b07,37b7,10240,0/0
/spttest/mixed_10K_b08,37b8,10240,0/0
/spttest/mixed_10K_b09,37b9,10240,0/0
/spttest/mixed_10K_b0a,37ba,10240,0/0
/spttest/mixed_10K_b0b,37bb,10240,0/0
/spttest/mixed_10K_b0c,37bc,10240,0/0
/spttest/mixed_10K_b0d,37bd,10240,0/0
/spttest/mixed_10K_b0e,37be,10240,0/0
/spttest/mixed_10K_b0f,37bf,10240,0/0
/spttest/mixed_10K_b0g,37c0,10240,0/0
/spttest/mixed_10K_b0h,37c1,10240,0/0
/spttest/mixed_10K_b0i,37c2,10240,0/0
/spttest/mixed_10K_b0j,37c3,10240,0/0
/spttest/mixed_10K_b0k,37c4,10240,0/0
/spttest/mixed_10K_b0l,37c5,10240,0/0
/spttest/mixed_10K_b0m,37c6,10240,0/0
/spttest/mixed_10K_b0n,37c7,10240,0/0
/spttest/mixed_10K_b0o,37c8,10240,0/0
/spttest/mixed_10K_b0p,37c9,10240,0/0
/spttest/mixed_10K_b0q,37ca,10240,0/0
/spttest/mixed_10K_b0r,37cb,10240,0/0
/spttest/mixed_10K_b0s,37cc,10240,0/0
/spttest/mixed_10K_b0t,37cd,10240,0/0
/spttest/mixed_10K_b0u,37ce,10240,0/0
/spttest/mixed_10K_b0v,37cf,10240,0/0
/spttest/mixed_10K_b0w,37d0,10240,0/0
/spttest/mixed_10K_b0x,37d1,10240,0/0
/spttest/mixed_10K_b0y,37d2,10240,0/0
/spttest/mixed_10K_b0z,37d3,10240,0/0
/spttest/mixed_10K_b10,37d4,10240,0/0
/spttest/mixed_10K_b11,37d5,10240,0/0
/spttest/mixed_10K_b12,37d6,10240,0/0
/spttest/mixed_10K_b13,37d7,10240,0/0
/spttest/mixed_10K_b14,37d8,10240,0/0
/spttest/mixed_10K_b15,37d9,10240,0/0
/spttest/mixed_10K_b16,37da,10240,0/0
/spttest/mixed_10K_b17,37db,10240,0/0
/spttest/mixed_10K_b18,37dc,10240,0/0
/spttest/mixed_10K_b19,37dd,10240,0/0
/spttest/mixed_10K_b1a,37de,10240,0/0
/spttest/mixed_10K_b1b,37df,10240,0/0
/spttest/mixed_10K_b1c,37e0,10240,0/0
/spttest/mixed_10K_b1d,37e1,10240,0/0
/spttest/mixed_10K_b1e,37e2,10240,0/0
/spttest/mixed_10K_b1f,37e3,10240,0/0
/spttest/mixed_10K_b1g,37e4,10240,0/0
/spttest/mixed_10K_b1h,37e5,10240,0/0
/spttest/mixed_10K_b1i,37e6,10240,0/0
/spttest/mixed_10K_b1j,37e7,10240,0/0
/spttest/mixed_10K_b1k,37e8,10240,0/0
/spttest/mixed_10K_b1l,37e9,10240,0/0
/spttest/mixed_10K_b1m,37ea,10240,0/0
/spttest/mixed_10K_b1n,37eb,10240,0/0
/spttest/mixed_10K_b1o,37ec,10240,0/0
/spttest/mixed_10K_b1p,37ed,10240,0/0
/spttest/mixed_10K_b1q,37ee,10240,0/0
/spttest/mixed_10K_b1r,37ef,10240,0/0
/spttest/mixed_10K_b1s,37f0,10240,0/0
/spttest/mixed_10K_b1t,37f1,10240,0/0
/spttest/mixed_10K_b1u,37f2,10240,0/0
/spttest/mixed_10K_b1v,37f3,10240,0/0
/spttest/mixed_10K_b1w,37f4,10240,0/0
/spttest/mixed_10K_b1x,37f5,10240,0/0
/spttest/mixed_10K_b1y,37f6,10240,0/0
/spttest/mixed_10K_b1z,37f7,10240,0/0
/spttest/mixed_10K_b20,37f8,10240,0/0
/spttest/mixed_10K_b21,37f9,10240,0/0
/spttest/mixed_10K_b22,37fa,10240,0/0
/spttest/mixed_10K_b23,37fb,10240,0/0
/spttest/mixed_10K_b24,37fc,10240,0/0
/spttest/mixed_10K_b25,37fd,10240,0/0
/spttest/mixed_10K_b26,37fe,10240,0/0
/spttest/mixed_10K_b27,37ff,10240,0/0
/spttest/mixed_10K_b28,3800,10240,0/0
/spttest/mixed_10K_b29,3801,10240,0/0
/spttest/mixed_10K_b2a,3802,10240,0/0
/spttest/mixed_10K_b2b,3803,10240,0/0
/spttest/mixed_10K_b2c,3804,10240,0/0
/spttest/mixed_10K_b2d,3805,10240,0/0
/spttest/mixed_10K_b2e,3806,10240,0/0
/spttest/mixed_10K_b2f,3807,10240,0/0
/spttest/mixed_10K_b2g,3808,10240,0/0
/spttest/mixed_10K_b2h,3809,10240,0/0
/spttest/mixed_10K_b2i,380a,10240,0/0
/spttest/mixed_10K_b2j,380b,10240,0/0
/spttest/mixed_10K_b2k,380c,10240,0/0
/spttest/mixed_10K_b2l,380d,10240,0/0
/spttest/mixed_10K_b2m,380e,10240,0/0
/spttest/mixed_10K_b2n,380f,10240,0/0
/spttest/mixed_10K_b2o,3810,10240,0/0
/spttest/mixed_10K_b2p,3811,10240,0/0
/spttest/mixed_10K_b2q,3812,10240,0/0
/spttest/mixed_10K_b2r,3813,10240,0/0
/spttest/mixed_10K_b2s,3814,10240,0/0
/spttest/mixed_10K_b2t,3815,10240,0/0
/spttest/mixed_10K_b2u,3816,10240,0/0
/spttest/mixed_10K_b2v,3817,10240,0/0
/spttest/mixed_10K_b2w,3818,10240,0/0
/spttest/mixed_10K_b2x,3819,10240,0/0
/spttest/mixed_10K_b2y,381a,10240,0/0
/spttest/mixed_10K_b2z,381b,10240,0/0
/spttest/mixed_10K_b30,381c,10240,0/0
/spttest/mixed_10K_b31,381d,10240,0/0
/spttest/mixed_10K_b32,381e,10240,0/0
/spttest/mixed_10K_b33,381f,10240,0/0
/spttest/mixed_10K_b34,3820,10240,0/0
/spttest/mixed_10K_b35,3821,10240,0/0
/spttest/mixed_10K_b36,3822,10240,0/0
/spttest/mixed_10K_b37,3823,10240,0/0
/spttest/mixed_10K_b38,3824,10240,0/0
/spttest/mixed_10K_b39,3825,10240,0/0
/spttest/mixed_10K_b3a,3826,10240,0/0
/spttest/mixed_10K_b3b,3827,10240,0/0
/spttest/mixed_10K_b3c,3828,10240,0/0
/spttest/mixed_10K_b3d,3829,10240,0/0
/spttest/mixed_10K_b3e,382a,10240,0/0
/spttest/mixed_10K_b3f,382b,10240,0/0
/spttest/mixed_10K_b3g,382c,10240,0/0
/spttest/mixed_10K_b3h,382d,10240,0/0
/spttest/mixed_10K_b3i,382e,10240,0/0
/spttest/mixed_10K_b3j,382f,10240,0/0
/spttest/mixed_10K_b3k,3830,10240,0/0
/spttest/mixed_10K_b3l,3831,10240,0/0
/spttest/mixed_10K_b3m,3832,10240,0/0
/spttest/mixed_10K_b3n,3833,10240,0/0
/spttest/mixed_10K_b3o,3834,10240,0/0
/spttest/mixed_10K_b3p,3835,10240,0/0
/spttest/mixed_10K_b3q,3836,10240,0/0
/spttest/mixed_10K_b3r,3837,10240,0/0
/spttest/mixed_10K_b3s,3838,10240,0/0
/spttest/mixed_10K_b3t,3839,10240,0/0
/spttest/mixed_10K_b3u,383a,10240,0/0
/spttest/mixed_10K_b3v,383b,10240,0/0
/spttest/mixed_10K_b3w,383c,10240,0/0
/spttest/mixed_10K_b3x,383d,10240,0/0
/spttest/mixed_10K_b3y,383e,10240,0/0
/spttest/mixed_10K_b3z,383f,10240,0/0
/spttest/mixed_10K_b40,3840,10240,0/0
/spttest/mixed_10K_b41,3841,10240,0/0
/spttest/mixed_10K_b42,3842,10240,0/0
/spttest/mixed_10K_b43,3843,10240,0/0
/spttest/mixed_10K_b44,3844,10240,0/0
/spttest/mixed_10K_b45,3845,10240,0/0
/spttest/mixed_10K_b46,3846,10240,0/0
/spttest/mixed_10K_b47,3847,10240,0/0
/spttest/mixed_10K_b48,3848,10240,0/0
/spttest/mixed_10K_b49,3849,10240,0/0
/spttest/mixed_10K_b4a,384a,10240,0/0
/spttest/mixed_10K_b4b,384b,10240,0/0
/spttest/mixed_10K_b4c,384c,10240,0/0
/spttest/mixed_10K_b4d,384d,10240,0/0
/spttest/mixed_10K_b4e,384e,10240,0/0
/spttest/mixed_10K_b4f,384f,10240,0/0
/spttest/mixed_10K_b4g,3850,10240,0/0
/spttest/mixed_10K_b4h,3851,10240,0/0
/spttest/mixed_10K_b4i,3852,10240,0/0
/spttest/mixed_10K_b4j,3853,10240,0/0
/spttest/mixed_10K_b4k,3854,10240,0/0
/spttest/mixed_10K_b4l,3855,10240,0/0
/spttest/mixed_10K_b4m,3856,10240,0/0
/spttest/mixed_10K_b4n,3857,10240,0/0
/spttest/mixed_10K_b4o,3858,10240,0/0
/spttest/mixed_10K_b4p,3859,10240,0/0
/spttest/mixed_10K_b4q,385a,10240,0/0
/spttest/mixed_10K_b4r,385b,10240,0/0
/spttest/mixed_10K_b4s,385c,10240,0/0
/spttest/mixed_10K_b4t,385d,10240,0/0
/spttest/mixed_10K_b4u,385e,10240,0/0
/spttest/mixed_10K_b4v,385f,10240,0/0
/spttest/mixed_10K_b4w,3860,10240,0/0
/spttest/mixed_10K_b4x,3861,10240,0/0
/spttest/mixed_10K_b4y,3862,10240,0/0
/spttest/mixed_10K_b4z,3863,10240,0/0
/spttest/mixed_10K_b50,3864,10240,0/0
/spttest/mixed_10K_b51,3865,10240,0/0
/spttest/mixed_10K_b52,3866,10240,0/0
/spttest/mixed_10K_b53,3867,10240,0/0
/spttest/mixed_10K_b54,3868,10240,0/0
/spttest/mixed_10K_b55,3869,10240,0/0
/spttest/mixed_10K_b56,386a,10240,0/0
/spttest/mixed_10K_b57,386b,10240,0/0
/spttest/mixed_10K_b58,386c,10240,0/0
/spttest/mixed_10K_b59,386d,10240,0/0
/spttest/mixed_10K_b5a,386e,10240,0/0
/spttest/mixed_10K_b5b,386f,10240,0/0
/spttest/mixed_10K_b5c,3870,10240,0/0
/spttest/mixed_10K_b5d,3871,10240,0/0
/spttest/mixed_10K_b5e,3872,10240,0/0
/spttest/mixed_10K_b5f,3873,10240,0/0
/spttest/mixed_10K_b5g,3874,10240,0/0
/spttest/mixed_10K_b5h,3875,10240,0/0
/spttest/mixed_10K_b5i,3876,10240,0/0
/spttest/mixed_10K_b5j,3877,10240,0/0
/spttest/mixed_10K_b5k,3878,10240,0/0
/spttest/mixed_10K_b5l,3879,10240,0/0
/spttest/mixed_10K_b5m,387a,10240,0/0
/spttest/mixed_10K_b5n,387b,10240,0/0
/spttest/mixed_10K_b5o,387c,10240,0/0
/spttest/mixed_10K_b5p,387d,10240,0/0
/spttest/mixed_10K_b5q,387e,10240,0/0
/spttest/mixed_10K_b5r,387f,10240,0/0
/spttest/mixed_10K_b5s,3880,10240,0/0
/spttest/mixed_10K_b5t,3881,10240,0/0
/spttest/mixed_10K_b5u,3882,10240,0/0
/spttest/mixed_10K_b5v,3883,10240,0/0
/spttest/mixed_10K_b5w,3884,10240,0/0
/spttest/mixed_10K_b5x,3885,10240,0/0
/spttest/mixed_10K_b5y,3886,10240,0/0
/spttest/mixed_10K_b5z,3887,10240,0/0
/spttest/mixed_10K_b60,3888,10240,0/0
/spttest/mixed_10K_b61,3889,10240,0/0
/spttest/mixed_10K_b62,388a,10240,0/0
/spttest/mixed_10K_b63,388b,10240,0/0
/spttest/mixed_10K_b64,388c,10240,0/0
/spttest/mixed_10K_b65,388d,10240,0/0
/spttest/mixed_10K_b66,388e,10240,0/0
/spttest/mixed_10K_b67,388f,10240,0/0
/spttest/mixed_10K_b68,3890,10240,0/0
/spttest/mixed_10K_b69,3891,10240,0/0
/spttest/mixed_10K_b6a,3892,10240,0/0
/spttest/mixed_10K_b6b,3893,10240,0/0
/spttest/mixed_10K_b6c,3894,10240,0/0
/spttest/mixed_10K_b6d,3895,10240,0/0
/spttest/mixed_10K_b6e,3896,10240,0/0
/spttest/mixed_10K_b6f,3897,10240,0/0
/spttest/mixed_10K_b6g,3898,10240,0/0
/spttest/mixed_10K_b6h,3899,10240,0/0
/spttest/mixed_10K_b6i,389a,10240,0/0
/spttest/mixed_10K_b6j,389b,10240,0/0
/spttest/mixed_10K_b6k,389c,10240,0/0
/spttest/mixed_10K_b6l,389d,10240,0/0
/spttest/mixed_10K_b6m,389e,10240,0/0
/spttest/mixed_10K_b6n,389f,10240,0/0
/spttest/mixed_10K_b6o,38a0,10240,0/0
/spttest/mixed_10K_b6p,38a1,10240,0/0
/spttest/mixed_10K_b6q,38a2,10240,0/0
/spttest/mixed_10K_b6r,38a3,10240,0/0
/spttest/mixed_10K_b6s,38a4,10240,0/0
/spttest/mixed_10K_b6t,38a5,10240,0/0
/spttest/mixed_10K_b6u,38a6,10240,0/0
/spttest/mixed_10K_b6v,38a7,10240,0/0
/spttest/mixed_10K_b6w,38a8,10240,0/0
/spttest/mixed_10K_b6x,38a9,10240,0/0
/spttest/mixed_10K_b6y,38aa,10240,0/0
/spttest/mixed_10K_b6z,38ab,10240,0/0
/spttest/mixed_10K_b70,38ac,10240,0/0
/spttest/mixed_10K_b71,38ad,10240,0/0
/spttest/mixed_10K_b72,38ae,10240,0/0
/spttest/mixed_10K_b73,38af,10240,0/0
/spttest/mixed_10K_b74,38b0,10240,0/0
/spttest/mixed_10K_b75,38b1,10240,0/0
/spttest/mixed_10K_b76,38b2,10240,0/0
/spttest/mixed_10K_b77,38b3,10240,0/0
/spttest/mixed_10K_b78,38b4,10240,0/0
/spttest/mixed_10K_b79,38b5,10240,0/0
/spttest/mixed_10K_b7a,38b6,10240,0/0
/spttest/mixed_10K_b7b,38b7,10240,0/0
/spttest/mixed_10K_b7c,38b8,10240,0/0
/spttest/mixed_10K_b7d,38b9,10240,0/0
/spttest/mixed_10K_b7e,38ba,10240,0/0
/spttest/mixed_10K_b7f,38bb,10240,0/0
/spttest/mixed_10K_b7g,38bc,10240,0/0
/spttest/mixed_10K_b7h,38bd,10240,0/0
/spttest/mixed_10K_b7i,38be,10240,0/0
/spttest/mixed_10K_b7j,38bf,10240,0/0
/spttest/mixed_10K_b7k,38c0,10240,0/0
/spttest/mixed_10K_b7l,38c1,10240,0/0
/spttest/mixed_10K_b7m,38c2,10240,0/0
/spttest/mixed_10K_b7n,38c3,10240,0/0
/spttest/mixed_10K_b7o,38c4,10240,0/0
/spttest/mixed_10K_b7p,38c5,10240,0/0
/spttest/mixed_10K_b7q,38c6,10240,0/0
/spttest/mixed_10K_b7r,38c7,10240,0/0
/spttest/mixed_10K_b7s,38c8,10240,0/0
/spttest/mixed_10K_b7t,38c9,10240,0/0
/spttest/mixed_10K_b7u,38ca,10240,0/0
/spttest/mixed_10K_b7v,38cb,10240,0/0
/spttest/mixed_10K_b7w,38cc,10240,0/0
/spttest/mixed_10K_b7x,38cd,10240,0/0
/spttest/mixed_10K_b7y,38ce,10240,0/0
/spttest/mixed_10K_b7z,38cf,10240,0/0
/spttest/mixed_10K_b80,38d0,10240,0/0
/spttest/mixed_10K_b81,38d1,10240,0/0
/spttest/mixed_10K_b82,38d2,10240,0/0
/spttest/mixed_10K_b83,38d3,10240,0/0
/spttest/mixed_10K_b84,38d4,10240,0/0
/spttest/mixed_10K_b85,38d5,10240,0/0
/spttest/mixed_10K_b86,38d6,10240,0/0
/spttest/mixed_10K_b87,38d7,10240,0/0
/spttest/mixed_10K_b88,38d8,10240,0/0
/spttest/mixed_10K_b89,38d9,10240,0/0
/spttest/mixed_10K_b8a,38da,10240,0/0
/spttest/mixed_10K_b8b,38db,10240,0/0
/spttest/mixed_10K_b8c,38dc,10240,0/0
/spttest/mixed_10K_b8d,38dd,10240,0/0
/spttest/mixed_10K_b8e,38de,10240,0/0
/spttest/mixed_10K_b8f,38df,10240,0/0
/spttest/mixed_10K_b8g,38e0,10240,0/0
/spttest/mixed_10K_b8h,38e1,10240,0/0
/spttest/mixed_10K_b8i,38e2,10240,0/0
/spttest/mixed_10K_b8j,38e3,10240,0/0
/spttest/mixed_10K_b8k,38e4,10240,0/0
/spttest/mixed_10K_b8l,38e5,10240,0/0
/spttest/mixed_10K_b8m,38e6,10240,0/0
/spttest/mixed_10K_b8n,38e7,10240,0/0
/spttest/mixed_10K_b8o,38e8,10240,0/0
/spttest/mixed_10K_b8p,38e9,10240,0/0
/spttest/mixed_10K_b8q,38ea,10240,0/0
/spttest/mixed_10K_b8r,38eb,10240,0/0
/spttest/mixed_10K_b8s,38ec,10240,0/0
/spttest/mixed_10K_b8t,38ed,10240,0/0
/spttest/mixed_10K_b8u,38ee,10240,0/0
/spttest/mixed_10K_b8v,38ef,10240,0/0
/spttest/mixed_10K_b8w,38f0,10240,0/0
/spttest/mixed_10K_b8x,38f1,10240,0/0
/spttest/mixed_10K_b8y,38f2,10240,0/0
/spttest/mixed_10K_b8z,38f3,10240,0/0
/spttest/mixed_10K_b90,38f4,10240,0/0
/spttest/mixed_10K_b91,38f5,10240,0/0
/spttest/mixed_10K_b92,38f6,10240,0/0
/spttest/mixed_10K_b93,38f7,10240,0/0
/spttest/mixed_10K_b94,38f8,10240,0/0
/spttest/mixed_10K_b95,38f9,10240,0/0
/spttest/mixed_10K_b96,38fa,10240,0/0
/spttest/mixed_10K_b97,38fb,10240,0/0
/spttest/mixed_10K_b98,38fc,10240,0/0
/spttest/mixed_10K_b99,38fd,10240,0/0
/spttest/mixed_10K_b9a,38fe,10240,0/0
/spttest/mixed_10K_b9b,38ff,10240,0/0
/spttest/mixed_10K_b9c,3900,10240,0/0
/spttest/mixed_10K_b9d,3901,10240,0/0
/spttest/mixed_10K_b9e,3902,10240,0/0
/spttest/mixed_10K_b9f,3903,10240,0/0
/spttest/mixed_10K_b9g,3904,10240,0/0
/spttest/mixed_10K_b9h,3905,10240,0/0
/spttest/mixed_10K_b9i,3906,10240,0/0
/spttest/mixed_10K_b9j,3907,10240,0/0
/spttest/mixed_10K_b9k,3908,10240,0/0
/spttest/mixed_10K_b9l,3909,10240,0/0
/spttest/mixed_10K_b9m,390a,10240,0/0
/spttest/mixed_10K_b9n,390b,10240,0/0
/spttest/mixed_10K_b9o,390c,10240,0/0
/spttest/mixed_10K_b9p,390d,10240,0/0
/spttest/mixed_10K_b9q,390e,10240,0/0
/spttest/mixed_10K_b9r,390f,10240,0/0
/spttest/mixed_10K_b9s,3910,10240,0/0
/spttest/mixed_10K_b9t,3911,10240,0/0
/spttest/mixed_10K_b9u,3912,10240,0/0
/spttest/mixed_10K_b9v,3913,10240,0/0
/spttest/mixed_10K_b9w,3914,10240,0/0
/spttest/mixed_10K_b9x,3915,10240,0/0
/spttest/mixed_10K_b9y,3916,10240,0/0
/spttest/mixed_10K_b9z,3917,10240,0/0
/spttest/mixed_10K_ba0,3918,10240,0/0
/spttest/mixed_10K_ba1,3919,10240,0/0
/spttest/mixed_10K_ba2,391a,10240,0/0
/spttest/mixed_10K_ba3,391b,10240,0/0
/spttest/mixed_10K_ba4,391c,10240,0/0
/spttest/mixed_10K_ba5,391d,10240,0/0
/spttest/mixed_10K_ba6,391e,10240,0/0
/spttest/mixed_10K_ba7,391f,10240,0/0
/spttest/mixed_10K_ba8,3920,10240,0/0
/spttest/mixed_10K_ba9,3921,10240,0/0
/spttest/mixed_10K_baa,3922,10240,0/0
/spttest/mixed_10K_bab,3923,10240,0/0
/spttest/mixed_10K_bac,3924,10240,0/0
/spttest/mixed_10K_bad,3925,10240,0/0
/spttest/mixed_10K_bae,3926,10240,0/0
/spttest/mixed_10K_baf,3927,10240,0/0
/spttest/mixed_10K_bag,3928,10240,0/0
/spttest/mixed_10K_bah,3929,10240,0/0
/spttest/mixed_10K_bai,392a,10240,0/0
/spttest/mixed_10K_baj,392b,10240,0/0
/spttest/mixed_10K_bak,392c,10240,0/0
/spttest/mixed_10K_bal,392d,10240,0/0
/spttest/mixed_10K_bam,392e,10240,0/0
/spttest/mixed_10K_ban,392f,10240,0/0
/spttest/mixed_10K_bao,3930,10240,0/0
/spttest/mixed_10K_bap,3931,10240,0/0
/spttest/mixed_10K_baq,3932,10240,0/0
/spttest/mixed_10K_bar,3933,10240,0/0
/spttest/mixed_10K_bas,3934,10240,0/0
/spttest/mixed_10K_bat,3935,10240,0/0
/spttest/mixed_10K_bau,3936,10240,0/0
/spttest/mixed_10K_bav,3937,10240,0/0
/spttest/mixed_10K_baw,3938,10240,0/0
/spttest/mixed_10K_bax,3939,10240,0/0
/spttest/mixed_10K_bay,393a,10240,0/0
/spttest/mixed_10K_baz,393b,10240,0/0
/spttest/mixed_10K_bb0,393c,10240,0/0
/spttest/mixed_10K_bb1,393d,10240,0/0
/spttest/mixed_10K_bb2,393e,10240,0/0
/spttest/mixed_10K_bb3,393f,10240,0/0
/spttest/mixed_10K_bb4,3940,10240,0/0
/spttest/mixed_10K_bb5,3941,10240,0/0
/spttest/mixed_10K_bb6,3942,10240,0/0
/spttest/mixed_10K_bb7,3943,10240,0/0
/spttest/mixed_10K_bb8,3944,10240,0/0
/spttest/mixed_10K_bb9,3945,10240,0/0
/spttest/mixed_10K_bba,3946,10240,0/0
/spttest/mixed_10K_bbb,3947,10240,0/0
/spttest/mixed_10K_bbc,3948,10240,0/0
/spttest/mixed_10K_bbd,3949,10240,0/0
/spttest/mixed_10K_bbe,394a,10240,0/0
/spttest/mixed_10K_bbf,394b,10240,0/0
/spttest/mixed_10K_bbg,394c,10240,0/0
/spttest/mixed_10K_bbh,394d,10240,0/0
/spttest/mixed_10K_bbi,394e,10240,0/0
/spttest/mixed_10K_bbj,394f,10240,0/0
/spttest/mixed_10K_bbk,3950,10240,0/0
/spttest/mixed_10K_bbl,3951,10240,0/0
/spttest/mixed_10K_bbm,3952,10240,0/0
/spttest/mixed_10K_bbn,3953,10240,0/0
/spttest/mixed_10K_bbo,3954,10240,0/0
/spttest/mixed_10K_bbp,3955,10240,0/0
/spttest/mixed_10K_bbq,3956,10240,0/0
/spttest/mixed_10K_bbr,3957,10240,0/0
/spttest/mixed_10K_bbs,3958,10240,0/0
/spttest/mixed_10K_bbt,3959,10240,0/0
/spttest/mixed_10K_bbu,395a,10240,0/0
/spttest/mixed_10K_bbv,395b,10240,0/0
/spttest/mixed_10K_bbw,395c,10240,0/0
/spttest/mixed_10K_bbx,395d,10240,0/0
/spttest/mixed_10K_bby,395e,10240,0/0
/spttest/mixed_10K_bbz,395f,10240,0/0
/spttest/mixed_10K_bc0,3960,10240,0/0
/spttest/mixed_10K_bc1,3961,10240,0/0
/spttest/mixed_10K_bc2,3962,10240,0/0
/spttest/mixed_10K_bc3,3963,10240,0/0
/spttest/mixed_10K_bc4,3964,10240,0/0
/spttest/mixed_10K_bc5,3965,10240,0/0
/spttest/mixed_10K_bc6,3966,10240,0/0
/spttest/mixed_10K_bc7,3967,10240,0/0
/spttest/mixed_10K_bc8,3968,10240,0/0
/spttest/mixed_10K_bc9,3969,10240,0/0
/spttest/mixed_10K_bca,396a,10240,0/0
/spttest/mixed_10K_bcb,396b,10240,0/0
/spttest/mixed_10K_bcc,396c,10240,0/0
/spttest/mixed_10K_bcd,396d,10240,0/0
/spttest/mixed_10K_bce,396e,10240,0/0
/spttest/mixed_10K_bcf,396f,10240,0/0
/spttest/mixed_10K_bcg,3970,10240,0/0
/spttest/mixed_10K_bch,3971,10240,0/0
/spttest/mixed_10K_bci,3972,10240,0/0
/spttest/mixed_10K_bcj,3973,10240,0/0
/spttest/mixed_10K_bck,3974,10240,0/0
/spttest/mixed_10K_bcl,3975,10240,0/0
/spttest/mixed_10K_bcm,3976,10240,0/0
/spttest/mixed_10K_bcn,3977,10240,0/0
/spttest/mixed_10K_bco,3978,10240,0/0
/spttest/mixed_10K_bcp,3979,10240,0/0
/spttest/mixed_10K_bcq,397a,10240,0/0
/spttest/mixed_10K_bcr,397b,10240,0/0
/spttest/mixed_10K_bcs,397c,10240,0/0
/spttest/mixed_10K_bct,397d,10240,0/0
/spttest/mixed_10K_bcu,397e,10240,0/0
/spttest/mixed_10K_bcv,397f,10240,0/0
/spttest/mixed_10K_bcw,3980,10240,0/0
/spttest/mixed_10K_bcx,3981,10240,0/0
/spttest/mixed_10K_bcy,3982,10240,0/0
/spttest/mixed_10K_bcz,3983,10240,0/0
/spttest/mixed_10K_bd0,3984,10240,0/0
/spttest/mixed_10K_bd1,3985,10240,0/0
/spttest/mixed_10K_bd2,3986,10240,0/0
/spttest/mixed_10K_bd3,3987,10240,0/0
/spttest/mixed_10K_bd4,3988,10240,0/0
/spttest/mixed_10K_bd5,3989,10240,0/0
/spttest/mixed_10K_bd6,398a,10240,0/0
/spttest/mixed_10K_bd7,398b,10240,0/0
/spttest/mixed_10K_bd8,398c,10240,0/0
/spttest/mixed_10K_bd9,398d,10240,0/0
/spttest/mixed_10K_bda,398e,10240,0/0
/spttest/mixed_10K_bdb,398f,10240,0/0
/spttest/mixed_10K_bdc,3990,10240,0/0
/spttest/mixed_10K_bdd,3991,10240,0/0
/spttest/mixed_10K_bde,3992,10240,0/0
/spttest/mixed_10K_bdf,3993,10240,0/0
/spttest/mixed_10K_bdg,3994,10240,0/0
/spttest/mixed_10K_bdh,3995,10240,0/0
/spttest/mixed_10K_bdi,3996,10240,0/0
/spttest/mixed_10K_bdj,3997,10240,0/0
/spttest/mixed_10K_bdk,3998,10240,0/0
/spttest/mixed_10K_bdl,3999,10240,0/0
/spttest/mixed_10K_bdm,399a,10240,0/0
/spttest/mixed_10K_bdn,399b,10240,0/0
/spttest/mixed_10K_bdo,399c,10240,0/0
/spttest/mixed_10K_bdp,399d,10240,0/0
/spttest/mixed_10K_bdq,399e,10240,0/0
/spttest/mixed_10K_bdr,399f,10240,0/0
/spttest/mixed_10K_bds,39a0,10240,0/0
/spttest/mixed_10K_bdt,39a1,10240,0/0
/spttest/mixed_10K_bdu,39a2,10240,0/0
/spttest/mixed_10K_bdv,39a3,10240,0/0
/spttest/mixed_10K_bdw,39a4,10240,0/0
/spttest/mixed_10K_bdx,39a5,10240,0/0
/spttest/mixed_10K_bdy,39a6,10240,0/0
/spttest/mixed_10K_bdz,39a7,10240,0/0
/spttest/mixed_10K_be0,39a8,10240,0/0
/spttest/mixed_10K_be1,39a9,10240,0/0
/spttest/mixed_10K_be2,39aa,10240,0/0
/spttest/mixed_10K_be3,39ab,10240,0/0
/spttest/mixed_10K_be4,39ac,10240,0/0
/spttest/mixed_10K_be5,39ad,10240,0/0
/spttest/mixed_10K_be6,39ae,10240,0/0
/spttest/mixed_10K_be7,39af,10240,0/0
/spttest/mixed_10K_be8,39b0,10240,0/0
/spttest/mixed_10K_be9,39b1,10240,0/0
/spttest/mixed_10K_bea,39b2,10240,0/0
/spttest/mixed_10K_beb,39b3,10240,0/0
/spttest/mixed_10K_bec,39b4,10240,0/0
/spttest/mixed_10K_bed,39b5,10240,0/0
/spttest/mixed_10K_bee,39b6,10240,0/0
/spttest/mixed_10K_bef,39b7,10240,0/0
/spttest/mixed_10K_beg,39b8,10240,0/0
/spttest/mixed_10K_beh,39b9,10240,0/0
/spttest/mixed_10K_bei,39ba,10240,0/0
/spttest/mixed_10K_bej,39bb,10240,0/0
/spttest/mixed_10K_bek,39bc,10240,0/0
/spttest/mixed_10K_bel,39bd,10240,0/0
/spttest/mixed_10K_bem,39be,10240,0/0
/spttest/mixed_10K_ben,39bf,10240,0/0
/spttest/mixed_10K_beo,39c0,10240,0/0
/spttest/mixed_10K_bep,39c1,10240,0/0
/spttest/mixed_10K_beq,39c2,10240,0/0
/spttest/mixed_10K_ber,39c3,10240,0/0
/spttest/mixed_10K_bes,39c4,10240,0/0
/spttest/mixed_10K_bet,39c5,10240,0/0
/spttest/mixed_10K_beu,39c6,10240,0/0
/spttest/mixed_10K_bev,39c7,10240,0/0
/spttest/mixed_10K_bew,39c8,10240,0/0
/spttest/mixed_10K_bex,39c9,10240,0/0
/spttest/mixed_10K_bey,39ca,10240,0/0
/spttest/mixed_10K_bez,39cb,10240,0/0
/spttest/mixed_10K_bf0,39cc,10240,0/0
/spttest/mixed_10K_bf1,39cd,10240,0/0
/spttest/mixed_10K_bf2,39ce,10240,0/0
/spttest/mixed_10K_bf3,39cf,10240,0/0
/spttest/mixed_10K_bf4,39d0,10240,0/0
/spttest/mixed_10K_bf5,39d1,10240,0/0
/spttest/mixed_10K_bf6,39d2,10240,0/0
/spttest/mixed_10K_bf7,39d3,10240,0/0
/spttest/mixed_10K_bf8,39d4,10240,0/0
/spttest/mixed_10K_bf9,39d5,10240,0/0
/spttest/mixed_10K_bfa,39d6,10240,0/0
/spttest/mixed_10K_bfb,39d7,10240,0/0
/spttest/mixed_10K_bfc,39d8,10240,0/0
/spttest/mixed_10K_bfd,39d9,10240,0/0
/spttest/mixed_10K_bfe,39da,10240,0/0
/spttest/mixed_10K_bff,39db,10240,0/0
/spttest/mixed_10K_bfg,39dc,10240,0/0
/spttest/mixed_10K_bfh,39dd,10240,0/0
/spttest/mixed_10K_bfi,39de,10240,0/0
/spttest/mixed_10K_bfj,39df,10240,0/0
/spttest/mixed_10K_bfk,39e0,10240,0/0
/spttest/mixed_10K_bfl,39e1,10240,0/0
/spttest/mixed_10K_bfm,39e2,10240,0/0
/spttest/mixed_10K_bfn,39e3,10240,0/0
/spttest/mixed_10K_bfo,39e4,10240,0/0
/spttest/mixed_10K_bfp,39e5,10240,0/0
/spttest/mixed_10K_bfq,39e6,10240,0/0
/spttest/mixed_10K_bfr,39e7,10240,0/0
/spttest/mixed_10K_bfs,39e8,10240,0/0
/spttest/mixed_10K_bft,39e9,10240,0/0
/spttest/mixed_10K_bfu,39ea,10240,0/0
/spttest/mixed_10K_bfv,39eb,10240,0/0
/spttest/mixed_10K_bfw,39ec,10240,0/0
/spttest/mixed_10K_bfx,39ed,10240,0/0
/spttest/mixed_10K_bfy,39ee,10240,0/0
/spttest/mixed_10K_bfz,39ef,10240,0/0
/spttest/mixed_10K_bg0,39f0,10240,0/0
/spttest/mixed_10K_bg1,39f1,10240,0/0
/spttest/mixed_10K_bg2,39f2,10240,0/0
/spttest/mixed_10K_bg3,39f3,10240,0/0
/spttest/mixed_10K_bg4,39f4,10240,0/0
/spttest/mixed_10K_bg5,39f5,10240,0/0
/spttest/mixed_10K_bg6,39f6,10240,0/0
/spttest/mixed_10K_bg7,39f7,10240,0/0
/spttest/mixed_10K_bg8,39f8,10240,0/0
/spttest/mixed_10K_bg9,39f9,10240,0/0
/spttest/mixed_10K_bga,39fa,10240,0/0
/spttest/mixed_10K_bgb,39fb,10240,0/0
/spttest/mixed_10K_bgc,39fc,10240,0/0
/spttest/mixed_10K_bgd,39fd,10240,0/0
/spttest/mixed_10K_bge,39fe,10240,0/0
/spttest/mixed_10K_bgf,39ff,10240,0/0
/spttest/mixed_10K_bgg,3a00,10240,0/0
/spttest/mixed_10K_bgh,3a01,10240,0/0
/spttest/mixed_10K_bgi,3a02,10240,0/0
/spttest/mixed_10K_bgj,3a03,10240,0/0
/spttest/mixed_10K_bgk,3a04,10240,0/0
/spttest/mixed_10K_bgl,3a05,10240,0/0
/spttest/mixed_10K_bgm,3a06,10240,0/0
/spttest/mixed_10K_bgn,3a07,10240,0/0
/spttest/mixed_10K_bgo,3a08,10240,0/0
/spttest/mixed_10K_bgp,3a09,10240,0/0
/spttest/mixed_10K_bgq,3a0a,10240,0/0
/spttest/mixed_10K_bgr,3a0b,10240,0/0
/spttest/mixed_10K_bgs,3a0c,10240,0/0
/spttest/mixed_10K_bgt,3a0d,10240,0/0
/spttest/mixed_10K_bgu,3a0e,10240,0/0
/spttest/mixed_10K_bgv,3a0f,10240,0/0
/spttest/mixed_10K_bgw,3a10,10240,0/0
/spttest/mixed_10K_bgx,3a11,10240,0/0
/spttest/mixed_10K_bgy,3a12,10240,0/0
/spttest/mixed_10K_bgz,3a13,10240,0/0
/spttest/mixed_10K_bh0,3a14,10240,0/0
/spttest/mixed_10K_bh1,3a15,10240,0/0
/spttest/mixed_10K_bh2,3a16,10240,0/0
/spttest/mixed_10K_bh3,3a17,10240,0/0
/spttest/mixed_10K_bh4,3a18,10240,0/0
/spttest/mixed_10K_bh5,3a19,10240,0/0
/spttest/mixed_10K_bh6,3a1a,10240,0/0
/spttest/mixed_10K_bh7,3a1b,10240,0/0
/spttest/mixed_10K_bh8,3a1c,10240,0/0
/spttest/mixed_10K_bh9,3a1d,10240,0/0
/spttest/mixed_10K_bha,3a1e,10240,0/0
/spttest/mixed_10K_bhb,3a1f,10240,0/0
/spttest/mixed_10K_bhc,3a20,10240,0/0
/spttest/mixed_10K_bhd,3a21,10240,0/0
/spttest/mixed_10K_bhe,3a22,10240,0/0
/spttest/mixed_10K_bhf,3a23,10240,0/0
/spttest/mixed_10K_bhg,3a24,10240,0/0
/spttest/mixed_10K_bhh,3a25,10240,0/0
/spttest/mixed_10K_bhi,3a26,10240,0/0
/spttest/mixed_10K_bhj,3a27,10240,0/0
/spttest/mixed_10K_bhk,3a28,10240,0/0
/spttest/mixed_10K_bhl,3a29,10240,0/0
/spttest/mixed_10K_bhm,3a2a,10240,0/0
/spttest/mixed_10K_bhn,3a2b,10240,0/0
/spttest/mixed_10K_bho,3a2c,10240,0/0
/spttest/mixed_10K_bhp,3a2d,10240,0/0
/spttest/mixed_10K_bhq,3a2e,10240,0/0
/spttest/mixed_10K_bhr,3a2f,10240,0/0
/spttest/mixed_10K_bhs,3a30,10240,0/0
/spttest/mixed_10K_bht,3a31,10240,0/0
/spttest/mixed_10K_bhu,3a32,10240,0/0
/spttest/mixed_10K_bhv,3a33,10240,0/0
/spttest/mixed_10K_bhw,3a34,10240,0/0
/spttest/mixed_10K_bhx,3a35,10240,0/0
/spttest/mixed_10K_bhy,3a36,10240,0/0
/spttest/mixed_10K_bhz,3a37,10240,0/0
/spttest/mixed_10K_bi0,3a38,10240,0/0
/spttest/mixed_10K_bi1,3a39,10240,0/0
/spttest/mixed_10K_bi2,3a3a,10240,0/0
/spttest/mixed_10K_bi3,3a3b,10240,0/0
/spttest/mixed_10K_bi4,3a3c,10240,0/0
/spttest/mixed_10K_bi5,3a3d,10240,0/0
/spttest/mixed_10K_bi6,3a3e,10240,0/0
/spttest/mixed_10K_bi7,3a3f,10240,0/0
/spttest/mixed_10K_bi8,3a40,10240,0/0
/spttest/mixed_10K_bi9,3a41,10240,0/0
/spttest/mixed_10K_bia,3a42,10240,0/0
/spttest/mixed_10K_bib,3a43,10240,0/0
/spttest/mixed_10K_bic,3a44,10240,0/0
/spttest/mixed_10K_bid,3a45,10240,0/0
/spttest/mixed_10K_bie,3a46,10240,0/0
/spttest/mixed_10K_bif,3a47,10240,0/0
/spttest/mixed_10K_big,3a48,10240,0/0
/spttest/mixed_10K_bih,3a49,10240,0/0
/spttest/mixed_10K_bii,3a4a,10240,0/0
/spttest/mixed_10K_bij,3a4b,10240,0/0
/spttest/mixed_10K_bik,3a4c,10240,0/0
/spttest/mixed_10K_bil,3a4d,10240,0/0
/spttest/mixed_10K_bim,3a4e,10240,0/0
/spttest/mixed_10K_bin,3a4f,10240,0/0
/spttest/mixed_10K_bio,3a50,10240,0/0
/spttest/mixed_10K_bip,3a51,10240,0/0
/spttest/mixed_10K_biq,3a52,10240,0/0
/spttest/mixed_10K_bir,3a53,10240,0/0
/spttest/mixed_10K_bis,3a54,10240,0/0
/spttest/mixed_10K_bit,3a55,10240,0/0
/spttest/mixed_10K_biu,3a56,10240,0/0
/spttest/mixed_10K_biv,3a57,10240,0/0
/spttest/mixed_10K_biw,3a58,10240,0/0
/spttest/mixed_10K_bix,3a59,10240,0/0
/spttest/mixed_10K_biy,3a5a,10240,0/0
/spttest/mixed_10K_biz,3a5b,10240,0/0
/spttest/mixed_10K_bj0,3a5c,10240,0/0
/spttest/mixed_10K_bj1,3a5d,10240,0/0
/spttest/mixed_10K_bj2,3a5e,10240,0/0
/spttest/mixed_10K_bj3,3a5f,10240,0/0
/spttest/mixed_10K_bj4,3a60,10240,0/0
/spttest/mixed_10K_bj5,3a61,10240,0/0
/spttest/mixed_10K_bj6,3a62,10240,0/0
/spttest/mixed_10K_bj7,3a63,10240,0/0
/spttest/mixed_10K_bj8,3a64,10240,0/0
/spttest/mixed_10K_bj9,3a65,10240,0/0
/spttest/mixed_10K_bja,3a66,10240,0/0
/spttest/mixed_10K_bjb,3a67,10240,0/0
/spttest/mixed_10K_bjc,3a68,10240,0/0
/spttest/mixed_10K_bjd,3a69,10240,0/0
/spttest/mixed_10K_bje,3a6a,10240,0/0
/spttest/mixed_10K_bjf,3a6b,10240,0/0
/spttest/mixed_10K_bjg,3a6c,10240,0/0
/spttest/mixed_10K_bjh,3a6d,10240,0/0
/spttest/mixed_10K_bji,3a6e,10240,0/0
/spttest/mixed_10K_bjj,3a6f,10240,0/0
/spttest/mixed_10K_bjk,3a70,10240,0/0
/spttest/mixed_10K_bjl,3a71,10240,0/0
/spttest/mixed_10K_bjm,3a72,10240,0/0
/spttest/mixed_10K_bjn,3a73,10240,0/0
/spttest/mixed_10K_bjo,3a74,10240,0/0
/spttest/mixed_10K_bjp,3a75,10240,0/0
/spttest/mixed_10K_bjq,3a76,10240,0/0
/spttest/mixed_10K_bjr,3a77,10240,0/0
/spttest/mixed_10K_bjs,3a78,10240,0/0
/spttest/mixed_10K_bjt,3a79,10240,0/0
/spttest/mixed_10K_bju,3a7a,10240,0/0
/spttest/mixed_10K_bjv,3a7b,10240,0/0
/spttest/mixed_10K_bjw,3a7c,10240,0/0
/spttest/mixed_10K_bjx,3a7d,10240,0/0
/spttest/mixed_10K_bjy,3a7e,10240,0/0
/spttest/mixed_10K_bjz,3a7f,10240,0/0
/spttest/mixed_10K_bk0,3a80,10240,0/0
/spttest/mixed_10K_bk1,3a81,10240,0/0
/spttest/mixed_10K_bk2,3a82,10240,0/0
/spttest/mixed_10K_bk3,3a83,10240,0/0
/spttest/mixed_10K_bk4,3a84,10240,0/0
/spttest/mixed_10K_bk5,3a85,10240,0/0
/spttest/mixed_10K_bk6,3a86,10240,0/0
/spttest/mixed_10K_bk7,3a87,10240,0/0
/spttest/mixed_10K_bk8,3a88,10240,0/0
/spttest/mixed_10K_bk9,3a89,10240,0/0
/spttest/mixed_10K_bka,3a8a,10240,0/0
/spttest/mixed_10K_bkb,3a8b,10240,0/0
/spttest/mixed_10K_bkc,3a8c,10240,0/0
/spttest/mixed_10K_bkd,3a8d,10240,0/0
/spttest/mixed_10K_bke,3a8e,10240,0/0
/spttest/mixed_10K_bkf,3a8f,10240,0/0
/spttest/mixed_10K_bkg,3a90,10240,0/0
/spttest/mixed_10K_bkh,3a91,10240,0/0
/spttest/mixed_10K_bki,3a92,10240,0/0
/spttest/mixed_10K_bkj,3a93,10240,0/0
/spttest/mixed_10K_bkk,3a94,10240,0/0
/spttest/mixed_10K_bkl,3a95,10240,0/0
/spttest/mixed_10K_bkm,3a96,10240,0/0
/spttest/mixed_10K_bkn,3a97,10240,0/0
/spttest/mixed_10K_bko,3a98,10240,0/0
/spttest/mixed_10K_bkp,3a99,10240,0/0
/spttest/mixed_10K_bkq,3a9a,10240,0/0
/spttest/mixed_10K_bkr,3a9b,10240,0/0
/spttest/mixed_10K_bks,3a9c,10240,0/0
/spttest/mixed_10K_bkt,3a9d,10240,0/0
/spttest/mixed_10K_bku,3a9e,10240,0/0
/spttest/mixed_10K_bkv,3a9f,10240,0/0
/spttest/mixed_10K_bkw,3aa0,10240,0/0
/spttest/mixed_10K_bkx,3aa1,10240,0/0
/spttest/mixed_10K_bky,3aa2,10240,0/0
/spttest/mixed_10K_bkz,3aa3,10240,0/0
/spttest/mixed_10K_bl0,3aa4,10240,0/0
/spttest/mixed_10K_bl1,3aa5,10240,0/0
/spttest/mixed_10K_bl2,3aa6,10240,0/0
/spttest/mixed_10K_bl3,3aa7,10240,0/0
/spttest/mixed_10K_bl4,3aa8,10240,0/0
/spttest/mixed_10K_bl5,3aa9,10240,0/0
/spttest/mixed_10K_bl6,3aaa,10240,0/0
/spttest/mixed_10K_bl7,3aab,10240,0/0
/spttest/mixed_10K_bl8,3aac,10240,0/0
/spttest/mixed_10K_bl9,3aad,10240,0/0
/spttest/mixed_10K_bla,3aae,10240,0/0
/spttest/mixed_10K_blb,3aaf,10240,0/0
/spttest/mixed_10K_blc,3ab0,10240,0/0
/spttest/mixed_10K_bld,3ab1,10240,0/0
/spttest/mixed_10K_ble,3ab2,10240,0/0
/spttest/mixed_10K_blf,3ab3,10240,0/0
/spttest/mixed_10K_blg,3ab4,10240,0/0
/spttest/mixed_10K_blh,3ab5,10240,0/0
/spttest/mixed_10K_bli,3ab6,10240,0/0
/spttest/mixed_10K_blj,3ab7,10240,0/0
/spttest/mixed_10K_blk,3ab8,10240,0/0
/spttest/mixed_10K_bll,3ab9,10240,0/0
/spttest/mixed_10K_blm,3aba,10240,0/0
/spttest/mixed_10K_bln,3abb,10240,0/0
/spttest/mixed_10K_blo,3abc,10240,0/0
/spttest/mixed_10K_blp,3abd,10240,0/0
/spttest/mixed_10K_blq,3abe,10240,0/0
/spttest/mixed_10K_blr,3abf,10240,0/0
/spttest/mixed_10K_bls,3ac0,10240,0/0
/spttest/mixed_10K_blt,3ac1,10240,0/0
/spttest/mixed_10K_blu,3ac2,10240,0/0
/spttest/mixed_10K_blv,3ac3,10240,0/0
/spttest/mixed_10K_blw,3ac4,10240,0/0
/spttest/mixed_10K_blx,3ac5,10240,0/0
/spttest/mixed_10K_bly,3ac6,10240,0/0
/spttest/mixed_10K_blz,3ac7,10240,0/0
/spttest/mixed_10K_bm0,3ac8,10240,0/0
/spttest/mixed_10K_bm1,3ac9,10240,0/0
/spttest/mixed_10K_bm2,3aca,10240,0/0
/spttest/mixed_10K_bm3,3acb,10240,0/0
/spttest/mixed_10K_bm4,3acc,10240,0/0
/spttest/mixed_10K_bm5,3acd,10240,0/0
/spttest/mixed_10K_bm6,3ace,10240,0/0
/spttest/mixed_10K_bm7,3acf,10240,0/0
/spttest/mixed_10K_bm8,3ad0,10240,0/0
/spttest/mixed_10K_bm9,3ad1,10240,0/0
/spttest/mixed_10K_bma,3ad2,10240,0/0
/spttest/mixed_10K_bmb,3ad3,10240,0/0
/spttest/mixed_10K_bmc,3ad4,10240,0/0
/spttest/mixed_10K_bmd,3ad5,10240,0/0
/spttest/mixed_10K_bme,3ad6,10240,0/0
/spttest/mixed_10K_bmf,3ad7,10240,0/0
/spttest/mixed_10K_bmg,3ad8,10240,0/0
/spttest/mixed_10K_bmh,3ad9,10240,0/0
/spttest/mixed_10K_bmi,3ada,10240,0/0
/spttest/mixed_10K_bmj,3adb,10240,0/0
/spttest/mixed_10K_bmk,3adc,10240,0/0
/spttest/mixed_10K_bml,3add,10240,0/0
/spttest/mixed_10K_bmm,3ade,10240,0/0
/spttest/mixed_10K_bmn,3adf,10240,0/0
/spttest/mixed_10K_bmo,3ae0,10240,0/0
/spttest/mixed_10K_bmp,3ae1,10240,0/0
/spttest/mixed_10K_bmq,3ae2,10240,0/0
/spttest/mixed_10K_bmr,3ae3,10240,0/0
/spttest/mixed_10K_bms,3ae4,10240,0/0
/spttest/mixed_10K_bmt,3ae5,10240,0/0
/spttest/mixed_10K_bmu,3ae6,10240,0/0
/spttest/mixed_10K_bmv,3ae7,10240,0/0
/spttest/mixed_10K_bmw,3ae8,10240,0/0
/spttest/mixed_10K_bmx,3ae9,10240,0/0
/spttest/mixed_10K_bmy,3aea,10240,0/0
/spttest/mixed_10K_bmz,3aeb,10240,0/0
/spttest/mixed_10K_bn0,3aec,10240,0/0
/spttest/mixed_10K_bn1,3aed,10240,0/0
/spttest/mixed_10K_bn2,3aee,10240,0/0
/spttest/mixed_10K_bn3,3aef,10240,0/0
/spttest/mixed_10K_bn4,3af0,10240,0/0
/spttest/mixed_10K_bn5,3af1,10240,0/0
/spttest/mixed_10K_bn6,3af2,10240,0/0
/spttest/mixed_10K_bn7,3af3,10240,0/0
/spttest/mixed_10K_bn8,3af4,10240,0/0
/spttest/mixed_10K_bn9,3af5,10240,0/0
/spttest/mixed_10K_bna,3af6,10240,0/0
/spttest/mixed_10K_bnb,3af7,10240,0/0
/spttest/mixed_10K_bnc,3af8,10240,0/0
/spttest/mixed_10K_bnd,3af9,10240,0/0
/spttest/mixed_10K_bne,3afa,10240,0/0
/spttest/mixed_10K_bnf,3afb,10240,0/0
/spttest/mixed_10K_bng,3afc,10240,0/0
/spttest/mixed_10K_bnh,3afd,10240,0/0
/spttest/mixed_10K_bni,3afe,10240,0/0
/spttest/mixed_10K_bnj,3aff,10240,0/0
/spttest/mixed_10K_bnk,3b00,10240,0/0
/spttest/mixed_10K_bnl,3b01,10240,0/0
/spttest/mixed_10K_bnm,3b02,10240,0/0
/spttest/mixed_10K_bnn,3b03,10240,0/0
/spttest/mixed_10K_bno,3b04,10240,0/0
/spttest/mixed_10K_bnp,3b05,10240,0/0
/spttest/mixed_10K_bnq,3b06,10240,0/0
/spttest/mixed_10K_bnr,3b07,10240,0/0
/spttest/mixed_10K_bns,3b08,10240,0/0
/spttest/mixed_10K_bnt,3b09,10240,0/0
/spttest/mixed_10K_bnu,3b0a,10240,0/0
/spttest/mixed_10K_bnv,3b0b,10240,0/0
/spttest/mixed_10K_bnw,3b0c,10240,0/0
/spttest/mixed_10K_bnx,3b0d,10240,0/0
/spttest/mixed_10K_bny,3b0e,10240,0/0
/spttest/mixed_10K_bnz,3b0f,10240,0/0
/spttest/mixed_10K_bo0,3b10,10240,0/0
/spttest/mixed_10K_bo1,3b11,10240,0/0
/spttest/mixed_10K_bo2,3b12,10240,0/0
/spttest/mixed_10K_bo3,3b13,10240,0/0
/spttest/mixed_10K_bo4,3b14,10240,0/0
/spttest/mixed_10K_bo5,3b15,10240,0/0
/spttest/mixed_10K_bo6,3b16,10240,0/0
/spttest/mixed_10K_bo7,3b17,10240,0/0
/spttest/mixed_10K_bo8,3b18,10240,0/0
/spttest/mixed_10K_bo9,3b19,10240,0/0
/spttest/mixed_10K_boa,3b1a,10240,0/0
/spttest/mixed_10K_bob,3b1b,10240,0/0
/spttest/mixed_10K_boc,3b1c,10240,0/0
/spttest/mixed_10K_bod,3b1d,10240,0/0
/spttest/mixed_10K_boe,3b1e,10240,0/0
/spttest/mixed_10K_bof,3b1f,10240,0/0
/spttest/mixed_10K_bog,3b20,10240,0/0
/spttest/mixed_10K_boh,3b21,10240,0/0
/spttest/mixed_10K_boi,3b22,10240,0/0
/spttest/mixed_10K_boj,3b23,10240,0/0
/spttest/mixed_10K_bok,3b24,10240,0/0
/spttest/mixed_10K_bol,3b25,10240,0/0
/spttest/mixed_10K_bom,3b26,10240,0/0
/spttest/mixed_10K_bon,3b27,10240,0/0
/spttest/mixed_10K_boo,3b28,10240,0/0
/spttest/mixed_10K_bop,3b29,10240,0/0
/spttest/mixed_10K_boq,3b2a,10240,0/0
/spttest/mixed_10K_bor,3b2b,10240,0/0
/spttest/mixed_10K_bos,3b2c,10240,0/0
/spttest/mixed_10K_bot,3b2d,10240,0/0
/spttest/mixed_10K_bou,3b2e,10240,0/0
/spttest/mixed_10K_bov,3b2f,10240,0/0
/spttest/mixed_10K_bow,3b30,10240,0/0
/spttest/mixed_10K_box,3b31,10240,0/0
/spttest/mixed_10K_boy,3b32,10240,0/0
/spttest/mixed_10K_boz,3b33,10240,0/0
/spttest/mixed_10K_bp0,3b34,10240,0/0
/spttest/mixed_10K_bp1,3b35,10240,0/0
/spttest/mixed_10K_bp2,3b36,10240,0/0
/spttest/mixed_10K_bp3,3b37,10240,0/0
/spttest/mixed_10K_bp4,3b38,10240,0/0
/spttest/mixed_10K_bp5,3b39,10240,0/0
/spttest/mixed_10K_bp6,3b3a,10240,0/0
/spttest/mixed_10K_bp7,3b3b,10240,0/0
/spttest/mixed_10K_bp8,3b3c,10240,0/0
/spttest/mixed_10K_bp9,3b3d,10240,0/0
/spttest/mixed_10K_bpa,3b3e,10240,0/0
/spttest/mixed_10K_bpb,3b3f,10240,0/0
/spttest/mixed_10K_bpc,3b40,10240,0/0
/spttest/mixed_10K_bpd,3b41,10240,0/0
/spttest/mixed_10K_bpe,3b42,10240,0/0
/spttest/mixed_10K_bpf,3b43,10240,0/0
/spttest/mixed_10K_bpg,3b44,10240,0/0
/spttest/mixed_10K_bph,3b45,10240,0/0
/spttest/mixed_10K_bpi,3b46,10240,0/0
/spttest/mixed_10K_bpj,3b47,10240,0/0
/spttest/mixed_10K_bpk,3b48,10240,0/0
/spttest/mixed_10K_bpl,3b49,10240,0/0
/spttest/mixed_10K_bpm,3b4a,10240,0/0
/spttest/mixed_10K_bpn,3b4b,10240,0/0
/spttest/mixed_10K_bpo,3b4c,10240,0/0
/spttest/mixed_10K_bpp,3b4d,10240,0/0
/spttest/mixed_10K_bpq,3b4e,10240,0/0
/spttest/mixed_10K_bpr,3b4f,10240,0/0
/spttest/mixed_10K_bps,3b50,10240,0/0
/spttest/mixed_10K_bpt,3b51,10240,0/0
/spttest/mixed_10K_bpu,3b52,10240,0/0
/spttest/mixed_10K_bpv,3b53,10240,0/0
/spttest/mixed_10K_bpw,3b54,10240,0/0
/spttest/mixed_10K_bpx,3b55,10240,0/0
/spttest/mixed_10K_bpy,3b56,10240,0/0
/spttest/mixed_10K_bpz,3b57,10240,0/0
/spttest/mixed_10K_bq0,3b58,10240,0/0
/spttest/mixed_10K_bq1,3b59,10240,0/0
/spttest/mixed_10K_bq2,3b5a,10240,0/0
/spttest/mixed_10K_bq3,3b5b,10240,0/0
/spttest/mixed_10K_bq4,3b5c,10240,0/0
/spttest/mixed_10K_bq5,3b5d,10240,0/0
/spttest/mixed_10K_bq6,3b5e,10240,0/0
/spttest/mixed_10K_bq7,3b5f,10240,0/0
/spttest/mixed_10K_bq8,3b60,10240,0/0
/spttest/mixed_10K_bq9,3b61,10240,0/0
/spttest/mixed_10K_bqa,3b62,10240,0/0
/spttest/mixed_10K_bqb,3b63,10240,0/0
/spttest/mixed_10K_bqc,3b64,10240,0/0
/spttest/mixed_10K_bqd,3b65,10240,0/0
/spttest/mixed_10K_bqe,3b66,10240,0/0
/spttest/mixed_10K_bqf,3b67,10240,0/0
/spttest/mixed_10K_bqg,3b68,10240,0/0
/spttest/mixed_10K_bqh,3b69,10240,0/0
/spttest/mixed_10K_bqi,3b6a,10240,0/0
/spttest/mixed_10K_bqj,3b6b,10240,0/0
/spttest/mixed_10K_bqk,3b6c,10240,0/0
/spttest/mixed_10K_bql,3b6d,10240,0/0
/spttest/mixed_10K_bqm,3b6e,10240,0/0
/spttest/mixed_10K_bqn,3b6f,10240,0/0
/spttest/mixed_10K_bqo,3b70,10240,0/0
/spttest/mixed_10K_bqp,3b71,10240,0/0
/spttest/mixed_10K_bqq,3b72,10240,0/0
/spttest/mixed_10K_bqr,3b73,10240,0/0
/spttest/mixed_10K_bqs,3b74,10240,0/0
/spttest/mixed_10K_bqt,3b75,10240,0/0
/spttest/mixed_10K_bqu,3b76,10240,0/0
/spttest/mixed_10K_bqv,3b77,10240,0/0
/spttest/mixed_10K_bqw,3b78,10240,0/0
/spttest/mixed_10K_bqx,3b79,10240,0/0
/spttest/mixed_10K_bqy,3b7a,10240,0/0
/spttest/mixed_10K_bqz,3b7b,10240,0/0
/spttest/mixed_10K_br0,3b7c,10240,0/0
/spttest/mixed_10K_br1,3b7d,10240,0/0
/spttest/mixed_10K_br2,3b7e,10240,0/0
/spttest/mixed_10K_br3,3b7f,10240,0/0
/spttest/mixed_10K_br4,3b80,10240,0/0
/spttest/mixed_10K_br5,3b81,10240,0/0
/spttest/mixed_10K_br6,3b82,10240,0/0
/spttest/mixed_10K_br7,3b83,10240,0/0
/spttest/mixed_10K_br8,3b84,10240,0/0
/spttest/mixed_10K_br9,3b85,10240,0/0
/spttest/mixed_10K_bra,3b86,10240,0/0
/spttest/mixed_10K_brb,3b87,10240,0/0
/spttest/mixed_10K_brc,3b88,10240,0/0
/spttest/mixed_10K_brd,3b89,10240,0/0
/spttest/mixed_10K_bre,3b8a,10240,0/0
/spttest/mixed_10K_brf,3b8b,10240,0/0
/spttest/mixed_10K_brg,3b8c,10240,0/0
/spttest/mixed_10K_brh,3b8d,10240,0/0
/spttest/mixed_10K_bri,3b8e,10240,0/0
/spttest/mixed_10K_brj,3b8f,10240,0/0
/spttest/mixed_10K_brk,3b90,10240,0/0
/spttest/mixed_10K_brl,3b91,10240,0/0
/spttest/mixed_10K_brm,3b92,10240,0/0
/spttest/mixed_10K_brn,3b93,10240,0/0
/spttest/mixed_10K_bro,3b94,10240,0/0
/spttest/mixed_10K_brp,3b95,10240,0/0
/spttest/mixed_10K_brq,3b96,10240,0/0
/spttest/mixed_10K_brr,3b97,10240,0/0
/spttest/mixed_10K_brs,3b98,10240,0/0
/spttest/mixed_10K_brt,3b99,10240,0/0
/spttest/mixed_10K_bru,3b9a,10240,0/0
/spttest/mixed_10K_brv,3b9b,10240,0/0
/spttest/mixed_10K_brw,3b9c,10240,0/0
/spttest/mixed_10K_brx,3b9d,10240,0/0
/spttest/mixed_10K_bry,3b9e,10240,0/0
/spttest/mixed_10K_brz,3b9f,10240,0/0
/spttest/mixed_10K_bs0,3ba0,10240,0/0
/spttest/mixed_10K_bs1,3ba1,10240,0/0
/spttest/mixed_10K_bs2,3ba2,10240,0/0
/spttest/mixed_10K_bs3,3ba3,10240,0/0
/spttest/mixed_10K_bs4,3ba4,10240,0/0
/spttest/mixed_10K_bs5,3ba5,10240,0/0
/spttest/mixed_10K_bs6,3ba6,10240,0/0
/spttest/mixed_10K_bs7,3ba7,10240,0/0
/spttest/mixed_10K_bs8,3ba8,10240,0/0
/spttest/mixed_10K_bs9,3ba9,10240,0/0
/spttest/mixed_10K_bsa,3baa,10240,0/0
/spttest/mixed_10K_bsb,3bab,10240,0/0
/spttest/mixed_10K_bsc,3bac,10240,0/0
/spttest/mixed_10K_bsd,3bad,10240,0/0
/spttest/mixed_10K_bse,3bae,10240,0/0
/spttest/mixed_10K_bsf,3baf,10240,0/0
/spttest/mixed_10K_bsg,3bb0,10240,0/0
/spttest/mixed_10K_bsh,3bb1,10240,0/0
/spttest/mixed_10K_bsi,3bb2,10240,0/0
/spttest/mixed_10K_bsj,3bb3,10240,0/0
/spttest/mixed_10K_bsk,3bb4,10240,0/0
/spttest/mixed_10K_bsl,3bb5,10240,0/0
/spttest/mixed_10K_bsm,3bb6,10240,0/0
/spttest/mixed_10K_bsn,3bb7,10240,0/0
/spttest/mixed_10K_bso,3bb8,10240,0/0
/spttest/mixed_10K_bsp,3bb9,10240,0/0
/spttest/mixed_10K_bsq,3bba,10240,0/0
/spttest/mixed_10K_bsr,3bbb,10240,0/0
/spttest/mixed_10K_bss,3bbc,10240,0/0
/spttest/mixed_10K_bst,3bbd,10240,0/0
/spttest/mixed_10K_bsu,3bbe,10240,0/0
/spttest/mixed_10K_bsv,3bbf,10240,0/0
/spttest/mixed_10K_bsw,3bc0,10240,0/0
/spttest/mixed_10K_bsx,3bc1,10240,0/0
/spttest/mixed_10K_bsy,3bc2,10240,0/0
/spttest/mixed_10K_bsz,3bc3,10240,0/0
/spttest/mixed_10K_bt0,3bc4,10240,0/0
/spttest/mixed_10K_bt1,3bc5,10240,0/0
/spttest/mixed_10K_bt2,3bc6,10240,0/0
/spttest/mixed_10K_bt3,3bc7,10240,0/0
/spttest/mixed_10K_bt4,3bc8,10240,0/0
/spttest/mixed_10K_bt5,3bc9,10240,0/0
/spttest/mixed_10K_bt6,3bca,10240,0/0
/spttest/mixed_10K_bt7,3bcb,10240,0/0
/spttest/mixed_10K_bt8,3bcc,10240,0/0
/spttest/mixed_10K_bt9,3bcd,10240,0/0
/spttest/mixed_10K_bta,3bce,10240,0/0
/spttest/mixed_10K_btb,3bcf,10240,0/0
/spttest/mixed_10K_btc,3bd0,10240,0/0
/spttest/mixed_10K_btd,3bd1,10240,0/0
/spttest/mixed_10K_bte,3bd2,10240,0/0
/spttest/mixed_10K_btf,3bd3,10240,0/0
/spttest/mixed_10K_btg,3bd4,10240,0/0
/spttest/mixed_10K_bth,3bd5,10240,0/0
/spttest/mixed_10K_bti,3bd6,10240,0/0
/spttest/mixed_10K_btj,3bd7,10240,0/0
/spttest/mixed_10K_btk,3bd8,10240,0/0
/spttest/mixed_10K_btl,3bd9,10240,0/0
/spttest/mixed_10K_btm,3bda,10240,0/0
/spttest/mixed_10K_btn,3bdb,10240,0/0
/spttest/mixed_10K_bto,3bdc,10240,0/0
/spttest/mixed_10K_btp,3bdd,10240,0/0
/spttest/mixed_10K_btq,3bde,10240,0/0
/spttest/mixed_10K_btr,3bdf,10240,0/0
/spttest/mixed_10K_bts,3be0,10240,0/0
/spttest/mixed_10K_btt,3be1,10240,0/0
/spttest/mixed_10K_btu,3be2,10240,0/0
/spttest/mixed_10K_btv,3be3,10240,0/0
/spttest/mixed_10K_btw,3be4,10240,0/0
/spttest/mixed_10K_btx,3be5,10240,0/0
/spttest/mixed_10K_bty,3be6,10240,0/0
/spttest/mixed_10K_btz,3be7,10240,0/0
/spttest/mixed_10K_bu0,3be8,10240,0/0
/spttest/mixed_10K_bu1,3be9,10240,0/0
/spttest/mixed_10K_bu2,3bea,10240,0/0
/spttest/mixed_10K_bu3,3beb,10240,0/0
/spttest/mixed_10K_bu4,3bec,10240,0/0
/spttest/mixed_10K_bu5,3bed,10240,0/0
/spttest/mixed_10K_bu6,3bee,10240,0/0
/spttest/mixed_10K_bu7,3bef,10240,0/0
/spttest/mixed_10K_bu8,3bf0,10240,0/0
/spttest/mixed_10K_bu9,3bf1,10240,0/0
/spttest/mixed_10K_bua,3bf2,10240,0/0
/spttest/mixed_10K_bub,3bf3,10240,0/0
/spttest/mixed_10K_buc,3bf4,10240,0/0
/spttest/mixed_10K_bud,3bf5,10240,0/0
/spttest/mixed_10K_bue,3bf6,10240,0/0
/spttest/mixed_10K_buf,3bf7,10240,0/0
/spttest/mixed_10K_bug,3bf8,10240,0/0
/spttest/mixed_10K_buh,3bf9,10240,0/0
/spttest/mixed_10K_bui,3bfa,10240,0/0
/spttest/mixed_10K_buj,3bfb,10240,0/0
/spttest/mixed_10K_buk,3bfc,10240,0/0
/spttest/mixed_10K_bul,3bfd,10240,0/0
/spttest/mixed_10K_bum,3bfe,10240,0/0
/spttest/mixed_10K_bun,3bff,10240,0/0
/spttest/mixed_10K_buo,3c00,10240,0/0
/spttest/mixed_10K_bup,3c01,10240,0/0
/spttest/mixed_10K_buq,3c02,10240,0/0
/spttest/mixed_10K_bur,3c03,10240,0/0
/spttest/mixed_10K_bus,3c04,10240,0/0
/spttest/mixed_10K_but,3c05,10240,0/0
/spttest/mixed_10K_buu,3c06,10240,0/0
/spttest/mixed_10K_buv,3c07,10240,0/0
/spttest/mixed_10K_buw,3c08,10240,0/0
/spttest/mixed_10K_bux,3c09,10240,0/0
/spttest/mixed_10K_buy,3c0a,10240,0/0
/spttest/mixed_10K_buz,3c0b,10240,0/0
/spttest/mixed_10K_bv0,3c0c,10240,0/0
/spttest/mixed_10K_bv1,3c0d,10240,0/0
/spttest/mixed_10K_bv2,3c0e,10240,0/0
/spttest/mixed_10K_bv3,3c0f,10240,0/0
/spttest/mixed_10K_bv4,3c10,10240,0/0
/spttest/mixed_10K_bv5,3c11,10240,0/0
/spttest/mixed_10K_bv6,3c12,10240,0/0
/spttest/mixed_10K_bv7,3c13,10240,0/0
/spttest/mixed_10K_bv8,3c14,10240,0/0
/spttest/mixed_10K_bv9,3c15,10240,0/0
/spttest/mixed_10K_bva,3c16,10240,0/0
/spttest/mixed_10K_bvb,3c17,10240,0/0
/spttest/mixed_10K_bvc,3c18,10240,0/0
/spttest/mixed_10K_bvd,3c19,10240,0/0
/spttest/mixed_10K_bve,3c1a,10240,0/0
/spttest/mixed_10K_bvf,3c1b,10240,0/0
/spttest/mixed_10K_bvg,3c1c,10240,0/0
/spttest/mixed_10K_bvh,3c1d,10240,0/0
/spttest/mixed_10K_bvi,3c1e,10240,0/0
/spttest/mixed_10K_bvj,3c1f,10240,0/0
/spttest/mixed_10K_bvk,3c20,10240,0/0
/spttest/mixed_10K_bvl,3c21,10240,0/0
/spttest/mixed_10K_bvm,3c22,10240,0/0
/spttest/mixed_10K_bvn,3c23,10240,0/0
/spttest/mixed_10K_bvo,3c24,10240,0/0
/spttest/mixed_10K_bvp,3c25,10240,0/0
/spttest/mixed_10K_bvq,3c26,10240,0/0
/spttest/mixed_10K_bvr,3c27,10240,0/0
/spttest/mixed_10K_bvs,3c28,10240,0/0
/spttest/mixed_10K_bvt,3c29,10240,0/0
/spttest/mixed_10K_bvu,3c2a,10240,0/0
/spttest/mixed_10K_bvv,3c2b,10240,0/0
/spttest/mixed_10K_bvw,3c2c,10240,0/0
/spttest/mixed_10K_bvx,3c2d,10240,0/0
/spttest/mixed_10K_bvy,3c2e,10240,0/0
/spttest/mixed_10K_bvz,3c2f,10240,0/0
/spttest/mixed_10K_bw0,3c30,10240,0/0
/spttest/mixed_10K_bw1,3c31,10240,0/0
/spttest/mixed_10K_bw2,3c32,10240,0/0
/spttest/mixed_10K_bw3,3c33,10240,0/0
/spttest/mixed_10K_bw4,3c34,10240,0/0
/spttest/mixed_10K_bw5,3c35,10240,0/0
/spttest/mixed_10K_bw6,3c36,10240,0/0
/spttest/mixed_10K_bw7,3c37,10240,0/0
/spttest/mixed_10K_bw8,3c38,10240,0/0
/spttest/mixed_10K_bw9,3c39,10240,0/0
/spttest/mixed_10K_bwa,3c3a,10240,0/0
/spttest/mixed_10K_bwb,3c3b,10240,0/0
/spttest/mixed_10K_bwc,3c3c,10240,0/0
/spttest/mixed_10K_bwd,3c3d,10240,0/0
/spttest/mixed_10K_bwe,3c3e,10240,0/0
/spttest/mixed_10K_bwf,3c3f,10240,0/0
/spttest/mixed_10K_bwg,3c40,10240,0/0
/spttest/mixed_10K_bwh,3c41,10240,0/0
/spttest/mixed_10K_bwi,3c42,10240,0/0
/spttest/mixed_10K_bwj,3c43,10240,0/0
/spttest/mixed_10K_bwk,3c44,10240,0/0
/spttest/mixed_10K_bwl,3c45,10240,0/0
/spttest/mixed_10K_bwm,3c46,10240,0/0
/spttest/mixed_10K_bwn,3c47,10240,0/0
/spttest/mixed_10K_bwo,3c48,10240,0/0
/spttest/mixed_10K_bwp,3c49,10240,0/0
/spttest/mixed_10K_bwq,3c4a,10240,0/0
/spttest/mixed_10K_bwr,3c4b,10240,0/0
/spttest/mixed_10K_bws,3c4c,10240,0/0
/spttest/mixed_10K_bwt,3c4d,10240,0/0
/spttest/mixed_10K_bwu,3c4e,10240,0/0
/spttest/mixed_10K_bwv,3c4f,10240,0/0
/spttest/mixed_10K_bww,3c50,10240,0/0
/spttest/mixed_10K_bwx,3c51,10240,0/0
/spttest/mixed_10K_bwy,3c52,10240,0/0
/spttest/mixed_10K_bwz,3c53,10240,0/0
/spttest/mixed_10K_bx0,3c54,10240,0/0
/spttest/mixed_10K_bx1,3c55,10240,0/0
/spttest/mixed_10K_bx2,3c56,10240,0/0
/spttest/mixed_10K_bx3,3c57,10240,0/0
/spttest/mixed_10K_bx4,3c58,10240,0/0
/spttest/mixed_10K_bx5,3c59,10240,0/0
/spttest/mixed_10K_bx6,3c5a,10240,0/0
/spttest/mixed_10K_bx7,3c5b,10240,0/0
/spttest/mixed_10K_bx8,3c5c,10240,0/0
/spttest/mixed_10K_bx9,3c5d,10240,0/0
/spttest/mixed_10K_bxa,3c5e,10240,0/0
/spttest/mixed_10K_bxb,3c5f,10240,0/0
/spttest/mixed_10K_bxc,3c60,10240,0/0
/spttest/mixed_10K_bxd,3c61,10240,0/0
/spttest/mixed_10K_bxe,3c62,10240,0/0
/spttest/mixed_10K_bxf,3c63,10240,0/0
/spttest/mixed_10K_bxg,3c64,10240,0/0
/spttest/mixed_10K_bxh,3c65,10240,0/0
/spttest/mixed_10K_bxi,3c66,10240,0/0
/spttest/mixed_10K_bxj,3c67,10240,0/0
/spttest/mixed_10K_bxk,3c68,10240,0/0
/spttest/mixed_10K_bxl,3c69,10240,0/0
/spttest/mixed_10K_bxm,3c6a,10240,0/0
/spttest/mixed_10K_bxn,3c6b,10240,0/0
/spttest/mixed_10K_bxo,3c6c,10240,0/0
/spttest/mixed_10K_bxp,3c6d,10240,0/0
/spttest/mixed_10K_bxq,3c6e,10240,0/0
/spttest/mixed_10K_bxr,3c6f,10240,0/0
/spttest/mixed_10K_bxs,3c70,10240,0/0
/spttest/mixed_10K_bxt,3c71,10240,0/0
/spttest/mixed_10K_bxu,3c72,10240,0/0
/spttest/mixed_10K_bxv,3c73,10240,0/0
/spttest/mixed_10K_bxw,3c74,10240,0/0
/spttest/mixed_10K_bxx,3c75,10240,0/0
/spttest/mixed_10K_bxy,3c76,10240,0/0
/spttest/mixed_10K_bxz,3c77,10240,0/0
/spttest/mixed_10K_by0,3c78,10240,0/0
/spttest/mixed_10K_by1,3c79,10240,0/0
/spttest/mixed_10K_by2,3c7a,10240,0/0
/spttest/mixed_10K_by3,3c7b,10240,0/0
/spttest/mixed_10K_by4,3c7c,10240,0/0
/spttest/mixed_10K_by5,3c7d,10240,0/0
/spttest/mixed_10K_by6,3c7e,10240,0/0
/spttest/mixed_10K_by7,3c7f,10240,0/0
/spttest/mixed_10K_by8,3c80,10240,0/0
/spttest/mixed_10K_by9,3c81,10240,0/0
/spttest/mixed_10K_bya,3c82,10240,0/0
/spttest/mixed_10K_byb,3c83,10240,0/0
/spttest/mixed_10K_byc,3c84,10240,0/0
/spttest/mixed_10K_byd,3c85,10240,0/0
/spttest/mixed_10K_bye,3c86,10240,0/0
/spttest/mixed_10K_byf,3c87,10240,0/0
/spttest/mixed_10K_byg,3c88,10240,0/0
/spttest/mixed_10K_byh,3c89,10240,0/0
/spttest/mixed_10K_byi,3c8a,10240,0/0
/spttest/mixed_10K_byj,3c8b,10240,0/0
/spttest/mixed_10K_byk,3c8c,10240,0/0
/spttest/mixed_10K_byl,3c8d,10240,0/0
/spttest/mixed_10K_bym,3c8e,10240,0/0
/spttest/mixed_10K_byn,3c8f,10240,0/0
/spttest/mixed_10K_byo,3c90,10240,0/0
/spttest/mixed_10K_byp,3c91,10240,0/0
/spttest/mixed_10K_byq,3c92,10240,0/0
/spttest/mixed_10K_byr,3c93,10240,0/0
/spttest/mixed_10K_bys,3c94,10240,0/0
/spttest/mixed_10K_byt,3c95,10240,0/0
/spttest/mixed_10K_byu,3c96,10240,0/0
/spttest/mixed_10K_byv,3c97,10240,0/0
/spttest/mixed_10K_byw,3c98,10240,0/0
/spttest/mixed_10K_byx,3c99,10240,0/0
/spttest/mixed_10K_byy,3c9a,10240,0/0
/spttest/mixed_10K_byz,3c9b,10240,0/0
/spttest/mixed_10K_bz0,3c9c,10240,0/0
/spttest/mixed_10K_bz1,3c9d,10240,0/0
/spttest/mixed_10K_bz2,3c9e,10240,0/0
/spttest/mixed_10K_bz3,3c9f,10240,0/0
/spttest/mixed_10K_bz4,3ca0,10240,0/0
/spttest/mixed_10K_bz5,3ca1,10240,0/0
/spttest/mixed_10K_bz6,3ca2,10240,0/0
/spttest/mixed_10K_bz7,3ca3,10240,0/0
/spttest/mixed_10K_bz8,3ca4,10240,0/0
/spttest/mixed_10K_bz9,3ca5,10240,0/0
/spttest/mixed_10K_bza,3ca6,10240,0/0
/spttest/mixed_10K_bzb,3ca7,10240,0/0
/spttest/mixed_10K_bzc,3ca8,10240,0/0
/spttest/mixed_10K_bzd,3ca9,10240,0/0
/spttest/mixed_10K_bze,3caa,10240,0/0
/spttest/mixed_10K_bzf,3cab,10240,0/0
/spttest/mixed_10K_bzg,3cac,10240,0/0
/spttest/mixed_10K_bzh,3cad,10240,0/0
/spttest/mixed_10K_bzi,3cae,10240,0/0
/spttest/mixed_10K_bzj,3caf,10240,0/0
/spttest/mixed_10K_bzk,3cb0,10240,0/0
/spttest/mixed_10K_bzl,3cb1,10240,0/0
/spttest/mixed_10K_bzm,3cb2,10240,0/0
/spttest/mixed_10K_bzn,3cb3,10240,0/0
/spttest/mixed_10K_bzo,3cb4,10240,0/0
/spttest/mixed_10K_bzp,3cb5,10240,0/0
/spttest/mixed_10K_bzq,3cb6,10240,0/0
/spttest/mixed_10K_bzr,3cb7,10240,0/0
/spttest/mixed_10K_bzs,3cb8,10240,0/0
/spttest/mixed_10K_bzt,3cb9,10240,0/0
/spttest/mixed_10K_bzu,3cba,10240,0/0
/spttest/mixed_10K_bzv,3cbb,10240,0/0
/spttest/mixed_10K_bzw,3cbc,10240,0/0
/spttest/mixed_10K_bzx,3cbd,10240,0/0
/spttest/mixed_10K_bzy,3cbe,10240,0/0
/spttest/mixed_10K_bzz,3cbf,10240,0/0
/spttest/mixed_10K_c00,3cc0,10240,0/0
/spttest/mixed_10K_c01,3cc1,10240,0/0
/spttest/mixed_10K_c02,3cc2,10240,0/0
/spttest/mixed_10K_c03,3cc3,10240,0/0
/spttest/mixed_10K_c04,3cc4,10240,0/0
/spttest/mixed_10K_c05,3cc5,10240,0/0
/spttest/mixed_10K_c06,3cc6,10240,0/0
/spttest/mixed_10K_c07,3cc7,10240,0/0
/spttest/mixed_10K_c08,3cc8,10240,0/0
/spttest/mixed_10K_c09,3cc9,10240,0/0
/spttest/mixed_10K_c0a,3cca,10240,0/0
/spttest/mixed_10K_c0b,3ccb,10240,0/0
/spttest/mixed_10K_c0c,3ccc,10240,0/0
/spttest/mixed_10K_c0d,3ccd,10240,0/0
/spttest/mixed_10K_c0e,3cce,10240,0/0
/spttest/mixed_10K_c0f,3ccf,10240,0/0
/spttest/mixed_10K_c0g,3cd0,10240,0/0
/spttest/mixed_10K_c0h,3cd1,10240,0/0
/spttest/mixed_10K_c0i,3cd2,10240,0/0
/spttest/mixed_10K_c0j,3cd3,10240,0/0
/spttest/mixed_10K_c0k,3cd4,10240,0/0
/spttest/mixed_10K_c0l,3cd5,10240,0/0
/spttest/mixed_10K_c0m,3cd6,10240,0/0
/spttest/mixed_10K_c0n,3cd7,10240,0/0
/spttest/mixed_10K_c0o,3cd8,10240,0/0
/spttest/mixed_10K_c0p,3cd9,10240,0/0
/spttest/mixed_10K_c0q,3cda,10240,0/0
/spttest/mixed_10K_c0r,3cdb,10240,0/0
/spttest/mixed_10K_c0s,3cdc,10240,0/0
/spttest/mixed_10K_c0t,3cdd,10240,0/0
/spttest/mixed_10K_c0u,3cde,10240,0/0
/spttest/mixed_10K_c0v,3cdf,10240,0/0
/spttest/mixed_10K_c0w,3ce0,10240,0/0
/spttest/mixed_10K_c0x,3ce1,10240,0/0
/spttest/mixed_10K_c0y,3ce2,10240,0/0
/spttest/mixed_10K_c0z,3ce3,10240,0/0
/spttest/mixed_10K_c10,3ce4,10240,0/0
/spttest/mixed_10K_c11,3ce5,10240,0/0
/spttest/mixed_10K_c12,3ce6,10240,0/0
/spttest/mixed_10K_c13,3ce7,10240,0/0
/spttest/mixed_10K_c14,3ce8,10240,0/0
/spttest/mixed_10K_c15,3ce9,10240,0/0
/spttest/mixed_10K_c16,3cea,10240,0/0
/spttest/mixed_10K_c17,3ceb,10240,0/0
/spttest/mixed_10K_c18,3cec,10240,0/0
/spttest/mixed_10K_c19,3ced,10240,0/0
/spttest/mixed_10K_c1a,3cee,10240,0/0
/spttest/mixed_10K_c1b,3cef,10240,0/0
/spttest/mixed_10K_c1c,3cf0,10240,0/0
/spttest/mixed_10K_c1d,3cf1,10240,0/0
/spttest/mixed_10K_c1e,3cf2,10240,0/0
/spttest/mixed_10K_c1f,3cf3,10240,0/0
/spttest/mixed_10K_c1g,3cf4,10240,0/0
/spttest/mixed_10K_c1h,3cf5,10240,0/0
/spttest/mixed_10K_c1i,3cf6,10240,0/0
/spttest/mixed_10K_c1j,3cf7,10240,0/0
/spttest/mixed_10K_c1k,3cf8,10240,0/0
/spttest/mixed_10K_c1l,3cf9,10240,0/0
/spttest/mixed_10K_c1m,3cfa,10240,0/0
/spttest/mixed_10K_c1n,3cfb,10240,0/0
/spttest/mixed_10K_c1o,3cfc,10240,0/0
/spttest/mixed_10K_c1p,3cfd,10240,0/0
/spttest/mixed_10K_c1q,3cfe,10240,0/0
/spttest/mixed_10K_c1r,3cff,10240,0/0
/spttest/mixed_10K_c1s,3d00,10240,0/0
/spttest/mixed_10K_c1t,3d01,10240,0/0
/spttest/mixed_10K_c1u,3d02,10240,0/0
/spttest/mixed_10K_c1v,3d03,10240,0/0
/spttest/mixed_10K_c1w,3d04,10240,0/0
/spttest/mixed_10K_c1x,3d05,10240,0/0
/spttest/mixed_10K_c1y,3d06,10240,0/0
/spttest/mixed_10K_c1z,3d07,10240,0/0
/spttest/mixed_10K_c20,3d08,10240,0/0
/spttest/mixed_10K_c21,3d09,10240,0/0
/spttest/mixed_10K_c22,3d0a,10240,0/0
/spttest/mixed_10K_c23,3d0b,10240,0/0
/spttest/mixed_10K_c24,3d0c,10240,0/0
/spttest/mixed_10K_c25,3d0d,10240,0/0
/spttest/mixed_10K_c26,3d0e,10240,0/0
/spttest/mixed_10K_c27,3d0f,10240,0/0
/spttest/mixed_10K_c28,3d10,10240,0/0
/spttest/mixed_10K_c29,3d11,10240,0/0
/spttest/mixed_10K_c2a,3d12,10240,0/0
/spttest/mixed_10K_c2b,3d13,10240,0/0
/spttest/mixed_10K_c2c,3d14,10240,0/0
/spttest/mixed_10K_c2d,3d15,10240,0/0
/spttest/mixed_10K_c2e,3d16,10240,0/0
/spttest/mixed_10K_c2f,3d17,10240,0/0
/spttest/mixed_10K_c2g,3d18,10240,0/0
/spttest/mixed_10K_c2h,3d19,10240,0/0
/spttest/mixed_10K_c2i,3d1a,10240,0/0
/spttest/mixed_10K_c2j,3d1b,10240,0/0
/spttest/mixed_10K_c2k,3d1c,10240,0/0
/spttest/mixed_10K_c2l,3d1d,10240,0/0
/spttest/mixed_10K_c2m,3d1e,10240,0/0
/spttest/mixed_10K_c2n,3d1f,10240,0/0
/spttest/mixed_10K_c2o,3d20,10240,0/0
/spttest/mixed_10K_c2p,3d21,10240,0/0
/spttest/mixed_10K_c2q,3d22,10240,0/0
/spttest/mixed_10K_c2r,3d23,10240,0/0
/spttest/mixed_10K_c2s,3d24,10240,0/0
/spttest/mixed_10K_c2t,3d25,10240,0/0
/spttest/mixed_10K_c2u,3d26,10240,0/0
/spttest/mixed_10K_c2v,3d27,10240,0/0
/spttest/mixed_10K_c2w,3d28,10240,0/0
/spttest/mixed_10K_c2x,3d29,10240,0/0
/spttest/mixed_10K_c2y,3d2a,10240,0/0
/spttest/mixed_10K_c2z,3d2b,10240,0/0
/spttest/mixed_10K_c30,3d2c,10240,0/0
/spttest/mixed_10K_c31,3d2d,10240,0/0
/spttest/mixed_10K_c32,3d2e,10240,0/0
/spttest/mixed_10K_c33,3d2f,10240,0/0
/spttest/mixed_10K_c34,3d30,10240,0/0
/spttest/mixed_10K_c35,3d31,10240,0/0
/spttest/mixed_10K_c36,3d32,10240,0/0
/spttest/mixed_10K_c37,3d33,10240,0/0
/spttest/mixed_10K_c38,3d34,10240,0/0
/spttest/mixed_10K_c39,3d35,10240,0/0
/spttest/mixed_10K_c3a,3d36,10240,0/0
/spttest/mixed_10K_c3b,3d37,10240,0/0
/spttest/mixed_10K_c3c,3d38,10240,0/0
/spttest/mixed_10K_c3d,3d39,10240,0/0
/spttest/mixed_10K_c3e,3d3a,10240,0/0
/spttest/mixed_10K_c3f,3d3b,10240,0/0
/spttest/mixed_10K_c3g,3d3c,10240,0/0
/spttest/mixed_10K_c3h,3d3d,10240,0/0
/spttest/mixed_10K_c3i,3d3e,10240,0/0
/spttest/mixed_10K_c3j,3d3f,10240,0/0
/spttest/mixed_10K_c3k,3d40,10240,0/0
/spttest/mixed_10K_c3l,3d41,10240,0/0
/spttest/mixed_10K_c3m,3d42,10240,0/0
/spttest/mixed_10K_c3n,3d43,10240,0/0
/spttest/mixed_10K_c3o,3d44,10240,0/0
/spttest/mixed_10K_c3p,3d45,10240,0/0
/spttest/mixed_10K_c3q,3d46,10240,0/0
/spttest/mixed_10K_c3r,3d47,10240,0/0
/spttest/mixed_10K_c3s,3d48,10240,0/0
/spttest/mixed_10K_c3t,3d49,10240,0/0
/spttest/mixed_10K_c3u,3d4a,10240,0/0
/spttest/mixed_10K_c3v,3d4b,10240,0/0
/spttest/mixed_10K_c3w,3d4c,10240,0/0
/spttest/mixed_10K_c3x,3d4d,10240,0/0
/spttest/mixed_10K_c3y,3d4e,10240,0/0
/spttest/mixed_10K_c3z,3d4f,10240,0/0
/spttest/mixed_10K_c40,3d50,10240,0/0
/spttest/mixed_10K_c41,3d51,10240,0/0
/spttest/mixed_10K_c42,3d52,10240,0/0
/spttest/mixed_10K_c43,3d53,10240,0/0
/spttest/mixed_10K_c44,3d54,10240,0/0
/spttest/mixed_10K_c45,3d55,10240,0/0
/spttest/mixed_10K_c46,3d56,10240,0/0
/spttest/mixed_10K_c47,3d57,10240,0/0
/spttest/mixed_10K_c48,3d58,10240,0/0
/spttest/mixed_10K_c49,3d59,10240,0/0
/spttest/mixed_10K_c4a,3d5a,10240,0/0
/spttest/mixed_10K_c4b,3d5b,10240,0/0
/spttest/mixed_10K_c4c,3d5c,10240,0/0
/spttest/mixed_10K_c4d,3d5d,10240,0/0
/spttest/mixed_10K_c4e,3d5e,10240,0/0
/spttest/mixed_10K_c4f,3d5f,10240,0/0
/spttest/mixed_10K_c4g,3d60,10240,0/0
/spttest/mixed_10K_c4h,3d61,10240,0/0
/spttest/mixed_10K_c4i,3d62,10240,0/0
/spttest/mixed_10K_c4j,3d63,10240,0/0
/spttest/mixed_10K_c4k,3d64,10240,0/0
/spttest/mixed_10K_c4l,3d65,10240,0/0
/spttest/mixed_10K_c4m,3d66,10240,0/0
/spttest/mixed_10K_c4n,3d67,10240,0/0
/spttest/mixed_10K_c4o,3d68,10240,0/0
/spttest/mixed_10K_c4p,3d69,10240,0/0
/spttest/mixed_10K_c4q,3d6a,10240,0/0
/spttest/mixed_10K_c4r,3d6b,10240,0/0
/spttest/mixed_10K_c4s,3d6c,10240,0/0
/spttest/mixed_10K_c4t,3d6d,10240,0/0
/spttest/mixed_10K_c4u,3d6e,10240,0/0
/spttest/mixed_10K_c4v,3d6f,10240,0/0
/spttest/mixed_10K_c4w,3d70,10240,0/0
/spttest/mixed_10K_c4x,3d71,10240,0/0
/spttest/mixed_10K_c4y,3d72,10240,0/0
/spttest/mixed_10K_c4z,3d73,10240,0/0
/spttest/mixed_10K_c50,3d74,10240,0/0
/spttest/mixed_10K_c51,3d75,10240,0/0
/spttest/mixed_10K_c52,3d76,10240,0/0
/spttest/mixed_10K_c53,3d77,10240,0/0
/spttest/mixed_10K_c54,3d78,10240,0/0
/spttest/mixed_10K_c55,3d79,10240,0/0
/spttest/mixed_10K_c56,3d7a,10240,0/0
/spttest/mixed_10K_c57,3d7b,10240,0/0
/spttest/mixed_10K_c58,3d7c,10240,0/0
/spttest/mixed_10K_c59,3d7d,10240,0/0
/spttest/mixed_10K_c5a,3d7e,10240,0/0
/spttest/mixed_10K_c5b,3d7f,10240,0/0
/spttest/mixed_10K_c5c,3d80,10240,0/0
/spttest/mixed_10K_c5d,3d81,10240,0/0
/spttest/mixed_10K_c5e,3d82,10240,0/0
/spttest/mixed_10K_c5f,3d83,10240,0/0
/spttest/mixed_10K_c5g,3d84,10240,0/0
/spttest/mixed_10K_c5h,3d85,10240,0/0
/spttest/mixed_10K_c5i,3d86,10240,0/0
/spttest/mixed_10K_c5j,3d87,10240,0/0
/spttest/mixed_10K_c5k,3d88,10240,0/0
/spttest/mixed_10K_c5l,3d89,10240,0/0
/spttest/mixed_10K_c5m,3d8a,10240,0/0
/spttest/mixed_10K_c5n,3d8b,10240,0/0
/spttest/mixed_10K_c5o,3d8c,10240,0/0
/spttest/mixed_10K_c5p,3d8d,10240,0/0
/spttest/mixed_10K_c5q,3d8e,10240,0/0
/spttest/mixed_10K_c5r,3d8f,10240,0/0
/spttest/mixed_10K_c5s,3d90,10240,0/0
/spttest/mixed_10K_c5t,3d91,10240,0/0
/spttest/mixed_10K_c5u,3d92,10240,0/0
/spttest/mixed_10K_c5v,3d93,10240,0/0
/spttest/mixed_10K_c5w,3d94,10240,0/0
/spttest/mixed_10K_c5x,3d95,10240,0/0
/spttest/mixed_10K_c5y,3d96,10240,0/0
/spttest/mixed_10K_c5z,3d97,10240,0/0
/spttest/mixed_10K_c60,3d98,10240,0/0
/spttest/mixed_10K_c61,3d99,10240,0/0
/spttest/mixed_10K_c62,3d9a,10240,0/0
/spttest/mixed_10K_c63,3d9b,10240,0/0
/spttest/mixed_10K_c64,3d9c,10240,0/0
/spttest/mixed_10K_c65,3d9d,10240,0/0
/spttest/mixed_10K_c66,3d9e,10240,0/0
/spttest/mixed_10K_c67,3d9f,10240,0/0
/spttest/mixed_10K_c68,3da0,10240,0/0
/spttest/mixed_10K_c69,3da1,10240,0/0
/spttest/mixed_10K_c6a,3da2,10240,0/0
/spttest/mixed_10K_c6b,3da3,10240,0/0
/spttest/mixed_10K_c6c,3da4,10240,0/0
/spttest/mixed_10K_c6d,3da5,10240,0/0
/spttest/mixed_10K_c6e,3da6,10240,0/0
/spttest/mixed_10K_c6f,3da7,10240,0/0
/spttest/mixed_10K_c6g,3da8,10240,0/0
/spttest/mixed_10K_c6h,3da9,10240,0/0
/spttest/mixed_10K_c6i,3daa,10240,0/0
/spttest/mixed_10K_c6j,3dab,10240,0/0
/spttest/mixed_10K_c6k,3dac,10240,0/0
/spttest/mixed_10K_c6l,3dad,10240,0/0
/spttest/mixed_10K_c6m,3dae,10240,0/0
/spttest/mixed_10K_c6n,3daf,10240,0/0
/spttest/mixed_10K_c6o,3db0,10240,0/0
/spttest/mixed_10K_c6p,3db1,10240,0/0
/spttest/mixed_10K_c6q,3db2,10240,0/0
/spttest/mixed_10K_c6r,3db3,10240,0/0
/spttest/mixed_10K_c6s,3db4,10240,0/0
/spttest/mixed_10K_c6t,3db5,10240,0/0
/spttest/mixed_10K_c6u,3db6,10240,0/0
/spttest/mixed_10K_c6v,3db7,10240,0/0
/spttest/mixed_10K_c6w,3db8,10240,0/0
/spttest/mixed_10K_c6x,3db9,10240,0/0
/spttest/mixed_10K_c6y,3dba,10240,0/0
/spttest/mixed_10K_c6z,3dbb,10240,0/0
/spttest/mixed_10K_c70,3dbc,10240,0/0
/spttest/mixed_10K_c71,3dbd,10240,0/0
/spttest/mixed_10K_c72,3dbe,10240,0/0
/spttest/mixed_10K_c73,3dbf,10240,0/0
/spttest/mixed_10K_c74,3dc0,10240,0/0
/spttest/mixed_10K_c75,3dc1,10240,0/0
/spttest/mixed_10K_c76,3dc2,10240,0/0
/spttest/mixed_10K_c77,3dc3,10240,0/0
/spttest/mixed_10K_c78,3dc4,10240,0/0
/spttest/mixed_10K_c79,3dc5,10240,0/0
/spttest/mixed_10K_c7a,3dc6,10240,0/0
/spttest/mixed_10K_c7b,3dc7,10240,0/0
/spttest/mixed_10K_c7c,3dc8,10240,0/0
/spttest/mixed_10K_c7d,3dc9,10240,0/0
/spttest/mixed_10K_c7e,3dca,10240,0/0
/spttest/mixed_10K_c7f,3dcb,10240,0/0
/spttest/mixed_10K_c7g,3dcc,10240,0/0
/spttest/mixed_10K_c7h,3dcd,10240,0/0
/spttest/mixed_10K_c7i,3dce,10240,0/0
/spttest/mixed_10K_c7j,3dcf,10240,0/0
/spttest/mixed_10K_c7k,3dd0,10240,0/0
/spttest/mixed_10K_c7l,3dd1,10240,0/0
/spttest/mixed_10K_c7m,3dd2,10240,0/0
/spttest/mixed_10K_c7n,3dd3,10240,0/0
/spttest/mixed_10K_c7o,3dd4,10240,0/0
/spttest/mixed_10K_c7p,3dd5,10240,0/0
/spttest/mixed_10K_c7q,3dd6,10240,0/0
/spttest/mixed_10K_c7r,3dd7,10240,0/0
/spttest/mixed_10K_c7s,3dd8,10240,0/0
/spttest/mixed_10K_c7t,3dd9,10240,0/0
/spttest/mixed_10K_c7u,3dda,10240,0/0
/spttest/mixed_10K_c7v,3ddb,10240,0/0
/spttest/mixed_10K_c7w,3ddc,10240,0/0
/spttest/mixed_10K_c7x,3ddd,10240,0/0
/spttest/mixed_10K_c7y,3dde,10240,0/0
/spttest/mixed_10K_c7z,3ddf,10240,0/0
/spttest/mixed_10K_c80,3de0,10240,0/0
/spttest/mixed_10K_c81,3de1,10240,0/0
/spttest/mixed_10K_c82,3de2,10240,0/0
/spttest/mixed_10K_c83,3de3,10240,0/0
/spttest/mixed_10K_c84,3de4,10240,0/0
/spttest/mixed_10K_c85,3de5,10240,0/0
/spttest/mixed_10K_c86,3de6,10240,0/0
/spttest/mixed_10K_c87,3de7,10240,0/0
/spttest/mixed_10K_c88,3de8,10240,0/0
/spttest/mixed_10K_c89,3de9,10240,0/0
/spttest/mixed_10K_c8a,3dea,10240,0/0
/spttest/mixed_10K_c8b,3deb,10240,0/0
/spttest/mixed_10K_c8c,3dec,10240,0/0
/spttest/mixed_10K_c8d,3ded,10240,0/0
/spttest/mixed_10K_c8e,3dee,10240,0/0
/spttest/mixed_10K_c8f,3def,10240,0/0
/spttest/mixed_10K_c8g,3df0,10240,0/0
/spttest/mixed_10K_c8h,3df1,10240,0/0
/spttest/mixed_10K_c8i,3df2,10240,0/0
/spttest/mixed_10K_c8j,3df3,10240,0/0
/spttest/mixed_10K_c8k,3df4,10240,0/0
/spttest/mixed_10K_c8l,3df5,10240,0/0
/spttest/mixed_10K_c8m,3df6,10240,0/0
/spttest/mixed_10K_c8n,3df7,10240,0/0
/spttest/mixed_10K_c8o,3df8,10240,0/0
/spttest/mixed_10K_c8p,3df9,10240,0/0
/spttest/mixed_10K_c8q,3dfa,10240,0/0
/spttest/mixed_10K_c8r,3dfb,10240,0/0
/spttest/mixed_10K_c8s,3dfc,10240,0/0
/spttest/mixed_10K_c8t,3dfd,10240,0/0
/spttest/mixed_10K_c8u,3dfe,10240,0/0
/spttest/mixed_10K_c8v,3dff,10240,0/0
/spttest/mixed_10K_c8w,3e00,10240,0/0
/spttest/mixed_10K_c8x,3e01,10240,0/0
/spttest/mixed_10K_c8y,3e02,10240,0/0
/spttest/mixed_10K_c8z,3e03,10240,0/0
/spttest/mixed_10K_c90,3e04,10240,0/0
/spttest/mixed_10K_c91,3e05,10240,0/0
/spttest/mixed_10K_c92,3e06,10240,0/0
/spttest/mixed_10K_c93,3e07,10240,0/0
/spttest/mixed_10K_c94,3e08,10240,0/0
/spttest/mixed_10K_c95,3e09,10240,0/0
/spttest/mixed_10K_c96,3e0a,10240,0/0
/spttest/mixed_10K_c97,3e0b,10240,0/0
/spttest/mixed_10K_c98,3e0c,10240,0/0
/spttest/mixed_10K_c99,3e0d,10240,0/0
/spttest/mixed_10K_c9a,3e0e,10240,0/0
/spttest/mixed_10K_c9b,3e0f,10240,0/0
/spttest/mixed_10K_c9c,3e10,10240,0/0
/spttest/mixed_10K_c9d,3e11,10240,0/0
/spttest/mixed_10K_c9e,3e12,10240,0/0
/spttest/mixed_10K_c9f,3e13,10240,0/0
/spttest/mixed_10K_c9g,3e14,10240,0/0
/spttest/mixed_10K_c9h,3e15,10240,0/0
/spttest/mixed_10K_c9i,3e16,10240,0/0
/spttest/mixed_10K_c9j,3e17,10240,0/0
/spttest/mixed_10K_c9k,3e18,10240,0/0
/spttest/mixed_10K_c9l,3e19,10240,0/0
/spttest/mixed_10K_c9m,3e1a,10240,0/0
/spttest/mixed_10K_c9n,3e1b,10240,0/0
/spttest/mixed_10K_c9o,3e1c,10240,0/0
/spttest/mixed_10K_c9p,3e1d,10240,0/0
/spttest/mixed_10K_c9q,3e1e,10240,0/0
/spttest/mixed_10K_c9r,3e1f,10240,0/0
/spttest/mixed_10K_c9s,3e20,10240,0/0
/spttest/mixed_10K_c9t,3e21,10240,0/0
/spttest/mixed_10K_c9u,3e22,10240,0/0
/spttest/mixed_10K_c9v,3e23,10240,0/0
/spttest/mixed_10K_c9w,3e24,10240,0/0
/spttest/mixed_10K_c9x,3e25,10240,0/0
/spttest/mixed_10K_c9y,3e26,10240,0/0
/spttest/mixed_10K_c9z,3e27,10240,0/0
/spttest/mixed_10K_ca0,3e28,10240,0/0
/spttest/mixed_10K_ca1,3e29,10240,0/0
/spttest/mixed_10K_ca2,3e2a,10240,0/0
/spttest/mixed_10K_ca3,3e2b,10240,0/0
/spttest/mixed_10K_ca4,3e2c,10240,0/0
/spttest/mixed_10K_ca5,3e2d,10240,0/0
/spttest/mixed_10K_ca6,3e2e,10240,0/0
/spttest/mixed_10K_ca7,3e2f,10240,0/0
/spttest/mixed_10K_ca8,3e30,10240,0/0
/spttest/mixed_10K_ca9,3e31,10240,0/0
/spttest/mixed_10K_caa,3e32,10240,0/0
/spttest/mixed_10K_cab,3e33,10240,0/0
/spttest/mixed_10K_cac,3e34,10240,0/0
/spttest/mixed_10K_cad,3e35,10240,0/0
/spttest/mixed_10K_cae,3e36,10240,0/0
/spttest/mixed_10K_caf,3e37,10240,0/0
/spttest/mixed_10K_cag,3e38,10240,0/0
/spttest/mixed_10K_cah,3e39,10240,0/0
/spttest/mixed_10K_cai,3e3a,10240,0/0
/spttest/mixed_10K_caj,3e3b,10240,0/0
/spttest/mixed_10K_cak,3e3c,10240,0/0
/spttest/mixed_10K_cal,3e3d,10240,0/0
/spttest/mixed_10K_cam,3e3e,10240,0/0
/spttest/mixed_10K_can,3e3f,10240,0/0
/spttest/mixed_10K_cao,3e40,10240,0/0
/spttest/mixed_10K_cap,3e41,10240,0/0
/spttest/mixed_10K_caq,3e42,10240,0/0
/spttest/mixed_10K_car,3e43,10240,0/0
/spttest/mixed_10K_cas,3e44,10240,0/0
/spttest/mixed_10K_cat,3e45,10240,0/0
/spttest/mixed_10K_cau,3e46,10240,0/0
/spttest/mixed_10K_cav,3e47,10240,0/0
/spttest/mixed_10K_caw,3e48,10240,0/0
/spttest/mixed_10K_cax,3e49,10240,0/0
/spttest/mixed_10K_cay,3e4a,10240,0/0
/spttest/mixed_10K_caz,3e4b,10240,0/0
/spttest/mixed_10K_cb0,3e4c,10240,0/0
/spttest/mixed_10K_cb1,3e4d,10240,0/0
/spttest/mixed_10K_cb2,3e4e,10240,0/0
/spttest/mixed_10K_cb3,3e4f,10240,0/0
/spttest/mixed_10K_cb4,3e50,10240,0/0
/spttest/mixed_10K_cb5,3e51,10240,0/0
/spttest/mixed_10K_cb6,3e52,10240,0/0
/spttest/mixed_10K_cb7,3e53,10240,0/0
/spttest/mixed_10K_cb8,3e54,10240,0/0
/spttest/mixed_10K_cb9,3e55,10240,0/0
/spttest/mixed_10K_cba,3e56,10240,0/0
/spttest/mixed_10K_cbb,3e57,10240,0/0
/spttest/mixed_10K_cbc,3e58,10240,0/0
/spttest/mixed_10K_cbd,3e59,10240,0/0
/spttest/mixed_10K_cbe,3e5a,10240,0/0
/spttest/mixed_10K_cbf,3e5b,10240,0/0
/spttest/mixed_10K_cbg,3e5c,10240,0/0
/spttest/mixed_10K_cbh,3e5d,10240,0/0
/spttest/mixed_10K_cbi,3e5e,10240,0/0
/spttest/mixed_10K_cbj,3e5f,10240,0/0
/spttest/mixed_10K_cbk,3e60,10240,0/0
/spttest/mixed_10K_cbl,3e61,10240,0/0
/spttest/mixed_10K_cbm,3e62,10240,0/0
/spttest/mixed_10K_cbn,3e63,10240,0/0
/spttest/mixed_10K_cbo,3e64,10240,0/0
/spttest/mixed_10K_cbp,3e65,10240,0/0
/spttest/mixed_10K_cbq,3e66,10240,0/0
/spttest/mixed_10K_cbr,3e67,10240,0/0
/spttest/mixed_10K_cbs,3e68,10240,0/0
/spttest/mixed_10K_cbt,3e69,10240,0/0
/spttest/mixed_10K_cbu,3e6a,10240,0/0
/spttest/mixed_10K_cbv,3e6b,10240,0/0
/spttest/mixed_10K_cbw,3e6c,10240,0/0
/spttest/mixed_10K_cbx,3e6d,10240,0/0
/spttest/mixed_10K_cby,3e6e,10240,0/0
/spttest/mixed_10K_cbz,3e6f,10240,0/0
/spttest/mixed_10K_cc0,3e70,10240,0/0
/spttest/mixed_10K_cc1,3e71,10240,0/0
/spttest/mixed_10K_cc2,3e72,10240,0/0
/spttest/mixed_10K_cc3,3e73,10240,0/0
/spttest/mixed_10K_cc4,3e74,10240,0/0
/spttest/mixed_10K_cc5,3e75,10240,0/0
/spttest/mixed_10K_cc6,3e76,10240,0/0
/spttest/mixed_10K_cc7,3e77,10240,0/0
/spttest/mixed_10K_cc8,3e78,10240,0/0
/spttest/mixed_10K_cc9,3e79,10240,0/0
/spttest/mixed_10K_cca,3e7a,10240,0/0
/spttest/mixed_10K_ccb,3e7b,10240,0/0
/spttest/mixed_10K_ccc,3e7c,10240,0/0
/spttest/mixed_10K_ccd,3e7d,10240,0/0
/spttest/mixed_10K_cce,3e7e,10240,0/0
/spttest/mixed_10K_ccf,3e7f,10240,0/0
/spttest/mixed_10K_ccg,3e80,10240,0/0
/spttest/mixed_10K_cch,3e81,10240,0/0
/spttest/mixed_10K_cci,3e82,10240,0/0
/spttest/mixed_10K_ccj,3e83,10240,0/0
/spttest/mixed_10K_cck,3e84,10240,0/0
/spttest/mixed_10K_ccl,3e85,10240,0/0
/spttest/mixed_10K_ccm,3e86,10240,0/0
/spttest/mixed_10K_ccn,3e87,10240,0/0
/spttest/mixed_10K_cco,3e88,10240,0/0
/spttest/mixed_10K_ccp,3e89,10240,0/0
/spttest/mixed_10K_ccq,3e8a,10240,0/0
/spttest/mixed_10K_ccr,3e8b,10240,0/0
/spttest/mixed_10K_ccs,3e8c,10240,0/0
/spttest/mixed_10K_cct,3e8d,10240,0/0
/spttest/mixed_10K_ccu,3e8e,10240,0/0
/spttest/mixed_10K_ccv,3e8f,10240,0/0
/spttest/mixed_10K_ccw,3e90,10240,0/0
/spttest/mixed_10K_ccx,3e91,10240,0/0
/spttest/mixed_10K_ccy,3e92,10240,0/0
/spttest/mixed_10K_ccz,3e93,10240,0/0
/spttest/mixed_10K_cd0,3e94,10240,0/0
/spttest/mixed_10K_cd1,3e95,10240,0/0
/spttest/mixed_10K_cd2,3e96,10240,0/0
/spttest/mixed_10K_cd3,3e97,10240,0/0
/spttest/mixed_10K_cd4,3e98,10240,0/0
/spttest/mixed_10K_cd5,3e99,10240,0/0
/spttest/mixed_10K_cd6,3e9a,10240,0/0
/spttest/mixed_10K_cd7,3e9b,10240,0/0
/spttest/mixed_10K_cd8,3e9c,10240,0/0
/spttest/mixed_10K_cd9,3e9d,10240,0/0
/spttest/mixed_10K_cda,3e9e,10240,0/0
/spttest/mixed_10K_cdb,3e9f,10240,0/0
/spttest/mixed_10K_cdc,3ea0,10240,0/0
/spttest/mixed_10K_cdd,3ea1,10240,0/0
/spttest/mixed_10K_cde,3ea2,10240,0/0
/spttest/mixed_10K_cdf,3ea3,10240,0/0
/spttest/mixed_10K_cdg,3ea4,10240,0/0
/spttest/mixed_10K_cdh,3ea5,10240,0/0
/spttest/mixed_10K_cdi,3ea6,10240,0/0
/spttest/mixed_10K_cdj,3ea7,10240,0/0
/spttest/mixed_10K_cdk,3ea8,10240,0/0
/spttest/mixed_10K_cdl,3ea9,10240,0/0
/spttest/mixed_10K_cdm,3eaa,10240,0/0
/spttest/mixed_10K_cdn,3eab,10240,0/0
/spttest/mixed_10K_cdo,3eac,10240,0/0
/spttest/mixed_10K_cdp,3ead,10240,0/0
/spttest/mixed_10K_cdq,3eae,10240,0/0
/spttest/mixed_10K_cdr,3eaf,10240,0/0
/spttest/mixed_10K_cds,3eb0,10240,0/0
/spttest/mixed_10K_cdt,3eb1,10240,0/0
/spttest/mixed_10K_cdu,3eb2,10240,0/0
/spttest/mixed_10K_cdv,3eb3,10240,0/0
/spttest/mixed_10K_cdw,3eb4,10240,0/0
/spttest/mixed_10K_cdx,3eb5,10240,0/0
/spttest/mixed_10K_cdy,3eb6,10240,0/0
/spttest/mixed_10K_cdz,3eb7,10240,0/0
/spttest/mixed_10K_ce0,3eb8,10240,0/0
/spttest/mixed_10K_ce1,3eb9,10240,0/0
/spttest/mixed_10K_ce2,3eba,10240,0/0
/spttest/mixed_10K_ce3,3ebb,10240,0/0
/spttest/mixed_10K_ce4,3ebc,10240,0/0
/spttest/mixed_10K_ce5,3ebd,10240,0/0
/spttest/mixed_10K_ce6,3ebe,10240,0/0
/spttest/mixed_10K_ce7,3ebf,10240,0/0
/spttest/mixed_10K_ce8,3ec0,10240,0/0
/spttest/mixed_10K_ce9,3ec1,10240,0/0
/spttest/mixed_10K_cea,3ec2,10240,0/0
/spttest/mixed_10K_ceb,3ec3,10240,0/0
/spttest/mixed_10K_cec,3ec4,10240,0/0
/spttest/mixed_10K_ced,3ec5,10240,0/0
/spttest/mixed_10K_cee,3ec6,10240,0/0
/spttest/mixed_10K_cef,3ec7,10240,0/0
/spttest/mixed_10K_ceg,3ec8,10240,0/0
/spttest/mixed_10K_ceh,3ec9,10240,0/0
/spttest/mixed_10K_cei,3eca,10240,0/0
/spttest/mixed_10K_cej,3ecb,10240,0/0
/spttest/mixed_10K_cek,3ecc,10240,0/0
/spttest/mixed_10K_cel,3ecd,10240,0/0
/spttest/mixed_10K_cem,3ece,10240,0/0
/spttest/mixed_10K_cen,3ecf,10240,0/0
/spttest/mixed_10K_ceo,3ed0,10240,0/0
/spttest/mixed_10K_cep,3ed1,10240,0/0
/spttest/mixed_10K_ceq,3ed2,10240,0/0
/spttest/mixed_10K_cer,3ed3,10240,0/0
/spttest/mixed_10K_ces,3ed4,10240,0/0
/spttest/mixed_10K_cet,3ed5,10240,0/0
/spttest/mixed_10K_ceu,3ed6,10240,0/0
/spttest/mixed_10K_cev,3ed7,10240,0/0
/spttest/mixed_10K_cew,3ed8,10240,0/0
/spttest/mixed_10K_cex,3ed9,10240,0/0
/spttest/mixed_10K_cey,3eda,10240,0/0
/spttest/mixed_10K_cez,3edb,10240,0/0
/spttest/mixed_10K_cf0,3edc,10240,0/0
/spttest/mixed_10K_cf1,3edd,10240,0/0
/spttest/mixed_10K_cf2,3ede,10240,0/0
/spttest/mixed_10K_cf3,3edf,10240,0/0
/spttest/mixed_10K_cf4,3ee0,10240,0/0
/spttest/mixed_10K_cf5,3ee1,10240,0/0
/spttest/mixed_10K_cf6,3ee2,10240,0/0
/spttest/mixed_10K_cf7,3ee3,10240,0/0
/spttest/mixed_10K_cf8,3ee4,10240,0/0
/spttest/mixed_10K_cf9,3ee5,10240,0/0
/spttest/mixed_10K_cfa,3ee6,10240,0/0
/spttest/mixed_10K_cfb,3ee7,10240,0/0
/spttest/mixed_10K_cfc,3ee8,10240,0/0
/spttest/mixed_10K_cfd,3ee9,10240,0/0
/spttest/mixed_10K_cfe,3eea,10240,0/0
/spttest/mixed_10K_cff,3eeb,10240,0/0
/spttest/mixed_10K_cfg,3eec,10240,0/0
/spttest/mixed_10K_cfh,3eed,10240,0/0
/spttest/mixed_10K_cfi,3eee,10240,0/0
/spttest/mixed_10K_cfj,3eef,10240,0/0
/spttest/mixed_10K_cfk,3ef0,10240,0/0
/spttest/mixed_10K_cfl,3ef1,10240,0/0
/spttest/mixed_10K_cfm,3ef2,10240,0/0
/spttest/mixed_10K_cfn,3ef3,10240,0/0
/spttest/mixed_10K_cfo,3ef4,10240,0/0
/spttest/mixed_10K_cfp,3ef5,10240,0/0
/spttest/mixed_10K_cfq,3ef6,10240,0/0
/spttest/mixed_10K_cfr,3ef7,10240,0/0
/spttest/mixed_10K_cfs,3ef8,10240,0/0
/spttest/mixed_10K_cft,3ef9,10240,0/0
/spttest/mixed_10K_cfu,3efa,10240,0/0
/spttest/mixed_10K_cfv,3efb,10240,0/0
/spttest/mixed_10K_cfw,3efc,10240,0/0
/spttest/mixed_10K_cfx,3efd,10240,0/0
/spttest/mixed_10K_cfy,3efe,10240,0/0
/spttest/mixed_10K_cfz,3eff,10240,0/0
/spttest/mixed_10K_cg0,3f00,10240,0/0
/spttest/mixed_10K_cg1,3f01,10240,0/0
/spttest/mixed_10K_cg2,3f02,10240,0/0
/spttest/mixed_10K_cg3,3f03,10240,0/0
/spttest/mixed_10K_cg4,3f04,10240,0/0
/spttest/mixed_10K_cg5,3f05,10240,0/0
/spttest/mixed_10K_cg6,3f06,10240,0/0
/spttest/mixed_10K_cg7,3f07,10240,0/0
/spttest/mixed_10K_cg8,3f08,10240,0/0
/spttest/mixed_10K_cg9,3f09,10240,0/0
/spttest/mixed_10K_cga,3f0a,10240,0/0
/spttest/mixed_10K_cgb,3f0b,10240,0/0
/spttest/mixed_10K_cgc,3f0c,10240,0/0
/spttest/mixed_10K_cgd,3f0d,10240,0/0
/spttest/mixed_10K_cge,3f0e,10240,0/0
/spttest/mixed_10K_cgf,3f0f,10240,0/0
/spttest/mixed_10K_cgg,3f10,10240,0/0
/spttest/mixed_10K_cgh,3f11,10240,0/0
/spttest/mixed_10K_cgi,3f12,10240,0/0
/spttest/mixed_10K_cgj,3f13,10240,0/0
/spttest/mixed_10K_cgk,3f14,10240,0/0
/spttest/mixed_10K_cgl,3f15,10240,0/0
/spttest/mixed_10K_cgm,3f16,10240,0/0
/spttest/mixed_10K_cgn,3f17,10240,0/0
/spttest/mixed_10K_cgo,3f18,10240,0/0
/spttest/mixed_10K_cgp,3f19,10240,0/0
/spttest/mixed_10K_cgq,3f1a,10240,0/0
/spttest/mixed_10K_cgr,3f1b,10240,0/0
/spttest/mixed_10K_cgs,3f1c,10240,0/0
/spttest/mixed_10K_cgt,3f1d,10240,0/0
/spttest/mixed_10K_cgu,3f1e,10240,0/0
/spttest/mixed_10K_cgv,3f1f,10240,0/0
/spttest/mixed_10K_cgw,3f20,10240,0/0
/spttest/mixed_10K_cgx,3f21,10240,0/0
/spttest/mixed_10K_cgy,3f22,10240,0/0
/spttest/mixed_10K_cgz,3f23,10240,0/0
/spttest/mixed_10K_ch0,3f24,10240,0/0
/spttest/mixed_10K_ch1,3f25,10240,0/0
/spttest/mixed_10K_ch2,3f26,10240,0/0
/spttest/mixed_10K_ch3,3f27,10240,0/0
/spttest/mixed_10K_ch4,3f28,10240,0/0
/spttest/mixed_10K_ch5,3f29,10240,0/0
/spttest/mixed_10K_ch6,3f2a,10240,0/0
/spttest/mixed_10K_ch7,3f2b,10240,0/0
/spttest/mixed_10K_ch8,3f2c,10240,0/0
/spttest/mixed_10K_ch9,3f2d,10240,0/0
/spttest/mixed_10K_cha,3f2e,10240,0/0
/spttest/mixed_10K_chb,3f2f,10240,0/0
/spttest/mixed_10K_chc,3f30,10240,0/0
/spttest/mixed_10K_chd,3f31,10240,0/0
/spttest/mixed_10K_che,3f32,10240,0/0
/spttest/mixed_10K_chf,3f33,10240,0/0
/spttest/mixed_10K_chg,3f34,10240,0/0
/spttest/mixed_10K_chh,3f35,10240,0/0
/spttest/mixed_10K_chi,3f36,10240,0/0
/spttest/mixed_10K_chj,3f37,10240,0/0
/spttest/mixed_10K_chk,3f38,10240,0/0
/spttest/mixed_10K_chl,3f39,10240,0/0
/spttest/mixed_10K_chm,3f3a,10240,0/0
/spttest/mixed_10K_chn,3f3b,10240,0/0
/spttest/mixed_10K_cho,3f3c,10240,0/0
/spttest/mixed_10K_chp,3f3d,10240,0/0
/spttest/mixed_10K_chq,3f3e,10240,0/0
/spttest/mixed_10K_chr,3f3f,10240,0/0
/spttest/mixed_10K_chs,3f40,10240,0/0
/spttest/mixed_10K_cht,3f41,10240,0/0
/spttest/mixed_10K_chu,3f42,10240,0/0
/spttest/mixed_10K_chv,3f43,10240,0/0
/spttest/mixed_10K_chw,3f44,10240,0/0
/spttest/mixed_10K_chx,3f45,10240,0/0
/spttest/mixed_10K_chy,3f46,10240,0/0
/spttest/mixed_10K_chz,3f47,10240,0/0
/spttest/mixed_10K_ci0,3f48,10240,0/0
/spttest/mixed_10K_ci1,3f49,10240,0/0
/spttest/mixed_10K_ci2,3f4a,10240,0/0
/spttest/mixed_10K_ci3,3f4b,10240,0/0
/spttest/mixed_10K_ci4,3f4c,10240,0/0
/spttest/mixed_10K_ci5,3f4d,10240,0/0
/spttest/mixed_10K_ci6,3f4e,10240,0/0
/spttest/mixed_10K_ci7,3f4f,10240,0/0
/spttest/mixed_10K_ci8,3f50,10240,0/0
/spttest/mixed_10K_ci9,3f51,10240,0/0
/spttest/mixed_10K_cia,3f52,10240,0/0
/spttest/mixed_10K_cib,3f53,10240,0/0
/spttest/mixed_10K_cic,3f54,10240,0/0
/spttest/mixed_10K_cid,3f55,10240,0/0
/spttest/mixed_10K_cie,3f56,10240,0/0
/spttest/mixed_10K_cif,3f57,10240,0/0
/spttest/mixed_10K_cig,3f58,10240,0/0
/spttest/mixed_10K_cih,3f59,10240,0/0
/spttest/mixed_10K_cii,3f5a,10240,0/0
/spttest/mixed_10K_cij,3f5b,10240,0/0
/spttest/mixed_10K_cik,3f5c,10240,0/0
/spttest/mixed_10K_cil,3f5d,10240,0/0
/spttest/mixed_10K_cim,3f5e,10240,0/0
/spttest/mixed_10K_cin,3f5f,10240,0/0
/spttest/mixed_10K_cio,3f60,10240,0/0
/spttest/mixed_10K_cip,3f61,10240,0/0
/spttest/mixed_10K_ciq,3f62,10240,0/0
/spttest/mixed_10K_cir,3f63,10240,0/0
/spttest/mixed_10K_cis,3f64,10240,0/0
/spttest/mixed_10K_cit,3f65,10240,0/0
/spttest/mixed_10K_ciu,3f66,10240,0/0
/spttest/mixed_10K_civ,3f67,10240,0/0
/spttest/mixed_10K_ciw,3f68,10240,0/0
/spttest/mixed_10K_cix,3f69,10240,0/0
/spttest/mixed_10K_ciy,3f6a,10240,0/0
/spttest/mixed_10K_ciz,3f6b,10240,0/0
/spttest/mixed_10K_cj0,3f6c,10240,0/0
/spttest/mixed_10K_cj1,3f6d,10240,0/0
/spttest/mixed_10K_cj2,3f6e,10240,0/0
/spttest/mixed_10K_cj3,3f6f,10240,0/0
/spttest/mixed_10K_cj4,3f70,10240,0/0
/spttest/mixed_10K_cj5,3f71,10240,0/0
/spttest/mixed_10K_cj6,3f72,10240,0/0
/spttest/mixed_10K_cj7,3f73,10240,0/0
/spttest/mixed_10K_cj8,3f74,10240,0/0
/spttest/mixed_10K_cj9,3f75,10240,0/0
/spttest/mixed_10K_cja,3f76,10240,0/0
/spttest/mixed_10K_cjb,3f77,10240,0/0
/spttest/mixed_10K_cjc,3f78,10240,0/0
/spttest/mixed_10K_cjd,3f79,10240,0/0
/spttest/mixed_10K_cje,3f7a,10240,0/0
/spttest/mixed_10K_cjf,3f7b,10240,0/0
/spttest/mixed_10K_cjg,3f7c,10240,0/0
/spttest/mixed_10K_cjh,3f7d,10240,0/0
/spttest/mixed_10K_cji,3f7e,10240,0/0
/spttest/mixed_10K_cjj,3f7f,10240,0/0
/spttest/mixed_10K_cjk,3f80,10240,0/0
/spttest/mixed_10K_cjl,3f81,10240,0/0
/spttest/mixed_10K_cjm,3f82,10240,0/0
/spttest/mixed_10K_cjn,3f83,10240,0/0
/spttest/mixed_10K_cjo,3f84,10240,0/0
/spttest/mixed_10K_cjp,3f85,10240,0/0
/spttest/mixed_10K_cjq,3f86,10240,0/0
/spttest/mixed_10K_cjr,3f87,10240,0/0
/spttest/mixed_10K_cjs,3f88,10240,0/0
/spttest/mixed_10K_cjt,3f89,10240,0/0
/spttest/mixed_10K_cju,3f8a,10240,0/0
/spttest/mixed_10K_cjv,3f8b,10240,0/0
/spttest/mixed_10K_cjw,3f8c,10240,0/0
/spttest/mixed_10K_cjx,3f8d,10240,0/0
/spttest/mixed_10K_cjy,3f8e,10240,0/0
/spttest/mixed_10K_cjz,3f8f,10240,0/0
/spttest/mixed_10K_ck0,3f90,10240,0/0
/spttest/mixed_10K_ck1,3f91,10240,0/0
/spttest/mixed_10K_ck2,3f92,10240,0/0
/spttest/mixed_10K_ck3,3f93,10240,0/0
/spttest/mixed_10K_ck4,3f94,10240,0/0
/spttest/mixed_10K_ck5,3f95,10240,0/0
/spttest/mixed_10K_ck6,3f96,10240,0/0
/spttest/mixed_10K_ck7,3f97,10240,0/0
/spttest/mixed_10K_ck8,3f98,10240,0/0
/spttest/mixed_10K_ck9,3f99,10240,0/0
/spttest/mixed_10K_cka,3f9a,10240,0/0
/spttest/mixed_10K_ckb,3f9b,10240,0/0
/spttest/mixed_10K_ckc,3f9c,10240,0/0
/spttest/mixed_10K_ckd,3f9d,10240,0/0
/spttest/mixed_10K_cke,3f9e,10240,0/0
/spttest/mixed_10K_ckf,3f9f,10240,0/0
/spttest/mixed_10K_ckg,3fa0,10240,0/0
/spttest/mixed_10K_ckh,3fa1,10240,0/0
/spttest/mixed_10K_cki,3fa2,10240,0/0
/spttest/mixed_10K_ckj,3fa3,10240,0/0
/spttest/mixed_10K_ckk,3fa4,10240,0/0
/spttest/mixed_10K_ckl,3fa5,10240,0/0
/spttest/mixed_10K_ckm,3fa6,10240,0/0
/spttest/mixed_10K_ckn,3fa7,10240,0/0
/spttest/mixed_10K_cko,3fa8,10240,0/0
/spttest/mixed_10K_ckp,3fa9,10240,0/0
/spttest/mixed_10K_ckq,3faa,10240,0/0
/spttest/mixed_10K_ckr,3fab,10240,0/0
/spttest/mixed_10K_cks,3fac,10240,0/0
/spttest/mixed_10K_ckt,3fad,10240,0/0
/spttest/mixed_10K_cku,3fae,10240,0/0
/spttest/mixed_10K_ckv,3faf,10240,0/0
/spttest/mixed_10K_ckw,3fb0,10240,0/0
/spttest/mixed_10K_ckx,3fb1,10240,0/0
/spttest/mixed_10K_cky,3fb2,10240,0/0
/spttest/mixed_10K_ckz,3fb3,10240,0/0
/spttest/mixed_10K_cl0,3fb4,10240,0/0
/spttest/mixed_10K_cl1,3fb5,10240,0/0
/spttest/mixed_10K_cl2,3fb6,10240,0/0
/spttest/mixed_10K_cl3,3fb7,10240,0/0
/spttest/mixed_10K_cl4,3fb8,10240,0/0
/spttest/mixed_10K_cl5,3fb9,10240,0/0
/spttest/mixed_10K_cl6,3fba,10240,0/0
/spttest/mixed_10K_cl7,3fbb,10240,0/0
/spttest/mixed_10K_cl8,3fbc,10240,0/0
/spttest/mixed_10K_cl9,3fbd,10240,0/0
/spttest/mixed_10K_cla,3fbe,10240,0/0
/spttest/mixed_10K_clb,3fbf,10240,0/0
/spttest/mixed_10K_clc,3fc0,10240,0/0
/spttest/mixed_10K_cld,3fc1,10240,0/0
/spttest/mixed_10K_cle,3fc2,10240,0/0
/spttest/mixed_10K_clf,3fc3,10240,0/0
/spttest/mixed_10K_clg,3fc4,10240,0/0
/spttest/mixed_10K_clh,3fc5,10240,0/0
/spttest/mixed_10K_cli,3fc6,10240,0/0
/spttest/mixed_10K_clj,3fc7,10240,0/0
/spttest/mixed_10K_clk,3fc8,10240,0/0
/spttest/mixed_10K_cll,3fc9,10240,0/0
/spttest/mixed_10K_clm,3fca,10240,0/0
/spttest/mixed_10K_cln,3fcb,10240,0/0
/spttest/mixed_10K_clo,3fcc,10240,0/0
/spttest/mixed_10K_clp,3fcd,10240,0/0
/spttest/mixed_10K_clq,3fce,10240,0/0
/spttest/mixed_10K_clr,3fcf,10240,0/0
/spttest/mixed_10K_cls,3fd0,10240,0/0
/spttest/mixed_10K_clt,3fd1,10240,0/0
/spttest/mixed_10K_clu,3fd2,10240,0/0
/spttest/mixed_10K_clv,3fd3,10240,0/0
/spttest/mixed_10K_clw,3fd4,10240,0/0
/spttest/mixed_10K_clx,3fd5,10240,0/0
/spttest/mixed_10K_cly,3fd6,10240,0/0
/spttest/mixed_10K_clz,3fd7,10240,0/0
/spttest/mixed_10K_cm0,3fd8,10240,0/0
/spttest/mixed_10K_cm1,3fd9,10240,0/0
/spttest/mixed_10K_cm2,3fda,10240,0/0
/spttest/mixed_10K_cm3,3fdb,10240,0/0
/spttest/mixed_10K_cm4,3fdc,10240,0/0
/spttest/mixed_10K_cm5,3fdd,10240,0/0
/spttest/mixed_10K_cm6,3fde,10240,0/0
/spttest/mixed_10K_cm7,3fdf,10240,0/0
/spttest/mixed_10K_cm8,3fe0,10240,0/0
/spttest/mixed_10K_cm9,3fe1,10240,0/0
/spttest/mixed_10K_cma,3fe2,10240,0/0
/spttest/mixed_10K_cmb,3fe3,10240,0/0
/spttest/mixed_10K_cmc,3fe4,10240,0/0
/spttest/mixed_10K_cmd,3fe5,10240,0/0
/spttest/mixed_10K_cme,3fe6,10240,0/0
/spttest/mixed_10K_cmf,3fe7,10240,0/0
/spttest/mixed_10K_cmg,3fe8,10240,0/0
/spttest/mixed_10K_cmh,3fe9,10240,0/0
/spttest/mixed_10K_cmi,3fea,10240,0/0
/spttest/mixed_10K_cmj,3feb,10240,0/0
/spttest/mixed_10K_cmk,3fec,10240,0/0
/spttest/mixed_10K_cml,3fed,10240,0/0
/spttest/mixed_10K_cmm,3fee,10240,0/0
/spttest/mixed_10K_cmn,3fef,10240,0/0
/spttest/mixed_10K_cmo,3ff0,10240,0/0
/spttest/mixed_10K_cmp,3ff1,10240,0/0
/spttest/mixed_10K_cmq,3ff2,10240,0/0
/spttest/mixed_10K_cmr,3ff3,10240,0/0
/spttest/mixed_10K_cms,3ff4,10240,0/0
/spttest/mixed_10K_cmt,3ff5,10240,0/0
/spttest/mixed_10K_cmu,3ff6,10240,0/0
/spttest/mixed_10K_cmv,3ff7,10240,0/0
/spttest/mixed_10K_cmw,3ff8,10240,0/0
/spttest/mixed_10K_cmx,3ff9,10240,0/0
/spttest/mixed_10K_cmy,3ffa,10240,0/0
/spttest/mixed_10K_cmz,3ffb,10240,0/0
/spttest/mixed_10K_cn0,3ffc,10240,0/0
/spttest/mixed_10K_cn1,3ffd,10240,0/0
/spttest/mixed_10K_cn2,3ffe,10240,0/0
/spttest/mixed_10K_cn3,3fff,10240,0/0
/spttest/mixed_10K_cn4,4000,10240,0/0
/spttest/mixed_10K_cn5,4001,10240,0/0
/spttest/mixed_10K_cn6,4002,10240,0/0
/spttest/mixed_10K_cn7,4003,10240,0/0
/spttest/mixed_10K_cn8,4004,10240,0/0
/spttest/mixed_10K_cn9,4005,10240,0/0
/spttest/mixed_10K_cna,4006,10240,0/0
/spttest/mixed_10K_cnb,4007,10240,0/0
/spttest/mixed_10K_cnc,4008,10240,0/0
/spttest/mixed_10K_cnd,4009,10240,0/0
/spttest/mixed_10K_cne,400a,10240,0/0
/spttest/mixed_10K_cnf,400b,10240,0/0
/spttest/mixed_10K_cng,400c,10240,0/0
/spttest/mixed_10K_cnh,400d,10240,0/0
/spttest/mixed_10K_cni,400e,10240,0/0
/spttest/mixed_10K_cnj,400f,10240,0/0
/spttest/mixed_10K_cnk,4010,10240,0/0
/spttest/mixed_10K_cnl,4011,10240,0/0
/spttest/mixed_10K_cnm,4012,10240,0/0
/spttest/mixed_10K_cnn,4013,10240,0/0
/spttest/mixed_10K_cno,4014,10240,0/0
/spttest/mixed_10K_cnp,4015,10240,0/0
/spttest/mixed_10K_cnq,4016,10240,0/0
/spttest/mixed_10K_cnr,4017,10240,0/0
/spttest/mixed_10K_cns,4018,10240,0/0
/spttest/mixed_10K_cnt,4019,10240,0/0
/spttest/mixed_10K_cnu,401a,10240,0/0
/spttest/mixed_10K_cnv,401b,10240,0/0
/spttest/mixed_10K_cnw,401c,10240,0/0
/spttest/mixed_10K_cnx,401d,10240,0/0
/spttest/mixed_10K_cny,401e,10240,0/0
/spttest/mixed_10K_cnz,401f,10240,0/0
/spttest/mixed_10K_co0,4020,10240,0/0
/spttest/mixed_10K_co1,4021,10240,0/0
/spttest/mixed_10K_co2,4022,10240,0/0
/spttest/mixed_10K_co3,4023,10240,0/0
/spttest/mixed_10K_co4,4024,10240,0/0
/spttest/mixed_10K_co5,4025,10240,0/0
/spttest/mixed_10K_co6,4026,10240,0/0
/spttest/mixed_10K_co7,4027,10240,0/0
/spttest/mixed_10K_co8,4028,10240,0/0
/spttest/mixed_10K_co9,4029,10240,0/0
/spttest/mixed_10K_coa,402a,10240,0/0
/spttest/mixed_10K_cob,402b,10240,0/0
/spttest/mixed_10K_coc,402c,10240,0/0
/spttest/mixed_10K_cod,402d,10240,0/0
/spttest/mixed_10K_coe,402e,10240,0/0
/spttest/mixed_10K_cof,402f,10240,0/0
/spttest/mixed_10K_cog,4030,10240,0/0
/spttest/mixed_10K_coh,4031,10240,0/0
/spttest/mixed_10K_coi,4032,10240,0/0
/spttest/mixed_10K_coj,4033,10240,0/0
/spttest/mixed_10K_cok,4034,10240,0/0
/spttest/mixed_10K_col,4035,10240,0/0
/spttest/mixed_10K_com,4036,10240,0/0
/spttest/mixed_10K_con,4037,10240,0/0
/spttest/mixed_10K_coo,4038,10240,0/0
/spttest/mixed_10K_cop,4039,10240,0/0
/spttest/mixed_10K_coq,403a,10240,0/0
/spttest/mixed_10K_cor,403b,10240,0/0
/spttest/mixed_10K_cos,403c,10240,0/0
/spttest/mixed_10K_cot,403d,10240,0/0
/spttest/mixed_10K_cou,403e,10240,0/0
/spttest/mixed_10K_cov,403f,10240,0/0
/spttest/mixed_10K_cow,4040,10240,0/0
/spttest/mixed_10K_cox,4041,10240,0/0
/spttest/mixed_10K_coy,4042,10240,0/0
/spttest/mixed_10K_coz,4043,10240,0/0
/spttest/mixed_10K_cp0,4044,10240,0/0
/spttest/mixed_10K_cp1,4045,10240,0/0
/spttest/mixed_10K_cp2,4046,10240,0/0
/spttest/mixed_10K_cp3,4047,10240,0/0
/spttest/mixed_10K_cp4,4048,10240,0/0
/spttest/mixed_10K_cp5,4049,10240,0/0
/spttest/mixed_10K_cp6,404a,10240,0/0
/spttest/mixed_10K_cp7,404b,10240,0/0
/spttest/mixed_10K_cp8,404c,10240,0/0
/spttest/mixed_10K_cp9,404d,10240,0/0
/spttest/mixed_10K_cpa,404e,10240,0/0
/spttest/mixed_10K_cpb,404f,10240,0/0
/spttest/mixed_10K_cpc,4050,10240,0/0
/spttest/mixed_10K_cpd,4051,10240,0/0
/spttest/mixed_10K_cpe,4052,10240,0/0
/spttest/mixed_10K_cpf,4053,10240,0/0
/spttest/mixed_10K_cpg,4054,10240,0/0
/spttest/mixed_10K_cph,4055,10240,0/0
/spttest/mixed_10K_cpi,4056,10240,0/0
/spttest/mixed_10K_cpj,4057,10240,0/0
/spttest/mixed_10K_cpk,4058,10240,0/0
/spttest/mixed_10K_cpl,4059,10240,0/0
/spttest/mixed_10K_cpm,405a,10240,0/0
/spttest/mixed_10K_cpn,405b,10240,0/0
/spttest/mixed_10K_cpo,405c,10240,0/0
/spttest/mixed_10K_cpp,405d,10240,0/0
/spttest/mixed_10K_cpq,405e,10240,0/0
/spttest/mixed_10K_cpr,405f,10240,0/0
/spttest/mixed_10K_cps,4060,10240,0/0
/spttest/mixed_10K_cpt,4061,10240,0/0
/spttest/mixed_10K_cpu,4062,10240,0/0
/spttest/mixed_10K_cpv,4063,10240,0/0
/spttest/mixed_10K_cpw,4064,10240,0/0
/spttest/mixed_10K_cpx,4065,10240,0/0
/spttest/mixed_10K_cpy,4066,10240,0/0
/spttest/mixed_10K_cpz,4067,10240,0/0
/spttest/mixed_10K_cq0,4068,10240,0/0
/spttest/mixed_10K_cq1,4069,10240,0/0
/spttest/mixed_10K_cq2,406a,10240,0/0
/spttest/mixed_10K_cq3,406b,10240,0/0
/spttest/mixed_10K_cq4,406c,10240,0/0
/spttest/mixed_10K_cq5,406d,10240,0/0
/spttest/mixed_10K_cq6,406e,10240,0/0
/spttest/mixed_10K_cq7,406f,10240,0/0
/spttest/mixed_10K_cq8,4070,10240,0/0
/spttest/mixed_10K_cq9,4071,10240,0/0
/spttest/mixed_10K_cqa,4072,10240,0/0
/spttest/mixed_10K_cqb,4073,10240,0/0
/spttest/mixed_10K_cqc,4074,10240,0/0
/spttest/mixed_10K_cqd,4075,10240,0/0
/spttest/mixed_10K_cqe,4076,10240,0/0
/spttest/mixed_10K_cqf,4077,10240,0/0
/spttest/mixed_10K_cqg,4078,10240,0/0
/spttest/mixed_10K_cqh,4079,10240,0/0
/spttest/mixed_10K_cqi,407a,10240,0/0
/spttest/mixed_10K_cqj,407b,10240,0/0
/spttest/mixed_10K_cqk,407c,10240,0/0
/spttest/mixed_10K_cql,407d,10240,0/0
/spttest/mixed_10K_cqm,407e,10240,0/0
/spttest/mixed_10K_cqn,407f,10240,0/0
/spttest/mixed_10K_cqo,4080,10240,0/0
/spttest/mixed_10K_cqp,4081,10240,0/0
/spttest/mixed_10K_cqq,4082,10240,0/0
/spttest/mixed_10K_cqr,4083,10240,0/0
/spttest/mixed_10K_cqs,4084,10240,0/0
/spttest/mixed_10K_cqt,4085,10240,0/0
/spttest/mixed_10K_cqu,4086,10240,0/0
/spttest/mixed_10K_cqv,4087,10240,0/0
/spttest/mixed_10K_cqw,4088,10240,0/0
/spttest/mixed_10K_cqx,4089,10240,0/0
/spttest/mixed_10K_cqy,408a,10240,0/0
/spttest/mixed_10K_cqz,408b,10240,0/0
/spttest/mixed_10K_cr0,408c,10240,0/0
/spttest/mixed_10K_cr1,408d,10240,0/0
/spttest/mixed_10K_cr2,408e,10240,0/0
/spttest/mixed_10K_cr3,408f,10240,0/0
/spttest/mixed_10K_cr4,4090,10240,0/0
/spttest/mixed_10K_cr5,4091,10240,0/0
/spttest/mixed_10K_cr6,4092,10240,0/0
/spttest/mixed_10K_cr7,4093,10240,0/0
/spttest/mixed_10K_cr8,4094,10240,0/0
/spttest/mixed_10K_cr9,4095,10240,0/0
/spttest/mixed_10K_cra,4096,10240,0/0
/spttest/mixed_10K_crb,4097,10240,0/0
/spttest/mixed_10K_crc,4098,10240,0/0
/spttest/mixed_10K_crd,4099,10240,0/0
/spttest/mixed_10K_cre,409a,10240,0/0
/spttest/mixed_10K_crf,409b,10240,0/0
/spttest/mixed_10K_crg,409c,10240,0/0
/spttest/mixed_10K_crh,409d,10240,0/0
/spttest/mixed_10K_cri,409e,10240,0/0
/spttest/mixed_10K_crj,409f,10240,0/0
/spttest/mixed_10K_crk,40a0,10240,0/0
/spttest/mixed_10K_crl,40a1,10240,0/0
/spttest/mixed_10K_crm,40a2,10240,0/0
/spttest/mixed_10K_crn,40a3,10240,0/0
/spttest/mixed_10K_cro,40a4,10240,0/0
/spttest/mixed_10K_crp,40a5,10240,0/0
/spttest/mixed_10K_crq,40a6,10240,0/0
/spttest/mixed_10K_crr,40a7,10240,0/0
/spttest/mixed_10K_crs,40a8,10240,0/0
/spttest/mixed_10K_crt,40a9,10240,0/0
/spttest/mixed_10K_cru,40aa,10240,0/0
/spttest/mixed_10K_crv,40ab,10240,0/0
/spttest/mixed_10K_crw,40ac,10240,0/0
/spttest/mixed_10K_crx,40ad,10240,0/0
/spttest/mixed_10K_cry,40ae,10240,0/0
/spttest/mixed_10K_crz,40af,10240,0/0
/spttest/mixed_10K_cs0,40b0,10240,0/0
/spttest/mixed_10K_cs1,40b1,10240,0/0
/spttest/mixed_10K_cs2,40b2,10240,0/0
/spttest/mixed_10K_cs3,40b3,10240,0/0
/spttest/mixed_10K_cs4,40b4,10240,0/0
/spttest/mixed_10K_cs5,40b5,10240,0/0
/spttest/mixed_10K_cs6,40b6,10240,0/0
/spttest/mixed_10K_cs7,40b7,10240,0/0
/spttest/mixed_10K_cs8,40b8,10240,0/0
/spttest/mixed_10K_cs9,40b9,10240,0/0
/spttest/mixed_10K_csa,40ba,10240,0/0
/spttest/mixed_10K_csb,40bb,10240,0/0
/spttest/mixed_10K_csc,40bc,10240,0/0
/spttest/mixed_10K_csd,40bd,10240,0/0
/spttest/mixed_10K_cse,40be,10240,0/0
/spttest/mixed_10K_csf,40bf,10240,0/0
/spttest/mixed_10K_csg,40c0,10240,0/0
/spttest/mixed_10K_csh,40c1,10240,0/0
/spttest/mixed_10K_csi,40c2,10240,0/0
/spttest/mixed_10K_csj,40c3,10240,0/0
/spttest/mixed_10K_csk,40c4,10240,0/0
/spttest/mixed_10K_csl,40c5,10240,0/0
/spttest/mixed_10K_csm,40c6,10240,0/0
/spttest/mixed_10K_csn,40c7,10240,0/0
/spttest/mixed_10K_cso,40c8,10240,0/0
/spttest/mixed_10K_csp,40c9,10240,0/0
/spttest/mixed_10K_csq,40ca,10240,0/0
/spttest/mixed_10K_csr,40cb,10240,0/0
/spttest/mixed_10K_css,40cc,10240,0/0
/spttest/mixed_10K_cst,40cd,10240,0/0
/spttest/mixed_10K_csu,40ce,10240,0/0
/spttest/mixed_10K_csv,40cf,10240,0/0
/spttest/mixed_10K_csw,40d0,10240,0/0
/spttest/mixed_10K_csx,40d1,10240,0/0
/spttest/mixed_10K_csy,40d2,10240,0/0
/spttest/mixed_10K_csz,40d3,10240,0/0
/spttest/mixed_10K_ct0,40d4,10240,0/0
/spttest/mixed_10K_ct1,40d5,10240,0/0
/spttest/mixed_10K_ct2,40d6,10240,0/0
/spttest/mixed_10K_ct3,40d7,10240,0/0
/spttest/mixed_10K_ct4,40d8,10240,0/0
/spttest/mixed_10K_ct5,40d9,10240,0/0
/spttest/mixed_10K_ct6,40da,10240,0/0
/spttest/mixed_10K_ct7,40db,10240,0/0
/spttest/mixed_10K_ct8,40dc,10240,0/0
/spttest/mixed_10K_ct9,40dd,10240,0/0
/spttest/mixed_10K_cta,40de,10240,0/0
/spttest/mixed_10K_ctb,40df,10240,0/0
/spttest/mixed_10K_ctc,40e0,10240,0/0
/spttest/mixed_10K_ctd,40e1,10240,0/0
/spttest/mixed_10K_cte,40e2,10240,0/0
/spttest/mixed_10K_ctf,40e3,10240,0/0
/spttest/mixed_10K_ctg,40e4,10240,0/0
/spttest/mixed_10K_cth,40e5,10240,0/0
/spttest/mixed_10K_cti,40e6,10240,0/0
/spttest/mixed_10K_ctj,40e7,10240,0/0
/spttest/mixed_10K_ctk,40e8,10240,0/0
/spttest/mixed_10K_ctl,40e9,10240,0/0
/spttest/mixed_10K_ctm,40ea,10240,0/0
/spttest/mixed_10K_ctn,40eb,10240,0/0
/spttest/mixed_10K_cto,40ec,10240,0/0
/spttest/mixed_10K_ctp,40ed,10240,0/0
/spttest/mixed_10K_ctq,40ee,10240,0/0
/spttest/mixed_10K_ctr,40ef,10240,0/0
/spttest/mixed_10K_cts,40f0,10240,0/0
/spttest/mixed_10K_ctt,40f1,10240,0/0
/spttest/mixed_10K_ctu,40f2,10240,0/0
/spttest/mixed_10K_ctv,40f3,10240,0/0
/spttest/mixed_10K_ctw,40f4,10240,0/0
/spttest/mixed_10K_ctx,40f5,10240,0/0
/spttest/mixed_10K_cty,40f6,10240,0/0
/spttest/mixed_10K_ctz,40f7,10240,0/0
/spttest/mixed_10K_cu0,40f8,10240,0/0
/spttest/mixed_10K_cu1,40f9,10240,0/0
/spttest/mixed_10K_cu2,40fa,10240,0/0
/spttest/mixed_10K_cu3,40fb,10240,0/0
/spttest/mixed_10K_cu4,40fc,10240,0/0
/spttest/mixed_10K_cu5,40fd,10240,0/0
/spttest/mixed_10K_cu6,40fe,10240,0/0
/spttest/mixed_10K_cu7,40ff,10240,0/0
/spttest/mixed_10K_cu8,4100,10240,0/0
/spttest/mixed_10K_cu9,4101,10240,0/0
/spttest/mixed_10K_cua,4102,10240,0/0
/spttest/mixed_10K_cub,4103,10240,0/0
/spttest/mixed_10K_cuc,4104,10240,0/0
/spttest/mixed_10K_cud,4105,10240,0/0
/spttest/mixed_10K_cue,4106,10240,0/0
/spttest/mixed_10K_cuf,4107,10240,0/0
/spttest/mixed_10K_cug,4108,10240,0/0
/spttest/mixed_10K_cuh,4109,10240,0/0
/spttest/mixed_10K_cui,410a,10240,0/0
/spttest/mixed_10K_cuj,410b,10240,0/0
/spttest/mixed_10K_cuk,410c,10240,0/0
/spttest/mixed_10K_cul,410d,10240,0/0
/spttest/mixed_10K_cum,410e,10240,0/0
/spttest/mixed_10K_cun,410f,10240,0/0
/spttest/mixed_10K_cuo,4110,10240,0/0
/spttest/mixed_10K_cup,4111,10240,0/0
/spttest/mixed_10K_cuq,4112,10240,0/0
/spttest/mixed_10K_cur,4113,10240,0/0
/spttest/mixed_10K_cus,4114,10240,0/0
/spttest/mixed_10K_cut,4115,10240,0/0
/spttest/mixed_10K_cuu,4116,10240,0/0
/spttest/mixed_10K_cuv,4117,10240,0/0
/spttest/mixed_10K_cuw,4118,10240,0/0
/spttest/mixed_10K_cux,4119,10240,0/0
/spttest/mixed_10K_cuy,411a,10240,0/0
/spttest/mixed_10K_cuz,411b,10240,0/0
/spttest/mixed_10K_cv0,411c,10240,0/0
/spttest/mixed_10K_cv1,411d,10240,0/0
/spttest/mixed_10K_cv2,411e,10240,0/0
/spttest/mixed_10K_cv3,411f,10240,0/0
/spttest/mixed_10K_cv4,4120,10240,0/0
/spttest/mixed_10K_cv5,4121,10240,0/0
/spttest/mixed_10K_cv6,4122,10240,0/0
/spttest/mixed_10K_cv7,4123,10240,0/0
/spttest/mixed_10K_cv8,4124,10240,0/0
/spttest/mixed_10K_cv9,4125,10240,0/0
/spttest/mixed_10K_cva,4126,10240,0/0
/spttest/mixed_10K_cvb,4127,10240,0/0
/spttest/mixed_10K_cvc,4128,10240,0/0
/spttest/mixed_10K_cvd,4129,10240,0/0
/spttest/mixed_10K_cve,412a,10240,0/0
/spttest/mixed_10K_cvf,412b,10240,0/0
/spttest/mixed_10K_cvg,412c,10240,0/0
/spttest/mixed_10K_cvh,412d,10240,0/0
/spttest/mixed_10K_cvi,412e,10240,0/0
/spttest/mixed_10K_cvj,412f,10240,0/0
/spttest/mixed_10K_cvk,4130,10240,0/0
/spttest/mixed_10K_cvl,4131,10240,0/0
/spttest/mixed_10K_cvm,4132,10240,0/0
/spttest/mixed_10K_cvn,4133,10240,0/0
/spttest/mixed_10K_cvo,4134,10240,0/0
/spttest/mixed_10K_cvp,4135,10240,0/0
/spttest/mixed_10K_cvq,4136,10240,0/0
/spttest/mixed_10K_cvr,4137,10240,0/0
/spttest/mixed_10K_cvs,4138,10240,0/0
/spttest/mixed_10K_cvt,4139,10240,0/0
/spttest/mixed_10K_cvu,413a,10240,0/0
/spttest/mixed_10K_cvv,413b,10240,0/0
/spttest/mixed_10K_cvw,413c,10240,0/0
/spttest/mixed_10K_cvx,413d,10240,0/0
/spttest/mixed_10K_cvy,413e,10240,0/0
/spttest/mixed_10K_cvz,413f,10240,0/0
/spttest/mixed_10K_cw0,4140,10240,0/0
/spttest/mixed_10K_cw1,4141,10240,0/0
/spttest/mixed_10K_cw2,4142,10240,0/0
/spttest/mixed_10K_cw3,4143,10240,0/0
/spttest/mixed_10K_cw4,4144,10240,0/0
/spttest/mixed_10K_cw5,4145,10240,0/0
/spttest/mixed_10K_cw6,4146,10240,0/0
/spttest/mixed_10K_cw7,4147,10240,0/0
/spttest/mixed_10K_cw8,4148,10240,0/0
/spttest/mixed_10K_cw9,4149,10240,0/0
/spttest/mixed_10K_cwa,414a,10240,0/0
/spttest/mixed_10K_cwb,414b,10240,0/0
/spttest/mixed_10K_cwc,414c,10240,0/0
/spttest/mixed_10K_cwd,414d,10240,0/0
/spttest/mixed_10K_cwe,414e,10240,0/0
/spttest/mixed_10K_cwf,414f,10240,0/0
/spttest/mixed_10K_cwg,4150,10240,0/0
/spttest/mixed_10K_cwh,4151,10240,0/0
/spttest/mixed_10K_cwi,4152,10240,0/0
/spttest/mixed_10K_cwj,4153,10240,0/0
/spttest/mixed_10K_cwk,4154,10240,0/0
/spttest/mixed_10K_cwl,4155,10240,0/0
/spttest/mixed_10K_cwm,4156,10240,0/0
/spttest/mixed_10K_cwn,4157,10240,0/0
/spttest/mixed_10K_cwo,4158,10240,0/0
/spttest/mixed_10K_cwp,4159,10240,0/0
/spttest/mixed_10K_cwq,415a,10240,0/0
/spttest/mixed_10K_cwr,415b,10240,0/0
/spttest/mixed_10K_cws,415c,10240,0/0
/spttest/mixed_10K_cwt,415d,10240,0/0
/spttest/mixed_10K_cwu,415e,10240,0/0
/spttest/mixed_10K_cwv,415f,10240,0/0
/spttest/mixed_10K_cww,4160,10240,0/0
/spttest/mixed_10K_cwx,4161,10240,0/0
/spttest/mixed_10K_cwy,4162,10240,0/0
/spttest/mixed_10K_cwz,4163,10240,0/0
/spttest/mixed_10K_cx0,4164,10240,0/0
/spttest/mixed_10K_cx1,4165,10240,0/0
/spttest/mixed_10K_cx2,4166,10240,0/0
/spttest/mixed_10K_cx3,4167,10240,0/0
/spttest/mixed_10K_cx4,4168,10240,0/0
/spttest/mixed_10K_cx5,4169,10240,0/0
/spttest/mixed_10K_cx6,416a,10240,0/0
/spttest/mixed_10K_cx7,416b,10240,0/0
/spttest/mixed_10K_cx8,416c,10240,0/0
/spttest/mixed_10K_cx9,416d,10240,0/0
/spttest/mixed_10K_cxa,416e,10240,0/0
/spttest/mixed_10K_cxb,416f,10240,0/0
/spttest/mixed_10K_cxc,4170,10240,0/0
/spttest/mixed_10K_cxd,4171,10240,0/0
/spttest/mixed_10K_cxe,4172,10240,0/0
/spttest/mixed_10K_cxf,4173,10240,0/0
/spttest/mixed_10K_cxg,4174,10240,0/0
/spttest/mixed_10K_cxh,4175,10240,0/0
/spttest/mixed_10K_cxi,4176,10240,0/0
/spttest/mixed_10K_cxj,4177,10240,0/0
/spttest/mixed_10K_cxk,4178,10240,0/0
/spttest/mixed_10K_cxl,4179,10240,0/0
/spttest/mixed_10K_cxm,417a,10240,0/0
/spttest/mixed_10K_cxn,417b,10240,0/0
/spttest/mixed_10K_cxo,417c,10240,0/0
/spttest/mixed_10K_cxp,417d,10240,0/0
/spttest/mixed_10K_cxq,417e,10240,0/0
/spttest/mixed_10K_cxr,417f,10240,0/0
/spttest/mixed_10K_cxs,4180,10240,0/0
/spttest/mixed_10K_cxt,4181,10240,0/0
/spttest/mixed_10K_cxu,4182,10240,0/0
/spttest/mixed_10K_cxv,4183,10240,0/0
/spttest/mixed_10K_cxw,4184,10240,0/0
/spttest/mixed_10K_cxx,4185,10240,0/0
/spttest/mixed_10K_cxy,4186,10240,0/0
/spttest/mixed_10K_cxz,4187,10240,0/0
/spttest/mixed_10K_cy0,4188,10240,0/0
/spttest/mixed_10K_cy1,4189,10240,0/0
/spttest/mixed_10K_cy2,418a,10240,0/0
/spttest/mixed_10K_cy3,418b,10240,0/0
/spttest/mixed_10K_cy4,418c,10240,0/0
/spttest/mixed_10K_cy5,418d,10240,0/0
/spttest/mixed_10K_cy6,418e,10240,0/0
/spttest/mixed_10K_cy7,418f,10240,0/0
/spttest/mixed_10K_cy8,4190,10240,0/0
/spttest/mixed_10K_cy9,4191,10240,0/0
/spttest/mixed_10K_cya,4192,10240,0/0
/spttest/mixed_10K_cyb,4193,10240,0/0
/spttest/mixed_10K_cyc,4194,10240,0/0
/spttest/mixed_10K_cyd,4195,10240,0/0
/spttest/mixed_10K_cye,4196,10240,0/0
/spttest/mixed_10K_cyf,4197,10240,0/0
/spttest/mixed_10K_cyg,4198,10240,0/0
/spttest/mixed_10K_cyh,4199,10240,0/0
/spttest/mixed_10K_cyi,419a,10240,0/0
/spttest/mixed_10K_cyj,419b,10240,0/0
/spttest/mixed_10K_cyk,419c,10240,0/0
/spttest/mixed_10K_cyl,419d,10240,0/0
/spttest/mixed_10K_cym,419e,10240,0/0
/spttest/mixed_10K_cyn,419f,10240,0/0
/spttest/mixed_10K_cyo,41a0,10240,0/0
/spttest/mixed_10K_cyp,41a1,10240,0/0
/spttest/mixed_10K_cyq,41a2,10240,0/0
/spttest/mixed_10K_cyr,41a3,10240,0/0
/spttest/mixed_10K_cys,41a4,10240,0/0
/spttest/mixed_10K_cyt,41a5,10240,0/0
/spttest/mixed_10K_cyu,41a6,10240,0/0
/spttest/mixed_10K_cyv,41a7,10240,0/0
/spttest/mixed_10K_cyw,41a8,10240,0/0
/spttest/mixed_10K_cyx,41a9,10240,0/0
/spttest/mixed_10K_cyy,41aa,10240,0/0
/spttest/mixed_10K_cyz,41ab,10240,0/0
/spttest/mixed_10K_cz0,41ac,10240,0/0
/spttest/mixed_10K_cz1,41ad,10240,0/0
/spttest/mixed_10K_cz2,41ae,10240,0/0
/spttest/mixed_10K_cz3,41af,10240,0/0
/spttest/mixed_10K_cz4,41b0,10240,0/0
/spttest/mixed_10K_cz5,41b1,10240,0/0
/spttest/mixed_10K_cz6,41b2,10240,0/0
/spttest/mixed_10K_cz7,41b3,10240,0/0
/spttest/mixed_10K_cz8,41b4,10240,0/0
/spttest/mixed_10K_cz9,41b5,10240,0/0
/spttest/mixed_10K_cza,41b6,10240,0/0
/spttest/mixed_10K_czb,41b7,10240,0/0
/spttest/mixed_10K_czc,41b8,10240,0/0
/spttest/mixed_10K_czd,41b9,10240,0/0
/spttest/mixed_10K_cze,41ba,10240,0/0
/spttest/mixed_10K_czf,41bb,10240,0/0
/spttest/mixed_10K_czg,41bc,10240,0/0
/spttest/mixed_10K_czh,41bd,10240,0/0
/spttest/mixed_10K_czi,41be,10240,0/0
/spttest/mixed_10K_czj,41bf,10240,0/0
/spttest/mixed_10K_czk,41c0,10240,0/0
/spttest/mixed_10K_czl,41c1,10240,0/0
/spttest/mixed_10K_czm,41c2,10240,0/0
/spttest/mixed_10K_czn,41c3,10240,0/0
/spttest/mixed_10K_czo,41c4,10240,0/0
/spttest/mixed_10K_czp,41c5,10240,0/0
/spttest/mixed_10K_czq,41c6,10240,0/0
/spttest/mixed_10K_czr,41c7,10240,0/0
/spttest/mixed_10K_czs,41c8,10240,0/0
/spttest/mixed_10K_czt,41c9,10240,0/0
/spttest/mixed_10K_czu,41ca,10240,0/0
/spttest/mixed_10K_czv,41cb,10240,0/0
/spttest/mixed_10K_czw,41cc,10240,0/0
/spttest/mixed_10K_czx,41cd,10240,0/0
/spttest/mixed_10K_czy,41ce,10240,0/0
/spttest/mixed_10K_czz,41cf,10240,0/0
/spttest/mixed_10K_d00,41d0,10240,0/0
/spttest/mixed_10K_d01,41d1,10240,0/0
/spttest/mixed_10K_d02,41d2,10240,0/0
/spttest/mixed_10K_d03,41d3,10240,0/0
/spttest/mixed_10K_d04,41d4,10240,0/0
/spttest/mixed_10K_d05,41d5,10240,0/0
/spttest/mixed_10K_d06,41d6,10240,0/0
/spttest/mixed_10K_d07,41d7,10240,0/0
/spttest/mixed_10K_d08,41d8,10240,0/0
/spttest/mixed_10K_d09,41d9,10240,0/0
/spttest/mixed_10K_d0a,41da,10240,0/0
/spttest/mixed_10K_d0b,41db,10240,0/0
/spttest/mixed_10K_d0c,41dc,10240,0/0
/spttest/mixed_10K_d0d,41dd,10240,0/0
/spttest/mixed_10K_d0e,41de,10240,0/0
/spttest/mixed_10K_d0f,41df,10240,0/0
/spttest/mixed_10K_d0g,41e0,10240,0/0
/spttest/mixed_10K_d0h,41e1,10240,0/0
/spttest/mixed_10K_d0i,41e2,10240,0/0
/spttest/mixed_10K_d0j,41e3,10240,0/0
/spttest/mixed_10K_d0k,41e4,10240,0/0
/spttest/mixed_10K_d0l,41e5,10240,0/0
/spttest/mixed_10K_d0m,41e6,10240,0/0
/spttest/mixed_10K_d0n,41e7,10240,0/0
/spttest/mixed_10K_d0o,41e8,10240,0/0
/spttest/mixed_10K_d0p,41e9,10240,0/0
/spttest/mixed_10K_d0q,41ea,10240,0/0
/spttest/mixed_10K_d0r,41eb,10240,0/0
/spttest/mixed_10K_d0s,41ec,10240,0/0
/spttest/mixed_10K_d0t,41ed,10240,0/0
/spttest/mixed_10K_d0u,41ee,10240,0/0
/spttest/mixed_10K_d0v,41ef,10240,0/0
/spttest/mixed_10K_d0w,41f0,10240,0/0
/spttest/mixed_10K_d0x,41f1,10240,0/0
/spttest/mixed_10K_d0y,41f2,10240,0/0
/spttest/mixed_10K_d0z,41f3,10240,0/0
/spttest/mixed_10K_d10,41f4,10240,0/0
/spttest/mixed_10K_d11,41f5,10240,0/0
/spttest/mixed_10K_d12,41f6,10240,0/0
/spttest/mixed_10K_d13,41f7,10240,0/0
/spttest/mixed_10K_d14,41f8,10240,0/0
/spttest/mixed_10K_d15,41f9,10240,0/0
/spttest/mixed_10K_d16,41fa,10240,0/0
/spttest/mixed_10K_d17,41fb,10240,0/0
/spttest/mixed_10K_d18,41fc,10240,0/0
/spttest/mixed_10K_d19,41fd,10240,0/0
/spttest/mixed_10K_d1a,41fe,10240,0/0
/spttest/mixed_10K_d1b,41ff,10240,0/0
/spttest/mixed_10K_d1c,4200,10240,0/0
/spttest/mixed_10K_d1d,4201,10240,0/0
/spttest/mixed_10K_d1e,4202,10240,0/0
/spttest/mixed_10K_d1f,4203,10240,0/0
/spttest/mixed_10K_d1g,4204,10240,0/0
/spttest/mixed_10K_d1h,4205,10240,0/0
/spttest/mixed_10K_d1i,4206,10240,0/0
/spttest/mixed_10K_d1j,4207,10240,0/0
/spttest/mixed_10K_d1k,4208,10240,0/0
/spttest/mixed_10K_d1l,4209,10240,0/0
/spttest/mixed_10K_d1m,420a,10240,0/0
/spttest/mixed_10K_d1n,420b,10240,0/0
/spttest/mixed_10K_d1o,420c,10240,0/0
/spttest/mixed_10K_d1p,420d,10240,0/0
/spttest/mixed_10K_d1q,420e,10240,0/0
/spttest/mixed_10K_d1r,420f,10240,0/0
/spttest/mixed_10K_d1s,4210,10240,0/0
/spttest/mixed_10K_d1t,4211,10240,0/0
/spttest/mixed_10K_d1u,4212,10240,0/0
/spttest/mixed_10K_d1v,4213,10240,0/0
/spttest/mixed_10K_d1w,4214,10240,0/0
/spttest/mixed_10K_d1x,4215,10240,0/0
/spttest/mixed_10K_d1y,4216,10240,0/0
/spttest/mixed_10K_d1z,4217,10240,0/0
/spttest/mixed_10K_d20,4218,10240,0/0
/spttest/mixed_10K_d21,4219,10240,0/0
/spttest/mixed_10K_d22,421a,10240,0/0
/spttest/mixed_10K_d23,421b,10240,0/0
/spttest/mixed_10K_d24,421c,10240,0/0
/spttest/mixed_10K_d25,421d,10240,0/0
/spttest/mixed_10K_d26,421e,10240,0/0
/spttest/mixed_10K_d27,421f,10240,0/0
/spttest/mixed_10K_d28,4220,10240,0/0
/spttest/mixed_10K_d29,4221,10240,0/0
/spttest/mixed_10K_d2a,4222,10240,0/0
/spttest/mixed_10K_d2b,4223,10240,0/0
/spttest/mixed_10K_d2c,4224,10240,0/0
/spttest/mixed_10K_d2d,4225,10240,0/0
/spttest/mixed_10K_d2e,4226,10240,0/0
/spttest/mixed_10K_d2f,4227,10240,0/0
/spttest/mixed_10K_d2g,4228,10240,0/0
/spttest/mixed_10K_d2h,4229,10240,0/0
/spttest/mixed_10K_d2i,422a,10240,0/0
/spttest/mixed_10K_d2j,422b,10240,0/0
/spttest/mixed_10K_d2k,422c,10240,0/0
/spttest/mixed_10K_d2l,422d,10240,0/0
/spttest/mixed_10K_d2m,422e,10240,0/0
/spttest/mixed_10K_d2n,422f,10240,0/0
/spttest/mixed_10K_d2o,4230,10240,0/0
/spttest/mixed_10K_d2p,4231,10240,0/0
/spttest/mixed_10K_d2q,4232,10240,0/0
/spttest/mixed_10K_d2r,4233,10240,0/0
/spttest/mixed_10K_d2s,4234,10240,0/0
/spttest/mixed_10K_d2t,4235,10240,0/0
/spttest/mixed_10K_d2u,4236,10240,0/0
/spttest/mixed_10K_d2v,4237,10240,0/0
/spttest/mixed_10K_d2w,4238,10240,0/0
/spttest/mixed_10K_d2x,4239,10240,0/0
/spttest/mixed_10K_d2y,423a,10240,0/0
/spttest/mixed_10K_d2z,423b,10240,0/0
/spttest/mixed_10K_d30,423c,10240,0/0
/spttest/mixed_10K_d31,423d,10240,0/0
/spttest/mixed_10K_d32,423e,10240,0/0
/spttest/mixed_10K_d33,423f,10240,0/0
/spttest/mixed_10K_d34,4240,10240,0/0
/spttest/mixed_10K_d35,4241,10240,0/0
/spttest/mixed_10K_d36,4242,10240,0/0
/spttest/mixed_10K_d37,4243,10240,0/0
/spttest/mixed_10K_d38,4244,10240,0/0
/spttest/mixed_10K_d39,4245,10240,0/0
/spttest/mixed_10K_d3a,4246,10240,0/0
/spttest/mixed_10K_d3b,4247,10240,0/0
/spttest/mixed_10K_d3c,4248,10240,0/0
/spttest/mixed_10K_d3d,4249,10240,0/0
/spttest/mixed_10K_d3e,424a,10240,0/0
/spttest/mixed_10K_d3f,424b,10240,0/0
/spttest/mixed_10K_d3g,424c,10240,0/0
/spttest/mixed_10K_d3h,424d,10240,0/0
/spttest/mixed_10K_d3i,424e,10240,0/0
/spttest/mixed_10K_d3j,424f,10240,0/0
/spttest/mixed_10K_d3k,4250,10240,0/0
/spttest/mixed_10K_d3l,4251,10240,0/0
/spttest/mixed_10K_d3m,4252,10240,0/0
/spttest/mixed_10K_d3n,4253,10240,0/0
/spttest/mixed_10K_d3o,4254,10240,0/0
/spttest/mixed_10K_d3p,4255,10240,0/0
/spttest/mixed_10K_d3q,4256,10240,0/0
/spttest/mixed_10K_d3r,4257,10240,0/0
/spttest/mixed_10K_d3s,4258,10240,0/0
/spttest/mixed_10K_d3t,4259,10240,0/0
/spttest/mixed_10K_d3u,425a,10240,0/0
/spttest/mixed_10K_d3v,425b,10240,0/0
/spttest/mixed_10K_d3w,425c,10240,0/0
/spttest/mixed_10K_d3x,425d,10240,0/0
/spttest/mixed_10K_d3y,425e,10240,0/0
/spttest/mixed_10K_d3z,425f,10240,0/0
/spttest/mixed_10K_d40,4260,10240,0/0
/spttest/mixed_10K_d41,4261,10240,0/0
/spttest/mixed_10K_d42,4262,10240,0/0
/spttest/mixed_10K_d43,4263,10240,0/0
/spttest/mixed_10K_d44,4264,10240,0/0
/spttest/mixed_10K_d45,4265,10240,0/0
/spttest/mixed_10K_d46,4266,10240,0/0
/spttest/mixed_10K_d47,4267,10240,0/0
/spttest/mixed_10K_d48,4268,10240,0/0
/spttest/mixed_10K_d49,4269,10240,0/0
/spttest/mixed_10K_d4a,426a,10240,0/0
/spttest/mixed_10K_d4b,426b,10240,0/0
/spttest/mixed_10K_d4c,426c,10240,0/0
/spttest/mixed_10K_d4d,426d,10240,0/0
/spttest/mixed_10K_d4e,426e,10240,0/0
/spttest/mixed_10K_d4f,426f,10240,0/0
/spttest/mixed_10K_d4g,4270,10240,0/0
/spttest/mixed_10K_d4h,4271,10240,0/0
/spttest/mixed_10K_d4i,4272,10240,0/0
/spttest/mixed_10K_d4j,4273,10240,0/0
/spttest/mixed_10K_d4k,4274,10240,0/0
/spttest/mixed_10K_d4l,4275,10240,0/0
/spttest/mixed_10K_d4m,4276,10240,0/0
/spttest/mixed_10K_d4n,4277,10240,0/0
/spttest/mixed_10K_d4o,4278,10240,0/0
/spttest/mixed_10K_d4p,4279,10240,0/0
/spttest/mixed_10K_d4q,427a,10240,0/0
/spttest/mixed_10K_d4r,427b,10240,0/0
/spttest/mixed_10K_d4s,427c,10240,0/0
/spttest/mixed_10K_d4t,427d,10240,0/0
/spttest/mixed_10K_d4u,427e,10240,0/0
/spttest/mixed_10K_d4v,427f,10240,0/0
/spttest/mixed_10K_d4w,4280,10240,0/0
/spttest/mixed_10K_d4x,4281,10240,0/0
/spttest/mixed_10K_d4y,4282,10240,0/0
/spttest/mixed_10K_d4z,4283,10240,0/0
/spttest/mixed_10K_d50,4284,10240,0/0
/spttest/mixed_10K_d51,4285,10240,0/0
/spttest/mixed_10K_d52,4286,10240,0/0
/spttest/mixed_10K_d53,4287,10240,0/0
/spttest/mixed_10K_d54,4288,10240,0/0
/spttest/mixed_10K_d55,4289,10240,0/0
/spttest/mixed_10K_d56,428a,10240,0/0
/spttest/mixed_10K_d57,428b,10240,0/0
/spttest/mixed_10K_d58,428c,10240,0/0
/spttest/mixed_10K_d59,428d,10240,0/0
/spttest/mixed_10K_d5a,428e,10240,0/0
/spttest/mixed_10K_d5b,428f,10240,0/0
/spttest/mixed_10K_d5c,4290,10240,0/0
/spttest/mixed_10K_d5d,4291,10240,0/0
/spttest/mixed_10K_d5e,4292,10240,0/0
/spttest/mixed_10K_d5f,4293,10240,0/0
/spttest/mixed_10K_d5g,4294,10240,0/0
/spttest/mixed_10K_d5h,4295,10240,0/0
/spttest/mixed_10K_d5i,4296,10240,0/0
/spttest/mixed_10K_d5j,4297,10240,0/0
/spttest/mixed_10K_d5k,4298,10240,0/0
/spttest/mixed_10K_d5l,4299,10240,0/0
/spttest/mixed_10K_d5m,429a,10240,0/0
/spttest/mixed_10K_d5n,429b,10240,0/0
/spttest/mixed_10K_d5o,429c,10240,0/0
/spttest/mixed_10K_d5p,429d,10240,0/0
/spttest/mixed_10K_d5q,429e,10240,0/0
/spttest/mixed_10K_d5r,429f,10240,0/0
/spttest/mixed_10K_d5s,42a0,10240,0/0
/spttest/mixed_10K_d5t,42a1,10240,0/0
/spttest/mixed_10K_d5u,42a2,10240,0/0
/spttest/mixed_10K_d5v,42a3,10240,0/0
/spttest/mixed_10K_d5w,42a4,10240,0/0
/spttest/mixed_10K_d5x,42a5,10240,0/0
/spttest/mixed_10K_d5y,42a6,10240,0/0
/spttest/mixed_10K_d5z,42a7,10240,0/0
/spttest/mixed_10K_d60,42a8,10240,0/0
/spttest/mixed_10K_d61,42a9,10240,0/0
/spttest/mixed_10K_d62,42aa,10240,0/0
/spttest/mixed_10K_d63,42ab,10240,0/0
/spttest/mixed_10K_d64,42ac,10240,0/0
/spttest/mixed_10K_d65,42ad,10240,0/0
/spttest/mixed_10K_d66,42ae,10240,0/0
/spttest/mixed_10K_d67,42af,10240,0/0
/spttest/mixed_10K_d68,42b0,10240,0/0
/spttest/mixed_10K_d69,42b1,10240,0/0
/spttest/mixed_10K_d6a,42b2,10240,0/0
/spttest/mixed_10K_d6b,42b3,10240,0/0
/spttest/mixed_10K_d6c,42b4,10240,0/0
/spttest/mixed_10K_d6d,42b5,10240,0/0
/spttest/mixed_10K_d6e,42b6,10240,0/0
/spttest/mixed_10K_d6f,42b7,10240,0/0
/spttest/mixed_10K_d6g,42b8,10240,0/0
/spttest/mixed_10K_d6h,42b9,10240,0/0
/spttest/mixed_10K_d6i,42ba,10240,0/0
/spttest/mixed_10K_d6j,42bb,10240,0/0
/spttest/mixed_10K_d6k,42bc,10240,0/0
/spttest/mixed_10K_d6l,42bd,10240,0/0
/spttest/mixed_10K_d6m,42be,10240,0/0
/spttest/mixed_10K_d6n,42bf,10240,0/0
/spttest/mixed_10K_d6o,42c0,10240,0/0
/spttest/mixed_10K_d6p,42c1,10240,0/0
/spttest/mixed_10K_d6q,42c2,10240,0/0
/spttest/mixed_10K_d6r,42c3,10240,0/0
/spttest/mixed_10K_d6s,42c4,10240,0/0
/spttest/mixed_10K_d6t,42c5,10240,0/0
/spttest/mixed_10K_d6u,42c6,10240,0/0
/spttest/mixed_10K_d6v,42c7,10240,0/0
/spttest/mixed_10K_d6w,42c8,10240,0/0
/spttest/mixed_10K_d6x,42c9,10240,0/0
/spttest/mixed_10K_d6y,42ca,10240,0/0
/spttest/mixed_10K_d6z,42cb,10240,0/0
/spttest/mixed_10K_d70,42cc,10240,0/0
/spttest/mixed_10K_d71,42cd,10240,0/0
/spttest/mixed_10K_d72,42ce,10240,0/0
/spttest/mixed_10K_d73,42cf,10240,0/0
/spttest/mixed_10K_d74,42d0,10240,0/0
/spttest/mixed_10K_d75,42d1,10240,0/0
/spttest/mixed_10K_d76,42d2,10240,0/0
/spttest/mixed_10K_d77,42d3,10240,0/0
/spttest/mixed_10K_d78,42d4,10240,0/0
/spttest/mixed_10K_d79,42d5,10240,0/0
/spttest/mixed_10K_d7a,42d6,10240,0/0
/spttest/mixed_10K_d7b,42d7,10240,0/0
/spttest/mixed_10K_d7c,42d8,10240,0/0
/spttest/mixed_10K_d7d,42d9,10240,0/0
/spttest/mixed_10K_d7e,42da,10240,0/0
/spttest/mixed_10K_d7f,42db,10240,0/0
/spttest/mixed_10K_d7g,42dc,10240,0/0
/spttest/mixed_10K_d7h,42dd,10240,0/0
/spttest/mixed_10K_d7i,42de,10240,0/0
/spttest/mixed_10K_d7j,42df,10240,0/0
/spttest/mixed_10K_d7k,42e0,10240,0/0
/spttest/mixed_10K_d7l,42e1,10240,0/0
/spttest/mixed_10K_d7m,42e2,10240,0/0
/spttest/mixed_10K_d7n,42e3,10240,0/0
/spttest/mixed_10K_d7o,42e4,10240,0/0
/spttest/mixed_10K_d7p,42e5,10240,0/0
/spttest/mixed_10K_d7q,42e6,10240,0/0
/spttest/mixed_10K_d7r,42e7,10240,0/0
/spttest/mixed_10K_d7s,42e8,10240,0/0
/spttest/mixed_10K_d7t,42e9,10240,0/0
/spttest/mixed_10K_d7u,42ea,10240,0/0
/spttest/mixed_10K_d7v,42eb,10240,0/0
/spttest/mixed_10K_d7w,42ec,10240,0/0
/spttest/mixed_10K_d7x,42ed,10240,0/0
/spttest/mixed_10K_d7y,42ee,10240,0/0
/spttest/mixed_10K_d7z,42ef,10240,0/0
/spttest/mixed_10K_d80,42f0,10240,0/0
/spttest/mixed_10K_d81,42f1,10240,0/0
/spttest/mixed_10K_d82,42f2,10240,0/0
/spttest/mixed_10K_d83,42f3,10240,0/0
/spttest/mixed_10K_d84,42f4,10240,0/0
/spttest/mixed_10K_d85,42f5,10240,0/0
/spttest/mixed_10K_d86,42f6,10240,0/0
/spttest/mixed_10K_d87,42f7,10240,0/0
/spttest/mixed_10K_d88,42f8,10240,0/0
/spttest/mixed_10K_d89,42f9,10240,0/0
/spttest/mixed_10K_d8a,42fa,10240,0/0
/spttest/mixed_10K_d8b,42fb,10240,0/0
/spttest/mixed_10K_d8c,42fc,10240,0/0
/spttest/mixed_10K_d8d,42fd,10240,0/0
/spttest/mixed_10K_d8e,42fe,10240,0/0
/spttest/mixed_10K_d8f,42ff,10240,0/0
/spttest/mixed_10K_d8g,4300,10240,0/0
/spttest/mixed_10K_d8h,4301,10240,0/0
/spttest/mixed_10K_d8i,4302,10240,0/0
/spttest/mixed_10K_d8j,4303,10240,0/0
/spttest/mixed_10K_d8k,4304,10240,0/0
/spttest/mixed_10K_d8l,4305,10240,0/0
/spttest/mixed_10K_d8m,4306,10240,0/0
/spttest/mixed_10K_d8n,4307,10240,0/0
/spttest/mixed_10K_d8o,4308,10240,0/0
/spttest/mixed_10K_d8p,4309,10240,0/0
/spttest/mixed_10K_d8q,430a,10240,0/0
/spttest/mixed_10K_d8r,430b,10240,0/0
/spttest/mixed_10K_d8s,430c,10240,0/0
/spttest/mixed_10K_d8t,430d,10240,0/0
/spttest/mixed_10K_d8u,430e,10240,0/0
/spttest/mixed_10K_d8v,430f,10240,0/0
/spttest/mixed_10K_d8w,4310,10240,0/0
/spttest/mixed_10K_d8x,4311,10240,0/0
/spttest/mixed_10K_d8y,4312,10240,0/0
/spttest/mixed_10K_d8z,4313,10240,0/0
/spttest/mixed_10K_d90,4314,10240,0/0
/spttest/mixed_10K_d91,4315,10240,0/0
/spttest/mixed_10K_d92,4316,10240,0/0
/spttest/mixed_10K_d93,4317,10240,0/0
/spttest/mixed_10K_d94,4318,10240,0/0
/spttest/mixed_10K_d95,4319,10240,0/0
/spttest/mixed_10K_d96,431a,10240,0/0
/spttest/mixed_10K_d97,431b,10240,0/0
/spttest/mixed_10K_d98,431c,10240,0/0
/spttest/mixed_10K_d99,431d,10240,0/0
/spttest/mixed_10K_d9a,431e,10240,0/0
/spttest/mixed_10K_d9b,431f,10240,0/0
/spttest/mixed_10K_d9c,4320,10240,0/0
/spttest/mixed_10K_d9d,4321,10240,0/0
/spttest/mixed_10K_d9e,4322,10240,0/0
/spttest/mixed_10K_d9f,4323,10240,0/0
/spttest/mixed_10K_d9g,4324,10240,0/0
/spttest/mixed_10K_d9h,4325,10240,0/0
/spttest/mixed_10K_d9i,4326,10240,0/0
/spttest/mixed_10K_d9j,4327,10240,0/0
/spttest/mixed_10K_d9k,4328,10240,0/0
/spttest/mixed_10K_d9l,4329,10240,0/0
/spttest/mixed_10K_d9m,432a,10240,0/0
/spttest/mixed_10K_d9n,432b,10240,0/0
/spttest/mixed_10K_d9o,432c,10240,0/0
/spttest/mixed_10K_d9p,432d,10240,0/0
/spttest/mixed_10K_d9q,432e,10240,0/0
/spttest/mixed_10K_d9r,432f,10240,0/0
/spttest/mixed_10K_d9s,4330,10240,0/0
/spttest/mixed_10K_d9t,4331,10240,0/0
/spttest/mixed_10K_d9u,4332,10240,0/0
/spttest/mixed_10K_d9v,4333,10240,0/0
/spttest/mixed_10K_d9w,4334,10240,0/0
/spttest/mixed_10K_d9x,4335,10240,0/0
/spttest/mixed_10K_d9y,4336,10240,0/0
/spttest/mixed_10K_d9z,4337,10240,0/0
/spttest/mixed_10K_da0,4338,10240,0/0
/spttest/mixed_10K_da1,4339,10240,0/0
/spttest/mixed_10K_da2,433a,10240,0/0
/spttest/mixed_10K_da3,433b,10240,0/0
/spttest/mixed_10K_da4,433c,10240,0/0
/spttest/mixed_10K_da5,433d,10240,0/0
/spttest/mixed_10K_da6,433e,10240,0/0
/spttest/mixed_10K_da7,433f,10240,0/0
/spttest/mixed_10K_da8,4340,10240,0/0
/spttest/mixed_10K_da9,4341,10240,0/0
/spttest/mixed_10K_daa,4342,10240,0/0
/spttest/mixed_10K_dab,4343,10240,0/0
/spttest/mixed_10K_dac,4344,10240,0/0
/spttest/mixed_10K_dad,4345,10240,0/0
/spttest/mixed_10K_dae,4346,10240,0/0
/spttest/mixed_10K_daf,4347,10240,0/0
/spttest/mixed_10K_dag,4348,10240,0/0
/spttest/mixed_10K_dah,4349,10240,0/0
/spttest/mixed_10K_dai,434a,10240,0/0
/spttest/mixed_10K_daj,434b,10240,0/0
/spttest/mixed_10K_dak,434c,10240,0/0
/spttest/mixed_10K_dal,434d,10240,0/0
/spttest/mixed_10K_dam,434e,10240,0/0
/spttest/mixed_10K_dan,434f,10240,0/0
/spttest/mixed_10K_dao,4350,10240,0/0
/spttest/mixed_10K_dap,4351,10240,0/0
/spttest/mixed_10K_daq,4352,10240,0/0
/spttest/mixed_10K_dar,4353,10240,0/0
/spttest/mixed_10K_das,4354,10240,0/0
/spttest/mixed_10K_dat,4355,10240,0/0
/spttest/mixed_10K_dau,4356,10240,0/0
/spttest/mixed_10K_dav,4357,10240,0/0
/spttest/mixed_10K_daw,4358,10240,0/0
/spttest/mixed_10K_dax,4359,10240,0/0
/spttest/mixed_10K_day,435a,10240,0/0
/spttest/mixed_10K_daz,435b,10240,0/0
/spttest/mixed_10K_db0,435c,10240,0/0
/spttest/mixed_10K_db1,435d,10240,0/0
/spttest/mixed_10K_db2,435e,10240,0/0
/spttest/mixed_10K_db3,435f,10240,0/0
/spttest/mixed_10K_db4,4360,10240,0/0
/spttest/mixed_10K_db5,4361,10240,0/0
/spttest/mixed_10K_db6,4362,10240,0/0
/spttest/mixed_10K_db7,4363,10240,0/0
/spttest/mixed_10K_db8,4364,10240,0/0
/spttest/mixed_10K_db9,4365,10240,0/0
/spttest/mixed_10K_dba,4366,10240,0/0
/spttest/mixed_10K_dbb,4367,10240,0/0
/spttest/mixed_10K_dbc,4368,10240,0/0
/spttest/mixed_10K_dbd,4369,10240,0/0
/spttest/mixed_10K_dbe,436a,10240,0/0
/spttest/mixed_10K_dbf,436b,10240,0/0
/spttest/mixed_10K_dbg,436c,10240,0/0
/spttest/mixed_10K_dbh,436d,10240,0/0
/spttest/mixed_10K_dbi,436e,10240,0/0
/spttest/mixed_10K_dbj,436f,10240,0/0
/spttest/mixed_10K_dbk,4370,10240,0/0
/spttest/mixed_10K_dbl,4371,10240,0/0
/spttest/mixed_10K_dbm,4372,10240,0/0
/spttest/mixed_10K_dbn,4373,10240,0/0
/spttest/mixed_10K_dbo,4374,10240,0/0
/spttest/mixed_10K_dbp,4375,10240,0/0
/spttest/mixed_10K_dbq,4376,10240,0/0
/spttest/mixed_10K_dbr,4377,10240,0/0
/spttest/mixed_10K_dbs,4378,10240,0/0
/spttest/mixed_10K_dbt,4379,10240,0/0
/spttest/mixed_10K_dbu,437a,10240,0/0
/spttest/mixed_10K_dbv,437b,10240,0/0
/spttest/mixed_10K_dbw,437c,10240,0/0
/spttest/mixed_10K_dbx,437d,10240,0/0
/spttest/mixed_10K_dby,437e,10240,0/0
/spttest/mixed_10K_dbz,437f,10240,0/0
/spttest/mixed_10K_dc0,4380,10240,0/0
/spttest/mixed_10K_dc1,4381,10240,0/0
/spttest/mixed_10K_dc2,4382,10240,0/0
/spttest/mixed_10K_dc3,4383,10240,0/0
/spttest/mixed_10K_dc4,4384,10240,0/0
/spttest/mixed_10K_dc5,4385,10240,0/0
/spttest/mixed_10K_dc6,4386,10240,0/0
/spttest/mixed_10K_dc7,4387,10240,0/0
/spttest/mixed_10K_dc8,4388,10240,0/0
/spttest/mixed_10K_dc9,4389,10240,0/0
/spttest/mixed_10K_dca,438a,10240,0/0
/spttest/mixed_10K_dcb,438b,10240,0/0
/spttest/mixed_10K_dcc,438c,10240,0/0
/spttest/mixed_10K_dcd,438d,10240,0/0
/spttest/mixed_10K_dce,438e,10240,0/0
/spttest/mixed_10K_dcf,438f,10240,0/0
/spttest/mixed_10K_dcg,4390,10240,0/0
/spttest/mixed_10K_dch,4391,10240,0/0
/spttest/mixed_10K_dci,4392,10240,0/0
/spttest/mixed_10K_dcj,4393,10240,0/0
/spttest/mixed_10K_dck,4394,10240,0/0
/spttest/mixed_10K_dcl,4395,10240,0/0
/spttest/mixed_10K_dcm,4396,10240,0/0
/spttest/mixed_10K_dcn,4397,10240,0/0
/spttest/mixed_10K_dco,4398,10240,0/0
/spttest/mixed_10K_dcp,4399,10240,0/0
/spttest/mixed_10K_dcq,439a,10240,0/0
/spttest/mixed_10K_dcr,439b,10240,0/0
/spttest/mixed_10K_dcs,439c,10240,0/0
/spttest/mixed_10K_dct,439d,10240,0/0
/spttest/mixed_10K_dcu,439e,10240,0/0
/spttest/mixed_10K_dcv,439f,10240,0/0
/spttest/mixed_10K_dcw,43a0,10240,0/0
/spttest/mixed_10K_dcx,43a1,10240,0/0
/spttest/mixed_10K_dcy,43a2,10240,0/0
/spttest/mixed_10K_dcz,43a3,10240,0/0
/spttest/mixed_10K_dd0,43a4,10240,0/0
/spttest/mixed_10K_dd1,43a5,10240,0/0
/spttest/mixed_10K_dd2,43a6,10240,0/0
/spttest/mixed_10K_dd3,43a7,10240,0/0
/spttest/mixed_10K_dd4,43a8,10240,0/0
/spttest/mixed_10K_dd5,43a9,10240,0/0
/spttest/mixed_10K_dd6,43aa,10240,0/0
/spttest/mixed_10K_dd7,43ab,10240,0/0
/spttest/mixed_10K_dd8,43ac,10240,0/0
/spttest/mixed_10K_dd9,43ad,10240,0/0
/spttest/mixed_10K_dda,43ae,10240,0/0
/spttest/mixed_10K_ddb,43af,10240,0/0
/spttest/mixed_10K_ddc,43b0,10240,0/0
/spttest/mixed_10K_ddd,43b1,10240,0/0
/spttest/mixed_10K_dde,43b2,10240,0/0
/spttest/mixed_10K_ddf,43b3,10240,0/0
/spttest/mixed_10K_ddg,43b4,10240,0/0
/spttest/mixed_10K_ddh,43b5,10240,0/0
/spttest/mixed_10K_ddi,43b6,10240,0/0
/spttest/mixed_10K_ddj,43b7,10240,0/0
/spttest/mixed_10K_ddk,43b8,10240,0/0
/spttest/mixed_10K_ddl,43b9,10240,0/0
/spttest/mixed_10K_ddm,43ba,10240,0/0
/spttest/mixed_10K_ddn,43bb,10240,0/0
/spttest/mixed_10K_ddo,43bc,10240,0/0
/spttest/mixed_10K_ddp,43bd,10240,0/0
/spttest/mixed_10K_ddq,43be,10240,0/0
/spttest/mixed_10K_ddr,43bf,10240,0/0
/spttest/mixed_10K_dds,43c0,10240,0/0
/spttest/mixed_10K_ddt,43c1,10240,0/0
/spttest/mixed_10K_ddu,43c2,10240,0/0
/spttest/mixed_10K_ddv,43c3,10240,0/0
/spttest/mixed_10K_ddw,43c4,10240,0/0
/spttest/mixed_10K_ddx,43c5,10240,0/0
/spttest/mixed_10K_ddy,43c6,10240,0/0
/spttest/mixed_10K_ddz,43c7,10240,0/0
/spttest/mixed_10K_de0,43c8,10240,0/0
/spttest/mixed_10K_de1,43c9,10240,0/0
/spttest/mixed_10K_de2,43ca,10240,0/0
/spttest/mixed_10K_de3,43cb,10240,0/0
/spttest/mixed_10K_de4,43cc,10240,0/0
/spttest/mixed_10K_de5,43cd,10240,0/0
/spttest/mixed_10K_de6,43ce,10240,0/0
/spttest/mixed_10K_de7,43cf,10240,0/0
/spttest/mixed_10K_de8,43d0,10240,0/0
/spttest/mixed_10K_de9,43d1,10240,0/0
/spttest/mixed_10K_dea,43d2,10240,0/0
/spttest/mixed_10K_deb,43d3,10240,0/0
/spttest/mixed_10K_dec,43d4,10240,0/0
/spttest/mixed_10K_ded,43d5,10240,0/0
/spttest/mixed_10K_dee,43d6,10240,0/0
/spttest/mixed_10K_def,43d7,10240,0/0
/spttest/mixed_10K_deg,43d8,10240,0/0
/spttest/mixed_10K_deh,43d9,10240,0/0
/spttest/mixed_10K_dei,43da,10240,0/0
/spttest/mixed_10K_dej,43db,10240,0/0
/spttest/mixed_10K_dek,43dc,10240,0/0
/spttest/mixed_10K_del,43dd,10240,0/0
/spttest/mixed_10K_dem,43de,10240,0/0
/spttest/mixed_10K_den,43df,10240,0/0
/spttest/mixed_10K_deo,43e0,10240,0/0
/spttest/mixed_10K_dep,43e1,10240,0/0
/spttest/mixed_10K_deq,43e2,10240,0/0
/spttest/mixed_10K_der,43e3,10240,0/0
/spttest/mixed_10K_des,43e4,10240,0/0
/spttest/mixed_10K_det,43e5,10240,0/0
/spttest/mixed_10K_deu,43e6,10240,0/0
/spttest/mixed_10K_dev,43e7,10240,0/0
/spttest/mixed_10K_dew,43e8,10240,0/0
/spttest/mixed_10K_dex,43e9,10240,0/0
/spttest/mixed_10K_dey,43ea,10240,0/0
/spttest/mixed_10K_dez,43eb,10240,0/0
/spttest/mixed_10K_df0,43ec,10240,0/0
/spttest/mixed_10K_df1,43ed,10240,0/0
/spttest/mixed_10K_df2,43ee,10240,0/0
/spttest/mixed_10K_df3,43ef,10240,0/0
/spttest/mixed_10K_df4,43f0,10240,0/0
/spttest/mixed_10K_df5,43f1,10240,0/0
/spttest/mixed_10K_df6,43f2,10240,0/0
/spttest/mixed_10K_df7,43f3,10240,0/0
/spttest/mixed_10K_df8,43f4,10240,0/0
/spttest/mixed_10K_df9,43f5,10240,0/0
/spttest/mixed_10K_dfa,43f6,10240,0/0
/spttest/mixed_10K_dfb,43f7,10240,0/0
/spttest/mixed_10K_dfc,43f8,10240,0/0
/spttest/mixed_10K_dfd,43f9,10240,0/0
/spttest/mixed_10K_dfe,43fa,10240,0/0
/spttest/mixed_10K_dff,43fb,10240,0/0
/spttest/mixed_10K_dfg,43fc,10240,0/0
/spttest/mixed_10K_dfh,43fd,10240,0/0
/spttest/mixed_10K_dfi,43fe,10240,0/0
/spttest/mixed_10K_dfj,43ff,10240,0/0
/spttest/mixed_10K_dfk,4400,10240,0/0
/spttest/mixed_10K_dfl,4401,10240,0/0
/spttest/mixed_10K_dfm,4402,10240,0/0
/spttest/mixed_10K_dfn,4403,10240,0/0
/spttest/mixed_10K_dfo,4404,10240,0/0
/spttest/mixed_10K_dfp,4405,10240,0/0
/spttest/mixed_10K_dfq,4406,10240,0/0
/spttest/mixed_10K_dfr,4407,10240,0/0
/spttest/mixed_10K_dfs,4408,10240,0/0
/spttest/mixed_10K_dft,4409,10240,0/0
/spttest/mixed_10K_dfu,440a,10240,0/0
/spttest/mixed_10K_dfv,440b,10240,0/0
/spttest/mixed_10K_dfw,440c,10240,0/0
/spttest/mixed_10K_dfx,440d,10240,0/0
/spttest/mixed_10K_dfy,440e,10240,0/0
/spttest/mixed_10K_dfz,440f,10240,0/0
/spttest/mixed_10K_dg0,4410,10240,0/0
/spttest/mixed_10K_dg1,4411,10240,0/0
/spttest/mixed_10K_dg2,4412,10240,0/0
/spttest/mixed_10K_dg3,4413,10240,0/0
/spttest/mixed_10K_dg4,4414,10240,0/0
/spttest/mixed_10K_dg5,4415,10240,0/0
/spttest/mixed_10K_dg6,4416,10240,0/0
/spttest/mixed_10K_dg7,4417,10240,0/0
/spttest/mixed_10K_dg8,4418,10240,0/0
/spttest/mixed_10K_dg9,4419,10240,0/0
/spttest/mixed_10K_dga,441a,10240,0/0
/spttest/mixed_10K_dgb,441b,10240,0/0
/spttest/mixed_10K_dgc,441c,10240,0/0
/spttest/mixed_10K_dgd,441d,10240,0/0
/spttest/mixed_10K_dge,441e,10240,0/0
/spttest/mixed_10K_dgf,441f,10240,0/0
/spttest/mixed_10K_dgg,4420,10240,0/0
/spttest/mixed_10K_dgh,4421,10240,0/0
/spttest/mixed_10K_dgi,4422,10240,0/0
/spttest/mixed_10K_dgj,4423,10240,0/0
/spttest/mixed_10K_dgk,4424,10240,0/0
/spttest/mixed_10K_dgl,4425,10240,0/0
/spttest/mixed_10K_dgm,4426,10240,0/0
/spttest/mixed_10K_dgn,4427,10240,0/0
/spttest/mixed_10K_dgo,4428,10240,0/0
/spttest/mixed_10K_dgp,4429,10240,0/0
/spttest/mixed_10K_dgq,442a,10240,0/0
/spttest/mixed_10K_dgr,442b,10240,0/0
/spttest/mixed_10K_dgs,442c,10240,0/0
/spttest/mixed_10K_dgt,442d,10240,0/0
/spttest/mixed_10K_dgu,442e,10240,0/0
/spttest/mixed_10K_dgv,442f,10240,0/0
/spttest/mixed_10K_dgw,4430,10240,0/0
/spttest/mixed_10K_dgx,4431,10240,0/0
/spttest/mixed_10K_dgy,4432,10240,0/0
/spttest/mixed_10K_dgz,4433,10240,0/0
/spttest/mixed_10K_dh0,4434,10240,0/0
/spttest/mixed_10K_dh1,4435,10240,0/0
/spttest/mixed_10K_dh2,4436,10240,0/0
/spttest/mixed_10K_dh3,4437,10240,0/0
/spttest/mixed_10K_dh4,4438,10240,0/0
/spttest/mixed_10K_dh5,4439,10240,0/0
/spttest/mixed_10K_dh6,443a,10240,0/0
/spttest/mixed_10K_dh7,443b,10240,0/0
/spttest/mixed_10K_dh8,443c,10240,0/0
/spttest/mixed_10K_dh9,443d,10240,0/0
/spttest/mixed_10K_dha,443e,10240,0/0
/spttest/mixed_10K_dhb,443f,10240,0/0
/spttest/mixed_10K_dhc,4440,10240,0/0
/spttest/mixed_10K_dhd,4441,10240,0/0
/spttest/mixed_10K_dhe,4442,10240,0/0
/spttest/mixed_10K_dhf,4443,10240,0/0
/spttest/mixed_10K_dhg,4444,10240,0/0
/spttest/mixed_10K_dhh,4445,10240,0/0
/spttest/mixed_10K_dhi,4446,10240,0/0
/spttest/mixed_10K_dhj,4447,10240,0/0
/spttest/mixed_10K_dhk,4448,10240,0/0
/spttest/mixed_10K_dhl,4449,10240,0/0
/spttest/mixed_10K_dhm,444a,10240,0/0
/spttest/mixed_10K_dhn,444b,10240,0/0
/spttest/mixed_10K_dho,444c,10240,0/0
/spttest/mixed_10K_dhp,444d,10240,0/0
/spttest/mixed_10K_dhq,444e,10240,0/0
/spttest/mixed_10K_dhr,444f,10240,0/0
/spttest/mixed_10K_dhs,4450,10240,0/0
/spttest/mixed_10K_dht,4451,10240,0/0
/spttest/mixed_10K_dhu,4452,10240,0/0
/spttest/mixed_10K_dhv,4453,10240,0/0
/spttest/mixed_10K_dhw,4454,10240,0/0
/spttest/mixed_10K_dhx,4455,10240,0/0
/spttest/mixed_10K_dhy,4456,10240,0/0
/spttest/mixed_10K_dhz,4457,10240,0/0
/spttest/mixed_10K_di0,4458,10240,0/0
/spttest/mixed_10K_di1,4459,10240,0/0
/spttest/mixed_10K_di2,445a,10240,0/0
/spttest/mixed_10K_di3,445b,10240,0/0
/spttest/mixed_10K_di4,445c,10240,0/0
/spttest/mixed_10K_di5,445d,10240,0/0
/spttest/mixed_10K_di6,445e,10240,0/0
/spttest/mixed_10K_di7,445f,10240,0/0
/spttest/mixed_10K_di8,4460,10240,0/0
/spttest/mixed_10K_di9,4461,10240,0/0
/spttest/mixed_10K_dia,4462,10240,0/0
/spttest/mixed_10K_dib,4463,10240,0/0
/spttest/mixed_10K_dic,4464,10240,0/0
/spttest/mixed_10K_did,4465,10240,0/0
/spttest/mixed_10K_die,4466,10240,0/0
/spttest/mixed_10K_dif,4467,10240,0/0
/spttest/mixed_10K_dig,4468,10240,0/0
/spttest/mixed_10K_dih,4469,10240,0/0
/spttest/mixed_10K_dii,446a,10240,0/0
/spttest/mixed_10K_dij,446b,10240,0/0
/spttest/mixed_10K_dik,446c,10240,0/0
/spttest/mixed_10K_dil,446d,10240,0/0
/spttest/mixed_10K_dim,446e,10240,0/0
/spttest/mixed_10K_din,446f,10240,0/0
/spttest/mixed_10K_dio,4470,10240,0/0
/spttest/mixed_10K_dip,4471,10240,0/0
/spttest/mixed_10K_diq,4472,10240,0/0
/spttest/mixed_10K_dir,4473,10240,0/0
/spttest/mixed_10K_dis,4474,10240,0/0
/spttest/mixed_10K_dit,4475,10240,0/0
/spttest/mixed_10K_diu,4476,10240,0/0
/spttest/mixed_10K_div,4477,10240,0/0
/spttest/mixed_10K_diw,4478,10240,0/0
/spttest/mixed_10K_dix,4479,10240,0/0
/spttest/mixed_10K_diy,447a,10240,0/0
/spttest/mixed_10K_diz,447b,10240,0/0
/spttest/mixed_10K_dj0,447c,10240,0/0
/spttest/mixed_10K_dj1,447d,10240,0/0
/spttest/mixed_10K_dj2,447e,10240,0/0
/spttest/mixed_10K_dj3,447f,10240,0/0
/spttest/mixed_10K_dj4,4480,10240,0/0
/spttest/mixed_10K_dj5,4481,10240,0/0
/spttest/mixed_10K_dj6,4482,10240,0/0
/spttest/mixed_10K_dj7,4483,10240,0/0
/spttest/mixed_10K_dj8,4484,10240,0/0
/spttest/mixed_10K_dj9,4485,10240,0/0
/spttest/mixed_10K_dja,4486,10240,0/0
/spttest/mixed_10K_djb,4487,10240,0/0
/spttest/mixed_10K_djc,4488,10240,0/0
/spttest/mixed_10K_djd,4489,10240,0/0
/spttest/mixed_10K_dje,448a,10240,0/0
/spttest/mixed_10K_djf,448b,10240,0/0
/spttest/mixed_10K_djg,448c,10240,0/0
/spttest/mixed_10K_djh,448d,10240,0/0
/spttest/mixed_10K_dji,448e,10240,0/0
/spttest/mixed_10K_djj,448f,10240,0/0
/spttest/mixed_10K_djk,4490,10240,0/0
/spttest/mixed_10K_djl,4491,10240,0/0
/spttest/mixed_10K_djm,4492,10240,0/0
/spttest/mixed_10K_djn,4493,10240,0/0
/spttest/mixed_10K_djo,4494,10240,0/0
/spttest/mixed_10K_djp,4495,10240,0/0
/spttest/mixed_10K_djq,4496,10240,0/0
/spttest/mixed_10K_djr,4497,10240,0/0
/spttest/mixed_10K_djs,4498,10240,0/0
/spttest/mixed_10K_djt,4499,10240,0/0
/spttest/mixed_10K_dju,449a,10240,0/0
/spttest/mixed_10K_djv,449b,10240,0/0
/spttest/mixed_10K_djw,449c,10240,0/0
/spttest/mixed_10K_djx,449d,10240,0/0
/spttest/mixed_10K_djy,449e,10240,0/0
/spttest/mixed_10K_djz,449f,10240,0/0
/spttest/mixed_10K_dk0,44a0,10240,0/0
/spttest/mixed_10K_dk1,44a1,10240,0/0
/spttest/mixed_10K_dk2,44a2,10240,0/0
/spttest/mixed_10K_dk3,44a3,10240,0/0
/spttest/mixed_10K_dk4,44a4,10240,0/0
/spttest/mixed_10K_dk5,44a5,10240,0/0
/spttest/mixed_10K_dk6,44a6,10240,0/0
/spttest/mixed_10K_dk7,44a7,10240,0/0
/spttest/mixed_10K_dk8,44a8,10240,0/0
/spttest/mixed_10K_dk9,44a9,10240,0/0
/spttest/mixed_10K_dka,44aa,10240,0/0
/spttest/mixed_10K_dkb,44ab,10240,0/0
/spttest/mixed_10K_dkc,44ac,10240,0/0
/spttest/mixed_10K_dkd,44ad,10240,0/0
/spttest/mixed_10K_dke,44ae,10240,0/0
/spttest/mixed_10K_dkf,44af,10240,0/0
/spttest/mixed_10K_dkg,44b0,10240,0/0
/spttest/mixed_10K_dkh,44b1,10240,0/0
/spttest/mixed_10K_dki,44b2,10240,0/0
/spttest/mixed_10K_dkj,44b3,10240,0/0
/spttest/mixed_10K_dkk,44b4,10240,0/0
/spttest/mixed_10K_dkl,44b5,10240,0/0
/spttest/mixed_10K_dkm,44b6,10240,0/0
/spttest/mixed_10K_dkn,44b7,10240,0/0
/spttest/mixed_10K_dko,44b8,10240,0/0
/spttest/mixed_10K_dkp,44b9,10240,0/0
/spttest/mixed_10K_dkq,44ba,10240,0/0
/spttest/mixed_10K_dkr,44bb,10240,0/0
/spttest/mixed_10K_dks,44bc,10240,0/0
/spttest/mixed_10K_dkt,44bd,10240,0/0
/spttest/mixed_10K_dku,44be,10240,0/0
/spttest/mixed_10K_dkv,44bf,10240,0/0
/spttest/mixed_10K_dkw,44c0,10240,0/0
/spttest/mixed_10K_dkx,44c1,10240,0/0
/spttest/mixed_10K_dky,44c2,10240,0/0
/spttest/mixed_10K_dkz,44c3,10240,0/0
/spttest/mixed_10K_dl0,44c4,10240,0/0
/spttest/mixed_10K_dl1,44c5,10240,0/0
/spttest/mixed_10K_dl2,44c6,10240,0/0
/spttest/mixed_10K_dl3,44c7,10240,0/0
/spttest/mixed_10K_dl4,44c8,10240,0/0
/spttest/mixed_10K_dl5,44c9,10240,0/0
/spttest/mixed_10K_dl6,44ca,10240,0/0
/spttest/mixed_10K_dl7,44cb,10240,0/0
/spttest/mixed_10K_dl8,44cc,10240,0/0
/spttest/mixed_10K_dl9,44cd,10240,0/0
/spttest/mixed_10K_dla,44ce,10240,0/0
/spttest/mixed_10K_dlb,44cf,10240,0/0
/spttest/mixed_10K_dlc,44d0,10240,0/0
/spttest/mixed_10K_dld,44d1,10240,0/0
/spttest/mixed_10K_dle,44d2,10240,0/0
/spttest/mixed_10K_dlf,44d3,10240,0/0
/spttest/mixed_10K_dlg,44d4,10240,0/0
/spttest/mixed_10K_dlh,44d5,10240,0/0
/spttest/mixed_10K_dli,44d6,10240,0/0
/spttest/mixed_10K_dlj,44d7,10240,0/0
/spttest/mixed_10K_dlk,44d8,10240,0/0
/spttest/mixed_10K_dll,44d9,10240,0/0
/spttest/mixed_10K_dlm,44da,10240,0/0
/spttest/mixed_10K_dln,44db,10240,0/0
/spttest/mixed_10K_dlo,44dc,10240,0/0
/spttest/mixed_10K_dlp,44dd,10240,0/0
/spttest/mixed_10K_dlq,44de,10240,0/0
/spttest/mixed_10K_dlr,44df,10240,0/0
/spttest/mixed_10K_dls,44e0,10240,0/0
/spttest/mixed_10K_dlt,44e1,10240,0/0
/spttest/mixed_10K_dlu,44e2,10240,0/0
/spttest/mixed_10K_dlv,44e3,10240,0/0
/spttest/mixed_10K_dlw,44e4,10240,0/0
/spttest/mixed_10K_dlx,44e5,10240,0/0
/spttest/mixed_10K_dly,44e6,10240,0/0
/spttest/mixed_10K_dlz,44e7,10240,0/0
/spttest/mixed_10K_dm0,44e8,10240,0/0
/spttest/mixed_10K_dm1,44e9,10240,0/0
/spttest/mixed_10K_dm2,44ea,10240,0/0
/spttest/mixed_10K_dm3,44eb,10240,0/0
/spttest/mixed_10K_dm4,44ec,10240,0/0
/spttest/mixed_10K_dm5,44ed,10240,0/0
/spttest/mixed_10K_dm6,44ee,10240,0/0
/spttest/mixed_10K_dm7,44ef,10240,0/0
/spttest/mixed_10K_dm8,44f0,10240,0/0
/spttest/mixed_10K_dm9,44f1,10240,0/0
/spttest/mixed_10K_dma,44f2,10240,0/0
/spttest/mixed_10K_dmb,44f3,10240,0/0
/spttest/mixed_10K_dmc,44f4,10240,0/0
/spttest/mixed_10K_dmd,44f5,10240,0/0
/spttest/mixed_10K_dme,44f6,10240,0/0
/spttest/mixed_10K_dmf,44f7,10240,0/0
/spttest/mixed_10K_dmg,44f8,10240,0/0
/spttest/mixed_10K_dmh,44f9,10240,0/0
/spttest/mixed_10K_dmi,44fa,10240,0/0
/spttest/mixed_10K_dmj,44fb,10240,0/0
/spttest/mixed_10K_dmk,44fc,10240,0/0
/spttest/mixed_10K_dml,44fd,10240,0/0
/spttest/mixed_10K_dmm,44fe,10240,0/0
/spttest/mixed_10K_dmn,44ff,10240,0/0
/spttest/mixed_10K_dmo,4500,10240,0/0
/spttest/mixed_10K_dmp,4501,10240,0/0
/spttest/mixed_10K_dmq,4502,10240,0/0
/spttest/mixed_10K_dmr,4503,10240,0/0
/spttest/mixed_10K_dms,4504,10240,0/0
/spttest/mixed_10K_dmt,4505,10240,0/0
/spttest/mixed_10K_dmu,4506,10240,0/0
/spttest/mixed_10K_dmv,4507,10240,0/0
/spttest/mixed_10K_dmw,4508,10240,0/0
/spttest/mixed_10K_dmx,4509,10240,0/0
/spttest/mixed_10K_dmy,450a,10240,0/0
/spttest/mixed_10K_dmz,450b,10240,0/0
/spttest/mixed_10K_dn0,450c,10240,0/0
/spttest/mixed_10K_dn1,450d,10240,0/0
/spttest/mixed_10K_dn2,450e,10240,0/0
/spttest/mixed_10K_dn3,450f,10240,0/0
/spttest/mixed_10K_dn4,4510,10240,0/0
/spttest/mixed_10K_dn5,4511,10240,0/0
/spttest/mixed_10K_dn6,4512,10240,0/0
/spttest/mixed_10K_dn7,4513,10240,0/0
/spttest/mixed_10K_dn8,4514,10240,0/0
/spttest/mixed_10K_dn9,4515,10240,0/0
/spttest/mixed_10K_dna,4516,10240,0/0
/spttest/mixed_10K_dnb,4517,10240,0/0
/spttest/mixed_10K_dnc,4518,10240,0/0
/spttest/mixed_10K_dnd,4519,10240,0/0
/spttest/mixed_10K_dne,451a,10240,0/0
/spttest/mixed_10K_dnf,451b,10240,0/0
/spttest/mixed_10K_dng,451c,10240,0/0
/spttest/mixed_10K_dnh,451d,10240,0/0
/spttest/mixed_10K_dni,451e,10240,0/0
/spttest/mixed_10K_dnj,451f,10240,0/0
/spttest/mixed_10K_dnk,4520,10240,0/0
/spttest/mixed_10K_dnl,4521,10240,0/0
/spttest/mixed_10K_dnm,4522,10240,0/0
/spttest/mixed_10K_dnn,4523,10240,0/0
/spttest/mixed_10K_dno,4524,10240,0/0
/spttest/mixed_10K_dnp,4525,10240,0/0
/spttest/mixed_10K_dnq,4526,10240,0/0
/spttest/mixed_10K_dnr,4527,10240,0/0
/spttest/mixed_10K_dns,4528,10240,0/0
/spttest/mixed_10K_dnt,4529,10240,0/0
/spttest/mixed_10K_dnu,452a,10240,0/0
/spttest/mixed_10K_dnv,452b,10240,0/0
/spttest/mixed_10K_dnw,452c,10240,0/0
/spttest/mixed_10K_dnx,452d,10240,0/0
/spttest/mixed_10K_dny,452e,10240,0/0
/spttest/mixed_10K_dnz,452f,10240,0/0
/spttest/mixed_10K_do0,4530,10240,0/0
/spttest/mixed_10K_do1,4531,10240,0/0
/spttest/mixed_10K_do2,4532,10240,0/0
/spttest/mixed_10K_do3,4533,10240,0/0
/spttest/mixed_10K_do4,4534,10240,0/0
/spttest/mixed_10K_do5,4535,10240,0/0
/spttest/mixed_10K_do6,4536,10240,0/0
/spttest/mixed_10K_do7,4537,10240,0/0
/spttest/mixed_10K_do8,4538,10240,0/0
/spttest/mixed_10K_do9,4539,10240,0/0
/spttest/mixed_10K_doa,453a,10240,0/0
/spttest/mixed_10K_dob,453b,10240,0/0
/spttest/mixed_10K_doc,453c,10240,0/0
/spttest/mixed_10K_dod,453d,10240,0/0
/spttest/mixed_10K_doe,453e,10240,0/0
/spttest/mixed_10K_dof,453f,10240,0/0
/spttest/mixed_10K_dog,4540,10240,0/0
/spttest/mixed_10K_doh,4541,10240,0/0
/spttest/mixed_10K_doi,4542,10240,0/0
/spttest/mixed_10K_doj,4543,10240,0/0
/spttest/mixed_10K_dok,4544,10240,0/0
/spttest/mixed_10K_dol,4545,10240,0/0
/spttest/mixed_10K_dom,4546,10240,0/0
/spttest/mixed_10K_don,4547,10240,0/0
/spttest/mixed_10K_doo,4548,10240,0/0
/spttest/mixed_10K_dop,4549,10240,0/0
/spttest/mixed_10K_doq,454a,10240,0/0
/spttest/mixed_10K_dor,454b,10240,0/0
/spttest/mixed_10K_dos,454c,10240,0/0
/spttest/mixed_10K_dot,454d,10240,0/0
/spttest/mixed_10K_dou,454e,10240,0/0
/spttest/mixed_10K_dov,454f,10240,0/0
/spttest/mixed_10K_dow,4550,10240,0/0
/spttest/mixed_10K_dox,4551,10240,0/0
/spttest/mixed_10K_doy,4552,10240,0/0
/spttest/mixed_10K_doz,4553,10240,0/0
/spttest/mixed_10K_dp0,4554,10240,0/0
/spttest/mixed_10K_dp1,4555,10240,0/0
/spttest/mixed_10K_dp2,4556,10240,0/0
/spttest/mixed_10K_dp3,4557,10240,0/0
/spttest/mixed_10K_dp4,4558,10240,0/0
/spttest/mixed_10K_dp5,4559,10240,0/0
/spttest/mixed_10K_dp6,455a,10240,0/0
/spttest/mixed_10K_dp7,455b,10240,0/0
/spttest/mixed_10K_dp8,455c,10240,0/0
/spttest/mixed_10K_dp9,455d,10240,0/0
/spttest/mixed_10K_dpa,455e,10240,0/0
/spttest/mixed_10K_dpb,455f,10240,0/0
/spttest/mixed_10K_dpc,4560,10240,0/0
/spttest/mixed_10K_dpd,4561,10240,0/0
/spttest/mixed_10K_dpe,4562,10240,0/0
/spttest/mixed_10K_dpf,4563,10240,0/0
/spttest/mixed_10K_dpg,4564,10240,0/0
/spttest/mixed_10K_dph,4565,10240,0/0
/spttest/mixed_10K_dpi,4566,10240,0/0
/spttest/mixed_10K_dpj,4567,10240,0/0
/spttest/mixed_10K_dpk,4568,10240,0/0
/spttest/mixed_10K_dpl,4569,10240,0/0
/spttest/mixed_10K_dpm,456a,10240,0/0
/spttest/mixed_10K_dpn,456b,10240,0/0
/spttest/mixed_10K_dpo,456c,10240,0/0
/spttest/mixed_10K_dpp,456d,10240,0/0
/spttest/mixed_10K_dpq,456e,10240,0/0
/spttest/mixed_10K_dpr,456f,10240,0/0
/spttest/mixed_10K_dps,4570,10240,0/0
/spttest/mixed_10K_dpt,4571,10240,0/0
/spttest/mixed_10K_dpu,4572,10240,0/0
/spttest/mixed_10K_dpv,4573,10240,0/0
/spttest/mixed_10K_dpw,4574,10240,0/0
/spttest/mixed_10K_dpx,4575,10240,0/0
/spttest/mixed_10K_dpy,4576,10240,0/0
/spttest/mixed_10K_dpz,4577,10240,0/0
/spttest/mixed_10K_dq0,4578,10240,0/0
/spttest/mixed_10K_dq1,4579,10240,0/0
/spttest/mixed_10K_dq2,457a,10240,0/0
/spttest/mixed_10K_dq3,457b,10240,0/0
/spttest/mixed_10K_dq4,457c,10240,0/0
/spttest/mixed_10K_dq5,457d,10240,0/0
/spttest/mixed_10K_dq6,457e,10240,0/0
/spttest/mixed_10K_dq7,457f,10240,0/0
/spttest/mixed_10K_dq8,4580,10240,0/0
/spttest/mixed_10K_dq9,4581,10240,0/0
/spttest/mixed_10K_dqa,4582,10240,0/0
/spttest/mixed_10K_dqb,4583,10240,0/0
/spttest/mixed_10K_dqc,4584,10240,0/0
/spttest/mixed_10K_dqd,4585,10240,0/0
/spttest/mixed_10K_dqe,4586,10240,0/0
/spttest/mixed_10K_dqf,4587,10240,0/0
/spttest/mixed_10K_dqg,4588,10240,0/0
/spttest/mixed_10K_dqh,4589,10240,0/0
/spttest/mixed_10K_dqi,458a,10240,0/0
/spttest/mixed_10K_dqj,458b,10240,0/0
/spttest/mixed_10K_dqk,458c,10240,0/0
/spttest/mixed_10K_dql,458d,10240,0/0
/spttest/mixed_10K_dqm,458e,10240,0/0
/spttest/mixed_10K_dqn,458f,10240,0/0
/spttest/mixed_10K_dqo,4590,10240,0/0
/spttest/mixed_10K_dqp,4591,10240,0/0
/spttest/mixed_10K_dqq,4592,10240,0/0
/spttest/mixed_10K_dqr,4593,10240,0/0
/spttest/mixed_10K_dqs,4594,10240,0/0
/spttest/mixed_10K_dqt,4595,10240,0/0
/spttest/mixed_10K_dqu,4596,10240,0/0
/spttest/mixed_10K_dqv,4597,10240,0/0
/spttest/mixed_10K_dqw,4598,10240,0/0
/spttest/mixed_10K_dqx,4599,10240,0/0
/spttest/mixed_10K_dqy,459a,10240,0/0
/spttest/mixed_10K_dqz,459b,10240,0/0
/spttest/mixed_10K_dr0,459c,10240,0/0
/spttest/mixed_10K_dr1,459d,10240,0/0
/spttest/mixed_10K_dr2,459e,10240,0/0
/spttest/mixed_10K_dr3,459f,10240,0/0
/spttest/mixed_10K_dr4,45a0,10240,0/0
/spttest/mixed_10K_dr5,45a1,10240,0/0
/spttest/mixed_10K_dr6,45a2,10240,0/0
/spttest/mixed_10K_dr7,45a3,10240,0/0
/spttest/mixed_10K_dr8,45a4,10240,0/0
/spttest/mixed_10K_dr9,45a5,10240,0/0
/spttest/mixed_10K_dra,45a6,10240,0/0
/spttest/mixed_10K_drb,45a7,10240,0/0
/spttest/mixed_10K_drc,45a8,10240,0/0
/spttest/mixed_10K_drd,45a9,10240,0/0
/spttest/mixed_10K_dre,45aa,10240,0/0
/spttest/mixed_10K_drf,45ab,10240,0/0
/spttest/mixed_10K_drg,45ac,10240,0/0
/spttest/mixed_10K_drh,45ad,10240,0/0
/spttest/mixed_10K_dri,45ae,10240,0/0
/spttest/mixed_10K_drj,45af,10240,0/0
/spttest/mixed_10K_drk,45b0,10240,0/0
/spttest/mixed_10K_drl,45b1,10240,0/0
/spttest/mixed_10K_drm,45b2,10240,0/0
/spttest/mixed_10K_drn,45b3,10240,0/0
/spttest/mixed_10K_dro,45b4,10240,0/0
/spttest/mixed_10K_drp,45b5,10240,0/0
/spttest/mixed_10K_drq,45b6,10240,0/0
/spttest/mixed_10K_drr,45b7,10240,0/0
/spttest/mixed_10K_drs,45b8,10240,0/0
/spttest/mixed_10K_drt,45b9,10240,0/0
/spttest/mixed_10K_dru,45ba,10240,0/0
/spttest/mixed_10K_drv,45bb,10240,0/0
/spttest/mixed_10K_drw,45bc,10240,0/0
/spttest/mixed_10K_drx,45bd,10240,0/0
/spttest/mixed_10K_dry,45be,10240,0/0
/spttest/mixed_10K_drz,45bf,10240,0/0
/spttest/mixed_10K_ds0,45c0,10240,0/0
/spttest/mixed_10K_ds1,45c1,10240,0/0
/spttest/mixed_10K_ds2,45c2,10240,0/0
/spttest/mixed_10K_ds3,45c3,10240,0/0
/spttest/mixed_10K_ds4,45c4,10240,0/0
/spttest/mixed_10K_ds5,45c5,10240,0/0
/spttest/mixed_10K_ds6,45c6,10240,0/0
/spttest/mixed_10K_ds7,45c7,10240,0/0
/spttest/mixed_10K_ds8,45c8,10240,0/0
/spttest/mixed_10K_ds9,45c9,10240,0/0
/spttest/mixed_10K_dsa,45ca,10240,0/0
/spttest/mixed_10K_dsb,45cb,10240,0/0
/spttest/mixed_10K_dsc,45cc,10240,0/0
/spttest/mixed_10K_dsd,45cd,10240,0/0
/spttest/mixed_10K_dse,45ce,10240,0/0
/spttest/mixed_10K_dsf,45cf,10240,0/0
/spttest/mixed_10K_dsg,45d0,10240,0/0
/spttest/mixed_10K_dsh,45d1,10240,0/0
/spttest/mixed_10K_dsi,45d2,10240,0/0
/spttest/mixed_10K_dsj,45d3,10240,0/0
/spttest/mixed_10K_dsk,45d4,10240,0/0
/spttest/mixed_10K_dsl,45d5,10240,0/0
/spttest/mixed_10K_dsm,45d6,10240,0/0
/spttest/mixed_10K_dsn,45d7,10240,0/0
/spttest/mixed_10K_dso,45d8,10240,0/0
/spttest/mixed_10K_dsp,45d9,10240,0/0
/spttest/mixed_10K_dsq,45da,10240,0/0
/spttest/mixed_10K_dsr,45db,10240,0/0
/spttest/mixed_10K_dss,45dc,10240,0/0
/spttest/mixed_10K_dst,45dd,10240,0/0
/spttest/mixed_10K_dsu,45de,10240,0/0
/spttest/mixed_10K_dsv,45df,10240,0/0
/spttest/mixed_10K_dsw,45e0,10240,0/0
/spttest/mixed_10K_dsx,45e1,10240,0/0
/spttest/mixed_10K_dsy,45e2,10240,0/0
/spttest/mixed_10K_dsz,45e3,10240,0/0
/spttest/mixed_10K_dt0,45e4,10240,0/0
/spttest/mixed_10K_dt1,45e5,10240,0/0
/spttest/mixed_10K_dt2,45e6,10240,0/0
/spttest/mixed_10K_dt3,45e7,10240,0/0
/spttest/mixed_10K_dt4,45e8,10240,0/0
/spttest/mixed_10K_dt5,45e9,10240,0/0
/spttest/mixed_10K_dt6,45ea,10240,0/0
/spttest/mixed_10K_dt7,45eb,10240,0/0
/spttest/mixed_10K_dt8,45ec,10240,0/0
/spttest/mixed_10K_dt9,45ed,10240,0/0
/spttest/mixed_10K_dta,45ee,10240,0/0
/spttest/mixed_10K_dtb,45ef,10240,0/0
/spttest/mixed_10K_dtc,45f0,10240,0/0
/spttest/mixed_10K_dtd,45f1,10240,0/0
/spttest/mixed_10K_dte,45f2,10240,0/0
/spttest/mixed_10K_dtf,45f3,10240,0/0
/spttest/mixed_10K_dtg,45f4,10240,0/0
/spttest/mixed_10K_dth,45f5,10240,0/0
/spttest/mixed_10K_dti,45f6,10240,0/0
/spttest/mixed_10K_dtj,45f7,10240,0/0
/spttest/mixed_10K_dtk,45f8,10240,0/0
/spttest/mixed_10K_dtl,45f9,10240,0/0
/spttest/mixed_10K_dtm,45fa,10240,0/0
/spttest/mixed_10K_dtn,45fb,10240,0/0
/spttest/mixed_10K_dto,45fc,10240,0/0
/spttest/mixed_10K_dtp,45fd,10240,0/0
/spttest/mixed_10K_dtq,45fe,10240,0/0
/spttest/mixed_10K_dtr,45ff,10240,0/0
/spttest/mixed_10K_dts,4600,10240,0/0
/spttest/mixed_10K_dtt,4601,10240,0/0
/spttest/mixed_10K_dtu,4602,10240,0/0
/spttest/mixed_10K_dtv,4603,10240,0/0
/spttest/mixed_10K_dtw,4604,10240,0/0
/spttest/mixed_10K_dtx,4605,10240,0/0
/spttest/mixed_10K_dty,4606,10240,0/0
/spttest/mixed_10K_dtz,4607,10240,0/0
/spttest/mixed_10K_du0,4608,10240,0/0
/spttest/mixed_10K_du1,4609,10240,0/0
/spttest/mixed_10K_du2,460a,10240,0/0
/spttest/mixed_10K_du3,460b,10240,0/0
/spttest/mixed_10K_du4,460c,10240,0/0
/spttest/mixed_10K_du5,460d,10240,0/0
/spttest/mixed_10K_du6,460e,10240,0/0
/spttest/mixed_10K_du7,460f,10240,0/0
/spttest/mixed_10K_du8,4610,10240,0/0
/spttest/mixed_10K_du9,4611,10240,0/0
/spttest/mixed_10K_dua,4612,10240,0/0
/spttest/mixed_10K_dub,4613,10240,0/0
/spttest/mixed_10K_duc,4614,10240,0/0
/spttest/mixed_10K_dud,4615,10240,0/0
/spttest/mixed_10K_due,4616,10240,0/0
/spttest/mixed_10K_duf,4617,10240,0/0
/spttest/mixed_10K_dug,4618,10240,0/0
/spttest/mixed_10K_duh,4619,10240,0/0
/spttest/mixed_10K_dui,461a,10240,0/0
/spttest/mixed_10K_duj,461b,10240,0/0
/spttest/mixed_10K_duk,461c,10240,0/0
/spttest/mixed_10K_dul,461d,10240,0/0
/spttest/mixed_10K_dum,461e,10240,0/0
/spttest/mixed_10K_dun,461f,10240,0/0
/spttest/mixed_10K_duo,4620,10240,0/0
/spttest/mixed_10K_dup,4621,10240,0/0
/spttest/mixed_10K_duq,4622,10240,0/0
/spttest/mixed_10K_dur,4623,10240,0/0
/spttest/mixed_10K_dus,4624,10240,0/0
/spttest/mixed_10K_dut,4625,10240,0/0
/spttest/mixed_10K_duu,4626,10240,0/0
/spttest/mixed_10K_duv,4627,10240,0/0
/spttest/mixed_10K_duw,4628,10240,0/0
/spttest/mixed_10K_dux,4629,10240,0/0
/spttest/mixed_10K_duy,462a,10240,0/0
/spttest/mixed_10K_duz,462b,10240,0/0
/spttest/mixed_10K_dv0,462c,10240,0/0
/spttest/mixed_10K_dv1,462d,10240,0/0
/spttest/mixed_10K_dv2,462e,10240,0/0
/spttest/mixed_10K_dv3,462f,10240,0/0
/spttest/mixed_10K_dv4,4630,10240,0/0
/spttest/mixed_10K_dv5,4631,10240,0/0
/spttest/mixed_10K_dv6,4632,10240,0/0
/spttest/mixed_10K_dv7,4633,10240,0/0
/spttest/mixed_10K_dv8,4634,10240,0/0
/spttest/mixed_10K_dv9,4635,10240,0/0
/spttest/mixed_10K_dva,4636,10240,0/0
/spttest/mixed_10K_dvb,4637,10240,0/0
/spttest/mixed_10K_dvc,4638,10240,0/0
/spttest/mixed_10K_dvd,4639,10240,0/0
/spttest/mixed_10K_dve,463a,10240,0/0
/spttest/mixed_10K_dvf,463b,10240,0/0
/spttest/mixed_10K_dvg,463c,10240,0/0
/spttest/mixed_10K_dvh,463d,10240,0/0
/spttest/mixed_10K_dvi,463e,10240,0/0
/spttest/mixed_10K_dvj,463f,10240,0/0
/spttest/mixed_10K_dvk,4640,10240,0/0
/spttest/mixed_10K_dvl,4641,10240,0/0
/spttest/mixed_10K_dvm,4642,10240,0/0
/spttest/mixed_10K_dvn,4643,10240,0/0
/spttest/mixed_10K_dvo,4644,10240,0/0
/spttest/mixed_10K_dvp,4645,10240,0/0
/spttest/mixed_10K_dvq,4646,10240,0/0
/spttest/mixed_10K_dvr,4647,10240,0/0
/spttest/mixed_10K_dvs,4648,10240,0/0
/spttest/mixed_10K_dvt,4649,10240,0/0
/spttest/mixed_10K_dvu,464a,10240,0/0
/spttest/mixed_10K_dvv,464b,10240,0/0
/spttest/mixed_10K_dvw,464c,10240,0/0
/spttest/mixed_10K_dvx,464d,10240,0/0
/spttest/mixed_10K_dvy,464e,10240,0/0
/spttest/mixed_10K_dvz,464f,10240,0/0
/spttest/mixed_10K_dw0,4650,10240,0/0
/spttest/mixed_10K_dw1,4651,10240,0/0
/spttest/mixed_10K_dw2,4652,10240,0/0
/spttest/mixed_10K_dw3,4653,10240,0/0
/spttest/mixed_10K_dw4,4654,10240,0/0
/spttest/mixed_10K_dw5,4655,10240,0/0
/spttest/mixed_10K_dw6,4656,10240,0/0
/spttest/mixed_10K_dw7,4657,10240,0/0
/spttest/mixed_10K_dw8,4658,10240,0/0
/spttest/mixed_10K_dw9,4659,10240,0/0
/spttest/mixed_10K_dwa,465a,10240,0/0
/spttest/mixed_10K_dwb,465b,10240,0/0
/spttest/mixed_10K_dwc,465c,10240,0/0
/spttest/mixed_10K_dwd,465d,10240,0/0
/spttest/mixed_10K_dwe,465e,10240,0/0
/spttest/mixed_10K_dwf,465f,10240,0/0
/spttest/mixed_10K_dwg,4660,10240,0/0
/spttest/mixed_10K_dwh,4661,10240,0/0
/spttest/mixed_10K_dwi,4662,10240,0/0
/spttest/mixed_10K_dwj,4663,10240,0/0
/spttest/mixed_10K_dwk,4664,10240,0/0
/spttest/mixed_10K_dwl,4665,10240,0/0
/spttest/mixed_10K_dwm,4666,10240,0/0
/spttest/mixed_10K_dwn,4667,10240,0/0
/spttest/mixed_10K_dwo,4668,10240,0/0
/spttest/mixed_10K_dwp,4669,10240,0/0
/spttest/mixed_10K_dwq,466a,10240,0/0
/spttest/mixed_10K_dwr,466b,10240,0/0
/spttest/mixed_10K_dws,466c,10240,0/0
/spttest/mixed_10K_dwt,466d,10240,0/0
/spttest/mixed_10K_dwu,466e,10240,0/0
/spttest/mixed_10K_dwv,466f,10240,0/0
/spttest/mixed_10K_dww,4670,10240,0/0
/spttest/mixed_10K_dwx,4671,10240,0/0
/spttest/mixed_10K_dwy,4672,10240,0/0
/spttest/mixed_10K_dwz,4673,10240,0/0
/spttest/mixed_10K_dx0,4674,10240,0/0
/spttest/mixed_10K_dx1,4675,10240,0/0
/spttest/mixed_10K_dx2,4676,10240,0/0
/spttest/mixed_10K_dx3,4677,10240,0/0
/spttest/mixed_10K_dx4,4678,10240,0/0
/spttest/mixed_10K_dx5,4679,10240,0/0
/spttest/mixed_10K_dx6,467a,10240,0/0
/spttest/mixed_10K_dx7,467b,10240,0/0
/spttest/mixed_10K_dx8,467c,10240,0/0
/spttest/mixed_10K_dx9,467d,10240,0/0
/spttest/mixed_10K_dxa,467e,10240,0/0
/spttest/mixed_10K_dxb,467f,10240,0/0
/spttest/mixed_10K_dxc,4680,10240,0/0
/spttest/mixed_10K_dxd,4681,10240,0/0
/spttest/mixed_10K_dxe,4682,10240,0/0
/spttest/mixed_10K_dxf,4683,10240,0/0
/spttest/mixed_10K_dxg,4684,10240,0/0
/spttest/mixed_10K_dxh,4685,10240,0/0
/spttest/mixed_10K_dxi,4686,10240,0/0
/spttest/mixed_10K_dxj,4687,10240,0/0
/spttest/mixed_10K_dxk,4688,10240,0/0
/spttest/mixed_10K_dxl,4689,10240,0/0
/spttest/mixed_10K_dxm,468a,10240,0/0
/spttest/mixed_10K_dxn,468b,10240,0/0
/spttest/mixed_10K_dxo,468c,10240,0/0
/spttest/mixed_10K_dxp,468d,10240,0/0
/spttest/mixed_10K_dxq,468e,10240,0/0
/spttest/mixed_10K_dxr,468f,10240,0/0
/spttest/mixed_10K_dxs,4690,10240,0/0
/spttest/mixed_10K_dxt,4691,10240,0/0
/spttest/mixed_10K_dxu,4692,10240,0/0
/spttest/mixed_10K_dxv,4693,10240,0/0
/spttest/mixed_10K_dxw,4694,10240,0/0
/spttest/mixed_10K_dxx,4695,10240,0/0
/spttest/mixed_10K_dxy,4696,10240,0/0
/spttest/mixed_10K_dxz,4697,10240,0/0
/spttest/mixed_10K_dy0,4698,10240,0/0
/spttest/mixed_10K_dy1,4699,10240,0/0
/spttest/mixed_10K_dy2,469a,10240,0/0
/spttest/mixed_10K_dy3,469b,10240,0/0
/spttest/mixed_10K_dy4,469c,10240,0/0
/spttest/mixed_10K_dy5,469d,10240,0/0
/spttest/mixed_10K_dy6,469e,10240,0/0
/spttest/mixed_10K_dy7,469f,10240,0/0
/spttest/mixed_10K_dy8,46a0,10240,0/0
/spttest/mixed_10K_dy9,46a1,10240,0/0
/spttest/mixed_10K_dya,46a2,10240,0/0
/spttest/mixed_10K_dyb,46a3,10240,0/0
/spttest/mixed_10K_dyc,46a4,10240,0/0
/spttest/mixed_10K_dyd,46a5,10240,0/0
/spttest/mixed_10K_dye,46a6,10240,0/0
/spttest/mixed_10K_dyf,46a7,10240,0/0
/spttest/mixed_10K_dyg,46a8,10240,0/0
/spttest/mixed_10K_dyh,46a9,10240,0/0
/spttest/mixed_10K_dyi,46aa,10240,0/0
/spttest/mixed_10K_dyj,46ab,10240,0/0
/spttest/mixed_10K_dyk,46ac,10240,0/0
/spttest/mixed_10K_dyl,46ad,10240,0/0
/spttest/mixed_10K_dym,46ae,10240,0/0
/spttest/mixed_10K_dyn,46af,10240,0/0
/spttest/mixed_10K_dyo,46b0,10240,0/0
/spttest/mixed_10K_dyp,46b1,10240,0/0
/spttest/mixed_10K_dyq,46b2,10240,0/0
/spttest/mixed_10K_dyr,46b3,10240,0/0
/spttest/mixed_10K_dys,46b4,10240,0/0
/spttest/mixed_10K_dyt,46b5,10240,0/0
/spttest/mixed_10K_dyu,46b6,10240,0/0
/spttest/mixed_10K_dyv,46b7,10240,0/0
/spttest/mixed_10K_dyw,46b8,10240,0/0
/spttest/mixed_10K_dyx,46b9,10240,0/0
/spttest/mixed_10K_dyy,46ba,10240,0/0
/spttest/mixed_10K_dyz,46bb,10240,0/0
/spttest/mixed_10K_dz0,46bc,10240,0/0
/spttest/mixed_10K_dz1,46bd,10240,0/0
/spttest/mixed_10K_dz2,46be,10240,0/0
/spttest/mixed_10K_dz3,46bf,10240,0/0
/spttest/mixed_10K_dz4,46c0,10240,0/0
/spttest/mixed_10K_dz5,46c1,10240,0/0
/spttest/mixed_10K_dz6,46c2,10240,0/0
/spttest/mixed_10K_dz7,46c3,10240,0/0
/spttest/mixed_10K_dz8,46c4,10240,0/0
/spttest/mixed_10K_dz9,46c5,10240,0/0
/spttest/mixed_10K_dza,46c6,10240,0/0
/spttest/mixed_10K_dzb,46c7,10240,0/0
/spttest/mixed_10K_dzc,46c8,10240,0/0
/spttest/mixed_10K_dzd,46c9,10240,0/0
/spttest/mixed_10K_dze,46ca,10240,0/0
/spttest/mixed_10K_dzf,46cb,10240,0/0
/spttest/mixed_10K_dzg,46cc,10240,0/0
/spttest/mixed_10K_dzh,46cd,10240,0/0
/spttest/mixed_10K_dzi,46ce,10240,0/0
/spttest/mixed_10K_dzj,46cf,10240,0/0
/spttest/mixed_10K_dzk,46d0,10240,0/0
/spttest/mixed_10K_dzl,46d1,10240,0/0
/spttest/mixed_10K_dzm,46d2,10240,0/0
/spttest/mixed_10K_dzn,46d3,10240,0/0
/spttest/mixed_10K_dzo,46d4,10240,0/0
/spttest/mixed_10K_dzp,46d5,10240,0/0
/spttest/mixed_10K_dzq,46d6,10240,0/0
/spttest/mixed_10K_dzr,46d7,10240,0/0
/spttest/mixed_10K_dzs,46d8,10240,0/0
/spttest/mixed_10K_dzt,46d9,10240,0/0
/spttest/mixed_10K_dzu,46da,10240,0/0
/spttest/mixed_10K_dzv,46db,10240,0/0
/spttest/mixed_10K_dzw,46dc,10240,0/0
/spttest/mixed_10K_dzx,46dd,10240,0/0
/spttest/mixed_10K_dzy,46de,10240,0/0
/spttest/mixed_10K_dzz,46df,10240,0/0
/spttest/mixed_10K_e00,46e0,10240,0/0
/spttest/mixed_10K_e01,46e1,10240,0/0
/spttest/mixed_10K_e02,46e2,10240,0/0
/spttest/mixed_10K_e03,46e3,10240,0/0
/spttest/mixed_10K_e04,46e4,10240,0/0
/spttest/mixed_10K_e05,46e5,10240,0/0
/spttest/mixed_10K_e06,46e6,10240,0/0
/spttest/mixed_10K_e07,46e7,10240,0/0
/spttest/mixed_10K_e08,46e8,10240,0/0
/spttest/mixed_10K_e09,46e9,10240,0/0
/spttest/mixed_10K_e0a,46ea,10240,0/0
/spttest/mixed_10K_e0b,46eb,10240,0/0
/spttest/mixed_10K_e0c,46ec,10240,0/0
/spttest/mixed_10K_e0d,46ed,10240,0/0
/spttest/mixed_10K_e0e,46ee,10240,0/0
/spttest/mixed_10K_e0f,46ef,10240,0/0
/spttest/mixed_10K_e0g,46f0,10240,0/0
/spttest/mixed_10K_e0h,46f1,10240,0/0
/spttest/mixed_10K_e0i,46f2,10240,0/0
/spttest/mixed_10K_e0j,46f3,10240,0/0
/spttest/mixed_10K_e0k,46f4,10240,0/0
/spttest/mixed_10K_e0l,46f5,10240,0/0
/spttest/mixed_10K_e0m,46f6,10240,0/0
/spttest/mixed_10K_e0n,46f7,10240,0/0
/spttest/mixed_10K_e0o,46f8,10240,0/0
/spttest/mixed_10K_e0p,46f9,10240,0/0
/spttest/mixed_10K_e0q,46fa,10240,0/0
/spttest/mixed_10K_e0r,46fb,10240,0/0
/spttest/mixed_10K_e0s,46fc,10240,0/0
/spttest/mixed_10K_e0t,46fd,10240,0/0
/spttest/mixed_10K_e0u,46fe,10240,0/0
/spttest/mixed_10K_e0v,46ff,10240,0/0
/spttest/mixed_10K_e0w,4700,10240,0/0
/spttest/mixed_10K_e0x,4701,10240,0/0
/spttest/mixed_10K_e0y,4702,10240,0/0
/spttest/mixed_10K_e0z,4703,10240,0/0
/spttest/mixed_10K_e10,4704,10240,0/0
/spttest/mixed_10K_e11,4705,10240,0/0
/spttest/mixed_10K_e12,4706,10240,0/0
/spttest/mixed_10K_e13,4707,10240,0/0
/spttest/mixed_10K_e14,4708,10240,0/0
/spttest/mixed_10K_e15,4709,10240,0/0
/spttest/mixed_10K_e16,470a,10240,0/0
/spttest/mixed_10K_e17,470b,10240,0/0
/spttest/mixed_10K_e18,470c,10240,0/0
/spttest/mixed_10K_e19,470d,10240,0/0
/spttest/mixed_10K_e1a,470e,10240,0/0
/spttest/mixed_10K_e1b,470f,10240,0/0
/spttest/mixed_10K_e1c,4710,10240,0/0
/spttest/mixed_10K_e1d,4711,10240,0/0
/spttest/mixed_10K_e1e,4712,10240,0/0
/spttest/mixed_10K_e1f,4713,10240,0/0
/spttest/mixed_10K_e1g,4714,10240,0/0
/spttest/mixed_10K_e1h,4715,10240,0/0
/spttest/mixed_10K_e1i,4716,10240,0/0
/spttest/mixed_10K_e1j,4717,10240,0/0
/spttest/mixed_10K_e1k,4718,10240,0/0
/spttest/mixed_10K_e1l,4719,10240,0/0
/spttest/mixed_10K_e1m,471a,10240,0/0
/spttest/mixed_10K_e1n,471b,10240,0/0
/spttest/mixed_10K_e1o,471c,10240,0/0
/spttest/mixed_10K_e1p,471d,10240,0/0
/spttest/mixed_10K_e1q,471e,10240,0/0
/spttest/mixed_10K_e1r,471f,10240,0/0
/spttest/mixed_10K_e1s,4720,10240,0/0
/spttest/mixed_10K_e1t,4721,10240,0/0
/spttest/mixed_10K_e1u,4722,10240,0/0
/spttest/mixed_10K_e1v,4723,10240,0/0
/spttest/mixed_10K_e1w,4724,10240,0/0
/spttest/mixed_10K_e1x,4725,10240,0/0
/spttest/mixed_10K_e1y,4726,10240,0/0
/spttest/mixed_10K_e1z,4727,10240,0/0
/spttest/mixed_10K_e20,4728,10240,0/0
/spttest/mixed_10K_e21,4729,10240,0/0
/spttest/mixed_10K_e22,472a,10240,0/0
/spttest/mixed_10K_e23,472b,10240,0/0
/spttest/mixed_10K_e24,472c,10240,0/0
/spttest/mixed_10K_e25,472d,10240,0/0
/spttest/mixed_10K_e26,472e,10240,0/0
/spttest/mixed_10K_e27,472f,10240,0/0
/spttest/mixed_10K_e28,4730,10240,0/0
/spttest/mixed_10K_e29,4731,10240,0/0
/spttest/mixed_10K_e2a,4732,10240,0/0
/spttest/mixed_10K_e2b,4733,10240,0/0
/spttest/mixed_10K_e2c,4734,10240,0/0
/spttest/mixed_10K_e2d,4735,10240,0/0
/spttest/mixed_10K_e2e,4736,10240,0/0
/spttest/mixed_10K_e2f,4737,10240,0/0
/spttest/mixed_10K_e2g,4738,10240,0/0
/spttest/mixed_10K_e2h,4739,10240,0/0
/spttest/mixed_10K_e2i,473a,10240,0/0
/spttest/mixed_10K_e2j,473b,10240,0/0
/spttest/mixed_10K_e2k,473c,10240,0/0
/spttest/mixed_10K_e2l,473d,10240,0/0
/spttest/mixed_10K_e2m,473e,10240,0/0
/spttest/mixed_10K_e2n,473f,10240,0/0
/spttest/mixed_10K_e2o,4740,10240,0/0
/spttest/mixed_10K_e2p,4741,10240,0/0
/spttest/mixed_10K_e2q,4742,10240,0/0
/spttest/mixed_10K_e2r,4743,10240,0/0
/spttest/mixed_10K_e2s,4744,10240,0/0
/spttest/mixed_10K_e2t,4745,10240,0/0
/spttest/mixed_10K_e2u,4746,10240,0/0
/spttest/mixed_10K_e2v,4747,10240,0/0
/spttest/mixed_10K_e2w,4748,10240,0/0
/spttest/mixed_10K_e2x,4749,10240,0/0
/spttest/mixed_10K_e2y,474a,10240,0/0
/spttest/mixed_10K_e2z,474b,10240,0/0
/spttest/mixed_10K_e30,474c,10240,0/0
/spttest/mixed_10K_e31,474d,10240,0/0
/spttest/mixed_10K_e32,474e,10240,0/0
/spttest/mixed_10K_e33,474f,10240,0/0
/spttest/mixed_10K_e34,4750,10240,0/0
/spttest/mixed_10K_e35,4751,10240,0/0
/spttest/mixed_10K_e36,4752,10240,0/0
/spttest/mixed_10K_e37,4753,10240,0/0
/spttest/mixed_10K_e38,4754,10240,0/0
/spttest/mixed_10K_e39,4755,10240,0/0
/spttest/mixed_10K_e3a,4756,10240,0/0
/spttest/mixed_10K_e3b,4757,10240,0/0
/spttest/mixed_10K_e3c,4758,10240,0/0
/spttest/mixed_10K_e3d,4759,10240,0/0
/spttest/mixed_10K_e3e,475a,10240,0/0
/spttest/mixed_10K_e3f,475b,10240,0/0
/spttest/mixed_10K_e3g,475c,10240,0/0
/spttest/mixed_10K_e3h,475d,10240,0/0
/spttest/mixed_10K_e3i,475e,10240,0/0
/spttest/mixed_10K_e3j,475f,10240,0/0
/spttest/mixed_10K_e3k,4760,10240,0/0
/spttest/mixed_10K_e3l,4761,10240,0/0
/spttest/mixed_10K_e3m,4762,10240,0/0
/spttest/mixed_10K_e3n,4763,10240,0/0
/spttest/mixed_10K_e3o,4764,10240,0/0
/spttest/mixed_10K_e3p,4765,10240,0/0
/spttest/mixed_10K_e3q,4766,10240,0/0
/spttest/mixed_10K_e3r,4767,10240,0/0
/spttest/mixed_10K_e3s,4768,10240,0/0
/spttest/mixed_10K_e3t,4769,10240,0/0
/spttest/mixed_10K_e3u,476a,10240,0/0
/spttest/mixed_10K_e3v,476b,10240,0/0
/spttest/mixed_10K_e3w,476c,10240,0/0
/spttest/mixed_10K_e3x,476d,10240,0/0
/spttest/mixed_10K_e3y,476e,10240,0/0
/spttest/mixed_10K_e3z,476f,10240,0/0
/spttest/mixed_10K_e40,4770,10240,0/0
/spttest/mixed_10K_e41,4771,10240,0/0
/spttest/mixed_10K_e42,4772,10240,0/0
/spttest/mixed_10K_e43,4773,10240,0/0
/spttest/mixed_10K_e44,4774,10240,0/0
/spttest/mixed_10K_e45,4775,10240,0/0
/spttest/mixed_10K_e46,4776,10240,0/0
/spttest/mixed_10K_e47,4777,10240,0/0
/spttest/mixed_10K_e48,4778,10240,0/0
/spttest/mixed_10K_e49,4779,10240,0/0
/spttest/mixed_10K_e4a,477a,10240,0/0
/spttest/mixed_10K_e4b,477b,10240,0/0
/spttest/mixed_10K_e4c,477c,10240,0/0
/spttest/mixed_10K_e4d,477d,10240,0/0
/spttest/mixed_10K_e4e,477e,10240,0/0
/spttest/mixed_10K_e4f,477f,10240,0/0
/spttest/mixed_10K_e4g,4780,10240,0/0
/spttest/mixed_10K_e4h,4781,10240,0/0
/spttest/mixed_10K_e4i,4782,10240,0/0
/spttest/mixed_10K_e4j,4783,10240,0/0
/spttest/mixed_10K_e4k,4784,10240,0/0
/spttest/mixed_10K_e4l,4785,10240,0/0
/spttest/mixed_10K_e4m,4786,10240,0/0
/spttest/mixed_10K_e4n,4787,10240,0/0
/spttest/mixed_10K_e4o,4788,10240,0/0
/spttest/mixed_10K_e4p,4789,10240,0/0
/spttest/mixed_10K_e4q,478a,10240,0/0
/spttest/mixed_10K_e4r,478b,10240,0/0
/spttest/mixed_10K_e4s,478c,10240,0/0
/spttest/mixed_10K_e4t,478d,10240,0/0
/spttest/mixed_10K_e4u,478e,10240,0/0
/spttest/mixed_10K_e4v,478f,10240,0/0
/spttest/mixed_10K_e4w,4790,10240,0/0
/spttest/mixed_10K_e4x,4791,10240,0/0
/spttest/mixed_10K_e4y,4792,10240,0/0
/spttest/mixed_10K_e4z,4793,10240,0/0
/spttest/mixed_10K_e50,4794,10240,0/0
/spttest/mixed_10K_e51,4795,10240,0/0
/spttest/mixed_10K_e52,4796,10240,0/0
/spttest/mixed_10K_e53,4797,10240,0/0
/spttest/mixed_10K_e54,4798,10240,0/0
/spttest/mixed_10K_e55,4799,10240,0/0
/spttest/mixed_10K_e56,479a,10240,0/0
/spttest/mixed_10K_e57,479b,10240,0/0
/spttest/mixed_10K_e58,479c,10240,0/0
/spttest/mixed_10K_e59,479d,10240,0/0
/spttest/mixed_10K_e5a,479e,10240,0/0
/spttest/mixed_10K_e5b,479f,10240,0/0
/spttest/mixed_10K_e5c,47a0,10240,0/0
/spttest/mixed_10K_e5d,47a1,10240,0/0
/spttest/mixed_10K_e5e,47a2,10240,0/0
/spttest/mixed_10K_e5f,47a3,10240,0/0
/spttest/mixed_10K_e5g,47a4,10240,0/0
/spttest/mixed_10K_e5h,47a5,10240,0/0
/spttest/mixed_10K_e5i,47a6,10240,0/0
/spttest/mixed_10K_e5j,47a7,10240,0/0
/spttest/mixed_10K_e5k,47a8,10240,0/0
/spttest/mixed_10K_e5l,47a9,10240,0/0
/spttest/mixed_10K_e5m,47aa,10240,0/0
/spttest/mixed_10K_e5n,47ab,10240,0/0
/spttest/mixed_10K_e5o,47ac,10240,0/0
/spttest/mixed_10K_e5p,47ad,10240,0/0
/spttest/mixed_10K_e5q,47ae,10240,0/0
/spttest/mixed_10K_e5r,47af,10240,0/0
/spttest/mixed_10K_e5s,47b0,10240,0/0
/spttest/mixed_10K_e5t,47b1,10240,0/0
/spttest/mixed_10K_e5u,47b2,10240,0/0
/spttest/mixed_10K_e5v,47b3,10240,0/0
/spttest/mixed_10K_e5w,47b4,10240,0/0
/spttest/mixed_10K_e5x,47b5,10240,0/0
/spttest/mixed_10K_e5y,47b6,10240,0/0
/spttest/mixed_10K_e5z,47b7,10240,0/0
/spttest/mixed_10K_e60,47b8,10240,0/0
/spttest/mixed_10K_e61,47b9,10240,0/0
/spttest/mixed_10K_e62,47ba,10240,0/0
/spttest/mixed_10K_e63,47bb,10240,0/0
/spttest/mixed_10K_e64,47bc,10240,0/0
/spttest/mixed_10K_e65,47bd,10240,0/0
/spttest/mixed_10K_e66,47be,10240,0/0
/spttest/mixed_10K_e67,47bf,10240,0/0
/spttest/mixed_10K_e68,47c0,10240,0/0
/spttest/mixed_10K_e69,47c1,10240,0/0
/spttest/mixed_10K_e6a,47c2,10240,0/0
/spttest/mixed_10K_e6b,47c3,10240,0/0
/spttest/mixed_10K_e6c,47c4,10240,0/0
/spttest/mixed_10K_e6d,47c5,10240,0/0
/spttest/mixed_10K_e6e,47c6,10240,0/0
/spttest/mixed_10K_e6f,47c7,10240,0/0
/spttest/mixed_10K_e6g,47c8,10240,0/0
/spttest/mixed_10K_e6h,47c9,10240,0/0
/spttest/mixed_10K_e6i,47ca,10240,0/0
/spttest/mixed_10K_e6j,47cb,10240,0/0
/spttest/mixed_10K_e6k,47cc,10240,0/0
/spttest/mixed_10K_e6l,47cd,10240,0/0
/spttest/mixed_10K_e6m,47ce,10240,0/0
/spttest/mixed_10K_e6n,47cf,10240,0/0
/spttest/mixed_10K_e6o,47d0,10240,0/0
/spttest/mixed_10K_e6p,47d1,10240,0/0
/spttest/mixed_10K_e6q,47d2,10240,0/0
/spttest/mixed_10K_e6r,47d3,10240,0/0
/spttest/mixed_10K_e6s,47d4,10240,0/0
/spttest/mixed_10K_e6t,47d5,10240,0/0
/spttest/mixed_10K_e6u,47d6,10240,0/0
/spttest/mixed_10K_e6v,47d7,10240,0/0
/spttest/mixed_10K_e6w,47d8,10240,0/0
/spttest/mixed_10K_e6x,47d9,10240,0/0
/spttest/mixed_10K_e6y,47da,10240,0/0
/spttest/mixed_10K_e6z,47db,10240,0/0
/spttest/mixed_10K_e70,47dc,10240,0/0
/spttest/mixed_10K_e71,47dd,10240,0/0
/spttest/mixed_10K_e72,47de,10240,0/0
/spttest/mixed_10K_e73,47df,10240,0/0
/spttest/mixed_10K_e74,47e0,10240,0/0
/spttest/mixed_10K_e75,47e1,10240,0/0
/spttest/mixed_10K_e76,47e2,10240,0/0
/spttest/mixed_10K_e77,47e3,10240,0/0
/spttest/mixed_10K_e78,47e4,10240,0/0
/spttest/mixed_10K_e79,47e5,10240,0/0
/spttest/mixed_10K_e7a,47e6,10240,0/0
/spttest/mixed_10K_e7b,47e7,10240,0/0
/spttest/mixed_10K_e7c,47e8,10240,0/0
/spttest/mixed_10K_e7d,47e9,10240,0/0
/spttest/mixed_10K_e7e,47ea,10240,0/0
/spttest/mixed_10K_e7f,47eb,10240,0/0
/spttest/mixed_10K_e7g,47ec,10240,0/0
/spttest/mixed_10K_e7h,47ed,10240,0/0
/spttest/mixed_10K_e7i,47ee,10240,0/0
/spttest/mixed_10K_e7j,47ef,10240,0/0
/spttest/mixed_10K_e7k,47f0,10240,0/0
/spttest/mixed_10K_e7l,47f1,10240,0/0
/spttest/mixed_10K_e7m,47f2,10240,0/0
/spttest/mixed_10K_e7n,47f3,10240,0/0
/spttest/mixed_10K_e7o,47f4,10240,0/0
/spttest/mixed_10K_e7p,47f5,10240,0/0
/spttest/mixed_10K_e7q,47f6,10240,0/0
/spttest/mixed_10K_e7r,47f7,10240,0/0
/spttest/mixed_10K_e7s,47f8,10240,0/0
/spttest/mixed_10K_e7t,47f9,10240,0/0
/spttest/mixed_10K_e7u,47fa,10240,0/0
/spttest/mixed_10K_e7v,47fb,10240,0/0
/spttest/mixed_10K_e7w,47fc,10240,0/0
/spttest/mixed_10K_e7x,47fd,10240,0/0
/spttest/mixed_10K_e7y,47fe,10240,0/0
/spttest/mixed_10K_e7z,47ff,10240,0/0
/spttest/mixed_10K_e80,4800,10240,0/0
/spttest/mixed_10K_e81,4801,10240,0/0
/spttest/mixed_10K_e82,4802,10240,0/0
/spttest/mixed_10K_e83,4803,10240,0/0
/spttest/mixed_10K_e84,4804,10240,0/0
/spttest/mixed_10K_e85,4805,10240,0/0
/spttest/mixed_10K_e86,4806,10240,0/0
/spttest/mixed_10K_e87,4807,10240,0/0
/spttest/mixed_10K_e88,4808,10240,0/0
/spttest/mixed_10K_e89,4809,10240,0/0
/spttest/mixed_10K_e8a,480a,10240,0/0
/spttest/mixed_10K_e8b,480b,10240,0/0
/spttest/mixed_10K_e8c,480c,10240,0/0
/spttest/mixed_10K_e8d,480d,10240,0/0
/spttest/mixed_10K_e8e,480e,10240,0/0
/spttest/mixed_10K_e8f,480f,10240,0/0
/spttest/mixed_10K_e8g,4810,10240,0/0
/spttest/mixed_10K_e8h,4811,10240,0/0
/spttest/mixed_10K_e8i,4812,10240,0/0
/spttest/mixed_10K_e8j,4813,10240,0/0
/spttest/mixed_10K_e8k,4814,10240,0/0
/spttest/mixed_10K_e8l,4815,10240,0/0
/spttest/mixed_10K_e8m,4816,10240,0/0
/spttest/mixed_10K_e8n,4817,10240,0/0
/spttest/mixed_10K_e8o,4818,10240,0/0
/spttest/mixed_10K_e8p,4819,10240,0/0
/spttest/mixed_10K_e8q,481a,10240,0/0
/spttest/mixed_10K_e8r,481b,10240,0/0
/spttest/mixed_10K_e8s,481c,10240,0/0
/spttest/mixed_10K_e8t,481d,10240,0/0
/spttest/mixed_10K_e8u,481e,10240,0/0
/spttest/mixed_10K_e8v,481f,10240,0/0
/spttest/mixed_10K_e8w,4820,10240,0/0
/spttest/mixed_10K_e8x,4821,10240,0/0
/spttest/mixed_10K_e8y,4822,10240,0/0
/spttest/mixed_10K_e8z,4823,10240,0/0
/spttest/mixed_10K_e90,4824,10240,0/0
/spttest/mixed_10K_e91,4825,10240,0/0
/spttest/mixed_10K_e92,4826,10240,0/0
/spttest/mixed_10K_e93,4827,10240,0/0
/spttest/mixed_10K_e94,4828,10240,0/0
/spttest/mixed_10K_e95,4829,10240,0/0
/spttest/mixed_10K_e96,482a,10240,0/0
/spttest/mixed_10K_e97,482b,10240,0/0
/spttest/mixed_10K_e98,482c,10240,0/0
/spttest/mixed_10K_e99,482d,10240,0/0
/spttest/mixed_10K_e9a,482e,10240,0/0
/spttest/mixed_10K_e9b,482f,10240,0/0
/spttest/mixed_10K_e9c,4830,10240,0/0
/spttest/mixed_10K_e9d,4831,10240,0/0
/spttest/mixed_10K_e9e,4832,10240,0/0
/spttest/mixed_10K_e9f,4833,10240,0/0
/spttest/mixed_10K_e9g,4834,10240,0/0
/spttest/mixed_10K_e9h,4835,10240,0/0
/spttest/mixed_10K_e9i,4836,10240,0/0
/spttest/mixed_10K_e9j,4837,10240,0/0
/spttest/mixed_10K_e9k,4838,10240,0/0
/spttest/mixed_10K_e9l,4839,10240,0/0
/spttest/mixed_10K_e9m,483a,10240,0/0
/spttest/mixed_10K_e9n,483b,10240,0/0
/spttest/mixed_10K_e9o,483c,10240,0/0
/spttest/mixed_10K_e9p,483d,10240,0/0
/spttest/mixed_10K_e9q,483e,10240,0/0
/spttest/mixed_10K_e9r,483f,10240,0/0
/spttest/mixed_10K_e9s,4840,10240,0/0
/spttest/mixed_10K_e9t,4841,10240,0/0
/spttest/mixed_10K_e9u,4842,10240,0/0
/spttest/mixed_10K_e9v,4843,10240,0/0
/spttest/mixed_10K_e9w,4844,10240,0/0
/spttest/mixed_10K_e9x,4845,10240,0/0
/spttest/mixed_10K_e9y,4846,10240,0/0
/spttest/mixed_10K_e9z,4847,10240,0/0
/spttest/mixed_10K_ea0,4848,10240,0/0
/spttest/mixed_10K_ea1,4849,10240,0/0
/spttest/mixed_10K_ea2,484a,10240,0/0
/spttest/mixed_10K_ea3,484b,10240,0/0
/spttest/mixed_10K_ea4,484c,10240,0/0
/spttest/mixed_10K_ea5,484d,10240,0/0
/spttest/mixed_10K_ea6,484e,10240,0/0
/spttest/mixed_10K_ea7,484f,10240,0/0
/spttest/mixed_10K_ea8,4850,10240,0/0
/spttest/mixed_10K_ea9,4851,10240,0/0
/spttest/mixed_10K_eaa,4852,10240,0/0
/spttest/mixed_10K_eab,4853,10240,0/0
/spttest/mixed_10K_eac,4854,10240,0/0
/spttest/mixed_10K_ead,4855,10240,0/0
/spttest/mixed_10K_eae,4856,10240,0/0
/spttest/mixed_10K_eaf,4857,10240,0/0
/spttest/mixed_10K_eag,4858,10240,0/0
/spttest/mixed_10K_eah,4859,10240,0/0
/spttest/mixed_10K_eai,485a,10240,0/0
/spttest/mixed_10K_eaj,485b,10240,0/0
/spttest/mixed_10K_eak,485c,10240,0/0
/spttest/mixed_10K_eal,485d,10240,0/0
/spttest/mixed_10K_eam,485e,10240,0/0
/spttest/mixed_10K_ean,485f,10240,0/0
/spttest/mixed_10K_eao,4860,10240,0/0
/spttest/mixed_10K_eap,4861,10240,0/0
/spttest/mixed_10K_eaq,4862,10240,0/0
/spttest/mixed_10K_ear,4863,10240,0/0
/spttest/mixed_10K_eas,4864,10240,0/0
/spttest/mixed_10K_eat,4865,10240,0/0
/spttest/mixed_10K_eau,4866,10240,0/0
/spttest/mixed_10K_eav,4867,10240,0/0
/spttest/mixed_10K_eaw,4868,10240,0/0
/spttest/mixed_10K_eax,4869,10240,0/0
/spttest/mixed_10K_eay,486a,10240,0/0
/spttest/mixed_10K_eaz,486b,10240,0/0
/spttest/mixed_10K_eb0,486c,10240,0/0
/spttest/mixed_10K_eb1,486d,10240,0/0
/spttest/mixed_10K_eb2,486e,10240,0/0
/spttest/mixed_10K_eb3,486f,10240,0/0
/spttest/mixed_10K_eb4,4870,10240,0/0
/spttest/mixed_10K_eb5,4871,10240,0/0
/spttest/mixed_10K_eb6,4872,10240,0/0
/spttest/mixed_10K_eb7,4873,10240,0/0
/spttest/mixed_10K_eb8,4874,10240,0/0
/spttest/mixed_10K_eb9,4875,10240,0/0
/spttest/mixed_10K_eba,4876,10240,0/0
/spttest/mixed_10K_ebb,4877,10240,0/0
/spttest/mixed_10K_ebc,4878,10240,0/0
/spttest/mixed_10K_ebd,4879,10240,0/0
/spttest/mixed_10K_ebe,487a,10240,0/0
/spttest/mixed_10K_ebf,487b,10240,0/0
/spttest/mixed_10K_ebg,487c,10240,0/0
/spttest/mixed_10K_ebh,487d,10240,0/0
/spttest/mixed_10K_ebi,487e,10240,0/0
/spttest/mixed_10K_ebj,487f,10240,0/0
/spttest/mixed_10K_ebk,4880,10240,0/0
/spttest/mixed_10K_ebl,4881,10240,0/0
/spttest/mixed_10K_ebm,4882,10240,0/0
/spttest/mixed_10K_ebn,4883,10240,0/0
/spttest/mixed_10K_ebo,4884,10240,0/0
/spttest/mixed_10K_ebp,4885,10240,0/0
/spttest/mixed_10K_ebq,4886,10240,0/0
/spttest/mixed_10K_ebr,4887,10240,0/0
/spttest/mixed_10K_ebs,4888,10240,0/0
/spttest/mixed_10K_ebt,4889,10240,0/0
/spttest/mixed_10K_ebu,488a,10240,0/0
/spttest/mixed_10K_ebv,488b,10240,0/0
/spttest/mixed_10K_ebw,488c,10240,0/0
/spttest/mixed_10K_ebx,488d,10240,0/0
/spttest/mixed_10K_eby,488e,10240,0/0
/spttest/mixed_10K_ebz,488f,10240,0/0
/spttest/mixed_10K_ec0,4890,10240,0/0
/spttest/mixed_10K_ec1,4891,10240,0/0
/spttest/mixed_10K_ec2,4892,10240,0/0
/spttest/mixed_10K_ec3,4893,10240,0/0
/spttest/mixed_10K_ec4,4894,10240,0/0
/spttest/mixed_10K_ec5,4895,10240,0/0
/spttest/mixed_10K_ec6,4896,10240,0/0
/spttest/mixed_10K_ec7,4897,10240,0/0
/spttest/mixed_10K_ec8,4898,10240,0/0
/spttest/mixed_10K_ec9,4899,10240,0/0
/spttest/mixed_10K_eca,489a,10240,0/0
/spttest/mixed_10K_ecb,489b,10240,0/0
/spttest/mixed_10K_ecc,489c,10240,0/0
/spttest/mixed_10K_ecd,489d,10240,0/0
/spttest/mixed_10K_ece,489e,10240,0/0
/spttest/mixed_10K_ecf,489f,10240,0/0
/spttest/mixed_10K_ecg,48a0,10240,0/0
/spttest/mixed_10K_ech,48a1,10240,0/0
/spttest/mixed_10K_eci,48a2,10240,0/0
/spttest/mixed_10K_ecj,48a3,10240,0/0
/spttest/mixed_10K_eck,48a4,10240,0/0
/spttest/mixed_10K_ecl,48a5,10240,0/0
/spttest/mixed_10K_ecm,48a6,10240,0/0
/spttest/mixed_10K_ecn,48a7,10240,0/0
/spttest/mixed_10K_eco,48a8,10240,0/0
/spttest/mixed_10K_ecp,48a9,10240,0/0
/spttest/mixed_10K_ecq,48aa,10240,0/0
/spttest/mixed_10K_ecr,48ab,10240,0/0
/spttest/mixed_10K_ecs,48ac,10240,0/0
/spttest/mixed_10K_ect,48ad,10240,0/0
/spttest/mixed_10K_ecu,48ae,10240,0/0
/spttest/mixed_10K_ecv,48af,10240,0/0
/spttest/mixed_10K_ecw,48b0,10240,0/0
/spttest/mixed_10K_ecx,48b1,10240,0/0
/spttest/mixed_10K_ecy,48b2,10240,0/0
/spttest/mixed_10K_ecz,48b3,10240,0/0
/spttest/mixed_10K_ed0,48b4,10240,0/0
/spttest/mixed_10K_ed1,48b5,10240,0/0
/spttest/mixed_10K_ed2,48b6,10240,0/0
/spttest/mixed_10K_ed3,48b7,10240,0/0
/spttest/mixed_10K_ed4,48b8,10240,0/0
/spttest/mixed_10K_ed5,48b9,10240,0/0
/spttest/mixed_10K_ed6,48ba,10240,0/0
/spttest/mixed_10K_ed7,48bb,10240,0/0
/spttest/mixed_10K_ed8,48bc,10240,0/0
/spttest/mixed_10K_ed9,48bd,10240,0/0
/spttest/mixed_10K_eda,48be,10240,0/0
/spttest/mixed_10K_edb,48bf,10240,0/0
/spttest/mixed_10K_edc,48c0,10240,0/0
/spttest/mixed_10K_edd,48c1,10240,0/0
/spttest/mixed_10K_ede,48c2,10240,0/0
/spttest/mixed_10K_edf,48c3,10240,0/0
/spttest/mixed_10K_edg,48c4,10240,0/0
/spttest/mixed_10K_edh,48c5,10240,0/0
/spttest/mixed_10K_edi,48c6,10240,0/0
/spttest/mixed_10K_edj,48c7,10240,0/0
/spttest/mixed_10K_edk,48c8,10240,0/0
/spttest/mixed_10K_edl,48c9,10240,0/0
/spttest/mixed_10K_edm,48ca,10240,0/0
/spttest/mixed_10K_edn,48cb,10240,0/0
/spttest/mixed_10K_edo,48cc,10240,0/0
/spttest/mixed_10K_edp,48cd,10240,0/0
/spttest/mixed_10K_edq,48ce,10240,0/0
/spttest/mixed_10K_edr,48cf,10240,0/0
/spttest/mixed_10K_eds,48d0,10240,0/0
/spttest/mixed_10K_edt,48d1,10240,0/0
/spttest/mixed_10K_edu,48d2,10240,0/0
/spttest/mixed_10K_edv,48d3,10240,0/0
/spttest/mixed_10K_edw,48d4,10240,0/0
/spttest/mixed_10K_edx,48d5,10240,0/0
/spttest/mixed_10K_edy,48d6,10240,0/0
/spttest/mixed_10K_edz,48d7,10240,0/0
/spttest/mixed_10K_ee0,48d8,10240,0/0
/spttest/mixed_10K_ee1,48d9,10240,0/0
/spttest/mixed_10K_ee2,48da,10240,0/0
/spttest/mixed_10K_ee3,48db,10240,0/0
/spttest/mixed_10K_ee4,48dc,10240,0/0
/spttest/mixed_10K_ee5,48dd,10240,0/0
/spttest/mixed_10K_ee6,48de,10240,0/0
/spttest/mixed_10K_ee7,48df,10240,0/0
/spttest/mixed_10K_ee8,48e0,10240,0/0
/spttest/mixed_10K_ee9,48e1,10240,0/0
/spttest/mixed_10K_eea,48e2,10240,0/0
/spttest/mixed_10K_eeb,48e3,10240,0/0
/spttest/mixed_10K_eec,48e4,10240,0/0
/spttest/mixed_10K_eed,48e5,10240,0/0
/spttest/mixed_10K_eee,48e6,10240,0/0
/spttest/mixed_10K_eef,48e7,10240,0/0
/spttest/mixed_10K_eeg,48e8,10240,0/0
/spttest/mixed_10K_eeh,48e9,10240,0/0
/spttest/mixed_10K_eei,48ea,10240,0/0
/spttest/mixed_10K_eej,48eb,10240,0/0
/spttest/mixed_10K_eek,48ec,10240,0/0
/spttest/mixed_10K_eel,48ed,10240,0/0
/spttest/mixed_10K_eem,48ee,10240,0/0
/spttest/mixed_10K_een,48ef,10240,0/0
/spttest/mixed_10K_eeo,48f0,10240,0/0
/spttest/mixed_10K_eep,48f1,10240,0/0
/spttest/mixed_10K_eeq,48f2,10240,0/0
/spttest/mixed_10K_eer,48f3,10240,0/0
/spttest/mixed_10K_ees,48f4,10240,0/0
/spttest/mixed_10K_eet,48f5,10240,0/0
/spttest/mixed_10K_eeu,48f6,10240,0/0
/spttest/mixed_10K_eev,48f7,10240,0/0
/spttest/mixed_10K_eew,48f8,10240,0/0
/spttest/mixed_10K_eex,48f9,10240,0/0
/spttest/mixed_10K_eey,48fa,10240,0/0
/spttest/mixed_10K_eez,48fb,10240,0/0
/spttest/mixed_10K_ef0,48fc,10240,0/0
/spttest/mixed_10K_ef1,48fd,10240,0/0
/spttest/mixed_10K_ef2,48fe,10240,0/0
/spttest/mixed_10K_ef3,48ff,10240,0/0
/spttest/mixed_10K_ef4,4900,10240,0/0
/spttest/mixed_10K_ef5,4901,10240,0/0
/spttest/mixed_10K_ef6,4902,10240,0/0
/spttest/mixed_10K_ef7,4903,10240,0/0
/spttest/mixed_10K_ef8,4904,10240,0/0
/spttest/mixed_10K_ef9,4905,10240,0/0
/spttest/mixed_10K_efa,4906,10240,0/0
/spttest/mixed_10K_efb,4907,10240,0/0
/spttest/mixed_10K_efc,4908,10240,0/0
/spttest/mixed_10K_efd,4909,10240,0/0
/spttest/mixed_10K_efe,490a,10240,0/0
/spttest/mixed_10K_eff,490b,10240,0/0
/spttest/mixed_10K_efg,490c,10240,0/0
/spttest/mixed_10K_efh,490d,10240,0/0
/spttest/mixed_10K_efi,490e,10240,0/0
/spttest/mixed_10K_efj,490f,10240,0/0
/spttest/mixed_10K_efk,4910,10240,0/0
/spttest/mixed_10K_efl,4911,10240,0/0
/spttest/mixed_10K_efm,4912,10240,0/0
/spttest/mixed_10K_efn,4913,10240,0/0
/spttest/mixed_10K_efo,4914,10240,0/0
/spttest/mixed_10K_efp,4915,10240,0/0
/spttest/mixed_10K_efq,4916,10240,0/0
/spttest/mixed_10K_efr,4917,10240,0/0
/spttest/mixed_10K_efs,4918,10240,0/0
/spttest/mixed_10K_eft,4919,10240,0/0
/spttest/mixed_10K_efu,491a,10240,0/0
/spttest/mixed_10K_efv,491b,10240,0/0
/spttest/mixed_10K_efw,491c,10240,0/0
/spttest/mixed_10K_efx,491d,10240,0/0
/spttest/mixed_10K_efy,491e,10240,0/0
/spttest/mixed_10K_efz,491f,10240,0/0
/spttest/mixed_10K_eg0,4920,10240,0/0
/spttest/mixed_10K_eg1,4921,10240,0/0
/spttest/mixed_10K_eg2,4922,10240,0/0
/spttest/mixed_10K_eg3,4923,10240,0/0
/spttest/mixed_10K_eg4,4924,10240,0/0
/spttest/mixed_10K_eg5,4925,10240,0/0
/spttest/mixed_10K_eg6,4926,10240,0/0
/spttest/mixed_10K_eg7,4927,10240,0/0
/spttest/mixed_10K_eg8,4928,10240,0/0
/spttest/mixed_10K_eg9,4929,10240,0/0
/spttest/mixed_10K_ega,492a,10240,0/0
/spttest/mixed_10K_egb,492b,10240,0/0
/spttest/mixed_10K_egc,492c,10240,0/0
/spttest/mixed_10K_egd,492d,10240,0/0
/spttest/mixed_10K_ege,492e,10240,0/0
/spttest/mixed_10K_egf,492f,10240,0/0
/spttest/mixed_10K_egg,4930,10240,0/0
/spttest/mixed_10K_egh,4931,10240,0/0
/spttest/mixed_10K_egi,4932,10240,0/0
/spttest/mixed_10K_egj,4933,10240,0/0
/spttest/mixed_10K_egk,4934,10240,0/0
/spttest/mixed_10K_egl,4935,10240,0/0
/spttest/mixed_10K_egm,4936,10240,0/0
/spttest/mixed_10K_egn,4937,10240,0/0
/spttest/mixed_10K_ego,4938,10240,0/0
/spttest/mixed_10K_egp,4939,10240,0/0
/spttest/mixed_10K_egq,493a,10240,0/0
/spttest/mixed_10K_egr,493b,10240,0/0
/spttest/mixed_10K_egs,493c,10240,0/0
/spttest/mixed_10K_egt,493d,10240,0/0
/spttest/mixed_10K_egu,493e,10240,0/0
/spttest/mixed_10K_egv,493f,10240,0/0
/spttest/mixed_10K_egw,4940,10240,0/0
/spttest/mixed_10K_egx,4941,10240,0/0
/spttest/mixed_10K_egy,4942,10240,0/0
/spttest/mixed_10K_egz,4943,10240,0/0
/spttest/mixed_10K_eh0,4944,10240,0/0
/spttest/mixed_10K_eh1,4945,10240,0/0
/spttest/mixed_10K_eh2,4946,10240,0/0
/spttest/mixed_10K_eh3,4947,10240,0/0
/spttest/mixed_10K_eh4,4948,10240,0/0
/spttest/mixed_10K_eh5,4949,10240,0/0
/spttest/mixed_10K_eh6,494a,10240,0/0
/spttest/mixed_10K_eh7,494b,10240,0/0
/spttest/mixed_10K_eh8,494c,10240,0/0
/spttest/mixed_10K_eh9,494d,10240,0/0
/spttest/mixed_10K_eha,494e,10240,0/0
/spttest/mixed_10K_ehb,494f,10240,0/0
/spttest/mixed_10K_ehc,4950,10240,0/0
/spttest/mixed_10K_ehd,4951,10240,0/0
/spttest/mixed_10K_ehe,4952,10240,0/0
/spttest/mixed_10K_ehf,4953,10240,0/0
/spttest/mixed_10K_ehg,4954,10240,0/0
/spttest/mixed_10K_ehh,4955,10240,0/0
/spttest/mixed_10K_ehi,4956,10240,0/0
/spttest/mixed_10K_ehj,4957,10240,0/0
/spttest/mixed_10K_ehk,4958,10240,0/0
/spttest/mixed_10K_ehl,4959,10240,0/0
/spttest/mixed_10K_ehm,495a,10240,0/0
/spttest/mixed_10K_ehn,495b,10240,0/0
/spttest/mixed_10K_eho,495c,10240,0/0
/spttest/mixed_10K_ehp,495d,10240,0/0
/spttest/mixed_10K_ehq,495e,10240,0/0
/spttest/mixed_10K_ehr,495f,10240,0/0
/spttest/mixed_10K_ehs,4960,10240,0/0
/spttest/mixed_10K_eht,4961,10240,0/0
/spttest/mixed_10K_ehu,4962,10240,0/0
/spttest/mixed_10K_ehv,4963,10240,0/0
/spttest/mixed_10K_ehw,4964,10240,0/0
/spttest/mixed_10K_ehx,4965,10240,0/0
/spttest/mixed_10K_ehy,4966,10240,0/0
/spttest/mixed_10K_ehz,4967,10240,0/0
/spttest/mixed_10K_ei0,4968,10240,0/0
/spttest/mixed_10K_ei1,4969,10240,0/0
/spttest/mixed_10K_ei2,496a,10240,0/0
/spttest/mixed_10K_ei3,496b,10240,0/0
/spttest/mixed_10K_ei4,496c,10240,0/0
/spttest/mixed_10K_ei5,496d,10240,0/0
/spttest/mixed_10K_ei6,496e,10240,0/0
/spttest/mixed_10K_ei7,496f,10240,0/0
/spttest/mixed_10K_ei8,4970,10240,0/0
/spttest/mixed_10K_ei9,4971,10240,0/0
/spttest/mixed_10K_eia,4972,10240,0/0
/spttest/mixed_10K_eib,4973,10240,0/0
/spttest/mixed_10K_eic,4974,10240,0/0
/spttest/mixed_10K_eid,4975,10240,0/0
/spttest/mixed_10K_eie,4976,10240,0/0
/spttest/mixed_10K_eif,4977,10240,0/0
/spttest/mixed_10K_eig,4978,10240,0/0
/spttest/mixed_10K_eih,4979,10240,0/0
/spttest/mixed_10K_eii,497a,10240,0/0
/spttest/mixed_10K_eij,497b,10240,0/0
/spttest/mixed_10K_eik,497c,10240,0/0
/spttest/mixed_10K_eil,497d,10240,0/0
/spttest/mixed_10K_eim,497e,10240,0/0
/spttest/mixed_10K_ein,497f,10240,0/0
/spttest/mixed_10K_eio,4980,10240,0/0
/spttest/mixed_10K_eip,4981,10240,0/0
/spttest/mixed_10K_eiq,4982,10240,0/0
/spttest/mixed_10K_eir,4983,10240,0/0
/spttest/mixed_10K_eis,4984,10240,0/0
/spttest/mixed_10K_eit,4985,10240,0/0
/spttest/mixed_10K_eiu,4986,10240,0/0
/spttest/mixed_10K_eiv,4987,10240,0/0
/spttest/mixed_10K_eiw,4988,10240,0/0
/spttest/mixed_10K_eix,4989,10240,0/0
/spttest/mixed_10K_eiy,498a,10240,0/0
/spttest/mixed_10K_eiz,498b,10240,0/0
/spttest/mixed_10K_ej0,498c,10240,0/0
/spttest/mixed_10K_ej1,498d,10240,0/0
/spttest/mixed_10K_ej2,498e,10240,0/0
/spttest/mixed_10K_ej3,498f,10240,0/0
/spttest/mixed_10K_ej4,4990,10240,0/0
/spttest/mixed_10K_ej5,4991,10240,0/0
/spttest/mixed_10K_ej6,4992,10240,0/0
/spttest/mixed_10K_ej7,4993,10240,0/0
/spttest/mixed_10K_ej8,4994,10240,0/0
/spttest/mixed_10K_ej9,4995,10240,0/0
/spttest/mixed_10K_eja,4996,10240,0/0
/spttest/mixed_10K_ejb,4997,10240,0/0
/spttest/mixed_10K_ejc,4998,10240,0/0
/spttest/mixed_10K_ejd,4999,10240,0/0
/spttest/mixed_10K_eje,499a,10240,0/0
/spttest/mixed_10K_ejf,499b,10240,0/0
/spttest/mixed_10K_ejg,499c,10240,0/0
/spttest/mixed_10K_ejh,499d,10240,0/0
/spttest/mixed_10K_eji,499e,10240,0/0
/spttest/mixed_10K_ejj,499f,10240,0/0
/spttest/mixed_10K_ejk,49a0,10240,0/0
/spttest/mixed_10K_ejl,49a1,10240,0/0
/spttest/mixed_10K_ejm,49a2,10240,0/0
/spttest/mixed_10K_ejn,49a3,10240,0/0
/spttest/mixed_10K_ejo,49a4,10240,0/0
/spttest/mixed_10K_ejp,49a5,10240,0/0
/spttest/mixed_10K_ejq,49a6,10240,0/0
/spttest/mixed_10K_ejr,49a7,10240,0/0
/spttest/mixed_10K_ejs,49a8,10240,0/0
/spttest/mixed_10K_ejt,49a9,10240,0/0
/spttest/mixed_10K_eju,49aa,10240,0/0
/spttest/mixed_10K_ejv,49ab,10240,0/0
/spttest/mixed_10K_ejw,49ac,10240,0/0
/spttest/mixed_10K_ejx,49ad,10240,0/0
/spttest/mixed_10K_ejy,49ae,10240,0/0
/spttest/mixed_10K_ejz,49af,10240,0/0
/spttest/mixed_10K_ek0,49b0,10240,0/0
/spttest/mixed_10K_ek1,49b1,10240,0/0
/spttest/mixed_10K_ek2,49b2,10240,0/0
/spttest/mixed_10K_ek3,49b3,10240,0/0
/spttest/mixed_10K_ek4,49b4,10240,0/0
/spttest/mixed_10K_ek5,49b5,10240,0/0
/spttest/mixed_10K_ek6,49b6,10240,0/0
/spttest/mixed_10K_ek7,49b7,10240,0/0
/spttest/mixed_10K_ek8,49b8,10240,0/0
/spttest/mixed_10K_ek9,49b9,10240,0/0
/spttest/mixed_10K_eka,49ba,10240,0/0
/spttest/mixed_10K_ekb,49bb,10240,0/0
/spttest/mixed_10K_ekc,49bc,10240,0/0
/spttest/mixed_10K_ekd,49bd,10240,0/0
/spttest/mixed_10K_eke,49be,10240,0/0
/spttest/mixed_10K_ekf,49bf,10240,0/0
/spttest/mixed_10K_ekg,49c0,10240,0/0
/spttest/mixed_10K_ekh,49c1,10240,0/0
/spttest/mixed_10K_eki,49c2,10240,0/0
/spttest/mixed_10K_ekj,49c3,10240,0/0
/spttest/mixed_10K_ekk,49c4,10240,0/0
/spttest/mixed_10K_ekl,49c5,10240,0/0
/spttest/mixed_10K_ekm,49c6,10240,0/0
/spttest/mixed_10K_ekn,49c7,10240,0/0
/spttest/mixed_10K_eko,49c8,10240,0/0
/spttest/mixed_10K_ekp,49c9,10240,0/0
/spttest/mixed_10K_ekq,49ca,10240,0/0
/spttest/mixed_10K_ekr,49cb,10240,0/0
/spttest/mixed_10K_eks,49cc,10240,0/0
/spttest/mixed_10K_ekt,49cd,10240,0/0
/spttest/mixed_10K_eku,49ce,10240,0/0
/spttest/mixed_10K_ekv,49cf,10240,0/0
/spttest/mixed_10K_ekw,49d0,10240,0/0
/spttest/mixed_10K_ekx,49d1,10240,0/0
/spttest/mixed_10K_eky,49d2,10240,0/0
/spttest/mixed_10K_ekz,49d3,10240,0/0
/spttest/mixed_10K_el0,49d4,10240,0/0
/spttest/mixed_10K_el1,49d5,10240,0/0
/spttest/mixed_10K_el2,49d6,10240,0/0
/spttest/mixed_10K_el3,49d7,10240,0/0
/spttest/mixed_10K_el4,49d8,10240,0/0
/spttest/mixed_10K_el5,49d9,10240,0/0
/spttest/mixed_10K_el6,49da,10240,0/0
/spttest/mixed_10K_el7,49db,10240,0/0
/spttest/mixed_10K_el8,49dc,10240,0/0
/spttest/mixed_10K_el9,49dd,10240,0/0
/spttest/mixed_10K_ela,49de,10240,0/0
/spttest/mixed_10K_elb,49df,10240,0/0
/spttest/mixed_10K_elc,49e0,10240,0/0
/spttest/mixed_10K_eld,49e1,10240,0/0
/spttest/mixed_10K_ele,49e2,10240,0/0
/spttest/mixed_10K_elf,49e3,10240,0/0
/spttest/mixed_10K_elg,49e4,10240,0/0
/spttest/mixed_10K_elh,49e5,10240,0/0
/spttest/mixed_10K_eli,49e6,10240,0/0
/spttest/mixed_10K_elj,49e7,10240,0/0
/spttest/mixed_10K_elk,49e8,10240,0/0
/spttest/mixed_10K_ell,49e9,10240,0/0
/spttest/mixed_10K_elm,49ea,10240,0/0
/spttest/mixed_10K_eln,49eb,10240,0/0
/spttest/mixed_10K_elo,49ec,10240,0/0
/spttest/mixed_10K_elp,49ed,10240,0/0
/spttest/mixed_10K_elq,49ee,10240,0/0
/spttest/mixed_10K_elr,49ef,10240,0/0
/spttest/mixed_10K_els,49f0,10240,0/0
/spttest/mixed_10K_elt,49f1,10240,0/0
/spttest/mixed_10K_elu,49f2,10240,0/0
/spttest/mixed_10K_elv,49f3,10240,0/0
/spttest/mixed_10K_elw,49f4,10240,0/0
/spttest/mixed_10K_elx,49f5,10240,0/0
/spttest/mixed_10K_ely,49f6,10240,0/0
/spttest/mixed_10K_elz,49f7,10240,0/0
/spttest/mixed_10K_em0,49f8,10240,0/0
/spttest/mixed_10K_em1,49f9,10240,0/0
/spttest/mixed_10K_em2,49fa,10240,0/0
/spttest/mixed_10K_em3,49fb,10240,0/0
/spttest/mixed_10K_em4,49fc,10240,0/0
/spttest/mixed_10K_em5,49fd,10240,0/0
/spttest/mixed_10K_em6,49fe,10240,0/0
/spttest/mixed_10K_em7,49ff,10240,0/0
/spttest/mixed_10K_em8,4a00,10240,0/0
/spttest/mixed_10K_em9,4a01,10240,0/0
/spttest/mixed_10K_ema,4a02,10240,0/0
/spttest/mixed_10K_emb,4a03,10240,0/0
/spttest/mixed_10K_emc,4a04,10240,0/0
/spttest/mixed_10K_emd,4a05,10240,0/0
/spttest/mixed_10K_eme,4a06,10240,0/0
/spttest/mixed_10K_emf,4a07,10240,0/0
/spttest/mixed_10K_emg,4a08,10240,0/0
/spttest/mixed_10K_emh,4a09,10240,0/0
/spttest/mixed_10K_emi,4a0a,10240,0/0
/spttest/mixed_10K_emj,4a0b,10240,0/0
/spttest/mixed_10K_emk,4a0c,10240,0/0
/spttest/mixed_10K_eml,4a0d,10240,0/0
/spttest/mixed_10K_emm,4a0e,10240,0/0
/spttest/mixed_10K_emn,4a0f,10240,0/0
/spttest/mixed_10K_emo,4a10,10240,0/0
/spttest/mixed_10K_emp,4a11,10240,0/0
/spttest/mixed_10K_emq,4a12,10240,0/0
/spttest/mixed_10K_emr,4a13,10240,0/0
/spttest/mixed_10K_ems,4a14,10240,0/0
/spttest/mixed_10K_emt,4a15,10240,0/0
/spttest/mixed_10K_emu,4a16,10240,0/0
/spttest/mixed_10K_emv,4a17,10240,0/0
/spttest/mixed_10K_emw,4a18,10240,0/0
/spttest/mixed_10K_emx,4a19,10240,0/0
/spttest/mixed_10K_emy,4a1a,10240,0/0
/spttest/mixed_10K_emz,4a1b,10240,0/0
/spttest/mixed_10K_en0,4a1c,10240,0/0
/spttest/mixed_10K_en1,4a1d,10240,0/0
/spttest/mixed_10K_en2,4a1e,10240,0/0
/spttest/mixed_10K_en3,4a1f,10240,0/0
/spttest/mixed_10K_en4,4a20,10240,0/0
/spttest/mixed_10K_en5,4a21,10240,0/0
/spttest/mixed_10K_en6,4a22,10240,0/0
/spttest/mixed_10K_en7,4a23,10240,0/0
/spttest/mixed_10K_en8,4a24,10240,0/0
/spttest/mixed_10K_en9,4a25,10240,0/0
/spttest/mixed_10K_ena,4a26,10240,0/0
/spttest/mixed_10K_enb,4a27,10240,0/0
/spttest/mixed_10K_enc,4a28,10240,0/0
/spttest/mixed_10K_end,4a29,10240,0/0
/spttest/mixed_10K_ene,4a2a,10240,0/0
/spttest/mixed_10K_enf,4a2b,10240,0/0
/spttest/mixed_10K_eng,4a2c,10240,0/0
/spttest/mixed_10K_enh,4a2d,10240,0/0
/spttest/mixed_10K_eni,4a2e,10240,0/0
/spttest/mixed_10K_enj,4a2f,10240,0/0
/spttest/mixed_10K_enk,4a30,10240,0/0
/spttest/mixed_10K_enl,4a31,10240,0/0
/spttest/mixed_10K_enm,4a32,10240,0/0
/spttest/mixed_10K_enn,4a33,10240,0/0
/spttest/mixed_10K_eno,4a34,10240,0/0
/spttest/mixed_10K_enp,4a35,10240,0/0
/spttest/mixed_10K_enq,4a36,10240,0/0
/spttest/mixed_10K_enr,4a37,10240,0/0
/spttest/mixed_10K_ens,4a38,10240,0/0
/spttest/mixed_10K_ent,4a39,10240,0/0
/spttest/mixed_10K_enu,4a3a,10240,0/0
/spttest/mixed_10K_env,4a3b,10240,0/0
/spttest/mixed_10K_enw,4a3c,10240,0/0
/spttest/mixed_10K_enx,4a3d,10240,0/0
/spttest/mixed_10K_eny,4a3e,10240,0/0
/spttest/mixed_10K_enz,4a3f,10240,0/0
/spttest/mixed_10K_eo0,4a40,10240,0/0
/spttest/mixed_10K_eo1,4a41,10240,0/0
/spttest/mixed_10K_eo2,4a42,10240,0/0
/spttest/mixed_10K_eo3,4a43,10240,0/0
/spttest/mixed_10K_eo4,4a44,10240,0/0
/spttest/mixed_10K_eo5,4a45,10240,0/0
/spttest/mixed_10K_eo6,4a46,10240,0/0
/spttest/mixed_10K_eo7,4a47,10240,0/0
/spttest/mixed_10K_eo8,4a48,10240,0/0
/spttest/mixed_10K_eo9,4a49,10240,0/0
/spttest/mixed_10K_eoa,4a4a,10240,0/0
/spttest/mixed_10K_eob,4a4b,10240,0/0
/spttest/mixed_10K_eoc,4a4c,10240,0/0
/spttest/mixed_10K_eod,4a4d,10240,0/0
/spttest/mixed_10K_eoe,4a4e,10240,0/0
/spttest/mixed_10K_eof,4a4f,10240,0/0
/spttest/mixed_10K_eog,4a50,10240,0/0
/spttest/mixed_10K_eoh,4a51,10240,0/0
/spttest/mixed_10K_eoi,4a52,10240,0/0
/spttest/mixed_10K_eoj,4a53,10240,0/0
/spttest/mixed_10K_eok,4a54,10240,0/0
/spttest/mixed_10K_eol,4a55,10240,0/0
/spttest/mixed_10K_eom,4a56,10240,0/0
/spttest/mixed_10K_eon,4a57,10240,0/0
/spttest/mixed_10K_eoo,4a58,10240,0/0
/spttest/mixed_10K_eop,4a59,10240,0/0
/spttest/mixed_10K_eoq,4a5a,10240,0/0
/spttest/mixed_10K_eor,4a5b,10240,0/0
/spttest/mixed_10K_eos,4a5c,10240,0/0
/spttest/mixed_10K_eot,4a5d,10240,0/0
/spttest/mixed_10K_eou,4a5e,10240,0/0
/spttest/mixed_10K_eov,4a5f,10240,0/0
/spttest/mixed_10K_eow,4a60,10240,0/0
/spttest/mixed_10K_eox,4a61,10240,0/0
/spttest/mixed_10K_eoy,4a62,10240,0/0
/spttest/mixed_10K_eoz,4a63,10240,0/0
/spttest/mixed_10K_ep0,4a64,10240,0/0
/spttest/mixed_10K_ep1,4a65,10240,0/0
/spttest/mixed_10K_ep2,4a66,10240,0/0
/spttest/mixed_10K_ep3,4a67,10240,0/0
/spttest/mixed_10K_ep4,4a68,10240,0/0
/spttest/mixed_10K_ep5,4a69,10240,0/0
/spttest/mixed_10K_ep6,4a6a,10240,0/0
/spttest/mixed_10K_ep7,4a6b,10240,0/0
/spttest/mixed_10K_ep8,4a6c,10240,0/0
/spttest/mixed_10K_ep9,4a6d,10240,0/0
/spttest/mixed_10K_epa,4a6e,10240,0/0
/spttest/mixed_10K_epb,4a6f,10240,0/0
/spttest/mixed_10K_epc,4a70,10240,0/0
/spttest/mixed_10K_epd,4a71,10240,0/0
/spttest/mixed_10K_epe,4a72,10240,0/0
/spttest/mixed_10K_epf,4a73,10240,0/0
/spttest/mixed_10K_epg,4a74,10240,0/0
/spttest/mixed_10K_eph,4a75,10240,0/0
/spttest/mixed_10K_epi,4a76,10240,0/0
/spttest/mixed_10K_epj,4a77,10240,0/0
/spttest/mixed_10K_epk,4a78,10240,0/0
/spttest/mixed_10K_epl,4a79,10240,0/0
/spttest/mixed_10K_epm,4a7a,10240,0/0
/spttest/mixed_10K_epn,4a7b,10240,0/0
/spttest/mixed_10K_epo,4a7c,10240,0/0
/spttest/mixed_10K_epp,4a7d,10240,0/0
/spttest/mixed_10K_epq,4a7e,10240,0/0
/spttest/mixed_10K_epr,4a7f,10240,0/0
/spttest/mixed_10K_eps,4a80,10240,0/0
/spttest/mixed_10K_ept,4a81,10240,0/0
/spttest/mixed_10K_epu,4a82,10240,0/0
/spttest/mixed_10K_epv,4a83,10240,0/0
/spttest/mixed_10K_epw,4a84,10240,0/0
/spttest/mixed_10K_epx,4a85,10240,0/0
/spttest/mixed_10K_epy,4a86,10240,0/0
/spttest/mixed_10K_epz,4a87,10240,0/0
/spttest/mixed_10K_eq0,4a88,10240,0/0
/spttest/mixed_10K_eq1,4a89,10240,0/0
/spttest/mixed_10K_eq2,4a8a,10240,0/0
/spttest/mixed_10K_eq3,4a8b,10240,0/0
/spttest/mixed_10K_eq4,4a8c,10240,0/0
/spttest/mixed_10K_eq5,4a8d,10240,0/0
/spttest/mixed_10K_eq6,4a8e,10240,0/0
/spttest/mixed_10K_eq7,4a8f,10240,0/0
/spttest/mixed_10K_eq8,4a90,10240,0/0
/spttest/mixed_10K_eq9,4a91,10240,0/0
/spttest/mixed_10K_eqa,4a92,10240,0/0
/spttest/mixed_10K_eqb,4a93,10240,0/0
/spttest/mixed_10K_eqc,4a94,10240,0/0
/spttest/mixed_10K_eqd,4a95,10240,0/0
/spttest/mixed_10K_eqe,4a96,10240,0/0
/spttest/mixed_10K_eqf,4a97,10240,0/0
/spttest/mixed_10K_eqg,4a98,10240,0/0
/spttest/mixed_10K_eqh,4a99,10240,0/0
/spttest/mixed_10K_eqi,4a9a,10240,0/0
/spttest/mixed_10K_eqj,4a9b,10240,0/0
/spttest/mixed_10K_eqk,4a9c,10240,0/0
/spttest/mixed_10K_eql,4a9d,10240,0/0
/spttest/mixed_10K_eqm,4a9e,10240,0/0
/spttest/mixed_10K_eqn,4a9f,10240,0/0
/spttest/mixed_10K_eqo,4aa0,10240,0/0
/spttest/mixed_10K_eqp,4aa1,10240,0/0
/spttest/mixed_10K_eqq,4aa2,10240,0/0
/spttest/mixed_10K_eqr,4aa3,10240,0/0
/spttest/mixed_10K_eqs,4aa4,10240,0/0
/spttest/mixed_10K_eqt,4aa5,10240,0/0
/spttest/mixed_10K_equ,4aa6,10240,0/0
/spttest/mixed_10K_eqv,4aa7,10240,0/0
/spttest/mixed_10K_eqw,4aa8,10240,0/0
/spttest/mixed_10K_eqx,4aa9,10240,0/0
/spttest/mixed_10K_eqy,4aaa,10240,0/0
/spttest/mixed_10K_eqz,4aab,10240,0/0
/spttest/mixed_10K_er0,4aac,10240,0/0
/spttest/mixed_10K_er1,4aad,10240,0/0
/spttest/mixed_10K_er2,4aae,10240,0/0
/spttest/mixed_10K_er3,4aaf,10240,0/0
/spttest/mixed_10K_er4,4ab0,10240,0/0
/spttest/mixed_10K_er5,4ab1,10240,0/0
/spttest/mixed_10K_er6,4ab2,10240,0/0
/spttest/mixed_10K_er7,4ab3,10240,0/0
/spttest/mixed_10K_er8,4ab4,10240,0/0
/spttest/mixed_10K_er9,4ab5,10240,0/0
/spttest/mixed_10K_era,4ab6,10240,0/0
/spttest/mixed_10K_erb,4ab7,10240,0/0
/spttest/mixed_10K_erc,4ab8,10240,0/0
/spttest/mixed_10K_erd,4ab9,10240,0/0
/spttest/mixed_10K_ere,4aba,10240,0/0
/spttest/mixed_10K_erf,4abb,10240,0/0
/spttest/mixed_10K_erg,4abc,10240,0/0
/spttest/mixed_10K_erh,4abd,10240,0/0
/spttest/mixed_10K_eri,4abe,10240,0/0
/spttest/mixed_10K_erj,4abf,10240,0/0
/spttest/mixed_10K_erk,4ac0,10240,0/0
/spttest/mixed_10K_erl,4ac1,10240,0/0
/spttest/mixed_10K_erm,4ac2,10240,0/0
/spttest/mixed_10K_ern,4ac3,10240,0/0
/spttest/mixed_10K_ero,4ac4,10240,0/0
/spttest/mixed_10K_erp,4ac5,10240,0/0
/spttest/mixed_10K_erq,4ac6,10240,0/0
/spttest/mixed_10K_err,4ac7,10240,0/0
/spttest/mixed_10K_ers,4ac8,10240,0/0
/spttest/mixed_10K_ert,4ac9,10240,0/0
/spttest/mixed_10K_eru,4aca,10240,0/0
/spttest/mixed_10K_erv,4acb,10240,0/0
/spttest/mixed_10K_erw,4acc,10240,0/0
/spttest/mixed_10K_erx,4acd,10240,0/0
/spttest/mixed_10K_ery,4ace,10240,0/0
/spttest/mixed_10K_erz,4acf,10240,0/0
/spttest/mixed_10K_es0,4ad0,10240,0/0
/spttest/mixed_10K_es1,4ad1,10240,0/0
/spttest/mixed_10K_es2,4ad2,10240,0/0
/spttest/mixed_10K_es3,4ad3,10240,0/0
/spttest/mixed_10K_es4,4ad4,10240,0/0
/spttest/mixed_10K_es5,4ad5,10240,0/0
/spttest/mixed_10K_es6,4ad6,10240,0/0
/spttest/mixed_10K_es7,4ad7,10240,0/0
/spttest/mixed_10K_es8,4ad8,10240,0/0
/spttest/mixed_10K_es9,4ad9,10240,0/0
/spttest/mixed_10K_esa,4ada,10240,0/0
/spttest/mixed_10K_esb,4adb,10240,0/0
/spttest/mixed_10K_esc,4adc,10240,0/0
/spttest/mixed_10K_esd,4add,10240,0/0
/spttest/mixed_10K_ese,4ade,10240,0/0
/spttest/mixed_10K_esf,4adf,10240,0/0
/spttest/mixed_10K_esg,4ae0,10240,0/0
/spttest/mixed_10K_esh,4ae1,10240,0/0
/spttest/mixed_10K_esi,4ae2,10240,0/0
/spttest/mixed_10K_esj,4ae3,10240,0/0
/spttest/mixed_10K_esk,4ae4,10240,0/0
/spttest/mixed_10K_esl,4ae5,10240,0/0
/spttest/mixed_10K_esm,4ae6,10240,0/0
/spttest/mixed_10K_esn,4ae7,10240,0/0
/spttest/mixed_10K_eso,4ae8,10240,0/0
/spttest/mixed_10K_esp,4ae9,10240,0/0
/spttest/mixed_10K_esq,4aea,10240,0/0
/spttest/mixed_10K_esr,4aeb,10240,0/0
/spttest/mixed_10K_ess,4aec,10240,0/0
/spttest/mixed_10K_est,4aed,10240,0/0
/spttest/mixed_10K_esu,4aee,10240,0/0
/spttest/mixed_10K_esv,4aef,10240,0/0
/spttest/mixed_10K_esw,4af0,10240,0/0
/spttest/mixed_10K_esx,4af1,10240,0/0
/spttest/mixed_10K_esy,4af2,10240,0/0
/spttest/mixed_10K_esz,4af3,10240,0/0
/spttest/mixed_10K_et0,4af4,10240,0/0
/spttest/mixed_10K_et1,4af5,10240,0/0
/spttest/mixed_10K_et2,4af6,10240,0/0
/spttest/mixed_10K_et3,4af7,10240,0/0
/spttest/mixed_10K_et4,4af8,10240,0/0
/spttest/mixed_10K_et5,4af9,10240,0/0
/spttest/mixed_10K_et6,4afa,10240,0/0
/spttest/mixed_10K_et7,4afb,10240,0/0
/spttest/mixed_10K_et8,4afc,10240,0/0
/spttest/mixed_10K_et9,4afd,10240,0/0
/spttest/mixed_10K_eta,4afe,10240,0/0
/spttest/mixed_10K_etb,4aff,10240,0/0
/spttest/mixed_10K_etc,4b00,10240,0/0
/spttest/mixed_10K_etd,4b01,10240,0/0
/spttest/mixed_10K_ete,4b02,10240,0/0
/spttest/mixed_10K_etf,4b03,10240,0/0
/spttest/mixed_10K_etg,4b04,10240,0/0
/spttest/mixed_10K_eth,4b05,10240,0/0
/spttest/mixed_10K_eti,4b06,10240,0/0
/spttest/mixed_10K_etj,4b07,10240,0/0
/spttest/mixed_10K_etk,4b08,10240,0/0
/spttest/mixed_10K_etl,4b09,10240,0/0
/spttest/mixed_10K_etm,4b0a,10240,0/0
/spttest/mixed_10K_etn,4b0b,10240,0/0
/spttest/mixed_10K_eto,4b0c,10240,0/0
/spttest/mixed_10K_etp,4b0d,10240,0/0
/spttest/mixed_10K_etq,4b0e,10240,0/0
/spttest/mixed_10K_etr,4b0f,10240,0/0
/spttest/mixed_10K_ets,4b10,10240,0/0
/spttest/mixed_10K_ett,4b11,10240,0/0
/spttest/mixed_10K_etu,4b12,10240,0/0
/spttest/mixed_10K_etv,4b13,10240,0/0
/spttest/mixed_10K_etw,4b14,10240,0/0
/spttest/mixed_10K_etx,4b15,10240,0/0
/spttest/mixed_10K_ety,4b16,10240,0/0
/spttest/mixed_10K_etz,4b17,10240,0/0
/spttest/mixed_10K_eu0,4b18,10240,0/0
/spttest/mixed_10K_eu1,4b19,10240,0/0
/spttest/mixed_10K_eu2,4b1a,10240,0/0
/spttest/mixed_10K_eu3,4b1b,10240,0/0
/spttest/mixed_10K_eu4,4b1c,10240,0/0
/spttest/mixed_10K_eu5,4b1d,10240,0/0
/spttest/mixed_10K_eu6,4b1e,10240,0/0
/spttest/mixed_10K_eu7,4b1f,10240,0/0
/spttest/mixed_10K_eu8,4b20,10240,0/0
/spttest/mixed_10K_eu9,4b21,10240,0/0
/spttest/mixed_10K_eua,4b22,10240,0/0
/spttest/mixed_10K_eub,4b23,10240,0/0
/spttest/mixed_10K_euc,4b24,10240,0/0
/spttest/mixed_10K_eud,4b25,10240,0/0
/spttest/mixed_10K_eue,4b26,10240,0/0
/spttest/mixed_10K_euf,4b27,10240,0/0
/spttest/mixed_10K_eug,4b28,10240,0/0
/spttest/mixed_10K_euh,4b29,10240,0/0
/spttest/mixed_10K_eui,4b2a,10240,0/0
/spttest/mixed_10K_euj,4b2b,10240,0/0
/spttest/mixed_10K_euk,4b2c,10240,0/0
/spttest/mixed_10K_eul,4b2d,10240,0/0
/spttest/mixed_10K_eum,4b2e,10240,0/0
/spttest/mixed_10K_eun,4b2f,10240,0/0
/spttest/mixed_10K_euo,4b30,10240,0/0
/spttest/mixed_10K_eup,4b31,10240,0/0
/spttest/mixed_10K_euq,4b32,10240,0/0
/spttest/mixed_10K_eur,4b33,10240,0/0
/spttest/mixed_10K_eus,4b34,10240,0/0
/spttest/mixed_10K_eut,4b35,10240,0/0
/spttest/mixed_10K_euu,4b36,10240,0/0
/spttest/mixed_10K_euv,4b37,10240,0/0
/spttest/mixed_10K_euw,4b38,10240,0/0
/spttest/mixed_10K_eux,4b39,10240,0/0
/spttest/mixed_10K_euy,4b3a,10240,0/0
/spttest/mixed_10K_euz,4b3b,10240,0/0
/spttest/mixed_10K_ev0,4b3c,10240,0/0
/spttest/mixed_10K_ev1,4b3d,10240,0/0
/spttest/mixed_10K_ev2,4b3e,10240,0/0
/spttest/mixed_10K_ev3,4b3f,10240,0/0
/spttest/mixed_10K_ev4,4b40,10240,0/0
/spttest/mixed_10K_ev5,4b41,10240,0/0
/spttest/mixed_10K_ev6,4b42,10240,0/0
/spttest/mixed_10K_ev7,4b43,10240,0/0
/spttest/mixed_10K_ev8,4b44,10240,0/0
/spttest/mixed_10K_ev9,4b45,10240,0/0
/spttest/mixed_10K_eva,4b46,10240,0/0
/spttest/mixed_10K_evb,4b47,10240,0/0
/spttest/mixed_10K_evc,4b48,10240,0/0
/spttest/mixed_10K_evd,4b49,10240,0/0
/spttest/mixed_10K_eve,4b4a,10240,0/0
/spttest/mixed_10K_evf,4b4b,10240,0/0
/spttest/mixed_10K_evg,4b4c,10240,0/0
/spttest/mixed_10K_evh,4b4d,10240,0/0
/spttest/mixed_10K_evi,4b4e,10240,0/0
/spttest/mixed_10K_evj,4b4f,10240,0/0
/spttest/mixed_10K_evk,4b50,10240,0/0
/spttest/mixed_10K_evl,4b51,10240,0/0
/spttest/mixed_10K_evm,4b52,10240,0/0
/spttest/mixed_10K_evn,4b53,10240,0/0
/spttest/mixed_10K_evo,4b54,10240,0/0
/spttest/mixed_10K_evp,4b55,10240,0/0
/spttest/mixed_10K_evq,4b56,10240,0/0
/spttest/mixed_10K_evr,4b57,10240,0/0
/spttest/mixed_10K_evs,4b58,10240,0/0
/spttest/mixed_10K_evt,4b59,10240,0/0
/spttest/mixed_10K_evu,4b5a,10240,0/0
/spttest/mixed_10K_evv,4b5b,10240,0/0
/spttest/mixed_10K_evw,4b5c,10240,0/0
/spttest/mixed_10K_evx,4b5d,10240,0/0
/spttest/mixed_10K_evy,4b5e,10240,0/0
/spttest/mixed_10K_evz,4b5f,10240,0/0
/spttest/mixed_10K_ew0,4b60,10240,0/0
/spttest/mixed_10K_ew1,4b61,10240,0/0
/spttest/mixed_10K_ew2,4b62,10240,0/0
/spttest/mixed_10K_ew3,4b63,10240,0/0
/spttest/mixed_10K_ew4,4b64,10240,0/0
/spttest/mixed_10K_ew5,4b65,10240,0/0
/spttest/mixed_10K_ew6,4b66,10240,0/0
/spttest/mixed_10K_ew7,4b67,10240,0/0
/spttest/mixed_10K_ew8,4b68,10240,0/0
/spttest/mixed_10K_ew9,4b69,10240,0/0
/spttest/mixed_10K_ewa,4b6a,10240,0/0
/spttest/mixed_10K_ewb,4b6b,10240,0/0
/spttest/mixed_10K_ewc,4b6c,10240,0/0
/spttest/mixed_10K_ewd,4b6d,10240,0/0
/spttest/mixed_10K_ewe,4b6e,10240,0/0
/spttest/mixed_10K_ewf,4b6f,10240,0/0
/spttest/mixed_10K_ewg,4b70,10240,0/0
/spttest/mixed_10K_ewh,4b71,10240,0/0
/spttest/mixed_10K_ewi,4b72,10240,0/0
/spttest/mixed_10K_ewj,4b73,10240,0/0
/spttest/mixed_10K_ewk,4b74,10240,0/0
/spttest/mixed_10K_ewl,4b75,10240,0/0
/spttest/mixed_10K_ewm,4b76,10240,0/0
/spttest/mixed_10K_ewn,4b77,10240,0/0
/spttest/mixed_10K_ewo,4b78,10240,0/0
/spttest/mixed_10K_ewp,4b79,10240,0/0
/spttest/mixed_10K_ewq,4b7a,10240,0/0
/spttest/mixed_10K_ewr,4b7b,10240,0/0
/spttest/mixed_10K_ews,4b7c,10240,0/0
/spttest/mixed_10K_ewt,4b7d,10240,0/0
/spttest/mixed_10K_ewu,4b7e,10240,0/0
/spttest/mixed_10K_ewv,4b7f,10240,0/0
/spttest/mixed_10K_eww,4b80,10240,0/0
/spttest/mixed_10K_ewx,4b81,10240,0/0
/spttest/mixed_10K_ewy,4b82,10240,0/0
/spttest/mixed_10K_ewz,4b83,10240,0/0
/spttest/mixed_10K_ex0,4b84,10240,0/0
/spttest/mixed_10K_ex1,4b85,10240,0/0
/spttest/mixed_10K_ex2,4b86,10240,0/0
/spttest/mixed_10K_ex3,4b87,10240,0/0
/spttest/mixed_10K_ex4,4b88,10240,0/0
/spttest/mixed_10K_ex5,4b89,10240,0/0
/spttest/mixed_10K_ex6,4b8a,10240,0/0
/spttest/mixed_10K_ex7,4b8b,10240,0/0
/spttest/mixed_10K_ex8,4b8c,10240,0/0
/spttest/mixed_10K_ex9,4b8d,10240,0/0
/spttest/mixed_10K_exa,4b8e,10240,0/0
/spttest/mixed_10K_exb,4b8f,10240,0/0
/spttest/mixed_10K_exc,4b90,10240,0/0
/spttest/mixed_10K_exd,4b91,10240,0/0
/spttest/mixed_10K_exe,4b92,10240,0/0
/spttest/mixed_10K_exf,4b93,10240,0/0
/spttest/mixed_10K_exg,4b94,10240,0/0
/spttest/mixed_10K_exh,4b95,10240,0/0
/spttest/mixed_10K_exi,4b96,10240,0/0
/spttest/mixed_10K_exj,4b97,10240,0/0
/spttest/mixed_10K_exk,4b98,10240,0/0
/spttest/mixed_10K_exl,4b99,10240,0/0
/spttest/mixed_10K_exm,4b9a,10240,0/0
/spttest/mixed_10K_exn,4b9b,10240,0/0
/spttest/mixed_10K_exo,4b9c,10240,0/0
/spttest/mixed_10K_exp,4b9d,10240,0/0
/spttest/mixed_10K_exq,4b9e,10240,0/0
/spttest/mixed_10K_exr,4b9f,10240,0/0
/spttest/mixed_10K_exs,4ba0,10240,0/0
/spttest/mixed_10K_ext,4ba1,10240,0/0
/spttest/mixed_10K_exu,4ba2,10240,0/0
/spttest/mixed_10K_exv,4ba3,10240,0/0
/spttest/mixed_10K_exw,4ba4,10240,0/0
/spttest/mixed_10K_exx,4ba5,10240,0/0
/spttest/mixed_10K_exy,4ba6,10240,0/0
/spttest/mixed_10K_exz,4ba7,10240,0/0
/spttest/mixed_10K_ey0,4ba8,10240,0/0
/spttest/mixed_10K_ey1,4ba9,10240,0/0
/spttest/mixed_10K_ey2,4baa,10240,0/0
/spttest/mixed_10K_ey3,4bab,10240,0/0
/spttest/mixed_10K_ey4,4bac,10240,0/0
/spttest/mixed_10K_ey5,4bad,10240,0/0
/spttest/mixed_10K_ey6,4bae,10240,0/0
/spttest/mixed_10K_ey7,4baf,10240,0/0
/spttest/mixed_10K_ey8,4bb0,10240,0/0
/spttest/mixed_10K_ey9,4bb1,10240,0/0
/spttest/mixed_10K_eya,4bb2,10240,0/0
/spttest/mixed_10K_eyb,4bb3,10240,0/0
/spttest/mixed_10K_eyc,4bb4,10240,0/0
/spttest/mixed_10K_eyd,4bb5,10240,0/0
/spttest/mixed_10K_eye,4bb6,10240,0/0
/spttest/mixed_10K_eyf,4bb7,10240,0/0
/spttest/mixed_10K_eyg,4bb8,10240,0/0
/spttest/mixed_10K_eyh,4bb9,10240,0/0
/spttest/mixed_10K_eyi,4bba,10240,0/0
/spttest/mixed_10K_eyj,4bbb,10240,0/0
/spttest/mixed_10K_eyk,4bbc,10240,0/0
/spttest/mixed_10K_eyl,4bbd,10240,0/0
/spttest/mixed_10K_eym,4bbe,10240,0/0
/spttest/mixed_10K_eyn,4bbf,10240,0/0
/spttest/mixed_10K_eyo,4bc0,10240,0/0
/spttest/mixed_10K_eyp,4bc1,10240,0/0
/spttest/mixed_10K_eyq,4bc2,10240,0/0
/spttest/mixed_10K_eyr,4bc3,10240,0/0
/spttest/mixed_10K_eys,4bc4,10240,0/0
/spttest/mixed_10K_eyt,4bc5,10240,0/0
/spttest/mixed_10K_eyu,4bc6,10240,0/0
/spttest/mixed_10K_eyv,4bc7,10240,0/0
/spttest/mixed_10K_eyw,4bc8,10240,0/0
/spttest/mixed_10K_eyx,4bc9,10240,0/0
/spttest/mixed_10K_eyy,4bca,10240,0/0
/spttest/mixed_10K_eyz,4bcb,10240,0/0
/spttest/mixed_10K_ez0,4bcc,10240,0/0
/spttest/mixed_10K_ez1,4bcd,10240,0/0
/spttest/mixed_10K_ez2,4bce,10240,0/0
/spttest/mixed_10K_ez3,4bcf,10240,0/0
/spttest/mixed_10K_ez4,4bd0,10240,0/0
/spttest/mixed_10K_ez5,4bd1,10240,0/0
/spttest/mixed_10K_ez6,4bd2,10240,0/0
/spttest/mixed_10K_ez7,4bd3,10240,0/0
/spttest/mixed_10K_ez8,4bd4,10240,0/0
/spttest/mixed_10K_ez9,4bd5,10240,0/0
/spttest/mixed_10K_eza,4bd6,10240,0/0
/spttest/mixed_10K_ezb,4bd7,10240,0/0
/spttest/mixed_10K_ezc,4bd8,10240,0/0
/spttest/mixed_10K_ezd,4bd9,10240,0/0
/spttest/mixed_10K_eze,4bda,10240,0/0
/spttest/mixed_10K_ezf,4bdb,10240,0/0
/spttest/mixed_10K_ezg,4bdc,10240,0/0
/spttest/mixed_10K_ezh,4bdd,10240,0/0
/spttest/mixed_10K_ezi,4bde,10240,0/0
/spttest/mixed_10K_ezj,4bdf,10240,0/0
/spttest/mixed_10K_ezk,4be0,10240,0/0
/spttest/mixed_10K_ezl,4be1,10240,0/0
/spttest/mixed_10K_ezm,4be2,10240,0/0
/spttest/mixed_10K_ezn,4be3,10240,0/0
/spttest/mixed_10K_ezo,4be4,10240,0/0
/spttest/mixed_10K_ezp,4be5,10240,0/0
/spttest/mixed_10K_ezq,4be6,10240,0/0
/spttest/mixed_10K_ezr,4be7,10240,0/0
/spttest/mixed_10K_ezs,4be8,10240,0/0
/spttest/mixed_10K_ezt,4be9,10240,0/0
/spttest/mixed_10K_ezu,4bea,10240,0/0
/spttest/mixed_10K_ezv,4beb,10240,0/0
/spttest/mixed_10K_ezw,4bec,10240,0/0
/spttest/mixed_10K_ezx,4bed,10240,0/0
/spttest/mixed_10K_ezy,4bee,10240,0/0
/spttest/mixed_10K_ezz,4bef,10240,0/0
/spttest/mixed_10K_f00,4bf0,10240,0/0
/spttest/mixed_10K_f01,4bf1,10240,0/0
/spttest/mixed_10K_f02,4bf2,10240,0/0
/spttest/mixed_10K_f03,4bf3,10240,0/0
/spttest/mixed_10K_f04,4bf4,10240,0/0
/spttest/mixed_10K_f05,4bf5,10240,0/0
/spttest/mixed_10K_f06,4bf6,10240,0/0
/spttest/mixed_10K_f07,4bf7,10240,0/0
/spttest/mixed_10K_f08,4bf8,10240,0/0
/spttest/mixed_10K_f09,4bf9,10240,0/0
/spttest/mixed_10K_f0a,4bfa,10240,0/0
/spttest/mixed_10K_f0b,4bfb,10240,0/0
/spttest/mixed_10K_f0c,4bfc,10240,0/0
/spttest/mixed_10K_f0d,4bfd,10240,0/0
/spttest/mixed_10K_f0e,4bfe,10240,0/0
/spttest/mixed_10K_f0f,4bff,10240,0/0
/spttest/mixed_10K_f0g,4c00,10240,0/0
/spttest/mixed_10K_f0h,4c01,10240,0/0
/spttest/mixed_10K_f0i,4c02,10240,0/0
/spttest/mixed_10K_f0j,4c03,10240,0/0
/spttest/mixed_10K_f0k,4c04,10240,0/0
/spttest/mixed_10K_f0l,4c05,10240,0/0
/spttest/mixed_10K_f0m,4c06,10240,0/0
/spttest/mixed_10K_f0n,4c07,10240,0/0
/spttest/mixed_10K_f0o,4c08,10240,0/0
/spttest/mixed_10K_f0p,4c09,10240,0/0
/spttest/mixed_10K_f0q,4c0a,10240,0/0
/spttest/mixed_10K_f0r,4c0b,10240,0/0
/spttest/mixed_10K_f0s,4c0c,10240,0/0
/spttest/mixed_10K_f0t,4c0d,10240,0/0
/spttest/mixed_10K_f0u,4c0e,10240,0/0
/spttest/mixed_10K_f0v,4c0f,10240,0/0
/spttest/mixed_10K_f0w,4c10,10240,0/0
/spttest/mixed_10K_f0x,4c11,10240,0/0
/spttest/mixed_10K_f0y,4c12,10240,0/0
/spttest/mixed_10K_f0z,4c13,10240,0/0
/spttest/mixed_10K_f10,4c14,10240,0/0
/spttest/mixed_10K_f11,4c15,10240,0/0
/spttest/mixed_10K_f12,4c16,10240,0/0
/spttest/mixed_10K_f13,4c17,10240,0/0
/spttest/mixed_10K_f14,4c18,10240,0/0
/spttest/mixed_10K_f15,4c19,10240,0/0
/spttest/mixed_10K_f16,4c1a,10240,0/0
/spttest/mixed_10K_f17,4c1b,10240,0/0
/spttest/mixed_10K_f18,4c1c,10240,0/0
/spttest/mixed_10K_f19,4c1d,10240,0/0
/spttest/mixed_10K_f1a,4c1e,10240,0/0
/spttest/mixed_10K_f1b,4c1f,10240,0/0
/spttest/mixed_10K_f1c,4c20,10240,0/0
/spttest/mixed_10K_f1d,4c21,10240,0/0
/spttest/mixed_10K_f1e,4c22,10240,0/0
/spttest/mixed_10K_f1f,4c23,10240,0/0
/spttest/mixed_10K_f1g,4c24,10240,0/0
/spttest/mixed_10K_f1h,4c25,10240,0/0
/spttest/mixed_10K_f1i,4c26,10240,0/0
/spttest/mixed_10K_f1j,4c27,10240,0/0
/spttest/mixed_10K_f1k,4c28,10240,0/0
/spttest/mixed_10K_f1l,4c29,10240,0/0
/spttest/mixed_10K_f1m,4c2a,10240,0/0
/spttest/mixed_10K_f1n,4c2b,10240,0/0
/spttest/mixed_10K_f1o,4c2c,10240,0/0
/spttest/mixed_10K_f1p,4c2d,10240,0/0
/spttest/mixed_10K_f1q,4c2e,10240,0/0
/spttest/mixed_10K_f1r,4c2f,10240,0/0
/spttest/mixed_10K_f1s,4c30,10240,0/0
/spttest/mixed_10K_f1t,4c31,10240,0/0
/spttest/mixed_10K_f1u,4c32,10240,0/0
/spttest/mixed_10K_f1v,4c33,10240,0/0
/spttest/mixed_10K_f1w,4c34,10240,0/0
/spttest/mixed_10K_f1x,4c35,10240,0/0
/spttest/mixed_10K_f1y,4c36,10240,0/0
/spttest/mixed_10K_f1z,4c37,10240,0/0
/spttest/mixed_10K_f20,4c38,10240,0/0
/spttest/mixed_10K_f21,4c39,10240,0/0
/spttest/mixed_10K_f22,4c3a,10240,0/0
/spttest/mixed_10K_f23,4c3b,10240,0/0
/spttest/mixed_10K_f24,4c3c,10240,0/0
/spttest/mixed_10K_f25,4c3d,10240,0/0
/spttest/mixed_10K_f26,4c3e,10240,0/0
/spttest/mixed_10K_f27,4c3f,10240,0/0
/spttest/mixed_10K_f28,4c40,10240,0/0
/spttest/mixed_10K_f29,4c41,10240,0/0
/spttest/mixed_10K_f2a,4c42,10240,0/0
/spttest/mixed_10K_f2b,4c43,10240,0/0
/spttest/mixed_10K_f2c,4c44,10240,0/0
/spttest/mixed_10K_f2d,4c45,10240,0/0
/spttest/mixed_10K_f2e,4c46,10240,0/0
/spttest/mixed_10K_f2f,4c47,10240,0/0
/spttest/mixed_10K_f2g,4c48,10240,0/0
/spttest/mixed_10K_f2h,4c49,10240,0/0
/spttest/mixed_10K_f2i,4c4a,10240,0/0
/spttest/mixed_10K_f2j,4c4b,10240,0/0
/spttest/mixed_10K_f2k,4c4c,10240,0/0
/spttest/mixed_10K_f2l,4c4d,10240,0/0
/spttest/mixed_10K_f2m,4c4e,10240,0/0
/spttest/mixed_10K_f2n,4c4f,10240,0/0
/spttest/mixed_10K_f2o,4c50,10240,0/0
/spttest/mixed_10K_f2p,4c51,10240,0/0
/spttest/mixed_10K_f2q,4c52,10240,0/0
/spttest/mixed_10K_f2r,4c53,10240,0/0
/spttest/mixed_10K_f2s,4c54,10240,0/0
/spttest/mixed_10K_f2t,4c55,10240,0/0
/spttest/mixed_10K_f2u,4c56,10240,0/0
/spttest/mixed_10K_f2v,4c57,10240,0/0
/spttest/mixed_10K_f2w,4c58,10240,0/0
/spttest/mixed_10K_f2x,4c59,10240,0/0
/spttest/mixed_10K_f2y,4c5a,10240,0/0
/spttest/mixed_10K_f2z,4c5b,10240,0/0
/spttest/mixed_10K_f30,4c5c,10240,0/0
/spttest/mixed_10K_f31,4c5d,10240,0/0
/spttest/mixed_10K_f32,4c5e,10240,0/0
/spttest/mixed_10K_f33,4c5f,10240,0/0
/spttest/mixed_10K_f34,4c60,10240,0/0
/spttest/mixed_10K_f35,4c61,10240,0/0
/spttest/mixed_10K_f36,4c62,10240,0/0
/spttest/mixed_10K_f37,4c63,10240,0/0
/spttest/mixed_10K_f38,4c64,10240,0/0
/spttest/mixed_10K_f39,4c65,10240,0/0
/spttest/mixed_10K_f3a,4c66,10240,0/0
/spttest/mixed_10K_f3b,4c67,10240,0/0
/spttest/mixed_10K_f3c,4c68,10240,0/0
/spttest/mixed_10K_f3d,4c69,10240,0/0
/spttest/mixed_10K_f3e,4c6a,10240,0/0
/spttest/mixed_10K_f3f,4c6b,10240,0/0
/spttest/mixed_10K_f3g,4c6c,10240,0/0
/spttest/mixed_10K_f3h,4c6d,10240,0/0
/spttest/mixed_10K_f3i,4c6e,10240,0/0
/spttest/mixed_10K_f3j,4c6f,10240,0/0
/spttest/mixed_10K_f3k,4c70,10240,0/0
/spttest/mixed_10K_f3l,4c71,10240,0/0
/spttest/mixed_10K_f3m,4c72,10240,0/0
/spttest/mixed_10K_f3n,4c73,10240,0/0
/spttest/mixed_10K_f3o,4c74,10240,0/0
/spttest/mixed_10K_f3p,4c75,10240,0/0
/spttest/mixed_10K_f3q,4c76,10240,0/0
/spttest/mixed_10K_f3r,4c77,10240,0/0
/spttest/mixed_10K_f3s,4c78,10240,0/0
/spttest/mixed_10K_f3t,4c79,10240,0/0
/spttest/mixed_10K_f3u,4c7a,10240,0/0
/spttest/mixed_10K_f3v,4c7b,10240,0/0
/spttest/mixed_10K_f3w,4c7c,10240,0/0
/spttest/mixed_10K_f3x,4c7d,10240,0/0
/spttest/mixed_10K_f3y,4c7e,10240,0/0
/spttest/mixed_10K_f3z,4c7f,10240,0/0
/spttest/mixed_10K_f40,4c80,10240,0/0
/spttest/mixed_10K_f41,4c81,10240,0/0
/spttest/mixed_10K_f42,4c82,10240,0/0
/spttest/mixed_10K_f43,4c83,10240,0/0
/spttest/mixed_10K_f44,4c84,10240,0/0
/spttest/mixed_10K_f45,4c85,10240,0/0
/spttest/mixed_10K_f46,4c86,10240,0/0
/spttest/mixed_10K_f47,4c87,10240,0/0
/spttest/mixed_10K_f48,4c88,10240,0/0
/spttest/mixed_10K_f49,4c89,10240,0/0
/spttest/mixed_10K_f4a,4c8a,10240,0/0
/spttest/mixed_10K_f4b,4c8b,10240,0/0
/spttest/mixed_10K_f4c,4c8c,10240,0/0
/spttest/mixed_10K_f4d,4c8d,10240,0/0
/spttest/mixed_10K_f4e,4c8e,10240,0/0
/spttest/mixed_10K_f4f,4c8f,10240,0/0
/spttest/mixed_10K_f4g,4c90,10240,0/0
/spttest/mixed_10K_f4h,4c91,10240,0/0
/spttest/mixed_10K_f4i,4c92,10240,0/0
/spttest/mixed_10K_f4j,4c93,10240,0/0
/spttest/mixed_10K_f4k,4c94,10240,0/0
/spttest/mixed_10K_f4l,4c95,10240,0/0
/spttest/mixed_10K_f4m,4c96,10240,0/0
/spttest/mixed_10K_f4n,4c97,10240,0/0
/spttest/mixed_10K_f4o,4c98,10240,0/0
/spttest/mixed_10K_f4p,4c99,10240,0/0
/spttest/mixed_10K_f4q,4c9a,10240,0/0
/spttest/mixed_10K_f4r,4c9b,10240,0/0
/spttest/mixed_10K_f4s,4c9c,10240,0/0
/spttest/mixed_10K_f4t,4c9d,10240,0/0
/spttest/mixed_10K_f4u,4c9e,10240,0/0
/spttest/mixed_10K_f4v,4c9f,10240,0/0
/spttest/mixed_10K_f4w,4ca0,10240,0/0
/spttest/mixed_10K_f4x,4ca1,10240,0/0
/spttest/mixed_10K_f4y,4ca2,10240,0/0
/spttest/mixed_10K_f4z,4ca3,10240,0/0
/spttest/mixed_10K_f50,4ca4,10240,0/0
/spttest/mixed_10K_f51,4ca5,10240,0/0
/spttest/mixed_10K_f52,4ca6,10240,0/0
/spttest/mixed_10K_f53,4ca7,10240,0/0
/spttest/mixed_10K_f54,4ca8,10240,0/0
/spttest/mixed_10K_f55,4ca9,10240,0/0
/spttest/mixed_10K_f56,4caa,10240,0/0
/spttest/mixed_10K_f57,4cab,10240,0/0
/spttest/mixed_10K_f58,4cac,10240,0/0
/spttest/mixed_10K_f59,4cad,10240,0/0
/spttest/mixed_10K_f5a,4cae,10240,0/0
/spttest/mixed_10K_f5b,4caf,10240,0/0
/spttest/mixed_10K_f5c,4cb0,10240,0/0
/spttest/mixed_10K_f5d,4cb1,10240,0/0
/spttest/mixed_10K_f5e,4cb2,10240,0/0
/spttest/mixed_10K_f5f,4cb3,10240,0/0
/spttest/mixed_10K_f5g,4cb4,10240,0/0
/spttest/mixed_10K_f5h,4cb5,10240,0/0
/spttest/mixed_10K_f5i,4cb6,10240,0/0
/spttest/mixed_10K_f5j,4cb7,10240,0/0
/spttest/mixed_10K_f5k,4cb8,10240,0/0
/spttest/mixed_10K_f5l,4cb9,10240,0/0
/spttest/mixed_10K_f5m,4cba,10240,0/0
/spttest/mixed_10K_f5n,4cbb,10240,0/0
/spttest/mixed_10K_f5o,4cbc,10240,0/0
/spttest/mixed_10K_f5p,4cbd,10240,0/0
/spttest/mixed_10K_f5q,4cbe,10240,0/0
/spttest/mixed_10K_f5r,4cbf,10240,0/0
/spttest/mixed_10K_f5s,4cc0,10240,0/0
/spttest/mixed_10K_f5t,4cc1,10240,0/0
/spttest/mixed_10K_f5u,4cc2,10240,0/0
/spttest/mixed_10K_f5v,4cc3,10240,0/0
/spttest/mixed_10K_f5w,4cc4,10240,0/0
/spttest/mixed_10K_f5x,4cc5,10240,0/0
/spttest/mixed_10K_f5y,4cc6,10240,0/0
/spttest/mixed_10K_f5z,4cc7,10240,0/0
/spttest/mixed_10K_f60,4cc8,10240,0/0
/spttest/mixed_10K_f61,4cc9,10240,0/0
/spttest/mixed_10K_f62,4cca,10240,0/0
/spttest/mixed_10K_f63,4ccb,10240,0/0
/spttest/mixed_10K_f64,4ccc,10240,0/0
/spttest/mixed_10K_f65,4ccd,10240,0/0
/spttest/mixed_10K_f66,4cce,10240,0/0
/spttest/mixed_10K_f67,4ccf,10240,0/0
/spttest/mixed_10K_f68,4cd0,10240,0/0
/spttest/mixed_10K_f69,4cd1,10240,0/0
/spttest/mixed_10K_f6a,4cd2,10240,0/0
/spttest/mixed_10K_f6b,4cd3,10240,0/0
/spttest/mixed_10K_f6c,4cd4,10240,0/0
/spttest/mixed_10K_f6d,4cd5,10240,0/0
/spttest/mixed_10K_f6e,4cd6,10240,0/0
/spttest/mixed_10K_f6f,4cd7,10240,0/0
/spttest/mixed_10K_f6g,4cd8,10240,0/0
/spttest/mixed_10K_f6h,4cd9,10240,0/0
/spttest/mixed_10K_f6i,4cda,10240,0/0
/spttest/mixed_10K_f6j,4cdb,10240,0/0
/spttest/mixed_10K_f6k,4cdc,10240,0/0
/spttest/mixed_10K_f6l,4cdd,10240,0/0
/spttest/mixed_10K_f6m,4cde,10240,0/0
/spttest/mixed_10K_f6n,4cdf,10240,0/0
/spttest/mixed_10K_f6o,4ce0,10240,0/0
/spttest/mixed_10K_f6p,4ce1,10240,0/0
/spttest/mixed_10K_f6q,4ce2,10240,0/0
/spttest/mixed_10K_f6r,4ce3,10240,0/0
/spttest/mixed_10K_f6s,4ce4,10240,0/0
/spttest/mixed_10K_f6t,4ce5,10240,0/0
/spttest/mixed_10K_f6u,4ce6,10240,0/0
/spttest/mixed_10K_f6v,4ce7,10240,0/0
/spttest/mixed_10K_f6w,4ce8,10240,0/0
/spttest/mixed_10K_f6x,4ce9,10240,0/0
/spttest/mixed_10K_f6y,4cea,10240,0/0
/spttest/mixed_10K_f6z,4ceb,10240,0/0
/spttest/mixed_10K_f70,4cec,10240,0/0
/spttest/mixed_10K_f71,4ced,10240,0/0
/spttest/mixed_10K_f72,4cee,10240,0/0
/spttest/mixed_10K_f73,4cef,10240,0/0
/spttest/mixed_10K_f74,4cf0,10240,0/0
/spttest/mixed_10K_f75,4cf1,10240,0/0
/spttest/mixed_10K_f76,4cf2,10240,0/0
/spttest/mixed_10K_f77,4cf3,10240,0/0
/spttest/mixed_10K_f78,4cf4,10240,0/0
/spttest/mixed_10K_f79,4cf5,10240,0/0
/spttest/mixed_10K_f7a,4cf6,10240,0/0
/spttest/mixed_10K_f7b,4cf7,10240,0/0
/spttest/mixed_10K_f7c,4cf8,10240,0/0
/spttest/mixed_10K_f7d,4cf9,10240,0/0
/spttest/mixed_10K_f7e,4cfa,10240,0/0
/spttest/mixed_10K_f7f,4cfb,10240,0/0
/spttest/mixed_10K_f7g,4cfc,10240,0/0
/spttest/mixed_10K_f7h,4cfd,10240,0/0
/spttest/mixed_10K_f7i,4cfe,10240,0/0
/spttest/mixed_10K_f7j,4cff,10240,0/0
/spttest/mixed_10K_f7k,4d00,10240,0/0
/spttest/mixed_10K_f7l,4d01,10240,0/0
/spttest/mixed_10K_f7m,4d02,10240,0/0
/spttest/mixed_10K_f7n,4d03,10240,0/0
/spttest/mixed_10K_f7o,4d04,10240,0/0
/spttest/mixed_10K_f7p,4d05,10240,0/0
/spttest/mixed_10K_f7q,4d06,10240,0/0
/spttest/mixed_10K_f7r,4d07,10240,0/0
/spttest/mixed_10K_f7s,4d08,10240,0/0
/spttest/mixed_10K_f7t,4d09,10240,0/0
/spttest/mixed_10K_f7u,4d0a,10240,0/0
/spttest/mixed_10K_f7v,4d0b,10240,0/0
/spttest/mixed_10K_f7w,4d0c,10240,0/0
/spttest/mixed_10K_f7x,4d0d,10240,0/0
/spttest/mixed_10K_f7y,4d0e,10240,0/0
/spttest/mixed_10K_f7z,4d0f,10240,0/0
/spttest/mixed_10K_f80,4d10,10240,0/0
/spttest/mixed_10K_f81,4d11,10240,0/0
/spttest/mixed_10K_f82,4d12,10240,0/0
/spttest/mixed_10K_f83,4d13,10240,0/0
/spttest/mixed_10K_f84,4d14,10240,0/0
/spttest/mixed_10K_f85,4d15,10240,0/0
/spttest/mixed_10K_f86,4d16,10240,0/0
/spttest/mixed_10K_f87,4d17,10240,0/0
/spttest/mixed_10K_f88,4d18,10240,0/0
/spttest/mixed_10K_f89,4d19,10240,0/0
/spttest/mixed_10K_f8a,4d1a,10240,0/0
/spttest/mixed_10K_f8b,4d1b,10240,0/0
/spttest/mixed_10K_f8c,4d1c,10240,0/0
/spttest/mixed_10K_f8d,4d1d,10240,0/0
/spttest/mixed_10K_f8e,4d1e,10240,0/0
/spttest/mixed_10K_f8f,4d1f,10240,0/0
/spttest/mixed_10K_f8g,4d20,10240,0/0
/spttest/mixed_10K_f8h,4d21,10240,0/0
/spttest/mixed_10K_f8i,4d22,10240,0/0
/spttest/mixed_10K_f8j,4d23,10240,0/0
/spttest/mixed_10K_f8k,4d24,10240,0/0
/spttest/mixed_10K_f8l,4d25,10240,0/0
/spttest/mixed_10K_f8m,4d26,10240,0/0
/spttest/mixed_10K_f8n,4d27,10240,0/0
/spttest/mixed_10K_f8o,4d28,10240,0/0
/spttest/mixed_10K_f8p,4d29,10240,0/0
/spttest/mixed_10K_f8q,4d2a,10240,0/0
/spttest/mixed_10K_f8r,4d2b,10240,0/0
/spttest/mixed_10K_f8s,4d2c,10240,0/0
/spttest/mixed_10K_f8t,4d2d,10240,0/0
/spttest/mixed_10K_f8u,4d2e,10240,0/0
/spttest/mixed_10K_f8v,4d2f,10240,0/0
/spttest/mixed_10K_f8w,4d30,10240,0/0
/spttest/mixed_10K_f8x,4d31,10240,0/0
/spttest/mixed_10K_f8y,4d32,10240,0/0
/spttest/mixed_10K_f8z,4d33,10240,0/0
/spttest/mixed_10K_f90,4d34,10240,0/0
/spttest/mixed_10K_f91,4d35,10240,0/0
/spttest/mixed_10K_f92,4d36,10240,0/0
/spttest/mixed_10K_f93,4d37,10240,0/0
/spttest/mixed_10K_f94,4d38,10240,0/0
/spttest/mixed_10K_f95,4d39,10240,0/0
/spttest/mixed_10K_f96,4d3a,10240,0/0
/spttest/mixed_10K_f97,4d3b,10240,0/0
/spttest/mixed_10K_f98,4d3c,10240,0/0
/spttest/mixed_10K_f99,4d3d,10240,0/0
/spttest/mixed_10K_f9a,4d3e,10240,0/0
/spttest/mixed_10K_f9b,4d3f,10240,0/0
/spttest/mixed_10K_f9c,4d40,10240,0/0
/spttest/mixed_10K_f9d,4d41,10240,0/0
/spttest/mixed_10K_f9e,4d42,10240,0/0
/spttest/mixed_10K_f9f,4d43,10240,0/0
/spttest/mixed_10K_f9g,4d44,10240,0/0
/spttest/mixed_10K_f9h,4d45,10240,0/0
/spttest/mixed_10K_f9i,4d46,10240,0/0
/spttest/mixed_10K_f9j,4d47,10240,0/0
/spttest/mixed_10K_f9k,4d48,10240,0/0
/spttest/mixed_10K_f9l,4d49,10240,0/0
/spttest/mixed_10K_f9m,4d4a,10240,0/0
/spttest/mixed_10K_f9n,4d4b,10240,0/0
/spttest/mixed_10K_f9o,4d4c,10240,0/0
/spttest/mixed_10K_f9p,4d4d,10240,0/0
/spttest/mixed_10K_f9q,4d4e,10240,0/0
/spttest/mixed_10K_f9r,4d4f,10240,0/0
/spttest/mixed_10K_f9s,4d50,10240,0/0
/spttest/mixed_10K_f9t,4d51,10240,0/0
/spttest/mixed_10K_f9u,4d52,10240,0/0
/spttest/mixed_10K_f9v,4d53,10240,0/0
/spttest/mixed_10K_f9w,4d54,10240,0/0
/spttest/mixed_10K_f9x,4d55,10240,0/0
/spttest/mixed_10K_f9y,4d56,10240,0/0
/spttest/mixed_10K_f9z,4d57,10240,0/0
/spttest/mixed_10K_fa0,4d58,10240,0/0
/spttest/mixed_10K_fa1,4d59,10240,0/0
/spttest/mixed_10K_fa2,4d5a,10240,0/0
/spttest/mixed_10K_fa3,4d5b,10240,0/0
/spttest/mixed_10K_fa4,4d5c,10240,0/0
/spttest/mixed_10K_fa5,4d5d,10240,0/0
/spttest/mixed_10K_fa6,4d5e,10240,0/0
/spttest/mixed_10K_fa7,4d5f,10240,0/0
/spttest/mixed_10K_fa8,4d60,10240,0/0
/spttest/mixed_10K_fa9,4d61,10240,0/0
/spttest/mixed_10K_faa,4d62,10240,0/0
/spttest/mixed_10K_fab,4d63,10240,0/0
/spttest/mixed_10K_fac,4d64,10240,0/0
/spttest/mixed_10K_fad,4d65,10240,0/0
/spttest/mixed_10K_fae,4d66,10240,0/0
/spttest/mixed_10K_faf,4d67,10240,0/0
/spttest/mixed_10K_fag,4d68,10240,0/0
/spttest/mixed_10K_fah,4d69,10240,0/0
/spttest/mixed_10K_fai,4d6a,10240,0/0
/spttest/mixed_10K_faj,4d6b,10240,0/0
/spttest/mixed_10K_fak,4d6c,10240,0/0
/spttest/mixed_10K_fal,4d6d,10240,0/0
/spttest/mixed_10K_fam,4d6e,10240,0/0
/spttest/mixed_10K_fan,4d6f,10240,0/0
/spttest/mixed_10K_fao,4d70,10240,0/0
/spttest/mixed_10K_fap,4d71,10240,0/0
/spttest/mixed_10K_faq,4d72,10240,0/0
/spttest/mixed_10K_far,4d73,10240,0/0
/spttest/mixed_10K_fas,4d74,10240,0/0
/spttest/mixed_10K_fat,4d75,10240,0/0
/spttest/mixed_10K_fau,4d76,10240,0/0
/spttest/mixed_10K_fav,4d77,10240,0/0
/spttest/mixed_10K_faw,4d78,10240,0/0
/spttest/mixed_10K_fax,4d79,10240,0/0
/spttest/mixed_10K_fay,4d7a,10240,0/0
/spttest/mixed_10K_faz,4d7b,10240,0/0
/spttest/mixed_10K_fb0,4d7c,10240,0/0
/spttest/mixed_10K_fb1,4d7d,10240,0/0
/spttest/mixed_10K_fb2,4d7e,10240,0/0
/spttest/mixed_10K_fb3,4d7f,10240,0/0
/spttest/mixed_10K_fb4,4d80,10240,0/0
/spttest/mixed_10K_fb5,4d81,10240,0/0
/spttest/mixed_10K_fb6,4d82,10240,0/0
/spttest/mixed_10K_fb7,4d83,10240,0/0
/spttest/mixed_10K_fb8,4d84,10240,0/0
/spttest/mixed_10K_fb9,4d85,10240,0/0
/spttest/mixed_10K_fba,4d86,10240,0/0
/spttest/mixed_10K_fbb,4d87,10240,0/0
/spttest/mixed_10K_fbc,4d88,10240,0/0
/spttest/mixed_10K_fbd,4d89,10240,0/0
/spttest/mixed_10K_fbe,4d8a,10240,0/0
/spttest/mixed_10K_fbf,4d8b,10240,0/0
/spttest/mixed_10K_fbg,4d8c,10240,0/0
/spttest/mixed_10K_fbh,4d8d,10240,0/0
/spttest/mixed_10K_fbi,4d8e,10240,0/0
/spttest/mixed_10K_fbj,4d8f,10240,0/0
/spttest/mixed_10K_fbk,4d90,10240,0/0
/spttest/mixed_10K_fbl,4d91,10240,0/0
/spttest/mixed_10K_fbm,4d92,10240,0/0
/spttest/mixed_10K_fbn,4d93,10240,0/0
/spttest/mixed_10K_fbo,4d94,10240,0/0
/spttest/mixed_10K_fbp,4d95,10240,0/0
/spttest/mixed_10K_fbq,4d96,10240,0/0
/spttest/mixed_10K_fbr,4d97,10240,0/0
/spttest/mixed_10K_fbs,4d98,10240,0/0
/spttest/mixed_10K_fbt,4d99,10240,0/0
/spttest/mixed_10K_fbu,4d9a,10240,0/0
/spttest/mixed_10K_fbv,4d9b,10240,0/0
/spttest/mixed_10K_fbw,4d9c,10240,0/0
/spttest/mixed_10K_fbx,4d9d,10240,0/0
/spttest/mixed_10K_fby,4d9e,10240,0/0
/spttest/mixed_10K_fbz,4d9f,10240,0/0
/spttest/mixed_10K_fc0,4da0,10240,0/0
/spttest/mixed_10K_fc1,4da1,10240,0/0
/spttest/mixed_10K_fc2,4da2,10240,0/0
/spttest/mixed_10K_fc3,4da3,10240,0/0
/spttest/mixed_10K_fc4,4da4,10240,0/0
/spttest/mixed_10K_fc5,4da5,10240,0/0
/spttest/mixed_10K_fc6,4da6,10240,0/0
/spttest/mixed_10K_fc7,4da7,10240,0/0
/spttest/mixed_10K_fc8,4da8,10240,0/0
/spttest/mixed_10K_fc9,4da9,10240,0/0
/spttest/mixed_10K_fca,4daa,10240,0/0
/spttest/mixed_10K_fcb,4dab,10240,0/0
/spttest/mixed_10K_fcc,4dac,10240,0/0
/spttest/mixed_10K_fcd,4dad,10240,0/0
/spttest/mixed_10K_fce,4dae,10240,0/0
/spttest/mixed_10K_fcf,4daf,10240,0/0
/spttest/mixed_10K_fcg,4db0,10240,0/0
/spttest/mixed_10K_fch,4db1,10240,0/0
/spttest/mixed_10K_fci,4db2,10240,0/0
/spttest/mixed_10K_fcj,4db3,10240,0/0
/spttest/mixed_10K_fck,4db4,10240,0/0
/spttest/mixed_10K_fcl,4db5,10240,0/0
/spttest/mixed_10K_fcm,4db6,10240,0/0
/spttest/mixed_10K_fcn,4db7,10240,0/0
/spttest/mixed_10K_fco,4db8,10240,0/0
/spttest/mixed_10K_fcp,4db9,10240,0/0
/spttest/mixed_10K_fcq,4dba,10240,0/0
/spttest/mixed_10K_fcr,4dbb,10240,0/0
/spttest/mixed_10K_fcs,4dbc,10240,0/0
/spttest/mixed_10K_fct,4dbd,10240,0/0
/spttest/mixed_10K_fcu,4dbe,10240,0/0
/spttest/mixed_10K_fcv,4dbf,10240,0/0
/spttest/mixed_10K_fcw,4dc0,10240,0/0
/spttest/mixed_10K_fcx,4dc1,10240,0/0
/spttest/mixed_10K_fcy,4dc2,10240,0/0
/spttest/mixed_10K_fcz,4dc3,10240,0/0
/spttest/mixed_10K_fd0,4dc4,10240,0/0
/spttest/mixed_10K_fd1,4dc5,10240,0/0
/spttest/mixed_10K_fd2,4dc6,10240,0/0
/spttest/mixed_10K_fd3,4dc7,10240,0/0
/spttest/mixed_10K_fd4,4dc8,10240,0/0
/spttest/mixed_10K_fd5,4dc9,10240,0/0
/spttest/mixed_10K_fd6,4dca,10240,0/0
/spttest/mixed_10K_fd7,4dcb,10240,0/0
/spttest/mixed_10K_fd8,4dcc,10240,0/0
/spttest/mixed_10K_fd9,4dcd,10240,0/0
/spttest/mixed_10K_fda,4dce,10240,0/0
/spttest/mixed_10K_fdb,4dcf,10240,0/0
/spttest/mixed_10K_fdc,4dd0,10240,0/0
/spttest/mixed_10K_fdd,4dd1,10240,0/0
/spttest/mixed_10K_fde,4dd2,10240,0/0
/spttest/mixed_10K_fdf,4dd3,10240,0/0
/spttest/mixed_10K_fdg,4dd4,10240,0/0
/spttest/mixed_10K_fdh,4dd5,10240,0/0
/spttest/mixed_10K_fdi,4dd6,10240,0/0
/spttest/mixed_10K_fdj,4dd7,10240,0/0
/spttest/mixed_10K_fdk,4dd8,10240,0/0
/spttest/mixed_10K_fdl,4dd9,10240,0/0
/spttest/mixed_10K_fdm,4dda,10240,0/0
/spttest/mixed_10K_fdn,4ddb,10240,0/0
/spttest/mixed_10K_fdo,4ddc,10240,0/0
/spttest/mixed_10K_fdp,4ddd,10240,0/0
/spttest/mixed_10K_fdq,4dde,10240,0/0
/spttest/mixed_10K_fdr,4ddf,10240,0/0
/spttest/mixed_10K_fds,4de0,10240,0/0
/spttest/mixed_10K_fdt,4de1,10240,0/0
/spttest/mixed_10K_fdu,4de2,10240,0/0
/spttest/mixed_10K_fdv,4de3,10240,0/0
/spttest/mixed_10K_fdw,4de4,10240,0/0
/spttest/mixed_10K_fdx,4de5,10240,0/0
/spttest/mixed_10K_fdy,4de6,10240,0/0
/spttest/mixed_10K_fdz,4de7,10240,0/0
/spttest/mixed_10K_fe0,4de8,10240,0/0
/spttest/mixed_10K_fe1,4de9,10240,0/0
/spttest/mixed_10K_fe2,4dea,10240,0/0
/spttest/mixed_10K_fe3,4deb,10240,0/0
/spttest/mixed_10K_fe4,4dec,10240,0/0
/spttest/mixed_10K_fe5,4ded,10240,0/0
/spttest/mixed_10K_fe6,4dee,10240,0/0
/spttest/mixed_10K_fe7,4def,10240,0/0
/spttest/mixed_10K_fe8,4df0,10240,0/0
/spttest/mixed_10K_fe9,4df1,10240,0/0
/spttest/mixed_10K_fea,4df2,10240,0/0
/spttest/mixed_10K_feb,4df3,10240,0/0
/spttest/mixed_10K_fec,4df4,10240,0/0
/spttest/mixed_10K_fed,4df5,10240,0/0
/spttest/mixed_10K_fee,4df6,10240,0/0
/spttest/mixed_10K_fef,4df7,10240,0/0
/spttest/mixed_10K_feg,4df8,10240,0/0
/spttest/mixed_10K_feh,4df9,10240,0/0
/spttest/mixed_10K_fei,4dfa,10240,0/0
/spttest/mixed_10K_fej,4dfb,10240,0/0
/spttest/mixed_10K_fek,4dfc,10240,0/0
/spttest/mixed_10K_fel,4dfd,10240,0/0
/spttest/mixed_10K_fem,4dfe,10240,0/0
/spttest/mixed_10K_fen,4dff,10240,0/0
/spttest/mixed_10K_feo,4e00,10240,0/0
/spttest/mixed_10K_fep,4e01,10240,0/0
/spttest/mixed_10K_feq,4e02,10240,0/0
/spttest/mixed_10K_fer,4e03,10240,0/0
/spttest/mixed_10K_fes,4e04,10240,0/0
/spttest/mixed_10K_fet,4e05,10240,0/0
/spttest/mixed_10K_feu,4e06,10240,0/0
/spttest/mixed_10K_fev,4e07,10240,0/0
/spttest/mixed_10K_few,4e08,10240,0/0
/spttest/mixed_10K_fex,4e09,10240,0/0
/spttest/mixed_10K_fey,4e0a,10240,0/0
/spttest/mixed_10K_fez,4e0b,10240,0/0
/spttest/mixed_10K_ff0,4e0c,10240,0/0
/spttest/mixed_10K_ff1,4e0d,10240,0/0
/spttest/mixed_10K_ff2,4e0e,10240,0/0
/spttest/mixed_10K_ff3,4e0f,10240,0/0
/spttest/mixed_10K_ff4,4e10,10240,0/0
/spttest/mixed_10K_ff5,4e11,10240,0/0
/spttest/mixed_10K_ff6,4e12,10240,0/0
/spttest/mixed_10K_ff7,4e13,10240,0/0
/spttest/mixed_10K_ff8,4e14,10240,0/0
/spttest/mixed_10K_ff9,4e15,10240,0/0
/spttest/mixed_10K_ffa,4e16,10240,0/0
/spttest/mixed_10K_ffb,4e17,10240,0/0
/spttest/mixed_10K_ffc,4e18,10240,0/0
/spttest/mixed_10K_ffd,4e19,10240,0/0
/spttest/mixed_10K_ffe,4e1a,10240,0/0
/spttest/mixed_10K_fff,4e1b,10240,0/0
/spttest/mixed_10K_ffg,4e1c,10240,0/0
/spttest/mixed_10K_ffh,4e1d,10240,0/0
/spttest/mixed_10K_ffi,4e1e,10240,0/0
/spttest/mixed_10K_ffj,4e1f,10240,0/0
/spttest/mixed_10K_ffk,4e20,10240,0/0
/spttest/mixed_10K_ffl,4e21,10240,0/0
/spttest/mixed_10K_ffm,4e22,10240,0/0
/spttest/mixed_10K_ffn,4e23,10240,0/0
/spttest/mixed_10K_ffo,4e24,10240,0/0
/spttest/mixed_10K_ffp,4e25,10240,0/0
/spttest/mixed_10K_ffq,4e26,10240,0/0
/spttest/mixed_10K_ffr,4e27,10240,0/0
/spttest/mixed_10K_ffs,4e28,10240,0/0
/spttest/mixed_10K_fft,4e29,10240,0/0
/spttest/mixed_10K_ffu,4e2a,10240,0/0
/spttest/mixed_10K_ffv,4e2b,10240,0/0
/spttest/mixed_10K_ffw,4e2c,10240,0/0
/spttest/mixed_10K_ffx,4e2d,10240,0/0
/spttest/mixed_10K_ffy,4e2e,10240,0/0
/spttest/mixed_10K_ffz,4e2f,10240,0/0
/spttest/mixed_10K_fg0,4e30,10240,0/0
/spttest/mixed_10K_fg1,4e31,10240,0/0
/spttest/mixed_10K_fg2,4e32,10240,0/0
/spttest/mixed_10K_fg3,4e33,10240,0/0
/spttest/mixed_10K_fg4,4e34,10240,0/0
/spttest/mixed_10K_fg5,4e35,10240,0/0
/spttest/mixed_10K_fg6,4e36,10240,0/0
/spttest/mixed_10K_fg7,4e37,10240,0/0
/spttest/mixed_10K_fg8,4e38,10240,0/0
/spttest/mixed_10K_fg9,4e39,10240,0/0
/spttest/mixed_10K_fga,4e3a,10240,0/0
/spttest/mixed_10K_fgb,4e3b,10240,0/0
/spttest/mixed_10K_fgc,4e3c,10240,0/0
/spttest/mixed_10K_fgd,4e3d,10240,0/0
/spttest/mixed_10K_fge,4e3e,10240,0/0
/spttest/mixed_10K_fgf,4e3f,10240,0/0
/spttest/mixed_10K_fgg,4e40,10240,0/0
/spttest/mixed_10K_fgh,4e41,10240,0/0
/spttest/mixed_10K_fgi,4e42,10240,0/0
/spttest/mixed_10K_fgj,4e43,10240,0/0
/spttest/mixed_10K_fgk,4e44,10240,0/0
/spttest/mixed_10K_fgl,4e45,10240,0/0
/spttest/mixed_10K_fgm,4e46,10240,0/0
/spttest/mixed_10K_fgn,4e47,10240,0/0
/spttest/mixed_10K_fgo,4e48,10240,0/0
/spttest/mixed_10K_fgp,4e49,10240,0/0
/spttest/mixed_10K_fgq,4e4a,10240,0/0
/spttest/mixed_10K_fgr,4e4b,10240,0/0
/spttest/mixed_10K_fgs,4e4c,10240,0/0
/spttest/mixed_10K_fgt,4e4d,10240,0/0
/spttest/mixed_10K_fgu,4e4e,10240,0/0
/spttest/mixed_10K_fgv,4e4f,10240,0/0
/spttest/mixed_10K_fgw,4e50,10240,0/0
/spttest/mixed_10K_fgx,4e51,10240,0/0
/spttest/mixed_10K_fgy,4e52,10240,0/0
/spttest/mixed_10K_fgz,4e53,10240,0/0
/spttest/mixed_10K_fh0,4e54,10240,0/0
/spttest/mixed_10K_fh1,4e55,10240,0/0
/spttest/mixed_10K_fh2,4e56,10240,0/0
/spttest/mixed_10K_fh3,4e57,10240,0/0
/spttest/mixed_10K_fh4,4e58,10240,0/0
/spttest/mixed_10K_fh5,4e59,10240,0/0
/spttest/mixed_10K_fh6,4e5a,10240,0/0
/spttest/mixed_10K_fh7,4e5b,10240,0/0
/spttest/mixed_10K_fh8,4e5c,10240,0/0
/spttest/mixed_10K_fh9,4e5d,10240,0/0
/spttest/mixed_10K_fha,4e5e,10240,0/0
/spttest/mixed_10K_fhb,4e5f,10240,0/0
/spttest/mixed_10K_fhc,4e60,10240,0/0
/spttest/mixed_10K_fhd,4e61,10240,0/0
/spttest/mixed_10K_fhe,4e62,10240,0/0
/spttest/mixed_10K_fhf,4e63,10240,0/0
/spttest/mixed_10K_fhg,4e64,10240,0/0
/spttest/mixed_10K_fhh,4e65,10240,0/0
/spttest/mixed_10K_fhi,4e66,10240,0/0
/spttest/mixed_10K_fhj,4e67,10240,0/0
/spttest/mixed_10K_fhk,4e68,10240,0/0
/spttest/mixed_10K_fhl,4e69,10240,0/0
/spttest/mixed_10K_fhm,4e6a,10240,0/0
/spttest/mixed_10K_fhn,4e6b,10240,0/0
/spttest/mixed_10K_fho,4e6c,10240,0/0
/spttest/mixed_10K_fhp,4e6d,10240,0/0
/spttest/mixed_10K_fhq,4e6e,10240,0/0
/spttest/mixed_10K_fhr,4e6f,10240,0/0
/spttest/mixed_10K_fhs,4e70,10240,0/0
/spttest/mixed_10K_fht,4e71,10240,0/0
/spttest/mixed_10K_fhu,4e72,10240,0/0
/spttest/mixed_10K_fhv,4e73,10240,0/0
/spttest/mixed_10K_fhw,4e74,10240,0/0
/spttest/mixed_10K_fhx,4e75,10240,0/0
/spttest/mixed_10K_fhy,4e76,10240,0/0
/spttest/mixed_10K_fhz,4e77,10240,0/0
/spttest/mixed_10K_fi0,4e78,10240,0/0
/spttest/mixed_10K_fi1,4e79,10240,0/0
/spttest/mixed_10K_fi2,4e7a,10240,0/0
/spttest/mixed_10K_fi3,4e7b,10240,0/0
/spttest/mixed_10K_fi4,4e7c,10240,0/0
/spttest/mixed_10K_fi5,4e7d,10240,0/0
/spttest/mixed_10K_fi6,4e7e,10240,0/0
/spttest/mixed_10K_fi7,4e7f,10240,0/0
/spttest/mixed_10K_fi8,4e80,10240,0/0
/spttest/mixed_10K_fi9,4e81,10240,0/0
/spttest/mixed_10K_fia,4e82,10240,0/0
/spttest/mixed_10K_fib,4e83,10240,0/0
/spttest/mixed_10K_fic,4e84,10240,0/0
/spttest/mixed_10K_fid,4e85,10240,0/0
/spttest/mixed_10K_fie,4e86,10240,0/0
/spttest/mixed_10K_fif,4e87,10240,0/0
/spttest/mixed_10K_fig,4e88,10240,0/0
/spttest/mixed_10K_fih,4e89,10240,0/0
/spttest/mixed_10K_fii,4e8a,10240,0/0
/spttest/mixed_10K_fij,4e8b,10240,0/0
/spttest/mixed_10K_fik,4e8c,10240,0/0
/spttest/mixed_10K_fil,4e8d,10240,0/0
/spttest/mixed_10K_fim,4e8e,10240,0/0
/spttest/mixed_10K_fin,4e8f,10240,0/0
/spttest/mixed_10K_fio,4e90,10240,0/0
/spttest/mixed_10K_fip,4e91,10240,0/0
/spttest/mixed_10K_fiq,4e92,10240,0/0
/spttest/mixed_10K_fir,4e93,10240,0/0
/spttest/mixed_10K_fis,4e94,10240,0/0
/spttest/mixed_10K_fit,4e95,10240,0/0
/spttest/mixed_10K_fiu,4e96,10240,0/0
/spttest/mixed_10K_fiv,4e97,10240,0/0
/spttest/mixed_10K_fiw,4e98,10240,0/0
/spttest/mixed_10K_fix,4e99,10240,0/0
/spttest/mixed_10K_fiy,4e9a,10240,0/0
/spttest/mixed_10K_fiz,4e9b,10240,0/0
/spttest/mixed_10K_fj0,4e9c,10240,0/0
/spttest/mixed_10K_fj1,4e9d,10240,0/0
/spttest/mixed_10K_fj2,4e9e,10240,0/0
/spttest/mixed_10K_fj3,4e9f,10240,0/0
/spttest/mixed_10K_fj4,4ea0,10240,0/0
/spttest/mixed_10K_fj5,4ea1,10240,0/0
/spttest/mixed_10K_fj6,4ea2,10240,0/0
/spttest/mixed_10K_fj7,4ea3,10240,0/0
/spttest/mixed_10K_fj8,4ea4,10240,0/0
/spttest/mixed_10K_fj9,4ea5,10240,0/0
/spttest/mixed_10K_fja,4ea6,10240,0/0
/spttest/mixed_10K_fjb,4ea7,10240,0/0
/spttest/mixed_10K_fjc,4ea8,10240,0/0
/spttest/mixed_10K_fjd,4ea9,10240,0/0
/spttest/mixed_10K_fje,4eaa,10240,0/0
/spttest/mixed_10K_fjf,4eab,10240,0/0
/spttest/mixed_10K_fjg,4eac,10240,0/0
/spttest/mixed_10K_fjh,4ead,10240,0/0
/spttest/mixed_10K_fji,4eae,10240,0/0
/spttest/mixed_10K_fjj,4eaf,10240,0/0
/spttest/mixed_10K_fjk,4eb0,10240,0/0
/spttest/mixed_10K_fjl,4eb1,10240,0/0
/spttest/mixed_10K_fjm,4eb2,10240,0/0
/spttest/mixed_10K_fjn,4eb3,10240,0/0
/spttest/mixed_10K_fjo,4eb4,10240,0/0
/spttest/mixed_10K_fjp,4eb5,10240,0/0
/spttest/mixed_10K_fjq,4eb6,10240,0/0
/spttest/mixed_10K_fjr,4eb7,10240,0/0
/spttest/mixed_10K_fjs,4eb8,10240,0/0
/spttest/mixed_10K_fjt,4eb9,10240,0/0
/spttest/mixed_10K_fju,4eba,10240,0/0
/spttest/mixed_10K_fjv,4ebb,10240,0/0
/spttest/mixed_10K_fjw,4ebc,10240,0/0
/spttest/mixed_10K_fjx,4ebd,10240,0/0
/spttest/mixed_10K_fjy,4ebe,10240,0/0
/spttest/mixed_10K_fjz,4ebf,10240,0/0
/spttest/mixed_10K_fk0,4ec0,10240,0/0
/spttest/mixed_10K_fk1,4ec1,10240,0/0
/spttest/mixed_10K_fk2,4ec2,10240,0/0
/spttest/mixed_10K_fk3,4ec3,10240,0/0
/spttest/mixed_10K_fk4,4ec4,10240,0/0
/spttest/mixed_10K_fk5,4ec5,10240,0/0
/spttest/mixed_10K_fk6,4ec6,10240,0/0
/spttest/mixed_10K_fk7,4ec7,10240,0/0
/spttest/mixed_10K_fk8,4ec8,10240,0/0
/spttest/mixed_10K_fk9,4ec9,10240,0/0
/spttest/mixed_10K_fka,4eca,10240,0/0
/spttest/mixed_10K_fkb,4ecb,10240,0/0
/spttest/mixed_10K_fkc,4ecc,10240,0/0
/spttest/mixed_10K_fkd,4ecd,10240,0/0
/spttest/mixed_10K_fke,4ece,10240,0/0
/spttest/mixed_10K_fkf,4ecf,10240,0/0
/spttest/mixed_10K_fkg,4ed0,10240,0/0
/spttest/mixed_10K_fkh,4ed1,10240,0/0
/spttest/mixed_10K_fki,4ed2,10240,0/0
/spttest/mixed_10K_fkj,4ed3,10240,0/0
/spttest/mixed_10K_fkk,4ed4,10240,0/0
/spttest/mixed_10K_fkl,4ed5,10240,0/0
/spttest/mixed_10K_fkm,4ed6,10240,0/0
/spttest/mixed_10K_fkn,4ed7,10240,0/0
/spttest/mixed_10K_fko,4ed8,10240,0/0
/spttest/mixed_10K_fkp,4ed9,10240,0/0
/spttest/mixed_10K_fkq,4eda,10240,0/0
/spttest/mixed_10K_fkr,4edb,10240,0/0
/spttest/mixed_10K_fks,4edc,10240,0/0
/spttest/mixed_10K_fkt,4edd,10240,0/0
/spttest/mixed_10K_fku,4ede,10240,0/0
/spttest/mixed_10K_fkv,4edf,10240,0/0
/spttest/mixed_10K_fkw,4ee0,10240,0/0
/spttest/mixed_10K_fkx,4ee1,10240,0/0
/spttest/mixed_10K_fky,4ee2,10240,0/0
/spttest/mixed_10K_fkz,4ee3,10240,0/0
/spttest/mixed_10K_fl0,4ee4,10240,0/0
/spttest/mixed_10K_fl1,4ee5,10240,0/0
/spttest/mixed_10K_fl2,4ee6,10240,0/0
/spttest/mixed_10K_fl3,4ee7,10240,0/0
/spttest/mixed_10K_fl4,4ee8,10240,0/0
/spttest/mixed_10K_fl5,4ee9,10240,0/0
/spttest/mixed_10K_fl6,4eea,10240,0/0
/spttest/mixed_10K_fl7,4eeb,10240,0/0
/spttest/mixed_10K_fl8,4eec,10240,0/0
/spttest/mixed_10K_fl9,4eed,10240,0/0
/spttest/mixed_10K_fla,4eee,10240,0/0
/spttest/mixed_10K_flb,4eef,10240,0/0
/spttest/mixed_10K_flc,4ef0,10240,0/0
/spttest/mixed_10K_fld,4ef1,10240,0/0
/spttest/mixed_10K_fle,4ef2,10240,0/0
/spttest/mixed_10K_flf,4ef3,10240,0/0
/spttest/mixed_10K_flg,4ef4,10240,0/0
/spttest/mixed_10K_flh,4ef5,10240,0/0
/spttest/mixed_10K_fli,4ef6,10240,0/0
/spttest/mixed_10K_flj,4ef7,10240,0/0
/spttest/mixed_10K_flk,4ef8,10240,0/0
/spttest/mixed_10K_fll,4ef9,10240,0/0
/spttest/mixed_10K_flm,4efa,10240,0/0
/spttest/mixed_10K_fln,4efb,10240,0/0
/spttest/mixed_10K_flo,4efc,10240,0/0
/spttest/mixed_10K_flp,4efd,10240,0/0
/spttest/mixed_10K_flq,4efe,10240,0/0
/spttest/mixed_10K_flr,4eff,10240,0/0
/spttest/mixed_10K_fls,4f00,10240,0/0
/spttest/mixed_10K_flt,4f01,10240,0/0
/spttest/mixed_10K_flu,4f02,10240,0/0
/spttest/mixed_10K_flv,4f03,10240,0/0
/spttest/mixed_10K_flw,4f04,10240,0/0
/spttest/mixed_10K_flx,4f05,10240,0/0
/spttest/mixed_10K_fly,4f06,10240,0/0
/spttest/mixed_10K_flz,4f07,10240,0/0
/spttest/mixed_10K_fm0,4f08,10240,0/0
/spttest/mixed_10K_fm1,4f09,10240,0/0
/spttest/mixed_10K_fm2,4f0a,10240,0/0
/spttest/mixed_10K_fm3,4f0b,10240,0/0
/spttest/mixed_10K_fm4,4f0c,10240,0/0
/spttest/mixed_10K_fm5,4f0d,10240,0/0
/spttest/mixed_10K_fm6,4f0e,10240,0/0
/spttest/mixed_10K_fm7,4f0f,10240,0/0
/spttest/mixed_10K_fm8,4f10,10240,0/0
/spttest/mixed_10K_fm9,4f11,10240,0/0
/spttest/mixed_10K_fma,4f12,10240,0/0
/spttest/mixed_10K_fmb,4f13,10240,0/0
/spttest/mixed_10K_fmc,4f14,10240,0/0
/spttest/mixed_10K_fmd,4f15,10240,0/0
/spttest/mixed_10K_fme,4f16,10240,0/0
/spttest/mixed_10K_fmf,4f17,10240,0/0
/spttest/mixed_10K_fmg,4f18,10240,0/0
/spttest/mixed_10K_fmh,4f19,10240,0/0
/spttest/mixed_10K_fmi,4f1a,10240,0/0
/spttest/mixed_10K_fmj,4f1b,10240,0/0
/spttest/mixed_10K_fmk,4f1c,10240,0/0
/spttest/mixed_10K_fml,4f1d,10240,0/0
/spttest/mixed_10K_fmm,4f1e,10240,0/0
/spttest/mixed_10K_fmn,4f1f,10240,0/0
/spttest/mixed_10K_fmo,4f20,10240,0/0
/spttest/mixed_10K_fmp,4f21,10240,0/0
/spttest/mixed_10K_fmq,4f22,10240,0/0
/spttest/mixed_10K_fmr,4f23,10240,0/0
/spttest/mixed_10K_fms,4f24,10240,0/0
/spttest/mixed_10K_fmt,4f25,10240,0/0
/spttest/mixed_10K_fmu,4f26,10240,0/0
/spttest/mixed_10K_fmv,4f27,10240,0/0
/spttest/mixed_10K_fmw,4f28,10240,0/0
/spttest/mixed_10K_fmx,4f29,10240,0/0
/spttest/mixed_10K_fmy,4f2a,10240,0/0
/spttest/mixed_10K_fmz,4f2b,10240,0/0
/spttest/mixed_10K_fn0,4f2c,10240,0/0
/spttest/mixed_10K_fn1,4f2d,10240,0/0
/spttest/mixed_10K_fn2,4f2e,10240,0/0
/spttest/mixed_10K_fn3,4f2f,10240,0/0
/spttest/mixed_10K_fn4,4f30,10240,0/0
/spttest/mixed_10K_fn5,4f31,10240,0/0
/spttest/mixed_10K_fn6,4f32,10240,0/0
/spttest/mixed_10K_fn7,4f33,10240,0/0
/spttest/mixed_10K_fn8,4f34,10240,0/0
/spttest/mixed_10K_fn9,4f35,10240,0/0
/spttest/mixed_10K_fna,4f36,10240,0/0
/spttest/mixed_10K_fnb,4f37,10240,0/0
/spttest/mixed_10K_fnc,4f38,10240,0/0
/spttest/mixed_10K_fnd,4f39,10240,0/0
/spttest/mixed_10K_fne,4f3a,10240,0/0
/spttest/mixed_10K_fnf,4f3b,10240,0/0
/spttest/mixed_10K_fng,4f3c,10240,0/0
/spttest/mixed_10K_fnh,4f3d,10240,0/0
/spttest/mixed_10K_fni,4f3e,10240,0/0
/spttest/mixed_10K_fnj,4f3f,10240,0/0
/spttest/mixed_10K_fnk,4f40,10240,0/0
/spttest/mixed_10K_fnl,4f41,10240,0/0
/spttest/mixed_10K_fnm,4f42,10240,0/0
/spttest/mixed_10K_fnn,4f43,10240,0/0
/spttest/mixed_10K_fno,4f44,10240,0/0
/spttest/mixed_10K_fnp,4f45,10240,0/0
/spttest/mixed_10K_fnq,4f46,10240,0/0
/spttest/mixed_10K_fnr,4f47,10240,0/0
/spttest/mixed_10K_fns,4f48,10240,0/0
/spttest/mixed_10K_fnt,4f49,10240,0/0
/spttest/mixed_10K_fnu,4f4a,10240,0/0
/spttest/mixed_10K_fnv,4f4b,10240,0/0
/spttest/mixed_10K_fnw,4f4c,10240,0/0
/spttest/mixed_10K_fnx,4f4d,10240,0/0
/spttest/mixed_10K_fny,4f4e,10240,0/0
/spttest/mixed_10K_fnz,4f4f,10240,0/0
/spttest/mixed_10K_fo0,4f50,10240,0/0
/spttest/mixed_10K_fo1,4f51,10240,0/0
/spttest/mixed_10K_fo2,4f52,10240,0/0
/spttest/mixed_10K_fo3,4f53,10240,0/0
/spttest/mixed_10K_fo4,4f54,10240,0/0
/spttest/mixed_10K_fo5,4f55,10240,0/0
/spttest/mixed_10K_fo6,4f56,10240,0/0
/spttest/mixed_10K_fo7,4f57,10240,0/0
/spttest/mixed_10K_fo8,4f58,10240,0/0
/spttest/mixed_10K_fo9,4f59,10240,0/0
/spttest/mixed_10K_foa,4f5a,10240,0/0
/spttest/mixed_10K_fob,4f5b,10240,0/0
/spttest/mixed_10K_foc,4f5c,10240,0/0
/spttest/mixed_10K_fod,4f5d,10240,0/0
/spttest/mixed_10K_foe,4f5e,10240,0/0
/spttest/mixed_10K_fof,4f5f,10240,0/0
/spttest/mixed_10K_fog,4f60,10240,0/0
/spttest/mixed_10K_foh,4f61,10240,0/0
/spttest/mixed_10K_foi,4f62,10240,0/0
/spttest/mixed_10K_foj,4f63,10240,0/0
/spttest/mixed_10K_fok,4f64,10240,0/0
/spttest/mixed_10K_fol,4f65,10240,0/0
/spttest/mixed_10K_fom,4f66,10240,0/0
/spttest/mixed_10K_fon,4f67,10240,0/0
/spttest/mixed_10K_foo,4f68,10240,0/0
/spttest/mixed_10K_fop,4f69,10240,0/0
/spttest/mixed_10K_foq,4f6a,10240,0/0
/spttest/mixed_10K_for,4f6b,10240,0/0
/spttest/mixed_10K_fos,4f6c,10240,0/0
/spttest/mixed_10K_fot,4f6d,10240,0/0
/spttest/mixed_10K_fou,4f6e,10240,0/0
/spttest/mixed_10K_fov,4f6f,10240,0/0
/spttest/mixed_10K_fow,4f70,10240,0/0
/spttest/mixed_10K_fox,4f71,10240,0/0
/spttest/mixed_10K_foy,4f72,10240,0/0
/spttest/mixed_10K_foz,4f73,10240,0/0
/spttest/mixed_10K_fp0,4f74,10240,0/0
/spttest/mixed_10K_fp1,4f75,10240,0/0
/spttest/mixed_10K_fp2,4f76,10240,0/0
/spttest/mixed_10K_fp3,4f77,10240,0/0
/spttest/mixed_10K_fp4,4f78,10240,0/0
/spttest/mixed_10K_fp5,4f79,10240,0/0
/spttest/mixed_10K_fp6,4f7a,10240,0/0
/spttest/mixed_10K_fp7,4f7b,10240,0/0
/spttest/mixed_10K_fp8,4f7c,10240,0/0
/spttest/mixed_10K_fp9,4f7d,10240,0/0
/spttest/mixed_10K_fpa,4f7e,10240,0/0
/spttest/mixed_10K_fpb,4f7f,10240,0/0
/spttest/mixed_10K_fpc,4f80,10240,0/0
/spttest/mixed_10K_fpd,4f81,10240,0/0
/spttest/mixed_10K_fpe,4f82,10240,0/0
/spttest/mixed_10K_fpf,4f83,10240,0/0
/spttest/mixed_10K_fpg,4f84,10240,0/0
/spttest/mixed_10K_fph,4f85,10240,0/0
/spttest/mixed_10K_fpi,4f86,10240,0/0
/spttest/mixed_10K_fpj,4f87,10240,0/0
/spttest/mixed_10K_fpk,4f88,10240,0/0
/spttest/mixed_10K_fpl,4f89,10240,0/0
/spttest/mixed_10K_fpm,4f8a,10240,0/0
/spttest/mixed_10K_fpn,4f8b,10240,0/0
/spttest/mixed_10K_fpo,4f8c,10240,0/0
/spttest/mixed_10K_fpp,4f8d,10240,0/0
/spttest/mixed_10K_fpq,4f8e,10240,0/0
/spttest/mixed_10K_fpr,4f8f,10240,0/0
/spttest/mixed_10K_fps,4f90,10240,0/0
/spttest/mixed_10K_fpt,4f91,10240,0/0
/spttest/mixed_10K_fpu,4f92,10240,0/0
/spttest/mixed_10K_fpv,4f93,10240,0/0
/spttest/mixed_10K_fpw,4f94,10240,0/0
/spttest/mixed_10K_fpx,4f95,10240,0/0
/spttest/mixed_10K_fpy,4f96,10240,0/0
/spttest/mixed_10K_fpz,4f97,10240,0/0
/spttest/mixed_10K_fq0,4f98,10240,0/0
/spttest/mixed_10K_fq1,4f99,10240,0/0
/spttest/mixed_10K_fq2,4f9a,10240,0/0
/spttest/mixed_10K_fq3,4f9b,10240,0/0
/spttest/mixed_10K_fq4,4f9c,10240,0/0
/spttest/mixed_10K_fq5,4f9d,10240,0/0
/spttest/mixed_10K_fq6,4f9e,10240,0/0
/spttest/mixed_10K_fq7,4f9f,10240,0/0
/spttest/mixed_10K_fq8,4fa0,10240,0/0
/spttest/mixed_10K_fq9,4fa1,10240,0/0
/spttest/mixed_10K_fqa,4fa2,10240,0/0
/spttest/mixed_10K_fqb,4fa3,10240,0/0
/spttest/mixed_10K_fqc,4fa4,10240,0/0
/spttest/mixed_10K_fqd,4fa5,10240,0/0
/spttest/mixed_10K_fqe,4fa6,10240,0/0
/spttest/mixed_10K_fqf,4fa7,10240,0/0
/spttest/mixed_10K_fqg,4fa8,10240,0/0
/spttest/mixed_10K_fqh,4fa9,10240,0/0
/spttest/mixed_10K_fqi,4faa,10240,0/0
/spttest/mixed_10K_fqj,4fab,10240,0/0
/spttest/mixed_10K_fqk,4fac,10240,0/0
/spttest/mixed_10K_fql,4fad,10240,0/0
/spttest/mixed_10K_fqm,4fae,10240,0/0
/spttest/mixed_10K_fqn,4faf,10240,0/0
/spttest/mixed_10K_fqo,4fb0,10240,0/0
/spttest/mixed_10K_fqp,4fb1,10240,0/0
/spttest/mixed_10K_fqq,4fb2,10240,0/0
/spttest/mixed_10K_fqr,4fb3,10240,0/0
/spttest/mixed_10K_fqs,4fb4,10240,0/0
/spttest/mixed_10K_fqt,4fb5,10240,0/0
/spttest/mixed_10K_fqu,4fb6,10240,0/0
/spttest/mixed_10K_fqv,4fb7,10240,0/0
/spttest/mixed_10K_fqw,4fb8,10240,0/0
/spttest/mixed_10K_fqx,4fb9,10240,0/0
/spttest/mixed_10K_fqy,4fba,10240,0/0
/spttest/mixed_10K_fqz,4fbb,10240,0/0
/spttest/mixed_10K_fr0,4fbc,10240,0/0
/spttest/mixed_10K_fr1,4fbd,10240,0/0
/spttest/mixed_10K_fr2,4fbe,10240,0/0
/spttest/mixed_10K_fr3,4fbf,10240,0/0
/spttest/mixed_10K_fr4,4fc0,10240,0/0
/spttest/mixed_10K_fr5,4fc1,10240,0/0
/spttest/mixed_10K_fr6,4fc2,10240,0/0
/spttest/mixed_10K_fr7,4fc3,10240,0/0
/spttest/mixed_10K_fr8,4fc4,10240,0/0
/spttest/mixed_10K_fr9,4fc5,10240,0/0
/spttest/mixed_10K_fra,4fc6,10240,0/0
/spttest/mixed_10K_frb,4fc7,10240,0/0
/spttest/mixed_10K_frc,4fc8,10240,0/0
/spttest/mixed_10K_frd,4fc9,10240,0/0
/spttest/mixed_10K_fre,4fca,10240,0/0
/spttest/mixed_10K_frf,4fcb,10240,0/0
/spttest/mixed_10K_frg,4fcc,10240,0/0
/spttest/mixed_10K_frh,4fcd,10240,0/0
/spttest/mixed_10K_fri,4fce,10240,0/0
/spttest/mixed_10K_frj,4fcf,10240,0/0
/spttest/mixed_10K_frk,4fd0,10240,0/0
/spttest/mixed_10K_frl,4fd1,10240,0/0
/spttest/mixed_10K_frm,4fd2,10240,0/0
/spttest/mixed_10K_frn,4fd3,10240,0/0
/spttest/mixed_10K_fro,4fd4,10240,0/0
/spttest/mixed_10K_frp,4fd5,10240,0/0
/spttest/mixed_10K_frq,4fd6,10240,0/0
/spttest/mixed_10K_frr,4fd7,10240,0/0
/spttest/mixed_10K_frs,4fd8,10240,0/0
/spttest/mixed_10K_frt,4fd9,10240,0/0
/spttest/mixed_10K_fru,4fda,10240,0/0
/spttest/mixed_10K_frv,4fdb,10240,0/0
/spttest/mixed_10K_frw,4fdc,10240,0/0
/spttest/mixed_10K_frx,4fdd,10240,0/0
/spttest/mixed_10K_fry,4fde,10240,0/0
/spttest/mixed_10K_frz,4fdf,10240,0/0
/spttest/mixed_10K_fs0,4fe0,10240,0/0
/spttest/mixed_10K_fs1,4fe1,10240,0/0
/spttest/mixed_10K_fs2,4fe2,10240,0/0
/spttest/mixed_10K_fs3,4fe3,10240,0/0
/spttest/mixed_10K_fs4,4fe4,10240,0/0
/spttest/mixed_10K_fs5,4fe5,10240,0/0
/spttest/mixed_10K_fs6,4fe6,10240,0/0
/spttest/mixed_10K_fs7,4fe7,10240,0/0
/spttest/mixed_10K_fs8,4fe8,10240,0/0
/spttest/mixed_10K_fs9,4fe9,10240,0/0
/spttest/mixed_10K_fsa,4fea,10240,0/0
/spttest/mixed_10K_fsb,4feb,10240,0/0
/spttest/mixed_10K_fsc,4fec,10240,0/0
/spttest/mixed_10K_fsd,4fed,10240,0/0
/spttest/mixed_10K_fse,4fee,10240,0/0
/spttest/mixed_10K_fsf,4fef,10240,0/0
/spttest/mixed_10K_fsg,4ff0,10240,0/0
/spttest/mixed_10K_fsh,4ff1,10240,0/0
/spttest/mixed_10K_fsi,4ff2,10240,0/0
/spttest/mixed_10K_fsj,4ff3,10240,0/0
/spttest/mixed_10K_fsk,4ff4,10240,0/0
/spttest/mixed_10K_fsl,4ff5,10240,0/0
/spttest/mixed_10K_fsm,4ff6,10240,0/0
/spttest/mixed_10K_fsn,4ff7,10240,0/0
/spttest/mixed_10K_fso,4ff8,10240,0/0
/spttest/mixed_10K_fsp,4ff9,10240,0/0
/spttest/mixed_10K_fsq,4ffa,10240,0/0
/spttest/mixed_10K_fsr,4ffb,10240,0/0
/spttest/mixed_10K_fss,4ffc,10240,0/0
/spttest/mixed_10K_fst,4ffd,10240,0/0
/spttest/mixed_10K_fsu,4ffe,10240,0/0
/spttest/mixed_10K_fsv,4fff,10240,0/0
/spttest/mixed_10K_fsw,5000,10240,0/0
/spttest/mixed_10K_fsx,5001,10240,0/0
/spttest/mixed_10K_fsy,5002,10240,0/0
/spttest/mixed_10K_fsz,5003,10240,0/0
/spttest/mixed_10K_ft0,5004,10240,0/0
/spttest/mixed_10K_ft1,5005,10240,0/0
/spttest/mixed_10K_ft2,5006,10240,0/0
/spttest/mixed_10K_ft3,5007,10240,0/0
/spttest/mixed_10K_ft4,5008,10240,0/0
/spttest/mixed_10K_ft5,5009,10240,0/0
/spttest/mixed_10K_ft6,500a,10240,0/0
/spttest/mixed_10K_ft7,500b,10240,0/0
/spttest/mixed_10K_ft8,500c,10240,0/0
/spttest/mixed_10K_ft9,500d,10240,0/0
/spttest/mixed_10K_fta,500e,10240,0/0
/spttest/mixed_10K_ftb,500f,10240,0/0
/spttest/mixed_10K_ftc,5010,10240,0/0
/spttest/mixed_10K_ftd,5011,10240,0/0
/spttest/mixed_10K_fte,5012,10240,0/0
/spttest/mixed_10K_ftf,5013,10240,0/0
/spttest/mixed_10K_ftg,5014,10240,0/0
/spttest/mixed_10K_fth,5015,10240,0/0
/spttest/mixed_10K_fti,5016,10240,0/0
/spttest/mixed_10K_ftj,5017,10240,0/0
/spttest/mixed_10K_ftk,5018,10240,0/0
/spttest/mixed_10K_ftl,5019,10240,0/0
/spttest/mixed_10K_ftm,501a,10240,0/0
/spttest/mixed_10K_ftn,501b,10240,0/0
/spttest/mixed_10K_fto,501c,10240,0/0
/spttest/mixed_10K_ftp,501d,10240,0/0
/spttest/mixed_10K_ftq,501e,10240,0/0
/spttest/mixed_10K_ftr,501f,10240,0/0
/spttest/mixed_10K_fts,5020,10240,0/0
/spttest/mixed_10K_ftt,5021,10240,0/0
/spttest/mixed_10K_ftu,5022,10240,0/0
/spttest/mixed_10K_ftv,5023,10240,0/0
/spttest/mixed_10K_ftw,5024,10240,0/0
/spttest/mixed_10K_ftx,5025,10240,0/0
/spttest/mixed_10K_fty,5026,10240,0/0
/spttest/mixed_10K_ftz,5027,10240,0/0
/spttest/mixed_10K_fu0,5028,10240,0/0
/spttest/mixed_10K_fu1,5029,10240,0/0
/spttest/mixed_10K_fu2,502a,10240,0/0
/spttest/mixed_10K_fu3,502b,10240,0/0
/spttest/mixed_10K_fu4,502c,10240,0/0
/spttest/mixed_10K_fu5,502d,10240,0/0
/spttest/mixed_10K_fu6,502e,10240,0/0
/spttest/mixed_10K_fu7,502f,10240,0/0
/spttest/mixed_10K_fu8,5030,10240,0/0
/spttest/mixed_10K_fu9,5031,10240,0/0
/spttest/mixed_10K_fua,5032,10240,0/0
/spttest/mixed_10K_fub,5033,10240,0/0
/spttest/mixed_10K_fuc,5034,10240,0/0
/spttest/mixed_10K_fud,5035,10240,0/0
/spttest/mixed_10K_fue,5036,10240,0/0
/spttest/mixed_10K_fuf,5037,10240,0/0
/spttest/mixed_10K_fug,5038,10240,0/0
/spttest/mixed_10K_fuh,5039,10240,0/0
/spttest/mixed_10K_fui,503a,10240,0/0
/spttest/mixed_10K_fuj,503b,10240,0/0
/spttest/mixed_10K_fuk,503c,10240,0/0
/spttest/mixed_10K_ful,503d,10240,0/0
/spttest/mixed_10K_fum,503e,10240,0/0
/spttest/mixed_10K_fun,503f,10240,0/0
/spttest/mixed_10K_fuo,5040,10240,0/0
/spttest/mixed_10K_fup,5041,10240,0/0
/spttest/mixed_10K_fuq,5042,10240,0/0
/spttest/mixed_10K_fur,5043,10240,0/0
/spttest/mixed_10K_fus,5044,10240,0/0
/spttest/mixed_10K_fut,5045,10240,0/0
/spttest/mixed_10K_fuu,5046,10240,0/0
/spttest/mixed_10K_fuv,5047,10240,0/0
/spttest/mixed_10K_fuw,5048,10240,0/0
/spttest/mixed_10K_fux,5049,10240,0/0
/spttest/mixed_10K_fuy,504a,10240,0/0
/spttest/mixed_10K_fuz,504b,10240,0/0
/spttest/mixed_10K_fv0,504c,10240,0/0
/spttest/mixed_10K_fv1,504d,10240,0/0
/spttest/mixed_10K_fv2,504e,10240,0/0
/spttest/mixed_10K_fv3,504f,10240,0/0
/spttest/mixed_10K_fv4,5050,10240,0/0
/spttest/mixed_10K_fv5,5051,10240,0/0
/spttest/mixed_10K_fv6,5052,10240,0/0
/spttest/mixed_10K_fv7,5053,10240,0/0
/spttest/mixed_10K_fv8,5054,10240,0/0
/spttest/mixed_10K_fv9,5055,10240,0/0
/spttest/mixed_10K_fva,5056,10240,0/0
/spttest/mixed_10K_fvb,5057,10240,0/0
/spttest/mixed_10K_fvc,5058,10240,0/0
/spttest/mixed_10K_fvd,5059,10240,0/0
/spttest/mixed_10K_fve,505a,10240,0/0
/spttest/mixed_10K_fvf,505b,10240,0/0
/spttest/mixed_10K_fvg,505c,10240,0/0
/spttest/mixed_10K_fvh,505d,10240,0/0
/spttest/mixed_10K_fvi,505e,10240,0/0
/spttest/mixed_10K_fvj,505f,10240,0/0
/spttest/mixed_10K_fvk,5060,10240,0/0
/spttest/mixed_10K_fvl,5061,10240,0/0
/spttest/mixed_10K_fvm,5062,10240,0/0
/spttest/mixed_10K_fvn,5063,10240,0/0
/spttest/mixed_10K_fvo,5064,10240,0/0
/spttest/mixed_10K_fvp,5065,10240,0/0
/spttest/mixed_10K_fvq,5066,10240,0/0
/spttest/mixed_10K_fvr,5067,10240,0/0
/spttest/mixed_10K_fvs,5068,10240,0/0
/spttest/mixed_10K_fvt,5069,10240,0/0
/spttest/mixed_10K_fvu,506a,10240,0/0
/spttest/mixed_10K_fvv,506b,10240,0/0
/spttest/mixed_10K_fvw,506c,10240,0/0
/spttest/mixed_10K_fvx,506d,10240,0/0
/spttest/mixed_10K_fvy,506e,10240,0/0
/spttest/mixed_10K_fvz,506f,10240,0/0
/spttest/mixed_10K_fw0,5070,10240,0/0
/spttest/mixed_10K_fw1,5071,10240,0/0
/spttest/mixed_10K_fw2,5072,10240,0/0
/spttest/mixed_10K_fw3,5073,10240,0/0
/spttest/mixed_10K_fw4,5074,10240,0/0
/spttest/mixed_10K_fw5,5075,10240,0/0
/spttest/mixed_10K_fw6,5076,10240,0/0
/spttest/mixed_10K_fw7,5077,10240,0/0
/spttest/mixed_10K_fw8,5078,10240,0/0
/spttest/mixed_10K_fw9,5079,10240,0/0
/spttest/mixed_10K_fwa,507a,10240,0/0
/spttest/mixed_10K_fwb,507b,10240,0/0
/spttest/mixed_10K_fwc,507c,10240,0/0
/spttest/mixed_10K_fwd,507d,10240,0/0
/spttest/mixed_10K_fwe,507e,10240,0/0
/spttest/mixed_10K_fwf,507f,10240,0/0
/spttest/mixed_10K_fwg,5080,10240,0/0
/spttest/mixed_10K_fwh,5081,10240,0/0
/spttest/mixed_10K_fwi,5082,10240,0/0
/spttest/mixed_10K_fwj,5083,10240,0/0
/spttest/mixed_10K_fwk,5084,10240,0/0
/spttest/mixed_10K_fwl,5085,10240,0/0
/spttest/mixed_10K_fwm,5086,10240,0/0
/spttest/mixed_10K_fwn,5087,10240,0/0
/spttest/mixed_10K_fwo,5088,10240,0/0
/spttest/mixed_10K_fwp,5089,10240,0/0
/spttest/mixed_10K_fwq,508a,10240,0/0
/spttest/mixed_10K_fwr,508b,10240,0/0
/spttest/mixed_10K_fws,508c,10240,0/0
/spttest/mixed_10K_fwt,508d,10240,0/0
/spttest/mixed_10K_fwu,508e,10240,0/0
/spttest/mixed_10K_fwv,508f,10240,0/0
/spttest/mixed_10K_fww,5090,10240,0/0
/spttest/mixed_10K_fwx,5091,10240,0/0
/spttest/mixed_10K_fwy,5092,10240,0/0
/spttest/mixed_10K_fwz,5093,10240,0/0
/spttest/mixed_10K_fx0,5094,10240,0/0
/spttest/mixed_10K_fx1,5095,10240,0/0
/spttest/mixed_10K_fx2,5096,10240,0/0
/spttest/mixed_10K_fx3,5097,10240,0/0
/spttest/mixed_10K_fx4,5098,10240,0/0
/spttest/mixed_10K_fx5,5099,10240,0/0
/spttest/mixed_10K_fx6,509a,10240,0/0
/spttest/mixed_10K_fx7,509b,10240,0/0
/spttest/mixed_10K_fx8,509c,10240,0/0
/spttest/mixed_10K_fx9,509d,10240,0/0
/spttest/mixed_10K_fxa,509e,10240,0/0
/spttest/mixed_10K_fxb,509f,10240,0/0
/spttest/mixed_10K_fxc,50a0,10240,0/0
/spttest/mixed_10K_fxd,50a1,10240,0/0
/spttest/mixed_10K_fxe,50a2,10240,0/0
/spttest/mixed_10K_fxf,50a3,10240,0/0
/spttest/mixed_10K_fxg,50a4,10240,0/0
/spttest/mixed_10K_fxh,50a5,10240,0/0
/spttest/mixed_10K_fxi,50a6,10240,0/0
/spttest/mixed_10K_fxj,50a7,10240,0/0
/spttest/mixed_10K_fxk,50a8,10240,0/0
/spttest/mixed_10K_fxl,50a9,10240,0/0
/spttest/mixed_10K_fxm,50aa,10240,0/0
/spttest/mixed_10K_fxn,50ab,10240,0/0
/spttest/mixed_10K_fxo,50ac,10240,0/0
/spttest/mixed_10K_fxp,50ad,10240,0/0
/spttest/mixed_10K_fxq,50ae,10240,0/0
/spttest/mixed_10K_fxr,50af,10240,0/0
/spttest/mixed_10K_fxs,50b0,10240,0/0
/spttest/mixed_10K_fxt,50b1,10240,0/0
/spttest/mixed_10K_fxu,50b2,10240,0/0
/spttest/mixed_10K_fxv,50b3,10240,0/0
/spttest/mixed_10K_fxw,50b4,10240,0/0
/spttest/mixed_10K_fxx,50b5,10240,0/0
/spttest/mixed_10K_fxy,50b6,10240,0/0
/spttest/mixed_10K_fxz,50b7,10240,0/0
/spttest/mixed_10K_fy0,50b8,10240,0/0
/spttest/mixed_10K_fy1,50b9,10240,0/0
/spttest/mixed_10K_fy2,50ba,10240,0/0
/spttest/mixed_10K_fy3,50bb,10240,0/0
/spttest/mixed_10K_fy4,50bc,10240,0/0
/spttest/mixed_10K_fy5,50bd,10240,0/0
/spttest/mixed_10K_fy6,50be,10240,0/0
/spttest/mixed_10K_fy7,50bf,10240,0/0
/spttest/mixed_10K_fy8,50c0,10240,0/0
/spttest/mixed_10K_fy9,50c1,10240,0/0
/spttest/mixed_10K_fya,50c2,10240,0/0
/spttest/mixed_10K_fyb,50c3,10240,0/0
/spttest/mixed_10K_fyc,50c4,10240,0/0
/spttest/mixed_10K_fyd,50c5,10240,0/0
/spttest/mixed_10K_fye,50c6,10240,0/0
/spttest/mixed_10K_fyf,50c7,10240,0/0
/spttest/mixed_10K_fyg,50c8,10240,0/0
/spttest/mixed_10K_fyh,50c9,10240,0/0
/spttest/mixed_10K_fyi,50ca,10240,0/0
/spttest/mixed_10K_fyj,50cb,10240,0/0
/spttest/mixed_10K_fyk,50cc,10240,0/0
/spttest/mixed_10K_fyl,50cd,10240,0/0
/spttest/mixed_10K_fym,50ce,10240,0/0
/spttest/mixed_10K_fyn,50cf,10240,0/0
/spttest/mixed_10K_fyo,50d0,10240,0/0
/spttest/mixed_10K_fyp,50d1,10240,0/0
/spttest/mixed_10K_fyq,50d2,10240,0/0
/spttest/mixed_10K_fyr,50d3,10240,0/0
/spttest/mixed_10K_fys,50d4,10240,0/0
/spttest/mixed_10K_fyt,50d5,10240,0/0
/spttest/mixed_10K_fyu,50d6,10240,0/0
/spttest/mixed_10K_fyv,50d7,10240,0/0
/spttest/mixed_10K_fyw,50d8,10240,0/0
/spttest/mixed_10K_fyx,50d9,10240,0/0
/spttest/mixed_10K_fyy,50da,10240,0/0
/spttest/mixed_10K_fyz,50db,10240,0/0
/spttest/mixed_10K_fz0,50dc,10240,0/0
/spttest/mixed_10K_fz1,50dd,10240,0/0
/spttest/mixed_10K_fz2,50de,10240,0/0
/spttest/mixed_10K_fz3,50df,10240,0/0
/spttest/mixed_10K_fz4,50e0,10240,0/0
/spttest/mixed_10K_fz5,50e1,10240,0/0
/spttest/mixed_10K_fz6,50e2,10240,0/0
/spttest/mixed_10K_fz7,50e3,10240,0/0
/spttest/mixed_10K_fz8,50e4,10240,0/0
/spttest/mixed_10K_fz9,50e5,10240,0/0
/spttest/mixed_10K_fza,50e6,10240,0/0
/spttest/mixed_10K_fzb,50e7,10240,0/0
/spttest/mixed_10K_fzc,50e8,10240,0/0
/spttest/mixed_10K_fzd,50e9,10240,0/0
/spttest/mixed_10K_fze,50ea,10240,0/0
/spttest/mixed_10K_fzf,50eb,10240,0/0
/spttest/mixed_10K_fzg,50ec,10240,0/0
/spttest/mixed_10K_fzh,50ed,10240,0/0
/spttest/mixed_10K_fzi,50ee,10240,0/0
/spttest/mixed_10K_fzj,50ef,10240,0/0
/spttest/mixed_10K_fzk,50f0,10240,0/0
/spttest/mixed_10K_fzl,50f1,10240,0/0
/spttest/mixed_10K_fzm,50f2,10240,0/0
/spttest/mixed_10K_fzn,50f3,10240,0/0
/spttest/mixed_10K_fzo,50f4,10240,0/0
/spttest/mixed_10K_fzp,50f5,10240,0/0
/spttest/mixed_10K_fzq,50f6,10240,0/0
/spttest/mixed_10K_fzr,50f7,10240,0/0
/spttest/mixed_10K_fzs,50f8,10240,0/0
/spttest/mixed_10K_fzt,50f9,10240,0/0
/spttest/mixed_10K_fzu,50fa,10240,0/0
/spttest/mixed_10K_fzv,50fb,10240,0/0
/spttest/mixed_10K_fzw,50fc,10240,0/0
/spttest/mixed_10K_fzx,50fd,10240,0/0
/spttest/mixed_10K_fzy,50fe,10240,0/0
/spttest/mixed_10K_fzz,50ff,10240,0/0
/spttest/mixed_10K_g00,5100,10240,0/0
/spttest/mixed_10K_g01,5101,10240,0/0
/spttest/mixed_10K_g02,5102,10240,0/0
/spttest/mixed_10K_g03,5103,10240,0/0
/spttest/mixed_10K_g04,5104,10240,0/0
/spttest/mixed_10K_g05,5105,10240,0/0
/spttest/mixed_10K_g06,5106,10240,0/0
/spttest/mixed_10K_g07,5107,10240,0/0
/spttest/mixed_10K_g08,5108,10240,0/0
/spttest/mixed_10K_g09,5109,10240,0/0
/spttest/mixed_10K_g0a,510a,10240,0/0
/spttest/mixed_10K_g0b,510b,10240,0/0
/spttest/mixed_10K_g0c,510c,10240,0/0
/spttest/mixed_10K_g0d,510d,10240,0/0
/spttest/mixed_10K_g0e,510e,10240,0/0
/spttest/mixed_10K_g0f,510f,10240,0/0
/spttest/mixed_10K_g0g,5110,10240,0/0
/spttest/mixed_10K_g0h,5111,10240,0/0
/spttest/mixed_10K_g0i,5112,10240,0/0
/spttest/mixed_10K_g0j,5113,10240,0/0
/spttest/mixed_10K_g0k,5114,10240,0/0
/spttest/mixed_10K_g0l,5115,10240,0/0
/spttest/mixed_10K_g0m,5116,10240,0/0
/spttest/mixed_10K_g0n,5117,10240,0/0
/spttest/mixed_10K_g0o,5118,10240,0/0
/spttest/mixed_10K_g0p,5119,10240,0/0
/spttest/mixed_10K_g0q,511a,10240,0/0
/spttest/mixed_10K_g0r,511b,10240,0/0
/spttest/mixed_10K_g0s,511c,10240,0/0
/spttest/mixed_10K_g0t,511d,10240,0/0
/spttest/mixed_10K_g0u,511e,10240,0/0
/spttest/mixed_10K_g0v,511f,10240,0/0
/spttest/mixed_10K_g0w,5120,10240,0/0
/spttest/mixed_10K_g0x,5121,10240,0/0
/spttest/mixed_10K_g0y,5122,10240,0/0
/spttest/mixed_10K_g0z,5123,10240,0/0
/spttest/mixed_10K_g10,5124,10240,0/0
/spttest/mixed_10K_g11,5125,10240,0/0
/spttest/mixed_10K_g12,5126,10240,0/0
/spttest/mixed_10K_g13,5127,10240,0/0
/spttest/mixed_10K_g14,5128,10240,0/0
/spttest/mixed_10K_g15,5129,10240,0/0
/spttest/mixed_10K_g16,512a,10240,0/0
/spttest/mixed_10K_g17,512b,10240,0/0
/spttest/mixed_10K_g18,512c,10240,0/0
/spttest/mixed_10K_g19,512d,10240,0/0
/spttest/mixed_10K_g1a,512e,10240,0/0
/spttest/mixed_10K_g1b,512f,10240,0/0
/spttest/mixed_10K_g1c,5130,10240,0/0
/spttest/mixed_10K_g1d,5131,10240,0/0
/spttest/mixed_10K_g1e,5132,10240,0/0
/spttest/mixed_10K_g1f,5133,10240,0/0
/spttest/mixed_10K_g1g,5134,10240,0/0
/spttest/mixed_10K_g1h,5135,10240,0/0
/spttest/mixed_10K_g1i,5136,10240,0/0
/spttest/mixed_10K_g1j,5137,10240,0/0
/spttest/mixed_10K_g1k,5138,10240,0/0
/spttest/mixed_10K_g1l,5139,10240,0/0
/spttest/mixed_10K_g1m,513a,10240,0/0
/spttest/mixed_10K_g1n,513b,10240,0/0
/spttest/mixed_10K_g1o,513c,10240,0/0
/spttest/mixed_10K_g1p,513d,10240,0/0
/spttest/mixed_10K_g1q,513e,10240,0/0
/spttest/mixed_10K_g1r,513f,10240,0/0
/spttest/mixed_10K_g1s,5140,10240,0/0
/spttest/mixed_10K_g1t,5141,10240,0/0
/spttest/mixed_10K_g1u,5142,10240,0/0
/spttest/mixed_10K_g1v,5143,10240,0/0
/spttest/mixed_10K_g1w,5144,10240,0/0
/spttest/mixed_10K_g1x,5145,10240,0/0
/spttest/mixed_10K_g1y,5146,10240,0/0
/spttest/mixed_10K_g1z,5147,10240,0/0
/spttest/mixed_10K_g20,5148,10240,0/0
/spttest/mixed_10K_g21,5149,10240,0/0
/spttest/mixed_10K_g22,514a,10240,0/0
/spttest/mixed_10K_g23,514b,10240,0/0
/spttest/mixed_10K_g24,514c,10240,0/0
/spttest/mixed_10K_g25,514d,10240,0/0
/spttest/mixed_10K_g26,514e,10240,0/0
/spttest/mixed_10K_g27,514f,10240,0/0
/spttest/mixed_10K_g28,5150,10240,0/0
/spttest/mixed_10K_g29,5151,10240,0/0
/spttest/mixed_10K_g2a,5152,10240,0/0
/spttest/mixed_10K_g2b,5153,10240,0/0
/spttest/mixed_10K_g2c,5154,10240,0/0
/spttest/mixed_10K_g2d,5155,10240,0/0
/spttest/mixed_10K_g2e,5156,10240,0/0
/spttest/mixed_10K_g2f,5157,10240,0/0
/spttest/mixed_10K_g2g,5158,10240,0/0
/spttest/mixed_10K_g2h,5159,10240,0/0
/spttest/mixed_10K_g2i,515a,10240,0/0
/spttest/mixed_10K_g2j,515b,10240,0/0
/spttest/mixed_10K_g2k,515c,10240,0/0
/spttest/mixed_10K_g2l,515d,10240,0/0
/spttest/mixed_10K_g2m,515e,10240,0/0
/spttest/mixed_10K_g2n,515f,10240,0/0
/spttest/mixed_10K_g2o,5160,10240,0/0
/spttest/mixed_10K_g2p,5161,10240,0/0
/spttest/mixed_10K_g2q,5162,10240,0/0
/spttest/mixed_10K_g2r,5163,10240,0/0
/spttest/mixed_10K_g2s,5164,10240,0/0
/spttest/mixed_10K_g2t,5165,10240,0/0
/spttest/mixed_10K_g2u,5166,10240,0/0
/spttest/mixed_10K_g2v,5167,10240,0/0
/spttest/mixed_10K_g2w,5168,10240,0/0
/spttest/mixed_10K_g2x,5169,10240,0/0
/spttest/mixed_10K_g2y,516a,10240,0/0
/spttest/mixed_10K_g2z,516b,10240,0/0
/spttest/mixed_10K_g30,516c,10240,0/0
/spttest/mixed_10K_g31,516d,10240,0/0
/spttest/mixed_10K_g32,516e,10240,0/0
/spttest/mixed_10K_g33,516f,10240,0/0
/spttest/mixed_10K_g34,5170,10240,0/0
/spttest/mixed_10K_g35,5171,10240,0/0
/spttest/mixed_10K_g36,5172,10240,0/0
/spttest/mixed_10K_g37,5173,10240,0/0
/spttest/mixed_10K_g38,5174,10240,0/0
/spttest/mixed_10K_g39,5175,10240,0/0
/spttest/mixed_10K_g3a,5176,10240,0/0
/spttest/mixed_10K_g3b,5177,10240,0/0
/spttest/mixed_10K_g3c,5178,10240,0/0
/spttest/mixed_10K_g3d,5179,10240,0/0
/spttest/mixed_10K_g3e,517a,10240,0/0
/spttest/mixed_10K_g3f,517b,10240,0/0
/spttest/mixed_10K_g3g,517c,10240,0/0
/spttest/mixed_10K_g3h,517d,10240,0/0
/spttest/mixed_10K_g3i,517e,10240,0/0
/spttest/mixed_10K_g3j,517f,10240,0/0
/spttest/mixed_10K_g3k,5180,10240,0/0
/spttest/mixed_10K_g3l,5181,10240,0/0
/spttest/mixed_10K_g3m,5182,10240,0/0
/spttest/mixed_10K_g3n,5183,10240,0/0
/spttest/mixed_10K_g3o,5184,10240,0/0
/spttest/mixed_10K_g3p,5185,10240,0/0
/spttest/mixed_10K_g3q,5186,10240,0/0
/spttest/mixed_10K_g3r,5187,10240,0/0
/spttest/mixed_10K_g3s,5188,10240,0/0
/spttest/mixed_10K_g3t,5189,10240,0/0
/spttest/mixed_10K_g3u,518a,10240,0/0
/spttest/mixed_10K_g3v,518b,10240,0/0
/spttest/mixed_10K_g3w,518c,10240,0/0
/spttest/mixed_10K_g3x,518d,10240,0/0
/spttest/mixed_10K_g3y,518e,10240,0/0
/spttest/mixed_10K_g3z,518f,10240,0/0
/spttest/mixed_10K_g40,5190,10240,0/0
/spttest/mixed_10K_g41,5191,10240,0/0
/spttest/mixed_10K_g42,5192,10240,0/0
/spttest/mixed_10K_g43,5193,10240,0/0
/spttest/mixed_10K_g44,5194,10240,0/0
/spttest/mixed_10K_g45,5195,10240,0/0
/spttest/mixed_10K_g46,5196,10240,0/0
/spttest/mixed_10K_g47,5197,10240,0/0
/spttest/mixed_10K_g48,5198,10240,0/0
/spttest/mixed_10K_g49,5199,10240,0/0
/spttest/mixed_10K_g4a,519a,10240,0/0
/spttest/mixed_10K_g4b,519b,10240,0/0
/spttest/mixed_10K_g4c,519c,10240,0/0
/spttest/mixed_10K_g4d,519d,10240,0/0
/spttest/mixed_10K_g4e,519e,10240,0/0
/spttest/mixed_10K_g4f,519f,10240,0/0
/spttest/mixed_10K_g4g,51a0,10240,0/0
/spttest/mixed_10K_g4h,51a1,10240,0/0
/spttest/mixed_10K_g4i,51a2,10240,0/0
/spttest/mixed_10K_g4j,51a3,10240,0/0
/spttest/mixed_10K_g4k,51a4,10240,0/0
/spttest/mixed_10K_g4l,51a5,10240,0/0
/spttest/mixed_10K_g4m,51a6,10240,0/0
/spttest/mixed_10K_g4n,51a7,10240,0/0
/spttest/mixed_10K_g4o,51a8,10240,0/0
/spttest/mixed_10K_g4p,51a9,10240,0/0
/spttest/mixed_10K_g4q,51aa,10240,0/0
/spttest/mixed_10K_g4r,51ab,10240,0/0
/spttest/mixed_10K_g4s,51ac,10240,0/0
/spttest/mixed_10K_g4t,51ad,10240,0/0
/spttest/mixed_10K_g4u,51ae,10240,0/0
/spttest/mixed_10K_g4v,51af,10240,0/0
/spttest/mixed_10K_g4w,51b0,10240,0/0
/spttest/mixed_10K_g4x,51b1,10240,0/0
/spttest/mixed_10K_g4y,51b2,10240,0/0
/spttest/mixed_10K_g4z,51b3,10240,0/0
/spttest/mixed_10K_g50,51b4,10240,0/0
/spttest/mixed_10K_g51,51b5,10240,0/0
/spttest/mixed_10K_g52,51b6,10240,0/0
/spttest/mixed_10K_g53,51b7,10240,0/0
/spttest/mixed_10K_g54,51b8,10240,0/0
/spttest/mixed_10K_g55,51b9,10240,0/0
/spttest/mixed_10K_g56,51ba,10240,0/0
/spttest/mixed_10K_g57,51bb,10240,0/0
/spttest/mixed_10K_g58,51bc,10240,0/0
/spttest/mixed_10K_g59,51bd,10240,0/0
/spttest/mixed_10K_g5a,51be,10240,0/0
/spttest/mixed_10K_g5b,51bf,10240,0/0
/spttest/mixed_10K_g5c,51c0,10240,0/0
/spttest/mixed_10K_g5d,51c1,10240,0/0
/spttest/mixed_10K_g5e,51c2,10240,0/0
/spttest/mixed_10K_g5f,51c3,10240,0/0
/spttest/mixed_10K_g5g,51c4,10240,0/0
/spttest/mixed_10K_g5h,51c5,10240,0/0
/spttest/mixed_10K_g5i,51c6,10240,0/0
/spttest/mixed_10K_g5j,51c7,10240,0/0
/spttest/mixed_10K_g5k,51c8,10240,0/0
/spttest/mixed_10K_g5l,51c9,10240,0/0
/spttest/mixed_10K_g5m,51ca,10240,0/0
/spttest/mixed_10K_g5n,51cb,10240,0/0
/spttest/mixed_10K_g5o,51cc,10240,0/0
/spttest/mixed_10K_g5p,51cd,10240,0/0
/spttest/mixed_10K_g5q,51ce,10240,0/0
/spttest/mixed_10K_g5r,51cf,10240,0/0
/spttest/mixed_10K_g5s,51d0,10240,0/0
/spttest/mixed_10K_g5t,51d1,10240,0/0
/spttest/mixed_10K_g5u,51d2,10240,0/0
/spttest/mixed_10K_g5v,51d3,10240,0/0
/spttest/mixed_10K_g5w,51d4,10240,0/0
/spttest/mixed_10K_g5x,51d5,10240,0/0
/spttest/mixed_10K_g5y,51d6,10240,0/0
/spttest/mixed_10K_g5z,51d7,10240,0/0
/spttest/mixed_10K_g60,51d8,10240,0/0
/spttest/mixed_10K_g61,51d9,10240,0/0
/spttest/mixed_10K_g62,51da,10240,0/0
/spttest/mixed_10K_g63,51db,10240,0/0
/spttest/mixed_10K_g64,51dc,10240,0/0
/spttest/mixed_10K_g65,51dd,10240,0/0
/spttest/mixed_10K_g66,51de,10240,0/0
/spttest/mixed_10K_g67,51df,10240,0/0
/spttest/mixed_10K_g68,51e0,10240,0/0
/spttest/mixed_10K_g69,51e1,10240,0/0
/spttest/mixed_10K_g6a,51e2,10240,0/0
/spttest/mixed_10K_g6b,51e3,10240,0/0
/spttest/mixed_10K_g6c,51e4,10240,0/0
/spttest/mixed_10K_g6d,51e5,10240,0/0
/spttest/mixed_10K_g6e,51e6,10240,0/0
/spttest/mixed_10K_g6f,51e7,10240,0/0
/spttest/mixed_10K_g6g,51e8,10240,0/0
/spttest/mixed_10K_g6h,51e9,10240,0/0
/spttest/mixed_10K_g6i,51ea,10240,0/0
/spttest/mixed_10K_g6j,51eb,10240,0/0
/spttest/mixed_10K_g6k,51ec,10240,0/0
/spttest/mixed_10K_g6l,51ed,10240,0/0
/spttest/mixed_10K_g6m,51ee,10240,0/0
/spttest/mixed_10K_g6n,51ef,10240,0/0
/spttest/mixed_10K_g6o,51f0,10240,0/0
/spttest/mixed_10K_g6p,51f1,10240,0/0
/spttest/mixed_10K_g6q,51f2,10240,0/0
/spttest/mixed_10K_g6r,51f3,10240,0/0
/spttest/mixed_10K_g6s,51f4,10240,0/0
/spttest/mixed_10K_g6t,51f5,10240,0/0
/spttest/mixed_10K_g6u,51f6,10240,0/0
/spttest/mixed_10K_g6v,51f7,10240,0/0
/spttest/mixed_10K_g6w,51f8,10240,0/0
/spttest/mixed_10K_g6x,51f9,10240,0/0
/spttest/mixed_10K_g6y,51fa,10240,0/0
/spttest/mixed_10K_g6z,51fb,10240,0/0
/spttest/mixed_10K_g70,51fc,10240,0/0
/spttest/mixed_10K_g71,51fd,10240,0/0
/spttest/mixed_10K_g72,51fe,10240,0/0
/spttest/mixed_10K_g73,51ff,10240,0/0
/spttest/mixed_10K_g74,5200,10240,0/0
/spttest/mixed_10K_g75,5201,10240,0/0
/spttest/mixed_10K_g76,5202,10240,0/0
/spttest/mixed_10K_g77,5203,10240,0/0
/spttest/mixed_10K_g78,5204,10240,0/0
/spttest/mixed_10K_g79,5205,10240,0/0
/spttest/mixed_10K_g7a,5206,10240,0/0
/spttest/mixed_10K_g7b,5207,10240,0/0
/spttest/mixed_10K_g7c,5208,10240,0/0
/spttest/mixed_10K_g7d,5209,10240,0/0
/spttest/mixed_10K_g7e,520a,10240,0/0
/spttest/mixed_10K_g7f,520b,10240,0/0
/spttest/mixed_10K_g7g,520c,10240,0/0
/spttest/mixed_10K_g7h,520d,10240,0/0
/spttest/mixed_10K_g7i,520e,10240,0/0
/spttest/mixed_10K_g7j,520f,10240,0/0
/spttest/mixed_10K_g7k,5210,10240,0/0
/spttest/mixed_10K_g7l,5211,10240,0/0
/spttest/mixed_10K_g7m,5212,10240,0/0
/spttest/mixed_10K_g7n,5213,10240,0/0
/spttest/mixed_10K_g7o,5214,10240,0/0
/spttest/mixed_10K_g7p,5215,10240,0/0
/spttest/mixed_10K_g7q,5216,10240,0/0
/spttest/mixed_10K_g7r,5217,10240,0/0
/spttest/mixed_10K_g7s,5218,10240,0/0
/spttest/mixed_10K_g7t,5219,10240,0/0
/spttest/mixed_10K_g7u,521a,10240,0/0
/spttest/mixed_10K_g7v,521b,10240,0/0
/spttest/mixed_10K_g7w,521c,10240,0/0
/spttest/mixed_10K_g7x,521d,10240,0/0
/spttest/mixed_10K_g7y,521e,10240,0/0
/spttest/mixed_10K_g7z,521f,10240,0/0
/spttest/mixed_10K_g80,5220,10240,0/0
/spttest/mixed_10K_g81,5221,10240,0/0
/spttest/mixed_10K_g82,5222,10240,0/0
/spttest/mixed_10K_g83,5223,10240,0/0
/spttest/mixed_10K_g84,5224,10240,0/0
/spttest/mixed_10K_g85,5225,10240,0/0
/spttest/mixed_10K_g86,5226,10240,0/0
/spttest/mixed_10K_g87,5227,10240,0/0
/spttest/mixed_10K_g88,5228,10240,0/0
/spttest/mixed_10K_g89,5229,10240,0/0
/spttest/mixed_10K_g8a,522a,10240,0/0
/spttest/mixed_10K_g8b,522b,10240,0/0
/spttest/mixed_10K_g8c,522c,10240,0/0
/spttest/mixed_10K_g8d,522d,10240,0/0
/spttest/mixed_10K_g8e,522e,10240,0/0
/spttest/mixed_10K_g8f,522f,10240,0/0
/spttest/mixed_10K_g8g,5230,10240,0/0
/spttest/mixed_10K_g8h,5231,10240,0/0
/spttest/mixed_10K_g8i,5232,10240,0/0
/spttest/mixed_10K_g8j,5233,10240,0/0
/spttest/mixed_10K_g8k,5234,10240,0/0
/spttest/mixed_10K_g8l,5235,10240,0/0
/spttest/mixed_10K_g8m,5236,10240,0/0
/spttest/mixed_10K_g8n,5237,10240,0/0
/spttest/mixed_10K_g8o,5238,10240,0/0
/spttest/mixed_10K_g8p,5239,10240,0/0
/spttest/mixed_10K_g8q,523a,10240,0/0
/spttest/mixed_10K_g8r,523b,10240,0/0
/spttest/mixed_10K_g8s,523c,10240,0/0
/spttest/mixed_10K_g8t,523d,10240,0/0
/spttest/mixed_10K_g8u,523e,10240,0/0
/spttest/mixed_10K_g8v,523f,10240,0/0
/spttest/mixed_10K_g8w,5240,10240,0/0
/spttest/mixed_10K_g8x,5241,10240,0/0
/spttest/mixed_10K_g8y,5242,10240,0/0
/spttest/mixed_10K_g8z,5243,10240,0/0
/spttest/mixed_10K_g90,5244,10240,0/0
/spttest/mixed_10K_g91,5245,10240,0/0
/spttest/mixed_10K_g92,5246,10240,0/0
/spttest/mixed_10K_g93,5247,10240,0/0
/spttest/mixed_10K_g94,5248,10240,0/0
/spttest/mixed_10K_g95,5249,10240,0/0
/spttest/mixed_10K_g96,524a,10240,0/0
/spttest/mixed_10K_g97,524b,10240,0/0
/spttest/mixed_10K_g98,524c,10240,0/0
/spttest/mixed_10K_g99,524d,10240,0/0
/spttest/mixed_10K_g9a,524e,10240,0/0
/spttest/mixed_10K_g9b,524f,10240,0/0
/spttest/mixed_10K_g9c,5250,10240,0/0
/spttest/mixed_10K_g9d,5251,10240,0/0
/spttest/mixed_10K_g9e,5252,10240,0/0
/spttest/mixed_10K_g9f,5253,10240,0/0
/spttest/mixed_10K_g9g,5254,10240,0/0
/spttest/mixed_10K_g9h,5255,10240,0/0
/spttest/mixed_10K_g9i,5256,10240,0/0
/spttest/mixed_10K_g9j,5257,10240,0/0
/spttest/mixed_10K_g9k,5258,10240,0/0
/spttest/mixed_10K_g9l,5259,10240,0/0
/spttest/mixed_10K_g9m,525a,10240,0/0
/spttest/mixed_10K_g9n,525b,10240,0/0
/spttest/mixed_10K_g9o,525c,10240,0/0
/spttest/mixed_10K_g9p,525d,10240,0/0
/spttest/mixed_10K_g9q,525e,10240,0/0
/spttest/mixed_10K_g9r,525f,10240,0/0
/spttest/mixed_10K_g9s,5260,10240,0/0
/spttest/mixed_10K_g9t,5261,10240,0/0
/spttest/mixed_10K_g9u,5262,10240,0/0
/spttest/mixed_10K_g9v,5263,10240,0/0
/spttest/mixed_10K_g9w,5264,10240,0/0
/spttest/mixed_10K_g9x,5265,10240,0/0
/spttest/mixed_10K_g9y,5266,10240,0/0
/spttest/mixed_10K_g9z,5267,10240,0/0
/spttest/mixed_10K_ga0,5268,10240,0/0
/spttest/mixed_10K_ga1,5269,10240,0/0
/spttest/mixed_10K_ga2,526a,10240,0/0
/spttest/mixed_10K_ga3,526b,10240,0/0
/spttest/mixed_10K_ga4,526c,10240,0/0
/spttest/mixed_10K_ga5,526d,10240,0/0
/spttest/mixed_10K_ga6,526e,10240,0/0
/spttest/mixed_10K_ga7,526f,10240,0/0
/spttest/mixed_10K_ga8,5270,10240,0/0
/spttest/mixed_10K_ga9,5271,10240,0/0
/spttest/mixed_10K_gaa,5272,10240,0/0
/spttest/mixed_10K_gab,5273,10240,0/0
/spttest/mixed_10K_gac,5274,10240,0/0
/spttest/mixed_10K_gad,5275,10240,0/0
/spttest/mixed_10K_gae,5276,10240,0/0
/spttest/mixed_10K_gaf,5277,10240,0/0
/spttest/mixed_10K_gag,5278,10240,0/0
/spttest/mixed_10K_gah,5279,10240,0/0
/spttest/mixed_10K_gai,527a,10240,0/0
/spttest/mixed_10K_gaj,527b,10240,0/0
/spttest/mixed_10K_gak,527c,10240,0/0
/spttest/mixed_10K_gal,527d,10240,0/0
/spttest/mixed_10K_gam,527e,10240,0/0
/spttest/mixed_10K_gan,527f,10240,0/0
/spttest/mixed_10K_gao,5280,10240,0/0
/spttest/mixed_10K_gap,5281,10240,0/0
/spttest/mixed_10K_gaq,5282,10240,0/0
/spttest/mixed_10K_gar,5283,10240,0/0
/spttest/mixed_10K_gas,5284,10240,0/0
/spttest/mixed_10K_gat,5285,10240,0/0
/spttest/mixed_10K_gau,5286,10240,0/0
/spttest/mixed_10K_gav,5287,10240,0/0
/spttest/mixed_10K_gaw,5288,10240,0/0
/spttest/mixed_10K_gax,5289,10240,0/0
/spttest/mixed_10K_gay,528a,10240,0/0
/spttest/mixed_10K_gaz,528b,10240,0/0
/spttest/mixed_10K_gb0,528c,10240,0/0
/spttest/mixed_10K_gb1,528d,10240,0/0
/spttest/mixed_10K_gb2,528e,10240,0/0
/spttest/mixed_10K_gb3,528f,10240,0/0
/spttest/mixed_10K_gb4,5290,10240,0/0
/spttest/mixed_10K_gb5,5291,10240,0/0
/spttest/mixed_10K_gb6,5292,10240,0/0
/spttest/mixed_10K_gb7,5293,10240,0/0
/spttest/mixed_10K_gb8,5294,10240,0/0
/spttest/mixed_10K_gb9,5295,10240,0/0
/spttest/mixed_10K_gba,5296,10240,0/0
/spttest/mixed_10K_gbb,5297,10240,0/0
/spttest/mixed_10K_gbc,5298,10240,0/0
/spttest/mixed_10K_gbd,5299,10240,0/0
/spttest/mixed_10K_gbe,529a,10240,0/0
/spttest/mixed_10K_gbf,529b,10240,0/0
/spttest/mixed_10K_gbg,529c,10240,0/0
/spttest/mixed_10K_gbh,529d,10240,0/0
/spttest/mixed_10K_gbi,529e,10240,0/0
/spttest/mixed_10K_gbj,529f,10240,0/0
/spttest/mixed_10K_gbk,52a0,10240,0/0
/spttest/mixed_10K_gbl,52a1,10240,0/0
/spttest/mixed_10K_gbm,52a2,10240,0/0
/spttest/mixed_10K_gbn,52a3,10240,0/0
/spttest/mixed_10K_gbo,52a4,10240,0/0
/spttest/mixed_10K_gbp,52a5,10240,0/0
/spttest/mixed_10K_gbq,52a6,10240,0/0
/spttest/mixed_10K_gbr,52a7,10240,0/0
/spttest/mixed_10K_gbs,52a8,10240,0/0
/spttest/mixed_10K_gbt,52a9,10240,0/0
/spttest/mixed_10K_gbu,52aa,10240,0/0
/spttest/mixed_10K_gbv,52ab,10240,0/0
/spttest/mixed_10K_gbw,52ac,10240,0/0
/spttest/mixed_10K_gbx,52ad,10240,0/0
/spttest/mixed_10K_gby,52ae,10240,0/0
/spttest/mixed_10K_gbz,52af,10240,0/0
/spttest/mixed_10K_gc0,52b0,10240,0/0
/spttest/mixed_10K_gc1,52b1,10240,0/0
/spttest/mixed_10K_gc2,52b2,10240,0/0
/spttest/mixed_10K_gc3,52b3,10240,0/0
/spttest/mixed_10K_gc4,52b4,10240,0/0
/spttest/mixed_10K_gc5,52b5,10240,0/0
/spttest/mixed_10K_gc6,52b6,10240,0/0
/spttest/mixed_10K_gc7,52b7,10240,0/0
/spttest/mixed_10K_gc8,52b8,10240,0/0
/spttest/mixed_10K_gc9,52b9,10240,0/0
/spttest/mixed_10K_gca,52ba,10240,0/0
/spttest/mixed_10K_gcb,52bb,10240,0/0
/spttest/mixed_10K_gcc,52bc,10240,0/0
/spttest/mixed_10K_gcd,52bd,10240,0/0
/spttest/mixed_10K_gce,52be,10240,0/0
/spttest/mixed_10K_gcf,52bf,10240,0/0
/spttest/mixed_10K_gcg,52c0,10240,0/0
/spttest/mixed_10K_gch,52c1,10240,0/0
/spttest/mixed_10K_gci,52c2,10240,0/0
/spttest/mixed_10K_gcj,52c3,10240,0/0
/spttest/mixed_10K_gck,52c4,10240,0/0
/spttest/mixed_10K_gcl,52c5,10240,0/0
/spttest/mixed_10K_gcm,52c6,10240,0/0
/spttest/mixed_10K_gcn,52c7,10240,0/0
/spttest/mixed_10K_gco,52c8,10240,0/0
/spttest/mixed_10K_gcp,52c9,10240,0/0
/spttest/mixed_10K_gcq,52ca,10240,0/0
/spttest/mixed_10K_gcr,52cb,10240,0/0
/spttest/mixed_10K_gcs,52cc,10240,0/0
/spttest/mixed_10K_gct,52cd,10240,0/0
/spttest/mixed_10K_gcu,52ce,10240,0/0
/spttest/mixed_10K_gcv,52cf,10240,0/0
/spttest/mixed_10K_gcw,52d0,10240,0/0
/spttest/mixed_10K_gcx,52d1,10240,0/0
/spttest/mixed_10K_gcy,52d2,10240,0/0
/spttest/mixed_10K_gcz,52d3,10240,0/0
/spttest/mixed_10K_gd0,52d4,10240,0/0
/spttest/mixed_10K_gd1,52d5,10240,0/0
/spttest/mixed_10K_gd2,52d6,10240,0/0
/spttest/mixed_10K_gd3,52d7,10240,0/0
/spttest/mixed_10K_gd4,52d8,10240,0/0
/spttest/mixed_10K_gd5,52d9,10240,0/0
/spttest/mixed_10K_gd6,52da,10240,0/0
/spttest/mixed_10K_gd7,52db,10240,0/0
/spttest/mixed_10K_gd8,52dc,10240,0/0
/spttest/mixed_10K_gd9,52dd,10240,0/0
/spttest/mixed_10K_gda,52de,10240,0/0
/spttest/mixed_10K_gdb,52df,10240,0/0
/spttest/mixed_10K_gdc,52e0,10240,0/0
/spttest/mixed_10K_gdd,52e1,10240,0/0
/spttest/mixed_10K_gde,52e2,10240,0/0
/spttest/mixed_10K_gdf,52e3,10240,0/0
/spttest/mixed_10K_gdg,52e4,10240,0/0
/spttest/mixed_10K_gdh,52e5,10240,0/0
/spttest/mixed_10K_gdi,52e6,10240,0/0
/spttest/mixed_10K_gdj,52e7,10240,0/0
/spttest/mixed_10K_gdk,52e8,10240,0/0
/spttest/mixed_10K_gdl,52e9,10240,0/0
/spttest/mixed_10K_gdm,52ea,10240,0/0
/spttest/mixed_10K_gdn,52eb,10240,0/0
/spttest/mixed_10K_gdo,52ec,10240,0/0
/spttest/mixed_10K_gdp,52ed,10240,0/0
/spttest/mixed_10K_gdq,52ee,10240,0/0
/spttest/mixed_10K_gdr,52ef,10240,0/0
/spttest/mixed_10K_gds,52f0,10240,0/0
/spttest/mixed_10K_gdt,52f1,10240,0/0
/spttest/mixed_10K_gdu,52f2,10240,0/0
/spttest/mixed_10K_gdv,52f3,10240,0/0
/spttest/mixed_10K_gdw,52f4,10240,0/0
/spttest/mixed_10K_gdx,52f5,10240,0/0
/spttest/mixed_10K_gdy,52f6,10240,0/0
/spttest/mixed_10K_gdz,52f7,10240,0/0
/spttest/mixed_10K_ge0,52f8,10240,0/0
/spttest/mixed_10K_ge1,52f9,10240,0/0
/spttest/mixed_10K_ge2,52fa,10240,0/0
/spttest/mixed_10K_ge3,52fb,10240,0/0
/spttest/mixed_10K_ge4,52fc,10240,0/0
/spttest/mixed_10K_ge5,52fd,10240,0/0
/spttest/mixed_10K_ge6,52fe,10240,0/0
/spttest/mixed_10K_ge7,52ff,10240,0/0
/spttest/mixed_10K_ge8,5300,10240,0/0
/spttest/mixed_10K_ge9,5301,10240,0/0
/spttest/mixed_10K_gea,5302,10240,0/0
/spttest/mixed_10K_geb,5303,10240,0/0
/spttest/mixed_10K_gec,5304,10240,0/0
/spttest/mixed_10K_ged,5305,10240,0/0
/spttest/mixed_10K_gee,5306,10240,0/0
/spttest/mixed_10K_gef,5307,10240,0/0
/spttest/mixed_10K_geg,5308,10240,0/0
/spttest/mixed_10K_geh,5309,10240,0/0
/spttest/mixed_10K_gei,530a,10240,0/0
/spttest/mixed_10K_gej,530b,10240,0/0
/spttest/mixed_10K_gek,530c,10240,0/0
/spttest/mixed_10K_gel,530d,10240,0/0
/spttest/mixed_10K_gem,530e,10240,0/0
/spttest/mixed_10K_gen,530f,10240,0/0
/spttest/mixed_10K_geo,5310,10240,0/0
/spttest/mixed_10K_gep,5311,10240,0/0
/spttest/mixed_10K_geq,5312,10240,0/0
/spttest/mixed_10K_ger,5313,10240,0/0
/spttest/mixed_10K_ges,5314,10240,0/0
/spttest/mixed_10K_get,5315,10240,0/0
/spttest/mixed_10K_geu,5316,10240,0/0
/spttest/mixed_10K_gev,5317,10240,0/0
/spttest/mixed_10K_gew,5318,10240,0/0
/spttest/mixed_10K_gex,5319,10240,0/0
/spttest/mixed_10K_gey,531a,10240,0/0
/spttest/mixed_10K_gez,531b,10240,0/0
/spttest/mixed_10K_gf0,531c,10240,0/0
/spttest/mixed_10K_gf1,531d,10240,0/0
/spttest/mixed_10K_gf2,531e,10240,0/0
/spttest/mixed_10K_gf3,531f,10240,0/0
/spttest/mixed_10K_gf4,5320,10240,0/0
/spttest/mixed_10K_gf5,5321,10240,0/0
/spttest/mixed_10K_gf6,5322,10240,0/0
/spttest/mixed_10K_gf7,5323,10240,0/0
/spttest/mixed_10K_gf8,5324,10240,0/0
/spttest/mixed_10K_gf9,5325,10240,0/0
/spttest/mixed_10K_gfa,5326,10240,0/0
/spttest/mixed_10K_gfb,5327,10240,0/0
/spttest/mixed_10K_gfc,5328,10240,0/0
/spttest/mixed_10K_gfd,5329,10240,0/0
/spttest/mixed_10K_gfe,532a,10240,0/0
/spttest/mixed_10K_gff,532b,10240,0/0
/spttest/mixed_10K_gfg,532c,10240,0/0
/spttest/mixed_10K_gfh,532d,10240,0/0
/spttest/mixed_10K_gfi,532e,10240,0/0
/spttest/mixed_10K_gfj,532f,10240,0/0
/spttest/mixed_10K_gfk,5330,10240,0/0
/spttest/mixed_10K_gfl,5331,10240,0/0
/spttest/mixed_10K_gfm,5332,10240,0/0
/spttest/mixed_10K_gfn,5333,10240,0/0
/spttest/mixed_10K_gfo,5334,10240,0/0
/spttest/mixed_10K_gfp,5335,10240,0/0
/spttest/mixed_10K_gfq,5336,10240,0/0
/spttest/mixed_10K_gfr,5337,10240,0/0
/spttest/mixed_10K_gfs,5338,10240,0/0
/spttest/mixed_10K_gft,5339,10240,0/0
/spttest/mixed_10K_gfu,533a,10240,0/0
/spttest/mixed_10K_gfv,533b,10240,0/0
/spttest/mixed_10K_gfw,533c,10240,0/0
/spttest/mixed_10K_gfx,533d,10240,0/0
/spttest/mixed_10K_gfy,533e,10240,0/0
/spttest/mixed_10K_gfz,533f,10240,0/0
/spttest/mixed_10K_gg0,5340,10240,0/0
/spttest/mixed_10K_gg1,5341,10240,0/0
/spttest/mixed_10K_gg2,5342,10240,0/0
/spttest/mixed_10K_gg3,5343,10240,0/0
/spttest/mixed_10K_gg4,5344,10240,0/0
/spttest/mixed_10K_gg5,5345,10240,0/0
/spttest/mixed_10K_gg6,5346,10240,0/0
/spttest/mixed_10K_gg7,5347,10240,0/0
/spttest/mixed_10K_gg8,5348,10240,0/0
/spttest/mixed_10K_gg9,5349,10240,0/0
/spttest/mixed_10K_gga,534a,10240,0/0
/spttest/mixed_10K_ggb,534b,10240,0/0
/spttest/mixed_10K_ggc,534c,10240,0/0
/spttest/mixed_10K_ggd,534d,10240,0/0
/spttest/mixed_10K_gge,534e,10240,0/0
/spttest/mixed_10K_ggf,534f,10240,0/0
/spttest/mixed_10K_ggg,5350,10240,0/0
/spttest/mixed_10K_ggh,5351,10240,0/0
/spttest/mixed_10K_ggi,5352,10240,0/0
/spttest/mixed_10K_ggj,5353,10240,0/0
/spttest/mixed_10K_ggk,5354,10240,0/0
/spttest/mixed_10K_ggl,5355,10240,0/0
/spttest/mixed_10K_ggm,5356,10240,0/0
/spttest/mixed_10K_ggn,5357,10240,0/0
/spttest/mixed_10K_ggo,5358,10240,0/0
/spttest/mixed_10K_ggp,5359,10240,0/0
/spttest/mixed_10K_ggq,535a,10240,0/0
/spttest/mixed_10K_ggr,535b,10240,0/0
/spttest/mixed_10K_ggs,535c,10240,0/0
/spttest/mixed_10K_ggt,535d,10240,0/0
/spttest/mixed_10K_ggu,535e,10240,0/0
/spttest/mixed_10K_ggv,535f,10240,0/0
/spttest/mixed_10K_ggw,5360,10240,0/0
/spttest/mixed_10K_ggx,5361,10240,0/0
/spttest/mixed_10K_ggy,5362,10240,0/0
/spttest/mixed_10K_ggz,5363,10240,0/0
/spttest/mixed_10K_gh0,5364,10240,0/0
/spttest/mixed_10K_gh1,5365,10240,0/0
/spttest/mixed_10K_gh2,5366,10240,0/0
/spttest/mixed_10K_gh3,5367,10240,0/0
/spttest/mixed_10K_gh4,5368,10240,0/0
/spttest/mixed_10K_gh5,5369,10240,0/0
/spttest/mixed_10K_gh6,536a,10240,0/0
/spttest/mixed_10K_gh7,536b,10240,0/0
/spttest/mixed_10K_gh8,536c,10240,0/0
/spttest/mixed_10K_gh9,536d,10240,0/0
/spttest/mixed_10K_gha,536e,10240,0/0
/spttest/mixed_10K_ghb,536f,10240,0/0
/spttest/mixed_10K_ghc,5370,10240,0/0
/spttest/mixed_10K_ghd,5371,10240,0/0
/spttest/mixed_10K_ghe,5372,10240,0/0
/spttest/mixed_10K_ghf,5373,10240,0/0
/spttest/mixed_10K_ghg,5374,10240,0/0
/spttest/mixed_10K_ghh,5375,10240,0/0
/spttest/mixed_10K_ghi,5376,10240,0/0
/spttest/mixed_10K_ghj,5377,10240,0/0
/spttest/mixed_10K_ghk,5378,10240,0/0
/spttest/mixed_10K_ghl,5379,10240,0/0
/spttest/mixed_10K_ghm,537a,10240,0/0
/spttest/mixed_10K_ghn,537b,10240,0/0
/spttest/mixed_10K_gho,537c,10240,0/0
/spttest/mixed_10K_ghp,537d,10240,0/0
/spttest/mixed_10K_ghq,537e,10240,0/0
/spttest/mixed_10K_ghr,537f,10240,0/0
/spttest/mixed_10K_ghs,5380,10240,0/0
/spttest/mixed_10K_ght,5381,10240,0/0
/spttest/mixed_10K_ghu,5382,10240,0/0
/spttest/mixed_10K_ghv,5383,10240,0/0
/spttest/mixed_10K_ghw,5384,10240,0/0
/spttest/mixed_10K_ghx,5385,10240,0/0
/spttest/mixed_10K_ghy,5386,10240,0/0
/spttest/mixed_10K_ghz,5387,10240,0/0
/spttest/mixed_10K_gi0,5388,10240,0/0
/spttest/mixed_10K_gi1,5389,10240,0/0
/spttest/mixed_10K_gi2,538a,10240,0/0
/spttest/mixed_10K_gi3,538b,10240,0/0
/spttest/mixed_10K_gi4,538c,10240,0/0
/spttest/mixed_10K_gi5,538d,10240,0/0
/spttest/mixed_10K_gi6,538e,10240,0/0
/spttest/mixed_10K_gi7,538f,10240,0/0
/spttest/mixed_10K_gi8,5390,10240,0/0
/spttest/mixed_10K_gi9,5391,10240,0/0
/spttest/mixed_10K_gia,5392,10240,0/0
/spttest/mixed_10K_gib,5393,10240,0/0
/spttest/mixed_10K_gic,5394,10240,0/0
/spttest/mixed_10K_gid,5395,10240,0/0
/spttest/mixed_10K_gie,5396,10240,0/0
/spttest/mixed_10K_gif,5397,10240,0/0
/spttest/mixed_10K_gig,5398,10240,0/0
/spttest/mixed_10K_gih,5399,10240,0/0
/spttest/mixed_10K_gii,539a,10240,0/0
/spttest/mixed_10K_gij,539b,10240,0/0
/spttest/mixed_10K_gik,539c,10240,0/0
/spttest/mixed_10K_gil,539d,10240,0/0
/spttest/mixed_10K_gim,539e,10240,0/0
/spttest/mixed_10K_gin,539f,10240,0/0
/spttest/mixed_10K_gio,53a0,10240,0/0
/spttest/mixed_10K_gip,53a1,10240,0/0
/spttest/mixed_10K_giq,53a2,10240,0/0
/spttest/mixed_10K_gir,53a3,10240,0/0
/spttest/mixed_10K_gis,53a4,10240,0/0
/spttest/mixed_10K_git,53a5,10240,0/0
/spttest/mixed_10K_giu,53a6,10240,0/0
/spttest/mixed_10K_giv,53a7,10240,0/0
/spttest/mixed_10K_giw,53a8,10240,0/0
/spttest/mixed_10K_gix,53a9,10240,0/0
/spttest/mixed_10K_giy,53aa,10240,0/0
/spttest/mixed_10K_giz,53ab,10240,0/0
/spttest/mixed_10K_gj0,53ac,10240,0/0
/spttest/mixed_10K_gj1,53ad,10240,0/0
/spttest/mixed_10K_gj2,53ae,10240,0/0
/spttest/mixed_10K_gj3,53af,10240,0/0
/spttest/mixed_10K_gj4,53b0,10240,0/0
/spttest/mixed_10K_gj5,53b1,10240,0/0
/spttest/mixed_10K_gj6,53b2,10240,0/0
/spttest/mixed_10K_gj7,53b3,10240,0/0
/spttest/mixed_10K_gj8,53b4,10240,0/0
/spttest/mixed_10K_gj9,53b5,10240,0/0
/spttest/mixed_10K_gja,53b6,10240,0/0
/spttest/mixed_10K_gjb,53b7,10240,0/0
/spttest/mixed_10K_gjc,53b8,10240,0/0
/spttest/mixed_10K_gjd,53b9,10240,0/0
/spttest/mixed_10K_gje,53ba,10240,0/0
/spttest/mixed_10K_gjf,53bb,10240,0/0
/spttest/mixed_10K_gjg,53bc,10240,0/0
/spttest/mixed_10K_gjh,53bd,10240,0/0
/spttest/mixed_10K_gji,53be,10240,0/0
/spttest/mixed_10K_gjj,53bf,10240,0/0
/spttest/mixed_10K_gjk,53c0,10240,0/0
/spttest/mixed_10K_gjl,53c1,10240,0/0
/spttest/mixed_10K_gjm,53c2,10240,0/0
/spttest/mixed_10K_gjn,53c3,10240,0/0
/spttest/mixed_10K_gjo,53c4,10240,0/0
/spttest/mixed_10K_gjp,53c5,10240,0/0
/spttest/mixed_10K_gjq,53c6,10240,0/0
/spttest/mixed_10K_gjr,53c7,10240,0/0
/spttest/mixed_10K_gjs,53c8,10240,0/0
/spttest/mixed_10K_gjt,53c9,10240,0/0
/spttest/mixed_10K_gju,53ca,10240,0/0
/spttest/mixed_10K_gjv,53cb,10240,0/0
/spttest/mixed_10K_gjw,53cc,10240,0/0
/spttest/mixed_10K_gjx,53cd,10240,0/0
/spttest/mixed_10K_gjy,53ce,10240,0/0
/spttest/mixed_10K_gjz,53cf,10240,0/0
/spttest/mixed_10K_gk0,53d0,10240,0/0
/spttest/mixed_10K_gk1,53d1,10240,0/0
/spttest/mixed_10K_gk2,53d2,10240,0/0
/spttest/mixed_10K_gk3,53d3,10240,0/0
/spttest/mixed_10K_gk4,53d4,10240,0/0
/spttest/mixed_10K_gk5,53d5,10240,0/0
/spttest/mixed_10K_gk6,53d6,10240,0/0
/spttest/mixed_10K_gk7,53d7,10240,0/0
/spttest/mixed_10K_gk8,53d8,10240,0/0
/spttest/mixed_10K_gk9,53d9,10240,0/0
/spttest/mixed_10K_gka,53da,10240,0/0
/spttest/mixed_10K_gkb,53db,10240,0/0
/spttest/mixed_10K_gkc,53dc,10240,0/0
/spttest/mixed_10K_gkd,53dd,10240,0/0
/spttest/mixed_10K_gke,53de,10240,0/0
/spttest/mixed_10K_gkf,53df,10240,0/0
/spttest/mixed_10K_gkg,53e0,10240,0/0
/spttest/mixed_10K_gkh,53e1,10240,0/0
/spttest/mixed_10K_gki,53e2,10240,0/0
/spttest/mixed_10K_gkj,53e3,10240,0/0
/spttest/mixed_10K_gkk,53e4,10240,0/0
/spttest/mixed_10K_gkl,53e5,10240,0/0
/spttest/mixed_10K_gkm,53e6,10240,0/0
/spttest/mixed_10K_gkn,53e7,10240,0/0
/spttest/mixed_10K_gko,53e8,10240,0/0
/spttest/mixed_10K_gkp,53e9,10240,0/0
/spttest/mixed_10K_gkq,53ea,10240,0/0
/spttest/mixed_10K_gkr,53eb,10240,0/0
/spttest/mixed_10K_gks,53ec,10240,0/0
/spttest/mixed_10K_gkt,53ed,10240,0/0
/spttest/mixed_10K_gku,53ee,10240,0/0
/spttest/mixed_10K_gkv,53ef,10240,0/0
/spttest/mixed_10K_gkw,53f0,10240,0/0
/spttest/mixed_10K_gkx,53f1,10240,0/0
/spttest/mixed_10K_gky,53f2,10240,0/0
/spttest/mixed_10K_gkz,53f3,10240,0/0
/spttest/mixed_10K_gl0,53f4,10240,0/0
/spttest/mixed_10K_gl1,53f5,10240,0/0
/spttest/mixed_10K_gl2,53f6,10240,0/0
/spttest/mixed_10K_gl3,53f7,10240,0/0
/spttest/mixed_10K_gl4,53f8,10240,0/0
/spttest/mixed_10K_gl5,53f9,10240,0/0
/spttest/mixed_10K_gl6,53fa,10240,0/0
/spttest/mixed_10K_gl7,53fb,10240,0/0
/spttest/mixed_10K_gl8,53fc,10240,0/0
/spttest/mixed_10K_gl9,53fd,10240,0/0
/spttest/mixed_10K_gla,53fe,10240,0/0
/spttest/mixed_10K_glb,53ff,10240,0/0
/spttest/mixed_10K_glc,5400,10240,0/0
/spttest/mixed_10K_gld,5401,10240,0/0
/spttest/mixed_10K_gle,5402,10240,0/0
/spttest/mixed_10K_glf,5403,10240,0/0
/spttest/mixed_10K_glg,5404,10240,0/0
/spttest/mixed_10K_glh,5405,10240,0/0
/spttest/mixed_10K_gli,5406,10240,0/0
/spttest/mixed_10K_glj,5407,10240,0/0
/spttest/mixed_10K_glk,5408,10240,0/0
/spttest/mixed_10K_gll,5409,10240,0/0
/spttest/mixed_10K_glm,540a,10240,0/0
/spttest/mixed_10K_gln,540b,10240,0/0
/spttest/mixed_10K_glo,540c,10240,0/0
/spttest/mixed_10K_glp,540d,10240,0/0
/spttest/mixed_10K_glq,540e,10240,0/0
/spttest/mixed_10K_glr,540f,10240,0/0
/spttest/mixed_10K_gls,5410,10240,0/0
/spttest/mixed_10K_glt,5411,10240,0/0
/spttest/mixed_10K_glu,5412,10240,0/0
/spttest/mixed_10K_glv,5413,10240,0/0
/spttest/mixed_10K_glw,5414,10240,0/0
/spttest/mixed_10K_glx,5415,10240,0/0
/spttest/mixed_10K_gly,5416,10240,0/0
/spttest/mixed_10K_glz,5417,10240,0/0
/spttest/mixed_10K_gm0,5418,10240,0/0
/spttest/mixed_10K_gm1,5419,10240,0/0
/spttest/mixed_10K_gm2,541a,10240,0/0
/spttest/mixed_10K_gm3,541b,10240,0/0
/spttest/mixed_10K_gm4,541c,10240,0/0
/spttest/mixed_10K_gm5,541d,10240,0/0
/spttest/mixed_10K_gm6,541e,10240,0/0
/spttest/mixed_10K_gm7,541f,10240,0/0
/spttest/mixed_10K_gm8,5420,10240,0/0
/spttest/mixed_10K_gm9,5421,10240,0/0
/spttest/mixed_10K_gma,5422,10240,0/0
/spttest/mixed_10K_gmb,5423,10240,0/0
/spttest/mixed_10K_gmc,5424,10240,0/0
/spttest/mixed_10K_gmd,5425,10240,0/0
/spttest/mixed_10K_gme,5426,10240,0/0
/spttest/mixed_10K_gmf,5427,10240,0/0
/spttest/mixed_10K_gmg,5428,10240,0/0
/spttest/mixed_10K_gmh,5429,10240,0/0
/spttest/mixed_10K_gmi,542a,10240,0/0
/spttest/mixed_10K_gmj,542b,10240,0/0
/spttest/mixed_10K_gmk,542c,10240,0/0
/spttest/mixed_10K_gml,542d,10240,0/0
/spttest/mixed_10K_gmm,542e,10240,0/0
/spttest/mixed_10K_gmn,542f,10240,0/0
/spttest/mixed_10K_gmo,5430,10240,0/0
/spttest/mixed_10K_gmp,5431,10240,0/0
/spttest/mixed_10K_gmq,5432,10240,0/0
/spttest/mixed_10K_gmr,5433,10240,0/0
/spttest/mixed_10K_gms,5434,10240,0/0
/spttest/mixed_10K_gmt,5435,10240,0/0
/spttest/mixed_10K_gmu,5436,10240,0/0
/spttest/mixed_10K_gmv,5437,10240,0/0
/spttest/mixed_10K_gmw,5438,10240,0/0
/spttest/mixed_10K_gmx,5439,10240,0/0
/spttest/mixed_10K_gmy,543a,10240,0/0
/spttest/mixed_10K_gmz,543b,10240,0/0
/spttest/mixed_10K_gn0,543c,10240,0/0
/spttest/mixed_10K_gn1,543d,10240,0/0
/spttest/mixed_10K_gn2,543e,10240,0/0
/spttest/mixed_10K_gn3,543f,10240,0/0
/spttest/mixed_10K_gn4,5440,10240,0/0
/spttest/mixed_10K_gn5,5441,10240,0/0
/spttest/mixed_10K_gn6,5442,10240,0/0
/spttest/mixed_10K_gn7,5443,10240,0/0
/spttest/mixed_10K_gn8,5444,10240,0/0
/spttest/mixed_10K_gn9,5445,10240,0/0
/spttest/mixed_10K_gna,5446,10240,0/0
/spttest/mixed_10K_gnb,5447,10240,0/0
/spttest/mixed_10K_gnc,5448,10240,0/0
/spttest/mixed_10K_gnd,5449,10240,0/0
/spttest/mixed_10K_gne,544a,10240,0/0
/spttest/mixed_10K_gnf,544b,10240,0/0
/spttest/mixed_10K_gng,544c,10240,0/0
/spttest/mixed_10K_gnh,544d,10240,0/0
/spttest/mixed_10K_gni,544e,10240,0/0
/spttest/mixed_10K_gnj,544f,10240,0/0
/spttest/mixed_10K_gnk,5450,10240,0/0
/spttest/mixed_10K_gnl,5451,10240,0/0
/spttest/mixed_10K_gnm,5452,10240,0/0
/spttest/mixed_10K_gnn,5453,10240,0/0
/spttest/mixed_10K_gno,5454,10240,0/0
/spttest/mixed_10K_gnp,5455,10240,0/0
/spttest/mixed_10K_gnq,5456,10240,0/0
/spttest/mixed_10K_gnr,5457,10240,0/0
/spttest/mixed_10K_gns,5458,10240,0/0
/spttest/mixed_10K_gnt,5459,10240,0/0
/spttest/mixed_10K_gnu,545a,10240,0/0
/spttest/mixed_10K_gnv,545b,10240,0/0
/spttest/mixed_10K_gnw,545c,10240,0/0
/spttest/mixed_10K_gnx,545d,10240,0/0
/spttest/mixed_10K_gny,545e,10240,0/0
/spttest/mixed_10K_gnz,545f,10240,0/0
/spttest/mixed_10K_go0,5460,10240,0/0
/spttest/mixed_10K_go1,5461,10240,0/0
/spttest/mixed_10K_go2,5462,10240,0/0
/spttest/mixed_10K_go3,5463,10240,0/0
/spttest/mixed_10K_go4,5464,10240,0/0
/spttest/mixed_10K_go5,5465,10240,0/0
/spttest/mixed_10K_go6,5466,10240,0/0
/spttest/mixed_10K_go7,5467,10240,0/0
/spttest/mixed_10K_go8,5468,10240,0/0
/spttest/mixed_10K_go9,5469,10240,0/0
/spttest/mixed_10K_goa,546a,10240,0/0
/spttest/mixed_10K_gob,546b,10240,0/0
/spttest/mixed_10K_goc,546c,10240,0/0
/spttest/mixed_10K_god,546d,10240,0/0
/spttest/mixed_10K_goe,546e,10240,0/0
/spttest/mixed_10K_gof,546f,10240,0/0
/spttest/mixed_10K_gog,5470,10240,0/0
/spttest/mixed_10K_goh,5471,10240,0/0
/spttest/mixed_10K_goi,5472,10240,0/0
/spttest/mixed_10K_goj,5473,10240,0/0
/spttest/mixed_10K_gok,5474,10240,0/0
/spttest/mixed_10K_gol,5475,10240,0/0
/spttest/mixed_10K_gom,5476,10240,0/0
/spttest/mixed_10K_gon,5477,10240,0/0
/spttest/mixed_10K_goo,5478,10240,0/0
/spttest/mixed_10K_gop,5479,10240,0/0
/spttest/mixed_10K_goq,547a,10240,0/0
/spttest/mixed_10K_gor,547b,10240,0/0
/spttest/mixed_10K_gos,547c,10240,0/0
/spttest/mixed_10K_got,547d,10240,0/0
/spttest/mixed_10K_gou,547e,10240,0/0
/spttest/mixed_10K_gov,547f,10240,0/0
/spttest/mixed_10K_gow,5480,10240,0/0
/spttest/mixed_10K_gox,5481,10240,0/0
/spttest/mixed_10K_goy,5482,10240,0/0
/spttest/mixed_10K_goz,5483,10240,0/0
/spttest/mixed_10K_gp0,5484,10240,0/0
/spttest/mixed_10K_gp1,5485,10240,0/0
/spttest/mixed_10K_gp2,5486,10240,0/0
/spttest/mixed_10K_gp3,5487,10240,0/0
/spttest/mixed_10K_gp4,5488,10240,0/0
/spttest/mixed_10K_gp5,5489,10240,0/0
/spttest/mixed_10K_gp6,548a,10240,0/0
/spttest/mixed_10K_gp7,548b,10240,0/0
/spttest/mixed_10K_gp8,548c,10240,0/0
/spttest/mixed_10K_gp9,548d,10240,0/0
/spttest/mixed_10K_gpa,548e,10240,0/0
/spttest/mixed_10K_gpb,548f,10240,0/0
/spttest/mixed_10K_gpc,5490,10240,0/0
/spttest/mixed_10K_gpd,5491,10240,0/0
/spttest/mixed_10K_gpe,5492,10240,0/0
/spttest/mixed_10K_gpf,5493,10240,0/0
/spttest/mixed_10K_gpg,5494,10240,0/0
/spttest/mixed_10K_gph,5495,10240,0/0
/spttest/mixed_10K_gpi,5496,10240,0/0
/spttest/mixed_10K_gpj,5497,10240,0/0
/spttest/mixed_10K_gpk,5498,10240,0/0
/spttest/mixed_10K_gpl,5499,10240,0/0
/spttest/mixed_10K_gpm,549a,10240,0/0
/spttest/mixed_10K_gpn,549b,10240,0/0
/spttest/mixed_10K_gpo,549c,10240,0/0
/spttest/mixed_10K_gpp,549d,10240,0/0
/spttest/mixed_10K_gpq,549e,10240,0/0
/spttest/mixed_10K_gpr,549f,10240,0/0
/spttest/mixed_10K_gps,54a0,10240,0/0
/spttest/mixed_10K_gpt,54a1,10240,0/0
/spttest/mixed_10K_gpu,54a2,10240,0/0
/spttest/mixed_10K_gpv,54a3,10240,0/0
/spttest/mixed_10K_gpw,54a4,10240,0/0
/spttest/mixed_10K_gpx,54a5,10240,0/0
/spttest/mixed_10K_gpy,54a6,10240,0/0
/spttest/mixed_10K_gpz,54a7,10240,0/0
/spttest/mixed_10K_gq0,54a8,10240,0/0
/spttest/mixed_10K_gq1,54a9,10240,0/0
/spttest/mixed_10K_gq2,54aa,10240,0/0
/spttest/mixed_10K_gq3,54ab,10240,0/0
/spttest/mixed_10K_gq4,54ac,10240,0/0
/spttest/mixed_10K_gq5,54ad,10240,0/0
/spttest/mixed_10K_gq6,54ae,10240,0/0
/spttest/mixed_10K_gq7,54af,10240,0/0
/spttest/mixed_10K_gq8,54b0,10240,0/0
/spttest/mixed_10K_gq9,54b1,10240,0/0
/spttest/mixed_10K_gqa,54b2,10240,0/0
/spttest/mixed_10K_gqb,54b3,10240,0/0
/spttest/mixed_10K_gqc,54b4,10240,0/0
/spttest/mixed_10K_gqd,54b5,10240,0/0
/spttest/mixed_10K_gqe,54b6,10240,0/0
/spttest/mixed_10K_gqf,54b7,10240,0/0
/spttest/mixed_10K_gqg,54b8,10240,0/0
/spttest/mixed_10K_gqh,54b9,10240,0/0
/spttest/mixed_10K_gqi,54ba,10240,0/0
/spttest/mixed_10K_gqj,54bb,10240,0/0
/spttest/mixed_10K_gqk,54bc,10240,0/0
/spttest/mixed_10K_gql,54bd,10240,0/0
/spttest/mixed_10K_gqm,54be,10240,0/0
/spttest/mixed_10K_gqn,54bf,10240,0/0
/spttest/mixed_10K_gqo,54c0,10240,0/0
/spttest/mixed_10K_gqp,54c1,10240,0/0
/spttest/mixed_10K_gqq,54c2,10240,0/0
/spttest/mixed_10K_gqr,54c3,10240,0/0
/spttest/mixed_10K_gqs,54c4,10240,0/0
/spttest/mixed_10K_gqt,54c5,10240,0/0
/spttest/mixed_10K_gqu,54c6,10240,0/0
/spttest/mixed_10K_gqv,54c7,10240,0/0
/spttest/mixed_10K_gqw,54c8,10240,0/0
/spttest/mixed_10K_gqx,54c9,10240,0/0
/spttest/mixed_10K_gqy,54ca,10240,0/0
/spttest/mixed_10K_gqz,54cb,10240,0/0
/spttest/mixed_10K_gr0,54cc,10240,0/0
/spttest/mixed_10K_gr1,54cd,10240,0/0
/spttest/mixed_10K_gr2,54ce,10240,0/0
/spttest/mixed_10K_gr3,54cf,10240,0/0
/spttest/mixed_10K_gr4,54d0,10240,0/0
/spttest/mixed_10K_gr5,54d1,10240,0/0
/spttest/mixed_10K_gr6,54d2,10240,0/0
/spttest/mixed_10K_gr7,54d3,10240,0/0
/spttest/mixed_10K_gr8,54d4,10240,0/0
/spttest/mixed_10K_gr9,54d5,10240,0/0
/spttest/mixed_10K_gra,54d6,10240,0/0
/spttest/mixed_10K_grb,54d7,10240,0/0
/spttest/mixed_10K_grc,54d8,10240,0/0
/spttest/mixed_10K_grd,54d9,10240,0/0
/spttest/mixed_10K_gre,54da,10240,0/0
/spttest/mixed_10K_grf,54db,10240,0/0
/spttest/mixed_10K_grg,54dc,10240,0/0
/spttest/mixed_10K_grh,54dd,10240,0/0
/spttest/mixed_10K_gri,54de,10240,0/0
/spttest/mixed_10K_grj,54df,10240,0/0
/spttest/mixed_10K_grk,54e0,10240,0/0
/spttest/mixed_10K_grl,54e1,10240,0/0
/spttest/mixed_10K_grm,54e2,10240,0/0
/spttest/mixed_10K_grn,54e3,10240,0/0
/spttest/mixed_10K_gro,54e4,10240,0/0
/spttest/mixed_10K_grp,54e5,10240,0/0
/spttest/mixed_10K_grq,54e6,10240,0/0
/spttest/mixed_10K_grr,54e7,10240,0/0
/spttest/mixed_10K_grs,54e8,10240,0/0
/spttest/mixed_10K_grt,54e9,10240,0/0
/spttest/mixed_10K_gru,54ea,10240,0/0
/spttest/mixed_10K_grv,54eb,10240,0/0
/spttest/mixed_10K_grw,54ec,10240,0/0
/spttest/mixed_10K_grx,54ed,10240,0/0
/spttest/mixed_10K_gry,54ee,10240,0/0
/spttest/mixed_10K_grz,54ef,10240,0/0
/spttest/mixed_10K_gs0,54f0,10240,0/0
/spttest/mixed_10K_gs1,54f1,10240,0/0
/spttest/mixed_10K_gs2,54f2,10240,0/0
/spttest/mixed_10K_gs3,54f3,10240,0/0
/spttest/mixed_10K_gs4,54f4,10240,0/0
/spttest/mixed_10K_gs5,54f5,10240,0/0
/spttest/mixed_10K_gs6,54f6,10240,0/0
/spttest/mixed_10K_gs7,54f7,10240,0/0
/spttest/mixed_10K_gs8,54f8,10240,0/0
/spttest/mixed_10K_gs9,54f9,10240,0/0
/spttest/mixed_10K_gsa,54fa,10240,0/0
/spttest/mixed_10K_gsb,54fb,10240,0/0
/spttest/mixed_10K_gsc,54fc,10240,0/0
/spttest/mixed_10K_gsd,54fd,10240,0/0
/spttest/mixed_10K_gse,54fe,10240,0/0
/spttest/mixed_10K_gsf,54ff,10240,0/0
/spttest/mixed_10K_gsg,5500,10240,0/0
/spttest/mixed_10K_gsh,5501,10240,0/0
/spttest/mixed_10K_gsi,5502,10240,0/0
/spttest/mixed_10K_gsj,5503,10240,0/0
/spttest/mixed_10K_gsk,5504,10240,0/0
/spttest/mixed_10K_gsl,5505,10240,0/0
/spttest/mixed_10K_gsm,5506,10240,0/0
/spttest/mixed_10K_gsn,5507,10240,0/0
/spttest/mixed_10K_gso,5508,10240,0/0
/spttest/mixed_10K_gsp,5509,10240,0/0
/spttest/mixed_10K_gsq,550a,10240,0/0
/spttest/mixed_10K_gsr,550b,10240,0/0
/spttest/mixed_10K_gss,550c,10240,0/0
/spttest/mixed_10K_gst,550d,10240,0/0
/spttest/mixed_10K_gsu,550e,10240,0/0
/spttest/mixed_10K_gsv,550f,10240,0/0
/spttest/mixed_10K_gsw,5510,10240,0/0
/spttest/mixed_10K_gsx,5511,10240,0/0
/spttest/mixed_10K_gsy,5512,10240,0/0
/spttest/mixed_10K_gsz,5513,10240,0/0
/spttest/mixed_10K_gt0,5514,10240,0/0
/spttest/mixed_10K_gt1,5515,10240,0/0
/spttest/mixed_10K_gt2,5516,10240,0/0
/spttest/mixed_10K_gt3,5517,10240,0/0
/spttest/mixed_10K_gt4,5518,10240,0/0
/spttest/mixed_10K_gt5,5519,10240,0/0
/spttest/mixed_10K_gt6,551a,10240,0/0
/spttest/mixed_10K_gt7,551b,10240,0/0
/spttest/mixed_10K_gt8,551c,10240,0/0
/spttest/mixed_10K_gt9,551d,10240,0/0
/spttest/mixed_10K_gta,551e,10240,0/0
/spttest/mixed_10K_gtb,551f,10240,0/0
/spttest/mixed_10K_gtc,5520,10240,0/0
/spttest/mixed_10K_gtd,5521,10240,0/0
/spttest/mixed_10K_gte,5522,10240,0/0
/spttest/mixed_10K_gtf,5523,10240,0/0
/spttest/mixed_10K_gtg,5524,10240,0/0
/spttest/mixed_10K_gth,5525,10240,0/0
/spttest/mixed_10K_gti,5526,10240,0/0
/spttest/mixed_10K_gtj,5527,10240,0/0
/spttest/mixed_10K_gtk,5528,10240,0/0
/spttest/mixed_10K_gtl,5529,10240,0/0
/spttest/mixed_10K_gtm,552a,10240,0/0
/spttest/mixed_10K_gtn,552b,10240,0/0
/spttest/mixed_10K_gto,552c,10240,0/0
/spttest/mixed_10K_gtp,552d,10240,0/0
/spttest/mixed_10K_gtq,552e,10240,0/0
/spttest/mixed_10K_gtr,552f,10240,0/0
/spttest/mixed_10K_gts,5530,10240,0/0
/spttest/mixed_10K_gtt,5531,10240,0/0
/spttest/mixed_10K_gtu,5532,10240,0/0
/spttest/mixed_10K_gtv,5533,10240,0/0
/spttest/mixed_10K_gtw,5534,10240,0/0
/spttest/mixed_10K_gtx,5535,10240,0/0
/spttest/mixed_10K_gty,5536,10240,0/0
/spttest/mixed_10K_gtz,5537,10240,0/0
/spttest/mixed_10K_gu0,5538,10240,0/0
/spttest/mixed_10K_gu1,5539,10240,0/0
/spttest/mixed_10K_gu2,553a,10240,0/0
/spttest/mixed_10K_gu3,553b,10240,0/0
/spttest/mixed_10K_gu4,553c,10240,0/0
/spttest/mixed_10K_gu5,553d,10240,0/0
/spttest/mixed_10K_gu6,553e,10240,0/0
/spttest/mixed_10K_gu7,553f,10240,0/0
/spttest/mixed_10K_gu8,5540,10240,0/0
/spttest/mixed_10K_gu9,5541,10240,0/0
/spttest/mixed_10K_gua,5542,10240,0/0
/spttest/mixed_10K_gub,5543,10240,0/0
/spttest/mixed_10K_guc,5544,10240,0/0
/spttest/mixed_10K_gud,5545,10240,0/0
/spttest/mixed_10K_gue,5546,10240,0/0
/spttest/mixed_10K_guf,5547,10240,0/0
/spttest/mixed_10K_gug,5548,10240,0/0
/spttest/mixed_10K_guh,5549,10240,0/0
/spttest/mixed_10K_gui,554a,10240,0/0
/spttest/mixed_10K_guj,554b,10240,0/0
/spttest/mixed_10K_guk,554c,10240,0/0
/spttest/mixed_10K_gul,554d,10240,0/0
/spttest/mixed_10K_gum,554e,10240,0/0
/spttest/mixed_10K_gun,554f,10240,0/0
/spttest/mixed_10K_guo,5550,10240,0/0
/spttest/mixed_10K_gup,5551,10240,0/0
/spttest/mixed_10K_guq,5552,10240,0/0
/spttest/mixed_10K_gur,5553,10240,0/0
/spttest/mixed_10K_gus,5554,10240,0/0
/spttest/mixed_10K_gut,5555,10240,0/0
/spttest/mixed_10K_guu,5556,10240,0/0
/spttest/mixed_10K_guv,5557,10240,0/0
/spttest/mixed_10K_guw,5558,10240,0/0
/spttest/mixed_10K_gux,5559,10240,0/0
/spttest/mixed_10K_guy,555a,10240,0/0
/spttest/mixed_10K_guz,555b,10240,0/0
/spttest/mixed_10K_gv0,555c,10240,0/0
/spttest/mixed_10K_gv1,555d,10240,0/0
/spttest/mixed_10K_gv2,555e,10240,0/0
/spttest/mixed_10K_gv3,555f,10240,0/0
/spttest/mixed_10K_gv4,5560,10240,0/0
/spttest/mixed_10K_gv5,5561,10240,0/0
/spttest/mixed_10K_gv6,5562,10240,0/0
/spttest/mixed_10K_gv7,5563,10240,0/0
/spttest/mixed_10K_gv8,5564,10240,0/0
/spttest/mixed_10K_gv9,5565,10240,0/0
/spttest/mixed_10K_gva,5566,10240,0/0
/spttest/mixed_10K_gvb,5567,10240,0/0
/spttest/mixed_10K_gvc,5568,10240,0/0
/spttest/mixed_10K_gvd,5569,10240,0/0
/spttest/mixed_10K_gve,556a,10240,0/0
/spttest/mixed_10K_gvf,556b,10240,0/0
/spttest/mixed_10K_gvg,556c,10240,0/0
/spttest/mixed_10K_gvh,556d,10240,0/0
/spttest/mixed_10K_gvi,556e,10240,0/0
/spttest/mixed_10K_gvj,556f,10240,0/0
/spttest/mixed_10K_gvk,5570,10240,0/0
/spttest/mixed_10K_gvl,5571,10240,0/0
/spttest/mixed_10K_gvm,5572,10240,0/0
/spttest/mixed_10K_gvn,5573,10240,0/0
/spttest/mixed_10K_gvo,5574,10240,0/0
/spttest/mixed_10K_gvp,5575,10240,0/0
/spttest/mixed_10K_gvq,5576,10240,0/0
/spttest/mixed_10K_gvr,5577,10240,0/0
/spttest/mixed_10K_gvs,5578,10240,0/0
/spttest/mixed_10K_gvt,5579,10240,0/0
/spttest/mixed_10K_gvu,557a,10240,0/0
/spttest/mixed_10K_gvv,557b,10240,0/0
/spttest/mixed_10K_gvw,557c,10240,0/0
/spttest/mixed_10K_gvx,557d,10240,0/0
/spttest/mixed_10K_gvy,557e,10240,0/0
/spttest/mixed_10K_gvz,557f,10240,0/0
/spttest/mixed_10K_gw0,5580,10240,0/0
/spttest/mixed_10K_gw1,5581,10240,0/0
/spttest/mixed_10K_gw2,5582,10240,0/0
/spttest/mixed_10K_gw3,5583,10240,0/0
/spttest/mixed_10K_gw4,5584,10240,0/0
/spttest/mixed_10K_gw5,5585,10240,0/0
/spttest/mixed_10K_gw6,5586,10240,0/0
/spttest/mixed_10K_gw7,5587,10240,0/0
/spttest/mixed_10K_gw8,5588,10240,0/0
/spttest/mixed_10K_gw9,5589,10240,0/0
/spttest/mixed_10K_gwa,558a,10240,0/0
/spttest/mixed_10K_gwb,558b,10240,0/0
/spttest/mixed_10K_gwc,558c,10240,0/0
/spttest/mixed_10K_gwd,558d,10240,0/0
/spttest/mixed_10K_gwe,558e,10240,0/0
/spttest/mixed_10K_gwf,558f,10240,0/0
/spttest/mixed_10K_gwg,5590,10240,0/0
/spttest/mixed_10K_gwh,5591,10240,0/0
/spttest/mixed_10K_gwi,5592,10240,0/0
/spttest/mixed_10K_gwj,5593,10240,0/0
/spttest/mixed_10K_gwk,5594,10240,0/0
/spttest/mixed_10K_gwl,5595,10240,0/0
/spttest/mixed_10K_gwm,5596,10240,0/0
/spttest/mixed_10K_gwn,5597,10240,0/0
/spttest/mixed_10K_gwo,5598,10240,0/0
/spttest/mixed_10K_gwp,5599,10240,0/0
/spttest/mixed_10K_gwq,559a,10240,0/0
/spttest/mixed_10K_gwr,559b,10240,0/0
/spttest/mixed_10K_gws,559c,10240,0/0
/spttest/mixed_10K_gwt,559d,10240,0/0
/spttest/mixed_10K_gwu,559e,10240,0/0
/spttest/mixed_10K_gwv,559f,10240,0/0
/spttest/mixed_10K_gww,55a0,10240,0/0
/spttest/mixed_10K_gwx,55a1,10240,0/0
/spttest/mixed_10K_gwy,55a2,10240,0/0
/spttest/mixed_10K_gwz,55a3,10240,0/0
/spttest/mixed_10K_gx0,55a4,10240,0/0
/spttest/mixed_10K_gx1,55a5,10240,0/0
/spttest/mixed_10K_gx2,55a6,10240,0/0
/spttest/mixed_10K_gx3,55a7,10240,0/0
/spttest/mixed_10K_gx4,55a8,10240,0/0
/spttest/mixed_10K_gx5,55a9,10240,0/0
/spttest/mixed_10K_gx6,55aa,10240,0/0
/spttest/mixed_10K_gx7,55ab,10240,0/0
/spttest/mixed_10K_gx8,55ac,10240,0/0
/spttest/mixed_10K_gx9,55ad,10240,0/0
/spttest/mixed_10K_gxa,55ae,10240,0/0
/spttest/mixed_10K_gxb,55af,10240,0/0
/spttest/mixed_10K_gxc,55b0,10240,0/0
/spttest/mixed_10K_gxd,55b1,10240,0/0
/spttest/mixed_10K_gxe,55b2,10240,0/0
/spttest/mixed_10K_gxf,55b3,10240,0/0
/spttest/mixed_10K_gxg,55b4,10240,0/0
/spttest/mixed_10K_gxh,55b5,10240,0/0
/spttest/mixed_10K_gxi,55b6,10240,0/0
/spttest/mixed_10K_gxj,55b7,10240,0/0
/spttest/mixed_10K_gxk,55b8,10240,0/0
/spttest/mixed_10K_gxl,55b9,10240,0/0
/spttest/mixed_10K_gxm,55ba,10240,0/0
/spttest/mixed_10K_gxn,55bb,10240,0/0
/spttest/mixed_10K_gxo,55bc,10240,0/0
/spttest/mixed_10K_gxp,55bd,10240,0/0
/spttest/mixed_10K_gxq,55be,10240,0/0
/spttest/mixed_10K_gxr,55bf,10240,0/0
/spttest/mixed_10K_gxs,55c0,10240,0/0
/spttest/mixed_10K_gxt,55c1,10240,0/0
/spttest/mixed_10K_gxu,55c2,10240,0/0
/spttest/mixed_10K_gxv,55c3,10240,0/0
/spttest/mixed_10K_gxw,55c4,10240,0/0
/spttest/mixed_10K_gxx,55c5,10240,0/0
/spttest/mixed_10K_gxy,55c6,10240,0/0
/spttest/mixed_10K_gxz,55c7,10240,0/0
/spttest/mixed_10K_gy0,55c8,10240,0/0
/spttest/mixed_10K_gy1,55c9,10240,0/0
/spttest/mixed_10K_gy2,55ca,10240,0/0
/spttest/mixed_10K_gy3,55cb,10240,0/0
/spttest/mixed_10K_gy4,55cc,10240,0/0
/spttest/mixed_10K_gy5,55cd,10240,0/0
/spttest/mixed_10K_gy6,55ce,10240,0/0
/spttest/mixed_10K_gy7,55cf,10240,0/0
/spttest/mixed_10K_gy8,55d0,10240,0/0
/spttest/mixed_10K_gy9,55d1,10240,0/0
/spttest/mixed_10K_gya,55d2,10240,0/0
/spttest/mixed_10K_gyb,55d3,10240,0/0
/spttest/mixed_10K_gyc,55d4,10240,0/0
/spttest/mixed_10K_gyd,55d5,10240,0/0
/spttest/mixed_10K_gye,55d6,10240,0/0
/spttest/mixed_10K_gyf,55d7,10240,0/0
/spttest/mixed_10K_gyg,55d8,10240,0/0
/spttest/mixed_10K_gyh,55d9,10240,0/0
/spttest/mixed_10K_gyi,55da,10240,0/0
/spttest/mixed_10K_gyj,55db,10240,0/0
/spttest/mixed_10K_gyk,55dc,10240,0/0
/spttest/mixed_10K_gyl,55dd,10240,0/0
/spttest/mixed_10K_gym,55de,10240,0/0
/spttest/mixed_10K_gyn,55df,10240,0/0
/spttest/mixed_10K_gyo,55e0,10240,0/0
/spttest/mixed_10K_gyp,55e1,10240,0/0
/spttest/mixed_10K_gyq,55e2,10240,0/0
/spttest/mixed_10K_gyr,55e3,10240,0/0
/spttest/mixed_10K_gys,55e4,10240,0/0
/spttest/mixed_10K_gyt,55e5,10240,0/0
/spttest/mixed_10K_gyu,55e6,10240,0/0
/spttest/mixed_10K_gyv,55e7,10240,0/0
/spttest/mixed_10K_gyw,55e8,10240,0/0
/spttest/mixed_10K_gyx,55e9,10240,0/0
/spttest/mixed_10K_gyy,55ea,10240,0/0
/spttest/mixed_10K_gyz,55eb,10240,0/0
/spttest/mixed_10K_gz0,55ec,10240,0/0
/spttest/mixed_10K_gz1,55ed,10240,0/0
/spttest/mixed_10K_gz2,55ee,10240,0/0
/spttest/mixed_10K_gz3,55ef,10240,0/0
/spttest/mixed_10K_gz4,55f0,10240,0/0
/spttest/mixed_10K_gz5,55f1,10240,0/0
/spttest/mixed_10K_gz6,55f2,10240,0/0
/spttest/mixed_10K_gz7,55f3,10240,0/0
/spttest/mixed_10K_gz8,55f4,10240,0/0
/spttest/mixed_10K_gz9,55f5,10240,0/0
/spttest/mixed_10K_gza,55f6,10240,0/0
/spttest/mixed_10K_gzb,55f7,10240,0/0
/spttest/mixed_10K_gzc,55f8,10240,0/0
/spttest/mixed_10K_gzd,55f9,10240,0/0
/spttest/mixed_10K_gze,55fa,10240,0/0
/spttest/mixed_10K_gzf,55fb,10240,0/0
/spttest/mixed_10K_gzg,55fc,10240,0/0
/spttest/mixed_10K_gzh,55fd,10240,0/0
/spttest/mixed_10K_gzi,55fe,10240,0/0
/spttest/mixed_10K_gzj,55ff,10240,0/0
/spttest/mixed_10K_gzk,5600,10240,0/0
/spttest/mixed_10K_gzl,5601,10240,0/0
/spttest/mixed_10K_gzm,5602,10240,0/0
/spttest/mixed_10K_gzn,5603,10240,0/0
/spttest/mixed_10K_gzo,5604,10240,0/0
/spttest/mixed_10K_gzp,5605,10240,0/0
/spttest/mixed_10K_gzq,5606,10240,0/0
/spttest/mixed_10K_gzr,5607,10240,0/0
/spttest/mixed_10K_gzs,5608,10240,0/0
/spttest/mixed_10K_gzt,5609,10240,0/0
/spttest/mixed_10K_gzu,560a,10240,0/0
/spttest/mixed_10K_gzv,560b,10240,0/0
/spttest/mixed_10K_gzw,560c,10240,0/0
/spttest/mixed_10K_gzx,560d,10240,0/0
/spttest/mixed_10K_gzy,560e,10240,0/0
/spttest/mixed_10K_gzz,560f,10240,0/0
/spttest/mixed_10K_h00,5610,10240,0/0
/spttest/mixed_10K_h01,5611,10240,0/0
/spttest/mixed_10K_h02,5612,10240,0/0
/spttest/mixed_10K_h03,5613,10240,0/0
/spttest/mixed_10K_h04,5614,10240,0/0
/spttest/mixed_10K_h05,5615,10240,0/0
/spttest/mixed_10K_h06,5616,10240,0/0
/spttest/mixed_10K_h07,5617,10240,0/0
/spttest/mixed_10K_h08,5618,10240,0/0
/spttest/mixed_10K_h09,5619,10240,0/0
/spttest/mixed_10K_h0a,561a,10240,0/0
/spttest/mixed_10K_h0b,561b,10240,0/0
/spttest/mixed_10K_h0c,561c,10240,0/0
/spttest/mixed_10K_h0d,561d,10240,0/0
/spttest/mixed_10K_h0e,561e,10240,0/0
/spttest/mixed_10K_h0f,561f,10240,0/0
/spttest/mixed_10K_h0g,5620,10240,0/0
/spttest/mixed_10K_h0h,5621,10240,0/0
/spttest/mixed_10K_h0i,5622,10240,0/0
/spttest/mixed_10K_h0j,5623,10240,0/0
/spttest/mixed_10K_h0k,5624,10240,0/0
/spttest/mixed_10K_h0l,5625,10240,0/0
/spttest/mixed_10K_h0m,5626,10240,0/0
/spttest/mixed_10K_h0n,5627,10240,0/0
/spttest/mixed_10K_h0o,5628,10240,0/0
/spttest/mixed_10K_h0p,5629,10240,0/0
/spttest/mixed_10K_h0q,562a,10240,0/0
/spttest/mixed_10K_h0r,562b,10240,0/0
/spttest/mixed_10K_h0s,562c,10240,0/0
/spttest/mixed_10K_h0t,562d,10240,0/0
/spttest/mixed_10K_h0u,562e,10240,0/0
/spttest/mixed_10K_h0v,562f,10240,0/0
/spttest/mixed_10K_h0w,5630,10240,0/0
/spttest/mixed_10K_h0x,5631,10240,0/0
/spttest/mixed_10K_h0y,5632,10240,0/0
/spttest/mixed_10K_h0z,5633,10240,0/0
/spttest/mixed_10K_h10,5634,10240,0/0
/spttest/mixed_10K_h11,5635,10240,0/0
/spttest/mixed_10K_h12,5636,10240,0/0
/spttest/mixed_10K_h13,5637,10240,0/0
/spttest/mixed_10K_h14,5638,10240,0/0
/spttest/mixed_10K_h15,5639,10240,0/0
/spttest/mixed_10K_h16,563a,10240,0/0
/spttest/mixed_10K_h17,563b,10240,0/0
/spttest/mixed_10K_h18,563c,10240,0/0
/spttest/mixed_10K_h19,563d,10240,0/0
/spttest/mixed_10K_h1a,563e,10240,0/0
/spttest/mixed_10K_h1b,563f,10240,0/0
/spttest/mixed_10K_h1c,5640,10240,0/0
/spttest/mixed_10K_h1d,5641,10240,0/0
/spttest/mixed_10K_h1e,5642,10240,0/0
/spttest/mixed_10K_h1f,5643,10240,0/0
/spttest/mixed_10K_h1g,5644,10240,0/0
/spttest/mixed_10K_h1h,5645,10240,0/0
/spttest/mixed_10K_h1i,5646,10240,0/0
/spttest/mixed_10K_h1j,5647,10240,0/0
/spttest/mixed_10K_h1k,5648,10240,0/0
/spttest/mixed_10K_h1l,5649,10240,0/0
/spttest/mixed_10K_h1m,564a,10240,0/0
/spttest/mixed_10K_h1n,564b,10240,0/0
/spttest/mixed_10K_h1o,564c,10240,0/0
/spttest/mixed_10K_h1p,564d,10240,0/0
/spttest/mixed_10K_h1q,564e,10240,0/0
/spttest/mixed_10K_h1r,564f,10240,0/0
/spttest/mixed_10K_h1s,5650,10240,0/0
/spttest/mixed_10K_h1t,5651,10240,0/0
/spttest/mixed_10K_h1u,5652,10240,0/0
/spttest/mixed_10K_h1v,5653,10240,0/0
/spttest/mixed_10K_h1w,5654,10240,0/0
/spttest/mixed_10K_h1x,5655,10240,0/0
/spttest/mixed_10K_h1y,5656,10240,0/0
/spttest/mixed_10K_h1z,5657,10240,0/0
/spttest/mixed_10K_h20,5658,10240,0/0
/spttest/mixed_10K_h21,5659,10240,0/0
/spttest/mixed_10K_h22,565a,10240,0/0
/spttest/mixed_10K_h23,565b,10240,0/0
/spttest/mixed_10K_h24,565c,10240,0/0
/spttest/mixed_10K_h25,565d,10240,0/0
/spttest/mixed_10K_h26,565e,10240,0/0
/spttest/mixed_10K_h27,565f,10240,0/0
/spttest/mixed_10K_h28,5660,10240,0/0
/spttest/mixed_10K_h29,5661,10240,0/0
/spttest/mixed_10K_h2a,5662,10240,0/0
/spttest/mixed_10K_h2b,5663,10240,0/0
/spttest/mixed_10K_h2c,5664,10240,0/0
/spttest/mixed_10K_h2d,5665,10240,0/0
/spttest/mixed_10K_h2e,5666,10240,0/0
/spttest/mixed_10K_h2f,5667,10240,0/0
/spttest/mixed_10K_h2g,5668,10240,0/0
/spttest/mixed_10K_h2h,5669,10240,0/0
/spttest/mixed_10K_h2i,566a,10240,0/0
/spttest/mixed_10K_h2j,566b,10240,0/0
/spttest/mixed_10K_h2k,566c,10240,0/0
/spttest/mixed_10K_h2l,566d,10240,0/0
/spttest/mixed_10K_h2m,566e,10240,0/0
/spttest/mixed_10K_h2n,566f,10240,0/0
/spttest/mixed_10K_h2o,5670,10240,0/0
/spttest/mixed_10K_h2p,5671,10240,0/0
/spttest/mixed_10K_h2q,5672,10240,0/0
/spttest/mixed_10K_h2r,5673,10240,0/0
/spttest/mixed_10K_h2s,5674,10240,0/0
/spttest/mixed_10K_h2t,5675,10240,0/0
/spttest/mixed_10K_h2u,5676,10240,0/0
/spttest/mixed_10K_h2v,5677,10240,0/0
/spttest/mixed_10K_h2w,5678,10240,0/0
/spttest/mixed_10K_h2x,5679,10240,0/0
/spttest/mixed_10K_h2y,567a,10240,0/0
/spttest/mixed_10K_h2z,567b,10240,0/0
/spttest/mixed_10K_h30,567c,10240,0/0
/spttest/mixed_10K_h31,567d,10240,0/0
/spttest/mixed_10K_h32,567e,10240,0/0
/spttest/mixed_10K_h33,567f,10240,0/0
/spttest/mixed_10K_h34,5680,10240,0/0
/spttest/mixed_10K_h35,5681,10240,0/0
/spttest/mixed_10K_h36,5682,10240,0/0
/spttest/mixed_10K_h37,5683,10240,0/0
/spttest/mixed_10K_h38,5684,10240,0/0
/spttest/mixed_10K_h39,5685,10240,0/0
/spttest/mixed_10K_h3a,5686,10240,0/0
/spttest/mixed_10K_h3b,5687,10240,0/0
/spttest/mixed_10K_h3c,5688,10240,0/0
/spttest/mixed_10K_h3d,5689,10240,0/0
/spttest/mixed_10K_h3e,568a,10240,0/0
/spttest/mixed_10K_h3f,568b,10240,0/0
/spttest/mixed_10K_h3g,568c,10240,0/0
/spttest/mixed_10K_h3h,568d,10240,0/0
/spttest/mixed_10K_h3i,568e,10240,0/0
/spttest/mixed_10K_h3j,568f,10240,0/0
/spttest/mixed_10K_h3k,5690,10240,0/0
/spttest/mixed_10K_h3l,5691,10240,0/0
/spttest/mixed_10K_h3m,5692,10240,0/0
/spttest/mixed_10K_h3n,5693,10240,0/0
/spttest/mixed_10K_h3o,5694,10240,0/0
/spttest/mixed_10K_h3p,5695,10240,0/0
/spttest/mixed_10K_h3q,5696,10240,0/0
/spttest/mixed_10K_h3r,5697,10240,0/0
/spttest/mixed_10K_h3s,5698,10240,0/0
/spttest/mixed_10K_h3t,5699,10240,0/0
/spttest/mixed_10K_h3u,569a,10240,0/0
/spttest/mixed_10K_h3v,569b,10240,0/0
/spttest/mixed_10K_h3w,569c,10240,0/0
/spttest/mixed_10K_h3x,569d,10240,0/0
/spttest/mixed_10K_h3y,569e,10240,0/0
/spttest/mixed_10K_h3z,569f,10240,0/0
/spttest/mixed_10K_h40,56a0,10240,0/0
/spttest/mixed_10K_h41,56a1,10240,0/0
/spttest/mixed_10K_h42,56a2,10240,0/0
/spttest/mixed_10K_h43,56a3,10240,0/0
/spttest/mixed_10K_h44,56a4,10240,0/0
/spttest/mixed_10K_h45,56a5,10240,0/0
/spttest/mixed_10K_h46,56a6,10240,0/0
/spttest/mixed_10K_h47,56a7,10240,0/0
/spttest/mixed_10K_h48,56a8,10240,0/0
/spttest/mixed_10K_h49,56a9,10240,0/0
/spttest/mixed_10K_h4a,56aa,10240,0/0
/spttest/mixed_10K_h4b,56ab,10240,0/0
/spttest/mixed_10K_h4c,56ac,10240,0/0
/spttest/mixed_10K_h4d,56ad,10240,0/0
/spttest/mixed_10K_h4e,56ae,10240,0/0
/spttest/mixed_10K_h4f,56af,10240,0/0
/spttest/mixed_10K_h4g,56b0,10240,0/0
/spttest/mixed_10K_h4h,56b1,10240,0/0
/spttest/mixed_10K_h4i,56b2,10240,0/0
/spttest/mixed_10K_h4j,56b3,10240,0/0
/spttest/mixed_10K_h4k,56b4,10240,0/0
/spttest/mixed_10K_h4l,56b5,10240,0/0
/spttest/mixed_10K_h4m,56b6,10240,0/0
/spttest/mixed_10K_h4n,56b7,10240,0/0
/spttest/mixed_10K_h4o,56b8,10240,0/0
/spttest/mixed_10K_h4p,56b9,10240,0/0
/spttest/mixed_10K_h4q,56ba,10240,0/0
/spttest/mixed_10K_h4r,56bb,10240,0/0
/spttest/mixed_10K_h4s,56bc,10240,0/0
/spttest/mixed_10K_h4t,56bd,10240,0/0
/spttest/mixed_10K_h4u,56be,10240,0/0
/spttest/mixed_10K_h4v,56bf,10240,0/0
/spttest/mixed_10K_h4w,56c0,10240,0/0
/spttest/mixed_10K_h4x,56c1,10240,0/0
/spttest/mixed_10K_h4y,56c2,10240,0/0
/spttest/mixed_10K_h4z,56c3,10240,0/0
/spttest/mixed_10K_h50,56c4,10240,0/0
/spttest/mixed_10K_h51,56c5,10240,0/0
/spttest/mixed_10K_h52,56c6,10240,0/0
/spttest/mixed_10K_h53,56c7,10240,0/0
/spttest/mixed_10K_h54,56c8,10240,0/0
/spttest/mixed_10K_h55,56c9,10240,0/0
/spttest/mixed_10K_h56,56ca,10240,0/0
/spttest/mixed_10K_h57,56cb,10240,0/0
/spttest/mixed_10K_h58,56cc,10240,0/0
/spttest/mixed_10K_h59,56cd,10240,0/0
/spttest/mixed_10K_h5a,56ce,10240,0/0
/spttest/mixed_10K_h5b,56cf,10240,0/0
/spttest/mixed_10K_h5c,56d0,10240,0/0
/spttest/mixed_10K_h5d,56d1,10240,0/0
/spttest/mixed_10K_h5e,56d2,10240,0/0
/spttest/mixed_10K_h5f,56d3,10240,0/0
/spttest/mixed_10K_h5g,56d4,10240,0/0
/spttest/mixed_10K_h5h,56d5,10240,0/0
/spttest/mixed_10K_h5i,56d6,10240,0/0
/spttest/mixed_10K_h5j,56d7,10240,0/0
/spttest/mixed_10K_h5k,56d8,10240,0/0
/spttest/mixed_10K_h5l,56d9,10240,0/0
/spttest/mixed_10K_h5m,56da,10240,0/0
/spttest/mixed_10K_h5n,56db,10240,0/0
/spttest/mixed_10K_h5o,56dc,10240,0/0
/spttest/mixed_10K_h5p,56dd,10240,0/0
/spttest/mixed_10K_h5q,56de,10240,0/0
/spttest/mixed_10K_h5r,56df,10240,0/0
/spttest/mixed_10K_h5s,56e0,10240,0/0
/spttest/mixed_10K_h5t,56e1,10240,0/0
/spttest/mixed_10K_h5u,56e2,10240,0/0
/spttest/mixed_10K_h5v,56e3,10240,0/0
/spttest/mixed_10K_h5w,56e4,10240,0/0
/spttest/mixed_10K_h5x,56e5,10240,0/0
/spttest/mixed_10K_h5y,56e6,10240,0/0
/spttest/mixed_10K_h5z,56e7,10240,0/0
/spttest/mixed_10K_h60,56e8,10240,0/0
/spttest/mixed_10K_h61,56e9,10240,0/0
/spttest/mixed_10K_h62,56ea,10240,0/0
/spttest/mixed_10K_h63,56eb,10240,0/0
/spttest/mixed_10K_h64,56ec,10240,0/0
/spttest/mixed_10K_h65,56ed,10240,0/0
/spttest/mixed_10K_h66,56ee,10240,0/0
/spttest/mixed_10K_h67,56ef,10240,0/0
/spttest/mixed_10K_h68,56f0,10240,0/0
/spttest/mixed_10K_h69,56f1,10240,0/0
/spttest/mixed_10K_h6a,56f2,10240,0/0
/spttest/mixed_10K_h6b,56f3,10240,0/0
/spttest/mixed_10K_h6c,56f4,10240,0/0
/spttest/mixed_10K_h6d,56f5,10240,0/0
/spttest/mixed_10K_h6e,56f6,10240,0/0
/spttest/mixed_10K_h6f,56f7,10240,0/0
/spttest/mixed_10K_h6g,56f8,10240,0/0
/spttest/mixed_10K_h6h,56f9,10240,0/0
/spttest/mixed_10K_h6i,56fa,10240,0/0
/spttest/mixed_10K_h6j,56fb,10240,0/0
/spttest/mixed_10K_h6k,56fc,10240,0/0
/spttest/mixed_10K_h6l,56fd,10240,0/0
/spttest/mixed_10K_h6m,56fe,10240,0/0
/spttest/mixed_10K_h6n,56ff,10240,0/0
/spttest/mixed_10K_h6o,5700,10240,0/0
/spttest/mixed_10K_h6p,5701,10240,0/0
/spttest/mixed_10K_h6q,5702,10240,0/0
/spttest/mixed_10K_h6r,5703,10240,0/0
/spttest/mixed_10K_h6s,5704,10240,0/0
/spttest/mixed_10K_h6t,5705,10240,0/0
/spttest/mixed_10K_h6u,5706,10240,0/0
/spttest/mixed_10K_h6v,5707,10240,0/0
/spttest/mixed_10K_h6w,5708,10240,0/0
/spttest/mixed_10K_h6x,5709,10240,0/0
/spttest/mixed_10K_h6y,570a,10240,0/0
/spttest/mixed_10K_h6z,570b,10240,0/0
/spttest/mixed_10K_h70,570c,10240,0/0
/spttest/mixed_10K_h71,570d,10240,0/0
/spttest/mixed_10K_h72,570e,10240,0/0
/spttest/mixed_10K_h73,570f,10240,0/0
/spttest/mixed_10K_h74,5710,10240,0/0
/spttest/mixed_10K_h75,5711,10240,0/0
/spttest/mixed_10K_h76,5712,10240,0/0
/spttest/mixed_10K_h77,5713,10240,0/0
/spttest/mixed_10K_h78,5714,10240,0/0
/spttest/mixed_10K_h79,5715,10240,0/0
/spttest/mixed_10K_h7a,5716,10240,0/0
/spttest/mixed_10K_h7b,5717,10240,0/0
/spttest/mixed_10K_h7c,5718,10240,0/0
/spttest/mixed_10K_h7d,5719,10240,0/0
/spttest/mixed_10K_h7e,571a,10240,0/0
/spttest/mixed_10K_h7f,571b,10240,0/0
/spttest/mixed_10K_h7g,571c,10240,0/0
/spttest/mixed_10K_h7h,571d,10240,0/0
/spttest/mixed_10K_h7i,571e,10240,0/0
/spttest/mixed_10K_h7j,571f,10240,0/0
/spttest/mixed_10K_h7k,5720,10240,0/0
/spttest/mixed_10K_h7l,5721,10240,0/0
/spttest/mixed_10K_h7m,5722,10240,0/0
/spttest/mixed_10K_h7n,5723,10240,0/0
/spttest/mixed_10K_h7o,5724,10240,0/0
/spttest/mixed_10K_h7p,5725,10240,0/0
/spttest/mixed_10K_h7q,5726,10240,0/0
/spttest/mixed_10K_h7r,5727,10240,0/0
/spttest/mixed_10K_h7s,5728,10240,0/0
/spttest/mixed_10K_h7t,5729,10240,0/0
/spttest/mixed_10K_h7u,572a,10240,0/0
/spttest/mixed_10K_h7v,572b,10240,0/0
/spttest/mixed_10K_h7w,572c,10240,0/0
/spttest/mixed_10K_h7x,572d,10240,0/0
/spttest/mixed_10K_h7y,572e,10240,0/0
/spttest/mixed_10K_h7z,572f,10240,0/0
/spttest/mixed_10K_h80,5730,10240,0/0
/spttest/mixed_10K_h81,5731,10240,0/0
/spttest/mixed_10K_h82,5732,10240,0/0
/spttest/mixed_10K_h83,5733,10240,0/0
/spttest/mixed_10K_h84,5734,10240,0/0
/spttest/mixed_10K_h85,5735,10240,0/0
/spttest/mixed_10K_h86,5736,10240,0/0
/spttest/mixed_10K_h87,5737,10240,0/0
/spttest/mixed_10K_h88,5738,10240,0/0
/spttest/mixed_10K_h89,5739,10240,0/0
/spttest/mixed_10K_h8a,573a,10240,0/0
/spttest/mixed_10K_h8b,573b,10240,0/0
/spttest/mixed_10K_h8c,573c,10240,0/0
/spttest/mixed_10K_h8d,573d,10240,0/0
/spttest/mixed_10K_h8e,573e,10240,0/0
/spttest/mixed_10K_h8f,573f,10240,0/0
/spttest/mixed_10K_h8g,5740,10240,0/0
/spttest/mixed_10K_h8h,5741,10240,0/0
/spttest/mixed_10K_h8i,5742,10240,0/0
/spttest/mixed_10K_h8j,5743,10240,0/0
/spttest/mixed_10K_h8k,5744,10240,0/0
/spttest/mixed_10K_h8l,5745,10240,0/0
/spttest/mixed_10K_h8m,5746,10240,0/0
/spttest/mixed_10K_h8n,5747,10240,0/0
/spttest/mixed_10K_h8o,5748,10240,0/0
/spttest/mixed_10K_h8p,5749,10240,0/0
/spttest/mixed_10K_h8q,574a,10240,0/0
/spttest/mixed_10K_h8r,574b,10240,0/0
/spttest/mixed_10K_h8s,574c,10240,0/0
/spttest/mixed_10K_h8t,574d,10240,0/0
/spttest/mixed_10K_h8u,574e,10240,0/0
/spttest/mixed_10K_h8v,574f,10240,0/0
/spttest/mixed_10K_h8w,5750,10240,0/0
/spttest/mixed_10K_h8x,5751,10240,0/0
/spttest/mixed_10K_h8y,5752,10240,0/0
/spttest/mixed_10K_h8z,5753,10240,0/0
/spttest/mixed_10K_h90,5754,10240,0/0
/spttest/mixed_10K_h91,5755,10240,0/0
/spttest/mixed_10K_h92,5756,10240,0/0
/spttest/mixed_10K_h93,5757,10240,0/0
/spttest/mixed_10K_h94,5758,10240,0/0
/spttest/mixed_10K_h95,5759,10240,0/0
/spttest/mixed_10K_h96,575a,10240,0/0
/spttest/mixed_10K_h97,575b,10240,0/0
/spttest/mixed_10K_h98,575c,10240,0/0
/spttest/mixed_10K_h99,575d,10240,0/0
/spttest/mixed_10K_h9a,575e,10240,0/0
/spttest/mixed_10K_h9b,575f,10240,0/0
/spttest/mixed_10K_h9c,5760,10240,0/0
/spttest/mixed_10K_h9d,5761,10240,0/0
/spttest/mixed_10K_h9e,5762,10240,0/0
/spttest/mixed_10K_h9f,5763,10240,0/0
/spttest/mixed_10K_h9g,5764,10240,0/0
/spttest/mixed_10K_h9h,5765,10240,0/0
/spttest/mixed_10K_h9i,5766,10240,0/0
/spttest/mixed_10K_h9j,5767,10240,0/0
/spttest/mixed_10K_h9k,5768,10240,0/0
/spttest/mixed_10K_h9l,5769,10240,0/0
/spttest/mixed_10K_h9m,576a,10240,0/0
/spttest/mixed_10K_h9n,576b,10240,0/0
/spttest/mixed_10K_h9o,576c,10240,0/0
/spttest/mixed_10K_h9p,576d,10240,0/0
/spttest/mixed_10K_h9q,576e,10240,0/0
/spttest/mixed_10K_h9r,576f,10240,0/0
/spttest/mixed_10K_h9s,5770,10240,0/0
/spttest/mixed_10K_h9t,5771,10240,0/0
/spttest/mixed_10K_h9u,5772,10240,0/0
/spttest/mixed_10K_h9v,5773,10240,0/0
/spttest/mixed_10K_h9w,5774,10240,0/0
/spttest/mixed_10K_h9x,5775,10240,0/0
/spttest/mixed_10K_h9y,5776,10240,0/0
/spttest/mixed_10K_h9z,5777,10240,0/0
/spttest/mixed_10K_ha0,5778,10240,0/0
/spttest/mixed_10K_ha1,5779,10240,0/0
/spttest/mixed_10K_ha2,577a,10240,0/0
/spttest/mixed_10K_ha3,577b,10240,0/0
/spttest/mixed_10K_ha4,577c,10240,0/0
/spttest/mixed_10K_ha5,577d,10240,0/0
/spttest/mixed_10K_ha6,577e,10240,0/0
/spttest/mixed_10K_ha7,577f,10240,0/0
/spttest/mixed_10K_ha8,5780,10240,0/0
/spttest/mixed_10K_ha9,5781,10240,0/0
/spttest/mixed_10K_haa,5782,10240,0/0
/spttest/mixed_10K_hab,5783,10240,0/0
/spttest/mixed_10K_hac,5784,10240,0/0
/spttest/mixed_10K_had,5785,10240,0/0
/spttest/mixed_10K_hae,5786,10240,0/0
/spttest/mixed_10K_haf,5787,10240,0/0
/spttest/mixed_10K_hag,5788,10240,0/0
/spttest/mixed_10K_hah,5789,10240,0/0
/spttest/mixed_10K_hai,578a,10240,0/0
/spttest/mixed_10K_haj,578b,10240,0/0
/spttest/mixed_10K_hak,578c,10240,0/0
/spttest/mixed_10K_hal,578d,10240,0/0
/spttest/mixed_10K_ham,578e,10240,0/0
/spttest/mixed_10K_han,578f,10240,0/0
/spttest/mixed_10K_hao,5790,10240,0/0
/spttest/mixed_10K_hap,5791,10240,0/0
/spttest/mixed_10K_haq,5792,10240,0/0
/spttest/mixed_10K_har,5793,10240,0/0
/spttest/mixed_10K_has,5794,10240,0/0
/spttest/mixed_10K_hat,5795,10240,0/0
/spttest/mixed_10K_hau,5796,10240,0/0
/spttest/mixed_10K_hav,5797,10240,0/0
/spttest/mixed_10K_haw,5798,10240,0/0
/spttest/mixed_10K_hax,5799,10240,0/0
/spttest/mixed_10K_hay,579a,10240,0/0
/spttest/mixed_10K_haz,579b,10240,0/0
/spttest/mixed_10K_hb0,579c,10240,0/0
/spttest/mixed_10K_hb1,579d,10240,0/0
/spttest/mixed_10K_hb2,579e,10240,0/0
/spttest/mixed_10K_hb3,579f,10240,0/0
/spttest/mixed_10K_hb4,57a0,10240,0/0
/spttest/mixed_10K_hb5,57a1,10240,0/0
/spttest/mixed_10K_hb6,57a2,10240,0/0
/spttest/mixed_10K_hb7,57a3,10240,0/0
/spttest/mixed_10K_hb8,57a4,10240,0/0
/spttest/mixed_10K_hb9,57a5,10240,0/0
/spttest/mixed_10K_hba,57a6,10240,0/0
/spttest/mixed_10K_hbb,57a7,10240,0/0
/spttest/mixed_10K_hbc,57a8,10240,0/0
/spttest/mixed_10K_hbd,57a9,10240,0/0
/spttest/mixed_10K_hbe,57aa,10240,0/0
/spttest/mixed_10K_hbf,57ab,10240,0/0
/spttest/mixed_10K_hbg,57ac,10240,0/0
/spttest/mixed_10K_hbh,57ad,10240,0/0
/spttest/mixed_10K_hbi,57ae,10240,0/0
/spttest/mixed_10K_hbj,57af,10240,0/0
/spttest/mixed_10K_hbk,57b0,10240,0/0
/spttest/mixed_10K_hbl,57b1,10240,0/0
/spttest/mixed_10K_hbm,57b2,10240,0/0
/spttest/mixed_10K_hbn,57b3,10240,0/0
/spttest/mixed_10K_hbo,57b4,10240,0/0
/spttest/mixed_10K_hbp,57b5,10240,0/0
/spttest/mixed_10K_hbq,57b6,10240,0/0
/spttest/mixed_10K_hbr,57b7,10240,0/0
/spttest/mixed_10K_hbs,57b8,10240,0/0
/spttest/mixed_10K_hbt,57b9,10240,0/0
/spttest/mixed_10K_hbu,57ba,10240,0/0
/spttest/mixed_10K_hbv,57bb,10240,0/0
/spttest/mixed_10K_hbw,57bc,10240,0/0
/spttest/mixed_10K_hbx,57bd,10240,0/0
/spttest/mixed_10K_hby,57be,10240,0/0
/spttest/mixed_10K_hbz,57bf,10240,0/0
/spttest/mixed_10K_hc0,57c0,10240,0/0
/spttest/mixed_10K_hc1,57c1,10240,0/0
/spttest/mixed_10K_hc2,57c2,10240,0/0
/spttest/mixed_10K_hc3,57c3,10240,0/0
/spttest/mixed_10K_hc4,57c4,10240,0/0
/spttest/mixed_10K_hc5,57c5,10240,0/0
/spttest/mixed_10K_hc6,57c6,10240,0/0
/spttest/mixed_10K_hc7,57c7,10240,0/0
/spttest/mixed_10K_hc8,57c8,10240,0/0
/spttest/mixed_10K_hc9,57c9,10240,0/0
/spttest/mixed_10K_hca,57ca,10240,0/0
/spttest/mixed_10K_hcb,57cb,10240,0/0
/spttest/mixed_10K_hcc,57cc,10240,0/0
/spttest/mixed_10K_hcd,57cd,10240,0/0
/spttest/mixed_10K_hce,57ce,10240,0/0
/spttest/mixed_10K_hcf,57cf,10240,0/0
/spttest/mixed_10K_hcg,57d0,10240,0/0
/spttest/mixed_10K_hch,57d1,10240,0/0
/spttest/mixed_10K_hci,57d2,10240,0/0
/spttest/mixed_10K_hcj,57d3,10240,0/0
/spttest/mixed_10K_hck,57d4,10240,0/0
/spttest/mixed_10K_hcl,57d5,10240,0/0
/spttest/mixed_10K_hcm,57d6,10240,0/0
/spttest/mixed_10K_hcn,57d7,10240,0/0
/spttest/mixed_10K_hco,57d8,10240,0/0
/spttest/mixed_10K_hcp,57d9,10240,0/0
/spttest/mixed_10K_hcq,57da,10240,0/0
/spttest/mixed_10K_hcr,57db,10240,0/0
/spttest/mixed_10K_hcs,57dc,10240,0/0
/spttest/mixed_10K_hct,57dd,10240,0/0
/spttest/mixed_10K_hcu,57de,10240,0/0
/spttest/mixed_10K_hcv,57df,10240,0/0
/spttest/mixed_10K_hcw,57e0,10240,0/0
/spttest/mixed_10K_hcx,57e1,10240,0/0
/spttest/mixed_10K_hcy,57e2,10240,0/0
/spttest/mixed_10K_hcz,57e3,10240,0/0
/spttest/mixed_10K_hd0,57e4,10240,0/0
/spttest/mixed_10K_hd1,57e5,10240,0/0
/spttest/mixed_10K_hd2,57e6,10240,0/0
/spttest/mixed_10K_hd3,57e7,10240,0/0
/spttest/mixed_10K_hd4,57e8,10240,0/0
/spttest/mixed_10K_hd5,57e9,10240,0/0
/spttest/mixed_10K_hd6,57ea,10240,0/0
/spttest/mixed_10K_hd7,57eb,10240,0/0
/spttest/mixed_10K_hd8,57ec,10240,0/0
/spttest/mixed_10K_hd9,57ed,10240,0/0
/spttest/mixed_10K_hda,57ee,10240,0/0
/spttest/mixed_10K_hdb,57ef,10240,0/0
/spttest/mixed_10K_hdc,57f0,10240,0/0
/spttest/mixed_10K_hdd,57f1,10240,0/0
/spttest/mixed_10K_hde,57f2,10240,0/0
/spttest/mixed_10K_hdf,57f3,10240,0/0
/spttest/mixed_10K_hdg,57f4,10240,0/0
/spttest/mixed_10K_hdh,57f5,10240,0/0
/spttest/mixed_10K_hdi,57f6,10240,0/0
/spttest/mixed_10K_hdj,57f7,10240,0/0
/spttest/mixed_10K_hdk,57f8,10240,0/0
/spttest/mixed_10K_hdl,57f9,10240,0/0
/spttest/mixed_10K_hdm,57fa,10240,0/0
/spttest/mixed_10K_hdn,57fb,10240,0/0
/spttest/mixed_10K_hdo,57fc,10240,0/0
/spttest/mixed_10K_hdp,57fd,10240,0/0
/spttest/mixed_10K_hdq,57fe,10240,0/0
/spttest/mixed_10K_hdr,57ff,10240,0/0
/spttest/mixed_10K_hds,5800,10240,0/0
/spttest/mixed_10K_hdt,5801,10240,0/0
/spttest/mixed_10K_hdu,5802,10240,0/0
/spttest/mixed_10K_hdv,5803,10240,0/0
/spttest/mixed_10K_hdw,5804,10240,0/0
/spttest/mixed_10K_hdx,5805,10240,0/0
/spttest/mixed_10K_hdy,5806,10240,0/0
/spttest/mixed_10K_hdz,5807,10240,0/0
/spttest/mixed_10K_he0,5808,10240,0/0
/spttest/mixed_10K_he1,5809,10240,0/0
/spttest/mixed_10K_he2,580a,10240,0/0
/spttest/mixed_10K_he3,580b,10240,0/0
/spttest/mixed_10K_he4,580c,10240,0/0
/spttest/mixed_10K_he5,580d,10240,0/0
/spttest/mixed_10K_he6,580e,10240,0/0
/spttest/mixed_10K_he7,580f,10240,0/0
/spttest/mixed_10K_he8,5810,10240,0/0
/spttest/mixed_10K_he9,5811,10240,0/0
/spttest/mixed_10K_hea,5812,10240,0/0
/spttest/mixed_10K_heb,5813,10240,0/0
/spttest/mixed_10K_hec,5814,10240,0/0
/spttest/mixed_10K_hed,5815,10240,0/0
/spttest/mixed_10K_hee,5816,10240,0/0
/spttest/mixed_10K_hef,5817,10240,0/0
/spttest/mixed_10K_heg,5818,10240,0/0
/spttest/mixed_10K_heh,5819,10240,0/0
/spttest/mixed_10K_hei,581a,10240,0/0
/spttest/mixed_10K_hej,581b,10240,0/0
/spttest/mixed_10K_hek,581c,10240,0/0
/spttest/mixed_10K_hel,581d,10240,0/0
/spttest/mixed_10K_hem,581e,10240,0/0
/spttest/mixed_10K_hen,581f,10240,0/0
/spttest/mixed_10K_heo,5820,10240,0/0
/spttest/mixed_10K_hep,5821,10240,0/0
/spttest/mixed_10K_heq,5822,10240,0/0
/spttest/mixed_10K_her,5823,10240,0/0
/spttest/mixed_10K_hes,5824,10240,0/0
/spttest/mixed_10K_het,5825,10240,0/0
/spttest/mixed_10K_heu,5826,10240,0/0
/spttest/mixed_10K_hev,5827,10240,0/0
/spttest/mixed_10K_hew,5828,10240,0/0
/spttest/mixed_10K_hex,5829,10240,0/0
/spttest/mixed_10K_hey,582a,10240,0/0
/spttest/mixed_10K_hez,582b,10240,0/0
/spttest/mixed_10K_hf0,582c,10240,0/0
/spttest/mixed_10K_hf1,582d,10240,0/0
/spttest/mixed_10K_hf2,582e,10240,0/0
/spttest/mixed_10K_hf3,582f,10240,0/0
/spttest/mixed_10K_hf4,5830,10240,0/0
/spttest/mixed_10K_hf5,5831,10240,0/0
/spttest/mixed_10K_hf6,5832,10240,0/0
/spttest/mixed_10K_hf7,5833,10240,0/0
/spttest/mixed_10K_hf8,5834,10240,0/0
/spttest/mixed_10K_hf9,5835,10240,0/0
/spttest/mixed_10K_hfa,5836,10240,0/0
/spttest/mixed_10K_hfb,5837,10240,0/0
/spttest/mixed_10K_hfc,5838,10240,0/0
/spttest/mixed_10K_hfd,5839,10240,0/0
/spttest/mixed_10K_hfe,583a,10240,0/0
/spttest/mixed_10K_hff,583b,10240,0/0
/spttest/mixed_10K_hfg,583c,10240,0/0
/spttest/mixed_10K_hfh,583d,10240,0/0
/spttest/mixed_10K_hfi,583e,10240,0/0
/spttest/mixed_10K_hfj,583f,10240,0/0
/spttest/mixed_10K_hfk,5840,10240,0/0
/spttest/mixed_10K_hfl,5841,10240,0/0
/spttest/mixed_10K_hfm,5842,10240,0/0
/spttest/mixed_10K_hfn,5843,10240,0/0
/spttest/mixed_10K_hfo,5844,10240,0/0
/spttest/mixed_10K_hfp,5845,10240,0/0
/spttest/mixed_10K_hfq,5846,10240,0/0
/spttest/mixed_10K_hfr,5847,10240,0/0
/spttest/mixed_10K_hfs,5848,10240,0/0
/spttest/mixed_10K_hft,5849,10240,0/0
/spttest/mixed_10K_hfu,584a,10240,0/0
/spttest/mixed_10K_hfv,584b,10240,0/0
/spttest/mixed_10K_hfw,584c,10240,0/0
/spttest/mixed_10K_hfx,584d,10240,0/0
/spttest/mixed_10K_hfy,584e,10240,0/0
/spttest/mixed_10K_hfz,584f,10240,0/0
/spttest/mixed_10K_hg0,5850,10240,0/0
/spttest/mixed_10K_hg1,5851,10240,0/0
/spttest/mixed_10K_hg2,5852,10240,0/0
/spttest/mixed_10K_hg3,5853,10240,0/0
/spttest/mixed_10K_hg4,5854,10240,0/0
/spttest/mixed_10K_hg5,5855,10240,0/0
/spttest/mixed_10K_hg6,5856,10240,0/0
/spttest/mixed_10K_hg7,5857,10240,0/0
/spttest/mixed_10K_hg8,5858,10240,0/0
/spttest/mixed_10K_hg9,5859,10240,0/0
/spttest/mixed_10K_hga,585a,10240,0/0
/spttest/mixed_10K_hgb,585b,10240,0/0
/spttest/mixed_10K_hgc,585c,10240,0/0
/spttest/mixed_10K_hgd,585d,10240,0/0
/spttest/mixed_10K_hge,585e,10240,0/0
/spttest/mixed_10K_hgf,585f,10240,0/0
/spttest/mixed_10K_hgg,5860,10240,0/0
/spttest/mixed_10K_hgh,5861,10240,0/0
/spttest/mixed_10K_hgi,5862,10240,0/0
/spttest/mixed_10K_hgj,5863,10240,0/0
/spttest/mixed_10K_hgk,5864,10240,0/0
/spttest/mixed_10K_hgl,5865,10240,0/0
/spttest/mixed_10K_hgm,5866,10240,0/0
/spttest/mixed_10K_hgn,5867,10240,0/0
/spttest/mixed_10K_hgo,5868,10240,0/0
/spttest/mixed_10K_hgp,5869,10240,0/0
/spttest/mixed_10K_hgq,586a,10240,0/0
/spttest/mixed_10K_hgr,586b,10240,0/0
/spttest/mixed_10K_hgs,586c,10240,0/0
/spttest/mixed_10K_hgt,586d,10240,0/0
/spttest/mixed_10K_hgu,586e,10240,0/0
/spttest/mixed_10K_hgv,586f,10240,0/0
/spttest/mixed_10K_hgw,5870,10240,0/0
/spttest/mixed_10K_hgx,5871,10240,0/0
/spttest/mixed_10K_hgy,5872,10240,0/0
/spttest/mixed_10K_hgz,5873,10240,0/0
/spttest/mixed_10K_hh0,5874,10240,0/0
/spttest/mixed_10K_hh1,5875,10240,0/0
/spttest/mixed_10K_hh2,5876,10240,0/0
/spttest/mixed_10K_hh3,5877,10240,0/0
/spttest/mixed_10K_hh4,5878,10240,0/0
/spttest/mixed_10K_hh5,5879,10240,0/0
/spttest/mixed_10K_hh6,587a,10240,0/0
/spttest/mixed_10K_hh7,587b,10240,0/0
/spttest/mixed_10K_hh8,587c,10240,0/0
/spttest/mixed_10K_hh9,587d,10240,0/0
/spttest/mixed_10K_hha,587e,10240,0/0
/spttest/mixed_10K_hhb,587f,10240,0/0
/spttest/mixed_10K_hhc,5880,10240,0/0
/spttest/mixed_10K_hhd,5881,10240,0/0
/spttest/mixed_10K_hhe,5882,10240,0/0
/spttest/mixed_10K_hhf,5883,10240,0/0
/spttest/mixed_10K_hhg,5884,10240,0/0
/spttest/mixed_10K_hhh,5885,10240,0/0
/spttest/mixed_10K_hhi,5886,10240,0/0
/spttest/mixed_10K_hhj,5887,10240,0/0
/spttest/mixed_10K_hhk,5888,10240,0/0
/spttest/mixed_10K_hhl,5889,10240,0/0
/spttest/mixed_10K_hhm,588a,10240,0/0
/spttest/mixed_10K_hhn,588b,10240,0/0
/spttest/mixed_10K_hho,588c,10240,0/0
/spttest/mixed_10K_hhp,588d,10240,0/0
/spttest/mixed_10K_hhq,588e,10240,0/0
/spttest/mixed_10K_hhr,588f,10240,0/0
/spttest/mixed_10K_hhs,5890,10240,0/0
/spttest/mixed_10K_hht,5891,10240,0/0
/spttest/mixed_10K_hhu,5892,10240,0/0
/spttest/mixed_10K_hhv,5893,10240,0/0
/spttest/mixed_10K_hhw,5894,10240,0/0
/spttest/mixed_10K_hhx,5895,10240,0/0
/spttest/mixed_10K_hhy,5896,10240,0/0
/spttest/mixed_10K_hhz,5897,10240,0/0
/spttest/mixed_10K_hi0,5898,10240,0/0
/spttest/mixed_10K_hi1,5899,10240,0/0
/spttest/mixed_10K_hi2,589a,10240,0/0
/spttest/mixed_10K_hi3,589b,10240,0/0
/spttest/mixed_10K_hi4,589c,10240,0/0
/spttest/mixed_10K_hi5,589d,10240,0/0
/spttest/mixed_10K_hi6,589e,10240,0/0
/spttest/mixed_10K_hi7,589f,10240,0/0
/spttest/mixed_10K_hi8,58a0,10240,0/0
/spttest/mixed_10K_hi9,58a1,10240,0/0
/spttest/mixed_10K_hia,58a2,10240,0/0
/spttest/mixed_10K_hib,58a3,10240,0/0
/spttest/mixed_10K_hic,58a4,10240,0/0
/spttest/mixed_10K_hid,58a5,10240,0/0
/spttest/mixed_10K_hie,58a6,10240,0/0
/spttest/mixed_10K_hif,58a7,10240,0/0
/spttest/mixed_10K_hig,58a8,10240,0/0
/spttest/mixed_10K_hih,58a9,10240,0/0
/spttest/mixed_10K_hii,58aa,10240,0/0
/spttest/mixed_10K_hij,58ab,10240,0/0
/spttest/mixed_10K_hik,58ac,10240,0/0
/spttest/mixed_10K_hil,58ad,10240,0/0
/spttest/mixed_10K_him,58ae,10240,0/0
/spttest/mixed_10K_hin,58af,10240,0/0
/spttest/mixed_10K_hio,58b0,10240,0/0
/spttest/mixed_10K_hip,58b1,10240,0/0
/spttest/mixed_10K_hiq,58b2,10240,0/0
/spttest/mixed_10K_hir,58b3,10240,0/0
/spttest/mixed_10K_his,58b4,10240,0/0
/spttest/mixed_10K_hit,58b5,10240,0/0
/spttest/mixed_10K_hiu,58b6,10240,0/0
/spttest/mixed_10K_hiv,58b7,10240,0/0
/spttest/mixed_10K_hiw,58b8,10240,0/0
/spttest/mixed_10K_hix,58b9,10240,0/0
/spttest/mixed_10K_hiy,58ba,10240,0/0
/spttest/mixed_10K_hiz,58bb,10240,0/0
/spttest/mixed_10K_hj0,58bc,10240,0/0
/spttest/mixed_10K_hj1,58bd,10240,0/0
/spttest/mixed_10K_hj2,58be,10240,0/0
/spttest/mixed_10K_hj3,58bf,10240,0/0
/spttest/mixed_10K_hj4,58c0,10240,0/0
/spttest/mixed_10K_hj5,58c1,10240,0/0
/spttest/mixed_10K_hj6,58c2,10240,0/0
/spttest/mixed_10K_hj7,58c3,10240,0/0
/spttest/mixed_10K_hj8,58c4,10240,0/0
/spttest/mixed_10K_hj9,58c5,10240,0/0
/spttest/mixed_10K_hja,58c6,10240,0/0
/spttest/mixed_10K_hjb,58c7,10240,0/0
/spttest/mixed_10K_hjc,58c8,10240,0/0
/spttest/mixed_10K_hjd,58c9,10240,0/0
/spttest/mixed_10K_hje,58ca,10240,0/0
/spttest/mixed_10K_hjf,58cb,10240,0/0
/spttest/mixed_10K_hjg,58cc,10240,0/0
/spttest/mixed_10K_hjh,58cd,10240,0/0
/spttest/mixed_10K_hji,58ce,10240,0/0
/spttest/mixed_10K_hjj,58cf,10240,0/0
/spttest/mixed_10K_hjk,58d0,10240,0/0
/spttest/mixed_10K_hjl,58d1,10240,0/0
/spttest/mixed_10K_hjm,58d2,10240,0/0
/spttest/mixed_10K_hjn,58d3,10240,0/0
/spttest/mixed_10K_hjo,58d4,10240,0/0
/spttest/mixed_10K_hjp,58d5,10240,0/0
/spttest/mixed_10K_hjq,58d6,10240,0/0
/spttest/mixed_10K_hjr,58d7,10240,0/0
/spttest/mixed_10K_hjs,58d8,10240,0/0
/spttest/mixed_10K_hjt,58d9,10240,0/0
/spttest/mixed_10K_hju,58da,10240,0/0
/spttest/mixed_10K_hjv,58db,10240,0/0
/spttest/mixed_10K_hjw,58dc,10240,0/0
/spttest/mixed_10K_hjx,58dd,10240,0/0
/spttest/mixed_10K_hjy,58de,10240,0/0
/spttest/mixed_10K_hjz,58df,10240,0/0
/spttest/mixed_10K_hk0,58e0,10240,0/0
/spttest/mixed_10K_hk1,58e1,10240,0/0
/spttest/mixed_10K_hk2,58e2,10240,0/0
/spttest/mixed_10K_hk3,58e3,10240,0/0
/spttest/mixed_10K_hk4,58e4,10240,0/0
/spttest/mixed_10K_hk5,58e5,10240,0/0
/spttest/mixed_10K_hk6,58e6,10240,0/0
/spttest/mixed_10K_hk7,58e7,10240,0/0
/spttest/mixed_10K_hk8,58e8,10240,0/0
/spttest/mixed_10K_hk9,58e9,10240,0/0
/spttest/mixed_10K_hka,58ea,10240,0/0
/spttest/mixed_10K_hkb,58eb,10240,0/0
/spttest/mixed_10K_hkc,58ec,10240,0/0
/spttest/mixed_10K_hkd,58ed,10240,0/0
/spttest/mixed_10K_hke,58ee,10240,0/0
/spttest/mixed_10K_hkf,58ef,10240,0/0
/spttest/mixed_10K_hkg,58f0,10240,0/0
/spttest/mixed_10K_hkh,58f1,10240,0/0
/spttest/mixed_10K_hki,58f2,10240,0/0
/spttest/mixed_10K_hkj,58f3,10240,0/0
/spttest/mixed_10K_hkk,58f4,10240,0/0
/spttest/mixed_10K_hkl,58f5,10240,0/0
/spttest/mixed_10K_hkm,58f6,10240,0/0
/spttest/mixed_10K_hkn,58f7,10240,0/0
/spttest/mixed_10K_hko,58f8,10240,0/0
/spttest/mixed_10K_hkp,58f9,10240,0/0
/spttest/mixed_10K_hkq,58fa,10240,0/0
/spttest/mixed_10K_hkr,58fb,10240,0/0
/spttest/mixed_10K_hks,58fc,10240,0/0
/spttest/mixed_10K_hkt,58fd,10240,0/0
/spttest/mixed_10K_hku,58fe,10240,0/0
/spttest/mixed_10K_hkv,58ff,10240,0/0
/spttest/mixed_10K_hkw,5900,10240,0/0
/spttest/mixed_10K_hkx,5901,10240,0/0
/spttest/mixed_10K_hky,5902,10240,0/0
/spttest/mixed_10K_hkz,5903,10240,0/0
/spttest/mixed_10K_hl0,5904,10240,0/0
/spttest/mixed_10K_hl1,5905,10240,0/0
/spttest/mixed_10K_hl2,5906,10240,0/0
/spttest/mixed_10K_hl3,5907,10240,0/0
/spttest/mixed_10K_hl4,5908,10240,0/0
/spttest/mixed_10K_hl5,5909,10240,0/0
/spttest/mixed_10K_hl6,590a,10240,0/0
/spttest/mixed_10K_hl7,590b,10240,0/0
/spttest/mixed_10K_hl8,590c,10240,0/0
/spttest/mixed_10K_hl9,590d,10240,0/0
/spttest/mixed_10K_hla,590e,10240,0/0
/spttest/mixed_10K_hlb,590f,10240,0/0
/spttest/mixed_10K_hlc,5910,10240,0/0
/spttest/mixed_10K_hld,5911,10240,0/0
/spttest/mixed_10K_hle,5912,10240,0/0
/spttest/mixed_10K_hlf,5913,10240,0/0
/spttest/mixed_10K_hlg,5914,10240,0/0
/spttest/mixed_10K_hlh,5915,10240,0/0
/spttest/mixed_10K_hli,5916,10240,0/0
/spttest/mixed_10K_hlj,5917,10240,0/0
/spttest/mixed_10K_hlk,5918,10240,0/0
/spttest/mixed_10K_hll,5919,10240,0/0
/spttest/mixed_10K_hlm,591a,10240,0/0
/spttest/mixed_10K_hln,591b,10240,0/0
/spttest/mixed_10K_hlo,591c,10240,0/0
/spttest/mixed_10K_hlp,591d,10240,0/0
/spttest/mixed_10K_hlq,591e,10240,0/0
/spttest/mixed_10K_hlr,591f,10240,0/0
/spttest/mixed_10K_hls,5920,10240,0/0
/spttest/mixed_10K_hlt,5921,10240,0/0
/spttest/mixed_10K_hlu,5922,10240,0/0
/spttest/mixed_10K_hlv,5923,10240,0/0
/spttest/mixed_10K_hlw,5924,10240,0/0
/spttest/mixed_10K_hlx,5925,10240,0/0
/spttest/mixed_10K_hly,5926,10240,0/0
/spttest/mixed_10K_hlz,5927,10240,0/0
/spttest/mixed_10K_hm0,5928,10240,0/0
/spttest/mixed_10K_hm1,5929,10240,0/0
/spttest/mixed_10K_hm2,592a,10240,0/0
/spttest/mixed_10K_hm3,592b,10240,0/0
/spttest/mixed_10K_hm4,592c,10240,0/0
/spttest/mixed_10K_hm5,592d,10240,0/0
/spttest/mixed_10K_hm6,592e,10240,0/0
/spttest/mixed_10K_hm7,592f,10240,0/0
/spttest/mixed_10K_hm8,5930,10240,0/0
/spttest/mixed_10K_hm9,5931,10240,0/0
/spttest/mixed_10K_hma,5932,10240,0/0
/spttest/mixed_10K_hmb,5933,10240,0/0
/spttest/mixed_10K_hmc,5934,10240,0/0
/spttest/mixed_10K_hmd,5935,10240,0/0
/spttest/mixed_10K_hme,5936,10240,0/0
/spttest/mixed_10K_hmf,5937,10240,0/0
/spttest/mixed_10K_hmg,5938,10240,0/0
/spttest/mixed_10K_hmh,5939,10240,0/0
/spttest/mixed_10K_hmi,593a,10240,0/0
/spttest/mixed_10K_hmj,593b,10240,0/0
/spttest/mixed_10K_hmk,593c,10240,0/0
/spttest/mixed_10K_hml,593d,10240,0/0
/spttest/mixed_10K_hmm,593e,10240,0/0
/spttest/mixed_10K_hmn,593f,10240,0/0
/spttest/mixed_10K_hmo,5940,10240,0/0
/spttest/mixed_10K_hmp,5941,10240,0/0
/spttest/mixed_10K_hmq,5942,10240,0/0
/spttest/mixed_10K_hmr,5943,10240,0/0
/spttest/mixed_10K_hms,5944,10240,0/0
/spttest/mixed_10K_hmt,5945,10240,0/0
/spttest/mixed_10K_hmu,5946,10240,0/0
/spttest/mixed_10K_hmv,5947,10240,0/0
/spttest/mixed_10K_hmw,5948,10240,0/0
/spttest/mixed_10K_hmx,5949,10240,0/0
/spttest/mixed_10K_hmy,594a,10240,0/0
/spttest/mixed_10K_hmz,594b,10240,0/0
/spttest/mixed_10K_hn0,594c,10240,0/0
/spttest/mixed_10K_hn1,594d,10240,0/0
/spttest/mixed_10K_hn2,594e,10240,0/0
/spttest/mixed_10K_hn3,594f,10240,0/0
/spttest/mixed_10K_hn4,5950,10240,0/0
/spttest/mixed_10K_hn5,5951,10240,0/0
/spttest/mixed_10K_hn6,5952,10240,0/0
/spttest/mixed_10K_hn7,5953,10240,0/0
/spttest/mixed_10K_hn8,5954,10240,0/0
/spttest/mixed_10K_hn9,5955,10240,0/0
/spttest/mixed_10K_hna,5956,10240,0/0
/spttest/mixed_10K_hnb,5957,10240,0/0
/spttest/mixed_10K_hnc,5958,10240,0/0
/spttest/mixed_10K_hnd,5959,10240,0/0
/spttest/mixed_10K_hne,595a,10240,0/0
/spttest/mixed_10K_hnf,595b,10240,0/0
/spttest/mixed_10K_hng,595c,10240,0/0
/spttest/mixed_10K_hnh,595d,10240,0/0
/spttest/mixed_10K_hni,595e,10240,0/0
/spttest/mixed_10K_hnj,595f,10240,0/0
/spttest/mixed_10K_hnk,5960,10240,0/0
/spttest/mixed_10K_hnl,5961,10240,0/0
/spttest/mixed_10K_hnm,5962,10240,0/0
/spttest/mixed_10K_hnn,5963,10240,0/0
/spttest/mixed_10K_hno,5964,10240,0/0
/spttest/mixed_10K_hnp,5965,10240,0/0
/spttest/mixed_10K_hnq,5966,10240,0/0
/spttest/mixed_10K_hnr,5967,10240,0/0
/spttest/mixed_10K_hns,5968,10240,0/0
/spttest/mixed_10K_hnt,5969,10240,0/0
/spttest/mixed_10K_hnu,596a,10240,0/0
/spttest/mixed_10K_hnv,596b,10240,0/0
/spttest/mixed_10K_hnw,596c,10240,0/0
/spttest/mixed_10K_hnx,596d,10240,0/0
/spttest/mixed_10K_hny,596e,10240,0/0
/spttest/mixed_10K_hnz,596f,10240,0/0
/spttest/mixed_10K_ho0,5970,10240,0/0
/spttest/mixed_10K_ho1,5971,10240,0/0
/spttest/mixed_10K_ho2,5972,10240,0/0
/spttest/mixed_10K_ho3,5973,10240,0/0
/spttest/mixed_10K_ho4,5974,10240,0/0
/spttest/mixed_10K_ho5,5975,10240,0/0
/spttest/mixed_10K_ho6,5976,10240,0/0
/spttest/mixed_10K_ho7,5977,10240,0/0
/spttest/mixed_10K_ho8,5978,10240,0/0
/spttest/mixed_10K_ho9,5979,10240,0/0
/spttest/mixed_10K_hoa,597a,10240,0/0
/spttest/mixed_10K_hob,597b,10240,0/0
/spttest/mixed_10K_hoc,597c,10240,0/0
/spttest/mixed_10K_hod,597d,10240,0/0
/spttest/mixed_10K_hoe,597e,10240,0/0
/spttest/mixed_10K_hof,597f,10240,0/0
/spttest/mixed_10K_hog,5980,10240,0/0
/spttest/mixed_10K_hoh,5981,10240,0/0
/spttest/mixed_10K_hoi,5982,10240,0/0
/spttest/mixed_10K_hoj,5983,10240,0/0
/spttest/mixed_10K_hok,5984,10240,0/0
/spttest/mixed_10K_hol,5985,10240,0/0
/spttest/mixed_10K_hom,5986,10240,0/0
/spttest/mixed_10K_hon,5987,10240,0/0
/spttest/mixed_10K_hoo,5988,10240,0/0
/spttest/mixed_10K_hop,5989,10240,0/0
/spttest/mixed_10K_hoq,598a,10240,0/0
/spttest/mixed_10K_hor,598b,10240,0/0
/spttest/mixed_10K_hos,598c,10240,0/0
/spttest/mixed_10K_hot,598d,10240,0/0
/spttest/mixed_10K_hou,598e,10240,0/0
/spttest/mixed_10K_hov,598f,10240,0/0
/spttest/mixed_10K_how,5990,10240,0/0
/spttest/mixed_10K_hox,5991,10240,0/0
/spttest/mixed_10K_hoy,5992,10240,0/0
/spttest/mixed_10K_hoz,5993,10240,0/0
/spttest/mixed_10K_hp0,5994,10240,0/0
/spttest/mixed_10K_hp1,5995,10240,0/0
/spttest/mixed_10K_hp2,5996,10240,0/0
/spttest/mixed_10K_hp3,5997,10240,0/0
/spttest/mixed_10K_hp4,5998,10240,0/0
/spttest/mixed_10K_hp5,5999,10240,0/0
/spttest/mixed_10K_hp6,599a,10240,0/0
/spttest/mixed_10K_hp7,599b,10240,0/0
/spttest/mixed_10K_hp8,599c,10240,0/0
/spttest/mixed_10K_hp9,599d,10240,0/0
/spttest/mixed_10K_hpa,599e,10240,0/0
/spttest/mixed_10K_hpb,599f,10240,0/0
/spttest/mixed_10K_hpc,59a0,10240,0/0
/spttest/mixed_10K_hpd,59a1,10240,0/0
/spttest/mixed_10K_hpe,59a2,10240,0/0
/spttest/mixed_10K_hpf,59a3,10240,0/0
/spttest/mixed_10K_hpg,59a4,10240,0/0
/spttest/mixed_10K_hph,59a5,10240,0/0
/spttest/mixed_10K_hpi,59a6,10240,0/0
/spttest/mixed_10K_hpj,59a7,10240,0/0
/spttest/mixed_10K_hpk,59a8,10240,0/0
/spttest/mixed_10K_hpl,59a9,10240,0/0
/spttest/mixed_10K_hpm,59aa,10240,0/0
/spttest/mixed_10K_hpn,59ab,10240,0/0
/spttest/mixed_10K_hpo,59ac,10240,0/0
/spttest/mixed_10K_hpp,59ad,10240,0/0
/spttest/mixed_10K_hpq,59ae,10240,0/0
/spttest/mixed_10K_hpr,59af,10240,0/0
/spttest/mixed_10K_hps,59b0,10240,0/0
/spttest/mixed_10K_hpt,59b1,10240,0/0
/spttest/mixed_10K_hpu,59b2,10240,0/0
/spttest/mixed_10K_hpv,59b3,10240,0/0
/spttest/mixed_10K_hpw,59b4,10240,0/0
/spttest/mixed_10K_hpx,59b5,10240,0/0
/spttest/mixed_10K_hpy,59b6,10240,0/0
/spttest/mixed_10K_hpz,59b7,10240,0/0
/spttest/mixed_10K_hq0,59b8,10240,0/0
/spttest/mixed_10K_hq1,59b9,10240,0/0
/spttest/mixed_10K_hq2,59ba,10240,0/0
/spttest/mixed_10K_hq3,59bb,10240,0/0
/spttest/mixed_10K_hq4,59bc,10240,0/0
/spttest/mixed_10K_hq5,59bd,10240,0/0
/spttest/mixed_10K_hq6,59be,10240,0/0
/spttest/mixed_10K_hq7,59bf,10240,0/0
/spttest/mixed_10K_hq8,59c0,10240,0/0
/spttest/mixed_10K_hq9,59c1,10240,0/0
/spttest/mixed_10K_hqa,59c2,10240,0/0
/spttest/mixed_10K_hqb,59c3,10240,0/0
/spttest/mixed_10K_hqc,59c4,10240,0/0
/spttest/mixed_10K_hqd,59c5,10240,0/0
/spttest/mixed_10K_hqe,59c6,10240,0/0
/spttest/mixed_10K_hqf,59c7,10240,0/0
/spttest/mixed_10K_hqg,59c8,10240,0/0
/spttest/mixed_10K_hqh,59c9,10240,0/0
/spttest/mixed_10K_hqi,59ca,10240,0/0
/spttest/mixed_10K_hqj,59cb,10240,0/0
/spttest/mixed_10K_hqk,59cc,10240,0/0
/spttest/mixed_10K_hql,59cd,10240,0/0
/spttest/mixed_10K_hqm,59ce,10240,0/0
/spttest/mixed_10K_hqn,59cf,10240,0/0
/spttest/mixed_10K_hqo,59d0,10240,0/0
/spttest/mixed_10K_hqp,59d1,10240,0/0
/spttest/mixed_10K_hqq,59d2,10240,0/0
/spttest/mixed_10K_hqr,59d3,10240,0/0
/spttest/mixed_10K_hqs,59d4,10240,0/0
/spttest/mixed_10K_hqt,59d5,10240,0/0
/spttest/mixed_10K_hqu,59d6,10240,0/0
/spttest/mixed_10K_hqv,59d7,10240,0/0
/spttest/mixed_10K_hqw,59d8,10240,0/0
/spttest/mixed_10K_hqx,59d9,10240,0/0
/spttest/mixed_10K_hqy,59da,10240,0/0
/spttest/mixed_10K_hqz,59db,10240,0/0
/spttest/mixed_10K_hr0,59dc,10240,0/0
/spttest/mixed_10K_hr1,59dd,10240,0/0
/spttest/mixed_10K_hr2,59de,10240,0/0
/spttest/mixed_10K_hr3,59df,10240,0/0
/spttest/mixed_10K_hr4,59e0,10240,0/0
/spttest/mixed_10K_hr5,59e1,10240,0/0
/spttest/mixed_10K_hr6,59e2,10240,0/0
/spttest/mixed_10K_hr7,59e3,10240,0/0
/spttest/mixed_10K_hr8,59e4,10240,0/0
/spttest/mixed_10K_hr9,59e5,10240,0/0
/spttest/mixed_10K_hra,59e6,10240,0/0
/spttest/mixed_10K_hrb,59e7,10240,0/0
/spttest/mixed_10K_hrc,59e8,10240,0/0
/spttest/mixed_10K_hrd,59e9,10240,0/0
/spttest/mixed_10K_hre,59ea,10240,0/0
/spttest/mixed_10K_hrf,59eb,10240,0/0
/spttest/mixed_10K_hrg,59ec,10240,0/0
/spttest/mixed_10K_hrh,59ed,10240,0/0
/spttest/mixed_10K_hri,59ee,10240,0/0
/spttest/mixed_10K_hrj,59ef,10240,0/0
/spttest/mixed_10K_hrk,59f0,10240,0/0
/spttest/mixed_10K_hrl,59f1,10240,0/0
/spttest/mixed_10K_hrm,59f2,10240,0/0
/spttest/mixed_10K_hrn,59f3,10240,0/0
/spttest/mixed_10K_hro,59f4,10240,0/0
/spttest/mixed_10K_hrp,59f5,10240,0/0
/spttest/mixed_10K_hrq,59f6,10240,0/0
/spttest/mixed_10K_hrr,59f7,10240,0/0
/spttest/mixed_10K_hrs,59f8,10240,0/0
/spttest/mixed_10K_hrt,59f9,10240,0/0
/spttest/mixed_10K_hru,59fa,10240,0/0
/spttest/mixed_10K_hrv,59fb,10240,0/0
/spttest/mixed_10K_hrw,59fc,10240,0/0
/spttest/mixed_10K_hrx,59fd,10240,0/0
/spttest/mixed_10K_hry,59fe,10240,0/0
/spttest/mixed_10K_hrz,59ff,10240,0/0
/spttest/mixed_10K_hs0,5a00,10240,0/0
/spttest/mixed_10K_hs1,5a01,10240,0/0
/spttest/mixed_10K_hs2,5a02,10240,0/0
/spttest/mixed_10K_hs3,5a03,10240,0/0
/spttest/mixed_10K_hs4,5a04,10240,0/0
/spttest/mixed_10K_hs5,5a05,10240,0/0
/spttest/mixed_10K_hs6,5a06,10240,0/0
/spttest/mixed_10K_hs7,5a07,10240,0/0
/spttest/mixed_10K_hs8,5a08,10240,0/0
/spttest/mixed_10K_hs9,5a09,10240,0/0
/spttest/mixed_10K_hsa,5a0a,10240,0/0
/spttest/mixed_10K_hsb,5a0b,10240,0/0
/spttest/mixed_10K_hsc,5a0c,10240,0/0
/spttest/mixed_10K_hsd,5a0d,10240,0/0
/spttest/mixed_10K_hse,5a0e,10240,0/0
/spttest/mixed_10K_hsf,5a0f,10240,0/0
/spttest/mixed_10K_hsg,5a10,10240,0/0
/spttest/mixed_10K_hsh,5a11,10240,0/0
/spttest/mixed_10K_hsi,5a12,10240,0/0
/spttest/mixed_10K_hsj,5a13,10240,0/0
/spttest/mixed_10K_hsk,5a14,10240,0/0
/spttest/mixed_10K_hsl,5a15,10240,0/0
/spttest/mixed_10K_hsm,5a16,10240,0/0
/spttest/mixed_10K_hsn,5a17,10240,0/0
/spttest/mixed_10K_hso,5a18,10240,0/0
/spttest/mixed_10K_hsp,5a19,10240,0/0
/spttest/mixed_10K_hsq,5a1a,10240,0/0
/spttest/mixed_10K_hsr,5a1b,10240,0/0
/spttest/mixed_10K_hss,5a1c,10240,0/0
/spttest/mixed_10K_hst,5a1d,10240,0/0
/spttest/mixed_10K_hsu,5a1e,10240,0/0
/spttest/mixed_10K_hsv,5a1f,10240,0/0
/spttest/mixed_10K_hsw,5a20,10240,0/0
/spttest/mixed_10K_hsx,5a21,10240,0/0
/spttest/mixed_10K_hsy,5a22,10240,0/0
/spttest/mixed_10K_hsz,5a23,10240,0/0
/spttest/mixed_10K_ht0,5a24,10240,0/0
/spttest/mixed_10K_ht1,5a25,10240,0/0
/spttest/mixed_10K_ht2,5a26,10240,0/0
/spttest/mixed_10K_ht3,5a27,10240,0/0
/spttest/mixed_10K_ht4,5a28,10240,0/0
/spttest/mixed_10K_ht5,5a29,10240,0/0
/spttest/mixed_10K_ht6,5a2a,10240,0/0
/spttest/mixed_10K_ht7,5a2b,10240,0/0
/spttest/mixed_10K_ht8,5a2c,10240,0/0
/spttest/mixed_10K_ht9,5a2d,10240,0/0
/spttest/mixed_10K_hta,5a2e,10240,0/0
/spttest/mixed_10K_htb,5a2f,10240,0/0
/spttest/mixed_10K_htc,5a30,10240,0/0
/spttest/mixed_10K_htd,5a31,10240,0/0
/spttest/mixed_10K_hte,5a32,10240,0/0
/spttest/mixed_10K_htf,5a33,10240,0/0
/spttest/mixed_10K_htg,5a34,10240,0/0
/spttest/mixed_10K_hth,5a35,10240,0/0
/spttest/mixed_10K_hti,5a36,10240,0/0
/spttest/mixed_10K_htj,5a37,10240,0/0
/spttest/mixed_10K_htk,5a38,10240,0/0
/spttest/mixed_10K_htl,5a39,10240,0/0
/spttest/mixed_10K_htm,5a3a,10240,0/0
/spttest/mixed_10K_htn,5a3b,10240,0/0
/spttest/mixed_10K_hto,5a3c,10240,0/0
/spttest/mixed_10K_htp,5a3d,10240,0/0
/spttest/mixed_10K_htq,5a3e,10240,0/0
/spttest/mixed_10K_htr,5a3f,10240,0/0
/spttest/mixed_10K_hts,5a40,10240,0/0
/spttest/mixed_10K_htt,5a41,10240,0/0
/spttest/mixed_10K_htu,5a42,10240,0/0
/spttest/mixed_10K_htv,5a43,10240,0/0
/spttest/mixed_10K_htw,5a44,10240,0/0
/spttest/mixed_10K_htx,5a45,10240,0/0
/spttest/mixed_10K_hty,5a46,10240,0/0
/spttest/mixed_10K_htz,5a47,10240,0/0
/spttest/mixed_10K_hu0,5a48,10240,0/0
/spttest/mixed_10K_hu1,5a49,10240,0/0
/spttest/mixed_10K_hu2,5a4a,10240,0/0
/spttest/mixed_10K_hu3,5a4b,10240,0/0
/spttest/mixed_10K_hu4,5a4c,10240,0/0
/spttest/mixed_10K_hu5,5a4d,10240,0/0
/spttest/mixed_10K_hu6,5a4e,10240,0/0
/spttest/mixed_10K_hu7,5a4f,10240,0/0
/spttest/mixed_10K_hu8,5a50,10240,0/0
/spttest/mixed_10K_hu9,5a51,10240,0/0
/spttest/mixed_10K_hua,5a52,10240,0/0
/spttest/mixed_10K_hub,5a53,10240,0/0
/spttest/mixed_10K_huc,5a54,10240,0/0
/spttest/mixed_10K_hud,5a55,10240,0/0
/spttest/mixed_10K_hue,5a56,10240,0/0
/spttest/mixed_10K_huf,5a57,10240,0/0
/spttest/mixed_10K_hug,5a58,10240,0/0
/spttest/mixed_10K_huh,5a59,10240,0/0
/spttest/mixed_10K_hui,5a5a,10240,0/0
/spttest/mixed_10K_huj,5a5b,10240,0/0
/spttest/mixed_10K_huk,5a5c,10240,0/0
/spttest/mixed_10K_hul,5a5d,10240,0/0
/spttest/mixed_10K_hum,5a5e,10240,0/0
/spttest/mixed_10K_hun,5a5f,10240,0/0
/spttest/mixed_10K_huo,5a60,10240,0/0
/spttest/mixed_10K_hup,5a61,10240,0/0
/spttest/mixed_10K_huq,5a62,10240,0/0
/spttest/mixed_10K_hur,5a63,10240,0/0
/spttest/mixed_10K_hus,5a64,10240,0/0
/spttest/mixed_10K_hut,5a65,10240,0/0
/spttest/mixed_10K_huu,5a66,10240,0/0
/spttest/mixed_10K_huv,5a67,10240,0/0
/spttest/mixed_10K_huw,5a68,10240,0/0
/spttest/mixed_10K_hux,5a69,10240,0/0
/spttest/mixed_10K_huy,5a6a,10240,0/0
/spttest/mixed_10K_huz,5a6b,10240,0/0
/spttest/mixed_10K_hv0,5a6c,10240,0/0
/spttest/mixed_10K_hv1,5a6d,10240,0/0
/spttest/mixed_10K_hv2,5a6e,10240,0/0
/spttest/mixed_10K_hv3,5a6f,10240,0/0
/spttest/mixed_10K_hv4,5a70,10240,0/0
/spttest/mixed_10K_hv5,5a71,10240,0/0
/spttest/mixed_10K_hv6,5a72,10240,0/0
/spttest/mixed_10K_hv7,5a73,10240,0/0
/spttest/mixed_10K_hv8,5a74,10240,0/0
/spttest/mixed_10K_hv9,5a75,10240,0/0
/spttest/mixed_10K_hva,5a76,10240,0/0
/spttest/mixed_10K_hvb,5a77,10240,0/0
/spttest/mixed_10K_hvc,5a78,10240,0/0
/spttest/mixed_10K_hvd,5a79,10240,0/0
/spttest/mixed_10K_hve,5a7a,10240,0/0
/spttest/mixed_10K_hvf,5a7b,10240,0/0
/spttest/mixed_10K_hvg,5a7c,10240,0/0
/spttest/mixed_10K_hvh,5a7d,10240,0/0
/spttest/mixed_10K_hvi,5a7e,10240,0/0
/spttest/mixed_10K_hvj,5a7f,10240,0/0
/spttest/mixed_10K_hvk,5a80,10240,0/0
/spttest/mixed_10K_hvl,5a81,10240,0/0
/spttest/mixed_10K_hvm,5a82,10240,0/0
/spttest/mixed_10K_hvn,5a83,10240,0/0
/spttest/mixed_10K_hvo,5a84,10240,0/0
/spttest/mixed_10K_hvp,5a85,10240,0/0
/spttest/mixed_10K_hvq,5a86,10240,0/0
/spttest/mixed_10K_hvr,5a87,10240,0/0
/spttest/mixed_10K_hvs,5a88,10240,0/0
/spttest/mixed_10K_hvt,5a89,10240,0/0
/spttest/mixed_10K_hvu,5a8a,10240,0/0
/spttest/mixed_10K_hvv,5a8b,10240,0/0
/spttest/mixed_10K_hvw,5a8c,10240,0/0
/spttest/mixed_10K_hvx,5a8d,10240,0/0
/spttest/mixed_10K_hvy,5a8e,10240,0/0
/spttest/mixed_10K_hvz,5a8f,10240,0/0
/spttest/mixed_10K_hw0,5a90,10240,0/0
/spttest/mixed_10K_hw1,5a91,10240,0/0
/spttest/mixed_10K_hw2,5a92,10240,0/0
/spttest/mixed_10K_hw3,5a93,10240,0/0
/spttest/mixed_10K_hw4,5a94,10240,0/0
/spttest/mixed_10K_hw5,5a95,10240,0/0
/spttest/mixed_10K_hw6,5a96,10240,0/0
/spttest/mixed_10K_hw7,5a97,10240,0/0
/spttest/mixed_10K_hw8,5a98,10240,0/0
/spttest/mixed_10K_hw9,5a99,10240,0/0
/spttest/mixed_10K_hwa,5a9a,10240,0/0
/spttest/mixed_10K_hwb,5a9b,10240,0/0
/spttest/mixed_10K_hwc,5a9c,10240,0/0
/spttest/mixed_10K_hwd,5a9d,10240,0/0
/spttest/mixed_10K_hwe,5a9e,10240,0/0
/spttest/mixed_10K_hwf,5a9f,10240,0/0
/spttest/mixed_10K_hwg,5aa0,10240,0/0
/spttest/mixed_10K_hwh,5aa1,10240,0/0
/spttest/mixed_10K_hwi,5aa2,10240,0/0
/spttest/mixed_10K_hwj,5aa3,10240,0/0
/spttest/mixed_10K_hwk,5aa4,10240,0/0
/spttest/mixed_10K_hwl,5aa5,10240,0/0
/spttest/mixed_10K_hwm,5aa6,10240,0/0
/spttest/mixed_10K_hwn,5aa7,10240,0/0
/spttest/mixed_10K_hwo,5aa8,10240,0/0
/spttest/mixed_10K_hwp,5aa9,10240,0/0
/spttest/mixed_10K_hwq,5aaa,10240,0/0
/spttest/mixed_10K_hwr,5aab,10240,0/0
/spttest/mixed_10K_hws,5aac,10240,0/0
/spttest/mixed_10K_hwt,5aad,10240,0/0
/spttest/mixed_10K_hwu,5aae,10240,0/0
/spttest/mixed_10K_hwv,5aaf,10240,0/0
/spttest/mixed_10K_hww,5ab0,10240,0/0
/spttest/mixed_10K_hwx,5ab1,10240,0/0
/spttest/mixed_10K_hwy,5ab2,10240,0/0
