/spttest/splfvrqtjbru,3471aaafb70d175a,1024,0/0
/spttest/d77wtvmj2bqr,181cc3c2534ee2f3,1024,0/0
/spttest/urinw0awhocr,3831df1f76a21d8b,1024,0/0
/spttest/jxy4rv09m9k0,246da1d8362632e0,1024,0/0
/spttest/jf6pyjj3hmsw,2379ef4532674cb0,1024,0/0
/spttest/soi53wyz3qmt,34637cae8bd73495,1024,0/0
/spttest/20budt9qapno,3ab807e45a9ce64,1024,0/0
/spttest/c49lqmgjze6l,1622cb070a81458d,1024,0/0
/spttest/te2njf0umwhg,35af9ec0fd00dbf4,1024,0/0
/spttest/ty3tfobg5a73,36b3d3627d5b1edf,1024,0/0
/spttest/5w6dqodpvgsx,ac407e48c5273d1,1024,0/0
/spttest/erojcwuq136w,1afa29d4ea6a5868,1024,0/0
/spttest/nn7e3zsy87vg,2b308c42bbcb1bdc,1024,0/0
/spttest/puibinxtmfio,2f36a4f0f6244910,1024,0/0
/spttest/ejgv9ivbcb9t,1a8f7b613ceaeb11,1024,0/0
/spttest/mix0r6sfhzig,29253c0a88a64d08,1024,0/0
/spttest/ku8wp0vyyedn,26112d61d50dfb4b,1024,0/0
/spttest/6bgmh7vfz5sy,b8a90d815550322,1024,0/0
/spttest/feszmwfntgae,1c2685f951e08ab6,1024,0/0
/spttest/n8weljtygm9x,2a76bbddf7af3ac5,1024,0/0
/spttest/d5wdy0syohx9,180b9dff434442bd,1024,0/0
/spttest/kvnbkp3pw15p,26235df8fe6402dd,1024,0/0
/spttest/m7ofolj56cwg,289341347fa027d0,1024,0/0
/spttest/h0rnvlz4fnwv,1f176c53cc0f26cf,1024,0/0
/spttest/hlk07gq386ea,20256f68316c1d62,1024,0/0
/spttest/iiwjts168hru,21d69ba3664075fa,1024,0/0
/spttest/x4cmwq5fwx7b,3c7fc9388c92b317,1024,0/0
/spttest/5zzk7qialo7m,af586f3d8da9fd2,1024,0/0
/spttest/pknwzduxpqea,2eb6c549ce71dae2,1024,0/0
/spttest/8uf9lczkir56,102819c73da759ea,1024,0/0
/spttest/951cg7f1mxie,10b1f5c6e2170026,1024,0/0
/spttest/9vhi9bk2j04,8043a5513c7cb4,1024,0/0
/spttest/tv1uuuc0cu1t,368c26865aaa3321,1024,0/0
/spttest/7qc63ljo927z,e1f6970e8c4c77f,1024,0/0
/spttest/e92gc3wp8ojl,1a08635ac4eb9741,1024,0/0
/spttest/rt6h6x6p6wpq,32cc9c4ed4b50c1e,1024,0/0
/spttest/bklmr2cpr0tp,152358e8b84c85ed,1024,0/0
/spttest/wvk3ohxfy69j,3c0d93851890f737,1024,0/0
/spttest/5q7w7jdn7jhv,a76a41b416b1973,1024,0/0
/spttest/iy6ea4js0nus,229cfff12bf900c4,1024,0/0
/spttest/dnybgu78p5ss,18f61eff9ca44d9c,1024,0/0
/spttest/7svuhputp0qk,e407d8949fd14fc,1024,0/0
/spttest/rny7ctqlg8d1,3288add75fa93b55,1024,0/0
/spttest/cnvodfr3p3jy,17218dc3a60d3d3e,1024,0/0
/spttest/3rju7xuszci6,6e0b631d374ce0e,1024,0/0
/spttest/un0bacv1w724,37f74b229548a8bc,1024,0/0
/spttest/7ulsrp19816j,e56d7f2645054fb,1024,0/0
/spttest/bzph2th2o83x,15e792ad0bafb50d,1024,0/0
/spttest/4i8bfl8k1oo9,83b43def793f729,1024,0/0
/spttest/d9vzagj244uq,183f6d6c755edf92,1024,0/0
/spttest/7lx5opg293cs,de609d4425b8b3c,1024,0/0
/spttest/95wohmoi9m7t,10bd441553a92ab9,1024,0/0
/spttest/m0s2pg7gonyy,2839a496227d5b5a,1024,0/0
/spttest/1bazmjyxxcp2,2667628a171f786,1024,0/0
/spttest/6k8k0uaiggct,bfc8ee8ef3b50cd,1024,0/0
/spttest/9hdseargp798,1152523174d96cfc,1024,0/0
/spttest/8hwtfxt9nbe8,f8592a1550fa670,1024,0/0
/spttest/ucz04a2ahi8e,3774ed8af15da88e,1024,0/0
/spttest/zvpmc92vv2lk,418a68f7105275e8,1024,0/0
/spttest/hw902gshesdr,20b058d2fad9a82f,1024,0/0
/spttest/5xul6mjzmd1t,ad9c115a488fa91,1024,0/0
/spttest/2vxe190zvnwz,545f19af6cf5dd3,1024,0/0
/spttest/grvp8670uqme,1ea3f9f36821be46,1024,0/0
/spttest/f1h1lghwjcpz,1b795a3f0a280b27,1024,0/0
/spttest/b4arywdbzmwh,144f9a2351b71db1,1024,0/0
/spttest/n249shy65125,2a1ea5aea0df329d,1024,0/0
/spttest/o5q66vx77qqm,2c21218eeb7e7e1e,1024,0/0
/spttest/tlqn423yv44h,3613334b4d5394a1,1024,0/0
/spttest/mithungbu0xs,2923f66eee147b40,1024,0/0
/spttest/ien3r45kk8ic,219f3e0e07e03014,1024,0/0
/spttest/xgschem8qeov,3d2153719b9b0cdf,1024,0/0
/spttest/xtkfxet5sy8a,3dc755ac64e1754a,1024,0/0
/spttest/hr560sja4zyl,206e0457ca8dc50d,1024,0/0
/spttest/bq3siw5wg1lm,156ad8a223af401a,1024,0/0
/spttest/efii5ppf68e3,1a5c1d767028b2fb,1024,0/0
/spttest/agyguxretfxg,1320684eeccf9fe4,1024,0/0
/spttest/atl6qtbrdapv,13c479e82c63ce83,1024,0/0
/spttest/73jjkn51rffe,cf751af1628cbda,1024,0/0
/spttest/4zgbp1qfejvh,91af8dafcedc31d,1024,0/0
/spttest/txff4uegj9yr,36ab05da9e34a133,1024,0/0
/spttest/24j08904oxps,3e20b18998dd4b0,1024,0/0
/spttest/19aph9q7wl15,24c619c5b8a1179,1024,0/0
/spttest/8niiol16i4y6,fce59685f4da38e,1024,0/0
/spttest/c0fn094tuhro,15f1037650121274,1024,0/0
/spttest/wix7r13lhr38,3b697269c7b19464,1024,0/0
/spttest/953tr989qsqi,10b2daeb56502cfa,1024,0/0
/spttest/80522x635mmd,e9ebd1e87844cc5,1024,0/0
/spttest/p0wl71frpsua,2db61d395bbdc542,1024,0/0
/spttest/5j2f2rzdnpfr,a19bd82aeeca987,1024,0/0
/spttest/p93b19q3kalg,2e2073c959accda4,1024,0/0
/spttest/ak52jp29c5y7,1349c1ef1a41ea1f,1024,0/0
/spttest/p4hwbh10f5ux,2de4c54454e63f69,1024,0/0
/spttest/ulv885hbuhaf,37e8782ec155d207,1024,0/0
/spttest/jbmqxgoulnoy,234bc29fc848e932,1024,0/0
/spttest/lrcjuloo9dam,27bf235e9b17f38e,1024,0/0
/spttest/wucpe8c4oy2z,3bfdeb0864c0f68b,1024,0/0
/spttest/gpwrf567xyvp,1e8a616f1d177dd5,1024,0/0
/spttest/oc4io6o4qqt3,2c743e46c02b4e37,1024,0/0
/spttest/9f5v6bviz405,11357bdcf8ce5d05,1024,0/0
/spttest/surq79fm1o6y,34b4e1a80655f2ba,1024,0/0
/spttest/vocmjukeoj1e,39dc56f400f5b462,1024,0/0
/spttest/s8nbsyhf9jvq,3395879848023fe6,1024,0/0
/spttest/z0eip80oxwi1,3ff3bc9df975fac9,1024,0/0
/spttest/lr2wyadgpl4p,27bba94e15d9bb39,1024,0/0
/spttest/39ha889sy29h,5f5fb8abc7e1ff5,1024,0/0
/spttest/nw6dz5bfzvau,2ba516db89421436,1024,0/0
/spttest/c4cla8wt5eaj,1623def70e2b949b,1024,0/0
/spttest/l7zcakmphahp,26c39351071ae05d,1024,0/0
/spttest/ereo5i6e9uu0,1af69a7343140a58,1024,0/0
/spttest/y86mqwe5x8l8,3e8530dd88ef46bc,1024,0/0
/spttest/1bfp3a86cpjf,26828f7f7ee524b,1024,0/0
/spttest/c3f3uggt5k2y,1617ca11bfa0f1ea,1024,0/0
/spttest/ns278oqv22jc,2b6f9f13bc3b2058,1024,0/0
/spttest/uxh1i4italhm,387f38dbbba0104a,1024,0/0
/spttest/g4a7hvtbazhi,1d7177d22afa8126,1024,0/0
/spttest/n03q9zrvhwic,2a047919932bf9d4,1024,0/0
/spttest/apa28i5vuh1d,138c8142de9084c1,1024,0/0
/spttest/1ppg35lk6ezf,3218724e06ea95b,1024,0/0
/spttest/a8zkb95m6r1k,12b8e37ba3822868,1024,0/0
/spttest/ci6gllhxxjjq,16d782546e9a1636,1024,0/0
/spttest/mve2sypbvu0a,29c742a3dfe3b8aa,1024,0/0
/spttest/jnibq8p4qgx4,23e6093afea16028,1024,0/0
/spttest/jubvqlk8m3e4,243ea2ca803b62ac,1024,0/0
/spttest/fzvnjmg7tnup,1d3842726c7fe501,1024,0/0
/spttest/ij2gilgfxl0r,21d8bd5a769767ab,1024,0/0
/spttest/ufxve3h9mtid,379b7cd0c1937be5,1024,0/0
/spttest/d0kzx6hn4gi8,17c68fae8aa92790,1024,0/0
/spttest/jobjwe0lff65,23f094dfb8ff0f8d,1024,0/0
/spttest/7br1a5b7syzu,d61efc06753e32a,1024,0/0
/spttest/6q2wgi79m9mm,c4874258b0c1f3e,1024,0/0
/spttest/iu0nm9nw55m8,2266f8a9c42497b0,1024,0/0
/spttest/x60ysu1l0apb,3c958dd3d5a9ef2f,1024,0/0
/spttest/sg1ej6hrjxua,33f5888c3fb23112,1024,0/0
/spttest/eibeb8ucreer,1a8084c947a585b3,1024,0/0
/spttest/5swb90jy14ch,a996e0cbefd9a41,1024,0/0
/spttest/j2brojbdd8n,f7a2cf973adb47,1024,0/0
/spttest/41znmut0grvu,7684fc1a0e0e52a,1024,0/0
/spttest/d2sm7gd3zt2m,17e349f3d62b74ee,1024,0/0
/spttest/2rni48djwcqs,50e6b5f2447cf84,1024,0/0
/spttest/2x4pbv6gz33v,555926b827b927b,1024,0/0
/spttest/vttzte036d5i,3a238d8833788b16,1024,0/0
/spttest/txq4pc6xmmaj,36aee32444a2b35b,1024,0/0
/spttest/7sl41jberl1v,e3c9dfd7ba3ed53,1024,0/0
/spttest/n0m3cssm0rjb,2a0b1948910a1167,1024,0/0
/spttest/tb0pktd994fc,3587f37a7a124ba8,1024,0/0
/spttest/vgx1o2mikoid,397bcb0d4d1f4315,1024,0/0
/spttest/pgd1f2rh84px,2e7ee3979ce1a6e5,1024,0/0
/spttest/xxe6ylpbzxg0,3df9097bd64c5310,1024,0/0
/spttest/ro3v3z2g8gzq,328ab8a1651a5006,1024,0/0
/spttest/5bvmtb7f2a36,9bc5dfcbf017a92,1024,0/0
/spttest/mxjz15u3f30f,29e35daf282f67ff,1024,0/0
/spttest/d6jzlc64ifn9,181422028a727bb5,1024,0/0
/spttest/bszzumyrrs19,159071ba661769ad,1024,0/0
/spttest/617x9lekbzkb,b0588a490e7a4cb,1024,0/0
/spttest/w5v2iplh66lq,3abfcfead7de9bee,1024,0/0
/spttest/h4pptn44y57k,1f4aad9bea9e12e0,1024,0/0
/spttest/89ftddh8fhrr,f178622292303b7,1024,0/0
/spttest/ekvhv31p8juv,1aa1bfc69fb56387,1024,0/0
/spttest/dq1bhsn55igf,19112eaf52dfcdaf,1024,0/0
/spttest/jnzsupnr4xl0,23ec576d75884a04,1024,0/0
/spttest/2h9cnpnigg7b,4876ba4823e1407,1024,0/0
/spttest/ox7894s7yaaj,2d85ff0ab1963f9b,1024,0/0
/spttest/x8k19s4cwdfz,3cb669ad4b3c280f,1024,0/0
/spttest/w447073r3186,3aa9203a3d567ff6,1024,0/0
/spttest/1szia3htt5qt,34c203914aa9355,1024,0/0
/spttest/n841kuz7xefc,2a6c8026e0c17a48,1024,0/0
/spttest/12432ej2y6ma,1ef1118eda82402,1024,0/0
/spttest/q2wuobwjkr3v,2fa3cd4de013e93b,1024,0/0
/spttest/fv2oy37ntmu0,1cf9da56796ebbd8,1024,0/0
/spttest/kf7vb2bp1fo6,254df69a2afcaa96,1024,0/0
/spttest/f2lnftr5f20,c3c723b5f31a78,1024,0/0
/spttest/vwjyykxvsysn,3a46e76c929e0227,1024,0/0
/spttest/7kwqlh2zupox,dd8e5daf2d17891,1024,0/0
/spttest/gup7hqntw0if,1ec89a026737a397,1024,0/0
/spttest/rax9fzziclc4,31df7a7e4a6ca504,1024,0/0
/spttest/7ux7khuzcek0,e5af5f89ec11fb0,1024,0/0
/spttest/t7g50c9fsgx4,35598f91822e37a8,1024,0/0
/spttest/aqm98kw4w41a,139de4e71a32206e,1024,0/0
/spttest/i3tpxdiy9dgh,2112bf556bc4a661,1024,0/0
/spttest/b587nyo9qvg2,145baa9026c80ab2,1024,0/0
/spttest/dcjnmn2fxcn9,1861f2da8e946545,1024,0/0
/spttest/43d72rkhr887,77a2faf208a1367,1024,0/0
/spttest/jzj3kzyjlpt2,24822fc78e5b60e6,1024,0/0
/spttest/jir75lwqy20w,23a84a86fc7da8c0,1024,0/0
/spttest/u0gm3g94f0d6,36d26bda86c2b79a,1024,0/0
/spttest/pf7v6fuiu6db,2e70087bea7475bf,1024,0/0
/spttest/pgkm25poay2x,2e819f2176a6b709,1024,0/0
/spttest/192neexgrr46,24979546a265606,1024,0/0
/spttest/ey406qvheatf,1b4dae131844db43,1024,0/0
/spttest/1jksmf8pxswv,2d1e9ecd515599f,1024,0/0
/spttest/rafra3a61njl,31d929a0c2e80b71,1024,0/0
/spttest/m7rgc251l4th,289457fb5fe300a5,1024,0/0
/spttest/gr3m6pamyarr,1e99d7d682e6b907,1024,0/0
/spttest/sguf4vsfrb7d,340000c60f20c079,1024,0/0
/spttest/e2q3n3ltub6j,19b5fed2ceec351b,1024,0/0
/spttest/5hajimmlw0c2,a02b155fa11f6b2,1024,0/0
/spttest/c5yn588eot3e,1638d118d48c574a,1024,0/0
/spttest/g3wvgwq4ysq1,1d6ca82cc888f1e9,1024,0/0
/spttest/h1gdfwoqei4e,1f2056c1a3e8cd3e,1024,0/0
/spttest/nr2la7rsnrxr,2b62c5d9ac22c52f,1024,0/0
/spttest/drbtfx09cajn,1921f5ac9a6f3963,1024,0/0
/spttest/aez4b4nxngbv,1306a9f63f1c2f6b,1024,0/0
/spttest/kegqr2gzuleg,25442cf8ace9ead8,1024,0/0
/spttest/4brlwep46qjv,7e74ced4e9133eb,1024,0/0
/spttest/l3zmrm6hh3nl,268fb929812dd5c1,1024,0/0
/spttest/mi3di9dvl8up,291a89b677b50311,1024,0/0
/spttest/7r5pt67l37uz,e2a12b1547b9b8b,1024,0/0
/spttest/kps0n3umale2,25d72038b90f88ca,1024,0/0
/spttest/yatknhdy7j82,3ea772792b36e312,1024,0/0
/spttest/ut3dkegxader,384655a0aed84363,1024,0/0
/spttest/g3wa68tyt6il,1d6c71888f68bc3d,1024,0/0
/spttest/lvmnrigh073x,27f6be1f305cf4fd,1024,0/0
/spttest/zvbi5m4z9dnk,41855112d182e060,1024,0/0
/spttest/ltz47id83i06,27e14238522cb9e6,1024,0/0
/spttest/46zpqf749cye,7a9476cff1119d6,1024,0/0
/spttest/82pk4yxjaz7n,ec01d53e56f07c3,1024,0/0
/spttest/fjsnf6e7eg9l,1c6758eaed69c8d9,1024,0/0
/spttest/oezfpulzc7j7,2c9960a06cec4823,1024,0/0
/spttest/j7myet4718zf,2317e0cb3fd52abb,1024,0/0
/spttest/k06mail2kvhz,248aac407b7d3277,1024,0/0
/spttest/91tslfpj0f3v,1088447c6fee737b,1024,0/0
/spttest/a69xdovuu5ar,1295a8ec9087f053,1024,0/0
/spttest/aeggrwklcalv,12ffeef3473a85b3,1024,0/0
/spttest/45voa7c9yv0v,79ad4f970eb1a8f,1024,0/0
/spttest/hye28jzzvu5m,20cc26be8eb6496a,1024,0/0
/spttest/oyw9y50nh671,2d9c05da4482809d,1024,0/0
/spttest/axkurwzn4by4,13f8503913c5b87c,1024,0/0
/spttest/6s3nasotkaoq,c62b387888c501a,1024,0/0
/spttest/a57xo6wdtbz,83c6c4d4888dbf,1024,0/0
/spttest/udfm95jgro4c,377aec3ab2b57edc,1024,0/0
/spttest/38dcvob73h87,5e7939d644e2cf7,1024,0/0
/spttest/2ee6uqpb2gic,46232d1e586cf14,1024,0/0
/spttest/d0uoe81p92qd,17ca0dca1dd1d315,1024,0/0
/spttest/czciv4wp5jnh,17b683b712312bbd,1024,0/0
/spttest/67h6mmclcccy,b56cf8492c18e92,1024,0/0
/spttest/4p3ai51hrcph,89460715d439e15,1024,0/0
/spttest/1dtvd9l1v663,28740be5ee315fb,1024,0/0
/spttest/ae23jiy1wwak,12fabfd7b213b47c,1024,0/0
/spttest/2d1m8h5jvmmz,450ac3ddfaebb5b,1024,0/0
/spttest/368escvq4278,5cbd027bf68da24,1024,0/0
/spttest/nteu47yalvt1,2b812b728b721645,1024,0/0
/spttest/kfwdwbl1diqx,2556cf23a28d6529,1024,0/0
/spttest/rk34r86f9tdr,32567ffc110083ff,1024,0/0
/spttest/lcpp6fhlic7c,27010afa48b09748,1024,0/0
/spttest/h6cnaxb81ru,df1c062f7129fa,1024,0/0
/spttest/dlbzpfoz64sz,18d41634fde9f0d3,1024,0/0
/spttest/cau4i3pxaciv,167822134b28d2e7,1024,0/0
/spttest/92jqosj16zvm,1091a12b02fa8822,1024,0/0
/spttest/om034tsr9pxk,2cf4898118e5a688,1024,0/0
/spttest/w9nozjmfd7ki,3af11ba53848de92,1024,0/0
/spttest/bia4j5hb0odi,15053798c9e55a66,1024,0/0
/spttest/1raogkh3h117,3362d9dbadf267b,1024,0/0
/spttest/mjfqno8vyzwd,292bfd211f4fc93d,1024,0/0
/spttest/x4zlxtzh9in6,3c8813341beaf3a2,1024,0/0
/spttest/33gnd796imfg,5a7d157c5a07c0c,1024,0/0
/spttest/trqqdz3kdjpc,36612b3d17749500,1024,0/0
/spttest/pcuhb0df7l0y,2e5139969275e932,1024,0/0
/spttest/f7gwgw48tadi,1bc73ca1dca271c6,1024,0/0
/spttest/2vnr06tvidep,5427733d5ad8761,1024,0/0
/spttest/6p8kkoikx5np,c3d829b888236e5,1024,0/0
/spttest/k4ia5de2i3a3,24c2d68aaa122b1b,1024,0/0
/spttest/npbeyolorcrd,2b4bfa6f32020559,1024,0/0
/spttest/7pl0cnxdjjx2,e159cbffd23ac96,1024,0/0
/spttest/a8xhs0qftgo2,12b8243e7b8e10a2,1024,0/0
/spttest/9h4pcvcvor4u,114f0b147332be5e,1024,0/0
/spttest/pfiym0ymq1rf,2e740957cb43a96b,1024,0/0
/spttest/pw2ysx387t9b,2f4b154e84bc93df,1024,0/0
/spttest/6tlei1m0nroc,c7618d6ca8c93dc,1024,0/0
/spttest/3zmtuyrultof,749b46db130537f,1024,0/0
/spttest/98aqi9pnhp30,10dc50ede88e243c,1024,0/0
/spttest/yzxvqs97kysd,3fedbbd2d0dd581d,1024,0/0
/spttest/5sw205w50ibj,a995653ac9251bf,1024,0/0
/spttest/k9qdebi70t1f,2506b41b3775b203,1024,0/0
/spttest/xxru5dnszg37,3dfdf5c45490a433,1024,0/0
/spttest/w2xl0jhrkr78,3a99c056ad4ed5b4,1024,0/0
/spttest/ythzaub4chje,3f9a0f84a1bdd3ca,1024,0/0
/spttest/a3suq8jckauc,12758558e9852be4,1024,0/0
/spttest/srjhronrqh91,348af14dc1b2d0d5,1024,0/0
/spttest/bjqbaiyi450p,15180c1756daac69,1024,0/0
/spttest/gv37ry36rw36,1ecda7e467716d32,1024,0/0
/spttest/p6iavm843grr,2dfee52318453ba7,1024,0/0
/spttest/q7ujhl2khjhn,2fe3ea25a0abe8eb,1024,0/0
/spttest/rb29xjfl6lrt,31e14995ac03f4b9,1024,0/0
/spttest/cnsdfayk0wof,17205c91a6b4616f,1024,0/0
/spttest/8wieew1wndd3,104335c3a4fee767,1024,0/0
/spttest/ij0ahwkxkrgg,21d7f52c454f9900,1024,0/0
/spttest/vkhkkco7vjgl,39aa2aabf512fb45,1024,0/0
/spttest/tm4w1ba4f8p0,361857588fdfb5c4,1024,0/0
/spttest/lxv0c2e709wf,2813bbd5e6bdb11f,1024,0/0
/spttest/npedjunmcmsk,2b4d0bea8c993064,1024,0/0
/spttest/nw2w8h9lpb10,2ba3d43bdb660d14,1024,0/0
/spttest/foat9507iknp,1ca1db898c513015,1024,0/0
/spttest/7fk4fsgjungh,d93664ce3168541,1024,0/0
/spttest/y4i9q2khq09h,3e556ed7d67ca4d5,1024,0/0
/spttest/tvxgkhpf2wtf,36978da65e8d95a3,1024,0/0
/spttest/ukdhgxzssrzh,37d51404277094ad,1024,0/0
/spttest/5actwosu8kio,9a897ef678f67e0,1024,0/0
/spttest/ha4wjauab0sb,1f911aa3caacbabb,1024,0/0
/spttest/8pi3txknxrkj,fe82dd0ca23a0d3,1024,0/0
/spttest/ce8gjxrh7bnz,16a445ebce3803cf,1024,0/0
/spttest/vc7epskf7rpq,393e95edb63ec70e,1024,0/0
/spttest/7sj0uckwoj4w,e3bdd0b4986a6e0,1024,0/0
/spttest/s0ir1tbe8hk3,332bf6d159f7f4e3,1024,0/0
/spttest/xrwbm4vxx335,3db1a483186feae1,1024,0/0
/spttest/5sf80tkenxwz,a93438220557973,1024,0/0
/spttest/c20wb4bbna9e,1605ac5188988ab2,1024,0/0
/spttest/u9oiz1yv1k7a,374a2e1972c93386,1024,0/0
/spttest/sft5kqax9zqw,33f28e9ece6ce638,1024,0/0
/spttest/djbwhits59ez,18ba136ea5a34eeb,1024,0/0
/spttest/ga41tcxmdrzu,1dbd2e9337bfc8fa,1024,0/0
/spttest/6mkk9naxf2q7,c1ade784a21948f,1024,0/0
/spttest/m3fopdh8g24q,285c2402e8696aca,1024,0/0
/spttest/g2zbj30osv1k,1d608cdcbc0e9428,1024,0/0
/spttest/pugwfu11mzou,2f3621e26dae432e,1024,0/0
/spttest/jg0y6vij8v5n,2384d77010873abb,1024,0/0
/spttest/y4vcyshjob2o,3e5a27f2f8cf6510,1024,0/0
/spttest/rlayd3kg0cdj,32664fc9214f8ea7,1024,0/0
/spttest/7ko0y334ef6i,dd5c1190662645a,1024,0/0
/spttest/um394bjow97q,37eb5d6bd93beaa6,1024,0/0
/spttest/nhy10kg87dn7,2aec39103d42c8d3,1024,0/0
/spttest/bzy9mrn05exl,15eabee2bb29c6d9,1024,0/0
/spttest/yunqcnqmxwd9,3fa9200591cc101d,1024,0/0
/spttest/xqopws6sastc,3da1e8fd3fbbe460,1024,0/0
/spttest/s8ts1y9ih8kk,3397db7f7437bba4,1024,0/0
/spttest/2mieh6r9tda7,4cba1e82f7d7d7f,1024,0/0
/spttest/93itp0itdj7m,109e49c509d9a782,1024,0/0
/spttest/dq6z2om56ou1,1913390721100039,1024,0/0
/spttest/r0atxajy622r,31557e013287be03,1024,0/0
/spttest/1bezm6aspyfk,267e79ac8495e90,1024,0/0
/spttest/iscs62vsab3v,22515e3e664e6ebb,1024,0/0
/spttest/czeh25gf55br,17b737d1ed1f2937,1024,0/0
/spttest/t3b97ivbjt0h,3523d779b2a9c0a1,1024,0/0
/spttest/m4428fgai8ct,2864ef8ffcad74cd,1024,0/0
/spttest/e3cyma4gtaer,19be3e67dfab99f3,1024,0/0
/spttest/fz8p998gzil6,1d2ffa5ebd7948da,1024,0/0
/spttest/12vk01zkgmwb,1f8fa7daabfe7eb,1024,0/0
/spttest/mgrt1ymtgvox,29095fed9424b971,1024,0/0
/spttest/vi4okayzv0c9,398b89a1807c7e79,1024,0/0
/spttest/xh0w6ehn5rpb,3d2468ebd1aed67f,1024,0/0
/spttest/vh0evnl3rwok,397d020d62826534,1024,0/0
/spttest/z4sslstlrvvd,402cd8369ddfa319,1024,0/0
/spttest/ar9wqzamc2z9,13a66db25f8c8815,1024,0/0
/spttest/h38gm3nyiosi,1f37767675501c02,1024,0/0
/spttest/mzgjhjus5e2s,29fc1b355fa41a84,1024,0/0
/spttest/5lo36z03knk4,a3b89a285634744,1024,0/0
/spttest/g9wso3ylv7k7,1dba9087fbf96507,1024,0/0
/spttest/knnlsfjuxe89,25bb8e20be14c049,1024,0/0
/spttest/28fp39zthi9a,414ce70b4df6fae,1024,0/0
/spttest/l2nqs84jwewj,267e71cb06e61673,1024,0/0
/spttest/r5py7wnkoo8k,319be4d4e222a0b4,1024,0/0
/spttest/lfll0awtbz6b,272686933733e3d3,1024,0/0
/spttest/lajqzbape69a,26e4eae10e53a82e,1024,0/0
/spttest/2ihu6itv6a4i,49778cde4ea2bc2,1024,0/0
/spttest/f1sz7s02wtes,1b7da88efde71ee4,1024,0/0
/spttest/fuw1yx65smaa,1cf7752cb2baecd2,1024,0/0
/spttest/mo4dpyvsfxms,2968d62bb7843004,1024,0/0
/spttest/qi6vwmfo6qil,306a42fe9005dfbd,1024,0/0
/spttest/pz5nkw22xba4,2f730562c2ba415c,1024,0/0
/spttest/mzvgjvj2tt97,2a017d334f80575b,1024,0/0
/spttest/p6b3tqj9s4ap,2dfc4c7702f8b9c1,1024,0/0
/spttest/6ws0awcuocxj,c9f72c1b2526577,1024,0/0
/spttest/9bxj75e11vym,110b826a82c6010e,1024,0/0
/spttest/4zpfhrrjw9x8,91e41ea02b9293c,1024,0/0
/spttest/axuclof3bkrk,13fbbd46d35d7ce0,1024,0/0
/spttest/nqwymsc24mtf,2b60bde459f77e83,1024,0/0
/spttest/gjrw7uemw93a,1e3ab05c74536406,1024,0/0
/spttest/521uxywluzu5,93cb87cdbad25ed,1024,0/0
/spttest/jw8nl1gmuiol,24577346fea52015,1024,0/0
/spttest/q9t2teoidd4l,2ffd5d84379c55b5,1024,0/0
/spttest/ceup8kd0et6m,16ac4c4dd2351f3e,1024,0/0
/spttest/o1zex1lmpwcd,2bf0823c72e509fd,1024,0/0
/spttest/78buajx2qce8,d357c86b37bd740,1024,0/0
/spttest/vvn2xq7efybr,3a3b097972288587,1024,0/0
/spttest/lckkwqugsfuc,26ff322edee12734,1024,0/0
/spttest/nldztcjsr4ty,2b18f3a52a441936,1024,0/0
/spttest/oh2opozm5x03,2cb48753666a3853,1024,0/0
/spttest/a7w5uagr3sqa,12aaabfdd2980f32,1024,0/0
/spttest/14nj05hvqz0v,2100f7fe3bce6cf,1024,0/0
/spttest/1d86wikhr3qi,27f6e3ce5c8ecaa,1024,0/0
/spttest/8kk2x9cbt12d,fa7f1f0935e15a5,1024,0/0
/spttest/e5bxmiy90wb2,19d7da00aeb6b48e,1024,0/0
/spttest/ac2n9tdfl533,12e0f7f3e53ddfff,1024,0/0
/spttest/yu6p40i775ez,3fa2fa9465a2062b,1024,0/0
/spttest/15rbwsesj3lv,21e6c077024ed03,1024,0/0
/spttest/itf8gvqx6lw2,225f3e0f33820d52,1024,0/0
/spttest/z5gebadblc0v,40355c6184e4cf1f,1024,0/0
/spttest/vtcia9vo7i5o,3a1d3e4a8f5e5bac,1024,0/0
/spttest/kg3dj7vezdsm,255954c873ab0a96,1024,0/0
/spttest/8wsxd11xd81c,104702105d4b1ef0,1024,0/0
/spttest/uxew59hm6iw4,387e726050342f24,1024,0/0
/spttest/lstr1mvlgout,27d25559211892d5,1024,0/0
/spttest/6rf089on0vls,c59cf7f96c30700,1024,0/0
/spttest/ubln9cy72kr7,37631e8177ff0493,1024,0/0
/spttest/svxmh8yhb79a,34c3ff92382a327e,1024,0/0
/spttest/s12vy1ge76ew,33333abe1990ba38,1024,0/0
/spttest/zn3tp5c8i58,1cef644e7439ddc,1024,0/0
/spttest/8gg30zbqjjq4,f728bb4826f809c,1024,0/0
/spttest/lalmvl5bnajx,26e599163e2fc42d,1024,0/0
/spttest/ghl9o6ad1o5q,1e1e51c9fff6258e,1024,0/0
/spttest/em470xkp9cca,1ab1e08a3a743fba,1024,0/0
/spttest/ncu9rxugvw6p,2aa9ebc8b0e2ccb1,1024,0/0
/spttest/ansqay3612u7,1379432106f3169f,1024,0/0
/spttest/d8t0exw19r70,18315df28c11a2ec,1024,0/0
/spttest/18alqu1491tb,23f5ac5c57af96f,1024,0/0
/spttest/2c6jaud8kofk,445754c2ab374b0,1024,0/0
/spttest/fgw9da15tlyg,1c41ae906b78bd68,1024,0/0
/spttest/59te4rdbukhh,9a19476161bb235,1024,0/0
/spttest/ysy0xhwrqrak,3f92dc556f79d7ac,1024,0/0
/spttest/1i7xxf0sx8p3,2c0497e647a7647,1024,0/0
/spttest/74rwsdshcr8k,d0753cb209585e4,1024,0/0
/spttest/qa094xern5as,2ffff44f58bc7d94,1024,0/0
/spttest/80zuglk6hxmj,ea9d8fbbad5aa7b,1024,0/0
/spttest/n9og2uvkc4bc,2a80d9fa24a370d8,1024,0/0
/spttest/rk5ggpewj0jf,325756c2bb07317b,1024,0/0
/spttest/48mfz7x6y6kq,7be781f0ba46fca,1024,0/0
/spttest/obadhp0gfvt9,2c695df005752ecd,1024,0/0
/spttest/6opk6xl2yioi,c36a6a18f69d912,1024,0/0
/spttest/dspr89c9ryun,1933fa68b642d22f,1024,0/0
/spttest/4iotc4jptpov,84137b33a544c4f,1024,0/0
/spttest/v0e3bm1irz6c,38a52030eeef00d4,1024,0/0
/spttest/zyl65okj19zs,41afc5bdd4976bd8,1024,0/0
/spttest/cfa1kkg1qt0x,16b1d578f3ba3671,1024,0/0
/spttest/52unygzine3t,9471d3df7e6e529,1024,0/0
/spttest/nf81uqixt1ma,2ac8df2037c61672,1024,0/0
/spttest/caoecd7nhgxl,1676111d6b4132f9,1024,0/0
/spttest/lcgkzos47oxa,26fdc0eb7af62dee,1024,0/0
/spttest/14s60o9rwyru,211bc05d31ab70a,1024,0/0
/spttest/ipi6s16sdai6,222c59cce5a2fa6e,1024,0/0
/spttest/jcdrfmme40gm,235581dc8053e156,1024,0/0
/spttest/zt292v5ywo5h,4167fff536844845,1024,0/0
/spttest/l62oq6hlrfi6,26aacdcf3e7f803e,1024,0/0
/spttest/wkudh7plai5h,3b8266845afc6365,1024,0/0
/spttest/g5dlp3d3rqhw,1d7fae9e04a565e4,1024,0/0
/spttest/c4n9jomftsm8,1627b8e61c0cfd20,1024,0/0
/spttest/msf6uj42bh8e,29a0b19cedc1adfe,1024,0/0
/spttest/mwwuawxav7xl,29db0514ae3427e9,1024,0/0
/spttest/e5dvbgqlznr8,19d88cd1b7e90004,1024,0/0
/spttest/kf43381e45tu,254c9918bedaa882,1024,0/0
/spttest/e09zqghw6i2p,19963464f2a82501,1024,0/0
/spttest/2d0mauhg2p39,450500ad9d93f85,1024,0/0
/spttest/nqvwt0wmb8m,134745b48a7d266,1024,0/0
/spttest/ipkscdu0rrln,222d49de6a4dcc7b,1024,0/0
/spttest/5yr88gi2jp34,ae588030c37cfc0,1024,0/0
/spttest/q119ngnba3wy,2f8b6ab047eb9952,1024,0/0
/spttest/f1g36hwsos29,1b7901f17bec5011,1024,0/0
/spttest/dawt68k4ob77,184cb75a6277a2b3,1024,0/0
/spttest/vzu4b8wmf01v,3a71889bbd444403,1024,0/0
/spttest/trhkn2l3yr5l,365ddd2d97f2f4f9,1024,0/0
/spttest/7dp13jmlsbsh,d7b310ed89667b1,1024,0/0
/spttest/gkkota64bv92,1e45140ab4daaef6,1024,0/0
/spttest/pf6q3hzjwm0u,2e6f9f13ca0f667e,1024,0/0
/spttest/xd1c2ybjffa2,3cf09cb372f39a1a,1024,0/0
/spttest/2nljvygkay9b,4d9c22666b37fef,1024,0/0
/spttest/9dkkbhjtm0pl,1120cf046ea1e619,1024,0/0
/spttest/dvxvik9wwaef,195de01f66fba0a7,1024,0/0
/spttest/xfeu8pyhien7,3d0f7698c6ab23a3,1024,0/0
/spttest/b8a671vdbcki,1483574c770fed62,1024,0/0
/spttest/6wfyduszs1zq,c9b196ab96a0c16,1024,0/0
/spttest/b0nlfm4v61iv,142045210a4b7c37,1024,0/0
/spttest/1vz27jziqan6,372eec26ae46662,1024,0/0
/spttest/zqbcpjc1y492,414450d0a64c0b06,1024,0/0
/spttest/8g2el6782524,f6d9c365f94aa1c,1024,0/0
/spttest/p3fczlr0u86s,2dd6ddad8a0be0f4,1024,0/0
/spttest/lcto6z6ihva3,270279ec80fa929b,1024,0/0
/spttest/9nwcelipbp5g,11a6f3b2ec786514,1024,0/0
/spttest/ata7szwsw1fs,13c08493df261b48,1024,0/0
/spttest/5rp3cogp61dg,a89d5f342bac574,1024,0/0
/spttest/jt8oixui5ggu,24307dec57f9fc9e,1024,0/0
/spttest/2r14c8y9em6n,50657ebaf3658cf,1024,0/0
/spttest/14ut2x2mc7t0,212afeea7e46084,1024,0/0
/spttest/7rbcg8e5b1k2,e2c1a9feee179a2,1024,0/0
/spttest/xoktl8c9rluj,3d868671535ac05b,1024,0/0
/spttest/hy27u0y55x7s,20c7e0af4488a468,1024,0/0
/spttest/kun40d1pf44v,26164d4e5cf9efaf,1024,0/0
/spttest/1zpdkxyfhw88,3a3654821560468,1024,0/0
/spttest/xmuz0lydpu4s,3d7035895e50a9cc,1024,0/0
/spttest/qeuk498atlgx,303ed88f55c70bf1,1024,0/0
/spttest/twemxwty4lwi,369dc042dd457de2,1024,0/0
/spttest/x5s8638c3nzw,3c92668cd205f83c,1024,0/0
/spttest/garrayyneo9,d3b703292c3409,1024,0/0
/spttest/4ga1we2rzx73,821e9a232e6b5cf,1024,0/0
/spttest/7dkohyvlwv9u,d799f420085d752,1024,0/0
/spttest/4605knou9if7,79c72cf8eb37383,1024,0/0
/spttest/ou7fgo68rx81,2d5f19c4f4f940f1,1024,0/0
/spttest/xov77e4fvpsq,3d8a450f4a6b335a,1024,0/0
/spttest/jmwblj5gk6qb,23de18cb1f821313,1024,0/0
/spttest/30usqwayqopl,585f4887a0d4999,1024,0/0
/spttest/380zulv2di1b,5e31dc3bbd18a8f,1024,0/0
/spttest/nlu7gjelbdef,2b1ecd267eb87597,1024,0/0
/spttest/4fi0diuvhcz0,817cb698d7672ec,1024,0/0
/spttest/ojzyisn91h3y,2cda83284d10b1de,1024,0/0
/spttest/dg7aopxg6lnr,1891724137d27727,1024,0/0
/spttest/j712vg4zwdwh,230ffc2444b36161,1024,0/0
/spttest/jd3t150b5ufx,235ee788d710a45d,1024,0/0
/spttest/u8x05aqn7j6g,37403fda19795bd8,1024,0/0
/spttest/qtm1760n3ppu,30fe9bec26873bf2,1024,0/0
/spttest/ffso61hltp59,1c3365ce2e20cd8d,1024,0/0
/spttest/hjrl55t4uyc8,200e313045a4b158,1024,0/0
/spttest/5gqzrhw2pb02,9fba3a7d68595f2,1024,0/0
/spttest/6od0l16ttup2,c321fe6c46aa5a6,1024,0/0
/spttest/e9f0s19hllc6,1a0cec396a6ce446,1024,0/0
/spttest/2y6nccbhz48p,5634350c7207d39,1024,0/0
/spttest/8fh5wjinsdzy,f65f23295d064de,1024,0/0
/spttest/9e3gt8jf7wxc,1127a1040dc1fd70,1024,0/0
/spttest/k2t3i5t2xhyk,24acc307a7227f2c,1024,0/0
/spttest/y7bchdxiplc,1bc466b7a377710,1024,0/0
/spttest/kirn2p92tyq6,257c109d6be06b0e,1024,0/0
/spttest/knpehl6anv7b,25bc34218ba1afb7,1024,0/0
/spttest/mtajpgbtj2sh,29ac020597ca1de1,1024,0/0
/spttest/nytvdv2lxyqv,2bc78a81faa6db27,1024,0/0
/spttest/10ilsqm6a8id,1da53cce8bec795,1024,0/0
/spttest/116qkas9v5kw,1e308dd9b7c6700,1024,0/0
/spttest/e8ujmgc0cmzg,1a0588d7e25e2f5c,1024,0/0
/spttest/2ofouxsrnx97,4e4a1f4208f831b,1024,0/0
/spttest/wlhk4lz2ts5w,3b8ac40c7d5a31d4,1024,0/0
/spttest/22wmk6a9htp5,3ccfaaabb8b2199,1024,0/0
/spttest/3v39rq2w4n3b,70eb0dbb5aa15e7,1024,0/0
/spttest/rk1mlxitasze,3255f50e0864c63a,1024,0/0
/spttest/eeuxh9lanmjx,1a539bef59335fed,1024,0/0
/spttest/iikbygzplw7p,21d2330710653b55,1024,0/0
/spttest/zefgt2sn0jp2,40a9edb904af2ab6,1024,0/0
/spttest/ykclkqqhg0dc,3f233726a5fd5ee0,1024,0/0
/spttest/am1o3x22gnso,1362824c16cc3678,1024,0/0
/spttest/9034xfr9qfn5,1071a8ee7bd0f6b1,1024,0/0
/spttest/msucmi8ex6h4,29a629f59d602d08,1024,0/0
/spttest/jq3glf4r5n8s,2407a3f6596bbfec,1024,0/0
/spttest/j1v4fdfhhhpd,22cce3a269b950e1,1024,0/0
/spttest/psoi5tel664z,2f1ee5ae9981a193,1024,0/0
/spttest/62swv0od83xr,b1a1898046c12ef,1024,0/0
/spttest/k09l2ngp0ija,248bbe3af5ab46d6,1024,0/0
/spttest/5gqvri9xf66c,9fb9964ab6f3204,1024,0/0
/spttest/y9zjc9jeimpc,3e9c9c0f8bdfcd70,1024,0/0
/spttest/k05320mu8t4k,248a1e872c84bb74,1024,0/0
/spttest/30ieakf2joyg,5817b0782c2a318,1024,0/0
/spttest/r8gz99iqagus,31bf9ff33a6c25d4,1024,0/0
/spttest/tljafptmi61s,36108c313339a920,1024,0/0
/spttest/ibslgkmdqi6c,217a418efdf06384,1024,0/0
/spttest/4cjtxr7wnotq,7f17bdc3015696e,1024,0/0
/spttest/6dlwzz63lp9m,ba674318ae21e2a,1024,0/0
/spttest/rl20onlg46z6,3263166d3ba4f052,1024,0/0
/spttest/ovinpfhioc9b,2d70243a2f58ba0f,1024,0/0
/spttest/ero61jeznfw4,1afa07aa79291b34,1024,0/0
/spttest/3w3cha6n7jwv,71bb51171638f8f,1024,0/0
/spttest/1rtgs0e2nq2o,33cf4e6e71c1dc0,1024,0/0
/spttest/ah78o9il5lk4,1323929ede1f4964,1024,0/0
/spttest/1x5nupeiel70,3824dc1cfdbbccc,1024,0/0
/spttest/bfyhk96lhstx,14e70a1927a44935,1024,0/0
/spttest/55h91utv0216,9693dfac41e3d4a,1024,0/0
/spttest/hl2wtqkmhfcc,201f4478a1e1edec,1024,0/0
/spttest/7imbnen4ga96,dbb294f718477ea,1024,0/0
/spttest/58rl6z6qzbzh,993f0962989096d,1024,0/0
/spttest/o2vimz1nn91z,2bfc1790b43f5897,1024,0/0
/spttest/ng7f4qw1j4bn,2ad5a2153de75da3,1024,0/0
/spttest/2egc0bxd4q,ddd253e06bba,1024,0/0
/spttest/gev0yqjsysh0,1dfadf5cb088aca4,1024,0/0
/spttest/gwk3ea70lb4h,1ee0bc2c0d7ac791,1024,0/0
/spttest/94kzljxnjn0k,10ac0ee933e70644,1024,0/0
/spttest/8rkj77m5w179,1003087fab813b15,1024,0/0
/spttest/h42sxp0ee0vm,1f4269202ba399f2,1024,0/0
/spttest/oz0zbirueukj,2d9db86c88699c43,1024,0/0
/spttest/cl9rhlpmcjdh,16ffab24c9345715,1024,0/0
/spttest/blda1a94zzv9,152d5297cfb2c855,1024,0/0
/spttest/a0metwku8f4w,124c3a939750eca0,1024,0/0
/spttest/14s5wai362ld,211bbb5dd245da1,1024,0/0
/spttest/fdtjcmhz8k7p,1c19bb4cec195f55,1024,0/0
/spttest/h7fmw1ep0r2a,1f6e022b98df4a02,1024,0/0
/spttest/w3bveb5ed5os,3a9ee822136d900c,1024,0/0
/spttest/pqukb7mp8lk8,2f071ae4e4c32028,1024,0/0
/spttest/p29g264cfzk9,2dc7be1788945dc9,1024,0/0
/spttest/2asp7sl8kf3a,4337a1011ed8566,1024,0/0
/spttest/xyujik7317ae,3e0becd81e80fa26,1024,0/0
/spttest/i2ofzg9hmdl1,2103dab9d1562345,1024,0/0
/spttest/ola1dq3bv8o2,2ceb236eb9a9f4a2,1024,0/0
/spttest/4l6fox52ktfc,8618dd533b557f8,1024,0/0
/spttest/fiyar6j8uinu,1c5c655ee97a0dfa,1024,0/0
/spttest/5q0qnvghldpe,a740f4c5f01d9a2,1024,0/0
/spttest/kc308zh83anm,25253dabeb5174b2,1024,0/0
/spttest/9fm3astu650o,113b5699982910e8,1024,0/0
/spttest/buqf34t9alt6,15a6f7a6c420c9ea,1024,0/0
/spttest/qi6dme0cq6s7,306a1414b39790d7,1024,0/0
/spttest/h98zmbcnzuvt,1f8596c4aac8de19,1024,0/0
/spttest/m3sbphg7u3ry,2860b3738042659e,1024,0/0
/spttest/jpf9535iarg4,23fee7fffb239f74,1024,0/0
/spttest/g4dbt50d26xd,1d7297fdb4164c91,1024,0/0
/spttest/55a96nc3qoj7,966b7be4e4081b3,1024,0/0
/spttest/ruf2oys1ssu0,32dcb3ad998c31f8,1024,0/0
/spttest/4g9fvgm1ayim,821b11ebd59463e,1024,0/0
/spttest/r360s80oa5kp,317ab988637dd2b9,1024,0/0
/spttest/lepqgucp1ill,271b08cc8f475d69,1024,0/0
/spttest/s9c441h007yp,339e791085c11c51,1024,0/0
/spttest/b8g9qwf1k77a,14858a9ec1751e76,1024,0/0
/spttest/b4zht80whsfa,1458854818a38a26,1024,0/0
/spttest/r5e4iklw0qjx,3197a091487dda6d,1024,0/0
/spttest/mwx3vv5bwg1v,29db1daa8129e843,1024,0/0
/spttest/rnw27xryvnc1,3287e7ed72b405e1,1024,0/0
/spttest/qas0dy6gbj2q,3009f82bf0fb7d52,1024,0/0
/spttest/lf4lncinz2tt,272065f516477811,1024,0/0
/spttest/dbi0d5hmug3s,18545d8a1b0af708,1024,0/0
/spttest/54zgbq1869s7,962d203d0dc8307,1024,0/0
/spttest/a3vsonwi8qip,1276953556507a41,1024,0/0
/spttest/xrz4mlva2y30,3db2a7b0a0620f0c,1024,0/0
/spttest/woh0soklfo2,1a87cba7225f692,1024,0/0
/spttest/uvg7ld1gk4vm,3864f19a1da919b2,1024,0/0
/spttest/ho6b809pbeai,20477648bc4d9a1a,1024,0/0
/spttest/lkx9caqkus9n,276baf57d719c69b,1024,0/0
/spttest/5ll8i3lkw987,a3a8226f230aeb7,1024,0/0
/spttest/3rzed0x5c01m,6e6536579ab143a,1024,0/0
/spttest/2owv1y1yj9fv,4ead41b9cad1c8b,1024,0/0
/spttest/d1r5gnyo018b,17d5c55d9c60563b,1024,0/0
/spttest/43dgfkox2eku,77a47b066d5d74e,1024,0/0
/spttest/g71on53a1yhr,1d955c452130aadf,1024,0/0
/spttest/qw9a0kxd9fom,3120f987367e48a6,1024,0/0
/spttest/12e0c3xlz2is,1f2a5c631228084,1024,0/0
/spttest/usnw5efs2xhd,3840bf6aa3456e01,1024,0/0
/spttest/w36a28opys39,3a9ce38cdf5fdbb5,1024,0/0
/spttest/e60g5a4cyqch,19e0b25c7d74b5e1,1024,0/0
/spttest/vo3q2fds6ou3,39d920a910e1233b,1024,0/0
/spttest/n9cnn24aispi,2a7c98f55ec51bd6,1024,0/0
/spttest/g89xam60m1en,1da552ac0aee689f,1024,0/0
/spttest/2hc6i0kuwnw5,48870f256936ef5,1024,0/0
/spttest/voygitps39uf,39e4379639474497,1024,0/0
/spttest/fpxj9pwyeeba,1cb70ba5ac05f1f6,1024,0/0
/spttest/xp4rl4b9lot6,3d8db8ab010da5da,1024,0/0
/spttest/ulayqotf84yk,37e1287b2a60ce1c,1024,0/0
/spttest/tchkqdc3ncfx,359b068fef5b81bd,1024,0/0
/spttest/ua6v3w9vr46w,3750cbdcbdf150f8,1024,0/0
/spttest/vaikk3u1q17u,3928a27484e191aa,1024,0/0
/spttest/7dql6wcbixdc,d7bc0fb1d0b9470,1024,0/0
/spttest/40j32ysqx1dm,75557dfe1276f3a,1024,0/0
/spttest/d5rhxk5438nr,1809da62d4ae8697,1024,0/0
/spttest/ffz14jz3b36m,1c35b1439bfd63de,1024,0/0
/spttest/6p3z5kx6rfb6,c3bda2d4a3ff042,1024,0/0
/spttest/gh26hlvl9ral,1e176ea08727936d,1024,0/0
/spttest/tp1yeep5gkgs,363e401386d6549c,1024,0/0
/spttest/bscm58tdofia,15880217f1f8e582,1024,0/0
/spttest/pelmza7vujoz,2e680358acee1a33,1024,0/0
/spttest/mawc46t5ih5j,28bd12c4eeb14057,1024,0/0
/spttest/pvlejz9gkjgo,2f44bf1800686388,1024,0/0
/spttest/9j1207l5fjht,1167b492c08a1971,1024,0/0
/spttest/hkd120jo1qfn,2015edbffe340013,1024,0/0
/spttest/po8bugwbpdiv,2ee51a8f4d27fbb7,1024,0/0
/spttest/a7eyljklys4g,12a47725c03b37e0,1024,0/0
/spttest/qi7cfruuhaay,306a6d696e00d46a,1024,0/0
/spttest/4ev8bhizk3fu,80f9352e6efa96a,1024,0/0
/spttest/cfph9b13n4jw,16b7673efbc2edcc,1024,0/0
/spttest/7dfy9j0699j9,d77ea790cecce85,1024,0/0
/spttest/l0i3xzndeqvs,26626ed6118cd898,1024,0/0
/spttest/43ggql38kbyc,77b5d941d6a3d84,1024,0/0
/spttest/pfpw8iwm2mfr,2e7689d3a8bf5417,1024,0/0
/spttest/33abaa9a29ni,5a58822d8b9cb5e,1024,0/0
/spttest/d6pepvq1wzc0,181616a9656ef3e0,1024,0/0
/spttest/khr87e6dk7hl,256eed34b36607e9,1024,0/0
/spttest/tx0l39jvdx7l,36a5ab9ccc95e461,1024,0/0
/spttest/a40rv6jh0ij4,127860f2c42d5ad0,1024,0/0
/spttest/qhuaktygcky,15828a9a03559b2,1024,0/0
/spttest/21yepu1674at,3c0a20616379b85,1024,0/0
/spttest/gqf8k0c9hnxq,1e910c070c53ec6e,1024,0/0
/spttest/ziesqruf5uh,1cd449561579559,1024,0/0
/spttest/px2gsgym6f8c,2f57e458eeaa309c,1024,0/0
/spttest/r9tzqv5rilv9,31d14f3f9ac2de35,1024,0/0
/spttest/99k4int5215e,10ecb172fa751b52,1024,0/0
/spttest/dk9xqqi3sgmz,18c65b2cc55fce3b,1024,0/0
/spttest/r19np4lwg97v,31620eeaa08aa6ab,1024,0/0
/spttest/ui1hh8la3tm9,37b6c51ad68236b1,1024,0/0
/spttest/h0q4tizrflpt,1f16df0f8c6be2b1,1024,0/0
/spttest/q043bhg8cng8,2f7f7249c89019b8,1024,0/0
/spttest/n8osqs9z84wo,2a73fd37162ad1d8,1024,0/0
/spttest/bsne762l4nnz,158be5c14a2aedcf,1024,0/0
/spttest/b552pl5necsy,145a88bec7037352,1024,0/0
/spttest/kpfvsw2cv77q,25d2bf62ce3b0a46,1024,0/0
/spttest/92m1dbs7pmvj,1092754f9ce7870f,1024,0/0
/spttest/15wsohve3z4x,22064e5c6d58ea1,1024,0/0
/spttest/cc6d9th89ujc,16898a40ab72fed8,1024,0/0
/spttest/wnhzfwbhd5mw,3ba4e5da7e00dac8,1024,0/0
/spttest/8h34bpy1rciu,f7adb81826c3126,1024,0/0
/spttest/tfu7a18vckyk,35c68c99a095241c,1024,0/0
/spttest/3sd0ndlfzhud,6eb3d5e5d48b815,1024,0/0
/spttest/t6t35sqsytwb,35513e5b324f0fdb,1024,0/0
/spttest/q7vx3u69akcw,2fe46974d839a690,1024,0/0
/spttest/6bcatvt0ucr1,b89017bfd54600d,1024,0/0
/spttest/rkcmhhgpd4sa,3259ecc9e1eca27a,1024,0/0
/spttest/tn2lzcz7aq39,36248211b483f595,1024,0/0
/spttest/xm7ee2gagn6k,3d67b4250d86035c,1024,0/0
/spttest/g0h8k265nnjg,1d400c17b877f3ec,1024,0/0
/spttest/mwtxcuf9avcz,29d9f7cf9dc1e243,1024,0/0
/spttest/sce9xby9medp,33c6387cde5d534d,1024,0/0
/spttest/t4hu4pvdmqu0,3533349f82baca58,1024,0/0
/spttest/fzx28p9ga5a9,1d38c48607c19d41,1024,0/0
/spttest/j66szm8ng2ox,23050fbbd51028a1,1024,0/0
/spttest/ovlw84fuld3n,2d714f30ca11ef93,1024,0/0
/spttest/3jw0q8s03yk9,67d314248e7c1b9,1024,0/0
/spttest/t1ddcpx2muw0,350aa054f4b73be0,1024,0/0
/spttest/km0o8rbq43b4,25a64ab262d2ffc0,1024,0/0
/spttest/ndygyna63zbe,2ab86cf3bebdf38a,1024,0/0
/spttest/95n8ai93ck2v,10b9db357ab737a7,1024,0/0
/spttest/wxhvtte26osy,3c26c1264fd20d12,1024,0/0
/spttest/rnz788ztp15e,328909e225eafb12,1024,0/0
/spttest/jnuwrdkw3fu5,23ea939c9cf7f2ed,1024,0/0
/spttest/x7mbml3m4sqz,3caa3fba275ffc8b,1024,0/0
/spttest/cv0roy0hvwlp,177e50eb89cb87cd,1024,0/0
/spttest/lywpk4skp6qq,2821562e188eb262,1024,0/0
/spttest/gdhhz16oezaj,1de90096deb86a2b,1024,0/0
/spttest/49nrxtqc20x9,7cbf06fb0dbb52d,1024,0/0
/spttest/c4nbrggf3gwh,1627be959dd5e751,1024,0/0
/spttest/s26avd8e6ptf,334173667a604633,1024,0/0
/spttest/ajoz2ak272le,1343f31abb733ae2,1024,0/0
/spttest/7b1tpzr3dz5t,d58d726096a9241,1024,0/0
/spttest/24e89g0gagmg,3e051ddc622c2a8,1024,0/0
/spttest/sogf13ofkotp,3462dd6713b8f9ad,1024,0/0
/spttest/qi530zisg8z0,30699c8785eee56c,1024,0/0
/spttest/chlxf58b1sxu,16d019c1561663c2,1024,0/0
/spttest/q28ycx6v3zj1,2f9b2dea992b3d9d,1024,0/0
/spttest/pbuix3lpuqdb,2e444078bae37dff,1024,0/0
/spttest/8bjzxghenag,6c156a484b2e68,1024,0/0
/spttest/91yqwgvds8g2,108a0dfb658622c2,1024,0/0
/spttest/bls4odjxbu89,1532ae5e235e2ac9,1024,0/0
/spttest/yawpjjsxas19,3ea894206ce54d6d,1024,0/0
/spttest/zz6l117az25w,41b77fa14a0e0bb4,1024,0/0
/spttest/8na4i4wht2k5,fcb5214ca95a335,1024,0/0
/spttest/xrze72whr1x5,3db2c03dbd175379,1024,0/0
/spttest/r5me4mptsdsq,319a9c2d7bafd5da,1024,0/0
/spttest/aohdjuxq2kug,1382279d761ef408,1024,0/0
/spttest/mvwwc0wkv003,29ce0d08e6e625c3,1024,0/0
/spttest/kowr7m5wf2kv,25cbd89c229e2ecf,1024,0/0
/spttest/9a8j8xv9c2bg,10f58014b70f2bbc,1024,0/0
/spttest/4p3r7xcw0nxc,8948b554f001920,1024,0/0
/spttest/fxt4yjhog328,1d1d5f82a5521f80,1024,0/0
/spttest/3a8huix19zdm,5ffcd08b65b805a,1024,0/0
/spttest/snfd52sdoy3m,34557eedeef73fa2,1024,0/0
/spttest/9a7ilmyvo82s,10f5220d45ca25e4,1024,0/0
/spttest/bs8rdq4ev1a3,15869e0dce13563b,1024,0/0
/spttest/37q5pqrkctm,29c177323cf0ea,1024,0/0
/spttest/vnww7g18hy2g,39d6a9d5c74932b8,1024,0/0
/spttest/xf99lndzv5zw,3d0d73cba894371c,1024,0/0
/spttest/1icwa8e1r8t9,2c2131de478fe5d,1024,0/0
/spttest/l1stftr6mfcp,26734930f2409939,1024,0/0
/spttest/tcwsgzr29l77,35a083f19e289193,1024,0/0
/spttest/xtmjh764jkxl,3dc817847f0afcb9,1024,0/0
/spttest/tb793t1dkzba,358a4fca926b50c6,1024,0/0
/spttest/sx9fiw0sqg3x,34d53f673b85f00d,1024,0/0
/spttest/26prfbqtpkdh,3fe75997a288865,1024,0/0
/spttest/dt2l2jm7i79e,19389b64e9a22442,1024,0/0
/spttest/3ot2jxd9b1e5,6bd131e83bea8cd,1024,0/0
/spttest/1gfn86wm2mvi,2a916787229964e,1024,0/0
/spttest/pft0x808hk0z,2e77aaf472bc47a3,1024,0/0
/spttest/dv84hlhum8ie,1954959252182696,1024,0/0
/spttest/9ir038ckv64,7bab38b547b6cc,1024,0/0
/spttest/sbjm5kplygic,33bb2872fd834114,1024,0/0
/spttest/q9ym81lydjuu,2fff5d269a3f8bc6,1024,0/0
/spttest/d1htpalq742f,17d267e0878abe57,1024,0/0
/spttest/9pm4usga578l,11bd3f28628b7de5,1024,0/0
/spttest/er6rgp1jqs5g,1af3bfffce043804,1024,0/0
/spttest/xqunvkoqtubw,3da40dfb23f4f8cc,1024,0/0
/spttest/vposeqmpsvvg,39edb7a8ca3a815c,1024,0/0
/spttest/c4t8qmbcdl75,1629e109703c2491,1024,0/0
/spttest/fi7z93hgosyh,1c52e648acbd0c99,1024,0/0
/spttest/z85obeh2ryf7,405875c43497ad03,1024,0/0
/spttest/4os50nm3x2n9,8905a512e8df6a5,1024,0/0
/spttest/8grdazswx7c0,f769e20961c6360,1024,0/0
/spttest/21lk9hrtwepf,3bbff777a65eb73,1024,0/0
/spttest/34nyg25t6qf4,5b7719aca315c40,1024,0/0
/spttest/u0p0rzaflxw9,36d57478002e65d9,1024,0/0
/spttest/wi5ezgnivqf9,3b5f6aa9f37e6585,1024,0/0
/spttest/lznr7cub99aw,282b1857f4cf3a58,1024,0/0
/spttest/uq3wvr2e07u2,381f8f6a9358adaa,1024,0/0
/spttest/s5n2asytxy2d,336e7770542b6fb5,1024,0/0
/spttest/jzjqntnhix3z,24826afe6f78751f,1024,0/0
/spttest/tgava7ruf6fb,35cc90156fc9e847,1024,0/0
/spttest/c7dk1m5ywa8m,164b2fec292531d6,1024,0/0
/spttest/8ij2snwgwjv2,f8d9abb02cd2c8e,1024,0/0
/spttest/zuajt0ap8pc2,4177fbae7d999342,1024,0/0
/spttest/tahth85vy2a7,3581227d3993b30f,1024,0/0
/spttest/bq8r8vtxovnz,156ca3320653fb4f,1024,0/0
/spttest/e89u3jxmgxq4,19fe0ffc9ed9f8bc,1024,0/0
/spttest/6461zbzhllsm,b2bd3c62b58ee96,1024,0/0
/spttest/qfkbvw3obqrz,304825030316204f,1024,0/0
/spttest/xnnw2casp9a9,3d7aa4a446a73f41,1024,0/0
/spttest/35amo8467ly,28e0e29bb11006,1024,0/0
/spttest/xp3kkjjii6jg,3d8d4a4c522f9f9c,1024,0/0
/spttest/lqvcw4ecf8r6,27b8ef41dbbf9e12,1024,0/0
/spttest/x4vu3r56155m,3c86b6adc9db3a5a,1024,0/0
/spttest/65yjnc0notb1,b4318aba8b6a15d,1024,0/0
/spttest/ju7ejsh0siiq,243d0536e8e7b0c2,1024,0/0
/spttest/sq2v7iv8b00r,3477f4455dd898db,1024,0/0
/spttest/nuoivtp05b95,2b91a790873e5c39,1024,0/0
/spttest/v7sdnqqtbi6r,390534aa837075d3,1024,0/0
/spttest/9i5mjcpfajdy,115c5d782fbf73a6,1024,0/0
/spttest/uiandtncgpj8,37ba139200f13d44,1024,0/0
/spttest/e8hpjactw438,1a00e739a6f029b4,1024,0/0
/spttest/5r6ttfi5pcr9,a833edb9ff5e9d5,1024,0/0
/spttest/zwjq77tjeqz6,419545eaa9c93712,1024,0/0
/spttest/efeywadk8o2a,1a5ad6efac29b3d2,1024,0/0
/spttest/pwyxe8feq49t,2f569d7a62120221,1024,0/0
/spttest/x3borkvo2e4p,3c72745c5694a809,1024,0/0
/spttest/lhgxuddgq03b,273ed42e043736f7,1024,0/0
/spttest/qtytvxer392v,310339f2b62b13b7,1024,0/0
/spttest/qwd7ojk7of5e,31226502f8f8c9b2,1024,0/0
/spttest/qpdtfr7xia0r,30c7b0091502b03b,1024,0/0
/spttest/feqdlbomq285,1c2594ad84cbb3c5,1024,0/0
/spttest/39gr2jw11217,5f5ca632cc4918b,1024,0/0
/spttest/ueuat0cozupc,378d35a2aa0f8e30,1024,0/0
/spttest/ufafit1zwavz,379307a1091ef61f,1024,0/0
/spttest/q45z9z4kj4fk,2fb415ae51bf3130,1024,0/0
/spttest/hiefcjuf0zr,e37501f7a63cc7,1024,0/0
/spttest/96kdde34ymce,10c5d06538c8359e,1024,0/0
/spttest/pyi283tiukjf,2f6a821fa200d97b,1024,0/0
/spttest/zxfozt2f327a,41a0ce9b44c374e6,1024,0/0
/spttest/9fdld9ncc54h,113845a5507abcf1,1024,0/0
/spttest/42jvynjljrsg,76f9c7d05fc6470,1024,0/0
/spttest/xq8evtn9x9ex,3d9c06ce2bffa2e9,1024,0/0
/spttest/kmw39e9j0pke,25b1a0a4ff3d586e,1024,0/0
/spttest/dkmtgmqwm5it,18cb00fa8f3ced75,1024,0/0
/spttest/zythppdp7r60,41b2c65690026248,1024,0/0
/spttest/1sr4kwz3xpy9,3491a208b9850a1,1024,0/0
/spttest/2bjenl0qtmge,43d1ce834bd80ee,1024,0/0
/spttest/fkds3r0vxcya,1c6ef8aa4fe3aed2,1024,0/0
/spttest/jld88vbqo8sf,23ca37f0b951987f,1024,0/0
/spttest/xml4f1qeoncr,3d6ca7b64e89d23b,1024,0/0
/spttest/rvkv3wgk8caa,32ebc7aeb98c8432,1024,0/0
/spttest/rule8nxm76bo,32defb83e26685c4,1024,0/0
/spttest/j3udwyzmw8iv,22e69a20420c5527,1024,0/0
/spttest/1teo5926m9cx,35198cbc50db6e1,1024,0/0
/spttest/zcw82hbbg7,cc1f97da987b7,1024,0/0
/spttest/qdpfhj1b3sju,30300194384ab24a,1024,0/0
/spttest/533i22398jmj,94a4d6ac9654a5b,1024,0/0
/spttest/l8amjqib2w26,26c7a5ad989fe1ce,1024,0/0
/spttest/4dxff15b3hpu,803610449296b72,1024,0/0
/spttest/tsowqgywt1hf,366d800b52d614c3,1024,0/0
/spttest/ep8sxz31m4z1,1ada8205010abfad,1024,0/0
/spttest/30n6e74s4ouq,583349a621e72d2,1024,0/0
/spttest/34qgva2j4w1m,5b8599c2838163a,1024,0/0
/spttest/mvesml5cw2uq,29c784e564996672,1024,0/0
/spttest/ggh74sytfm9l,1e0fdc8c1905e379,1024,0/0
/spttest/172f3hsmtljd,22f6982fe44a849,1024,0/0
/spttest/b155fsaf73ax,14269ab791446379,1024,0/0
/spttest/j3b8owdamq4z,22dfb1b9a126cbd3,1024,0/0
/spttest/35xtitrdkuh4,5c7fde97d01a048,1024,0/0
/spttest/brbp8nyp7s2j,157ab068e3817adb,1024,0/0
/spttest/elf8em21es8x,1aa8dedfeae04f81,1024,0/0
/spttest/p3xmj7lhhazi,2ddd74cbb4d1a6de,1024,0/0
/spttest/7tn4zzal89af,e4a5670317c6e07,1024,0/0
/spttest/58ih2pca30cv,990a6b465402e8f,1024,0/0
/spttest/wjqqrawp7nt4,3b7419dc8f340d48,1024,0/0
/spttest/hmlxq9tk5xct,20331f0b19c8701d,1024,0/0
/spttest/o24f007a1pjp,2bf25049d3bafd95,1024,0/0
/spttest/11sswgl4gb8v,1eafef71e3694ef,1024,0/0
/spttest/ey0mr1pt43la,1b4c767eeb69fc2e,1024,0/0
/spttest/pnll1axwbjd5,2edce5ab5b795ac9,1024,0/0
/spttest/828q6c3i2ydv,eba0a8f44a39893,1024,0/0
/spttest/nwubmkiteepf,2badb9aad99ac6f3,1024,0/0
/spttest/q27pdbongjff,2f9aba7c1b4c8d5b,1024,0/0
/spttest/hx8mrggo11ay,20bd33f0e779d4da,1024,0/0
/spttest/xi7foy78rbn9,3d33c2758c7c17b5,1024,0/0
/spttest/atfk4ul2fbzo,13c2720d8f4a8074,1024,0/0
/spttest/hymbwplefsw9,20cf228103d51209,1024,0/0
/spttest/7vgb5qbysgw3,e61da2db99a9283,1024,0/0
/spttest/hdyod4fpkzeu,1fc2d07d9dd4c546,1024,0/0
/spttest/57ddnv76i6q5,981d2da15cce48d,1024,0/0
/spttest/s7m0top0qokv,338811cc52cbc2ef,1024,0/0
/spttest/x1cf2z1bbh0d,3c58bd5ea16769dd,1024,0/0
/spttest/5eyr2h97wbsr,9e475c75d69bebb,1024,0/0
/spttest/52vr12dgrfdg,947817e177b4a94,1024,0/0
/spttest/ctaa09oraj0a,1767c4b646b469ba,1024,0/0
/spttest/azy8q6nhaizb,14171f52362ccb97,1024,0/0
/spttest/fhnlddvmbeh7,1c4b8b4dc053e00b,1024,0/0
/spttest/95oweq8byi05,10ba7574f4a6baa5,1024,0/0
/spttest/75jykdve8k6u,d1172aa72959236,1024,0/0
/spttest/nffj6q9gkjct,2acb922d375492fd,1024,0/0
/spttest/isgxvz7lbn2z,2252de643546ea9b,1024,0/0
/spttest/jzl6hw2vwfcm,2482effdea751cb6,1024,0/0
/spttest/1yg936zawpsc,3931d2ec43a208c,1024,0/0
/spttest/lcwrot797m8d,270397ff39fc614d,1024,0/0
/spttest/h3sda23f2yb5,1f3ea545982c1531,1024,0/0
/spttest/xfa4k3192wxb,3d0dc33929b9902f,1024,0/0
/spttest/bgcfq5iiuxrn,14ec128ade4fb073,1024,0/0
/spttest/qmywa2hq681z,30a8534a58d84c47,1024,0/0
/spttest/uqrv14tzkbi9,3828338194b98e41,1024,0/0
/spttest/40r9hun0gi42,7584b46a92b9bb2,1024,0/0
/spttest/guu9dof45rks,1eca6cb1510dfadc,1024,0/0
/spttest/va6vpjqz5ig1,39246aa5d23307a1,1024,0/0
/spttest/tqcjxzrn4ok9,364f104af3c88859,1024,0/0
/spttest/5c8i3p3pihjr,9c102af8d531e57,1024,0/0
/spttest/gz94pbpl5qvm,1f03bf3e8f9a4052,1024,0/0
/spttest/laclcspom85o,26e255de23c6aecc,1024,0/0
/spttest/3runv3x9qqb1,6e49defa28ec4ad,1024,0/0
/spttest/skvq4zgws464,34346e6655c0941c,1024,0/0
/spttest/rct9a1h83lwu,31f8031bf05f0dae,1024,0/0
/spttest/33he0buaxbiy,5a815b39b4eea9a,1024,0/0
/spttest/5j8uhp3uwyaj,a1c0f4524810f9b,1024,0/0
/spttest/t6u0qfopl7ua,3551947f7baba3f2,1024,0/0
/spttest/ete974pla13r,1b106e97c2dc5d17,1024,0/0
/spttest/7a4odwl5nbmb,d4ce14e5e737393,1024,0/0
/spttest/7eac35gqv6pp,d82e0fc96c4ddbd,1024,0/0
/spttest/q6ek6div3z4p,2fd128c3e5d22b99,1024,0/0
/spttest/u05zr2sm6bcp,36ce96d78f2824f9,1024,0/0
/spttest/9h9z0x99iajn,1150f1ba397b82e3,1024,0/0
/spttest/buwu06bw4ohg,15a948230814e0f4,1024,0/0
/spttest/rynmck2kfx5t,3313be15114b71a1,1024,0/0
/spttest/6ejmo5plvl21,bb29e36af7e0559,1024,0/0
/spttest/nng9rdw5c9on,2b33c069bfbaf107,1024,0/0
/spttest/q5q12cajxeib,2fc84ee3d57362b3,1024,0/0
/spttest/2h32l0j0dib5,4852795413d09f1,1024,0/0
/spttest/bmzg3duqd1xc,15424f7ed62d6d00,1024,0/0
/spttest/bol4jjz49cnm,15571f3771768852,1024,0/0
/spttest/vv9qv9jdjz3d,3a3639b8e804e169,1024,0/0
/spttest/9h1xmc7etrei,114e0b2d1d99b9fa,1024,0/0
/spttest/ml1mi5dt901l,2940dfd4a2adc979,1024,0/0
/spttest/ublkjlfxca66,37631789b4c92b7e,1024,0/0
/spttest/ukfixiegppwy,37d5d07fcea4b772,1024,0/0
/spttest/evv4c79v9zol,1b307ee61f05cfe5,1024,0/0
/spttest/9iqavpad1r4c,1163d34b177d248c,1024,0/0
/spttest/hqmmvk3lwacj,2067549773661d63,1024,0/0
/spttest/4c7jzj3iudj3,7ed0de8e9d2cdff,1024,0/0
/spttest/z8n0k25lzpom,405eb76eda8ff5c6,1024,0/0
/spttest/2zfdwb3c7igi,57367a6d01f8132,1024,0/0
/spttest/js7p9dok3bwn,2423262ec2db6307,1024,0/0
/spttest/c0lz2uhxvjx5,15f34ca557a07b99,1024,0/0
/spttest/o7ky1dz9e5eo,2c39394ff78937e0,1024,0/0
/spttest/d4hc0dpobiv1,17f93240d72d203d,1024,0/0
/spttest/bd0p8vehz16w,14c0dec7913f89c8,1024,0/0
/spttest/sisxyt725bo4,341972de270bd854,1024,0/0
/spttest/mpkn1lrn316c,297bb13da0e07bb4,1024,0/0
/spttest/xijodweflpd,1b35696a1bb39a1,1024,0/0
/spttest/89w572r9b2tq,f1d6a5daa24b80e,1024,0/0
/spttest/6b8p8m9s8dyg,b87b4fb8849b8a8,1024,0/0
/spttest/fj650x3b4egf,1c5f399db29b092f,1024,0/0
/spttest/eqs82kzzk1ht,1aee81168f757391,1024,0/0
/spttest/jx3m4zeeyayn,24629efb8d5e61ff,1024,0/0
/spttest/gb4zcmqvuyfi,1dca81e053de90ce,1024,0/0
/spttest/pggr6ezji2kw,2e803aca451b9c90,1024,0/0
/spttest/7r7ma60cgskn,e2ac260946a60a7,1024,0/0
/spttest/1cdd8d3t97ne,2744f0fbf8487fa,1024,0/0
/spttest/xu6ngedx0poo,3dcf5916ac4e7708,1024,0/0
/spttest/lx0tmc7hyity,2808d78f57c200d6,1024,0/0
/spttest/4kxdrmqxi4zt,85e49948f1c72c9,1024,0/0
/spttest/65srbgvjnqon,b41022447ca75d7,1024,0/0
/spttest/hi9dangqiw6a,1ffaa12b231bfd62,1024,0/0
/spttest/3a5hajl937xb,5feb68154da17df,1024,0/0
/spttest/jv12lco9xqw7,2447b99568040f67,1024,0/0
/spttest/9glk4839mdp9,114822a35b8003dd,1024,0/0
/spttest/5ywx1jugofza,ae7958165181ee6,1024,0/0
/spttest/nfdwpzrgt4k8,2acafc2b16758858,1024,0/0
/spttest/tdelqq64yup5,35a6f14e31764be9,1024,0/0
/spttest/tu1jb5a2mnth,367f0ba404acdc15,1024,0/0
/spttest/cn0ylbrjdpg9,17167891a0c2f119,1024,0/0
/spttest/caus446zi34m,16785ea84696fb56,1024,0/0
/spttest/amjn5z2oq5kr,1368fe819f886ebb,1024,0/0
/spttest/c6y6rb2inugi,1645a44f196803f2,1024,0/0
/spttest/kkirucodnpmf,2592d80c4d80ae77,1024,0/0
/spttest/u18z0toer6ea,36dca75516315722,1024,0/0
/spttest/noqcrhj885pu,2b44610e8a61d2f2,1024,0/0
/spttest/k9zqcbndxdha,250a14a229005b7e,1024,0/0
/spttest/4yx3gd1pp252,91408b6a74c0416,1024,0/0
/spttest/jqfjyb9fykiz,240c00ff5811ff6b,1024,0/0
/spttest/f3v9mczn2uvx,1b98768176172bdd,1024,0/0
/spttest/jnyatgd3yed0,23ebccc918dff434,1024,0/0
/spttest/deyt56xz9llx,1881650ac08d9ca5,1024,0/0
/spttest/ehhy7pt8xt64,1a75e4cd9cbbfdec,1024,0/0
/spttest/ffm69ocf3jkg,1c310dabbeca64d0,1024,0/0
/spttest/v0igw55wka2l,38a6b47b8c2313fd,1024,0/0
/spttest/psg0i1q5dr9d,2f1bd56c77de2841,1024,0/0
/spttest/uw70e4clc4d3,386e9d1166024617,1024,0/0
/spttest/xhktybr2lxfw,3d2b9a942fc95a8c,1024,0/0
/spttest/ahv1tbrc6dpr,132c29dbd41752ef,1024,0/0
/spttest/jvj5b314ojki,244e3f2d727d9112,1024,0/0
/spttest/t7md2o0do3qa,355bce784d1955e2,1024,0/0
/spttest/a3uimipoxmb0,12761f07899bab2c,1024,0/0
/spttest/y5wfrmmrory4,3e6788c2cd0ad67c,1024,0/0
/spttest/mf8ucjz66it1,28f58afed68a06b5,1024,0/0
/spttest/hkk863fuhf5b,2018869437e790ef,1024,0/0
/spttest/9b6lscw1fmjr,1101cb1ddbda00e7,1024,0/0
/spttest/g9aqumegf1e0,1db29bc32e229cc8,1024,0/0
/spttest/28voptk79nsv,41a935f819c27bf,1024,0/0
/spttest/37e5q4p12j1e,5dae05ee23131e2,1024,0/0
/spttest/crfaap6y5ir0,174f98c87eb8382c,1024,0/0
/spttest/jzu22ykaq5wt,248623fa8eee5a6d,1024,0/0
/spttest/v078dwfv7yca,38a2a69b021f049a,1024,0/0
/spttest/omo4i35rkufw,2cfd35da5b69b61c,1024,0/0
/spttest/9mdpw0ocbqpv,11933e0adb504803,1024,0/0
/spttest/c4v7a8xnh7j9,162a960a6d52db65,1024,0/0
/spttest/bwarr7cv7nuj,15bb4cc72a0cd37b,1024,0/0
/spttest/dvh9x5cu2ndx,1957e2d2b48100e5,1024,0/0
/spttest/jjknqjfijm8d,23b2ebc02c42954d,1024,0/0
/spttest/fyp4gqkc8ixt,1d28ea0674020de1,1024,0/0
/spttest/cl1mns9nolw0,16fcbbcf37b63fd0,1024,0/0
/spttest/r07ef7exb1fv,3154411fc353c50b,1024,0/0
/spttest/dmjaqp67b20o,18e3b65ae76c2df8,1024,0/0
/spttest/do8wtrk6nlrl,18f9f17bd31353f1,1024,0/0
/spttest/w5ni4yd7bqh3,3abd150b248d35c7,1024,0/0
/spttest/h8rhee2d5rbz,1f7f45c259fdee9f,1024,0/0
/spttest/7ncdrb2t1rxf,df8855236f138a3,1024,0/0
/spttest/cz8ltlur97il,17b519d49c58514d,1024,0/0
/spttest/pf9vwxjk63eo,2e70c31bcf3b26c0,1024,0/0
/spttest/hv6mdtmtbvi9,20a27fb827c5d941,1024,0/0
/spttest/nu9851tlogmo,2b8c22798eb28330,1024,0/0
/spttest/kxzonhhyjzhu,2641ce757e765072,1024,0/0
/spttest/jifiqwtyauw3,23a413d9aff630e3,1024,0/0
/spttest/dkhkm9mk4ga,b040ca4a6b4d8a,1024,0/0
/spttest/8zvjryahn3v3,106eec14dafe6c4f,1024,0/0
/spttest/coa0k9oheh52,1726ba322939ef46,1024,0/0
/spttest/3hgwwrxtt9b3,65dc36c9c09e55f,1024,0/0
/spttest/jvcqc9rbhzqt,244bee90de929635,1024,0/0
/spttest/pxwgiyuym0o5,2f62b6b7a676e6e5,1024,0/0
/spttest/b18vo4fy3rg,8f54f9c9b2868c,1024,0/0
/spttest/ukamfwp99o9u,37d40baaa5ad5022,1024,0/0
/spttest/mcsaw6o9ew8r,28d598ac6c6d03bb,1024,0/0
/spttest/nhrpx8rgod4z,2ae9f264b58e7483,1024,0/0
/spttest/mbu3jwmpq7k2,28c94151516939c2,1024,0/0
/spttest/329cceznhn6f,598313a958c5297,1024,0/0
/spttest/ev9n5lyeyj15,1b28bf13e097bad9,1024,0/0
/spttest/ug24bydnfkm,18b7908bb385396,1024,0/0
/spttest/h2ngduulsbqg,1f2fe2245aa6b768,1024,0/0
/spttest/ojmj7bwo01os,2cd5ab10fe20108c,1024,0/0
/spttest/j6w1s796jk95,230e2b80d680e749,1024,0/0
/spttest/7vi8d150x7yp,e628bbcf0652a91,1024,0/0
/spttest/n6v94s2jmaet,2a5c56f60c4fd935,1024,0/0
/spttest/mnabslvexid2,295dfe2e1356d536,1024,0/0
/spttest/gghztinmrui2,1e1026268e0fc52a,1024,0/0
/spttest/f88phpv23joy,1bd1450a9d137472,1024,0/0
/spttest/hugpb4ppczh6,209925a688e5fb9a,1024,0/0
/spttest/e4cf29r1qjla,19cb097c852ee2ae,1024,0/0
/spttest/jj4vv8558q4,fdb368ab45b06c,1024,0/0
/spttest/pubxrxa9i4lz,2f345778841cc8d7,1024,0/0
/spttest/kh4v7avpr9d4,2566dbbe28575d28,1024,0/0
/spttest/9x5uyx74sk2i,121f49f4d37ce49a,1024,0/0
/spttest/t2tni14d8k3l,351d7d84506864c1,1024,0/0
/spttest/a81exc0swc5a,12ac91244431a17e,1024,0/0
/spttest/5xr2wi5c013t,ad87d13020de599,1024,0/0
/spttest/qe3qnb2q45j9,30352b5eb0660705,1024,0/0
/spttest/xpssyh9u1vr9,3d96650616828905,1024,0/0
/spttest/a7bozbgzlmxo,12a3495ddd671a5c,1024,0/0
/spttest/j885zqjhnbqo,231f87faa8add830,1024,0/0
/spttest/ga4cqnwdh2v7,1dbd4a9b49a6c5c3,1024,0/0
/spttest/ec0fzvdejeqy,1a2ea1841fe3a36a,1024,0/0
/spttest/wvrbozwgddc0,3c102ea8d27444c0,1024,0/0
/spttest/jaeyovgtmy18,233bf655e794c2cc,1024,0/0
/spttest/elj5glf7qclh,1aaa48caa5271545,1024,0/0
/spttest/jtwoki8q4j54,243926df6866d3e8,1024,0/0
/spttest/xtf0ix8lhobw,3dc5605016697a6c,1024,0/0
/spttest/um07zpx3wk1w,37ea456c41058484,1024,0/0
/spttest/s5wpdy7x67h,16dd4f1b550dcad,1024,0/0
/spttest/1f08o29nmazs,2968a55a3593c28,1024,0/0
/spttest/buqwqici6ysl,15a724ef917b97a5,1024,0/0
/spttest/o9y1df51wzw9,2c57ed2afb4a82b9,1024,0/0
/spttest/wzrjmxw4nhe7,3c443810ee554bcf,1024,0/0
/spttest/5gq8jmtgnfub,9fb5dd1ab0973f3,1024,0/0
/spttest/tj9i3ybzj89m,35f309af25749f9a,1024,0/0
/spttest/mjbh9mglrasw,292a739021a08470,1024,0/0
/spttest/74ne2h55922e,d05b24a39c25bb6,1024,0/0
/spttest/prj1o0cte82c,2f0ff0432ce40d54,1024,0/0
/spttest/c5q5c3yty3k0,1635c075176e7b80,1024,0/0
/spttest/868i5bhv1cm,6a2a153f2aa596,1024,0/0
/spttest/8s59ty5i0k5o,100a8431c91d4c0c,1024,0/0
/spttest/dymkld0ymtli,1980c3d169f2b156,1024,0/0
/spttest/vqidvgyaszyu,39f865698cae7716,1024,0/0
/spttest/o99mofxlamxq,2c4f1ea0fd82db9e,1024,0/0
/spttest/lpn91n293jku,27a9052f4c7c26de,1024,0/0
/spttest/6018lj4zvab5,af621e2001748f1,1024,0/0
/spttest/cyukh9n49kli,17b0093ada37e086,1024,0/0
/spttest/z7ua0t11vn3c,4054590a23619ba8,1024,0/0
/spttest/wmimswztdcnl,3b982489a4c42a51,1024,0/0
/spttest/d47tek6haeh1,17f5c3332648b0c5,1024,0/0
/spttest/fd80fa2fwk9c,1c11f701b5f94590,1024,0/0
/spttest/pcunomogn5z3,2e5149f41d7a4dff,1024,0/0
/spttest/y5aqaiu200wu,3e5fb3aa02421e9e,1024,0/0
/spttest/7ytek3lvlqo,677cc340aa60d0,1024,0/0
/spttest/xvod87dz24mm,3de2babb56654aee,1024,0/0
/spttest/l7o68q8gt40h,26bf8bbd5c738991,1024,0/0
/spttest/y4dpzfc8z3r9,3e53cab89fa765c5,1024,0/0
/spttest/gezokkx3vxrc,1dfc8d67a88103a8,1024,0/0
/spttest/2szh54q4sjzh,51fba8ba900002d,1024,0/0
/spttest/xwro0zv38hec,3df0e8cd964ff914,1024,0/0
/spttest/jf8d3yktcw8x,237a8709a91d1b41,1024,0/0
/spttest/452d73s402gq,79041d9d186707a,1024,0/0
/spttest/fp7d0uf34u0w,1cad9a0bad5cd000,1024,0/0
/spttest/duezgay8zsz0,194a11f8b1c5ed6c,1024,0/0
/spttest/a9s4qh6kogcc,12c33231c4f864bc,1024,0/0
/spttest/1hwgklzkyb5t,2bc24e97726bd01,1024,0/0
/spttest/grfd9p3sidqq,1e9e1560d33c6e12,1024,0/0
/spttest/5g207farqs6g,9f29f95b39f2428,1024,0/0
/spttest/8tl1al1rrtbk,101d316fcbc23c30,1024,0/0
/spttest/79rb6xtmv4qu,d480eaad58c23c6,1024,0/0
/spttest/ex68idg1jeej,1b417ee8c79600ab,1024,0/0
/spttest/10oz6o7zg1s4,1dca05baf68ec04,1024,0/0
/spttest/k8yikzucoxuu,24fca719aabab566,1024,0/0
/spttest/5imlfcwhzqbb,a1407e8f4e920f7,1024,0/0
/spttest/fj5wq6kf5lmj,1c5f2453126a1bbb,1024,0/0
/spttest/cuh0ulppq7mb,1777310cf1a93613,1024,0/0
/spttest/ei0he375262a,1a7c94a2b511dc32,1024,0/0
/spttest/gfa1g95xw3v8,1e004a22599e6094,1024,0/0
/spttest/1l71omcjm4bl,2e6ee882844c261,1024,0/0
/spttest/tw647pcoor02,369aad436490b6b2,1024,0/0
/spttest/cfotbdfnf9bq,16b729d083557ff6,1024,0/0
/spttest/9xeolc76btd9,122278e8606cab6d,1024,0/0
/spttest/jy3c4me6vgn,10318f5bad80ac7,1024,0/0
/spttest/nf3kyr77sa29,2ac742522add34f1,1024,0/0
/spttest/q6lje9dzb848,2fd3ad56d0e964d8,1024,0/0
/spttest/ubp0vnofjr4p,3764568e0cd60f19,1024,0/0
/spttest/17n2nkui1qfy,236dd523140c61e,1024,0/0
/spttest/ds55kfsojt2v,192c8b7707e711f7,1024,0/0
/spttest/etbphcwfya53,1b0f834502d956d7,1024,0/0
/spttest/laa1fqde3k8v,26e16a06553a0b3f,1024,0/0
/spttest/n867in9ky0rd,2a6d482010328059,1024,0/0
/spttest/qz0pu9y69568,3144da965df62070,1024,0/0
/spttest/q04lvf2gr3rb,2f7fa1e49f6353c7,1024,0/0
/spttest/61n8ezl30klx,b0b0ec648176f55,1024,0/0
/spttest/vhxbgvay8htt,3988e17400bdc641,1024,0/0
/spttest/2igsx7l3mxuv,4971934dfe85be7,1024,0/0
/spttest/d92xf4noytax,1834f1f227df9cd9,1024,0/0
/spttest/oq0c1dtx4cgm,2d289560ba137d16,1024,0/0
/spttest/e2sxq2jyxh7e,19b704bec6fb035a,1024,0/0
/spttest/ztq9l78dmv49,4170aa1a3b284409,1024,0/0
/spttest/kof4yvgrgd20,25c57d478cb15118,1024,0/0
/spttest/1iei7ztm0h9c,2c2a7c5d3d5b160,1024,0/0
/spttest/l8ykl67phrg1,26d0497c9a197a31,1024,0/0
/spttest/nsydn20w5nqx,2b7b3b4797430779,1024,0/0
/spttest/gf9oq9k6ozzq,1e00297e13567236,1024,0/0
/spttest/i86ar8czzqe3,214b3e391ea5635b,1024,0/0
/spttest/ffrdb7ov9s8e,1c32ed950830062e,1024,0/0
/spttest/fq0vu1ruobol,1cb840fd7e6b0b25,1024,0/0
/spttest/hy8nsn3dozlh,20ca33d912ff5335,1024,0/0
/spttest/p4mm12ex0qbk,2de678b5694d9e40,1024,0/0
/spttest/vdrce72vzetp,3952c4979031eccd,1024,0/0
/spttest/rlzy4bhqelti,326f545db03653f6,1024,0/0
/spttest/xkytyfptrnmv,3d579f8325706167,1024,0/0
/spttest/38nfikgp2xek,5eb360f7905ce9c,1024,0/0
/spttest/ejlyaf3u1htp,1a9150fb72f84a7d,1024,0/0
/spttest/9ocuiejb7eoo,11ace80bd2babd18,1024,0/0
/spttest/pbhq00o1ioio,2e3fa1da5a944da0,1024,0/0
/spttest/jve9fih4dhwk,244c7bea451ae3e4,1024,0/0
/spttest/dazw5fjgrlwz,184dd419029d13b3,1024,0/0
/spttest/tybph2uwd2y6,36b6ac2ae6e2082e,1024,0/0
/spttest/p0w89lkcj75w,2db5fc0d1e9a9704,1024,0/0
/spttest/9d6v18vu7ai,79a9b44e97ef6a,1024,0/0
/spttest/nx885hkubxgf,2bb2bde8711d7c1f,1024,0/0
/spttest/hp3ll59w1ysf,20537907c92cda5f,1024,0/0
/spttest/qsipuoehv6jx,30f06c727e54dbed,1024,0/0
/spttest/1e2xlgtk24wp,28a85c61d7bed59,1024,0/0
/spttest/d950pbdn30hf,1835b31b1497e033,1024,0/0
/spttest/aolkto6d8jzk,1383abbf7511dc30,1024,0/0
/spttest/5ia9o6onpr7w,a0f9554af408d0c,1024,0/0
/spttest/bhwao7p0hr18,15003a326710171c,1024,0/0
/spttest/gw5lgq3kzca6,1edb8101b03e48ee,1024,0/0
/spttest/73qwwsp3u3n4,cf9fa7babe214f0,1024,0/0
/spttest/rak5tky5zjlt,31dac0693bb2bb01,1024,0/0
/spttest/knxtup3o7c8q,25bf3e7f80614dba,1024,0/0
/spttest/ebg2uksh35hy,1a27486b338a9f96,1024,0/0
/spttest/j0onwtd15hj4,22bd91cb065bad00,1024,0/0
/spttest/q5uyca0xe8qh,2fca15bdf7e384b9,1024,0/0
/spttest/vhgf9pawu3wn,3982c8f203abc747,1024,0/0
/spttest/le6mlb6b9ze4,271423db92bfce6c,1024,0/0
/spttest/717yxbnth8ii,cd92a2463222e5a,1024,0/0
/spttest/1tmw1puec53b,35490042e5d7ac7,1024,0/0
/spttest/yd358fkyo3o2,3ec4e11c1ab24a92,1024,0/0
/spttest/idieac68qso1,21908dfc188933a1,1024,0/0
/spttest/ju6g9kuaxme0,243cad3fff7cf198,1024,0/0
/spttest/rx0b3x3ynpxm,32fe5784481f010a,1024,0/0
/spttest/h3greo72qcu8,1f3a751a4f1c8180,1024,0/0
/spttest/xm8sira1xrq2,3d6834c4a8df439a,1024,0/0
/spttest/tzajlpytkmiw,36c33dfe010e8408,1024,0/0
/spttest/dsmoopj5xcnx,1932dec783c09f5d,1024,0/0
/spttest/z20bepgfil84,40089743e3b2faf4,1024,0/0
/spttest/eryz30tjlmhm,1afdeddc9ff0ac1a,1024,0/0
/spttest/j04vcs65mcgr,22b66d86d5afa59b,1024,0/0
/spttest/36kdtzb6cz1t,5d0221fc2d17e71,1024,0/0
/spttest/puu872m7ezs7,2f3af0d62bfa0ba7,1024,0/0
/spttest/invky1ue2r61,2217346c8a2b8c09,1024,0/0
/spttest/k320pricisqv,24affb3047736607,1024,0/0
/spttest/59fctlouhcmz,99c83f1e25e283b,1024,0/0
/spttest/kif61pfc6e8o,25779081ba908598,1024,0/0
/spttest/m1oizuewc5j9,28455a29e2fa5f05,1024,0/0
/spttest/3np8ly3fhw31,6aeb3ed9db477ad,1024,0/0
/spttest/c3zttj0yrgy2,161f4414104f608a,1024,0/0
/spttest/t4gd55mzf01b,3532acaaeff558ef,1024,0/0
/spttest/b3fmpriyvc1r,14445d3e13da28bf,1024,0/0
/spttest/9vnhtfwvoxka,120bac53529ceeea,1024,0/0
/spttest/7hh4cjouxast,dac4b7a576922ed,1024,0/0
/spttest/h9ngbpanbc6i,1f8acec91bb1416a,1024,0/0
/spttest/bf3htbc19q9d,14dbdb5415302e31,1024,0/0
/spttest/goyhdph0jqcj,1e7e032751ddc023,1024,0/0
/spttest/rkbt4yfmv9n4,3259a17ce81bd490,1024,0/0
/spttest/cxvnwxah35i9,17a37127976c67a1,1024,0/0
/spttest/8y3k1bwbwpmf,1057d52ead39a4b7,1024,0/0
/spttest/o6a25smuqggg,2c284e950be4cbd0,1024,0/0
/spttest/5woqeopdy98m,acaa7058eca9446,1024,0/0
/spttest/iunjntrw8bf9,226f3afb0d94e7d5,1024,0/0
/spttest/3ftj1i8pcghg,648561d37431774,1024,0/0
/spttest/a1qfzlcgyzws,125aac470408ba4c,1024,0/0
/spttest/y6o1648ire40,3e717d9e1c68b230,1024,0/0
/spttest/c3lfqkk8vrep,161a12ca8d6b3481,1024,0/0
/spttest/6lb6fz2sn32k,c0a7e6dce1a434c,1024,0/0
/spttest/vpdfkf5ohtwh,39e99ea88bfaeda1,1024,0/0
/spttest/ja5h1uz6b2t1,233889c3486d34f5,1024,0/0
/spttest/qvn3crkkdy12,3118f855b3200186,1024,0/0
/spttest/ki6993mlwqlo,2574596abcca0bac,1024,0/0
/spttest/19e4qd7bqg98,24d9dd9c0798bcc,1024,0/0
/spttest/dwmwh1xqofbu,1966e7c97494319a,1024,0/0
/spttest/8qf85iv8wys7,ff4210e8f28bc17,1024,0/0
/spttest/jeykmpq1kga7,2376fea7061ae86f,1024,0/0
/spttest/xdhrj0axo2t0,3cf68a3951370d34,1024,0/0
/spttest/sj5wt5ysqcp3,341e20afd256b6c7,1024,0/0
/spttest/pa1cmh39srr5,2e2cbc6243a4a081,1024,0/0
/spttest/evw5ic01iprx,1b30de4519f133fd,1024,0/0
/spttest/s7hm2g290cvg,33867a767733b22c,1024,0/0
/spttest/pvufj8rymtkg,2f4800ebd9752d30,1024,0/0
/spttest/e6re20cnnott,19ea6af069948471,1024,0/0
/spttest/yu67pbbg222w,3fa2cde9e6298308,1024,0/0
/spttest/bo77iaqkz1nj,155219ab41e84f1f,1024,0/0
/spttest/vsrchw88uutt,3a159bb4e3b45f91,1024,0/0
/spttest/vip01ajg2371,3992de6e1bce98ad,1024,0/0
/spttest/a9hipwt013od,12bf5e063e219cdd,1024,0/0
/spttest/9b6lm04dzvjd,1101caa9ea07c769,1024,0/0
/spttest/b7ragu2cyi6s,147c8743324f4494,1024,0/0
/spttest/jhj8so8y9eez,23986e88c6ffb33b,1024,0/0
/spttest/734vjbjhmvie,cf206db00519606,1024,0/0
/spttest/5i8135nin2dx,a0ec691bcd989d5,1024,0/0
/spttest/vu2k2w14o04q,3a26a47886acbeaa,1024,0/0
/spttest/4crbem435g5v,7f42f41f5a53413,1024,0/0
/spttest/xs8sfbka1r2p,3db624104b8dc951,1024,0/0
/spttest/uu061rp2wz60,38522a7dbf4fb008,1024,0/0
/spttest/8ic7qfm9toet,f8b20d2a2a151d5,1024,0/0
/spttest/e25idio9jtp5,19ae90e4ee128619,1024,0/0
/spttest/am3fqral1s4f,13632591c9fa119f,1024,0/0
/spttest/iwobqz2sntei,22897d8f7770889a,1024,0/0
/spttest/1dvsnm4gbr1g,287f28532f81da4,1024,0/0
/spttest/5bp0rcds2zft,9b9fb30bb838fe9,1024,0/0
/spttest/3i42osr0sfze,6661eb850114bea,1024,0/0
/spttest/52gyl0uwfbsb,9422b5a11db816b,1024,0/0
/spttest/dr48a5t9a007,191f38ce0b642b87,1024,0/0
/spttest/78rb101aoycu,d3b10fcc261f1ee,1024,0/0
/spttest/pfxom0yec1n8,2e7959356efea954,1024,0/0
/spttest/mfenmca4jtrj,28f7a3f120cc496f,1024,0/0
/spttest/j8fqpl3vzqhy,232243b6ff5a6be6,1024,0/0
/spttest/4uhtrjgq1e6,3ef5d05e43b58e,1024,0/0
/spttest/v02lhnigtmgo,38a0fa630bd85ef8,1024,0/0
/spttest/9do3uazw66nt,1122163690121339,1024,0/0
/spttest/uz9qn49h9ixi,389690ed22ac3d16,1024,0/0
/spttest/wsoa7hfux3xc,3be81df87895dc20,1024,0/0
/spttest/v4fi94twr4hx,38d997e57e468385,1024,0/0
/spttest/5k3ld1pkshux,a2727431b783169,1024,0/0
/spttest/d54uq4j9y4eb,1801aebdebc5dfc3,1024,0/0
/spttest/snyohjuah9u3,345c7709e76c3e0b,1024,0/0
/spttest/bnruzzczvcqh,154c900cedf2f539,1024,0/0
/spttest/t8k7fih3ahmg,35680482d3651eb8,1024,0/0
/spttest/splkg4yeilv7,3471b666af761533,1024,0/0
/spttest/we1yr4il92gd,3b2a36e2ae1331ad,1024,0/0
/spttest/vr1902ngf7v3,39ff33e874e4c18f,1024,0/0
/spttest/w7gxocja9kp2,3ad4b0d9285d0706,1024,0/0
/spttest/5fh436df2e84,9eb15cfe3099784,1024,0/0
/spttest/qw5rzo084i1j,311fb62c952b7c57,1024,0/0
/spttest/tat5uhpuzzyr,35853a46522912d3,1024,0/0
/spttest/6iwumrx2tnjl,beb58749435b271,1024,0/0
/spttest/p1g3821aovf7,2dbd267a2c6fc313,1024,0/0
/spttest/71kf45nma4id,cdda819c1c31755,1024,0/0
/spttest/yfy5ygzyp5o9,3eea0ce5069036f9,1024,0/0
/spttest/1134ripx1kc1,1e1bbd40a08c231,1024,0/0
/spttest/b8fqumbjxmwh,14855a22a510d131,1024,0/0
/spttest/335thsj8lico,5a3e9039cff8428,1024,0/0
/spttest/rocql8eybj59,328dec5888a24fad,1024,0/0
/spttest/7t3xi6nmdi4m,e4368367c9a0f06,1024,0/0
/spttest/uan7u1880qyz,3756b2680c90408b,1024,0/0
/spttest/fcsialrseija,1c0c5ef73a840d56,1024,0/0
/spttest/rokc1jbblue0,3290a9f788f6f418,1024,0/0
/spttest/u5l3suk8207q,3714fd09e81d2596,1024,0/0
/spttest/xxihz6qx6ujc,3dfa9738d50d6918,1024,0/0
/spttest/o3k4hfo7mvbe,2c04f874a33b3f0a,1024,0/0
/spttest/hzissp7qkm4p,20dad99ec6ef1309,1024,0/0
/spttest/ar3fd53lvu20,13a416e1f6705ae8,1024,0/0
/spttest/66hgh2z6rngt,b49eb863666418d,1024,0/0
/spttest/69oygx9p0e08,b73980b8387d3e8,1024,0/0
/spttest/6cltkqclhd9k,b996e2724bbe268,1024,0/0
/spttest/4ixdczhqxmmy,8444e05e3925eda,1024,0/0
/spttest/rzp38zsktbhm,332143125747936a,1024,0/0
/spttest/x4kmyunoxhwc,3c82ac517c320cdc,1024,0/0
/spttest/ay7hs2euqdt6,14007b591b42be6a,1024,0/0
/spttest/v06lwkud429f,38a26cec75118973,1024,0/0
/spttest/toismf9pqylh,363756419ab31ea5,1024,0/0
/spttest/34unfy2oalpf,5b9dbf35c18cc63,1024,0/0
/spttest/3bejnzaljmuu,60ef92a51848776,1024,0/0
/spttest/jfosofj220zm,238074e018e2cf82,1024,0/0
/spttest/qx34vkuexirp,312bbf63d774e345,1024,0/0
/spttest/4g4detyw561k,81fdcf64d6ae5d8,1024,0/0
/spttest/gkhq0noa3b1t,1e4402074cea74b1,1024,0/0
/spttest/v80kpu85rmg2,390829b8d0d50f62,1024,0/0
/spttest/clxqqqg7bioh,1708521109edfa51,1024,0/0
/spttest/39b5z7isjyyt,5f3c66d29788bc5,1024,0/0
/spttest/cjmjlxlmo469,16ea4d3321ebc521,1024,0/0
/spttest/5cvxt0nd0754,9c977725e1c4d28,1024,0/0
/spttest/2cvtmcorqf9f,44e94fb504d6ac3,1024,0/0
/spttest/48pj4edcteck,7bf954adfe5ade4,1024,0/0
/spttest/979swlnyggrz,10cefd7517dc26ef,1024,0/0
/spttest/36wamqs9df14,5d46e5470854658,1024,0/0
/spttest/69woq9xku43u,b7661ffe4f7384a,1024,0/0
/spttest/gqn5u8zfbynt,1e93e80185d25f39,1024,0/0
/spttest/mogp9o5ywg6x,296d4837afd66ff9,1024,0/0
/spttest/cnhjb8ki2nyk,171c739f881047cc,1024,0/0
/spttest/zdw5mgzqi4iz,40a2f6081d2b2d6b,1024,0/0
/spttest/wam83puo6y2f,3afd9136848e91f7,1024,0/0
/spttest/vypoptpx4lyx,3a62f1dd78401d39,1024,0/0
/spttest/68x2w2awmf0w,b6989138cba9d90,1024,0/0
/spttest/my8yxhs0f96i,29ec62a0faad1c3a,1024,0/0
/spttest/m78tk5xsqj75,288d9eeb1054f3b1,1024,0/0
/spttest/i2lx0itrfmw5,2102f150d8a7d0a5,1024,0/0
/spttest/n497s40evh26,2a3a68e0add3761e,1024,0/0
/spttest/fwyp9m7e7uw2,1d1264332ac38222,1024,0/0
/spttest/cnt333iiarii,17209e68cad373ca,1024,0/0
/spttest/f1suclm8koee,1b7d9c12c79b2886,1024,0/0
/spttest/afre7pxwt327,1310ddb004be48bf,1024,0/0
/spttest/ahgwx2kew7qp,132710242aa6ed31,1024,0/0
/spttest/n1bdfvuwtkh7,2a14385e043a14eb,1024,0/0
/spttest/ulh6xgzv1622,37e367b34490ffea,1024,0/0
/spttest/215bycf2f1f4,3b6244103d5d2f0,1024,0/0
/spttest/6iw37gqvnhu8,beb121687c7a110,1024,0/0
/spttest/ap53zcbi8sy6,138ab7e60757228e,1024,0/0
/spttest/rw6sl2seybbz,32f3b14f86d68bdf,1024,0/0
/spttest/nyjvbiqcdxla,2bc3eea88858ff4e,1024,0/0
/spttest/x6rzzt9qb9mw,3c9f4ed54b68b388,1024,0/0
/spttest/l8kshjejjr69,26cb509940066b51,1024,0/0
/spttest/kiny0mbk5hf8,257abb379d12e774,1024,0/0
/spttest/fakmu08tfmby,1bef8d26fc98fbce,1024,0/0
/spttest/af306f2x1dhw,130810d603c77394,1024,0/0
/spttest/axx4y9mgn0xk,13fcbec09a689c78,1024,0/0
/spttest/v5obkr8vc5qo,38e9c355d2b6f710,1024,0/0
/spttest/xzsggudkfdfk,3e18298b729db9c0,1024,0/0
/spttest/5pp5heu3wn89,a6fe0e7d8517899,1024,0/0
/spttest/ve1jqwbvsqtl,39567323e4df81c9,1024,0/0
/spttest/meqm86xe8jtp,28eef787a766685d,1024,0/0
/spttest/s370ej7z8j6q,334eb22aec434222,1024,0/0
/spttest/4cal5sx0qbk9,7ee260703bbe109,1024,0/0
/spttest/tdjg17fmjaup,35a8b07fb434dfb1,1024,0/0
/spttest/xsluue0n7q0r,3dbadb0e6a63567b,1024,0/0
/spttest/pkvg9mbmbtwd,2eb97d586b08ee1d,1024,0/0
/spttest/d4ids21sikj8,17f99328ea979874,1024,0/0
/spttest/3gm07tzyfhyy,6529c7e812766ba,1024,0/0
/spttest/8z86g50rsuuf,10667d6a2d3dd627,1024,0/0
/spttest/gp5hqmtc91kz,1e808aa70e517043,1024,0/0
/spttest/j9f27end25nd,232f0218d8a81219,1024,0/0
/spttest/eq6q9mvyh2gv,1ae6bfac6dfb04bf,1024,0/0
/spttest/9o2k4gcnnwh4,11a931b632242b28,1024,0/0
/spttest/i35wpbdrfinv,210a27e1c6074b3b,1024,0/0
/spttest/cv1az7304sqb,177e8266910d8673,1024,0/0
/spttest/otztmcowc9f1,2d5c5b2638e37aad,1024,0/0
/spttest/ig6nw4ejycm2,21b349fb0e679f5a,1024,0/0
/spttest/e5ksftm8pz9i,19db0c0298902ec6,1024,0/0
/spttest/8o3tnpzcsk8e,fd6094d8e559d6e,1024,0/0
/spttest/7q4cqcyhm1kq,e1c978316d06a7a,1024,0/0
/spttest/gr2bzizgrb6v,1e99614cea66cd67,1024,0/0
/spttest/6kweuluw7xyt,c052a7976decfb5,1024,0/0
/spttest/q6dk2lucfqws,2fd0cc20dc8ec9fc,1024,0/0
/spttest/kh7fbedg0va,109fe726573fd66,1024,0/0
/spttest/z3i2ffxgsj5t,401bfc1c52cf3401,1024,0/0
/spttest/30rpv4q54685,584d8086502c585,1024,0/0
/spttest/e0m4n9k2pmd7,199a956a23a59f7b,1024,0/0
/spttest/q6j4pqqmh9qp,2fd2ceef28a0a991,1024,0/0
/spttest/1iwmlttbvr18,2c931a6720b299c,1024,0/0
/spttest/2zh3hbs9ra1u,57405a99cb2f4a2,1024,0/0
/spttest/wc26pyu1qk2f,3b1050d0d5ee2117,1024,0/0
/spttest/5n2x1oe4qwe7,a4de0a4a50f627f,1024,0/0
/spttest/3q6shy4dwwcg,6cf03bb804588c0,1024,0/0
/spttest/pkkicpz2lfwy,2eb58aa5b75c81d2,1024,0/0
/spttest/bblfzk68b26c,14ae603e52f7bfc4,1024,0/0
/spttest/5h0wf0cjcwys,9ff36c02da594e4,1024,0/0
/spttest/r6d2j1s2atwl,31a43c5bc1d8b7e5,1024,0/0
/spttest/6y99mybmluq2,cb2aa39858f10ca,1024,0/0
/spttest/kot66vvmj77w,25ca8d92586dcd4c,1024,0/0
/spttest/njybz1h8xsmr,2b064fb112cecb33,1024,0/0
/spttest/kca5qh6ngngt,2527d25329a8b9cd,1024,0/0
/spttest/r72cb3n0vzli,31ad5aa7e54971f6,1024,0/0
/spttest/shz38r4tqxhh,340ead5baa3ca905,1024,0/0
/spttest/6rm1lwqdiz4v,c5c599d31b5975f,1024,0/0
/spttest/2abac90604h6,42d31a22af26caa,1024,0/0
/spttest/8ffriuen1fz2,f6570ee9faed61e,1024,0/0
/spttest/j27duy1sso0b,22d150415b11488b,1024,0/0
/spttest/yu7thlpr47om,3fa3622df8f88ee6,1024,0/0
/spttest/lcvklh1xf998,2703296e2d4e919c,1024,0/0
/spttest/vojjsf3gkdh4,39ded671bdb86d38,1024,0/0
/spttest/u2mmahviuhwn,36ee911422497427,1024,0/0
/spttest/qg2r99ui0ik7,304ecb14a517b7f7,1024,0/0
/spttest/v5akzxc3t462,38e4ce5a61311d5a,1024,0/0
/spttest/cwbyjazhpih1,178f57c9380da6c5,1024,0/0
/spttest/jsaxq3nc5jn3,242451016334eaaf,1024,0/0
/spttest/5legh5q58sc6,a3810089d509e76,1024,0/0
/spttest/svi6awdz6t21,34be6c8adeeeaf99,1024,0/0
/spttest/9bg67r5oe880,11053ed80566dd20,1024,0/0
/spttest/u10enaxwhbzv,36d9901b6bbbfafb,1024,0/0
/spttest/2k7nxhcboq6z,4adc798a154859b,1024,0/0
/spttest/lvhaq7hkuhg2,27f4ced51a451bd2,1024,0/0
/spttest/2bv62wdlagz2,4415b5351ac7d6e,1024,0/0
/spttest/m010j7zi4t7g,282fe11185515adc,1024,0/0
/spttest/m88qyh2v368w,289a957f59409960,1024,0/0
/spttest/or8bl8xturfr,2d38746e33bb0767,1024,0/0
/spttest/r62deeea4krf,31a0603333c7e41b,1024,0/0
/spttest/a126casl3shh,1251eaaff84677f5,1024,0/0
/spttest/rf65wg54uyxy,3216a5be5e07c466,1024,0/0
/spttest/f7l9eddfbqj1,1bc8cf47e1ab6e0d,1024,0/0
/spttest/8a2fncmkcsre,f1faf649ff7489a,1024,0/0
/spttest/8j56i00gwk4j,f959455c0bbbde3,1024,0/0
/spttest/5f1jiahlmn1e,9e5777bf2ad5722,1024,0/0
/spttest/xj7hjaxp9l49,3d40c471ef291029,1024,0/0
/spttest/2tgkw2wveknr,525e66c7c637f17,1024,0/0
/spttest/yrunha8jzby0,3f84a776274d1a38,1024,0/0
/spttest/lx4vxt0xd4p5,280a4efb54612a09,1024,0/0
/spttest/prwlc62wlclk,2f14d3857522fb08,1024,0/0
/spttest/5qyxx4gla93,4aad831df51727,1024,0/0
/spttest/videe8oum765,398eaedae4f20bcd,1024,0/0
/spttest/k3kofkndxyw5,24b6b6ab635517e5,1024,0/0
/spttest/w5iqfmdajry6,3abb5c7d23cbd23e,1024,0/0
/spttest/eay8p36tc119,1a20d8cb3c71153d,1024,0/0
/spttest/xallc08ayemm,3cd0f4086d81e88e,1024,0/0
/spttest/6b3arxni3v65,b85c20800ec9e8d,1024,0/0
/spttest/qb5c1i2k0a82,300ec6dc6e736fc2,1024,0/0
/spttest/ap01edec0vz0,1388e36e62d575dc,1024,0/0
/spttest/u7u4eweysb8g,37323870202601e0,1024,0/0
/spttest/gkps8jf327bc,1e46eaaaf35e4088,1024,0/0
/spttest/9tmomwvexbpw,11f166f05e73e394,1024,0/0
/spttest/etk3nbed2veq,1b128a8fa7d4a082,1024,0/0
/spttest/awbf5q678s16,13e7eb9573f35eea,1024,0/0
/spttest/jt3tqubhs7rw,242ebd795fbc335c,1024,0/0
/spttest/fym6dwlrtbaa,1d27d9d9a6218d62,1024,0/0
/spttest/2z4b7i9b04d8,56f68b3a717a51c,1024,0/0
/spttest/qg6g8ztrv2s5,3050204f65c7ded5,1024,0/0
/spttest/f1vgs9n5e3cf,1b7e8e5fadb1796f,1024,0/0
/spttest/gjlj3l5y6y37,1e38647e3caf9813,1024,0/0
/spttest/2xzeqyj1hohb,560a6b0039d032f,1024,0/0
/spttest/wh3xuaqp10kz,3b51e50d70953a33,1024,0/0
/spttest/iyniyp1z407o,22a32e3769b99114,1024,0/0
/spttest/lrz1erm0cadr,27c74086c1be078f,1024,0/0
/spttest/vd9l36nlhlqf,394c5c455a499947,1024,0/0
/spttest/qepdkblpv2m6,303cf9e73b09fbfe,1024,0/0
/spttest/t0lg33stzpgm,35008d087f0688a6,1024,0/0
/spttest/ejp6skqna083,1a927be842ff7ea3,1024,0/0
/spttest/g6i9blvlhggc,1d8e59f6f24a8e8c,1024,0/0
/spttest/80tp6co1i83r,ea7a136f13d3a87,1024,0/0
/spttest/j3jldulhf6rm,22e2b53d1f0c1502,1024,0/0
/spttest/ya35qom9bjnv,3e9deaa3ef85f94b,1024,0/0
/spttest/k052f87c13li,248a1ce75ca31076,1024,0/0
/spttest/pjtq5ohr0ugr,2eabe0baae58393b,1024,0/0
/spttest/wd4un4sjvywo,3b1e442f8fd9a578,1024,0/0
/spttest/a326hwm66rzi,126be599b40af12e,1024,0/0
/spttest/7uzygyafmyuz,e5bf3bb350d50fb,1024,0/0
/spttest/y78uq4rknax2,3e7900d1139d3706,1024,0/0
/spttest/c7tyh0tmaom0,16511ad55da84518,1024,0/0
/spttest/d7kjpjbqqlx0,182152e1b087c774,1024,0/0
/spttest/7u8wyvtc2p0r,e5231ef66417b2b,1024,0/0
/spttest/bjoxr5b5ybbr,15178cfc8e1aaed7,1024,0/0
/spttest/hlx2zblh34rs,202a274fa9b3cfe8,1024,0/0
/spttest/5b4x4wbbn6sq,9b2ba87430b792a,1024,0/0
/spttest/4jxnoeh05stf,85165c0503ce523,1024,0/0
/spttest/w9dvqcjekkz1,3aed91449ab9e12d,1024,0/0
/spttest/2y6zwl4q53rb,563638c3ed7dc47,1024,0/0
/spttest/4jvgxiwhwqoo,8509bb457d0e018,1024,0/0
/spttest/k6nigdxm0c73,24deb43529e907bf,1024,0/0
/spttest/rxsqzj7eoxcp,33089a91449df8d9,1024,0/0
/spttest/y6ltca0xenxz,3e70b0cb406ad1b7,1024,0/0
/spttest/w4kz1eoxkpa1,3aaf2e0c321ffdf9,1024,0/0
/spttest/nend1i0if9qb,2ac16819334e9103,1024,0/0
/spttest/tbubbn2nc91e,3592a1f36835a7c2,1024,0/0
/spttest/ux4rl2al89tf,387acafdb0dee0b3,1024,0/0
/spttest/bea6kkj6da39,14d147cd73f5a655,1024,0/0
/spttest/r0zsb88svhh8,315e7f128906663c,1024,0/0
/spttest/4dhdg3qg9q2f,7fd9611d6f7d437,1024,0/0
/spttest/3n39dmgp8g9y,6a6c5cca7ca9d66,1024,0/0
/spttest/fc93emm9uz49,1c055dc4e560ae49,1024,0/0
/spttest/kmvq7w64m5ev,25b17f2ea661e0e7,1024,0/0
/spttest/w1xd58kjp1i2,3a8caee3eb5e56da,1024,0/0
/spttest/es9lkeqs7zl3,1b01c33b0e30d3e7,1024,0/0
/spttest/rk2p33ip01ya,325657c732d93ae2,1024,0/0
/spttest/adxghvs2l3ul,12f9133d4a1568bd,1024,0/0
/spttest/5n8di5ag5vad,a4fd8b5f12175a5,1024,0/0
/spttest/vma7rqspuiaz,39c17dc775a7c12b,1024,0/0
/spttest/sn0y8ofccdbl,34504b8b3e397671,1024,0/0
/spttest/246jmcvcag7h,3dd8c10766e188d,1024,0/0
/spttest/hhc5yd5h8wpq,1feea62e2a3c8c9e,1024,0/0
/spttest/o4jnrk954gq2,2c11cad0d81416aa,1024,0/0
/spttest/hp8m95z6zv5r,2055489562e94a7f,1024,0/0
/spttest/n7yl9zskwrhw,2a6a887bd03e4734,1024,0/0
/spttest/c7ow4n4wuoxh,164f46fa7347f9b5,1024,0/0
/spttest/i91keh01r589,21568663164c8439,1024,0/0
/spttest/cee31ae3mg0w,16a64d723ac1b5a0,1024,0/0
/spttest/g3ktf34vgpjc,1d684e7e9e30e448,1024,0/0
/spttest/u0km6ktfzf3t,36d3dd8ca826fa39,1024,0/0
/spttest/n28jgwdq85gg,2a202ffc7c137ba0,1024,0/0
/spttest/crl3ik8tcmqt,1751b197afba1b25,1024,0/0
/spttest/mxjc7im65sqb,29e3231fc4b2deb3,1024,0/0
/spttest/3tq34538tgxo,6fcf1bd24e13efc,1024,0/0
/spttest/u2ranerxa5jc,36f0410d0404e788,1024,0/0
/spttest/70vlm8nzfjkt,cd4b393fef3cfdd,1024,0/0
/spttest/pohjxw3itln2,2ee86ea4e63190ce,1024,0/0
/spttest/b5hsd0azmpn9,145f1efa5d74d655,1024,0/0
/spttest/y08spwv2bnyn,3e1e0edf5447ac0f,1024,0/0
/spttest/hul3m7t37vve,209abbd5a801041a,1024,0/0
/spttest/uzt8h7eftr61,389d99af84d245c9,1024,0/0
/spttest/f1ofsjox8gt8,1b7c05400a4f581c,1024,0/0
/spttest/sio6upxlpesk,3417bbd3bbd58024,1024,0/0
/spttest/cbxd78971b52,16864ac0fdd159a6,1024,0/0
/spttest/1x21abybsc5y,380fec0c6750f96,1024,0/0
/spttest/3xcg9hu56eak,72bfb58dfb43adc,1024,0/0
/spttest/vit57h5x0g6f,39945d2c395016e7,1024,0/0
/spttest/junb5vxn0nbv,2442c26b065e411b,1024,0/0
/spttest/bxz1isfo8cxk,15d10bee3fffe778,1024,0/0
/spttest/cpitm2ktqzn9,1736e4ef521be3f5,1024,0/0
/spttest/88musvmeucx5,f0d13200c6e72e9,1024,0/0
/spttest/ezo2no6041eq,1b61e908b415f822,1024,0/0
/spttest/hpj73b9bd9h6,205919baf2a6903a,1024,0/0
/spttest/2qced2jghe01,4fd6c6e5645fd21,1024,0/0
/spttest/lee6xmcjnjw7,2716dea0e3e70777,1024,0/0
/spttest/87npgaguwow2,f006482b9220402,1024,0/0
/spttest/i70936ziuqjw,213c127a5855bfec,1024,0/0
/spttest/eef56mzj8vt7,1a4de9cfd773920b,1024,0/0
/spttest/ju0larumnm30,243a8ff4612e0d8c,1024,0/0
/spttest/x1v35c8o7l81,3c5f79bedafc9f31,1024,0/0
/spttest/m3tob6byvs1m,28613027a1062dba,1024,0/0
/spttest/a094n4j7yg5j,12476fa5fc021947,1024,0/0
/spttest/t4t7kyzasx23,35374f2ff5516c5b,1024,0/0
/spttest/dkd2gp9nq33w,18c77c64b4325d3c,1024,0/0
/spttest/qc08azoiqm3u,3019ecb09375546a,1024,0/0
/spttest/5qalpp9bkvgs,a779e4837925b4c,1024,0/0
/spttest/8x8c0znob1ei,104c91375faedfda,1024,0/0
/spttest/jir7a9cm8hit,23a84adbd952a0b5,1024,0/0
/spttest/pk9qcsuei713,2eb1a720ed41ba17,1024,0/0
/spttest/sw87pparn5yt,34c7d1bcd312b0f5,1024,0/0
/spttest/ed15wfa6hg6y,1a3be13cd1638a3a,1024,0/0
/spttest/5j4s20fqzu3g,a1a978c319bf91c,1024,0/0
/spttest/etafjy7tohfb,1b0f0d6da0990737,1024,0/0
/spttest/6cirivoxocfo,b9853c8de44e5f4,1024,0/0
/spttest/gseu755phllx,1eaae1b3f8b784a5,1024,0/0
/spttest/tumc96re6lu0,36868d4610496e08,1024,0/0
/spttest/j4yckjxy2z8i,22f50567a5b7d4e2,1024,0/0
/spttest/do3pp3z2mb26,18f81159a6ddff7e,1024,0/0
/spttest/bgfbsect2g2,94cf0afaeeb5a2,1024,0/0
/spttest/ditbu2p2g4mb,18b35fd125216163,1024,0/0
/spttest/da5lrs6c0spp,1842e66b7713755d,1024,0/0
/spttest/utfc1bqxm40l,384aa61f099e16d5,1024,0/0
/spttest/o9zff9rjfs75,2c586d96ca49cb81,1024,0/0
/spttest/67fzmg42ekei,b56612d41a1b0ca,1024,0/0
/spttest/1eai2rpjv2xj,28d40e684144797,1024,0/0
/spttest/7031kz95gs43,cca65dc99e50b53,1024,0/0
/spttest/swyjitfw4bbo,34d1519c51271e54,1024,0/0
/spttest/zmi2fnrx8a6m,4112c80108fd228e,1024,0/0
/spttest/tqjn31hp5i43,36519eed778657f3,1024,0/0
/spttest/yfk48fv063gn,3ee4fb5171262307,1024,0/0
/spttest/yic2klzis1i1,3f090be0d1e10499,1024,0/0
/spttest/qwycrqwke3wr,312a05cd4e8b7f4b,1024,0/0
/spttest/xi5v53mgbl8k,3d33315c4c73d844,1024,0/0
/spttest/dcy2qgnjm65h,186726c4aea8f7a5,1024,0/0
/spttest/gqkt5l0tdkxn,1e930eb8dac1783b,1024,0/0
/spttest/8dev36wf8upl,f4b2332ac975c79,1024,0/0
/spttest/qh9eu4xwbl9t,305e2f0bff954471,1024,0/0
/spttest/wgwfyoagffs0,3b4f309a436c75a0,1024,0/0
/spttest/eoaycsv554f,be9e89d94b582f,1024,0/0
/spttest/qcn5bm2ftfpe,302231819c83cbc2,1024,0/0
/spttest/x9llyzvu2wrv,3cc3f86a2d797c6b,1024,0/0
/spttest/q0nu1jnxe7bk,2f8691da48a30990,1024,0/0
/spttest/bxj83mtwx9em,15cb56eb4a5a81de,1024,0/0
/spttest/3ur6d5s2mk66,70a53b43823d19e,1024,0/0
/spttest/tmth33mqzyn1,3621363150dafc1d,1024,0/0
/spttest/km21cht6uct,10bbe76a8de002d,1024,0/0
/spttest/canj8wf03y3b,1675c1541a956b57,1024,0/0
/spttest/30nywg3gnnhi,5837dbee3d1d2a6,1024,0/0
/spttest/8d0o8xuqd55c,f46047de53dfd50,1024,0/0
/spttest/ewqhg6au7sp,c1a954ff62e4f9,1024,0/0
/spttest/6rx2cn75dpp4,c605391f6afd458,1024,0/0
/spttest/lo6oxyxd4d93,27960e7577f5cd17,1024,0/0
/spttest/l3vxlepko5ai,268e63786a06e8ca,1024,0/0
/spttest/rhi9vfs1y7u3,3234feddfcd89d2b,1024,0/0
/spttest/pgqnrn644yzs,2e83cdb8e9641628,1024,0/0
/spttest/v6lvrfoudzou,38f5df476a1fe3ee,1024,0/0
/spttest/pouxy6hdjf4o,2eed435f71f7c458,1024,0/0
/spttest/iwhg7epmqzwb,2287026acadbb23b,1024,0/0
/spttest/pzs2rgjdgl9u,2f7b1c712b16e8b2,1024,0/0
/spttest/pco175jjn89u,2e4ee60d22e1b8a2,1024,0/0
/spttest/8p1avhi3w1r,70f299ca2b6aff,1024,0/0
/spttest/blxlonj6m1ws,1534a7d8d72d152c,1024,0/0
/spttest/pf4266wggaaf,2e6ea8f42fec0817,1024,0/0
/spttest/o3c6epwbrjoo,2c021a729ab81768,1024,0/0
/spttest/57k9jcxvetbd,9844ed86050aee9,1024,0/0
/spttest/ku7i9xr3h0k1,2610ac0484879c11,1024,0/0
/spttest/9g22666w5xo5,114119989e9211b5,1024,0/0
/spttest/82am7uguoldl,ebab92400524039,1024,0/0
/spttest/y561c1h6ua7d,3e5e02279a074929,1024,0/0
/spttest/gs5bizapzwf1,1ea7727b8aa35fdd,1024,0/0
/spttest/39bp9gjn8xhs,5f3f7e82ac43e90,1024,0/0
/spttest/r39ovv23wbcx,317c0c79caf1dc81,1024,0/0
/spttest/43p1r1u77hny,77e76706bfcc42e,1024,0/0
/spttest/5zq8t36el6nj,af22a5ee7a02aef,1024,0/0
/spttest/su44jetgwpgs,34ac5d9afd9b8cec,1024,0/0
/spttest/thcropfkewml,35da3cd8b9745cad,1024,0/0
/spttest/db1c7ofnrs61,184e59adbb8e1a59,1024,0/0
/spttest/npahh4ebd1u2,2b4ba483085fad8a,1024,0/0
/spttest/flt2pwg37tib,1c817aaea538f423,1024,0/0
/spttest/9uu91vbthftw,12011f27b33ae364,1024,0/0
/spttest/3xvwcw9ccd7j,732ffa381451ddf,1024,0/0
/spttest/6xq3jlrat1z,5a1aa7c8d21097,1024,0/0
/spttest/7fmo3qly5m98,d94517e5bfd35ec,1024,0/0
/spttest/k41sjufe31np,24bce37f47db3525,1024,0/0
/spttest/jow1gnuorfwb,23f7f94d50a9493b,1024,0/0
/spttest/uysi6zqhawc1,389058fd97e6cb31,1024,0/0
/spttest/47c54k2djtxj,7adc356c15bd347,1024,0/0
/spttest/579a1tmzd3j8,980581c49d57e24,1024,0/0
/spttest/11r5gune129m,1ea6678b4f52bba,1024,0/0
/spttest/aqo7ps5rslgu,139e99bbd1ae8aae,1024,0/0
/spttest/9n990zatpcai,119e9e8fbc5fdf7a,1024,0/0
/spttest/ajwu8zfv2y91,1346c9b2c60b64e5,1024,0/0
/spttest/mej8mbdfuvbn,28ec4e09aed3ed13,1024,0/0
/spttest/2897zyhqljtq,412786039bc759e,1024,0/0
/spttest/qalpwq6iwqdl,3007b313af211789,1024,0/0
/spttest/i6cdilxqkmup,213375007cc1feb1,1024,0/0
/spttest/s1sbr5ya2l9a,333c6882dd82fa1e,1024,0/0
/spttest/v7zenqb0sq5o,3907bdcf05c2df6c,1024,0/0
/spttest/rn6kz9jna43x,327eb67c2805264d,1024,0/0
/spttest/t09dluw6kd65,34fc3240e26ce5ad,1024,0/0
/spttest/s8lxujlju4yn,3395076b2fba8b9f,1024,0/0
/spttest/q34edfcr7kci,2fa6866ba1423dc2,1024,0/0
/spttest/jm6u6nluw0pc,23d4e6e8a6bd0d90,1024,0/0
/spttest/bjwn9ht52us5,151a550438ce1155,1024,0/0
/spttest/ir30r9bnbz7a,2240db571fbf59f6,1024,0/0
/spttest/zkxr890umwsh,40fe76a17739bd81,1024,0/0
/spttest/rdf9frem4zrs,31fff39e3fcdcc18,1024,0/0
/spttest/a9rzxa6r8euh,12c325d9bd35b029,1024,0/0
/spttest/xmp45ia1sya7,3d6e18815127058f,1024,0/0
/spttest/49sr4fscfxss,7cdbc2eda2ec4dc,1024,0/0
/spttest/asig0tfe9883,13b67f59b6f9cbe3,1024,0/0
/spttest/kvvwnqvhjb0d,262677047246ab7d,1024,0/0
/spttest/hhy1t2h8m6xo,1ff68ba41b26189c,1024,0/0
/spttest/tysfsi2p8g04,36bcb5957f992404,1024,0/0
/spttest/3tcfy0445bkd,6f805804c685dcd,1024,0/0
/spttest/enjrtxbj1gse,1ac47cb3cfd25a3e,1024,0/0
/spttest/pm15paxtdvdr,2ec889b4ac14211f,1024,0/0
/spttest/9w5dr300arrd,12122085c8f69b09,1024,0/0
/spttest/w7sdtgop785q,3ad8d250e9d07e0e,1024,0/0
/spttest/2y6j3j9bjoed,563386cb8aba145,1024,0/0
/spttest/kup1kmoqbm5g,2616ffca2d8f5ee4,1024,0/0
/spttest/335igsjxrisx,5a3ccb820db44f1,1024,0/0
/spttest/w7tr6axzdl5h,3ad950f46584f355,1024,0/0
/spttest/hw8i8bxtbswn,20b02b0edbf87817,1024,0/0
/spttest/tunb41jipbp6,3686e6b59eb8957a,1024,0/0
/spttest/vqoz26tokzq1,39fac5fb69d47dd9,1024,0/0
/spttest/ly97g1ovsgdv,2818db3c31bc30f3,1024,0/0
/spttest/c3qolvoputwn,161bf763e1643be7,1024,0/0
/spttest/h4n952yizh08,1f49ca11d04abad8,1024,0/0
/spttest/n7qnw4sdgq3k,2a67ac3f44b64520,1024,0/0
/spttest/fnok6m9vruxe,1c99d42a0de2f852,1024,0/0
/spttest/8t6jy5ye8dyx,1017f7c71fb15eb9,1024,0/0
/spttest/ef7w0dgdj12j,1a5848f3cd44c92b,1024,0/0
/spttest/ivjn73r4x3mc,227acfd5f1115094,1024,0/0
/spttest/sfgb4uju5v0w,33edec1890571650,1024,0/0
/spttest/2e555iki76vw,45eef245d06a09c,1024,0/0
/spttest/sbhpp8n4yg0u,33ba78cfc47d859e,1024,0/0
/spttest/2ginpewdb13a,47dca0b81afa746,1024,0/0
/spttest/kruixobhm37o,25f20268ac7236c4,1024,0/0
/spttest/aa5oc74b0ae3,12c815478f151f9b,1024,0/0
/spttest/q6cezzuzwvq7,2fd062bec157939f,1024,0/0
/spttest/by1onsp13ew9,15d200097d2f9329,1024,0/0
/spttest/xx8jt76xxadv,3df7003e90aefbd3,1024,0/0
/spttest/a4h7j8d40eda,127e4f0a84a360be,1024,0/0
/spttest/e1j9clyt41sn,19a689a2d8103717,1024,0/0
/spttest/dw5ok0el773j,1960b13618fd4caf,1024,0/0
/spttest/dwk0pt9h87w6,1965dd91d2925ef6,1024,0/0
/spttest/y2ldfhwgj3m6,3e3c92f1a292f90e,1024,0/0
/spttest/42tu4pogrt3e,77333789920cc0a,1024,0/0
/spttest/koqi78a9yxr5,25c99747e9d03061,1024,0/0
/spttest/7l20vuz4x3fx,ddace1834481fad,1024,0/0
/spttest/gu8sgngfyv1n,1ec2ad8d996df0ab,1024,0/0
/spttest/7nzllmy2ltgn,e00e5e9b1e43267,1024,0/0
/spttest/vz05hufb0xms,3a66b898db855144,1024,0/0
/spttest/p72pojqoe00t,2e06427c217ae79d,1024,0/0
/spttest/gozrgcmi85sp,1e7e795e393cf959,1024,0/0
/spttest/j7nvvfo1fq9a,231836a65b0ae3ae,1024,0/0
/spttest/zschukk98xb2,415eb4e26b7b939e,1024,0/0
/spttest/xvny0p4zoefq,3de293b5c1b38216,1024,0/0
/spttest/ceh4i4nuu459,16a7665126dfca7d,1024,0/0
/spttest/ulf21yd78bzd,37e2a2744f4009a9,1024,0/0
/spttest/obdr5gsf7ixd,2c6a96177d16fa91,1024,0/0
/spttest/s3w1sf7l1rr3,3357baedebc7e3bf,1024,0/0
/spttest/kv5e4nf0hiq,10f0662d46a43b2,1024,0/0
/spttest/6o2ngtdu6624,c2e62903287662c,1024,0/0
/spttest/bcd8fsll4itk,14b8672f5c146148,1024,0/0
/spttest/3qrgckte5l6w,6d6784b1c839c88,1024,0/0
/spttest/8tt0pbbjexrd,102012ddde649169,1024,0/0
/spttest/sp2oitjmofzs,346ae5dbdef4b8f8,1024,0/0
/spttest/d60ubsh60zvr,180d3981038fdfa7,1024,0/0
/spttest/v0dhqgudhv1,192cd93ee1b99ad,1024,0/0
/spttest/f3e1w47to98k,1b92406a27203dc4,1024,0/0
/spttest/62dmfkk7rh4x,b14944fb4d8c681,1024,0/0
/spttest/7kz5oqkvyusg,dd9c54fa6b6bf60,1024,0/0
/spttest/wzh3f9zcqutd,3c4072c8f07f6681,1024,0/0
/spttest/ajpbo0tigue0,134413714a32e3d8,1024,0/0
/spttest/gwhsnbzx9uyc,1edfe7db6326a1f4,1024,0/0
/spttest/qw124sbc0xb3,311e025b0d5e009f,1024,0/0
/spttest/9kia7q284qat,117ae926e0130e25,1024,0/0
/spttest/dp0btctraqjh,1903d5e242fd33dd,1024,0/0
/spttest/qob0chqdtz05,30b9af66e3be3b75,1024,0/0
/spttest/a524m467l9ar,1285db4847942153,1024,0/0
/spttest/7own4gwjqvcr,e0cd1f90d4f943b,1024,0/0
/spttest/ecrb16ayz9td,1a3852b8ffba8671,1024,0/0
/spttest/zu0c0nsbb4mz,41744c04afe2373b,1024,0/0
/spttest/3grs1ccx8vl6,654b1b6fc0ec2ea,1024,0/0
/spttest/x6uq9clwaree,3ca04af5b5223d36,1024,0/0
/spttest/shomqzdyqick,340ae75b460c4564,1024,0/0
/spttest/jp4cjvfags62,23faf8b34ca9889a,1024,0/0
/spttest/ml00ux6mma1q,29404bece7601a5e,1024,0/0
/spttest/xpo8ec3ok4g,1b5e8db04aeeee0,1024,0/0
/spttest/6m4z6cx2prdi,c153ed494b1fcd6,1024,0/0
/spttest/us08ljnukwbb,38383684d2a5ea97,1024,0/0
/spttest/hj2xgq703ym5,20054b98a4a1edfd,1024,0/0
/spttest/nha4eqrrwqyy,2ae398eeebe5b78a,1024,0/0
/spttest/3onwjkr9ovk0,6bb35dbba4faac0,1024,0/0
/spttest/zl9wx29wphtx,4102d9a5a14e6a85,1024,0/0
/spttest/hxmbrw6lgukw,20c224e7674bcbd0,1024,0/0
/spttest/dqh0s2cly8ib,1916d915c5836493,1024,0/0
/spttest/hodg1k2r8cyh,204a093b265eb699,1024,0/0
/spttest/h4mtjcswjhud,1f49a208c9947115,1024,0/0
/spttest/pndgfg3epzwo,2ed9f6e70ad3fc08,1024,0/0
/spttest/xe7w70n9s6dv,3cfff7c5c52f3453,1024,0/0
/spttest/1o8rl33ns4y9,30e8520f764db11,1024,0/0
/spttest/xdd73ug6v4as,3cf4e45ac503cd84,1024,0/0
/spttest/sgwnp2t18br8,3400cf79cb2d8284,1024,0/0
/spttest/1kzq5i2syaaz,2e44a5e2fe7acab,1024,0/0
/spttest/pckg59j7cvyt,2e4d9aee33258fd5,1024,0/0
/spttest/mxzqm8g3tpyy,29e90dfc64344bba,1024,0/0
/spttest/xyt83o7kenx5,3e0b7330f345c099,1024,0/0
/spttest/rp4lmhd0tjb4,3297f9eaabedeb00,1024,0/0
/spttest/la8nds35ggst,26e0e998ab61ca0d,1024,0/0
/spttest/k4onv1a2bmua,24c523ef7665c262,1024,0/0
/spttest/8mmeviot4ga4,fc2c3dae5c8a86c,1024,0/0
/spttest/565ifzxrji7y,971feead7bbf1fe,1024,0/0
/spttest/l7ckx1s1oxw8,26bb5cf9a2eea298,1024,0/0
/spttest/4vthb8buc5k9,8ebc3068e88d129,1024,0/0
/spttest/8o3cbswse73q,fd5dcd5cc96b776,1024,0/0
/spttest/6si5gaomg5mn,c67ef42cc26567f,1024,0/0
/spttest/lp4oq3zytcs4,27a2526b41e863f4,1024,0/0
/spttest/xnlnlpjfrm91,3d79d6318b6d1465,1024,0/0
/spttest/ic5yk345n78t,217f13f38b2b696d,1024,0/0
/spttest/b5xiqbm35vli,1464cc2933a95a36,1024,0/0
/spttest/x18hdyoi04ru,3c5751cfc0b72a2a,1024,0/0
/spttest/c9d9u1vyl3pu,1665103d33a7d412,1024,0/0
/spttest/viqh8dkwspk8,399366ebeedc3068,1024,0/0
/spttest/7n32cmbzdp9m,df528bc8e24302a,1024,0/0
/spttest/7ug1dkki7qg2,e54c3d2a33f23a2,1024,0/0
/spttest/g7c1fv0sx73z,1d9918c9f06eee3f,1024,0/0
/spttest/v420q4vl4o0a,38d4ba230bae238a,1024,0/0
/spttest/7ys4miwt68cm,e8d159aa99cccc6,1024,0/0
/spttest/b2inoq6f4wh7,1438779513a0646b,1024,0/0
/spttest/14xmbrq2bhqb,213b3b5145d8883,1024,0/0
/spttest/t4dhxrnmpn4p,3531a3dd869cc359,1024,0/0
/spttest/75rgn2eivr65,d14279e65bac54d,1024,0/0
/spttest/gqyygavyu2xy,1e982978679b4866,1024,0/0
/spttest/kbi28f1z3ra5,251daf0793fc43dd,1024,0/0
/spttest/pql0pcd5a0ko,2f03a9457bde9a68,1024,0/0
/spttest/yu5z9lxqshwz,3fa2b844a01157b3,1024,0/0
/spttest/cy6q8m189ghr,17a76f2b7c5dc7bf,1024,0/0
/spttest/akqu7y2lr2f9,13519cabefdca205,1024,0/0
/spttest/md32fsuqp0mc,28d97b07bbf4e164,1024,0/0
/spttest/j942ihpc81ro,232b0ad62005daf4,1024,0/0
/spttest/wn41zmqsdimy,3b9fdf3c739b039a,1024,0/0
/spttest/1fclk1kfczry,29affd278ef8f1e,1024,0/0
/spttest/ettgnct9by9q,1b15eb3bbbd43f3e,1024,0/0
/spttest/igndsm23nxtv,21b9525534569603,1024,0/0
/spttest/dm9wstw4otlj,18e0534595c47fd7,1024,0/0
/spttest/fwfcyf6fgbup,1d0b699daeca5701,1024,0/0
/spttest/doskdm5ugeec,190108e8788a5ee4,1024,0/0
/spttest/25s6wotdxpwn,3f258cdb4e14267,1024,0/0
/spttest/scnqwusr8r96,33c9a362e66606fa,1024,0/0
/spttest/1qmct240y5lc,32d66e10b3240d0,1024,0/0
/spttest/w47c2za97z9x,3aaa425c071a6f55,1024,0/0
/spttest/dwaktxxtfbmb,1962757f4a6b9993,1024,0/0
/spttest/sbh1hs9xolla,33ba3ab392cc084e,1024,0/0
/spttest/43uk9t2tp6d,35588ccf2b8ab5,1024,0/0
/spttest/cupnd9c8zmdu,177a4dc5ff61e412,1024,0/0
/spttest/ih1y04pjzkzr,21be9356f96c8c07,1024,0/0
/spttest/ihq2awqzf32m,21c747357c8ae84e,1024,0/0
/spttest/q60degem23kl,2fcc0a39a7efcc95,1024,0/0
/spttest/vdezwb90i0fc,394e501bece546a8,1024,0/0
/spttest/68r4604tbxyi,b676224205fcdaa,1024,0/0
/spttest/9s3w1wqmx4hp,11dda1b7044c52fd,1024,0/0
/spttest/1dpi4s1jkk41,285ad4f8114f9d1,1024,0/0
/spttest/dfidhjzpahc3,1888743c42a20b43,1024,0/0
/spttest/6raj7ehjdljh,c5832586727254d,1024,0/0
/spttest/kctnu91xyr6q,252edbc64a6f3322,1024,0/0
/spttest/9jv8x3qt8iyy,1172995c0e59670a,1024,0/0
/spttest/rfeqgktl5yd6,3219bd70a0b6463a,1024,0/0
/spttest/ahyx2x91swgq,132d8f2fceb4885a,1024,0/0
/spttest/ffc6lsw6ddaz,1c2d72da4bfeca9b,1024,0/0
/spttest/ortcohhy0wp8,2d400af5ca02fb8c,1024,0/0
/spttest/m5jbdbsaxp18,28776dc8b2c826fc,1024,0/0
/spttest/w3by4nyho6m2,3a9eef24a250207a,1024,0/0
/spttest/etqs3t111bx9,1b14f3865208c79d,1024,0/0
/spttest/izcbrjfdfjnn,22ac20f3b531ca43,1024,0/0
/spttest/qwk22l7isl8r,3124dd321756f88b,1024,0/0
/spttest/5ub4euhq8ymh,aabc3490920ff49,1024,0/0
/spttest/tzx7fjwyo3ij,36cb6b3b95dbf9cb,1024,0/0
/spttest/yably5kedr9a,3ea0f72bdbc6393e,1024,0/0
/spttest/mvmrcbztkic2,29ca648b9e1df2d2,1024,0/0
/spttest/gyk3fdyfllgq,1efab6c3a68626ea,1024,0/0
/spttest/4l9nn4ee8qur,862b755ed40fff3,1024,0/0
/spttest/o8kbsmioio3u,2c45fd7f4f294a8a,1024,0/0
/spttest/a8650f50a1ms,12ae458b865b4ac4,1024,0/0
/spttest/kztl1ndbgav5,265995825ea18a01,1024,0/0
/spttest/k1xeve5u74kz,24a15469afa9c4f3,1024,0/0
/spttest/rzw7fyzlfng4,3323d468e7e6a574,1024,0/0
/spttest/2mv9jyrytocg,4d046102f2fae80,1024,0/0
/spttest/qq3ueg13flmu,30d1141507352246,1024,0/0
/spttest/hj92efvailwo,20078278be56d568,1024,0/0
/spttest/4t6xgpdame2h,8c9a57c37801eb9,1024,0/0
/spttest/qr5lwellnn0p,30deb4436b4e5d49,1024,0/0
/spttest/fcq60yyl4fv7,1c0b86c0d3b54653,1024,0/0
/spttest/6hnsbb7hx7mq,bdb15ef92b041e2,1024,0/0
/spttest/mca4hxdafqpc,28cf09a25cf522f0,1024,0/0
/spttest/5bs56jhciufs,9bb1ba4300e8a98,1024,0/0
/spttest/s82ihq18kpdk,338e050582fa4978,1024,0/0
/spttest/vb000iezdwsi,392eec5f0adf0242,1024,0/0
/spttest/hlu8njwhcb44,202920c32906e444,1024,0/0
/spttest/nol67en4mqgy,2b428263c49c0f82,1024,0/0
/spttest/nnbokyuanf8w,2b321899e8c14ef0,1024,0/0
/spttest/8dvivr59e1ca,f51262378c44b4a,1024,0/0
/spttest/g331k3ei197j,1d61e4bfd8ba5edf,1024,0/0
/spttest/hjdg24rtqn17,200916fd0656401b,1024,0/0
/spttest/xei7z610ngp,1b1e1615086dfc9,1024,0/0
/spttest/ba3wwh33ko66,149b0fc1bb8f965e,1024,0/0
/spttest/2vdpgvm2sqka,53ed793f135bf7a,1024,0/0
/spttest/u63r1t8nkj8v,371bb751a5db456f,1024,0/0
/spttest/j9xvti0bm4dt,2335ccb532990ab1,1024,0/0
/spttest/l17jwyzam048,266b9d05b07b8018,1024,0/0
/spttest/2ujzxs8qefyl,5341f64b6f4c24d,1024,0/0
/spttest/880swaroh1we,f051e22d69d27de,1024,0/0
/spttest/w9f2uf6qq7nm,3aedffe315b84b42,1024,0/0
/spttest/8ouwxqngmtew,fdfcfa82a74ea68,1024,0/0
/spttest/al1vyexfctcd,1355992cad43128d,1024,0/0
/spttest/bhim9y2ubs22,14fb4ad0665ce8ca,1024,0/0
/spttest/r9hde5g8jvbm,31ccc179e3693d52,1024,0/0
/spttest/8mklu4owh5xt,fc21cfae74c7851,1024,0/0
/spttest/xbtzqa85unpq,3ce0f92c965b388e,1024,0/0
/spttest/bvgq65ggthny,15b075aa19d41eae,1024,0/0
/spttest/16ie8e6jicru,2282fee25aebc2a,1024,0/0
/spttest/fp9b177e688d,1cae4dad041c692d,1024,0/0
/spttest/7oclflpe3gzb,e0596451a7a5ab7,1024,0/0
/spttest/k58dnm6r8stt,24cc411d167a36f1,1024,0/0
/spttest/q8j5u4beyvd5,2feccc534f1d6d49,1024,0/0
/spttest/mkoemgg3qnx,12539a24e21d9bd,1024,0/0
/spttest/7x0k198u4gsl,e762592c652fc05,1024,0/0
/spttest/vossifi2u83d,39e22c237d46be79,1024,0/0
/spttest/q5ey2w43dj16,2fc44f2e62c9949a,1024,0/0
/spttest/h29sdaj63794,1f2af3bc5d961978,1024,0/0
/spttest/rhfotyid74s9,32341024cac328f9,1024,0/0
/spttest/ijpfjolrzrvy,21e10755ace826ee,1024,0/0
/spttest/jh6323d43amv,2393af0617a7e097,1024,0/0
/spttest/xe2c3lwjkoxo,3cfdf65f65053e3c,1024,0/0
/spttest/g1anmzcfwdll,1d4aa977785edbd9,1024,0/0
/spttest/emkam50d3p41,1ab7afa3ff5e9ee1,1024,0/0
/spttest/mbou1vpjp03t,28c75b198341f3c9,1024,0/0
/spttest/x1j22i6b978k,3c5b228f0b69efe4,1024,0/0
/spttest/199os5jvs1b3,24c0373d4def09f,1024,0/0
/spttest/us49bahzackt,3839a9d3a4e9a52d,1024,0/0
/spttest/5h1s8xtu5qh8,9ff886c55ac974c,1024,0/0
/spttest/d1wj6cc6xihs,17d7b66462be91e0,1024,0/0
/spttest/852nc45j4wk6,eded0d5bdc5e4d6,1024,0/0
/spttest/4g2hha0eq1n2,81f2ea9bf4b38ce,1024,0/0
/spttest/6ac8no5x7p8j,b7bfea73d11b083,1024,0/0
/spttest/l54izxsnqp41,269e7a97110038a1,1024,0/0
/spttest/rgsnspovsub,164c55c95813fc3,1024,0/0
/spttest/opn9iakmvhkm,2d23de19378b30b6,1024,0/0
/spttest/ob31pmuhve7p,2c66b922e865e2b5,1024,0/0
/spttest/sbg9roqkgy4j,33b9f390b1548cc3,1024,0/0
/spttest/9fsz1mbapsvf,113dd2429c04546b,1024,0/0
/spttest/7uoks1tfgekp,e57d88cf432c0c9,1024,0/0
/spttest/8kb68t7gkrbb,fa4bb256fcc2347,1024,0/0
/spttest/31psasf1r9v0,59122ccf340e7ac,1024,0/0
/spttest/rrz42qdr2ftm,32bcf6d1db142b9a,1024,0/0
/spttest/foet0jynmrx9,1ca34c65ffaaa5dd,1024,0/0
/spttest/qiza3fsxtomm,307481b6412f82ee,1024,0/0
/spttest/jx3j59u1gb8d,2462974e516245dd,1024,0/0
/spttest/dzt9ybq8ihn7,19902c5a501609d3,1024,0/0
/spttest/i7gmrkd6uxd6,2141fb7645ae1e6a,1024,0/0
/spttest/nxdtus8tf7d2,2bb4c36efeb97006,1024,0/0
/spttest/h3mzmkzygh00,1f3cb46700094810,1024,0/0
/spttest/cnzt49x1moa5,17230b69c402796d,1024,0/0
/spttest/jtdcnvartx49,24322d538a5e5fe9,1024,0/0
/spttest/zbr9yvkro6ww,408738d305067400,1024,0/0
/spttest/hzhba54z16jy,20da504f9df53a6e,1024,0/0
/spttest/jwnez6hnth7r,245cc6b7770e7767,1024,0/0
/spttest/8u9gm9l97w0n,1026019807a0cad7,1024,0/0
/spttest/ma49r47c1d3u,28b2f2652cd5009a,1024,0/0
/spttest/3wfwoyiu1nk4,7203d598e13b384,1024,0/0
/spttest/68bwzzv1gb0t,b61e63a940d08cd,1024,0/0
/spttest/1dsusaw25svx,286e2e19aef837d,1024,0/0
/spttest/l1iu2eful7ug,266faf1e21c4f4f8,1024,0/0
/spttest/9gpu1la4b09j,1149ad94cb655217,1024,0/0
/spttest/npbbbnihxjld,2b4bf11879094a71,1024,0/0
/spttest/4jsmmp4kppqp,84f953907f58291,1024,0/0
/spttest/kgr3ryjpka76,2561e496026935a2,1024,0/0
/spttest/o909px4y1k9l,2c4bbe1098015ed9,1024,0/0
/spttest/tyh5rgcc2bkc,36b8a3ccfedfa30c,1024,0/0
/spttest/h6frdpz2riz4,1f61106fdcf416d0,1024,0/0
/spttest/riq2xpcdinu4,3244cd4552f2f62c,1024,0/0
/spttest/6h2e15bgmpz2,bd35d8eb04ed8fe,1024,0/0
/spttest/i8l1voij22t,ece79521f07345,1024,0/0
/spttest/no22y4voucsp,2b3b9f08f4c15049,1024,0/0
/spttest/weol2fcam76l,3b32603d4ed337dd,1024,0/0
/spttest/ftg4hicmmigl,1ce4b87b7d88ecf5,1024,0/0
/spttest/eel410wq5xys,1a50110e34295534,1024,0/0
/spttest/mkkndphs6odm,293abfd1d97010ea,1024,0/0
/spttest/shfkn6hiz6bj,3407a2a3c6dd60bf,1024,0/0
/spttest/5ybjxf2d2wi2,adfe01f631bb60a,1024,0/0
/spttest/l6qcwrlac0al,26b35853cdfafa7d,1024,0/0
/spttest/wfkxuzwjtbo0,3b3e0cd9569c0350,1024,0/0
/spttest/ftnor8pmqgj4,1ce77311c4adf030,1024,0/0
/spttest/koirwfm9hxtq,25c6cd392d1a767e,1024,0/0
/spttest/nlndudcn5avf,2b1c56f404e93d4b,1024,0/0
/spttest/9j2ukoxfh9w0,11685a3e44185f50,1024,0/0
/spttest/haxgiss02t9g,1f9b683b040630a4,1024,0/0
/spttest/5xl9abbuyk48,ad6633e6a2fb458,1024,0/0
/spttest/9tbnnko5x49r,11ed6c5e9e6f18df,1024,0/0
/spttest/v5cjuicycfj,1949900fabe276f,1024,0/0
/spttest/x7ur4i9992qe,3cad4a6fe8080316,1024,0/0
/spttest/vbmrbc0r34qv,39372285259ab5c7,1024,0/0
/spttest/lc1zaqv12j1x,26f87c1af4f269f5,1024,0/0
/spttest/8e7fyw29jftf,f5573156b3b47d3,1024,0/0
/spttest/vnrj40oeunvs,39d4ba64fa440268,1024,0/0
/spttest/6fxcxj53zotg,bc48fa2cc5fef64,1024,0/0
/spttest/7zvail8dgdmw,e9b37146f50c608,1024,0/0
/spttest/ixecfbyo3bnv,2292e0dee9c2adcb,1024,0/0
/spttest/491r207f5pt,3738d5cf7211b1,1024,0/0
/spttest/trxd7weybnqi,3663900737bb66ea,1024,0/0
/spttest/il8eexv29xf8,21f4dcaf273abf74,1024,0/0
/spttest/3g75y5d80qan,64d41accde8b11f,1024,0/0
/spttest/922yj6uxotja,108b9308efc1c486,1024,0/0
/spttest/6hl5rx76ohwt,bda235ec4c082ad,1024,0/0
/spttest/owcwh6xtnk8p,2d7b0dc78ef3c739,1024,0/0
/spttest/qc02mu1j5gng,3019de239ec4da8c,1024,0/0
/spttest/5zahsoq24q4l,aec7b8ad34cc745,1024,0/0
/spttest/fwuq727m7bzr,1d10f51c4d976a77,1024,0/0
/spttest/gn6k8rm6th1g,1e66f2ee6a6d8984,1024,0/0
/spttest/yks2ry899ua1,3f28ccce82c5aa89,1024,0/0
/spttest/lg8btvcwsxcw,272ebb7e810397e0,1024,0/0
/spttest/69ol8711fifp,b73761151afc015,1024,0/0
/spttest/bnnu1zcfywwp,154b1c277de06a19,1024,0/0
/spttest/ru2at5hkt1si,32d817b732b4b652,1024,0/0
/spttest/u9zm0emhspen,374e2df19a17189f,1024,0/0
/spttest/tv7gmiltrc7u,368e2c384b6ec79a,1024,0/0
/spttest/v5lqdl3hnka7,38e8d434ca27f36f,1024,0/0
/spttest/et08xres43jc,1b0b60c5076a6ee8,1024,0/0
/spttest/rjj1oplc8v8k,324f40be3b44e024,1024,0/0
/spttest/b3wo7x7fg27u,144a835ccf032a3a,1024,0/0
/spttest/cy44w38aa5ue,17a67fa8cf95d616,1024,0/0
/spttest/gsgvoc6ae1t9,1eab9e3b1553e2ad,1024,0/0
/spttest/v8vj436lm0uh,391355057beeeac9,1024,0/0
/spttest/wge1nvo3gizk,3b488d48ab2bb720,1024,0/0
/spttest/whmg58rjtb3n,3b5892a522d2dc73,1024,0/0
/spttest/1yup4efoqm45,398537a06668675,1024,0/0
/spttest/1d60lzh9286q,27ea55b2e6f92f2,1024,0/0
/spttest/3olubkts1meh,6ba776b939f57a9,1024,0/0
/spttest/ri9ozl5wku04,323ee3979a9338e4,1024,0/0
/spttest/p7n32gsv8evo,2e0d9c326966ec54,1024,0/0
/spttest/fu1nzkbj5wg0,1cec7e408e7b3280,1024,0/0
/spttest/16650gzkcidc,223c3dacbdbe800,1024,0/0
/spttest/v12d5fuh2oif,38ade23f35c30197,1024,0/0
/spttest/bs7kfpneziy1,15862fdde6a324a9,1024,0/0
/spttest/5nlgwx6sxj7e,a54923f8da2637a,1024,0/0
/spttest/9encfjzezuzw,112ecd247440b1ac,1024,0/0
/spttest/43uf477yugqn,78066929fa0fe3f,1024,0/0
/spttest/7fp94s29gz0e,d95402f8a03c63e,1024,0/0
/spttest/j7l7qjyb5cf0,23173ffc9453311c,1024,0/0
/spttest/ilc8uqkdrlum,21f63fe36b70c45e,1024,0/0
/spttest/kyd26rnuixak,2646a1f9c0c5430c,1024,0/0
/spttest/8yev7oqax7iu,105be9e8dfc0d656,1024,0/0
/spttest/t6yecx1kn2pe,355328edb1adb572,1024,0/0
/spttest/2aed9vr5osq9,42e4e444b394871,1024,0/0
/spttest/bfbzpj90f5gf,14deec30687bfd5f,1024,0/0
/spttest/f78ihbgmjno8,1bc435cbb4c60498,1024,0/0
/spttest/cvuny5r5o913,17891a5c691f84b7,1024,0/0
/spttest/q3aguka0nvzu,2fa8b6fb9a3c29ba,1024,0/0
/spttest/3oy8vfovtb88,6bef12ce5da6d18,1024,0/0
/spttest/z2qtwmy55sq2,4012284d32266daa,1024,0/0
/spttest/3qpgevp9y7q4,6d5bfb89457789c,1024,0/0
/spttest/stkt7tgaexxz,34a5658f146abd57,1024,0/0
/spttest/1fcvj57h98or,29b196a7aedd13b,1024,0/0
/spttest/57az1gb3sly6,980f498d2d08d1e,1024,0/0
/spttest/9bktnlbjliqc,1106ec75695c6114,1024,0/0
/spttest/onwvjzi3aw6e,2d0d5b7794a11c66,1024,0/0
/spttest/ovi5r4t32hjj,2d6ff62a20fd3c4f,1024,0/0
/spttest/a0kqijtgpjfu,124b9fd1f8e982aa,1024,0/0
/spttest/jce1i7hir80r,23559bb3f9b8875b,1024,0/0
/spttest/s0up21xf32v3,3330461f467e543f,1024,0/0
/spttest/vw3xc1kleyx8,3a411d5c30f0bd4c,1024,0/0
/spttest/plvsroebc2no,2ec69aadb3f9bb74,1024,0/0
/spttest/qkdm98zv130r,3086ab53df32708b,1024,0/0
/spttest/mcm0tjcgla5a,28d3549e149c569e,1024,0/0
/spttest/owbjk0jg8fpy,2d7a9041d9d63d96,1024,0/0
/spttest/s735vsykwpc9,338143c80c922449,1024,0/0
/spttest/5i52zps30kak,a0db659d3d889bc,1024,0/0
/spttest/q22muaad9kfa,2f98e627b35e84a6,1024,0/0
/spttest/g4c9wjbe4d8o,1d7236bbbd3e2608,1024,0/0
/spttest/1gykw0s3s817,2afeb77d82eeaab,1024,0/0
/spttest/p0t7zfh4g3p7,2db4e638c4668ebb,1024,0/0
/spttest/lgi0lf1m4sst,27323a59b90714cd,1024,0/0
/spttest/9szxwf03ll8m,11e9323d1fa331c6,1024,0/0
/spttest/m889xk23zcrb,289a69d05197d657,1024,0/0
/spttest/rv6mamc5tvj1,32e6a3e9f70cf9dd,1024,0/0
/spttest/bkn3485a9u8y,1523df44927cff62,1024,0/0
/spttest/6i5jl5r457x9,be17e2c8ed7175d,1024,0/0
/spttest/z9kexo8d4hae,406ac479eb633d86,1024,0/0
/spttest/wmcg8yxavlsi,3b95e9830b780e12,1024,0/0
/spttest/2ikwbihx1bj0,4989365721f759c,1024,0/0
/spttest/bat48kd7x9cz,14a427c8fafca8a3,1024,0/0
/spttest/l5wmbkq36ep5,26a89d6d79261ae9,1024,0/0
/spttest/mpigobmvnu6c,297ae829b7293f84,1024,0/0
/spttest/vukmrenk8vdh,3a2d29fa66d540d5,1024,0/0
/spttest/ftolt0f9bc62,1ce7c7ddce70975a,1024,0/0
/spttest/tl9fi4qqcm5k,360cfd82c197bd28,1024,0/0
/spttest/662le3qih169,b448e9e036fca31,1024,0/0
/spttest/wkd0mu22k1ss,3b7c234d6308301c,1024,0/0
/spttest/cu5rx2xn6jkb,177322159fd4a38b,1024,0/0
/spttest/vaovo12fpsf,196867a151c564f,1024,0/0
/spttest/9pkimb0i03tb,11bca9bcd04e954f,1024,0/0
/spttest/88asbpifnrt9,f08b859daaa338d,1024,0/0
/spttest/xzc6kousyadh,3e124a44e6f1bd05,1024,0/0
/spttest/nt9o1tsc7e7h,2b7f4e0a7a91cfad,1024,0/0
/spttest/5d6lru0r288b,9cd509fa4c7312b,1024,0/0
/spttest/1e2z66blsdpe,28a89d0cace5562,1024,0/0
/spttest/jhdu3mf9j3kx,23967afc974bfde1,1024,0/0
/spttest/2wbr21odzwlq,54b202c3248acce,1024,0/0
/spttest/gn8zok84t2rf,1e67d347c086973b,1024,0/0
/spttest/42kapgg2k32z,76fc251d40b0e9b,1024,0/0
/spttest/dy5t0rd32jha,197ab72e7fc0b61e,1024,0/0
/spttest/6vim0r3l3a1b,c8f118aa6a1268f,1024,0/0
/spttest/1279uao9tunz,1f03795b4a2697f,1024,0/0
/spttest/6mnn0qkunmgp,c1bfaa312811f79,1024,0/0
/spttest/h6nu9iem209l,1f63fac7ba639bd9,1024,0/0
/spttest/kxku61k64b0z,263c73163c2436d3,1024,0/0
/spttest/ulckiaacksbt,37e1bcb29af7e069,1024,0/0
/spttest/hap29o3lvfqe,1f9860b680a04266,1024,0/0
/spttest/v3yah6u8ro3g,38d361af287e92bc,1024,0/0
/spttest/yf5xx8rvsjr3,3edfddf852a1ddff,1024,0/0
/spttest/1zj1pri9ad40,3a11ca0610581e0,1024,0/0
/spttest/hkwllbydvpdz,201cfd7063b37747,1024,0/0
/spttest/7123w97vuoaj,cd70caf7cc5617b,1024,0/0
/spttest/ifzrqvtriseh,21b0cd4af4325f49,1024,0/0
/spttest/a4op6tzfubb2,128102eb4f0dbfbe,1024,0/0
/spttest/ifw22w5ahcjh,21af7655642257bd,1024,0/0
/spttest/hr6w8b1eodgf,206ea3f505227c1f,1024,0/0
/spttest/otij8hp68ns4,2d561e3e52870464,1024,0/0
/spttest/5urxnp88unuz,ab1d43748a54c4b,1024,0/0
/spttest/3b3hb5uxtdx5,60afb11ccf6f4b9,1024,0/0
/spttest/u5pvovozadlx,3716b6121f33b665,1024,0/0
/spttest/eyfdkfujlvtu,1b51c874d8adaf62,1024,0/0
/spttest/6los9k496s9k,c0f6734c25f8d98,1024,0/0
/spttest/gjztt1t49gqv,1e3d8d1f00572507,1024,0/0
/spttest/ld1aavqusa2o,2705393a22591800,1024,0/0
/spttest/46nkbaf3gnei,7a4e519721bb97a,1024,0/0
/spttest/4f3tjm00b5qw,812acbaf3ab11d8,1024,0/0
/spttest/avndvl8263i1,13df3f752a9bc939,1024,0/0
/spttest/gkhb0i6csha0,1e43db87e6c5ca78,1024,0/0
/spttest/murm2nryesb7,29bf279c8e6a24d3,1024,0/0
/spttest/ighdvh1d0ov8,21b72853c6b31ee4,1024,0/0
/spttest/sx33h457ka8g,34d2f64725c48bd0,1024,0/0
/spttest/2dhab9moktir,456538b07425273,1024,0/0
/spttest/ngqxqbocyp14,2adcaccd335ccf38,1024,0/0
/spttest/v61zv7jaf6dt,38eeb27239cf7411,1024,0/0
/spttest/u3tur4yne8eg,36fe2aa01ab06108,1024,0/0
/spttest/ldoze9qw0agu,270dc615331b0cfe,1024,0/0
/spttest/yo01a9gat6zu,3f52a3b2446662aa,1024,0/0
/spttest/l034xcqrze7v,265d07d53fccd5bb,1024,0/0
/spttest/ffmkk7xmc5z6,1c313257e69e1342,1024,0/0
/spttest/vfby7gi1zcwe,3967312e3df5150e,1024,0/0
/spttest/68uhlljvjk25,b6899b66813274d,1024,0/0
/spttest/zjo9ykbhq0mo,40ee0dc0497602b0,1024,0/0
/spttest/li40grd89b6z,2747276067a8aceb,1024,0/0
/spttest/vsmt8cs75z74,3a13f8cdc47d5870,1024,0/0
/spttest/mmsfddemdtkh,295788ba9a4eb4f1,1024,0/0
/spttest/al0io2b6v87m,13551ab6a00b2d52,1024,0/0
/spttest/d5aur36g4nnd,1803d905198128b9,1024,0/0
/spttest/y1zybn1czmk5,3e34d872f8bcbcf5,1024,0/0
/spttest/dqvb82xbfpss,191c010a2e8b5f5c,1024,0/0
/spttest/g6omunvk7smg,1d90a6e32d4beca8,1024,0/0
/spttest/6bu1hobv7f77,b8f68268c1993b3,1024,0/0
/spttest/i9baud4pje39,215a098b58de6715,1024,0/0
/spttest/u0tuaxt0agex,36d731b3610d9599,1024,0/0
/spttest/9bhpchg6to0,790cc93cf9cfb0,1024,0/0
/spttest/2woa6a8xmz3z,54fa5a4bd495c3f,1024,0/0
/spttest/ruuhsc4fzn18,32e243edc3711e5c,1024,0/0
/spttest/n83du8zgpmvu,2a6c433e01cdbc1a,1024,0/0
/spttest/agxxcdhaqsgd,1320363c3ffc108d,1024,0/0
/spttest/61kh5vv6vxmx,b0a101cf1958e09,1024,0/0
/spttest/6yn5l5v1c84u,cb7acfd44f3c12e,1024,0/0
/spttest/9son7xzc6l6a,11e51ec9394878b2,1024,0/0
/spttest/1sflvqko2k3v,344f2190e401a4b,1024,0/0
/spttest/l93i7c9jxd6t,26d21135e644f805,1024,0/0
/spttest/h6jx8801bu1y,1f6290e9a6b98de6,1024,0/0
/spttest/x2ib5y931t2c,3c67dac8f3285064,1024,0/0
/spttest/mhrb6g69shtn,29162f5209e84a3b,1024,0/0
/spttest/1piy5l32qui2,31f2eec7613daea,1024,0/0
/spttest/2fswhu8o753c,4747f05dce76d88,1024,0/0
/spttest/setxyht5rpjk,33e5da2fc2a20310,1024,0/0
/spttest/3kcuapt36ddc,6834304887b1030,1024,0/0
/spttest/g0ifhzxcu5dr,1d407a463f7096bf,1024,0/0
/spttest/5e55mcz97p8w,9d9c811c737d090,1024,0/0
/spttest/uezo7vlnb6k8,378f25e4389f90f8,1024,0/0
/spttest/c2ihuinuldgb,160c05d7b868715b,1024,0/0
/spttest/d0hswplg0rgt,17c56895487a9f0d,1024,0/0
/spttest/3y5pmo5261do,7368a0ea92cc27c,1024,0/0
/spttest/7nttxwteom05,dfed11ac0262765,1024,0/0
/spttest/wlj5kvuc5z8a,3b8b57755917f59a,1024,0/0
/spttest/4jdj7sn3czmr,84a22f08e0b5e63,1024,0/0
/spttest/icyl9pftzpds,218968890ee61440,1024,0/0
/spttest/9swm4x3u7h5x,11e7fef35d062ca5,1024,0/0
/spttest/md2odtyx8q5q,28d956f8097bcf6e,1024,0/0
/spttest/weuds8s9843m,3b3477c34382dfc2,1024,0/0
/spttest/5uqcwflnoj6f,ab14296afdc5217,1024,0/0
/spttest/vtv2kblaqc7t,3a23f0f38fc32e59,1024,0/0
/spttest/81qmzr3kb6q4,eb383c3c4afe6cc,1024,0/0
/spttest/551cvwxmsxr3,96381ed66c353df,1024,0/0
/spttest/iigkduyzx024,21d0d72d7ac3698c,1024,0/0
/spttest/se875980bn7m,33de01a8c0b33a42,1024,0/0
/spttest/u9nb17o4zgb7,3749bd5bd52dd153,1024,0/0
/spttest/hcjmm6goy9dn,1fb0653965ff9bfb,1024,0/0
/spttest/ttjsr3hmq1wf,3678a53dbf11361f,1024,0/0
/spttest/mdzudignejuz,28e54e7e2994730b,1024,0/0
/spttest/w5501szuj3do,3ab66801affae1dc,1024,0/0
/spttest/qzznvau3hn5u,3151766ad54c0a82,1024,0/0
/spttest/qtxaspaca8qs,3102ac999cbacec4,1024,0/0
/spttest/ehultqyduta3,1a7a75ce2c9ec4bb,1024,0/0
/spttest/ntjx11nnma49,2b8300c27d7c5fb9,1024,0/0
/spttest/d9r6ncyop249,183db276611136f9,1024,0/0
/spttest/x8j92kjz0nm7,3cb62152325a668f,1024,0/0
/spttest/vpak62a5to03,39e8955bfa1f4bc3,1024,0/0
/spttest/xgbsz8h7papw,3d1b5b81c74d8d84,1024,0/0
/spttest/ksn7imr7rmzb,25fc5bcac7e54017,1024,0/0
/spttest/8848pmgfwhg0,f065bd14e796f50,1024,0/0
/spttest/urqgjj4lctu4,3834af381622d70c,1024,0/0
/spttest/rjwerevjwfub,32541313fa998733,1024,0/0
/spttest/19tgjfwulinv,25325ab8c095fbb,1024,0/0
/spttest/lt6abdgh6o8v,27d6db360715413f,1024,0/0
/spttest/h1u6hfwqyo0u,1f25520f8609b81e,1024,0/0
/spttest/lipybijomtv9,274f11f8f77364b5,1024,0/0
/spttest/o9egrk4gfluo,2c50dd4c2805bc60,1024,0/0
/spttest/98d1ap81wpxj,10dd255998321c47,1024,0/0
/spttest/wa48g6zt0c4l,3af713794aa24665,1024,0/0
/spttest/i15161xwv8i1,20efdc74cfb310c9,1024,0/0
/spttest/qmmdiu3yr7j1,30a3cebf17940cdd,1024,0/0
/spttest/2rh00qawxzl0,50c12ba7d525a64,1024,0/0
/spttest/llvd6ylbyg9d,2777fdbf00b085d1,1024,0/0
/spttest/nhubv999vsw6,2aeae36f81e16106,1024,0/0
/spttest/4i5djaatznhv,83a3429472166b3,1024,0/0
/spttest/40b0oe1umpmj,7526ec215808d3b,1024,0/0
/spttest/yqt42wbnijqh,3f771c0fb1d63769,1024,0/0
/spttest/suv4e061xpzu,34b61b29a138fada,1024,0/0
/spttest/jw0o7onq810c,245491f1fe5a0d1c,1024,0/0
/spttest/ei3l919ydcoz,1a7db3a4add0f783,1024,0/0
/spttest/p8uate7839wx,2e1d33e9392bf8f1,1024,0/0
/spttest/tyd33a628kjy,36b72b7935e1940e,1024,0/0
/spttest/be9wdk2sdpyo,14d12da5184728b0,1024,0/0
/spttest/4b721s1c4ivw,7dfe2a113c3689c,1024,0/0
/spttest/r0n8qsn9s0m,15ef191671efd16,1024,0/0
/spttest/xun70e6uw0ss,3dd55127c84d620c,1024,0/0
/spttest/gvzqb8gk1fdf,1ed9633c1aa71813,1024,0/0
/spttest/cjv9a7sops2w,16ed720560205268,1024,0/0
/spttest/n7b7rb75iqhh,2a621953c8f16795,1024,0/0
/spttest/2d8nq19gyz73,45336a2f8bb4aaf,1024,0/0
/spttest/aez8xhn2s3o8,1306b5d196d64f98,1024,0/0
/spttest/rk1zu2as9xkp,325616fd596fb639,1024,0/0
/spttest/wwnlkf8vboa,1ab708c9f7270da,1024,0/0
/spttest/pu4s6tadgs96,2f31c28f3d09d80a,1024,0/0
/spttest/vzx4o0jaspfv,3a729e9f7ffce5cb,1024,0/0
/spttest/as4gaydg0fmq,13b172eae5635322,1024,0/0
/spttest/nanm3le4cthg,2a8d8a50145dac44,1024,0/0
/spttest/rh0eca06x6fs,322e8bb3bcf104d8,1024,0/0
/spttest/ph5z6ehz97x7,2e895485805bd75b,1024,0/0
/spttest/ggb4ycqbxe0e,1e0dacbf17ef982e,1024,0/0
/spttest/naphd7nrbkwd,2a8e36e7e958a58d,1024,0/0
/spttest/l7h5eljxrto8,26bd0303bb088bf8,1024,0/0
/spttest/omicmpwq0mbh,2cfb207ff9a55afd,1024,0/0
/spttest/z4n2957swy2,1c84ca1d8d840ca,1024,0/0
/spttest/cnbhszs5mjqv,171a458c32355277,1024,0/0
/spttest/fa6o4imqvt2c,1bea834fd23336e4,1024,0/0
/spttest/ajsusjhc6ntj,1345599e84385e17,1024,0/0
/spttest/iw3qzuc7jv2k,228210f2374ddb0c,1024,0/0
/spttest/t506fa01lpo1,3539d2cb1ebb7631,1024,0/0
/spttest/9i0ehxjuwx8x,115a7b002ee3ca51,1024,0/0
/spttest/8glp312lc6mj,f749223bbfef98b,1024,0/0
/spttest/ke459pvbz14x,253fa16f371a8781,1024,0/0
/spttest/b3d9ryg3x6az,1443834e9aeca12b,1024,0/0
/spttest/xbf42qlm92iw,3cdb9acd251ddf08,1024,0/0
/spttest/mvgqc4n82efp,29c837c16e64b995,1024,0/0
/spttest/j3mcrd0bzm1q,22e3b436e36bd55e,1024,0/0
/spttest/2ltxm03r9kss,4c2cdcb43e9388c,1024,0/0
/spttest/v670cew4m63e,38f081837ac4ac5a,1024,0/0
/spttest/qfdjfo1sz8q9,3045b1cdd68796f1,1024,0/0
/spttest/mq6cwx7v4bjf,29838759bcc51e6b,1024,0/0
/spttest/ro9ak0zu20qu,328cae1a4391ba46,1024,0/0
/spttest/e131l8yvuqs0,19a0afd56b2aea10,1024,0/0
/spttest/c2d8cnwd3odo,160a1fa30935bb2c,1024,0/0
/spttest/ko8oyl8l6f4c,25c329ff4adcb70c,1024,0/0
/spttest/m0dnir4p3rre,283470778ee0284a,1024,0/0
/spttest/344v7vtn2l67,5b08e53f57992af,1024,0/0
/spttest/a3wm8aahxrf1,1276e103bc04c20d,1024,0/0
/spttest/o6rjqrpbu5yn,2c2e9df49e0198af,1024,0/0
/spttest/wdu07iqwwmqa,3b2757ac808ae312,1024,0/0
/spttest/4upf3rib4qdg,8dd4ea1d3f14184,1024,0/0
/spttest/er8k60xyy62w,1af46603ca085948,1024,0/0
/spttest/s0jg91e6fpv7,332c377a2f653eb3,1024,0/0
/spttest/2n9f4ueicec9,4d561891c2afd99,1024,0/0
/spttest/rwayqy4bzyic,32f53298c25ab474,1024,0/0
/spttest/9wk6rv9amwv2,1217782445aa0dde,1024,0/0
/spttest/a65xmmgarbut,129438167637dec5,1024,0/0
/spttest/qm457tqgdv7d,309d3ace9cc62739,1024,0/0
/spttest/mcuy4gn5ip83,28d68d0351f63133,1024,0/0
/spttest/iuoeqlp4yhi7,226f8ab7c325e51f,1024,0/0
/spttest/xniqgw8vl5st,3d78c8716d96af9d,1024,0/0
/spttest/c0qv2qolm9w8,15f5103765549098,1024,0/0
/spttest/xqm6is9qy6he,3da0fe815626b352,1024,0/0
/spttest/1agkwd4721hk,25b7d52e5cf3b08,1024,0/0
/spttest/1wbvzgb9oeez,3778f930e9bd3fb,1024,0/0
/spttest/xw5wm7s8c6ri,3de90ebd8b26953e,1024,0/0
/spttest/3aguoscxtaop,602d0ed1d9c0c59,1024,0/0
/spttest/t3r9wh1umo48,35299f253ca8b598,1024,0/0
/spttest/m5urrvhynwji,287b8fec8d33fa7e,1024,0/0
/spttest/h9rxyhznrzzu,1f8c6d806db761fa,1024,0/0
/spttest/7q4m8ddo9oar,e1cafe34a741f43,1024,0/0
/spttest/fm74z6cepmks,1c868da155b5dc8c,1024,0/0
/spttest/17jc7tjkgq4y,2358461ffa73852,1024,0/0
/spttest/byoqdxga5rdz,15da50ef5672f3e7,1024,0/0
/spttest/tvg8ltcxh8le,369156f533f1c6c2,1024,0/0
/spttest/ng2zj3h1dzkx,2ad40894860f6a61,1024,0/0
/spttest/stg6t0ct79ho,34a3ba9550ef58cc,1024,0/0
/spttest/3lmpvedzm2oj,693d09a1f48ae13,1024,0/0
/spttest/3vb3w4t4dvya,71184b945b83b02,1024,0/0
/spttest/ef3bg8nj2ouc,1a56a2ba8f511944,1024,0/0
/spttest/olani12l48rm,2ceb5c2fc5411262,1024,0/0
/spttest/rxh6dm3sz1zz,33046da38c251cdf,1024,0/0
/spttest/nb545sdqx1wb,2a93dae9d6f135db,1024,0/0
/spttest/hy8gxxs83vmh,20ca2243d5910ad9,1024,0/0
/spttest/vvisvg1sdorc,3a397e2e51a0be98,1024,0/0
/spttest/ur4cj6h0gbmb,382cb4d45e15a2d3,1024,0/0
/spttest/8nzn3k3suinl,fd486ff8a6e41f1,1024,0/0
/spttest/fe26ula0rov,c7e9a048b3aa2f,1024,0/0
/spttest/78md08w1zzvm,d39483955254162,1024,0/0
/spttest/fh9delch1px7,1c4669b546296a7b,1024,0/0
/spttest/t90aqpqf0ett,356dd2e60cca7211,1024,0/0
/spttest/ox8pij2fih3t,2d8687b2b51a8e19,1024,0/0
/spttest/r8uos87nmhhk,31c4923bc36f7508,1024,0/0
/spttest/trkfrxh5a9ol,365ee5ccd66d2885,1024,0/0
/spttest/6w4r5q2tzjks,c970ed381dfb2dc,1024,0/0
/spttest/fc3h6lpszi9s,1c0356e8a01fb740,1024,0/0
/spttest/afr1rma2sgeo,1310bdc024ab0c10,1024,0/0
/spttest/kagze3tq24t1,25104e1cd84822d5,1024,0/0
/spttest/g4ehbqtm0ogi,1d730283a73645d2,1024,0/0
/spttest/25vd884xswew,3f37e200e306418,1024,0/0
/spttest/33l9krih8g08,5a97bcd5649ec08,1024,0/0
/spttest/q2gpufjvhe0d,2f9dfb04ac177c2d,1024,0/0
/spttest/p4rsn2pzags3,2de857835d805a73,1024,0/0
/spttest/q9wpgfkwech6,2ffeacb5a15216aa,1024,0/0
/spttest/2yaii8s73pyr,564a86155d2fd33,1024,0/0
/spttest/3552srjb3jxe,5bd9f088d524ea2,1024,0/0
/spttest/z9z6m5480gz4,407018a6dacebdf0,1024,0/0
/spttest/hxs6s3z7yuqd,20c4424cc542d315,1024,0/0
/spttest/13tmg4m46vgq,2054549caafc0ca,1024,0/0
/spttest/p4cqw5mjnk8k,2de2e981508f2134,1024,0/0
/spttest/htnqa0pbkrm4,208eb17543d737cc,1024,0/0
/spttest/8niyhcxrnb6e,fce81f20104b756,1024,0/0
/spttest/gho38te6jmta,1e1f56678be6883e,1024,0/0
/spttest/1vkkmxdtpkgp,36db483f9a254d9,1024,0/0
/spttest/doholfy8hgrg,18fd1badae0c6f1c,1024,0/0
/spttest/yc4uslym4i14,3eb881cdd12a2248,1024,0/0
/spttest/asftp9q4qoiq,13b58d57fd52faa2,1024,0/0
/spttest/2g3ruck6xo2w,4786b22dc8dce28,1024,0/0
/spttest/t8guxltjnwi1,3566cf57336d1b49,1024,0/0
/spttest/hpma225nr6x7,205a36716c12a6cb,1024,0/0
/spttest/lnat8i2xt9if,278a8db05a6dfe67,1024,0/0
/spttest/4ydhxktl2vgf,90cf67f237954bf,1024,0/0
/spttest/st684u96b6ka,34a0224f4f9e5ffa,1024,0/0
/spttest/mnsyje8nifa2,2964b72a32a354da,1024,0/0
/spttest/byvq9sghun23,15dcd737b6ffc13b,1024,0/0
/spttest/b69fyjf0dbbq,14691977d6fec696,1024,0/0
/spttest/x9h5vw3nob7b,3cc25daafd7371b7,1024,0/0
/spttest/8whakk4kcdhb,1042cf8970ac333f,1024,0/0
/spttest/7owp75jh28b6,e0cd74bb6178392,1024,0/0
/spttest/4ky0xcntuogy,85e85004284d062,1024,0/0
/spttest/orgw73nj2uv5,2d3b8c3fe72ea7c1,1024,0/0
/spttest/r3yikaaf53a4,3185017645ac16dc,1024,0/0
/spttest/y6z3jx1xvawu,3e757bc88fad7dfe,1024,0/0
/spttest/b697ozddynby,14690442be605b9e,1024,0/0
/spttest/ouh2wwcb27bf,2d629540cbcb2c8b,1024,0/0
/spttest/ggi3p7ncknhj,1e10301b5b5fabe7,1024,0/0
/spttest/3nya7p09jk1o,6b1f75baf32e53c,1024,0/0
/spttest/qx4ymg1c6bde,312c6814b09f2f12,1024,0/0
/spttest/huijsokcak6k,2099d03e440360ac,1024,0/0
/spttest/2vt1bnej2ca4,5445f84b1d9c5ac,1024,0/0
/spttest/orevfmlaw4qp,2d3ad18e15bebe01,1024,0/0
/spttest/bnjxlqlpta45,1549b3c96a24e575,1024,0/0
/spttest/91d1dd4bws06,108238be22fde0c6,1024,0/0
/spttest/qb7b6rp0rsnt,300f7d683c80fdd9,1024,0/0
/spttest/4fykhbucxacs,81dc4e41e2e66ac,1024,0/0
/spttest/t4c0krbzdarq,35311af39ae336c6,1024,0/0
/spttest/azl3joebpfgx,1412613dc5703d91,1024,0/0
/spttest/od6lrwcnbwra,2c81fc3b49e56196,1024,0/0
/spttest/r0ycluts3oee,315dfa68b687ee46,1024,0/0
/spttest/6fw4dt4i8d8n,bc41d55f31fe707,1024,0/0
/spttest/4xuuu7do9iqe,9063c9d63732316,1024,0/0
/spttest/iw3cqfhkvb3b,2281ec5ab51831e7,1024,0/0
/spttest/rq5xnul71hqg,32a5726db4348b08,1024,0/0
/spttest/bpn04lq4r8w4,1564c9e18bdfe1c4,1024,0/0
/spttest/41dh5x4fj0um,7604f0da425da0e,1024,0/0
/spttest/h8xjg84tgmj6,1f81753b23712312,1024,0/0
/spttest/qbbxhe5jbaxl,30112815a7465319,1024,0/0
/spttest/1724yjnwy32h,22f4f804ddfd009,1024,0/0
/spttest/nn1v93d80gqe,2b2e8e0870e820b6,1024,0/0
/spttest/f4e3ek8ns1ci,1b9f418d42064cd2,1024,0/0
/spttest/ty65fqgnrazl,36b4aaea34f58761,1024,0/0
/spttest/szufr7dm8skm,34f6ce3e11f59ca6,1024,0/0
/spttest/q4c41nz38kka,2fb64c2086f4191a,1024,0/0
/spttest/3i7z4unlsiw7,6678712ecaf1fa7,1024,0/0
/spttest/do8inu4iw3du,18f9cd23e11c5b22,1024,0/0
/spttest/yrsx7aqilr21,3f8407abd19cd639,1024,0/0
/spttest/9r1c4l0z8o8e,11cfb898bccc7fae,1024,0/0
/spttest/ce3y7s89lcwn,16a2a565d6b27d97,1024,0/0
/spttest/rz1xbtyi6ufb,3318e768dd028987,1024,0/0
/spttest/jctypej9saxb,235b5a6910d21b4f,1024,0/0
/spttest/px8tz6f40pxo,2f5a3063dc20c34c,1024,0/0
/spttest/y26ht2hx8cps,3e3734a6940cf760,1024,0/0
/spttest/2lj48jshvoaf,4bee6beb8545db7,1024,0/0
/spttest/9fl0rw6ojmr7,113af3c0ad8ba9f3,1024,0/0
/spttest/sn1vfup8k2za,3450a0b9e3d1f816,1024,0/0
/spttest/e93mx0rqko2n,1a08d09ba6b09cdf,1024,0/0
/spttest/wtpn7djgfefr,3bf598f16b11c2d7,1024,0/0
/spttest/29nfil7vywi3,42496138dd5a40b,1024,0/0
/spttest/tvr09vc76nvy,369539a180e7056e,1024,0/0
/spttest/bub4h8cplbmu,15a172e8b2ba5726,1024,0/0
/spttest/mfe3w6rzgxpi,28f77153fa49bda6,1024,0/0
/spttest/n0nvloxxvhmy,2a0bbe20a353100a,1024,0/0
/spttest/ewac52kfpok1,1b35fc70cb70e791,1024,0/0
/spttest/pehafps0n1di,2e6671b07ab6a6b6,1024,0/0
/spttest/wz0m3zjxnb66,3c3a80785658754e,1024,0/0
/spttest/jucfxflx7k0c,243ed69804f9c60c,1024,0/0
/spttest/h438wjvfxipy,1f429218c63c5806,1024,0/0
/spttest/uppbguy1rh0k,381a4b516b5dd7e4,1024,0/0
/spttest/42uj43gkqao,34fc196619be20,1024,0/0
/spttest/8p2jm05asgwy,fe2906942de42a2,1024,0/0
/spttest/otwu5om9qtzj,2d5b476c1f729b4f,1024,0/0
/spttest/vf0i0rmi1a2w,39630f99bc810348,1024,0/0
/spttest/vcpo1jl4ghn4,39452c7c894a2550,1024,0/0
/spttest/q0e4qe9254kp,2f83119963280c69,1024,0/0
/spttest/6d9szwehoi23,ba21581892eda6b,1024,0/0
/spttest/d920cykv7h2c,18349d1ed617c124,1024,0/0
/spttest/rdd02il4q0eg,31ff22d87ab81c88,1024,0/0
/spttest/rqt04g6yd5i0,32adc53679ee9718,1024,0/0
/spttest/jxso48xvp4e1,246ba94493650579,1024,0/0
/spttest/msys0gcy06g6,29a7c2e9cbbc32a6,1024,0/0
/spttest/1fr1j6c524ww,2a035f7e0f77a60,1024,0/0
/spttest/vrryrsyr9725,3a08d79a7778cefd,1024,0/0
/spttest/2rfrwiuhzzh4,50ba188bb4aa758,1024,0/0
/spttest/x6edi7lawx9n,3c9a64581f861e6b,1024,0/0
/spttest/p0mo8acpyo58,2db28953f1b1b7bc,1024,0/0
/spttest/xnapq3zgpy2j,3d75e3968f11a4bb,1024,0/0
/spttest/uky153esqr03,37dc7dda2bb30f33,1024,0/0
/spttest/shxnewx8eaur,340e2860595ada73,1024,0/0
/spttest/ezsp2c0cqed9,1b6393ffcdf0973d,1024,0/0
/spttest/97gltfzra4n0,10d171d97c83ccfc,1024,0/0
/spttest/3og1ou0a4dae,6b8601daffe4646,1024,0/0
/spttest/1smw9bmh9xc4,347934d3742ca04,1024,0/0
/spttest/4kkw2p41litd,859c7c415289381,1024,0/0
/spttest/38ggs8ya0sz0,5e8b2bd0b6224ac,1024,0/0
/spttest/n37sbp5jzpo8,2a2ce7989d42e3b8,1024,0/0
/spttest/wbihpxtvp5ve,3b0935ac2c8f4cfa,1024,0/0
/spttest/1epkdagqx11x,292b04e35d3fd95,1024,0/0
/spttest/or9p0l6ny7pc,2d38f33f4afefa80,1024,0/0
/spttest/t1y1413795qb,351214a7fd1ae843,1024,0/0
/spttest/369emjaqn8d,293a1d37714e1d,1024,0/0
/spttest/4y45bkg13xog,90996d30635ae40,1024,0/0
/spttest/jzq8o0g88k0i,2484c366a2f35f52,1024,0/0
/spttest/e8pcz9lsb244,1a03a9f46e2f3f74,1024,0/0
/spttest/vkz2fcfm027f,39b07ac255abfd2b,1024,0/0
/spttest/azksuiie5858,141245ca3d60ae7c,1024,0/0
/spttest/zgu6mznlx8jo,40c937ab0acd4a84,1024,0/0
/spttest/sd4zsk6bl7h6,33cfdc6eb1481c1a,1024,0/0
/spttest/rq9e9t5vggu5,32a6b226a5d27c3d,1024,0/0
/spttest/nckyus8azedy,2aa69072e6d1dd96,1024,0/0
/spttest/x5wwyziuf7do,3c9417a952bee91c,1024,0/0
/spttest/tpwp0i9dv0vr,36495768b2eb2737,1024,0/0
/spttest/obq3kcfua5mb,2c6f0a5c4c8474f3,1024,0/0
/spttest/gaoepkvpl0av,1dc48706987909c7,1024,0/0
/spttest/9heg38q8qofk,11528efbe77fee30,1024,0/0
/spttest/ms4gfcrmeckv,299cd2237767d92f,1024,0/0
/spttest/931uun8nneia,10982a7a079b3032,1024,0/0
/spttest/dzqmptjaocvt,198f37ff3f92dd39,1024,0/0
/spttest/olgqhl5i261i,2ced8e0fd86ca116,1024,0/0
/spttest/6942zojemxqk,b6c0fe9725f8e4c,1024,0/0
/spttest/oilvnp371xjk,2cc87165b3180310,1024,0/0
/spttest/eapqpchp5s6i,1a1dc7aea7b0baea,1024,0/0
/spttest/fa1dkx28gvzz,1be89a6a76dd65ff,1024,0/0
/spttest/xl3dl4vmjxk3,3d59435a5b7c62a3,1024,0/0
/spttest/x49p9catukad,3c7eba2597e96735,1024,0/0
/spttest/o0347b8083wh,2bd7ddb42a9455c1,1024,0/0
/spttest/bu3bcwz5xl8w,159ea19dace07ad0,1024,0/0
/spttest/alejk4xgqhvx,135a2a279790510d,1024,0/0
/spttest/467si4uw58yk,79f3438c06bd49c,1024,0/0
/spttest/6jvbjs2bwmlo,bf7c86164a1ed6c,1024,0/0
/spttest/u7qeu6oumrvt,3730e1b6583c54a9,1024,0/0
/spttest/nm95012bu9oh,2b24305da3cccf81,1024,0/0
/spttest/oprdy4cvjn2g,2d255af67091ea88,1024,0/0
/spttest/t66tnrhyy2h8,354935e0a2b7f70c,1024,0/0
/spttest/1jyaa4780qpu,2d6c804ef74cb42,1024,0/0
/spttest/gklx7c3qdx1q,1e4585f01f11ae8e,1024,0/0
/spttest/mribjiebqkh5,2994d5812812ad29,1024,0/0
/spttest/v0yhurbrkn13,38ac7cd77372e897,1024,0/0
/spttest/lc49lllm4wap,26f94f45f0a75681,1024,0/0
/spttest/6cxj4g9pr0xt,b9da7c0f024ba81,1024,0/0
/spttest/1gpkafjl1joj,2acaa9d7e4deae3,1024,0/0
/spttest/fmkczpu6zzq7,1c8b52fb73d9ed9f,1024,0/0
/spttest/zp5s7ruxkeev,41355122a8d5eef7,1024,0/0
/spttest/uksyg5b9qmhm,37daa919f68ff95a,1024,0/0
/spttest/sm9kaqd184v9,344669d3a6c7dfa5,1024,0/0
/spttest/n3ocjj5qgpf8,2a32e15cadb462b4,1024,0/0
/spttest/jo2gretw8re2,23ed4d81f43a90aa,1024,0/0
/spttest/ob68i7x4fhxj,2c67dfac51caa087,1024,0/0
/spttest/s4wohcc27z5w,3364f268d3079fc4,1024,0/0
/spttest/dme50jw065nq,18e1d9d249641226,1024,0/0
/spttest/achl9i64biio,12e65c529646ee80,1024,0/0
/spttest/f8b72fdqp6su,1bd22adf4b080cae,1024,0/0
/spttest/2z9wccrgdom0,5716cc51a66d9d8,1024,0/0
/spttest/8do4rq80mivk,f4e7b5a5bf18910,1024,0/0
/spttest/k2ashamug9p5,24a6281dbe336b19,1024,0/0
/spttest/4gpvyz1ci3ws,827a05096e1c44c,1024,0/0
/spttest/ay08b7eejcox,13fddc7a0057bd01,1024,0/0
/spttest/zk0tvm6798l,1cdd97ad9393885,1024,0/0
/spttest/zju1ea5ubbe3,40f021fd1f15406b,1024,0/0
/spttest/jw2rsglzmstp,245553dc2263b26d,1024,0/0
/spttest/uo7joe1xe9g2,3806e47ef70a6c52,1024,0/0
/spttest/b43culn83q93,144cecc465e43ba7,1024,0/0
/spttest/xhyvmgbb3gb4,3d30ac0503c2ec50,1024,0/0
/spttest/i9ze62j60dsh,2162bae9ed51d7d1,1024,0/0
/spttest/tdglptiormto,35a7a9fa2f585c4c,1024,0/0
/spttest/sczmsvwfemen,33cded425a9347ef,1024,0/0
/spttest/zgjera0yvhb3,40c55473095f2b5f,1024,0/0
/spttest/f1r4txqmc63s,1b7cfe3af75f77e8,1024,0/0
/spttest/2hwhu1r1pf9h,48fc56487a69685,1024,0/0
/spttest/j2zhyou8bqln,22db7518987f9b6b,1024,0/0
/spttest/kesf93lyfvdd,254863e2d2ce9291,1024,0/0
/spttest/k70voq8ed665,24e386f1cdd1ee7d,1024,0/0
/spttest/i101ankjeox6,20ee0ef167b028aa,1024,0/0
/spttest/dxws1j0wjt8u,1977755b3f3aaace,1024,0/0
/spttest/ujuzb0609nix,37ce66c7c8fe7759,1024,0/0
/spttest/my8d6h67hsw3,29ec2ad262527b83,1024,0/0
/spttest/gfic64ppxjzm,1e0348950c686072,1024,0/0
/spttest/bw153kczke5g,15b7d354ee8037a4,1024,0/0
/spttest/fgu4ls8hfvug,1c40e99addb11ff8,1024,0/0
/spttest/ad1acskmx81g,12ed77b2bfaf0cf4,1024,0/0
/spttest/4bjafuymrtzk,7e44c93f7210e90,1024,0/0
/spttest/vg47qtswrz8v,397163f6c7804b2f,1024,0/0
/spttest/qnucp2fieymq,30b3acd3d34df4d2,1024,0/0
/spttest/i8n8xyctzt35,21515bd4ad8acb01,1024,0/0
/spttest/8ayfxhk19ciq,f2b3be638c268a2,1024,0/0
/spttest/m9slx0e9h8om,28aebd2f91632736,1024,0/0
/spttest/b5f31cuof0sw,145e2544375301d0,1024,0/0
/spttest/3gu84e3nkrkf,65593b899180b8f,1024,0/0
/spttest/q1jv86jcstbo,2f9220acd5499b74,1024,0/0
/spttest/de2ie9fb8q0g,1875bdae5408ccb0,1024,0/0
/spttest/693vdkmbgbl3,b6bfc602c0121a7,1024,0/0
/spttest/chv3qedek7hr,16d369442583e4ef,1024,0/0
/spttest/je31ly31fkt4,236b9e6eaadd0418,1024,0/0
/spttest/jkevkdsbsb0p,23bdd2e2aaffd1c9,1024,0/0
/spttest/srj93pyijxae,348adb11cb4d9946,1024,0/0
/spttest/4q5ytug6mplf,8a254d962db5113,1024,0/0
/spttest/7x0xg1i5ecdd,e7647fb773df321,1024,0/0
/spttest/k5ykwr60ho6w,24d5b54cbac71cb8,1024,0/0
/spttest/2wwgn11mp035,552992d74a716b1,1024,0/0
/spttest/xbkfslwuon5i,3cdd86b5c0f13936,1024,0/0
/spttest/xoqk71j13inm,3d88988c7ce51e32,1024,0/0
/spttest/aaonqthrtruz,12ceeec0a09c614b,1024,0/0
/spttest/h7du3c72mptz,1f6d5bea212f6a47,1024,0/0
/spttest/cye4m98iglb1,17aa1aa4199b51dd,1024,0/0
/spttest/5qh32fl00dic,a79f5046ba52864,1024,0/0
/spttest/aozkxf92f1a1,1388b92bb285ea39,1024,0/0
/spttest/kn016s7i12gy,25b30cccb9d4d0c2,1024,0/0
/spttest/puzff3h6tx8o,2f3cd135cf11e788,1024,0/0
/spttest/zg0t69sc988n,40be9e713d2e1df7,1024,0/0
/spttest/q9imos6vtoys,2ff99873aeb93aa4,1024,0/0
/spttest/3529qa64m4pc,5bc9bb655c03d50,1024,0/0
/spttest/crbrtafakdkr,174e5440e3d947bb,1024,0/0
/spttest/x78d5z2mymx4,3ca53684f6153688,1024,0/0
/spttest/4mb4maqnms8z,8703c852e927783,1024,0/0
/spttest/vczik89hhnse,3948ba1b1e8387ae,1024,0/0
/spttest/19q8icicz8sm,251fbf60a416b46,1024,0/0
/spttest/q0iol1gtfff0,2f84b60193b6c8cc,1024,0/0
/spttest/bskxm3z274e2,158b027713646ffa,1024,0/0
/spttest/lk6yz15emckt,2762332a5b97bb2d,1024,0/0
/spttest/bf0kkvq7tnzb,14dacd51ebc11da7,1024,0/0
/spttest/9usii4qbtx1n,12007eab6c229f8b,1024,0/0
/spttest/gylknkdyi5iu,1efb3f55705ba276,1024,0/0
/spttest/84rfv6i06lqx,edac59de6235b99,1024,0/0
/spttest/6v8vd6ghpn58,c8b8dd63fa2d26c,1024,0/0
/spttest/mlab3sczp6tz,294401e5c75621d7,1024,0/0
/spttest/78h7tklhuzhq,d376d13fdfeb42e,1024,0/0
/spttest/ovtonk2y5cab,2d741eb5d5a17773,1024,0/0
/spttest/e8pyrl53xwd2,1a03e1dacfad4916,1024,0/0
/spttest/t06ypoj3b2u0,34fb534d7d26b218,1024,0/0
/spttest/tmwkwx2so3vp,3622551eb1b11da5,1024,0/0
/spttest/t6j7ztfeydcu,354daf1392a9721e,1024,0/0
/spttest/dydmi0ogui47,197d8965ab99a737,1024,0/0
/spttest/lmw52u98cqzx,2785428d16cb3fad,1024,0/0
