/spttest/kz2xq6h7y07v,264ff81abef6609b,1024,0/0
/spttest/ru2jw18mxutt,32d82f0359632051,1024,0/0
/spttest/b6kn6dal2ijr,146d24098ed6b767,1024,0/0
/spttest/yq0vxj76c684,3f6cecd786b05c84,1024,0/0
/spttest/3juwudr429eb,67ccaec27bebc13,1024,0/0
/spttest/1zh3nx1emyfl,3a068e3d54199d1,1024,0/0
/spttest/f2aqrf8t6y30,1b84117ebb45ff0c,1024,0/0
/spttest/xmgxk1ft3jgr,3d6b24a26b566e4b,1024,0/0
/spttest/g63yxb3gtsp1,1d893221dac92285,1024,0/0
/spttest/wfxpnkumru92,3b42a894c638dfe6,1024,0/0
/spttest/q2u19konr0qc,2fa2c91bb7b69374,1024,0/0
/spttest/5c9alex60d5l,9c14bca5b054c99,1024,0/0
/spttest/54onx8q6p7pv,95eed755cb62153,1024,0/0
/spttest/y5ydvwkhznoj,3e683cabad92a3a3,1024,0/0
/spttest/ts5ijsxsiqhx,366680a6c47496a5,1024,0/0
/spttest/ljt8uiw0693f,275d3f58bf5f938b,1024,0/0
/spttest/r8kqntorv9eg,31c0fb5e66902c58,1024,0/0
/spttest/enm8tadtf4jg,1ac56103058035bc,1024,0/0
/spttest/2uc2j66adccd,531431a7434c1bd,1024,0/0
/spttest/4vhzsm8kr2f2,8e79e07acda58fe,1024,0/0
/spttest/tua71232d3x,1839da6bae8a9dd,1024,0/0
/spttest/hgrj7jypr81x,1fe73475163ed285,1024,0/0
/spttest/7p5m70pr7i79,e100ee72c8116e5,1024,0/0
/spttest/7hui5z7j4d5c,db11fb7c534fa90,1024,0/0
/spttest/os7ghvddf8h0,2d4521e83ee389a4,1024,0/0
/spttest/42ljbq6v5h5z,77034cd2a999d27,1024,0/0
/spttest/va38h2ka89hs,392319ecff2f5c10,1024,0/0
/spttest/gzjy6veeixx8,1f07a695ccbfb23c,1024,0/0
/spttest/19ukyrf6damr,2538d64b27a0913,1024,0/0
/spttest/c8rcnb3791xs,165d275aba0f3510,1024,0/0
/spttest/gi11lns9mre9,1e2402f9b9cb7d31,1024,0/0
/spttest/7v6qnfg3usfn,e5e663e8a58be73,1024,0/0
/spttest/8m3clis1w912,fbbe303ac9ce6b6,1024,0/0
/spttest/glzttyh4d2f,d7c3c4f8e9a427,1024,0/0
/spttest/nl1f0qired57,2b1469df11085d0b,1024,0/0
/spttest/ha9iy7xrcbnl,1f92c59f951fd501,1024,0/0
/spttest/p04pbdyncrlj,2dac0d7c7d49e5b7,1024,0/0
/spttest/clew50ydp8jc,170184eadfa82c78,1024,0/0
/spttest/3a8ifqnm9q4z,5ffce8bca9ede93,1024,0/0
/spttest/r8mgfeqnln97,31c199d8fdf227fb,1024,0/0
/spttest/1rni2w9vjn9z,33ace08bcf4bf97,1024,0/0
/spttest/m8yjbrub9el9,28a3e37e4a8e451d,1024,0/0
/spttest/i8fm84f7jhav,214e9af6fa712157,1024,0/0
/spttest/q9t9o7ruc6j9,2ffd6f1b5fd54615,1024,0/0
/spttest/b4bc4oouviw2,144fcdddb7912f62,1024,0/0
/spttest/py63vmicoj1o,2f6631f25a74aa6c,1024,0/0
/spttest/f7vfpusgb7jz,1bcc7b2d27ff1aff,1024,0/0
/spttest/26evx7scij5s,3fa891648c15d80,1024,0/0
/spttest/re8j0q7drglz,320a82e23295d5d7,1024,0/0
/spttest/uhmach1rot7n,37b14947f5ad58e3,1024,0/0
/spttest/80why0mbthl9,ea8a3c3cbce814d,1024,0/0
/spttest/sbm3et15tsdg,33bc0d7640874de4,1024,0/0
/spttest/kgdu5nslu70a,255d1b1e140d53fa,1024,0/0
/spttest/1ftmyt6ur80,12b2d33436df50,1024,0/0
/spttest/1iutub1lwkzj,2c88b7a7d023b3f,1024,0/0
/spttest/n2rym8qqss4m,2a2731d9b8c37f66,1024,0/0
/spttest/qw7mtppi2au8,312061a84ed0c960,1024,0/0
/spttest/2paw3doge7w6,4efe3ee660a1f76,1024,0/0
/spttest/zf5bthgy7d6k,40b3427f4623307c,1024,0/0
/spttest/4mklp5xd60x3,873a7a834352b27,1024,0/0
/spttest/4j8f11qukyzs,8484a5abc80c428,1024,0/0
/spttest/2spen3fg4ckx,51c18723333b4b1,1024,0/0
/spttest/2vgoqpugbepn,53fead171c4773b,1024,0/0
/spttest/bgkgixdm9431,14eef78a06f636ed,1024,0/0
/spttest/8v3pksl244gg,1030eba0d5dd6590,1024,0/0
/spttest/xlwl5dl8le7x,3d63cd6f66fbc73d,1024,0/0
/spttest/tday6042khw4,35a59fb5ecfbe994,1024,0/0
/spttest/zl8m5zvuomu7,410261b11c08b39f,1024,0/0
/spttest/kdwm6beodnse,253ce9dd4836f9ae,1024,0/0
/spttest/l3yi385ooadd,268f50cadedad681,1024,0/0
/spttest/knz211wwrjw1,25bfafd877178d71,1024,0/0
/spttest/4hqm6zj547de,834e0da639fff52,1024,0/0
/spttest/k83yvjjq5b9y,24f1a17d30be3e56,1024,0/0
/spttest/9753gzl3x3gq,10cd4aba1e3e16ca,1024,0/0
/spttest/7c7phaoil1ur,d67f3bb58698ea3,1024,0/0
/spttest/y15jppdrrqid,3e29dfeae215ddf5,1024,0/0
/spttest/6h3d6cgejvip,bd3b7baf6927451,1024,0/0
/spttest/snv970ool8gv,345b3ab2511e561f,1024,0/0
/spttest/1b6kxwbzhpr,110631d4a7bf6f,1024,0/0
/spttest/ypiofb0za69h,3f665af43773b135,1024,0/0
/spttest/ux9v1f89eeub,387ca1b20c893ba3,1024,0/0
/spttest/oiktoiy233k,13e7238947b2630,1024,0/0
/spttest/9w4ekbrjozmn,1211c63d1438b95f,1024,0/0
/spttest/q4cueea7uyhy,2fb68fbeab7c3926,1024,0/0
/spttest/k6zux0nsq14b,24e32899f155202b,1024,0/0
/spttest/e1w0ux6tjzy1,19ab24a2e551e1b9,1024,0/0
/spttest/fntykd5r5r1t,1c9bc6e7feb41731,1024,0/0
/spttest/vo8o8cxg8t1v,39dae9caf6ee3913,1024,0/0
/spttest/z98lxjjni577,40668202306dfdd3,1024,0/0
/spttest/16j4x0eloxus,22874652a972e64,1024,0/0
/spttest/4jfzdwit7qgc,84b0529fd2686ac,1024,0/0
/spttest/4t0uy1xia6r6,8c774d09d7546b2,1024,0/0
/spttest/k1lyar3xtvjo,249d31d6aaae21f4,1024,0/0
/spttest/4o9fiv50wg4e,8899a46b172bd9e,1024,0/0
/spttest/zjb8hlrcejzb,40e959307d7fc4a7,1024,0/0
/spttest/8lty6b6x8g3w,fb87eb1f164cc8c,1024,0/0
/spttest/2udpn4a8op9m,531dac4166a05ea,1024,0/0
/spttest/dms2ksod8eke,18e6e0b8e92748be,1024,0/0
/spttest/24l877ab0noc,3e2d848c02dfadc,1024,0/0
/spttest/2kda9774va1,2153f6e5946a59,1024,0/0
/spttest/kby2x29ppkq7,252376ad8f21122f,1024,0/0
/spttest/3fi9hlgoxg82,644458d6618b862,1024,0/0
/spttest/uiegj9hz2ds6,37bb737875a5e946,1024,0/0
/spttest/oovpdtd1potm,2d19ec8567294eea,1024,0/0
/spttest/twia38r7yzq7,369f10c24900dc5f,1024,0/0
/spttest/hlx7mf0rob6v,202a3338690bb9a7,1024,0/0
/spttest/k4szd13d067a,24c6b2ea1e388866,1024,0/0
/spttest/o4w29jbs9ajm,2c16446fceb9b5a2,1024,0/0
/spttest/x4iimmzrimem,3c81e872c00488ee,1024,0/0
/spttest/t76v262lj09a,355636ba05fae50e,1024,0/0
/spttest/x09obryze324,3c4ac2ba4b6441fc,1024,0/0
/spttest/h4gmxg36jmj6,1f4766de6264ead2,1024,0/0
/spttest/gis9pcyvlo6v,1e2dd5b53eb5b4b7,1024,0/0
/spttest/d626yigj0fwb,180db647f1f3237b,1024,0/0
/spttest/hmr18n94azjl,2034f5e433a78a71,1024,0/0
/spttest/byjkbq0eobqb,15d8738aae0c7f63,1024,0/0
/spttest/rdrefc4hm66e,320454d5f31289c6,1024,0/0
/spttest/o9ua6uor3or7,2c569251a1215b13,1024,0/0
/spttest/5olbp6f4izg,49d1d6375dd01c,1024,0/0
/spttest/r6fuddovcjre,31a53c886779de0a,1024,0/0
/spttest/j36sgrq2nzg,f7f267f74d8bec,1024,0/0
/spttest/j7r3agkvg29i,23195ec932993e76,1024,0/0
/spttest/ayv1mlxlo5s4,1408fabe8e1d5c44,1024,0/0
/spttest/x50wueesnnye,3c888b8cff81cd06,1024,0/0
/spttest/ijemzx8uwjv4,21dd2266e62efa90,1024,0/0
/spttest/nyci9od9s3i7,2bc1469813b0bdbf,1024,0/0
/spttest/d44fn2ruy75q,17f48ac7f4bd62be,1024,0/0
/spttest/zioviny9un3n,40e147cef9703173,1024,0/0
/spttest/m1f8zzksctl,11e4724fd9d5fe9,1024,0/0
/spttest/nggmvk4odfqi,2ad8f544c34838ea,1024,0/0
/spttest/s0oozi8ghavi,332e1bbb2ec5614e,1024,0/0
/spttest/l0pxv6dealql,2665422fdad1ce8d,1024,0/0
/spttest/c939oi7no5k,9f26c842248908,1024,0/0
/spttest/i3bqdssnc1jl,210c41e03a44f9d1,1024,0/0
/spttest/djlcuqg5txtr,18bd7cbd9622d57f,1024,0/0
/spttest/z7tvnopp3ysd,4054342efca1cfdd,1024,0/0
/spttest/iyzfe2vxrwtt,22a77977fc1c1bf1,1024,0/0
/spttest/g277802yne98,1d56677f9e8251ec,1024,0/0
/spttest/tne4quev9mld,3628aa434738b1a1,1024,0/0
/spttest/riowwrakedpe,32446170c063e8e2,1024,0/0
/spttest/3bh9pd15mso9,60ff4b5edb013a9,1024,0/0
/spttest/y1schsf80j0z,3e3219dcc9110453,1024,0/0
/spttest/lcq8478zku3a,27013b9197c76856,1024,0/0
/spttest/22d365ekq9ia,3c5edebbdb00ea2,1024,0/0
/spttest/jozp6l1lct39,23f94b446d24c745,1024,0/0
/spttest/5993vymzlajz,99a42cfbffb23af,1024,0/0
/spttest/aux5kp777xgv,13d5c894bb42182f,1024,0/0
/spttest/1qi6rmfgxv7,168d7f5a7cc673,1024,0/0
/spttest/bgz7ojcrtgvu,14f44a5ee07fd5ba,1024,0/0
/spttest/ks7n35fhwja7,25f6bdd972c3869f,1024,0/0
/spttest/7vanlrk4bq3j,e5fcfe6bed49cdf,1024,0/0
/spttest/bpxs8cz0r8f9,1568adac562e8f65,1024,0/0
/spttest/r55txowo6umi,3194a279bc71388a,1024,0/0
/spttest/mtagewig648f,29abf992924f72ef,1024,0/0
/spttest/92k411qa3rwy,1091c3658d88f212,1024,0/0
/spttest/8gxu6crf777a,f78f39fd7411b36,1024,0/0
/spttest/e5l4qx0vurds,19db2b971d2bf520,1024,0/0
/spttest/f4qhte2bxhc5,1ba3baf2d3002905,1024,0/0
/spttest/3eadzq50pkk9,63470e7ab36c859,1024,0/0
/spttest/42du2v3b69he,76d6d72875fbc82,1024,0/0
/spttest/lirhhz2j3qoj,274f9f8d0f7d54d3,1024,0/0
/spttest/eg5moh1u3pwr,1a6475884aee37eb,1024,0/0
/spttest/gaayhygnvt8i,1dbfaca48cdabcc2,1024,0/0
/spttest/f7xnueg4knwc,1bcd48c35e48d9fc,1024,0/0
/spttest/w8sq0297iycy,3ae5eed521b8c972,1024,0/0
/spttest/mi8u1w70z6uf,291c82017f71c967,1024,0/0
/spttest/9y3dglbbjcn8,122b618d45760dc4,1024,0/0
/spttest/o5pojhh5dsya,2c20f445a7e9acd2,1024,0/0
/spttest/mppra0ri3zts,297d89f1e83cf620,1024,0/0
/spttest/vnakrfogsqlz,39ce9c5e7a7c95b7,1024,0/0
/spttest/39taceucrb4w,5fa50424a321520,1024,0/0
/spttest/icpys70gpf7h,21864be4e29a993d,1024,0/0
/spttest/f6upu4bf46wt,1bbf3b8361e136fd,1024,0/0
/spttest/it71k3l3bkmg,225c4961dd2bc428,1024,0/0
/spttest/d32eq9xt6wv9,17e6d273386b5ce5,1024,0/0
/spttest/r3r1ncjpwhut,31824f7bf7fb8765,1024,0/0
/spttest/9t19ou1ylzbl,11e9acdb25c88c11,1024,0/0
/spttest/sl4yfy3j5hqo,3437c3057fa2a810,1024,0/0
/spttest/y5m4zocma0t6,3e63d16dafb2e89a,1024,0/0
/spttest/qy08gi2zrjms,3137b0bb08c50724,1024,0/0
/spttest/fxna1hm7d9p6,1d1b4257042b415a,1024,0/0
/spttest/8464ughhjqpi,ed3159bcb1f22f6,1024,0/0
/spttest/m1v1vcmp1unh,2847b4cd7cd7a26d,1024,0/0
/spttest/kezja8femuuh,254af4cec3ccafa9,1024,0/0
/spttest/pkh5dce1ty9o,2eb4543b560aebbc,1024,0/0
/spttest/t3rtfl30kt3,17a0cec7f72f057,1024,0/0
/spttest/sg8w3gc57rxe,33f83c3055911e22,1024,0/0
/spttest/ka0t387nt73d,250a780d002cfc29,1024,0/0
/spttest/zy0j3sv8qo6p,41a8533ac6cd60f1,1024,0/0
/spttest/2auwdplosp3d,434452e7494ca09,1024,0/0
/spttest/o8zonfwtz9yj,2c4b8801b7028a2b,1024,0/0
/spttest/bkrs3fb0eujk,152590d40e644e20,1024,0/0
/spttest/co5a3n49pqbu,172504d3dae6ba8a,1024,0/0
/spttest/b4n60zlvu8r3,145412a076c0aacf,1024,0/0
/spttest/cktb8wnu2jhm,16f9bb9459da692a,1024,0/0
/spttest/4htsxqe2k42b,83607423e046b93,1024,0/0
/spttest/jcrqrmq8rvvl,235a8d4e7157aa21,1024,0/0
/spttest/5jfc1ah1xoth,a1e667e8d6360e5,1024,0/0
/spttest/qi7xh4odvg7o,306aa363d49e70d4,1024,0/0
/spttest/jmyfoy7x220m,23dedc096676d3b6,1024,0/0
/spttest/i5nzqwf1xxkf,212aa8d582a4e52f,1024,0/0
/spttest/dg9kqg2ipzjq,189244c5a9309a36,1024,0/0
/spttest/wv6hqes6p2ka,3c08aa6bfbb3ef3a,1024,0/0
/spttest/6fk83apmwgse,bbfd26e48be56fe,1024,0/0
/spttest/i4fjvsgflecq,211a9fed64b86aea,1024,0/0
/spttest/qxton8shp1bu,313553af9b5bb3fa,1024,0/0
/spttest/d1t8vv6o69au,17d686e204841496,1024,0/0
/spttest/wt0n4tp4anv8,3bec938e1e4cef54,1024,0/0
/spttest/4qfbqgwdbbap,8a5b54724b43af1,1024,0/0
/spttest/f0y03qxoryfh,1b727b6beff4830d,1024,0/0
/spttest/jv1ubs7j91ko,244800be5e0c5f38,1024,0/0
/spttest/cko3nnxx0a6q,16f7da4389c24892,1024,0/0
/spttest/ia5vsbilzs09,21651253cc4ae589,1024,0/0
/spttest/kcihq1otnhy0,252ad4078f61e798,1024,0/0
/spttest/e6sckme5c0dj,19eac38097a209e7,1024,0/0
/spttest/40ihjyrev57h,75520a38984261d,1024,0/0
/spttest/wnkscqkcxjt6,3ba5e8c5c38ede8a,1024,0/0
/spttest/45lsmp7bwaz5,79744721a8d7691,1024,0/0
/spttest/57ld0mlwpcsx,984b4243e520111,1024,0/0
/spttest/hqzl58dgbf08,206c00efcaed44b8,1024,0/0
/spttest/ex0lsu4nl1io,1b3f76cd005ee1f0,1024,0/0
/spttest/a9uggcc0fubd,12c408ff7c7bb739,1024,0/0
/spttest/k8o9bcsrrv9z,24f8f3a3825c4217,1024,0/0
/spttest/b9nw795o762y,1495481140e8b68a,1024,0/0
/spttest/c6ln9h25wp4i,16411dde7f780432,1024,0/0
/spttest/vkwkv5d107x3,39af94f7012d2d17,1024,0/0
/spttest/b9tke9lb2b9q,149753fcb922148e,1024,0/0
/spttest/o8z7bbhdl6vn,2c4b5b863a969713,1024,0/0
/spttest/s9fohsxr7jeh,339fc27743147cf9,1024,0/0
/spttest/b1vr2uvj84u2,143033d134cdf97a,1024,0/0
/spttest/mymj3qjssms7,29f1472d39e98a57,1024,0/0
/spttest/517r7gz40jtg,931dbdac2b71454,1024,0/0
/spttest/47t7ff1sh0uy,7b3eb812ff70e9a,1024,0/0
/spttest/khw2rf2jc536,2570ad145ed98fc2,1024,0/0
/spttest/86yela8skaqe,ef7436fd6190f56,1024,0/0
/spttest/plilanhr4kop,2ec1d6b7ac4210b9,1024,0/0
/spttest/9w8xd7oycfcf,121367f45a334aaf,1024,0/0
/spttest/ai3mjvm2wxc3,132f420340d87ac3,1024,0/0
/spttest/elnxogaq3lqh,1aac02aaa2db52c9,1024,0/0
/spttest/t00j25b14289,34f900eddd4c6149,1024,0/0
/spttest/gg3t99g9pl7,d5a3c839f88dcb,1024,0/0
/spttest/kb8gmv33g0v0,251a384c3644a75c,1024,0/0
/spttest/eshowmcmjhdc,1b04aebe8a70c4b0,1024,0/0
/spttest/7j01wn2nxrmn,dc01d774cbe391f,1024,0/0
/spttest/uhag7dpah9g,18beac65b4df2e4,1024,0/0
/spttest/q3h6naz8n06z,2fab2362a70a34bb,1024,0/0
/spttest/rrje8xxaxbd1,32b74b073d4435c5,1024,0/0
/spttest/oe0gfesbb6zr,2c8cc18f56747327,1024,0/0
/spttest/tcmccc9nggkl,359cbee0944cb2e5,1024,0/0
/spttest/vw5q5ooyrea7,3a41c3aed849030f,1024,0/0
/spttest/iyng8xdf5cmh,22a3273f8fdda229,1024,0/0
/spttest/bcubv91s4xby,14be923e7e9011be,1024,0/0
/spttest/p1kopc1dkseg,2dbecf1027d79dc8,1024,0/0
/spttest/sisv8h3rycs4,34196bdbf52d6c34,1024,0/0
/spttest/4e8uxn37jneq,80780e169000042,1024,0/0
/spttest/obqmfjmul6p7,2c6f3ac4b17bfb2b,1024,0/0
/spttest/wiu1sldnigrg,3b684e0672c9405c,1024,0/0
/spttest/enchwqhwkp,5490f24e5a929,1024,0/0
/spttest/z12yjjoyqnb2,3ffc8e1a5a60aa7e,1024,0/0
/spttest/2t7sc1ozt5t2,522ba3540a735a6,1024,0/0
/spttest/ujo0e8fkr1sf,37cbe2ffa95371cf,1024,0/0
/spttest/utl1kt01a6z,1905a5ff799fddb,1024,0/0
/spttest/anzmrapfu8ah,137bc09be1095879,1024,0/0
/spttest/vemwch54or7g,395e27335c7067bc,1024,0/0
/spttest/o7zxa1gusw2f,2c3ea0e30bea3f57,1024,0/0
/spttest/b1oxskyqn4z7,142dbe77b901daf3,1024,0/0
/spttest/9e2g29seksf,79fabe0cb3e0bf,1024,0/0
/spttest/td0zok1rynkj,35a207ea971d8ad3,1024,0/0
/spttest/jnb1fqie1mar,23e3683f05b1dd23,1024,0/0
/spttest/235y731pn9j0,3d057d66b82dcfc,1024,0/0
/spttest/94qwnteo4c1s,10ae319597c3b600,1024,0/0
/spttest/te7hrp3wavmi,35b15dca5e921a9a,1024,0/0
/spttest/3ews3911y8d4,63c852db15af3d8,1024,0/0
/spttest/ivnau0ftravn,227c21960f4bc8d3,1024,0/0
/spttest/ldnk5ics4mvx,270d429a7836f8dd,1024,0/0
/spttest/af4376k0e0u9,130874f4bb6febc1,1024,0/0
/spttest/j82tgfcvz98q,231d99f8e26e388a,1024,0/0
/spttest/qhv2q6npu0w5,30660013bcf5b505,1024,0/0
/spttest/a810s9qnm95s,12ac6cdc1c3c86e0,1024,0/0
/spttest/ezmb5u92efqm,1b61461e64fb6d2e,1024,0/0
/spttest/f88zt1rama6x,1bd15f81c08ec319,1024,0/0
/spttest/aswh0bw37baq,13bb8f0972ed47f2,1024,0/0
/spttest/d7wct920niep,1825959ad266d4f1,1024,0/0
/spttest/jtqspg1e78e2,2437074742ffd83a,1024,0/0
/spttest/4muzam1tod8y,87766392a281a12,1024,0/0
/spttest/flvcsnhz6amh,1c824d45cbbbd249,1024,0/0
/spttest/n078k0d514t,12ad3799e6701fd,1024,0/0
/spttest/vzq1rrcjndwl,3a70109d69a7b925,1024,0/0
/spttest/5knyjw48gons,a2e8078530238d8,1024,0/0
/spttest/pkiz9095ktua,2eb4fd43b2b9fd12,1024,0/0
/spttest/tamfn4yhpvxe,3582ccd4a70ae6e2,1024,0/0
/spttest/fplw686joajn,1cb2d855a32a1663,1024,0/0
/spttest/su17bus51mmp,34ab4fa8d426ddd1,1024,0/0
/spttest/buvfpbg4a4hb,15a8c712e1cce92f,1024,0/0
/spttest/bjq1868gmu7n,1517f243fdc4d273,1024,0/0
/spttest/kfkhesihm94h,255283bbeac150b1,1024,0/0
/spttest/qdcbirgbrlen,302b469ddb6a001f,1024,0/0
/spttest/7gn4sja0dbkj,da17991f59113d3,1024,0/0
/spttest/khn1ai3ai198,256d69fe7487acdc,1024,0/0
/spttest/prjz0nrjk8oj,2f1045d5bbee17f3,1024,0/0
/spttest/rjnug861gbbs,3250fc04e66b9658,1024,0/0
/spttest/vjfv02oj61aj,399c8f74f7d3bf0b,1024,0/0
/spttest/tb7kanpsyynj,358a6c80d7d973ef,1024,0/0
/spttest/hm9shtu405pm,202ebd3196ece8ea,1024,0/0
/spttest/9ftn0qydu0t5,113e0fc6e56ef499,1024,0/0
/spttest/cn798btlx5ut,1718be13559314e5,1024,0/0
/spttest/tkr65m75d8je,360666e5fb58ad7a,1024,0/0
/spttest/1uzf5qy677eu,36612baa9c28f46,1024,0/0
/spttest/zo9xinsv41ok,4129d2f4ddb74084,1024,0/0
/spttest/3n26ewn9ifnw,6a661d344e004cc,1024,0/0
/spttest/wswj5aj3mjol,3beb17da34b7fc25,1024,0/0
/spttest/8osb63dkqnze,fdedf118a9b93ea,1024,0/0
/spttest/f0fmm6zu49l5,1b6bda2fdd2e3389,1024,0/0
/spttest/clevxeuo5f3f,1701845ff3ca4bab,1024,0/0
/spttest/6xv4x2alyq9g,cad90f60151b674,1024,0/0
/spttest/y7kq7qatg5cl,3e7d49a933d28415,1024,0/0
/spttest/zmweayvp1fsm,4117f39d4e783b36,1024,0/0
/spttest/suv2or5g2zfw,34b616cc145c13ec,1024,0/0
/spttest/dvy3qlkk1f5h,195df538c01036f5,1024,0/0
/spttest/ryxgch98snwm,33174a5d4c004406,1024,0/0
/spttest/okwcvoxl1tf1,2ce633c806a9e42d,1024,0/0
/spttest/6bb05p7jdayr,b8889bc12e6b7c3,1024,0/0
/spttest/dbt7lixpf60i,18586825bdf00932,1024,0/0
/spttest/9y7w7mwyaxwj,122d0322edbecc23,1024,0/0
/spttest/1txrfolxfvxu,3587c3bc286c472,1024,0/0
/spttest/5v1ikjaq9n6o,ab5492fa11ccfa0,1024,0/0
/spttest/p55iuz5k9gfe,2ded4b92e50d336a,1024,0/0
/spttest/voersvg3tkoi,39dd1d29679120f2,1024,0/0
/spttest/9kl9298aw9do,117bfb4d161d717c,1024,0/0
/spttest/cjz1vqa4mnjq,16eed080412f6cb6,1024,0/0
/spttest/k2gkmk11v5gq,24a83e2ca045326a,1024,0/0
/spttest/94sapo2qngqe,10aeb2016c781676,1024,0/0
/spttest/dzox223h6sk4,198e99ca66f41314,1024,0/0
/spttest/5qt4m06twtf5,a7e4d659caff1f1,1024,0/0
/spttest/l8aakuh35igb,26c786f7c30893ab,1024,0/0
/spttest/80y749troeyp,ea940b93a0980c1,1024,0/0
/spttest/g3ziorv5mx79,1d6d9c7c29f50295,1024,0/0
/spttest/10ldpucg54gi,1db542c257685d2,1024,0/0
/spttest/tj07e4r1d8vy,35efaedf2ccd1b3e,1024,0/0
/spttest/749csf3nasc5,d00a1da1cf600f5,1024,0/0
/spttest/xaid8rwcjllc,3ccfca2bee63b010,1024,0/0
/spttest/y5amu30ywgir,3e5faacb8b952da3,1024,0/0
/spttest/vr21hyls1mw7,39ff7d065e999a27,1024,0/0
/spttest/r85467p9rvnf,31bb5824887b75fb,1024,0/0
/spttest/9bnlvuxmbu5,791bef1ece0e6d,1024,0/0
/spttest/bwx4vn4c7gpa,15c35e8d021f9c4e,1024,0/0
/spttest/e8ymti09vyvs,1a0702840df7cb58,1024,0/0
/spttest/9n2fvx851q0p,119c299573a84ef9,1024,0/0
/spttest/fwz1sfa6weah,1d1284546a292e59,1024,0/0
/spttest/kp0151ao70he,25cd0730495dce32,1024,0/0
/spttest/qzfian7tsg70,314a30c0586ce9fc,1024,0/0
/spttest/wswjgzbig2dr,3beb18af7893fe0f,1024,0/0
/spttest/8t5hkyea9r62,10179556260e53ca,1024,0/0
/spttest/d30g5943ogjt,17e61d58c957acc9,1024,0/0
/spttest/pivy01j3txs1,2e9fb0555bf96f41,1024,0/0
/spttest/i38ytfgnnx5,eafabbd077d4d9,1024,0/0
/spttest/qq2xgc83x4o2,30d0bf8bd7db58e2,1024,0/0
/spttest/kn8iixn3g1u6,25b61c3ae1a09c4e,1024,0/0
/spttest/prspgjpmjlxm,2f136c9fa1a6ffca,1024,0/0
/spttest/a4iwpicizkct,127eec0057b1b3cd,1024,0/0
/spttest/4y073z7oo91h,90829f12553c7c5,1024,0/0
/spttest/29hz70h7mnsk,4229e5b89732cf4,1024,0/0
/spttest/rcliryq5s4cl,31f538885f1fb205,1024,0/0
/spttest/dr4et3u91ovv,191f498cc17f853b,1024,0/0
/spttest/go2cc25nz5cb,1e726a6c6928d0cb,1024,0/0
/spttest/vz5n7asg51ab,3a68b3deef8cf5c3,1024,0/0
/spttest/n5fc2i2qoghh,2a499b58f844ab75,1024,0/0
/spttest/k84vg9csz6n6,24f1f51216b0e862,1024,0/0
/spttest/a4f5zuqpi4ss,127d925b9129e9cc,1024,0/0
/spttest/g1gt1n52xjyk,1d4ce18ccb06094c,1024,0/0
/spttest/oa80f9qvbc06,2c5b866a99548886,1024,0/0
/spttest/6rgjtmzulbvb,c5a5e23bd101957,1024,0/0
/spttest/tl4lgjetq8kg,360b3ef364f612e0,1024,0/0
/spttest/512yrzbcimsj,930216f80afcbe3,1024,0/0
/spttest/7xl8wflq5k6v,e7d9cbd3113b377,1024,0/0
/spttest/2e8znfyvrioe,460527f80448e4e,1024,0/0
/spttest/lcqmsxld0ktd,270161409c2b1a61,1024,0/0
/spttest/yqxcpfw3knf,1c359e13082d74b,1024,0/0
/spttest/n2al3aqyp8vy,2a20ece28cdc633e,1024,0/0
/spttest/pig5tezxpgyl,2e99fe7edf096f1d,1024,0/0
/spttest/5t3o3xlj8a61,a9c159ed76c1c79,1024,0/0
/spttest/7cdih01l5pzx,d6a0bf5b0612bdd,1024,0/0
/spttest/oq2t25rv3avu,2d2979c9b928f4da,1024,0/0
/spttest/fhuwbkirnpz8,1c4e2df9c4466644,1024,0/0
/spttest/a9bb90iy7zvi,12bd20a67283db5e,1024,0/0
/spttest/4tksfriu2wp0,8cea5bea3cae804,1024,0/0
/spttest/35cb0a62uf06,5c03aac54ea6176,1024,0/0
/spttest/b2lefarvncqo,143974ec4d58cb40,1024,0/0
/spttest/73d0c8iloavs,cf4f6201d328a18,1024,0/0
/spttest/agtue0iie5gq,131ebd2e91106d2a,1024,0/0
/spttest/r4bm9vqln25h,3189bbc550f477a5,1024,0/0
/spttest/k77vw87cv9ys,24e60e0e858fcc34,1024,0/0
/spttest/h9032szjv9jp,1f826053a056e115,1024,0/0
/spttest/4b94xecyla52,7e0a2c039c75896,1024,0/0
/spttest/fo4qnuu8ib6l,1c9faaadefbee91d,1024,0/0
/spttest/newfi8ci7e4k,2ac4adbc969a4544,1024,0/0
/spttest/ksi9gjha26z6,25fa92eef5e9edd2,1024,0/0
/spttest/1t4btebeejfe,34ddd7ab22153da,1024,0/0
/spttest/k8mw5pry1d31,24f87583696f767d,1024,0/0
/spttest/o0phe27uecc0,2bdfefa431c02ff0,1024,0/0
/spttest/3itya84um2be,66f74fe15b8233a,1024,0/0
/spttest/32c2ibjbayqg,5992d18b5841558,1024,0/0
/spttest/1vwfqikox82d,371fc5c7d142f15,1024,0/0
/spttest/iqy8gvjakgb4,223f21490e7ff590,1024,0/0
/spttest/illtnnwdrbow,21f9b4946ff850f0,1024,0/0
/spttest/ir5l3p6xahcg,2241c84778715f50,1024,0/0
/spttest/xxkcs6azpl0z,3dfb42a1399301b3,1024,0/0
/spttest/fybe6xcm9wrq,1d23f5d4104b2426,1024,0/0
/spttest/3w3brukm1xym,71bb3416415a82e,1024,0/0
/spttest/6idwv37rv3l1,be4832ed1bf8ae5,1024,0/0
/spttest/vs3bozm0kbbh,3a0cf0cf0004be4d,1024,0/0
/spttest/66esl4932l40,b48f57f1ee9fe60,1024,0/0
/spttest/4xuj5xliicdk,9061ea9499d2528,1024,0/0
/spttest/9srzm9fra2hk,11e653b35e4ad218,1024,0/0
/spttest/h5g4csdajsid,1f5434780a0d7515,1024,0/0
/spttest/mknd3i442c9t,293bba8a0e259ea1,1024,0/0
/spttest/gwchnr9k70ux,1eddfdd28694c819,1024,0/0
/spttest/qi0dpx8zdysi,3067ea1f91a26462,1024,0/0
/spttest/2nao2ztpwca,22625b7a5838fa,1024,0/0
/spttest/7esmgut3x33,6043655497bf3f,1024,0/0
/spttest/sa8xfxdvdpj5,33aa501a6cc66581,1024,0/0
/spttest/cerb1wsgxx35,16ab12cdd1d365c1,1024,0/0
/spttest/dql4g4jdjkl3,191853f8608d87f7,1024,0/0
/spttest/aqshee41hvyo,13a0240d7c8c4d10,1024,0/0
/spttest/gc14djkfewbn,1dd61a8dceff4a23,1024,0/0
/spttest/405e0ctqefku,75066c1b85ff45e,1024,0/0
/spttest/y9vtx4gmdovf,3e9b45bb7553552b,1024,0/0
/spttest/4hg342yqqgr,3a408fbdfab27b,1024,0/0
/spttest/mhf087kxbyw9,2911becdaf428669,1024,0/0
/spttest/evbcyer3v7rl,1b295da4a3b1c811,1024,0/0
/spttest/2swrrpnn3t2e,51ec0b544e938e6,1024,0/0
/spttest/a83vy5jtst36,12ad758e1100bb42,1024,0/0
/spttest/nferruz2vkwn,2acb4bd737c5c997,1024,0/0
/spttest/9f2vzhgaqwd6,113468d61c27805a,1024,0/0
/spttest/75lijd9dk4n4,d120246fa93d580,1024,0/0
/spttest/m8yejilurdwf,28a3d7375f07b11f,1024,0/0
/spttest/mcmjkfp7zpck,28d384b7ffa0c614,1024,0/0
/spttest/5baej2uebwle,9b4b4ffa7715fc2,1024,0/0
/spttest/41ygqhs5irj,34a9d31b680e3f,1024,0/0
/spttest/h0dlkxz59hqj,1f125947b712630b,1024,0/0
/spttest/4c77xq9nriru,7eceefdf761b2ca,1024,0/0
/spttest/7ij729cfhuco,dba086f6d93e2e8,1024,0/0
/spttest/f5ooxgc23qn7,1bb011b80694dba3,1024,0/0
/spttest/da61k24eg5zd,18430eebfeb10049,1024,0/0
/spttest/liiznkt481io,274c8ed202a0d1b0,1024,0/0
/spttest/2txs2u449moa,52c1b2039084f0a,1024,0/0
/spttest/pucsnr1611uh,2f34a6b66e3f9999,1024,0/0
/spttest/p1s1fg5fyf7d,2dc1764a9b15e479,1024,0/0
/spttest/n8vxp484q9ij,2a769080befbd6ab,1024,0/0
/spttest/k2upp6ie8dy9,24ad58587f2beea1,1024,0/0
/spttest/ra8c1y5jcukf,31d67bfbb1bfacbf,1024,0/0
/spttest/52ad2e7cv5yq,93fc9eee3c897f2,1024,0/0
/spttest/ihsm62f4y0a4,21c832ea7d57f5ec,1024,0/0
/spttest/9202c4khn4h5,108a87b09c223769,1024,0/0
/spttest/2t7fd4kiwadk,52298ee06599e88,1024,0/0
/spttest/e0ioaklnu0iq,1999565a47ce0922,1024,0/0
/spttest/v94on36piybh,3916a284c95aff3d,1024,0/0
/spttest/llr48acioy0t,277675468ee7643d,1024,0/0
/spttest/ek7ufbc6406g,1a99372b5871bfe8,1024,0/0
/spttest/g52ootjlo57,d1a8d71270747b,1024,0/0
/spttest/e69up17r9c7p,19e41701172a6d15,1024,0/0
/spttest/2u9iwujj94dc,5305806a3c97d60,1024,0/0
/spttest/sixhg3oiaphk,341b1652b28a8188,1024,0/0
/spttest/7ygl5hlnf82i,e88eb96e084119a,1024,0/0
/spttest/jnn0bjz31spo,23e7b9cd2099869c,1024,0/0
/spttest/sgxplv42bjo8,340130bf1c013a58,1024,0/0
/spttest/hs9z5pb2db9c,207cbdd492089840,1024,0/0
/spttest/gb2t3se3sirf,1dc9b91d64aba8fb,1024,0/0
/spttest/ls1c8tym5816,27c81510438825ea,1024,0/0
/spttest/dsub6vl9v4rt,19359f196507b6e9,1024,0/0
/spttest/kxdn7fvs75lk,2639daa5f68d4018,1024,0/0
/spttest/zvg43sbpw6x9,4186fadd0ab1300d,1024,0/0
/spttest/e45s3ntn8t3o,19c8a45cf02d8054,1024,0/0
/spttest/3u1puw5xn4sn,7012424b86ded07,1024,0/0
/spttest/1sreda08g1os,349333d97f2548c,1024,0/0
/spttest/pzd6w3ljctqr,2f75bd83266eb893,1024,0/0
/spttest/o8frnt00pw5l,2c44585d7825ff09,1024,0/0
/spttest/cxcbeq8z2951,179c76126171ddc5,1024,0/0
/spttest/37tqt183e4we,5e07ffb91f6634e,1024,0/0
/spttest/9s4hrcu43slj,11ddd968f8ceef87,1024,0/0
/spttest/88yar3mxembj,f11341a0b22317f,1024,0/0
/spttest/t8k90f6ywgg0,3568089129294540,1024,0/0
/spttest/45al16adk56c,79338e680cb8c34,1024,0/0
/spttest/83ocekj75ztm,eccaa5fc7e2979a,1024,0/0
/spttest/9tugpt7w9r6w,11f43590b0269de8,1024,0/0
/spttest/caay6p25bnjf,167136defc45c8eb,1024,0/0
/spttest/6kyamle3orlc,c05d86070ab4cb0,1024,0/0
/spttest/5nwpmesx92q2,a58a0a45153870a,1024,0/0
/spttest/c04fn99iy809,15ecf8865463c309,1024,0/0
/spttest/lxgmwsagi80a,280e8c3c6285310a,1024,0/0
/spttest/e3i9y2roxs1,b71d978c096401,1024,0/0
/spttest/cqmvc8okwz13,174558187191ed57,1024,0/0
/spttest/brnz7cm73zee,157f1e648a97d4f6,1024,0/0
/spttest/8c7zwy88a59f,f3babbf65708123,1024,0/0
/spttest/72o7yvpqanf8,cec047e686a6314,1024,0/0
/spttest/8wceh5z7cm97,10410bb78b9c5eab,1024,0/0
/spttest/2w4811p9umnp,54868c618cbcb35,1024,0/0
/spttest/7idinnlon9f0,db7fbf9708f4b6c,1024,0/0
/spttest/hxkjedy05i82,20c17fbb275c0382,1024,0/0
/spttest/du1fmzhaeci6,19452e58459b14ce,1024,0/0
/spttest/y0i4cb1m68q7,3e216c01997f9baf,1024,0/0
/spttest/55o1l85dmjnr,96bb16958c72e07,1024,0/0
/spttest/w65ixn0kxece,3ac395b75f8f0ade,1024,0/0
/spttest/ukoiv3lusaqi,37d90fa43f9d675a,1024,0/0
/spttest/755nj6h7cxda,d0c49336c959eee,1024,0/0
/spttest/g4i9layw07nl,1d7460246d80eec1,1024,0/0
/spttest/53fv663c68wl,94ec37bf822ca95,1024,0/0
/spttest/gpqdwm2ebc5y,1e88148c755c8856,1024,0/0
/spttest/2u27u6dccrc1,52db508c20bd561,1024,0/0
/spttest/89kyvxpddxd0,f19622062fdeb24,1024,0/0
/spttest/dghz4u6ozm5d,18954caa2f842ae1,1024,0/0
/spttest/43gnwkn3fpoi,77b6ff73f390ec2,1024,0/0
/spttest/34skig9akyl5,5b91bb201147a19,1024,0/0
/spttest/gqhmogng51eg,1e91e9009be36258,1024,0/0
/spttest/xregd5qkb0th,3dab3212a8b9a4e5,1024,0/0
/spttest/5u28e8682d3y,aa88e30a7fe8ede,1024,0/0
/spttest/kiqwunawl3tg,257bcd549b6b7e94,1024,0/0
/spttest/q2nrvy99zrmr,2fa086d5f870c3a3,1024,0/0
/spttest/mmjaabop7oez,29543c5e5bffc05b,1024,0/0
/spttest/m5f0ojjgvlr7,2875e0e3001aebe3,1024,0/0
/spttest/i5cnlk01tt2y,2126919cedae597a,1024,0/0
/spttest/dvegqdwqqbja,1956df32657fe6e6,1024,0/0
/spttest/yfinmlpcnrx0,3ee4745746f34d14,1024,0/0
/spttest/s7qmsff2fzdg,3389bba0f47d2ed4,1024,0/0
/spttest/rtmk1mm6b0gx,32d2698516f15521,1024,0/0
/spttest/v83y3pvspfjk,3909612bcb2ae2f0,1024,0/0
/spttest/k0kno3q6hppe,248fbcf103153a62,1024,0/0
/spttest/65988ga0wmn1,b39f62e2220a29d,1024,0/0
/spttest/82i9rnsv7rpr,ebd7c24c396270f,1024,0/0
/spttest/d8yofkr7bcv0,18336969aa9dc8dc,1024,0/0
/spttest/jidv87p5u0o6,23a37b22eb6df7e6,1024,0/0
/spttest/8xo15g9gdqg8,10523b33d80cdb28,1024,0/0
/spttest/uq3qmkck65ph,381f7f5dea716665,1024,0/0
/spttest/triv0f73o01x,365e5427db216545,1024,0/0
/spttest/cbcqolap1zid,167ed99d0908db05,1024,0/0
/spttest/keqi4rx808vw,2547b289e67608fc,1024,0/0
/spttest/scwako1cn02t,33ccb8c780ef1025,1024,0/0
/spttest/bcj7y6etbg6l,14ba90238f563bad,1024,0/0
/spttest/nov2unq2bq3j,2b4615775b4432df,1024,0/0
/spttest/66i3gmw5i4r4,b4a2681665bed90,1024,0/0
/spttest/hsxvfsu44vin,20855d1feef7b48f,1024,0/0
/spttest/flg6x2ujzwtd,1c7cd4ab761a1be1,1024,0/0
/spttest/keoco4vf9cof,2546ebc98b5f336f,1024,0/0
/spttest/mqya4dbnpuj7,298d9a7ea8a3b9d3,1024,0/0
/spttest/av9jmubk88la,13da4112d4afdd7e,1024,0/0
/spttest/53bdxk6fmwby,94d25c7860d142e,1024,0/0
/spttest/se1qek4exa54,33dbac7e929bcf98,1024,0/0
/spttest/84fl4jd7rnkn,ed67eb197f99b17,1024,0/0
/spttest/23671ykspsmq,3d06e907e822932,1024,0/0
/spttest/j9db7ilqvepi,232e6075e0d20a36,1024,0/0
/spttest/bg81nd7d23x3,14ea7cf32d55b957,1024,0/0
/spttest/w7evkmwx63g8,3ad3f2b736b5f7f8,1024,0/0
/spttest/79kodw7ubzv2,d45a9f0c7a7244e,1024,0/0
/spttest/22fbo75kv9af,3c6bc7850b278c7,1024,0/0
/spttest/iux5dppwx1m7,2272b20578a07a6f,1024,0/0
/spttest/z1t8ii6ihg29,40060942c5753591,1024,0/0
/spttest/a0jf6d5dy6v7,124b265c204f0843,1024,0/0
/spttest/1wneq35zy5f8,37bb7b5217836f4,1024,0/0
/spttest/3krhqkab4qb0,6888c50c8c4712c,1024,0/0
/spttest/7looly1cciig,de2fb116bfa78b8,1024,0/0
/spttest/6w1f8r850fyp,c95db25ece145d1,1024,0/0
/spttest/bobvabt475xs,1553c827187f61d0,1024,0/0
/spttest/c3f61sbwo6ri,1617cfb92980643e,1024,0/0
/spttest/njxtzorm6fb1,2b06218dbdc4f4fd,1024,0/0
/spttest/i4a85d6ewukd,2118b3faaa5918bd,1024,0/0
/spttest/5vm5j9gye0ft,abcbb7924deebb9,1024,0/0
/spttest/7sksutopqrna,e3c8149c52f7776,1024,0/0
/spttest/20bn6kmojxve,3ab6e0449c5223a,1024,0/0
/spttest/872k85tkdj3m,ef8c35e870819f2,1024,0/0
/spttest/bs2e8g74w14y,1584521cfef0cdc2,1024,0/0
/spttest/ugjioptf9opu,37a34c518b487862,1024,0/0
/spttest/wwizyttoqttp,3c1a2ae1ab93157d,1024,0/0
/spttest/grla8nqeq8xc,1ea037d0fb7895b0,1024,0/0
/spttest/uh26apd6rjmx,37aa0786eb3cc629,1024,0/0
/spttest/j4fss1rz50ex,22ee53feba19f059,1024,0/0
/spttest/86mqt8l9zwew,ef30e5fcfe76bd8,1024,0/0
/spttest/trcfr7bm8noj,365c02cd6bf83be3,1024,0/0
/spttest/sclimzzdqdkf,33c8d56bce03102f,1024,0/0
/spttest/otlow28020au,2d5741db62f8ae06,1024,0/0
/spttest/se8mf8jnecmm,33de28db7a661a6e,1024,0/0
/spttest/q1tz69rrt2nj,2f95c67c0b8c09af,1024,0/0
/spttest/m81owzom5v2q,289809aeb6da9292,1024,0/0
/spttest/ek0ziubtz3yb,1a96bdac054ca7c3,1024,0/0
/spttest/aec62gwjtaps,12fe6201b593ce80,1024,0/0
/spttest/3g0fve3oodsu,64ad48f0333ffde,1024,0/0
/spttest/fpsi67p80ah0,1cb53afd83283104,1024,0/0
/spttest/x4nkkjuj8scf,3c83bb45b2679c7f,1024,0/0
/spttest/eyjharyduco,c25018ea7468e8,1024,0/0
/spttest/8tzhwwv81vsv,1022693c6c3f3b3f,1024,0/0
/spttest/y1jnw394cal6,3e2ef7ca87f7389a,1024,0/0
/spttest/cthzjw87qcrd,176a8cd547130a19,1024,0/0
/spttest/6bsn1dbdfz50,b8ee6b2fe86a8a4,1024,0/0
/spttest/vkl20cxtlgwc,39ab6c89205069cc,1024,0/0
/spttest/r4ov886onk23,318e83883641354b,1024,0/0
/spttest/7gh1npogduwh,d9f4751d5289db1,1024,0/0
/spttest/hrzrlsmh5om4,20790ec4c0d9d4dc,1024,0/0
/spttest/rlgjbf6v56gj,32685363899fb6f3,1024,0/0
/spttest/wt013ixvlm5,1aa1ef8ff73382d,1024,0/0
/spttest/hnrhi71oz8gn,20421ce19ec1c197,1024,0/0
/spttest/t43wfnwzcg9f,352e2d611f1a9053,1024,0/0
/spttest/za0jkcmwaznz,4070963f600acb0f,1024,0/0
/spttest/5dhazq6z0n9h,9d12d0363e9b0c5,1024,0/0
/spttest/tin5k5pmvxlq,35eaf961f15de5de,1024,0/0
/spttest/jlsghfpu3pnw,23cfb699cd21b6ac,1024,0/0
/spttest/82ecun6smtz,68c7a092b7c497,1024,0/0
/spttest/hnljiez8ssq9,203ff7d1b3905471,1024,0/0
/spttest/1n5eqgyddyxr,30051cbc056671f,1024,0/0
/spttest/5p9vr9kewf44,a6a5e6d2bae0284,1024,0/0
/spttest/vk06gtsw3n6z,39a3e43d4b2f782b,1024,0/0
/spttest/atgaein00th,8c850a54126325,1024,0/0
/spttest/v3o6ght9p2zu,38cfbbb068e7286a,1024,0/0
/spttest/bnpntbxfh0j,977022b2df60e3,1024,0/0
/spttest/ft4fgxe54w75,1ce0803ee06ca901,1024,0/0
/spttest/9zwnl779j7n9,1242ef794f6a8275,1024,0/0
/spttest/eyoh9ms0111c,1b55114373774b80,1024,0/0
/spttest/8h0g1ayy6vgg,f79e472be6aeec0,1024,0/0
/spttest/3vazvk40vo6y,7117a6b6b531c3a,1024,0/0
/spttest/o0c5nafqhfzk,2bdb20b8f819c130,1024,0/0
/spttest/p7o0b1krcdxl,2e0df17aa72d6c89,1024,0/0
/spttest/n8gxvhssmjwr,2a71276f0c426a4b,1024,0/0
/spttest/bnji631j71u4,15498c2f2d674c0c,1024,0/0
/spttest/m3n94rsyuuee,285edf008f3bf766,1024,0/0
/spttest/jy45w1j83c99,246fceeaf685a4cd,1024,0/0
/spttest/442axjms9hx9,7833ec7fe04e6fd,1024,0/0
/spttest/dtu7do4kd12x,19429293b0b62ab9,1024,0/0
/spttest/60dpyzdgjojd,afaa2e0f4d316f9,1024,0/0
/spttest/zsvpaewew0wx,4165a2f87f287aa1,1024,0/0
/spttest/bdlfjwz45m3n,14c859a45442af23,1024,0/0
/spttest/3xsip1606o9d,731c77a5b69e851,1024,0/0
/spttest/8kwqmb5dhaag,fac83283607df58,1024,0/0
/spttest/ma4pxl0ga8nq,28b31be89efcea56,1024,0/0
/spttest/ypiaiy5hjkl0,3f66374ae6e973f4,1024,0/0
/spttest/v0l75wve2b95,38a7b0a033d68f79,1024,0/0
/spttest/z08bxx55hhby,3ff181112a841afe,1024,0/0
/spttest/4qq32mrbwi4o,8a9971a76b33ac8,1024,0/0
/spttest/37u1c3sk7ni6,5e09afff24126be,1024,0/0
/spttest/27ranx3xvccr,40c00963d12cd4b,1024,0/0
/spttest/v553q6ujortp,38e2d43319abaddd,1024,0/0
/spttest/bf908sngxq5h,14ddd87507628ea5,1024,0/0
/spttest/aukiw1styrh3,13d139f53d32fc97,1024,0/0
/spttest/hh250az9bqfh,1feb081203670f8d,1024,0/0
/spttest/b1i6uh3lbrj,8f6cdd46a055cf,1024,0/0
/spttest/eb81z4lhan1m,1a24633b385ab82a,1024,0/0
/spttest/v16or6axi2wi,38af717e1b102832,1024,0/0
/spttest/6h76lkg3bh1d,bd51853e439ce01,1024,0/0
/spttest/evuw3xcq7fak,1b3069c866e3232c,1024,0/0
/spttest/12snww0q6f49,1f7ef6c756fec09,1024,0/0
/spttest/mn5dva3wzb7p,295c35a92e6e8f85,1024,0/0
/spttest/bdkc64pqk5ux,14c7f498056078a9,1024,0/0
/spttest/o1qur8fjvvu3,2bed6b8f75cc81eb,1024,0/0
/spttest/7io4q5e5zg48,dbbd04825a02958,1024,0/0
/spttest/etgca4c4m4f9,1b112f3d5efcb3e5,1024,0/0
/spttest/35ekmffny1g8,5c10c1482dcbed8,1024,0/0
/spttest/7elssh3hz075,d8703e50c4b98c1,1024,0/0
/spttest/u5nufgllf5kg,3715fa18e17532f0,1024,0/0
/spttest/2crxqx5vjs39,44d2e18f4ce57f5,1024,0/0
/spttest/ssabkfkv4nbr,34949f55aeb48e17,1024,0/0
/spttest/40ao4dz1e9ms,7524e8b0af50544,1024,0/0
/spttest/id5uoaywlgv7,218c073eddbbd0a3,1024,0/0
/spttest/mwoug5124683,29d82281daee2e83,1024,0/0
/spttest/go395nndp2fi,1e72bea354fa718e,1024,0/0
/spttest/wynodrufwnhb,3c35d5830e9ad5df,1024,0/0
/spttest/d8cmque9oso5,182b74fba169a825,1024,0/0
/spttest/51zcm096mban,93bd0b6eb7aecaf,1024,0/0
/spttest/7arthdib1gkk,d553ada18f98d24,1024,0/0
/spttest/xsir5wyp7960,3db9bc828babeb28,1024,0/0
/spttest/r67hs2o7i5if,31a239476979d367,1024,0/0
/spttest/ucxrll2vzs3t,37747b50dd0fd009,1024,0/0
/spttest/qjtlc3pyee3c,307f7199b14cd4d8,1024,0/0
/spttest/ukz0cnkbdtnc,37dcd831887a0258,1024,0/0
/spttest/rqmkmnbj4uas,32ab733f6f5f6164,1024,0/0
/spttest/pu1n41c6m0uu,2f30a06d913c33d6,1024,0/0
/spttest/5u8xpab9qbh7,aaaf955156a519b,1024,0/0
/spttest/htj9vw770e54,208d15ed02beea98,1024,0/0
/spttest/nc085zl0wim,12f15e7de0c959e,1024,0/0
/spttest/7s6aa93pvxa6,e37447b82af6f3e,1024,0/0
/spttest/cb5ajo3vhq64,167c29a1e34d49bc,1024,0/0
/spttest/mgnl7o9mkrhw,2907da55fdc0a234,1024,0/0
/spttest/gvue8keugq34,1ed77669fc16fe10,1024,0/0
/spttest/3fi7j10pru5p,6444085d8d15a6d,1024,0/0
/spttest/u9krwtakqgmw,3748d38f0c45a2b8,1024,0/0
/spttest/o7v5nuo6ppnz,2c3ce88e6a98142f,1024,0/0
/spttest/a6h3vkc0hf6i,1298402b9d2a171a,1024,0/0
/spttest/ff6ay9li3wfp,1c2b53cb73cd9cf5,1024,0/0
/spttest/fx8o1jc0axqa,1d15fcbd9b5be942,1024,0/0
/spttest/r4bht323hdlq,3189b04f7cd5fa1e,1024,0/0
/spttest/ysyh6urp6av3,3f93060d9dc6e17f,1024,0/0
/spttest/qvj64fd4cfmi,31178df6fd96a21a,1024,0/0
/spttest/4ezitcib2rk,395d53657534c0,1024,0/0
/spttest/lnzuxxd58gxz,27939745d4e1d0c7,1024,0/0
/spttest/hyoicxhazh96,20cfebca86bc801a,1024,0/0
/spttest/hh7jc0k6oapi,1fecfaaacd49e236,1024,0/0
/spttest/f5bmpi7bnoi4,1bab5b3bd0baa2cc,1024,0/0
/spttest/6trmxm2xo0bz,c7858af3257c0af,1024,0/0
/spttest/xswfnj89flfv,3dbeac21b23bd34b,1024,0/0
/spttest/i2vf1rh6x3xc,21065ee70ac62c20,1024,0/0
/spttest/88gjsk9fasf2,f0accab6bc7215e,1024,0/0
/spttest/9mnfnxbag1yl,1196bf7d7af493ed,1024,0/0
/spttest/r65o4bredg7n,31a190cf785a5d53,1024,0/0
/spttest/g8hc1ygs4c7k,1da7ff1e91a952d0,1024,0/0
/spttest/wwqomjialajr,3c1cf0ba67f6aaa7,1024,0/0
/spttest/jhgcxm7o9k84,2397640b86d602a4,1024,0/0
/spttest/ghorn5j3l6nw,1e1f950150d433fc,1024,0/0
/spttest/enifsuxhf6kl,1ac40177fea78405,1024,0/0
/spttest/drwgzvnlt2ie,19296979921952f6,1024,0/0
/spttest/ya25f2ai7jtq,3e9d8d71a60dfa1e,1024,0/0
/spttest/5e9s5ojv4w45,9db735de358e695,1024,0/0
/spttest/jpjcwtixb7k9,2400632594aa1409,1024,0/0
/spttest/tfod2360yhnp,35c471380f8f15e5,1024,0/0
/spttest/19x7d4xp5m4t,2547f9a05f45c4d,1024,0/0
/spttest/bzp4mcqex4sc,15e772b68ab94c7c,1024,0/0
/spttest/hbu3vywdkzfl,1fa72ff74ae57d61,1024,0/0
/spttest/rxhfac60k9t7,3304847f575486ab,1024,0/0
/spttest/qffgn0l9s9hy,3046635dee3dfc16,1024,0/0
/spttest/jzddr5enmswe,24801faa940fbace,1024,0/0
/spttest/phv1ieo1j5mn,2e925fb6f7a7043f,1024,0/0
/spttest/5nrfmmx0zryu,a56b928abd87c56,1024,0/0
/spttest/a4t26tu6m44i,128295bf3ef90c62,1024,0/0
/spttest/2zqslvwfn6ni,57785723db7a06e,1024,0/0
/spttest/70dc3t123mcf,cce1c8b38b009df,1024,0/0
/spttest/f6rj55a4rety,1bbe153be055ffd6,1024,0/0
/spttest/py36eolfbjwd,2f652354f29b1c7d,1024,0/0
/spttest/d8xnzet4mk8u,18330be4740bc7fe,1024,0/0
/spttest/bjdbvdpk7pse,15135cca534ca64e,1024,0/0
/spttest/4eayz6ewljn9,80843fd5a7f8eb5,1024,0/0
/spttest/pswj3r6vau6e,2f21cb0bfcd67e46,1024,0/0
/spttest/7fl8dhsu70j8,d93ccc4a0951c74,1024,0/0
/spttest/uwtuv0tc48up,3876db58f2d6e5d1,1024,0/0
/spttest/eeb378vx0nuz,1a4c73402dc355cb,1024,0/0
/spttest/w1e8h7l3hd54,3a85c7eb081463c8,1024,0/0
/spttest/jrus8hnihmup,241e7d078a24abf1,1024,0/0
/spttest/2sh0ptur90j0,51911c626d6adec,1024,0/0
/spttest/ti232jtuwtfx,35e35f4352f27f0d,1024,0/0
/spttest/hik5qo6vy4r6,1ffe85d5adc3a392,1024,0/0
/spttest/2ibut5h6ahuk,49550352798b2dc,1024,0/0
/spttest/iaffsssqarzb,216884fdcdcbb627,1024,0/0
/spttest/9utba568qh2u,1200c88210e888f6,1024,0/0
/spttest/l1igmnl5pvr8,266f8ca3e86df604,1024,0/0
/spttest/njq1qdb8yw89,2b0352784aaa3ba9,1024,0/0
/spttest/7ogrvckbo81m,e071842867979ba,1024,0/0
/spttest/b3ptkq75x7h7,14480a86c367e51b,1024,0/0
/spttest/k2mpgq0sq3e6,24aa74cc03bccfae,1024,0/0
/spttest/apan99q3bc2a,138cb7327ee06cd2,1024,0/0
/spttest/7frcm81zumj8,d9601dce1cb7494,1024,0/0
/spttest/i5qi9icvr7eg,212b9114b9b6ed38,1024,0/0
/spttest/vier8pnztix9,398f2c2f39c8540d,1024,0/0
/spttest/bg00f9fg2w82,14e796dc4c290ba2,1024,0/0
/spttest/vaei50m1ftix,39272ac670b03c39,1024,0/0
/spttest/p2afm8jv5bb8,2dc819531b417384,1024,0/0
/spttest/l5ks79trtxs4,26a45818c5952f44,1024,0/0
/spttest/f2r9sy3xchn5,1b8a083ed5cab151,1024,0/0
/spttest/xsg8lnx8qd9t,3db8d425607ca1b1,1024,0/0
/spttest/whr7d11burrv,3b5a49f2f775c71b,1024,0/0
/spttest/70ar2504asv7,ccd2dce99e904a3,1024,0/0
/spttest/m3810h12kjp3,285960a5569d96b7,1024,0/0
/spttest/x82nqviatxyb,3cb024b6d2899323,1024,0/0
/spttest/bfcjb8w4b9jo,14df1e7c897b4914,1024,0/0
/spttest/j1phgud3fkme,22cadae28d1f2d26,1024,0/0
/spttest/6orvylck8f3v,c377d900622127b,1024,0/0
/spttest/p4z795il32hi,2deb0395d8ba7c56,1024,0/0
/spttest/ldxuvtyhzxju,2710f9d1d8379d9a,1024,0/0
/spttest/gtlinoiy19lr,1eba47ed3d7f10df,1024,0/0
/spttest/es75rdvazz4y,1b00e1f0567952a2,1024,0/0
/spttest/awo7wv3u80df,13ec89c75e686de3,1024,0/0
/spttest/qibk9qjumwyq,306bf2fb1a033a62,1024,0/0
/spttest/day32csapsg4,184d2d1a3918d644,1024,0/0
/spttest/6dyblcmu46h0,baaee0e8960efc4,1024,0/0
/spttest/orjs60bomd36,2d3c97036ac98fc2,1024,0/0
/spttest/sew5orn5qfah,33e6a6c18e1960e9,1024,0/0
/spttest/o3mcrczyormu,2c05c66d0156efe6,1024,0/0
/spttest/udbr7esqoeqs,3779877605d34aa4,1024,0/0
/spttest/nnqiq33p60t5,2b3773184d8e9e99,1024,0/0
/spttest/skbbj229qpmo,342d118d12c2d540,1024,0/0
/spttest/f6fforklefoa,1bb9b7f33c40fbda,1024,0/0
/spttest/277gitvovafk,404d84104788a90,1024,0/0
/spttest/3a9f09o3097t,600221d3ef701a9,1024,0/0
/spttest/hfly3bqumouu,1fd8332d355c1d56,1024,0/0
/spttest/82hp4ieqjxz,68d0330b22bd77,1024,0/0
/spttest/iu62why3bdsd,2268edb86210d58d,1024,0/0
/spttest/r5y6r1ehiyhy,319eddaad7c3f826,1024,0/0
/spttest/xankfcp8v57b,3cd1aa712f27b817,1024,0/0
/spttest/4gylvw0fh6km,82ac5c057756a86,1024,0/0
/spttest/k5l2kl4u0nd7,24d0d576143b344b,1024,0/0
/spttest/6mlofukj9w9x,c1b458b14586ea5,1024,0/0
/spttest/fahtw9ghged3,1bee8a2b390a2db7,1024,0/0
/spttest/ki5klrln01wl,25741a2cd046e4a5,1024,0/0
/spttest/tmpqw30dbtgp,361fdde09c18c6e9,1024,0/0
/spttest/miqxs32r55wl,29230a32c1222025,1024,0/0
/spttest/nfabub39qh5i,2ac9b17d57ed9e56,1024,0/0
/spttest/2fzky1o16d08,476e7f75b511858,1024,0/0
/spttest/o944585s3tqj,2c4d213be649494b,1024,0/0
/spttest/j6g18whi4b54,2308643c648a4768,1024,0/0
/spttest/9mjo0dq87327,1195636e649e8b3f,1024,0/0
/spttest/g0l6zmqvryyo,1d41798b3b2b30c0,1024,0/0
/spttest/aihs8mdtdqvu,13345dc2b348ba5a,1024,0/0
/spttest/9l59irvkzy6a,118333d7de2837c2,1024,0/0
/spttest/3bd648nvidd3,60e7a08f447cf27,1024,0/0
/spttest/9p8375xmeb1v,11b82dc0b3af3973,1024,0/0
/spttest/cxzm5kz8i2i0,17a4de1cf5d4d128,1024,0/0
/spttest/l5dhm8l17xe0,26a1b65caf95b9c8,1024,0/0
/spttest/s2z4qyx3wk5j,334bda5f0755d507,1024,0/0
/spttest/t8ja66k39tq7,3567af2cd40e91bf,1024,0/0
/spttest/y6k0gl5h9qmd,3e700a5338002405,1024,0/0
/spttest/hypergo7wcdc,20d03eee991d8da0,1024,0/0
/spttest/oqslrxa3tfi3,2d32c8ac19630ebb,1024,0/0
/spttest/85lrl2ka91m9,ee5b6bba3f3ea71,1024,0/0
/spttest/5s19wyyg1czi,a8e3b35c6b9effe,1024,0/0
/spttest/7m1wy6fssndh,de7c140dd547d55,1024,0/0
/spttest/q7p6gjakl501,2fe1fae033263891,1024,0/0
/spttest/zc818a2ewkjd,408d44a998fce5f9,1024,0/0
/spttest/5frm1pupdu08,9eedf931ac29a28,1024,0/0
/spttest/uwz1lvqm1s6k,3878ba7f66f4f2ec,1024,0/0
/spttest/v3c2ow17l5c,193df0b6a8187d0,1024,0/0
/spttest/6hrcsy2zcqv9,bdc5f9cf7d67e05,1024,0/0
/spttest/99bba4la4mux,10e9837cba84cab9,1024,0/0
/spttest/843ldyvyuvlc,ed22af26de19970,1024,0/0
/spttest/2f7jkc0l45g2,46cca1cc2ade992,1024,0/0
/spttest/tdmypupuch2j,35a9f58b5805e36b,1024,0/0
/spttest/tvo7dpcv16gy,369436c287a3d602,1024,0/0
/spttest/w3xtm498z1wf,3aa6d3a8ce9c805f,1024,0/0
/spttest/u5dslpkv94o3,371259ba85d99ee3,1024,0/0
/spttest/v29d0pgxr3ly,38bd65be7924dc06,1024,0/0
/spttest/srbxtehzzizg,34883788641c51dc,1024,0/0
/spttest/w60th1roa3mb,3ac1e2ea92fbe4d3,1024,0/0
/spttest/1dygtbfm1szp,288e93df98fab05,1024,0/0
/spttest/gs7y15qcnpm9,1ea864f642f0a571,1024,0/0
/spttest/anxa1lgmhqu8,137ae74050934820,1024,0/0
/spttest/hr4xr4ywr8tg,206def20e91f4d64,1024,0/0
/spttest/sxdcnazcwnp5,34d6a97e5acd97f9,1024,0/0
/spttest/aargu72r9rv3,12cff2232c31284f,1024,0/0
/spttest/ukrz4lru71tv,37da4e79ede97f03,1024,0/0
/spttest/5voefb25znit,abd8b0513283ed5,1024,0/0
/spttest/wvj2lt0wm9mn,3c0d3464df420a3f,1024,0/0
/spttest/4lr5n00vnm04,86907c56f840e24,1024,0/0
/spttest/4ixmm0k7nncj,84465c2354c8cf3,1024,0/0
/spttest/1w3debdtq6es,3747cf01b2a63f4,1024,0/0
/spttest/sj86bg29y7y3,341ef1d177880dbb,1024,0/0
/spttest/l71usvf1d9mt,26b77e48de169f05,1024,0/0
/spttest/2bz2yi88k9o5,442c4c9b94235f5,1024,0/0
/spttest/j82ufrtruggo,231d9c7dcca0add8,1024,0/0
/spttest/7p51ix7dmujb,e0fd9deaf1e7d17,1024,0/0
/spttest/bpuefk3zzx86,15677529177381f6,1024,0/0
/spttest/kbv9egvx2hdx,252272356076e185,1024,0/0
/spttest/t3qu37zstfd,17a0a67a2eeb2f9,1024,0/0
/spttest/mckb8d09lukh,28d2b6986b770701,1024,0/0
/spttest/5johr82m6cvn,a21b47c5af7e4b3,1024,0/0
/spttest/e1m5unxrm4k8,19a795c3b5d5cf98,1024,0/0
/spttest/aaonfecehumt,12ceedf03f82d355,1024,0/0
/spttest/cvk2097p9rft,1785466174bbb829,1024,0/0
/spttest/2e8tp45n4b8u,4604338f5e33cee,1024,0/0
/spttest/i21ydllj6ur1,20fbbd72e1f6d82d,1024,0/0
/spttest/gqut4l88bz6o,1e96aa556a04fee0,1024,0/0
/spttest/ovlff6kvzufi,2d7124134c7bf3ce,1024,0/0
/spttest/1by8h4audtvr,26ed9553d939e87,1024,0/0
/spttest/h5hbppeofgsb,1f54a3b7e302e2bb,1024,0/0
/spttest/fruphrsk2xzn,1cd0010644d68c93,1024,0/0
/spttest/e5t2z75c4xf1,19de09feb03e722d,1024,0/0
/spttest/2m51rw1iyjiz,4c6d08703a84d5b,1024,0/0
/spttest/b8v25ndaf2a2,148ae0ab2d85074a,1024,0/0
/spttest/da3uj96nlsq1,1842442ae71d23a9,1024,0/0
/spttest/h0zofv782ubf,1f1a50b78b7639fb,1024,0/0
/spttest/71d33i2vwbiy,cdb02afd3d7a95a,1024,0/0
/spttest/434ce75v2olh,776fe03814e8c05,1024,0/0
/spttest/64p9qnmimp5k,b32c2adb77182d8,1024,0/0
/spttest/ve2helndrp3s,3956c9801f5270d8,1024,0/0
/spttest/iqb1yanmdlqn,2236c418cc0a614f,1024,0/0
/spttest/swbibb19pt4v,34c9020a37741cbf,1024,0/0
/spttest/lak312kouvff,26e509cb3761429b,1024,0/0
/spttest/3qfobjaragvl,6d238539514c6f1,1024,0/0
/spttest/5ooz26jus30r,a62d32b31c8e84b,1024,0/0
/spttest/2cmvo8f9ya74,44b5aeee5142d20,1024,0/0
/spttest/kdm31j592xyc,25391d174ca56564,1024,0/0
/spttest/yjg5420faj9f,3f17812017b40f03,1024,0/0
/spttest/axum20crtmd5,13fbd5885f234179,1024,0/0
/spttest/2tm7dvixljfh,527edfb02d7ce9d,1024,0/0
/spttest/gy0dru09c17n,1ef399f1bd30da23,1024,0/0
/spttest/gjxont5wf92l,1e3cc72ea5ccbfad,1024,0/0
/spttest/qfrex6lilmuj,304ab360fd76cceb,1024,0/0
/spttest/odmlfxc6msla,2c87c14529cd803e,1024,0/0
/spttest/4sii87dc4bkm,8c0d58e09166396,1024,0/0
/spttest/miee54k07cf2,291e8364a3938a9e,1024,0/0
/spttest/if28zet7aw9u,21a4b4ffa6d55ce2,1024,0/0
/spttest/20hasth3whju,3ad7874dd0ab7da,1024,0/0
/spttest/fygpci7mjwxo,1d25e04a76cf9f7c,1024,0/0
/spttest/xtyrglgpkcmk,3dcc806b767cc5ec,1024,0/0
/spttest/hpkwlkerbpoi,2059b78b4c19c9c2,1024,0/0
/spttest/w1gr8uqvmuya,3a86b0cf13604d32,1024,0/0
/spttest/e052s3mv4wbs,19946e5e17aa43a8,1024,0/0
/spttest/52w6ih8nznnt,947a93869f28989,1024,0/0
/spttest/9cs1vscgr0u3,1116856746ed7cfb,1024,0/0
/spttest/t2pui5pxs2xo,351c1e03735992dc,1024,0/0
/spttest/3mi1bklnanlx,69f1d64d2678105,1024,0/0
/spttest/5n9l7lu80e9z,a5048da9ff59847,1024,0/0
/spttest/bl1h8wvyaive,152910ada581bc0a,1024,0/0
/spttest/fa1r46f5rrc6,1be8bd24cdf5e426,1024,0/0
/spttest/abv290yxf8x4,12de3b6ff3c0a3e8,1024,0/0
/spttest/jhnsraj74ki7,239a13397a4033cf,1024,0/0
/spttest/4fdh5mqva0si,81628a080ade982,1024,0/0
/spttest/8oxyik8c3pyg,fe0e8cfb85f1228,1024,0/0
/spttest/o2z3d9a1z56,138d0f0c66b062a,1024,0/0
/spttest/1xu1t7vfmj6y,38b1a68ef7a05aa,1024,0/0
/spttest/qvodewumy87d,31196e838b91ec09,1024,0/0
/spttest/c6ua6a0rydj5,16443b99b19a9401,1024,0/0
/spttest/tdgq3lxvbpul,35a7b53925430a9d,1024,0/0
/spttest/xniaufkplzae,3d78a05af6a49ee6,1024,0/0
/spttest/4bm9mgqb3fke,7e55f9670ec848e,1024,0/0
/spttest/lw6f17p8n4gx,27fddf1606f63261,1024,0/0
/spttest/a4jf9vfo0mtr,127f1ba305a5578f,1024,0/0
/spttest/cdsgvp7cyggi,169e80de17e8dfd2,1024,0/0
/spttest/liuofk2hfvv9,2750c671a9974815,1024,0/0
/spttest/kcd26m2apn8m,2528de5102feb3e6,1024,0/0
/spttest/rjs3enosx57c,32528478ec598498,1024,0/0
/spttest/c2b0vv5qexn8,160953be1d62dfd4,1024,0/0
/spttest/lkczdbtqytrq,27645e64d3c9a936,1024,0/0
/spttest/h8v5zfs2qbhy,1f8099f15e259eb6,1024,0/0
/spttest/r385n0or35a5,317b7eba3082587d,1024,0/0
/spttest/wd5lmh3o8iri,3b1e896a41dfa4fe,1024,0/0
/spttest/uu0rg1vqqqul,385261640145506d,1024,0/0
/spttest/wncfkaffnnoo,3ba2e502756382a8,1024,0/0
/spttest/a1p5qacoaxi4,125a35968e10b01c,1024,0/0
/spttest/d92b0kk6m2hg,1834b876088e8c14,1024,0/0
/spttest/dkzgsrex1h1h,18cf914673b57585,1024,0/0
/spttest/wmm00iyvruti,3b995b8a3d9f3bc6,1024,0/0
/spttest/nw3bh0l7h4wt,2ba3fb543a284e1d,1024,0/0
/spttest/9odsbh729fhy,11ad3eca0a6144b6,1024,0/0
/spttest/um81a41mzqjk,37ed172624d3ab20,1024,0/0
/spttest/2exqfub7mx56,4694011fd70644a,1024,0/0
/spttest/qcfyhkmmvit4,301f99649441def8,1024,0/0
/spttest/ibgnrqz0iq6x,2175f3115a512119,1024,0/0
/spttest/e7nrfobz2nov,19f6190d551e336f,1024,0/0
/spttest/a5ulpss5jdp1,12902179586ee115,1024,0/0
/spttest/glb8akdrqbx2,1e4ea7990e20cdd6,1024,0/0
/spttest/cuaebc1x50q,a6ccce5e5018aa,1024,0/0
/spttest/8m7l0q2fxkxv,fbd6a18dbe63f43,1024,0/0
/spttest/szk1dhwvh8sv,34f30da97fb595cf,1024,0/0
/spttest/sr2xldqbnqao,3484f7a59b2787e0,1024,0/0
/spttest/x860a9frbh7a,3cb159fd72c9d2d6,1024,0/0
/spttest/rvtxc2573cq6,32ef0cb5aec91e2e,1024,0/0
/spttest/ud33nsf3duqw,3776681a83c2dbe8,1024,0/0
/spttest/gfwnlhy65qck,1e08730e7859f2a4,1024,0/0
/spttest/ipdbprnu2kr8,222a98a06e715f94,1024,0/0
/spttest/w1xzfoplt56m,3a8ce8150dcf387e,1024,0/0
/spttest/82cnw8f3pqwa,ebb762e58d6536a,1024,0/0
/spttest/8mzplg11yvw3,fc79025da9e5af3,1024,0/0
/spttest/uk0gm6i7seq,18ce64042721592,1024,0/0
/spttest/8s9iblhkuwtu,100c0b73982a89b2,1024,0/0
/spttest/1shd5r65irpc,3459474c95c49c0,1024,0/0
/spttest/k2wfmn9t2zfu,24adf73e630c10ea,1024,0/0
/spttest/w4zs5vsi5yty,3ab485ee027db196,1024,0/0
/spttest/5rh9efa8mn0z,a870285fbddfe13,1024,0/0
/spttest/1tx4wtm4fzew,358427121e0cd08,1024,0/0
/spttest/jftvo9ofsdbf,23824a670144916b,1024,0/0
/spttest/7uh2mumczfm7,e55236b0d9a3dcf,1024,0/0
/spttest/k8q0g58v5msb,24f9959fe1baf19b,1024,0/0
/spttest/7c7cqueyys36,d67d30ea0737cb2,1024,0/0
/spttest/3f6nmgzb372k,6401566e2aa1d8c,1024,0/0
/spttest/cf4ixvvok7wi,16afd7d49d0a8902,1024,0/0
/spttest/bf2g9egoph16,14db7af9a56e9a7a,1024,0/0
/spttest/dhcuv8z7dsst,18a071223c61e60d,1024,0/0
/spttest/5zcwop1wimj5,aed5a7b299a9691,1024,0/0
/spttest/fwp97xzmxsl0,1d0efbb6c3b220f4,1024,0/0
/spttest/ml3uiloznqqe,2941ad202b381a16,1024,0/0
/spttest/q9muupn7fugi,2ffb1edfac1d7af2,1024,0/0
/spttest/cqpi5flo46lu,17464b5c1c58b672,1024,0/0
/spttest/7ruzaj03cn4t,e33303a4ebd931d,1024,0/0
/spttest/jsvs3rgmrfzf,242bd65146ab0fab,1024,0/0
/spttest/h72hrk7tz8ic,1f69443c2fe1ced4,1024,0/0
/spttest/c4lvg58lxvv8,1627385b81b9c494,1024,0/0
/spttest/541kq4y0zfxg,95698c8fde9c364,1024,0/0
/spttest/7gugkngwo9it,da41e60197f1635,1024,0/0
/spttest/uklnlgupac5k,37d806ade65e8d08,1024,0/0
/spttest/i081bhkk7twy,20e3f4b10c38c732,1024,0/0
/spttest/kb9txmjos349,251ab6c9c957e2c9,1024,0/0
/spttest/xzyl0mod7v0f,3e1a5f6d70ca85bf,1024,0/0
/spttest/cmim6xezyk20,170fda1ff7632508,1024,0/0
/spttest/f9jymuqnm4l3,1be251ce932d3fb7,1024,0/0
/spttest/wrfbpua0qtrd,3bd7e54615cca129,1024,0/0
/spttest/no3luy4v8uy,13372ff7938aa9a,1024,0/0
/spttest/1j122zsxcypv,2cacad559329bc3,1024,0/0
/spttest/icavya9xga71,2180db1b704b3c9d,1024,0/0
/spttest/n4ttw3rkpype,2a41d8f96fd88bf2,1024,0/0
/spttest/ikjuh6333k3j,21ec00b08365f77f,1024,0/0
/spttest/fbmsd633i64d,1bfd515714915e7d,1024,0/0
/spttest/63mp7dliddwp,b24d7fee36edda9,1024,0/0
/spttest/3jj6uqs3p4bi,678902fecddd51e,1024,0/0
/spttest/sy5jen3gijol,34e0d525bb702025,1024,0/0
/spttest/mhfaufu9l4tr,2911da0bae885caf,1024,0/0
/spttest/9rxcd3gk81q9,11db44fcafd6fec1,1024,0/0
/spttest/mdu4xf2m0l79,28e33f5c24cdb955,1024,0/0
/spttest/5yi1l7ulr46w,ae237a589ea6af8,1024,0/0
/spttest/wr98ha1t4u5o,3bd5b2c1b9ba32ac,1024,0/0
/spttest/ys97q31s3ier,3f89e88f51856ff3,1024,0/0
/spttest/ezsvgc57my9h,1b63a4645b20b1f5,1024,0/0
/spttest/ugey2t7po1vd,37a1a5f7f747a479,1024,0/0
/spttest/fcihi4q4ljvg,1c08c141032043dc,1024,0/0
/spttest/eytn7ju3pmhp,1b56ee59dd4b491d,1024,0/0
/spttest/mli1bs1i4zat,2946cbc1557701b5,1024,0/0
/spttest/cdjdf13tru0l,169b38aaff58c9b5,1024,0/0
/spttest/38etg66hg2yp,5e81a7f15525c01,1024,0/0
/spttest/fp1uphldude1,1cab9d35fd889049,1024,0/0
/spttest/6upj0u2auhss,c84932bcc66279c,1024,0/0
/spttest/n5yqxeywe654,2a509c77e9531e98,1024,0/0
/spttest/5dmp1c4tybv3,9d31ee3e0be3d8f,1024,0/0
/spttest/pnpf3ffrvso5,2ede47e629a9e9e5,1024,0/0
/spttest/bp50m8y3m07d,155e4c82a0fc5589,1024,0/0
/spttest/6qxvamyscaea,c53a094041d03a2,1024,0/0
/spttest/kac3p5htqcie,250e8b5267c172d6,1024,0/0
/spttest/9llrt6lg562u,118928a93d53d206,1024,0/0
/spttest/1k3dnr65j45z,2d89e87a48508d7,1024,0/0
/spttest/9lx4wk7kmb7w,118d424ec738324c,1024,0/0
/spttest/j4kl56vr0vnv,22f00e3f2165174b,1024,0/0
/spttest/6mvu0tpelfng,c1eef8cb40ee47c,1024,0/0
/spttest/5f84olxnkajs,9e7d80680215d68,1024,0/0
/spttest/eec4y9cjpg8j,1a4cd41c2788d173,1024,0/0
/spttest/893ho8omcwyl,f1313b319d7e7dd,1024,0/0
/spttest/2w9wi1jakdsz,54a7567b7cc88e3,1024,0/0
/spttest/eh919861jc50,1a72ad4b40a4fd34,1024,0/0
/spttest/wln1kw1l2yoi,3b8cbeab2ac2f512,1024,0/0
/spttest/jokdp5qu06o3,23f3c447328237c3,1024,0/0
/spttest/97atv842424,7789acc0a3550c,1024,0/0
/spttest/rmdmgpbyamjx,3274439d572a8ead,1024,0/0
/spttest/9k1epamjc3qt,1174d2683e9688f5,1024,0/0
/spttest/j5ehkau4wn5q,22fad81b8ec9993e,1024,0/0
/spttest/6w58ngb77xob,c973bb54582d93b,1024,0/0
/spttest/mmj1535kj304,295424e73d74cdf4,1024,0/0
/spttest/kxapbirt6wnu,2638caf7480853da,1024,0/0
/spttest/5kz62mlrjksr,a328bd1068b3f0b,1024,0/0
/spttest/pzdg3drfgpsd,2f75d51f967e318d,1024,0/0
/spttest/vbxom0knlygb,393b13a27eb768ab,1024,0/0
/spttest/1r6bd2n3xprq,3349a89f1a3ffb6,1024,0/0
/spttest/4fi1mhh4dl0,398cd9b83352c4,1024,0/0
/spttest/em2ez420kxz,bdcfe4fa5eec07,1024,0/0
/spttest/o16nhmf9xh9u,2be6218ccefabab2,1024,0/0
/spttest/qr420fxqex2g,30de24ddfe080ce8,1024,0/0
/spttest/jpx0xee5w25a,2405518dd9190fde,1024,0/0
/spttest/xyrd9an98osg,3e0ac7af36917480,1024,0/0
/spttest/s5dzh5uez41c,336b30e160239530,1024,0/0
/spttest/huiyupwcaqjg,2099f6e00b8dc0dc,1024,0/0
/spttest/g5dpe82davz7,1d7fb81b10273563,1024,0/0
/spttest/t1uw5s7da2br,3510f2d8f673d347,1024,0/0
/spttest/pwgdv1p9v4m5,2f4fecbb788ca61d,1024,0/0
/spttest/k56baiw16yri,24cb82500083b67e,1024,0/0
/spttest/uac9sc7iw02a,3752bf5dd57b5652,1024,0/0
/spttest/a2ucz5l0onis,126913474ec31114,1024,0/0
/spttest/ovs1cmd0f2xc,2d73868caddc7090,1024,0/0
/spttest/rnqkpkh4qhps,3285ed28a44bc430,1024,0/0
/spttest/vuq8lc01dcmw,3a2f2fd56ea32238,1024,0/0
/spttest/wqg4xpbtekiu,3bcb32fc33c97866,1024,0/0
/spttest/r2bbl2kbv7fa,316fa5d4c8355256,1024,0/0
/spttest/sswdks4tprqh,349c9497ab33e5a9,1024,0/0
/spttest/yicbu19ymbt8,3f0923a458cc9b4c,1024,0/0
/spttest/9kcmkyesqk86,1178deacc4d89ce6,1024,0/0
/spttest/rajj6y0bu8ke,31da8659b4a411de,1024,0/0
/spttest/6rrq9q48d8ba,c5e66bb440ee356,1024,0/0
/spttest/a302irzf3owl,126b22a9b2a0abd5,1024,0/0
/spttest/awoemrk3grg1,13ec9b05001bd1f1,1024,0/0
/spttest/s41p99e4p4fz,3359c4fbd6322ebf,1024,0/0
/spttest/l4iadf64y0pm,2696745b8e2bc41a,1024,0/0
/spttest/35k0kchjyvxa,5c302d354766d1e,1024,0/0
/spttest/ro26mjcrp92a,328a1d70ce5b5522,1024,0/0
/spttest/tb619vj19hj8,3589df544f96be04,1024,0/0
/spttest/pqj2q8e5kwz8,2f02f5badb9d00f4,1024,0/0
/spttest/o9ez7yd4qk4o,2c510ca67032a068,1024,0/0
/spttest/gah52lbv5efb,1dc1e7b7b7753347,1024,0/0
/spttest/dpokmnatm8qb,190c9555e6896ab3,1024,0/0
/spttest/zwjjx1v3b93w,419535cc24b311dc,1024,0/0
/spttest/2lppy3nxg43e,4c148a835aca5ba,1024,0/0
/spttest/7ie2iyi3fd8t,db82ef48d91fbcd,1024,0/0
/spttest/gle35x94jt9o,1e4faf8af4e7b2ec,1024,0/0
/spttest/gfety2fz6hf7,1e0204b7fcdcdcb3,1024,0/0
/spttest/u9mlscnyvsc9,37497c9522237f39,1024,0/0
/spttest/cbv4cxs7u9th,16857b550ccef435,1024,0/0
/spttest/hasmxbd8ujv1,1f99aad191ff0c0d,1024,0/0
/spttest/54ogpzg1dba3,95edafb0d90cb5b,1024,0/0
/spttest/3wripzhdpf7a,7246debc1959a36,1024,0/0
/spttest/uzrbh3uyutsq,389ce8a3b4e2fc5a,1024,0/0
/spttest/g9b6tqdbmu7f,1db2c4c0663b616b,1024,0/0
/spttest/ieu4ij228jk2,21a1c6961ad94f02,1024,0/0
/spttest/h0es135sfwuz,1f12c631964d941b,1024,0/0
/spttest/tg3hqtfu0nqv,35c9e6c4af454237,1024,0/0
/spttest/w50ccvd5vy8r,3ab4b9be545b281b,1024,0/0
/spttest/oiw72rx8m65i,2ccc2a60c51624a6,1024,0/0
/spttest/14x6ntq5053c,2138b83967b76c8,1024,0/0
/spttest/o08r1pighlea,2bd9e628a007ee92,1024,0/0
/spttest/a8j1kit07285,12b2ed807142bb05,1024,0/0
/spttest/swndp96f5cxd,34cd4a9fc018e7b1,1024,0/0
/spttest/kgttzhj1k5hc,2562e091c025f5c0,1024,0/0
/spttest/38csud11ccwa,5e760349c88614a,1024,0/0
/spttest/slgdvzx9iojh,343be2b3efc909bd,1024,0/0
/spttest/2eneludpzfi7,4658606b53d663f,1024,0/0
/spttest/b5p9k8tz3lht,1461d1b0973aa691,1024,0/0
/spttest/pl48ay1vz9ee,2ebca83a5004dd56,1024,0/0
/spttest/nlkug74kpat,1328a1fb1243d15,1024,0/0
/spttest/46euqma6itge,7a1c0891ea5739e,1024,0/0
/spttest/2vhvjew18g4d,54058a05418c49d,1024,0/0
/spttest/1vd1ax2gvuyg,36afc55007a9678,1024,0/0
/spttest/8h8vmrijuyv3,f7cef690f2bb6ff,1024,0/0
/spttest/2vcu4gmcf86l,53e872754b07b2d,1024,0/0
/spttest/bpppen1dygm0,1565c37a3a7f4998,1024,0/0
/spttest/uwhb21jsh6kk,3872541cfb7e9384,1024,0/0
/spttest/b26pawt26chk,1434274f705ddab8,1024,0/0
/spttest/xbuou6i2iwu2,3ce13998b3e620ba,1024,0/0
/spttest/9jqlpn5zeskk,1170ec5783dc6f24,1024,0/0
/spttest/phw9o4an6tym,2e92d1042e47fc2e,1024,0/0
/spttest/935hiqmbdybj,109979bef1eb11ff,1024,0/0
/spttest/lvjuivdnmpue,27f5ba5c9a756756,1024,0/0
/spttest/hrzatr800ifa,2078e3b7b68f6d46,1024,0/0
/spttest/jgf0hlmddr8v,2389ea7d36eba02f,1024,0/0
/spttest/nvs0nn166tcg,2b9fe786dafb7410,1024,0/0
/spttest/bpcehowqgs4k,1560f6af27348c64,1024,0/0
/spttest/u8i8np2r24rx,373aec2a761b17ad,1024,0/0
/spttest/y6bugjvg5m8t,3e6d17fb5d741bdd,1024,0/0
/spttest/mglb1rqnil18,29070785545349fc,1024,0/0
/spttest/8f552zwou9xu,f619bac4895d5d2,1024,0/0
/spttest/ostjht6jz2sd,2d4d19b399add3dd,1024,0/0
/spttest/xi75fcxrw41,1b336729d897c51,1024,0/0
/spttest/ha9i4t0k3dqa,1f92c386e5d6cc42,1024,0/0
/spttest/ixhcobj95zwn,2293f69db770ca07,1024,0/0
/spttest/fmknzriim3yx,1c8b6f358d0d0799,1024,0/0
/spttest/d1md2i4f5rsr,17d40b0a96cfbafb,1024,0/0
/spttest/gxfa8ftlng84,1eebfd21b0896ae4,1024,0/0
/spttest/rbni7i8e9mai,31e8f28deb03a71a,1024,0/0
/spttest/cljhbwym8sol,17032cc34e7fa135,1024,0/0
/spttest/l84gwumq9eka,26c56d02367703fa,1024,0/0
/spttest/rk646yqyhcjm,325793a52f9a03c2,1024,0/0
/spttest/mwel1ieqwb3y,29d46eb0af40b23e,1024,0/0
/spttest/jbjlxfww91qt,234aa0b05fd84115,1024,0/0
/spttest/23wi7x4kkocq,3d9ecc980f0ac4a,1024,0/0
/spttest/unvxhuckdpwj,3802b388091d2863,1024,0/0
/spttest/9ggpck0mf8re,11466238386ff01a,1024,0/0
/spttest/spzv6tib8c8x,3476df1db434b301,1024,0/0
/spttest/cvqtuuzp4z03,1787b80c2f0d0f33,1024,0/0
/spttest/lkfv9eaeqrre,276568f48a42650a,1024,0/0
/spttest/soo51ixuvskm,3465a6b890790466,1024,0/0
/spttest/9fr1je49hbon,113d1fec048c2e67,1024,0/0
/spttest/o25sqkzhleyj,2bf2cfe7f2571bfb,1024,0/0
/spttest/a403cud6qea8,1278220ffed8c4d0,1024,0/0
/spttest/qp4dlr59ojxp,30c44818a24c47ed,1024,0/0
/spttest/cawofxw0kaad,16790df93441c115,1024,0/0
/spttest/n3xtam0b9g42,2a364ba8a32b84d2,1024,0/0
/spttest/kb15258vqnvf,2517940510936a5b,1024,0/0
/spttest/83xuokfqqpm7,ed01895c0f23a2f,1024,0/0
/spttest/oi2a1ytidlg3,2cc15ef8708bf3d3,1024,0/0
/spttest/x7focxxzcku5,3ca7d9d13f692b7d,1024,0/0
/spttest/l3qc6ufhl3e,1121f1344e78c0a,1024,0/0
/spttest/y0cjtjahfukz,3e1f6982f227d193,1024,0/0
/spttest/d45l17pw4ocz,17f4f4fc5ff22853,1024,0/0
/spttest/nmy9x2s4tl9m,2b2d4230babae4ea,1024,0/0
/spttest/8ioouv7ci3b8,f8fa12d0d415944,1024,0/0
/spttest/8rh41k77fn6b,1001cc8126dc8613,1024,0/0
/spttest/bv4f6gdyxt6s,15ac050b268f4804,1024,0/0
/spttest/jr2x07jxglet,24146ef519262d65,1024,0/0
/spttest/t94cw3e2zrvg,356f49e2f632e1dc,1024,0/0
/spttest/wqbebigdy3of,3bc97d385fc5941f,1024,0/0
/spttest/zst7e6aee9jd,4164bc5170783dc9,1024,0/0
/spttest/ncq398bpqiz9,2aa8699535ec6795,1024,0/0
/spttest/48b5iu6kvx0o,7ba653ec60c84e8,1024,0/0
/spttest/kg62kig5z72i,255a4dc19e69938a,1024,0/0
/spttest/awi5g6nwv99w,13ea593fbfda7cb4,1024,0/0
/spttest/sh9eiua3aouy,340568b9f145475a,1024,0/0
/spttest/8ark9b0ik30u,f28c06d53618e4e,1024,0/0
/spttest/viuhbpsjnhor,3994d8a1f07fec4b,1024,0/0
/spttest/u44d9mjzrz11,3701f5cf46e7b915,1024,0/0
/spttest/5kql3u8yvkd0,a2f731353ce9ad4,1024,0/0
/spttest/fnlh6mizyjrg,1c98b75cd98f038c,1024,0/0
/spttest/92d5nri7vkyg,108f4100f840dad8,1024,0/0
/spttest/gtjofthgup76,1eb99e064b335f12,1024,0/0
/spttest/mqi9bud6153m,2987d291da568a12,1024,0/0
/spttest/wvq1562cs6dn,3c0fb7385b27834b,1024,0/0
/spttest/vh7b0ikn178v,397f7eb6996941ef,1024,0/0
/spttest/ip0bu9jiwkkj,2225e828f6fcbe23,1024,0/0
/spttest/bpztt5oqtpwc,15696a752eb0725c,1024,0/0
/spttest/ysbxlxvry5hi,3f8ae3b61e8f7746,1024,0/0
/spttest/4wserpu2sl0g,8f85d6449fe2360,1024,0/0
/spttest/by99y52r4ynl,15d4bd3bc4999b71,1024,0/0
/spttest/aa0f1e0z7atw,12c62f9370c65594,1024,0/0
/spttest/do4ygi4yo659,18f884327528471d,1024,0/0
/spttest/kp5pza5ncmz4,25cf14c3acd20a50,1024,0/0
/spttest/k8wp05l68zoy,24fbfed6c463f0b2,1024,0/0
/spttest/jvot23jd40ao,245049f50630e380,1024,0/0
/spttest/o8tihmmh9dbq,2c494dfcfa5814b6,1024,0/0
/spttest/fdeltx1xf2qf,1c145824139e7097,1024,0/0
/spttest/si8jaj1bpwnu,341215d9efb6b09a,1024,0/0
/spttest/8i23gmemiltz,f877a2d8e306d07,1024,0/0
/spttest/4j0j2n1tprv7,84571c8fb7e2a53,1024,0/0
/spttest/1x8cspwm0l77,383467f22fc5153,1024,0/0
/spttest/5itid9aae5dp,a1686a4001b94bd,1024,0/0
/spttest/ce3kd8o8t6bx,16a281dda102ed4d,1024,0/0
/spttest/obhdd9pnyuxk,2c6be4332ce21c18,1024,0/0
/spttest/kdpxgz7j0vy,108bc73b2e99e3e,1024,0/0
/spttest/u06pd1eoia2e,36ced88d47a26376,1024,0/0
/spttest/8crntwgwsb9q,f42c41b1464c80e,1024,0/0
/spttest/unl8wf5aopdj,37fed8be4afd0477,1024,0/0
/spttest/5z3lw8ii0qye,ae9ff7b109ee276,1024,0/0
/spttest/jnzlhrk1gfg0,23ec448b57941330,1024,0/0
/spttest/jbymvxnc8un3,23500cabc377651f,1024,0/0
/spttest/6s3h7o1fwzy6,c62a3e9652cd0fe,1024,0/0
/spttest/nprcfab2k4wp,2b51b9cfec8b03d9,1024,0/0
/spttest/jbyef5byo89g,234ff6f2c1a4bdd4,1024,0/0
/spttest/2hkazwxinei9,48b5f6e6efbdf31,1024,0/0
/spttest/uw72g2t1yj2k,386ea256ca16ea0c,1024,0/0
/spttest/uo141j85qni6,3804922bb49cae7e,1024,0/0
/spttest/wj5dok61v9qb,3b6c6493e9c3fc03,1024,0/0
/spttest/awm4r14t8wtj,13ebc8ede323f527,1024,0/0
/spttest/beduimawetcr,14d29a58d966f41b,1024,0/0
/spttest/d5lskni79yvh,1807cb7af8c177cd,1024,0/0
/spttest/eqik5be2fbet,1aeb0463d0fc1185,1024,0/0
/spttest/9syg32uzvyv,7f5a012592e297,1024,0/0
/spttest/29jwqyvneogs,42350d1a7e0665c,1024,0/0
/spttest/bad1b0tsabt,929ef46a745049,1024,0/0
/spttest/1jvu819qal7b,2d5e614f72cb7d7,1024,0/0
/spttest/l46yo647fch,11249bae7dfa571,1024,0/0
/spttest/98ukwxoxl5mg,10e379f1db5140b8,1024,0/0
/spttest/x7ctfkqe8kr1,3ca6d1baaed1910d,1024,0/0
/spttest/56s7vm17tb2c,97a3046b00f0844,1024,0/0
/spttest/yz3p1t2rgh7q,3fe2d799f1ed0e26,1024,0/0
/spttest/wb66gkhmljxl,3b04c45cb6675229,1024,0/0
/spttest/f0otrsac1chc,1b6f2bdc33126970,1024,0/0
/spttest/mg110hd7vvkj,28ffb66804397c93,1024,0/0
/spttest/2anw5odihfjp,431be07fa70cef5,1024,0/0
/spttest/tmevcv299tuy,361bf1492627e06a,1024,0/0
/spttest/aifkh0592290,133391185f7f94e4,1024,0/0
/spttest/sbvtpvpkvfl5,33bf90469a7128a9,1024,0/0
/spttest/ohmkgkui22qq,2cbbb3c720fb4462,1024,0/0
/spttest/qm2l507tpzuz,309caaec13087acb,1024,0/0
/spttest/ktaeddu823jx,2604b9d921b0ce7d,1024,0/0
/spttest/lw060bksuz3e,27fb9db88ef4292a,1024,0/0
/spttest/nn1waf58lukd,2b2e90b17f3639fd,1024,0/0
/spttest/hhedjfl7xpib,1fef7260fbc08a63,1024,0/0
/spttest/9ns1j9kukmtj,11a56655c53bae87,1024,0/0
/spttest/pik11rel1yx,14b6d6fe38e6739,1024,0/0
/spttest/qqlrv0q4qkvf,30d78c31c906d82b,1024,0/0
/spttest/acrhq5qcuby5,12e9eeedcba89bfd,1024,0/0
/spttest/cxc1q8q8fasd,179c5d3c0a18945d,1024,0/0
/spttest/2qrc06l0fn2v,502cfe7902cf697,1024,0/0
/spttest/6t700a97p59k,c70e67f32f7b1e8,1024,0/0
/spttest/kdpf4kioh4rc,253a5133a1dc1258,1024,0/0
/spttest/vxyijjg2ua3m,3a59241473ca00a2,1024,0/0
/spttest/ugynavj4we7i,37a8c1af41e82fee,1024,0/0
/spttest/xup5y1uenhmx,3dd60728bbc34f09,1024,0/0
/spttest/kz0u2tjh8hjf,264f36017a6337cb,1024,0/0
/spttest/ag1a0rmgsx69,13146e9c7d4d6ef1,1024,0/0
/spttest/u0ww9inv2pi1,36d84bd5f3608899,1024,0/0
/spttest/td2dmqmlrzwo,35a28813799e5b88,1024,0/0
/spttest/sl9uvwm6uoi7,343987bca9f7758f,1024,0/0
/spttest/pn75yk1vwub4,2ed7b1d4d82f4470,1024,0/0
/spttest/2xg8dq9n7hsm,559bb5a754b70d6,1024,0/0
/spttest/835h15w6labr,ec5db403dcbfd87,1024,0/0
/spttest/5ynp35tjpeps,ae441c79ec8adc0,1024,0/0
/spttest/53u4wqgpq1mr,953e9a0071923c3,1024,0/0
/spttest/3m0lw8udobuz,698d38df9b3370b,1024,0/0
/spttest/m408vn8g264r,28638f238b4ceb8b,1024,0/0
/spttest/amxr65rfmp2y,136e15f0282fb37a,1024,0/0
/spttest/78vf9b8tycv0,d3c8d50d945c29c,1024,0/0
/spttest/nc8d9bsjdtxr,2aa2049e83cdabcf,1024,0/0
/spttest/auo5xz3cmfce,13d28a3681dddf2e,1024,0/0
/spttest/2tr06t3675db,529a95b856518ef,1024,0/0
/spttest/vsxubt5tm5lm,3a17f3aa9defc6da,1024,0/0
/spttest/jrgquuj7k3zs,24196c5601f54438,1024,0/0
/spttest/ud0qe5adkpj,18a605ec0c88817,1024,0/0
/spttest/pd6ue3uc098q,2e55af953d3da2ca,1024,0/0
/spttest/83bau9yv5jxe,ec7f59329b14b22,1024,0/0
/spttest/sl1v6nr34er4,3436a58eb65242b0,1024,0/0
/spttest/1ru6uu92gnow,33d37d063cc41f0,1024,0/0
/spttest/swm6cqcp4dfp,34ccdb671b342605,1024,0/0
/spttest/1d3u819svfp1,27ddc3b111ed135,1024,0/0
/spttest/udo0di9zh08z,377df36811654283,1024,0/0
/spttest/nlxiaikr5dbb,2b1ffe0ca9303da7,1024,0/0
/spttest/7skm8ibx5fq,653c0227970cc6,1024,0/0
/spttest/wukkw6cxgk7a,3c00c26dc49f9b46,1024,0/0
/spttest/kcknplwxd713,252b9c21267335d7,1024,0/0
/spttest/m5toq44j7e3p,287b2bbba3e18625,1024,0/0
/spttest/ulm4w3ue1jwo,37e5305006785108,1024,0/0
/spttest/fh83xiii12y5,1c45f507d375ff2d,1024,0/0
/spttest/tapsq5cnazne,358403815462c9fa,1024,0/0
/spttest/h4dzmwylmmfl,1f46725e5ae69811,1024,0/0
/spttest/6poyt99jr53l,c436d081b60d991,1024,0/0
/spttest/7t4r223d9c30,e43b40978595e6c,1024,0/0
/spttest/fj7nvgta36io,1c5fc6587724e1c0,1024,0/0
/spttest/vntnbdgspho8,39d57deb14e591b8,1024,0/0
/spttest/qe65vz3nw9jx,30360b35fbba4b5d,1024,0/0
/spttest/x9csx9big5u8,3cc0caefec77af90,1024,0/0
/spttest/fbfw9mvwaxgo,1bfad4c615dd63e8,1024,0/0
/spttest/qwpq83xfro6b,3126e90256507623,1024,0/0
/spttest/y0ao2xkaeqya,3e1ebbb5367d29f2,1024,0/0
/spttest/pxn1i7cqey2n,2f5f50dcaa8b9dff,1024,0/0
/spttest/7e0dpnauhj8r,d7f49792be371ab,1024,0/0
/spttest/47d0h3ekdu8y,7ae13c591c2d662,1024,0/0
/spttest/b82yycpqae65,1480be23f95f043d,1024,0/0
/spttest/tx7101z4b8tm,36a7fea54bdf016a,1024,0/0
/spttest/i1uy1yzmm4a3,20f9360ad510612b,1024,0/0
/spttest/xg5s1ytjpp26,3d192eed28cc321e,1024,0/0
/spttest/4d5qzohg2x09,7f96466b64b4799,1024,0/0
/spttest/rmaeocabb18,166c0bca4ab069c,1024,0/0
/spttest/upaf7ep795cn,3814eb6249a18e57,1024,0/0
/spttest/nsbe58s1gmy3,2b72f01b38f9292b,1024,0/0
/spttest/2emfczuudfqd,4652b97d7fad6e5,1024,0/0
/spttest/bgv0h2b8knhw,14f2c6678ddd27f4,1024,0/0
/spttest/9i3e254h9b1w,115b8efae6f6b134,1024,0/0
/spttest/caeki4y75fgs,1672853d0c89cc8c,1024,0/0
/spttest/h6k019slp8e4,1f62981d5d1bebbc,1024,0/0
/spttest/pfe7q1hn1e01,2e7252e142d3e821,1024,0/0
/spttest/l2b9d14tltev,2679f0ac439ea527,1024,0/0
/spttest/9kwuivsv5019,11802a6b15696e6d,1024,0/0
/spttest/72htf97ee9jc,ce9b4f6f109c1c8,1024,0/0
/spttest/q31evnbh4b3k,2fa5729d46d1fe30,1024,0/0
/spttest/72wrq8fy9ti7,cef1a23a043fb9f,1024,0/0
/spttest/c5xgv9uy8v82,1638649fe2323a12,1024,0/0
/spttest/1sd42vsv8btm,3440bafbfc1ccda,1024,0/0
/spttest/quryh4q4tshw,310dbc66c5bce184,1024,0/0
/spttest/gubbon4mhirv,1ec3979be9e24f4b,1024,0/0
/spttest/tqqheuofbajl,365416f3ce6c3921,1024,0/0
/spttest/765flfw5gl95,d193217aef0a499,1024,0/0
/spttest/yedzs7h3ukq4,3ed5c86e8e46fb6c,1024,0/0
/spttest/76cez8yhewzb,d1bb716a8015777,1024,0/0
/spttest/g6dxt6t46ujs,1d8ccaf48f2c9828,1024,0/0
/spttest/6gso1bmcoq71,bcfdb8b972b2e9d,1024,0/0
/spttest/mjm6bb7598zj,292e4f82a2d1a6bf,1024,0/0
/spttest/phrr4g3r9t4w,2e912ff509ebe2c0,1024,0/0
/spttest/kokt0z84spq5,25c788d97a1c453d,1024,0/0
/spttest/q29v0hms0w61,2f9b81b3838b66d9,1024,0/0
/spttest/el3yfvwxz8p0,1aa4cd41c7c207c4,1024,0/0
/spttest/ahdbuk8fr3bk,1325c4f9ea909890,1024,0/0
/spttest/j37wu3602mzg,22de7e3366f668dc,1024,0/0
/spttest/oj3f8egx5wu7,2ccec5e20acc167f,1024,0/0
/spttest/80mz4rrlxix9,ea5342e9f1c0f0d,1024,0/0
/spttest/u26ws96hvcpq,36e8e61c3c086b1e,1024,0/0
/spttest/86v1brus71yx,ef60c4c90a249b9,1024,0/0
/spttest/wwn6lacmxwu0,3c1bad5992ff8a78,1024,0/0
/spttest/ee1yhs4usxz7,1a4927dbc14e0903,1024,0/0
/spttest/fh6b0bugro9,c9094a59189a19,1024,0/0
/spttest/84qf8gvvlfx3,eda67a13e7d9ed7,1024,0/0
/spttest/6wm4kh57zclq,c9d537e2f7ad58e,1024,0/0
/spttest/7lb20bh8m4ao,dde104ad2755b40,1024,0/0
/spttest/2eaz0zrs8yuk,46109a26ded7a6c,1024,0/0
/spttest/am8pj0sv66px,13650c8466e09685,1024,0/0
/spttest/rva9metoidrx,32e7f4df40e6223d,1024,0/0
/spttest/bj7u8la61yga,151161b4decde2aa,1024,0/0
/spttest/vpz13y7y0lwe,39f169aa341a2cde,1024,0/0
/spttest/60rf57qnfiak,aff944133b8d95c,1024,0/0
/spttest/urw51gi8itl9,3836bbeab57e364d,1024,0/0
/spttest/pflgpofqhsy8,2e74f0861a8862d0,1024,0/0
/spttest/euosa7r1fjtn,1b2138807037ef1b,1024,0/0
/spttest/n3mob6eqop3j,2a3246d1cd48070f,1024,0/0
/spttest/bmikktaljwf5,153c38bd9bf097e1,1024,0/0
/spttest/8dea256xdpaz,f4aed3de7c12a5b,1024,0/0
/spttest/alyffee9v7ew,136156eb33517848,1024,0/0
/spttest/loa1t5595l6g,2797449322416778,1024,0/0
/spttest/n98pja9y1fuc,2a7b2c591f968c74,1024,0/0
/spttest/55fonj2jtczv,968ad46481b120b,1024,0/0
/spttest/a8bzoi97ag0k,12b0621392deba94,1024,0/0
/spttest/1dgy2etg3ow1,28296e15542a4c1,1024,0/0
/spttest/o468p2wkr6wx,2c0cf35d6fbacfc1,1024,0/0
/spttest/euk418whv78s,1b1f88cf8d29276c,1024,0/0
/spttest/xrva48j7fhw1,3db1444d69801b51,1024,0/0
/spttest/sk7wiclbqmav,342bd5e8bdcd9267,1024,0/0
/spttest/5jx3jbdeymco,a24cf50b8e537a8,1024,0/0
/spttest/erpxaltr4xf0,1afaa9f4e0abe12c,1024,0/0
/spttest/kfpi91mvpw4m,255453bb420c55e6,1024,0/0
/spttest/fued83v3iyq2,1cf1136cb0286f4a,1024,0/0
/spttest/hoh28rktzzvx,204b574bfad45d6d,1024,0/0
/spttest/qek4d67a60f4,303b1475db36ada0,1024,0/0
/spttest/bdcsnfr75xo4,14c53bef158c9cb4,1024,0/0
/spttest/2j7r13upkyph,4a0d24b93514db5,1024,0/0
/spttest/dirha0ts1xtx,18b2b50bca7f1185,1024,0/0
/spttest/8p8ned1bi2is,fe4c456d023bc44,1024,0/0
/spttest/ejjua3oencod,1a908df5c0dc7ded,1024,0/0
/spttest/os63tnwtw53r,2d44a50636054ed7,1024,0/0
/spttest/ki67bmocvk2g,2574547733808358,1024,0/0
/spttest/dvydg6g2lrzy,195e0e23099062fe,1024,0/0
/spttest/mjj7msnr4340,292d3dca37bddfc0,1024,0/0
/spttest/83p9bxwulz2j,eccfedb928fd2cb,1024,0/0
/spttest/q8a34bawliqp,2fe9860a5a278a21,1024,0/0
/spttest/avvdy7u0l1s2,13e2229747052442,1024,0/0
/spttest/2hu5m0e399y6,48eed4b3eeef59e,1024,0/0
/spttest/8raduwe1wsfv,fff5f1c20f870fb,1024,0/0
/spttest/nzf906yuhnjd,2bcf413003669769,1024,0/0
/spttest/lkis2abcu5xu,276675db18453192,1024,0/0
/spttest/jaskcyuc5edv,2340deb8ad85bc13,1024,0/0
/spttest/78p9hgt14wlq,d3a544af761f30e,1024,0/0
/spttest/plj653fpnofv,2ec20c33eff7a07b,1024,0/0
/spttest/r7w5tsm3mdzg,31b81d1330aeeb4c,1024,0/0
/spttest/xuajmwmdwfls,3dd0c0c31b04dc00,1024,0/0
/spttest/g2amo0bw4gaw,1d57a43b18d05788,1024,0/0
/spttest/x9vhomyx35q3,3cc78918839828bb,1024,0/0
/spttest/gtcq1p0rdnv,da6b6ebb9f11eb,1024,0/0
/spttest/ekrfj8fkjbah,1aa04853a4f02fe9,1024,0/0
/spttest/vh6xy142n0ku,397f5d2e53fac4ae,1024,0/0
/spttest/vx79wybeiz3i,3a4f500052567c2e,1024,0/0
/spttest/7hqhg5ldns6,615302e04a62a6,1024,0/0
/spttest/c4fgqb2a0y5c,1624e862ae6a6ee0,1024,0/0
/spttest/g7dpmeu0zjtf,1d99b333e761e713,1024,0/0
/spttest/bsrwrulsezo8,158d86e2d9c85c18,1024,0/0
/spttest/hludgd7sxmgp,20292d1441ccd7f9,1024,0/0
/spttest/ip316n15zzfj,2226e1ec4f51571f,1024,0/0
/spttest/olh0gd8ldmvp,2ceda7a1ff44da15,1024,0/0
/spttest/b280a33xk3pu,14349fd7e817acd2,1024,0/0
/spttest/ae36vl9f2qid,12fb24c49bda35b5,1024,0/0
/spttest/nd42pb1hsmd4,2aad755174eea538,1024,0/0
/spttest/tag33f16c02g,3580826d22eca558,1024,0/0
/spttest/19llbxloe42e,2504f0497676816,1024,0/0
/spttest/325orglidjqh,596df9e17942b29,1024,0/0
/spttest/nmgnkohql1p2,2b26e699736bb9d6,1024,0/0
/spttest/tywa1r69f0nv,36be18525b00221b,1024,0/0
/spttest/qvip7ec8km5h,3117628ee9f30525,1024,0/0
/spttest/uhzayc687jlt,37b5fba066f17f01,1024,0/0
/spttest/6rnvjgswnmyn,c5d02c81fe9a3ff,1024,0/0
/spttest/oqrupww63t1m,2d328340b5913bca,1024,0/0
/spttest/tsdhfrrvc59s,366960be83c3e0b0,1024,0/0
/spttest/ct8kky9jvo92,1767271b832e6386,1024,0/0
/spttest/4uhi71aqjyzo,8da739de35bc9e4,1024,0/0
/spttest/dmk6nx2ae4g,b1003ac085bc00,1024,0/0
/spttest/irxgvfzaxklp,224bd7bd093c4c8d,1024,0/0
/spttest/vu7xkgwazdig,3a2894eb8eb8f928,1024,0/0
/spttest/pfxbtosjk3sj,2e7938664d94f333,1024,0/0
/spttest/rwjven41wmfc,32f8695624385a88,1024,0/0
/spttest/u7zgh20tpvww,37342538e6260ad0,1024,0/0
/spttest/nv31nornq0gx,2b96e4e3d2ed87e1,1024,0/0
/spttest/rwik19fi1g3p,32f7efca7ecfc5c5,1024,0/0
/spttest/5bjxoxim7hyk,9b8257ad58cc4ac,1024,0/0
/spttest/u0yd6pjss5mt,36d8d39f44cee385,1024,0/0
/spttest/u22zi9u45qz4,36e77b9f8dace3d0,1024,0/0
/spttest/asplppgvbwjz,13b91487f143088f,1024,0/0
/spttest/b7ks7xog4pow,147a2e3c0fed9b10,1024,0/0
/spttest/egbz88nkd59t,1a66bff0a8c82bf1,1024,0/0
/spttest/c5nvheyb3fvh,1634ee70f046461d,1024,0/0
/spttest/glwqz3r0zl9,d7bbde524a4b2d,1024,0/0
/spttest/er7qe393tgyp,1af4199db2fc5221,1024,0/0
/spttest/3unc0pskm76l,708f0bd228ae1dd,1024,0/0
/spttest/t59dfthiga5t,353d241b4fe95d71,1024,0/0
/spttest/djz2yi81pr3e,18c27081c5d2b66a,1024,0/0
/spttest/kk1cjpwe1y1s,258c8e8b195400a0,1024,0/0
/spttest/qcpx0o9nuk8l,3023314e1be17cf5,1024,0/0
/spttest/okxrja5k8puh,2ce6b5c078c05cd9,1024,0/0
/spttest/qb9cqcn9x1jd,30103a1ae6ea2b09,1024,0/0
/spttest/29wvk3h3k4b3,427fe8cefa949cf,1024,0/0
/spttest/tr4vbo050o53,365947cd3d55df37,1024,0/0
/spttest/35cy3pjepzgi,5c075ee3298c9c2,1024,0/0
/spttest/uvee34kr4b8c,38644986c058dcdc,1024,0/0
/spttest/w6aqwd26z5a9,3ac577fe28c5e381,1024,0/0
/spttest/xtkhgiew8t53,3dc75999ba337d87,1024,0/0
/spttest/mkb1b6lq9vrb,293747e0dae4f707,1024,0/0
/spttest/ggcdn6vttqtz,1e0e1f6944256617,1024,0/0
/spttest/ybjmcexk7qzl,3eb0d863ed451c61,1024,0/0
/spttest/tqfqob4wd8ns,365036aaf449cd18,1024,0/0
/spttest/pk99zculiu0y,2eb17d1e2cab5582,1024,0/0
/spttest/ghanbqybn6y1,1e1a7cc614f795e9,1024,0/0
/spttest/o58exde5ct6e,2c1ab95806564bb6,1024,0/0
/spttest/de9ny9ovbolo,187852837819404c,1024,0/0
/spttest/bb77yqm87yxt,14a93e80d63beca1,1024,0/0
/spttest/tweiiblpkhef,369db4e30edef217,1024,0/0
/spttest/e9zir3lyczpj,1a1451b4e55c05c7,1024,0/0
/spttest/t06k3j5boadg,34fb2dcd96255984,1024,0/0
/spttest/m0tvwya2lhmr,283a4be5aae81683,1024,0/0
/spttest/2v1zi6dkdnn4,53a9ce8cf7680f0,1024,0/0
/spttest/6zhy58wjf14k,cc2c94f5e4be674,1024,0/0
/spttest/flkqkj6iskof,1c7e78907186b1af,1024,0/0
/spttest/ccaz5iuj7dwp,168b33dde0dccd29,1024,0/0
/spttest/d6ngfpg57ors,18156254e6ca2e28,1024,0/0
/spttest/fb9updvfkzu7,1bf8a68e25034d6f,1024,0/0
/spttest/zzefch5vuaxb,41ba53ff320755cf,1024,0/0
/spttest/1shqdb31zulu,345b659878002b2,1024,0/0
/spttest/tjk7fawqn1hu,35f6e651f182a152,1024,0/0
/spttest/uttynbxaasq2,384fed4acf2a8dea,1024,0/0
/spttest/ik1fdlpr2om0,21e55b51fa787818,1024,0/0
/spttest/jx4akxhjemwz,2462ddb2b11e5283,1024,0/0
/spttest/57laqqgtumvx,984ae4e0fcf6c5d,1024,0/0
/spttest/6ei7kheh3rln,bb21b18bee7677b,1024,0/0
/spttest/wt9my75en0ef,3befd265a5e453c7,1024,0/0
/spttest/7biz1d9wqtwp,d5f070c63240de9,1024,0/0
/spttest/fw14plzix2cr,1d06474e6a51d82b,1024,0/0
/spttest/1lp91ztme2t6,2ed8012ed1cdfba,1024,0/0
/spttest/35hb93viczsb,5c20924b3dcde2b,1024,0/0
/spttest/sic1cj0cucos,341359485bf357bc,1024,0/0
/spttest/a6s0qexyx85i,129c30281a438d86,1024,0/0
/spttest/og0uu32xhnj1,2ca6e10a4e764a5d,1024,0/0
/spttest/s4yoeu6soylk,3365aaf7ad2a9928,1024,0/0
/spttest/okl6rod2i0p7,2ce22c0cbd2eaa0b,1024,0/0
/spttest/5aouap5h1ckk,9aced5a42eeeae4,1024,0/0
/spttest/uvwwk7v51pgw,386af78e96e1a830,1024,0/0
/spttest/bkh41chrguch,1521b76b423fdca1,1024,0/0
/spttest/r4nwgdjeu7nw,318e2a4f75ea4c4c,1024,0/0
/spttest/90lyfzlaozsn,1078734a33bc7937,1024,0/0
/spttest/wceseu32v88z,3b14dce37778c983,1024,0/0
/spttest/5p3cc5bti0wb,a680263be076e0b,1024,0/0
/spttest/ptatsjt60150,2f26f3a093708fc4,1024,0/0
/spttest/v9i1tm43ono,19618963afc4b94,1024,0/0
/spttest/lu6hb4f0hc6y,27e3ea690dedf3fa,1024,0/0
/spttest/e90fumbpgb8,b91a09c103c1d4,1024,0/0
/spttest/cvczhnr2urhq,1782b958960824ae,1024,0/0
/spttest/ky94otx66gp3,264536ebeb705407,1024,0/0
/spttest/v9as0dsiqd4w,3918d55f7f51d700,1024,0/0
/spttest/rn68nbbug2by,327e96d805eec9ce,1024,0/0
/spttest/q33dygbdme5a,2fa628fc29e0aa1e,1024,0/0
/spttest/d1cjtykux0l6,17d080b5e78d8f3a,1024,0/0
/spttest/cyhnx29tdltm,17ab61440ee010ba,1024,0/0
/spttest/3tmppk5ij6p7,6fbba3d5a82aeab,1024,0/0
/spttest/xbc17p5yb2a6,3cda7e5a5011c64e,1024,0/0
/spttest/reu9h614dayb,32125a7fae6840b3,1024,0/0
/spttest/81lfoxqoktm9,eb1a3313274a2f1,1024,0/0
/spttest/gh0dkdun2ktn,1e16c80c8adc54eb,1024,0/0
/spttest/d53veaqcxiol,18015418af7930d5,1024,0/0
/spttest/n72q07gagp02,2a5f08d4cd01dc92,1024,0/0
/spttest/eknwtu5d19pv,1a9f033a52006873,1024,0/0
/spttest/x7rl6ulqu1kv,3cac261accc9917f,1024,0/0
/spttest/8bbw2r1ow21h,f30161d3957be55,1024,0/0
/spttest/3862g2dxhnbc,5e4f2444c30c548,1024,0/0
/spttest/iw89fbtkeu4t,2283b1b4f9b4280d,1024,0/0
/spttest/ga20pse5pgvv,1dbc7304b0893ebb,1024,0/0
/spttest/df31bsjok6y,ae4da731a54f3a,1024,0/0
/spttest/azmdmd2s9ufv,1412d77572ec365b,1024,0/0
/spttest/8lc1okucf7f9,fb20910ea61d755,1024,0/0
/spttest/uglpnfq2tydc,37a416ec9bf3ed40,1024,0/0
/spttest/4qd3wpfumrkg,8a4e875adc83f10,1024,0/0
/spttest/43so2an5tisy,77fc4cae4e50572,1024,0/0
/spttest/fsuyt82nwx7f,1cdd16308319ef1b,1024,0/0
/spttest/snmejxyxwba2,34580921e8245a1a,1024,0/0
/spttest/svlumjjz4kx,1771aab106200f1,1024,0/0
/spttest/vxmd94eu0a6n,3a54c216ee77898f,1024,0/0
/spttest/keb5w8c9rahq,2542299ddeab46de,1024,0/0
/spttest/8pcqcraq4rml,fe63d652713d6dd,1024,0/0
/spttest/c5qe4exf85lr,1635d7003fe7415f,1024,0/0
/spttest/1nh5ebl140df,3048e41c1821fe3,1024,0/0
/spttest/mjjdwecuegou,292d4dde782eb9fe,1024,0/0
/spttest/bn5fkgssp818,1544785b48ca80ec,1024,0/0
/spttest/u82j8cx97pjn,373541678bdd0a13,1024,0/0
/spttest/l8u6pg2cn8yq,26ceb465b99ca122,1024,0/0
/spttest/cfmf3q8711qd,16b64c9cb862a605,1024,0/0
/spttest/tacsiv3roai2,357f5232e804a22a,1024,0/0
/spttest/zlmq1mnmedum,410778cc912e6f9e,1024,0/0
/spttest/pbh7pbk7395u,2e3f72e809cf7822,1024,0/0
/spttest/7llvzs9al258,de1f8e901aa8c1c,1024,0/0
/spttest/edaftk2dc8k9,1a3f3a01582cab59,1024,0/0
/spttest/mby3wjrje884,28cab3b111f19024,1024,0/0
/spttest/zi7f47o59e8y,40dafb773d63a562,1024,0/0
/spttest/x8sv6pc26zjq,3cb9996087e4fb76,1024,0/0
/spttest/rf9hk9vmrrz2,3217d8c5255b085e,1024,0/0
/spttest/7l9n2aygzq5o,ddd8d942a9b672c,1024,0/0
/spttest/4yugd5zxz2df,91314bc76f7b3c3,1024,0/0
/spttest/2js9jj3t8fl1,4a83928435319e5,1024,0/0
/spttest/3e6o6hec76fu,63319924923305a,1024,0/0
/spttest/rf9a8fhwmld0,3217c5f7292b09a4,1024,0/0
/spttest/wnje5s3jy4p8,3ba567fcc7b62b4c,1024,0/0
/spttest/15hap86zsq8m,21acd3dee600ed6,1024,0/0
/spttest/35fcr7lhpun,28ed01dea5fe1f,1024,0/0
/spttest/tr5506usav51,365960a44157f025,1024,0/0
/spttest/fxst163otxso,1d1d40e881c1f458,1024,0/0
/spttest/guum8lbsvvm,daf5b6a6c5ef62,1024,0/0
/spttest/8mv7egw508em,fc5effe5b704f8e,1024,0/0
/spttest/mhiiai0bxm31,2913024167f9790d,1024,0/0
/spttest/qtki7e71eb34,30fe0ed20c96eca0,1024,0/0
/spttest/zqh0ztmhan8x,41465cf7d9d0ed31,1024,0/0
/spttest/jxqxdpdi1a24,246b084c24735f2c,1024,0/0
/spttest/89kymflnim34,f19617300579b50,1024,0/0
/spttest/72ddw53aa1zs,ce81ba47f5bae98,1024,0/0
/spttest/11hr2dkru9ni,1e7023469dda75e,1024,0/0
/spttest/r98pmanhir2m,31c9a18825fee68e,1024,0/0
/spttest/6mqez8fi6v44,c1cfb1bb6531104,1024,0/0
/spttest/u2q3yolhx9nk,36efd38689f3d420,1024,0/0
/spttest/jyhtjo82qzxh,2474bc66f624da65,1024,0/0
/spttest/in5z3favmpqy,220df7275688c2da,1024,0/0
/spttest/3behikc3glsd,60ef3a5d3df254d,1024,0/0
/spttest/d9grdu6esbo5,1839ef9d55b2f015,1024,0/0
/spttest/kp8t8o7d66pb,25d0323c5674906f,1024,0/0
/spttest/98xv4hx0jlz1,10e4a93f0b6929fd,1024,0/0
/spttest/buuzhm2zf67n,15a89d78daa9b833,1024,0/0
/spttest/waag4ug34wxo,3af9516693ef82bc,1024,0/0
/spttest/ru1g8bd1texa,32d7c941cb0495ce,1024,0/0
/spttest/5lixyuhmyjbg,a39ae62b6f2b04c,1024,0/0
/spttest/3276b216lehq,59769002fb0869e,1024,0/0
/spttest/9m2si5k9bzq2,118f4cb37263d29a,1024,0/0
/spttest/g8a8n1zt3xg6,1da56fc842b54516,1024,0/0
/spttest/8mcjf9pnd9wm,fbf33d7ec113e66,1024,0/0
/spttest/w086stlkiase,3a769c25dd56df1e,1024,0/0
/spttest/16vg9pt6bx7y,22ce5f17aaba6ee,1024,0/0
/spttest/8yfrcyb1xuj5,105c3c63dcb8e5d1,1024,0/0
/spttest/fnrsyvqo2p26,1c9affcf43dd1b5e,1024,0/0
/spttest/iainxdg48kig,2169aef2c9efedd8,1024,0/0
/spttest/73w3c8hwjarv,cfbd8d1c21d414b,1024,0/0
/spttest/vbpbxx2h9isk,3938102e92f61064,1024,0/0
/spttest/6ia2nwfa65ul,be320979f78091d,1024,0/0
/spttest/7hv75vm94mvr,db15fdaf8a13dd7,1024,0/0
/spttest/6oxuhbpcke21,c39a3f9bd960429,1024,0/0
/spttest/kwugrh84aymw,2632ef1e89ac41d8,1024,0/0
/spttest/u77pge71a5im,372a21f4d3f7376e,1024,0/0
/spttest/tmur42wgh4o1,3621ac49dea4e1e1,1024,0/0
/spttest/ntycaltglwhg,2b8835154fed0bb4,1024,0/0
/spttest/ewuifs6a69oi,1b3d43f6acda1882,1024,0/0
/spttest/itfrno7pclp2,225f6f4b13ec6dd6,1024,0/0
/spttest/owxn5l2drr1h,2d828997e014c6a5,1024,0/0
/spttest/dpbq0h0mpofq,1907f25cd8ec2df6,1024,0/0
/spttest/vigxqkunwo2l,398ff596ca84b0dd,1024,0/0
/spttest/y2mfo034t2ul,3e3cf50cc4a823ad,1024,0/0
/spttest/wilsrtpjnglw,3b6553eeb2573ad4,1024,0/0
/spttest/jrzph411kgh8,242043c9ac36556c,1024,0/0
/spttest/ctfta921x5rw,1769c403bd15947c,1024,0/0
/spttest/we1jovsy2qb7,3b2a103d292333b3,1024,0/0
/spttest/tftw4o2rpidr,35c66ffe79c1ec4f,1024,0/0
/spttest/rcizecltb1tg,31f44e1373a5cef4,1024,0/0
/spttest/6ax6z2frpao8,b838e112a007948,1024,0/0
/spttest/zzm5w3pj7vc3,41bd1eaf0a58c163,1024,0/0
/spttest/md4o7p2f3q2v,28da0f449e6cadc7,1024,0/0
/spttest/peio58vqs77f,2e66f13b8078097b,1024,0/0
/spttest/ey3i7djt9b31,1b4d7fef73cd995d,1024,0/0
/spttest/kod5fb0fr8g4,25c4c5b6d1684284,1024,0/0
/spttest/9vdiue7lubsr,12081346d87ea83b,1024,0/0
/spttest/r6ufezcbpqtm,31aa7faf0fd99f0a,1024,0/0
/spttest/7h96j6gh1cr6,da96e22dff207d2,1024,0/0
/spttest/kom2gt70g4uz,25c7fd702fe8c89b,1024,0/0
/spttest/lyl5d5xy4vk7,281d2a512bf78ec7,1024,0/0
/spttest/han2vt2lwg2h,1f97a98de2932659,1024,0/0
/spttest/xjxb9utcvu2f,3d4a15f387e1e9f7,1024,0/0
/spttest/bju9q016o1mm,151979891349083e,1024,0/0
/spttest/ulddgl1ikp2u,37e206fbf2f801f6,1024,0/0
/spttest/s5fh4arjd40s,336bba8414ec349c,1024,0/0
/spttest/k21smmbtv6u7,24a2e92e77875d5f,1024,0/0
/spttest/f6e2rspjkjp8,1bb93a71590017bc,1024,0/0
/spttest/cynlmjn0drfb,17ad859818e73817,1024,0/0
/spttest/6yc8ubj059le,cb3bd49e7171bd2,1024,0/0
/spttest/9pa7gs6siw5k,11b8f1701843a748,1024,0/0
/spttest/wu68z9t6jm6w,3bfb96b46206a118,1024,0/0
/spttest/vrx31h11sjh0,3a0ab065962de694,1024,0/0
/spttest/1dom1s4wirvt,2855afde8760da9,1024,0/0
/spttest/f1ra18uh6okf,1b7d0b9484d46adf,1024,0/0
/spttest/q07tsc1xzo6q,2f80cb4de51e8a32,1024,0/0
/spttest/tfxh3odtpyso,35c7bae8da7d4d68,1024,0/0
/spttest/4tc278kwsr7o,8cb7f7b0d6ba8c4,1024,0/0
/spttest/eqmb3rrsqam8,1aec5ea923f41040,1024,0/0
/spttest/ksj40leeoegh,25fae15612097531,1024,0/0
/spttest/i6j94zn7ce23,2135f058860e252b,1024,0/0
/spttest/9nj0zp4eelns,11a225a04e431328,1024,0/0
/spttest/s2udcjnr7llh,334a229812dc5015,1024,0/0
/spttest/1t2vt8mlvlsy,34d580c16d78d22,1024,0/0
/spttest/i2rktr8k4mo,eace1e3f6f7870,1024,0/0
/spttest/7nzkibf2m8lu,e00e31c4658e312,1024,0/0
/spttest/51bk62lekhqm,9333b446bc878ce,1024,0/0
/spttest/j6v0cx9bkytj,230dcb7afa20ac47,1024,0/0
/spttest/pavo7gs90g4t,2e37ad269e29aaad,1024,0/0
/spttest/uzeing248oaf,38984a43bcc4b8f7,1024,0/0
/spttest/8unygqmp8uf6,102b3c8a1bdabd02,1024,0/0
/spttest/svw0262weuba,34c369ae4f1ad8f6,1024,0/0
/spttest/bb7m6au6mu9p,14a962f6937760bd,1024,0/0
/spttest/kz7mjk59zfdj,2651a9400e331597,1024,0/0
/spttest/oqlb86c9rzys,2d3027077b05a7d4,1024,0/0
/spttest/x0qnifq414e5,3c50e2e58ead687d,1024,0/0
/spttest/4n2639h28k2g,879fe3cd90e8d98,1024,0/0
/spttest/6r3ddp8e3w2c,c559cd263198314,1024,0/0
/spttest/9yrt0m3bdn36,1234324dabe7ed22,1024,0/0
/spttest/r9ny9e228gmt,31cf213a4cdfb035,1024,0/0
/spttest/pn2hutswlx5i,2ed602838b26fb16,1024,0/0
/spttest/fk0zadtfe898,1c6a5a4fb654744c,1024,0/0
/spttest/xhj33mhd2my4,3d2af94fe15911ac,1024,0/0
/spttest/hit3u9j86ksn,2001c045fb45f2c7,1024,0/0
/spttest/eqf061am16lk,1ae9bc05516fa5a8,1024,0/0
/spttest/mofkja7zggdv,296cdfb499ec95f3,1024,0/0
/spttest/y7d5w0417ppy,3e7a8eee855aaef6,1024,0/0
/spttest/lbz9sqgy20mn,26f781f0c6eeb1af,1024,0/0
/spttest/d4j4lho8xckx,17f9d7f7d17f75f1,1024,0/0
/spttest/lz22ep2fzgx1,282344fd2dd90765,1024,0/0
/spttest/pf9z5hy1u1er,2e70cb6aa3171ba3,1024,0/0
/spttest/q3jskbnwb1de,2fac145b4d2b67b2,1024,0/0
/spttest/cssj7lhqky0c,17615db2af31372c,1024,0/0
/spttest/6fhls8gjne4i,bbee07567125a42,1024,0/0
/spttest/ude2d78o9gwi,377a5cd5748fa5d2,1024,0/0
/spttest/qbs3q6fj7ddu,3016fdff50ebae82,1024,0/0
/spttest/a3dlvz0alrv9,12700523eff1ba55,1024,0/0
/spttest/for6hqugwgxi,1ca7c365d58c45b6,1024,0/0
/spttest/w3a6v3no9v1u,3a9e4cd12997c972,1024,0/0
/spttest/mjkic7b0sce1,292db5a0756fa9b9,1024,0/0
/spttest/ui8o15vp750i,37b95c7f4fb13a22,1024,0/0
/spttest/gc5yy7xmn98r,1dd7da796007788b,1024,0/0
/spttest/qan8n4q6fbdn,30083f82d8b1555b,1024,0/0
/spttest/ai97w8vul0zd,1331469def353239,1024,0/0
/spttest/7aepo2mua8w3,d5080476e576183,1024,0/0
/spttest/wkzr2dulajih,3b845738e7b83e49,1024,0/0
/spttest/xl5laejusph5,3d5a0fd9d349d9f9,1024,0/0
/spttest/bjbbrsp02v8u,1512a3cc65b98eae,1024,0/0
/spttest/g0p3a39pc4is,1d42e17fc72bcee4,1024,0/0
/spttest/dqqhxi7aftb8,191a4467c2346824,1024,0/0
/spttest/pfxktkcf6hgl,2e794f7b9dc73ce5,1024,0/0
/spttest/sllrljs044k7,343dd3b86b755017,1024,0/0
/spttest/djo92e35z467,18be8820bbb170df,1024,0/0
/spttest/pdk14c9irybu,2e5a71a272dfbc8a,1024,0/0
/spttest/1l85bjkvpfls,2e7543b31f15a40,1024,0/0
/spttest/mvlc45as43ya,29c9e11b607f4102,1024,0/0
/spttest/bmhhkmkypfwr,153bd4a96a2baecb,1024,0/0
/spttest/pgpj9plyvqdf,2e8365d0183d3d43,1024,0/0
/spttest/jf65kelpt8o3,2379baf271e1de23,1024,0/0
/spttest/iu42vgsehj32,226834e902a9f8de,1024,0/0
/spttest/x9609gjme3o0,3cbe573087214c10,1024,0/0
/spttest/8py5vl86bmw6,fedf8f506aa3ea6,1024,0/0
/spttest/5i1dk5h3szok,a0c5ffe058fbaa4,1024,0/0
/spttest/32uvp7wciv4g,59ff69fd47a2a10,1024,0/0
/spttest/sdytonus1ejb,33da9fcea1e343d7,1024,0/0
/spttest/7orl23pgpu1x,e0afed4d7212865,1024,0/0
/spttest/mipery62uu1f,29227d12056bed93,1024,0/0
/spttest/urcudu7kidw2,382fc594387346d2,1024,0/0
/spttest/xkd982ujdd32,3d4fd695c01cce7e,1024,0/0
/spttest/hvxg0xrucw39,20ac2d594ede6775,1024,0/0
/spttest/x30jw739zfq3,3c6e6fcf67143f5b,1024,0/0
/spttest/aphdes9imnvf,138f24829a1b785b,1024,0/0
/spttest/hlhaav0h0q65,20247433c503a57d,1024,0/0
/spttest/9201lmqk6hbj,108a85cd3001792f,1024,0/0
/spttest/ib8r5e6wdull,217318caacd2f429,1024,0/0
/spttest/2r6v49bkgu2,23ca118df0413a,1024,0/0
/spttest/r9664o8tsvql,31c8b6ca19e16cad,1024,0/0
/spttest/hu15l31is84u,20938985467d7e2e,1024,0/0
/spttest/25jikwlobbqt,3ef37705d6b9c35,1024,0/0
/spttest/wsf92tfjj25f,3be4dbc20c8a70a3,1024,0/0
/spttest/gnyi5rrr971d,1e7107e5a351c2e1,1024,0/0
/spttest/hrg4oubyjam0,2071f8f9e2880a78,1024,0/0
/spttest/sah08xux5ixx,33ad3a3fa107f825,1024,0/0
/spttest/sowtxx4emifd,3468c98df385b4c9,1024,0/0
/spttest/ckwz2uscby1a,16fb0dd4eae95d0e,1024,0/0
/spttest/m1d6lrc4f401,28414251d3fce601,1024,0/0
/spttest/r222sxhxrnk6,316c4ffc2e406506,1024,0/0
/spttest/hcmu7wv5tx6,e16062680e15ba,1024,0/0
/spttest/pu185dzg9g0x,2f307a099c1c4561,1024,0/0
/spttest/qa4k0om7u18f,300181b43cc060bf,1024,0/0
/spttest/27csbweufh2w,406c46405ab9a38,1024,0/0
/spttest/viwc8oc0w1aq,39958452cc9dfe92,1024,0/0
/spttest/cvbs3xxnhwp,a72cb92bc0cf69,1024,0/0
/spttest/5oitq5mg0qcy,a609b45f3d77d72,1024,0/0
/spttest/7cqvkb0494xj,d6ede566c06b537,1024,0/0
/spttest/8y6gjjjh63tf,1058e1526ae725d3,1024,0/0
/spttest/7tvb94ppt88f,e4d496e5b330bef,1024,0/0
/spttest/opri227zvkzs,2d256581b3fa9b08,1024,0/0
/spttest/j4j0b4gp4o23,22ef7c6b73634bcb,1024,0/0
/spttest/q2yidt7gxi8x,2fa4668064d476a1,1024,0/0
/spttest/f9r1ljh5roq6,1be4dffd089f2eee,1024,0/0
/spttest/2tkad6mdqt5s,5273ce45f17fb20,1024,0/0
/spttest/bxqgn7efwtq3,15cdf36affc5f57b,1024,0/0
/spttest/av05kcpjiqhj,13d6dda936150d97,1024,0/0
/spttest/tlceod32cs16,360e107e6d6416ea,1024,0/0
/spttest/1um1ss7b37bn,3613fa9aa046ed3,1024,0/0
/spttest/gi3bq9r3rww3,1e24d5b2ca511e43,1024,0/0
/spttest/w9xhfevi9to4,3af4a3eeb78bcc74,1024,0/0
/spttest/dacmyr1r81qz,1845700f582589db,1024,0/0
/spttest/pd4um9xdxivf,2e54f76dbf633ecb,1024,0/0
/spttest/16wnaezw6e46,22d5452667578f6,1024,0/0
/spttest/nmq69vaohdbt,2b2a55e49abf0db9,1024,0/0
/spttest/t14nts1gzdqe,35077be42f17e446,1024,0/0
/spttest/7x69nvqe9jjt,e78352bf22df139,1024,0/0
/spttest/3j2we2ma4iji,672af73054b38de,1024,0/0
/spttest/lla0yb2c5k9o,27704a9b5a1ef9dc,1024,0/0
/spttest/oo9tbmmnug15,2d120686ebc65ba9,1024,0/0
/spttest/tapfumopfkxo,3583e2782ab510bc,1024,0/0
/spttest/ezmvasxzr923,1b6179c9c6becd9b,1024,0/0
/spttest/i6qn1c865ops,21389a9594a4f260,1024,0/0
/spttest/eblxznwiad4k,1a2966296c3b62f4,1024,0/0
/spttest/pw2m8xix81lo,2f4af517bce4131c,1024,0/0
/spttest/tdrjrf0yfhdg,35ab9d029ec417b4,1024,0/0
/spttest/55g2yp6obzqp,968d1fdda8e89b1,1024,0/0
/spttest/1sl18niprjk3,346e758a9c54cc3,1024,0/0
/spttest/bb8u96sp74r2,14a9d41042e85cce,1024,0/0
/spttest/nwpl43tfbc31,2bac042b055c44ed,1024,0/0
/spttest/jblxpcma7ega,234b77a35ebda6ea,1024,0/0
/spttest/mwa0ondcpx2,1296923728e7736,1024,0/0
/spttest/48zuuyhul809,7c34f1768ca7dc9,1024,0/0
/spttest/592u8oipd3d,4438e27e78c089,1024,0/0
/spttest/pz4hixlwzq1n,2f72997bbd8f929b,1024,0/0
/spttest/dq72ifqzwpeg,191341d9167d6398,1024,0/0
/spttest/mvvno688g6vd,29cd9a70b5a10ec9,1024,0/0
/spttest/egkeyzgqvp6b,1a69cb4767dcdb33,1024,0/0
/spttest/5cb8w9qoub5,45638f6cbacd71,1024,0/0
/spttest/mnvg488gv8m3,29659d012552ed5b,1024,0/0
/spttest/6qus31d38kq,57a017001c4f2a,1024,0/0
/spttest/g1vpqito5tio,1d5242956eb670b0,1024,0/0
/spttest/r655eqet4xav,31a160cd6007d697,1024,0/0
/spttest/dq9h8w30qcvc,19142064102bafa8,1024,0/0
/spttest/bpgnrwyc9ytb,15627ffa557e2c7f,1024,0/0
/spttest/3rs5vhimv3lk,6e3b70ad96851f8,1024,0/0
/spttest/7s5qcvvay3xx,e37115ab92e5e75,1024,0/0
/spttest/64o3wldsnbu2,b325756bd0fdbaa,1024,0/0
/spttest/5f3rp3ctzyik,9e6453b51a8f67c,1024,0/0
/spttest/ra1u2vav97yd,31d423a7bd2ce785,1024,0/0
/spttest/in2cy1h7t4g8,220ca937cb9496c8,1024,0/0
/spttest/cnfzxypapkrm,171be58f17a1e362,1024,0/0
/spttest/tvyl1a873w18,3697f57a632d2bec,1024,0/0
/spttest/2henojofgv08,48955c4536efff8,1024,0/0
/spttest/3d5gugl88xj7,625ad210cd357c3,1024,0/0
/spttest/2efcb5kakivb,4629d2fd4f3c687,1024,0/0
/spttest/rz7xfl36yw4o,331b11e2f8819928,1024,0/0
/spttest/2q853risrxse,4fbe333e50777ce,1024,0/0
/spttest/516fgaafp6n9,931615338ee64e5,1024,0/0
/spttest/vzm0wce80h8r,3a6e9ce72407174b,1024,0/0
/spttest/wtshgoyrtgmu,3bf69f512f313c76,1024,0/0
/spttest/c5exxdzwpziu,1631b565a26e1c16,1024,0/0
/spttest/maqzgr3o5lqw,28bb2477e1f0b158,1024,0/0
/spttest/xtpseebd8cz0,3dc94383c2428cac,1024,0/0
/spttest/lonn83zg18wa,279c2c4f65c18f4a,1024,0/0
/spttest/eyasphv8cv6v,1b5021765c185ce7,1024,0/0
/spttest/483q0f1dvlw5,7b7b6de2cb64195,1024,0/0
/spttest/5rwowopurlwv,a8c93d5d96809af,1024,0/0
/spttest/n73rg99en6eg,2a5f68e8c1f9a228,1024,0/0
/spttest/abkkpv15kiea,12da72c548149322,1024,0/0
/spttest/r4cy98ixz7dx,318a36e1e9611925,1024,0/0
/spttest/cpj971odk1mp,17370ceaa232a241,1024,0/0
/spttest/sc28ox2uq5f,1700d5bc205c5e3,1024,0/0
/spttest/tzk62bmk7qgd,36c6b6efd7085dad,1024,0/0
/spttest/a96x3d74pmxk,12bb8ada8b4ad058,1024,0/0
/spttest/dg9bnftos3id,18922d773b785cc5,1024,0/0
/spttest/pnqb7blo4lw6,2ede9a481b8643d6,1024,0/0
/spttest/o9xwr5gfav06,2c57e1514eb27a76,1024,0/0
/spttest/e8o8o2xh4eee,1a034286b66216e6,1024,0/0
/spttest/ddtuiyf7akv6,18729d7da38d2b22,1024,0/0
/spttest/snly03ams15j,3457deaa3d9562d7,1024,0/0
/spttest/8plac7p0p7fd,fe9539e31de65d9,1024,0/0
/spttest/hfu5y0htcekl,1fdb2a452a6675c5,1024,0/0
/spttest/znzj6z3vkw0t,412612852d3cfa1d,1024,0/0
/spttest/we8gjb60zzrs,3b2c8eb8d77de7d8,1024,0/0
/spttest/hudoe5o2nh3o,20980e321ab22854,1024,0/0
/spttest/pwhtirpe0sxk,2f5071472e499478,1024,0/0
/spttest/qd5uge90wrnn,3028f09ec27ff803,1024,0/0
/spttest/qusgheb8u1zg,310dea9ac41c998c,1024,0/0
/spttest/we7acd7zhxqu,3b2c2276d94d1416,1024,0/0
/spttest/rtd591lq0l52,32cf043f5c828906,1024,0/0
/spttest/5bm08f4s08ke,9b8e4bca664475e,1024,0/0
/spttest/fv6o1jcfpzxb,1cfb497da07f111f,1024,0/0
/spttest/48dcbb6sdclo,7bb2f67da99650c,1024,0/0
/spttest/na7gp7ecenqk,2a87b691060ca3ac,1024,0/0
/spttest/2vm2ups0iyd9,541dcdd83b57e7d,1024,0/0
/spttest/7p7uzjyfmhiq,e10de3311952932,1024,0/0
/spttest/vluin4j4owjd,39bbd3c81ec06ab9,1024,0/0
/spttest/g5u16wyjvnbp,1d859c442067c2d5,1024,0/0
/spttest/56iabbyf4hch,9769ad87d81d7d1,1024,0/0
/spttest/bbzsmedpr7bs,14b38dd0e872cad8,1024,0/0
/spttest/sk165fb945lp,342968117201da5d,1024,0/0
/spttest/7g2il6jgbs0w,d9a093be26c3ea0,1024,0/0
/spttest/1dmkj24bzl15,2849e5aebd6b039,1024,0/0
/spttest/w8wrn6xgnfoe,3ae7648511e7031e,1024,0/0
/spttest/ikit6eid34xg,21eba0fcf87c50b4,1024,0/0
/spttest/zxrtvylqgw34,41a52f948998b470,1024,0/0
/spttest/l7u0ro3s2bk6,26c1a7e785e16f06,1024,0/0
/spttest/a51b3f4l6rl4,12858f8ac8154628,1024,0/0
/spttest/xtmg0nhcb09s,3dc80ea410e2b620,1024,0/0
/spttest/cyi1o3c5ricx,17ab848c28cf9ab1,1024,0/0
/spttest/uoi0c61wjjaf,380aaaecf54a0c67,1024,0/0
/spttest/xaunq0jzrk1e,3cd4397a24904d32,1024,0/0
/spttest/wxogshrqguce,3c2921257474b39e,1024,0/0
/spttest/ewhvsugx4lj6,1b38b57673712702,1024,0/0
/spttest/ub8yk2pbpytr,375e8ab4b7138b8f,1024,0/0
/spttest/tocn9aip349o,36351e482df0595c,1024,0/0
/spttest/orus1t8hmgpk,2d408ec3d01fdf18,1024,0/0
/spttest/bpme5tazpouw,15649185228fc518,1024,0/0
/spttest/nbmgag4sxzfg,2a9a1c4b8a87dd9c,1024,0/0
/spttest/dybkbdw6jkq8,197ccb0e6d3cc5b0,1024,0/0
/spttest/wln563aksgrr,3b8cc7e08562efe7,1024,0/0
/spttest/hzsirrtb8l06,20de5b94242e0b56,1024,0/0
/spttest/6p0mftsr5s0k,c3aa47280f29814,1024,0/0
/spttest/6rayo142kni6,c585a04697b95fe,1024,0/0
/spttest/rvzx242tfcnt,32f13635d3dd32d9,1024,0/0
/spttest/9hkqbi27m4qo,1154d370a0ae5080,1024,0/0
/spttest/790ad9o4irz9,d3e4e9c2dce1225,1024,0/0
/spttest/t0wf5ztqftbi,350482b9592fa02e,1024,0/0
/spttest/x8yu8tk9tpyo,3cbbc12bf1cd71b0,1024,0/0
/spttest/zht4pdk6n3qv,40d5d3985a0f18b7,1024,0/0
/spttest/7s7igcvc5yew,e37b5cfe3d86578,1024,0/0
/spttest/srdqbj8v99wg,3488dd0907cf2960,1024,0/0
/spttest/qqgc27v0ft8z,30d595d051270dd3,1024,0/0
/spttest/lfgc7vbet485,2724a22e5bd344a5,1024,0/0
/spttest/v09ftoysui5c,38a3726d9356db60,1024,0/0
/spttest/xyjlbmqxfd03,3e07f96e67667893,1024,0/0
/spttest/5n9hjlk2ige5,a503f7210c5457d,1024,0/0
/spttest/77fq0dl6off,5d9bb723c6ca2b,1024,0/0
/spttest/fym4pcwyj86e,1d27d588ef6e9226,1024,0/0
/spttest/jpjvw6l9b8ye,240093d9eebb7f16,1024,0/0
/spttest/p3hh7836zxtp,2dd7a1387bb487fd,1024,0/0
/spttest/pzpuyx2qakif,2f7a4fb6008eb857,1024,0/0
/spttest/cjgr2r5auxdk,16e836264d49b278,1024,0/0
/spttest/dpr7j6gdtziy,190d88d68168e61a,1024,0/0
/spttest/11gbd7bnk7ab,1e67d8e38de94e3,1024,0/0
/spttest/k5dnj5a5nura,24ce284b4bd09876,1024,0/0
/spttest/6l15910bhm54,c06dfaf85eec558,1024,0/0
/spttest/4h6972secqab,82d8823b51cae13,1024,0/0
/spttest/8mzqagu57s92,fc791ee672a67c6,1024,0/0
/spttest/tlzls01r89u3,36166f2ee67482cb,1024,0/0
/spttest/38v2ggjaza7o,5edf78038869474,1024,0/0
/spttest/ady4hqvjpdaa,12f950cefbf8be82,1024,0/0
/spttest/2q0bmfz5cx07,4f910fb97e43317,1024,0/0
/spttest/essvh0by0xrc,1b08b7a48dde58e8,1024,0/0
/spttest/a98v4ju2qm42,12bc3e8b031b9c72,1024,0/0
/spttest/93ljvcmjc9ms,109f45ab0c4f46c4,1024,0/0
/spttest/4yqrrimgr0ek,911c082787a42cc,1024,0/0
/spttest/vmlzqj4w8q2u,39c5bd95d85c9606,1024,0/0
/spttest/c2cb7enjj511,1609ca975ffaef35,1024,0/0
/spttest/nkg5wqhh8s3z,2b0cbec2d3b3754f,1024,0/0
/spttest/r4h16ov798rf,318bafdf0f37d79b,1024,0/0
/spttest/x61r40yvfhd2,3c95d67796c74ca6,1024,0/0
/spttest/qnbfq4qrdh99,30acd99aa24bfb9d,1024,0/0
/spttest/x39di2119769,3c719eb8c8da7191,1024,0/0
/spttest/8e2hwrpmulo9,f53aa390dcb5339,1024,0/0
/spttest/5vz4evcu1op8,ac16961adac314c,1024,0/0
/spttest/fe7f85hz4jq7,1c1ebddfbde173df,1024,0/0
/spttest/o1c3if432aqj,2be81880270e85db,1024,0/0
/spttest/l3b4cnrssetr,2686e11302c6920f,1024,0/0
/spttest/h83h22pnziuc,1f769c0b2b386524,1024,0/0
/spttest/4tas2fdk11l3,8cb091c971e1647,1024,0/0
/spttest/4cz0dia43u8g,7f6f5e6aed807d0,1024,0/0
/spttest/xme9qdvtr5l0,3d6a2ec57adbbe04,1024,0/0
/spttest/v9far16uvz8f,391a76edf4dd4a1f,1024,0/0
/spttest/tzmdlz0jh3zo,36c78308c9229174,1024,0/0
/spttest/ysoowohdos45,3f8f7e2c000d3555,1024,0/0
/spttest/bpps15w2daek,1565ca36de1ac7ec,1024,0/0
/spttest/2k1x0bgubcz2,4abb4ae562de46e,1024,0/0
/spttest/l4z2nqxk0gcx,269c82d3d63d6ad1,1024,0/0
/spttest/6f94bbna71pe,bbbd0b063647a62,1024,0/0
/spttest/n3tqh56aogof,2a34d2f438cd1c6f,1024,0/0
/spttest/dswifhsoc2qs,19366a690a2170e4,1024,0/0
/spttest/vbcoq53tc7yj,393380321a45ac4b,1024,0/0
/spttest/3j9ote0spfss,6752297a5cbd83c,1024,0/0
/spttest/xpmcs71ze540,3d9411505ca22860,1024,0/0
/spttest/ofxmvrvxefvm,2ca5b787964c54e2,1024,0/0
/spttest/dr83tybt0iz7,19209edc09ed0913,1024,0/0
/spttest/ue42lkhgufpx,3783bf01278f1f15,1024,0/0
/spttest/cqkb23dqggg4,17446b51f1b51544,1024,0/0
/spttest/fnjw74q6fdch,1c98252625655f51,1024,0/0
/spttest/alq7u88gju06,135e6080dfc04ea6,1024,0/0
/spttest/swsvmf23f5y0,34cf46727aa766d8,1024,0/0
/spttest/961thdwzsxmj,10bf1ebc70812c3b,1024,0/0
/spttest/8zimkm4uzy5j,106a4277fc9b65a7,1024,0/0
/spttest/2ufd4o92ocpi,5327365fddfdc56,1024,0/0
/spttest/5j8n2tw46t20,a1bfc3fff882c98,1024,0/0
/spttest/u64pnhlrqk07,371c1019bde726c7,1024,0/0
/spttest/81df0rucfy7f,eaebe862737ceeb,1024,0/0
/spttest/3eszw7o492lr,63b27baee60c96f,1024,0/0
/spttest/9si3gtnhpn7z,11e2c1e4cd7e7ecf,1024,0/0
/spttest/kshr30g6p2jh,25fa63c8fcef9f1d,1024,0/0
/spttest/v3okf23esgbo,38cfdf81f832dba4,1024,0/0
/spttest/fa7pjt9wdwq2,1beae35602865aea,1024,0/0
/spttest/mbftn6zdq4qh,28c41abd1c9f5379,1024,0/0
/spttest/ntm1sss0whvq,2b83c5bcc51ed286,1024,0/0
/spttest/rxyx45pt2yg0,330ad4805330abe0,1024,0/0
/spttest/do2n4imp10lx,18f7ae61f892aa55,1024,0/0
/spttest/ih4b1xsoyb61,21bf6d8f6ed3c509,1024,0/0
/spttest/nnc6v0xxxnce,2b32478090a4996e,1024,0/0
/spttest/t2x7z1obmzkt,351ec7266596789d,1024,0/0
/spttest/gp8huprhgbgk,1e81a00c57c3ab04,1024,0/0
/spttest/lcr5onprepmy,270191b298e9e84a,1024,0/0
/spttest/2g8wbibndpbf,47a4476abb8246b,1024,0/0
/spttest/8wcmexjj272d,1041201581713f45,1024,0/0
/spttest/lk9xvc3m3cgc,27634570e509a3cc,1024,0/0
/spttest/hpra2j02jkut,205c04514f51e255,1024,0/0
/spttest/39c2bjs6bhrv,5f419693ac8d4bb,1024,0/0
/spttest/xvm52rkjqpir,3de1ed14d37ef6b3,1024,0/0
/spttest/dbo896hyx72z,18569bfdfb66881b,1024,0/0
/spttest/77ivf2ht54bc,d2b08bc1b4aa618,1024,0/0
/spttest/dxu6pm8meexq,197685e3bb40d91e,1024,0/0
/spttest/5qfywvoxu1hn,a798dfd7a6b740b,1024,0/0
/spttest/5ye4gvetpiz3,ae0cd8fb1d1514f,1024,0/0
/spttest/7p3rjgc8aj63,e0f63e1b41af78b,1024,0/0
/spttest/cqmi6e3ponlj,17453652c9549277,1024,0/0
/spttest/4tnhw4bta6pq,8cf9fca9eb4c97e,1024,0/0
/spttest/riz87lwiy06k,32481a1eabce176c,1024,0/0
/spttest/8pbj5uvovf4s,fe5ce9317e1725c,1024,0/0
/spttest/ko60wnt8412k,25c2338b629eea6c,1024,0/0
/spttest/l3hpflm4vf53,2689415feea60a67,1024,0/0
/spttest/71kuz0hozkm7,cddd0c95d660f1f,1024,0/0
/spttest/cy5ws57fre24,17a72396a4ccbaec,1024,0/0
/spttest/gktvrpvbzcau,1e4865347d394006,1024,0/0
/spttest/a6723tt3br4i,12949ff1ff776512,1024,0/0
/spttest/kv3y8zkno8ip,261c60c94a82b821,1024,0/0
/spttest/x38qb7m7dc51,3c7163388ef72db5,1024,0/0
/spttest/s8z3fdtzgnou,3399c68522fa02ee,1024,0/0
/spttest/svb5haib9pg5,34bbe3dac4fa3c15,1024,0/0
/spttest/psgex74nrjnu,2f1bfa6ca979534a,1024,0/0
/spttest/9fttm0y2la0k,113e20b02986aff4,1024,0/0
/spttest/rstmn1sbya2g,32c7f97fc8fd1278,1024,0/0
/spttest/4q3d4qq9fnwi,8a1647129e017c2,1024,0/0
/spttest/qxdez1q2jujx,312f74fa3e09db6d,1024,0/0
/spttest/6sllobfzwopm,c692dfd693c941a,1024,0/0
/spttest/vnstbbyj5bql,39d530f117b3f5ad,1024,0/0
/spttest/sh075bnfwfy4,3402167cfde033bc,1024,0/0
/spttest/a8g7kdf07nn,84f11ae32be9c3,1024,0/0
/spttest/ch3tresfw3wc,16c991bce73ddabc,1024,0/0
/spttest/3wk8hx0vpn5x,721cd1c3f281085,1024,0/0
/spttest/pkuoqlzz94ux,2eb936b6e2babfd9,1024,0/0
/spttest/glk06l5w5uwv,1e51d21a2c3f4fbf,1024,0/0
/spttest/px5fvk1yb01j,2f58f71b34b3daf7,1024,0/0
/spttest/9fm32imgrme2,113b5602752e721a,1024,0/0
/spttest/8oak4ads2p2j,fd877674e957b6b,1024,0/0
/spttest/nc2cz19vn9k9,2a9fd9ad1b90a329,1024,0/0
/spttest/q6mi84d081e6,2fd406b439584d0e,1024,0/0
/spttest/rbyb51zl93hr,31ecd878475e6aef,1024,0/0
/spttest/vdke0r1fr7w6,39504230084323b6,1024,0/0
/spttest/a3ck8i1we7md,126fa48895ae0215,1024,0/0
/spttest/58lu7jjolaf8,991dd826d845c04,1024,0/0
/spttest/af86uwwz3qki,1309efd157dbac42,1024,0/0
/spttest/jrkear3x2prp,241abd9659c2cbf5,1024,0/0
/spttest/d5gi0mhgvwq6,1805e28dc8c30b6e,1024,0/0
/spttest/sg841f6lxvic,33f7f433b7065ac4,1024,0/0
/spttest/oxpq92k9ehh9,2d8cabd9908228fd,1024,0/0
/spttest/tbxh08oc7em3,3593c5a34395b1bb,1024,0/0
/spttest/2b042p33qflg,43626c391c8b074,1024,0/0
/spttest/hig943a9cpiv,1ffd1d03f6994d37,1024,0/0
/spttest/3a0wk4flww5u,5fd0fd55e1a7bd2,1024,0/0
/spttest/xkrl5aohbcz2,3d550254daaa076e,1024,0/0
/spttest/5ljvt9moddn5,a3a053980ba8651,1024,0/0
/spttest/wsqzrb87j1lo,3be91843cb8785dc,1024,0/0
/spttest/k2e4b53tka7m,24a75b925e29a9b2,1024,0/0
/spttest/6446dy2tqybw,b2b2657a0af154c,1024,0/0
/spttest/wjt6l8xtsyhq,3b74fb3814e8be9e,1024,0/0
/spttest/uqk95upj3jeu,382574d149f79c06,1024,0/0
/spttest/j9bwjeyhrh1x,232dde74183ea815,1024,0/0
/spttest/5sp9pi8o0ley,a96e384112d046a,1024,0/0
/spttest/u95cyug28y7l,374343b1759c4131,1024,0/0
/spttest/w5lstbzm8b00,3abc77b3cf211bb0,1024,0/0
/spttest/o66yzgrfj4l2,2c273154390b18f6,1024,0/0
/spttest/ngxa0tmaolps,2adef68c75eeb5f0,1024,0/0
/spttest/jm48q2u7cn6u,23d3f71bffa43f66,1024,0/0
/spttest/oy7bgh52a8kt,2d930484ebbacfed,1024,0/0
/spttest/c0f5nr8w7j2u,15f0d6f4018e0c56,1024,0/0
/spttest/c27blfuezmq,9caa9aab2335e2,1024,0/0
/spttest/6vt6ooh7j6zv,c92e23ebbcf752b,1024,0/0
/spttest/aelaug7npr20,1301ad940774c838,1024,0/0
/spttest/2jsuou9uhovr,4a86f6acef51a37,1024,0/0
/spttest/t3ocgeucshri,35289097e699ecee,1024,0/0
/spttest/3frx2yk5xyzf,647c166f6a6c45b,1024,0/0
/spttest/wexgxbgb0ic4,3b3594ed2d3477d4,1024,0/0
/spttest/hjhgvfv8vjz,e3d92e94445cbf,1024,0/0
/spttest/45mzt22c239j,797b33a4060b107,1024,0/0
/spttest/dkw4e0u2wl63,18ce5c54a4952d2b,1024,0/0
/spttest/1hi2dzhc8wli,2b6f35d08413706,1024,0/0
/spttest/nr0zcgeafb9e,2b623131c42f28c2,1024,0/0
/spttest/qie96exz746g,306ceba00afe97e8,1024,0/0
/spttest/soej5exl9c1n,34622f3c96251e3b,1024,0/0
/spttest/3g17kskvntvl,64b1ba5312e0601,1024,0/0
/spttest/ldpogq3720x4,270e0666fe7c6428,1024,0/0
/spttest/ei0wjg8xwgm5,1a7cbb812969bd1d,1024,0/0
/spttest/tizpqxbzpejr,35ef81997910b4e7,1024,0/0
/spttest/qev0bi3i0ltx,303f022100558c85,1024,0/0
/spttest/biqsc8l6qfr9,150b3a9325638c45,1024,0/0
/spttest/mgpda54evkza,29087eb8d6a2a9f6,1024,0/0
/spttest/3i2lpk808bf,2d7d13d2ffd21b,1024,0/0
/spttest/8qb6z7pxgxf5,ff2ac9183c20231,1024,0/0
/spttest/h39zur44tf6j,1f3804328daf361b,1024,0/0
/spttest/r5cb4g7zz8y1,3196f8c8f7c99709,1024,0/0
/spttest/ws7c1tbdyfda,3be200701b55cb4e,1024,0/0
/spttest/n3w25fvz22cn,2a35a9a555b78767,1024,0/0
/spttest/4ou6583iqgf7,89115f1ed3dd3a3,1024,0/0
/spttest/u5vs0bv2kw62,3718d6d54679adda,1024,0/0
/spttest/jhj6npkccyba,2398690c88f3e4b6,1024,0/0
/spttest/gje9cwlv8nfu,1e35c4ebf28e1baa,1024,0/0
/spttest/duljgjlt1qxt,194c6f8384911fa1,1024,0/0
/spttest/txxgh9h6ysue,36b187eee8754086,1024,0/0
/spttest/52timqsseb2e,946b3358548db86,1024,0/0
/spttest/iy9692i7qva0,229e0071f95e6fd8,1024,0/0
/spttest/vb5vh11iplxh,39310aedd3fe8145,1024,0/0
/spttest/ozodzh81du6l,2da62a859fe86b0d,1024,0/0
/spttest/4v5d308mq3xp,8e30f56a5a74c6d,1024,0/0
/spttest/1pmxo2jpkzmf,3209f25f8a6f657,1024,0/0
/spttest/9tx7z74c42is,11f5343f2fb831c4,1024,0/0
/spttest/uunpdwj17mir,385aa89354b97ac3,1024,0/0
/spttest/o7t26hkvv6iq,2c3c26e28b3111c2,1024,0/0
/spttest/hfhqsr5ef8ew,1fd6aefd591a8a58,1024,0/0
/spttest/ybsczmr3lzd2,3eb3ffb38fa5f546,1024,0/0
/spttest/mxu74zvew1ag,29e70e2a8b5ea888,1024,0/0
/spttest/byp2h2w4uitr,15da6ff2ebf71ecf,1024,0/0
/spttest/t1byv5ttburw,350a1eca8e97518c,1024,0/0
/spttest/rklg03zaf630,325d1b784270b28c,1024,0/0
/spttest/lsnwul6zzsqv,27d03a07fb4e2747,1024,0/0
/spttest/sfge08a170ig,33edf376d0df8758,1024,0/0
/spttest/q94j7pmfwpq0,2ff48261e7112138,1024,0/0
/spttest/tp0wuep4u6rz,363ddfb7810465cf,1024,0/0
/spttest/g6cij0ryrh9s,1d8c476029eafe30,1024,0/0
/spttest/9yqy816b4qil,1233e34af818323d,1024,0/0
/spttest/ydhacmlluadi,3ec9fb64a0f39906,1024,0/0
/spttest/6tp7lpijjv05,c77789cd6536eb5,1024,0/0
/spttest/gurdhgf3rz51,1ec9621ecc1ca9a5,1024,0/0
/spttest/cix6gfk1f8jd,16e1263f139939f9,1024,0/0
/spttest/fsi7maj6uns,cd1fe38ee75bb8,1024,0/0
/spttest/ucnzcoomvart,3770f386817cfe49,1024,0/0
/spttest/tfggqix5dgx0,35c197b64cfa7fe4,1024,0/0
/spttest/rft2q7t4ibl8,321eea125c0a132c,1024,0/0
/spttest/xrjrx01yagru,3dad1d8d4a26b96a,1024,0/0
/spttest/s275cm7uyl9i,3341c19a6e8b5a26,1024,0/0
/spttest/i22q1idsoylf,20fc046dd9891523,1024,0/0
/spttest/ucrmvs31599m,377245010b5ecb2a,1024,0/0
/spttest/5qwyx3viyde9,a7fb04437851651,1024,0/0
/spttest/99kybrpzwpjx,10ecfdee77a7c05d,1024,0/0
/spttest/xj6p6we4aoi7,3d407bb8129b968f,1024,0/0
/spttest/3o38p50pf1il,6b3c14fa4aefe6d,1024,0/0
/spttest/ovasved6tod9,2d6d4e892259da9d,1024,0/0
/spttest/g7qaa3v9rfvj,1d9e3ca04c41be1f,1024,0/0
/spttest/jwut5xzl1i1w,245f71b2898d02a4,1024,0/0
/spttest/9nbapca4o3re,119f5b9996f1150a,1024,0/0
/spttest/v4evwxwj5dwb,38d95e94897f589b,1024,0/0
/spttest/k5cwan04zdv5,24cde2695d78a4f1,1024,0/0
/spttest/rvgmxrz0co1y,32ea413f2b8060c6,1024,0/0
/spttest/4nblly7748jm,87d655ed7dd4742,1024,0/0
/spttest/2bau4ellk6w0,43a05474ef9e8e0,1024,0/0
/spttest/758fjle5s6pg,d0d49cf11333df4,1024,0/0
/spttest/pqsc7o6atzui,2f064d61078ebcba,1024,0/0
/spttest/635n9d7fpiip,b1eb0bee88c2501,1024,0/0
/spttest/xytgmlsf6p5x,3e0b89111db8f3e5,1024,0/0
/spttest/730f6e4ba8t0,cf06b6894f32614,1024,0/0
/spttest/hm392jz9mbmn,202c6125505aa95f,1024,0/0
/spttest/uuevah15rcb5,385778695ac3d011,1024,0/0
/spttest/i8uxcj419pcs,21542106b4bd499c,1024,0/0
/spttest/f3iguw4d8w94,1b93d8497f339248,1024,0/0
/spttest/vh8bywtyxhmn,397fdd8872254d7f,1024,0/0
/spttest/8fmz7nfcmui3,f680b3d007c9beb,1024,0/0
/spttest/f69tphke42g2,1bb7b1b68fa3d362,1024,0/0
/spttest/2qdq4o8ysknp,4fde6fd7d415995,1024,0/0
/spttest/e1sgwpphkkwp,19a9dc57f7dcebd9,1024,0/0
/spttest/oh2okt1vqvgf,2cb486fa3b3a14bf,1024,0/0
/spttest/4nliesgfgtnw,880f8d86439e92c,1024,0/0
/spttest/npa3wl9tauvk,2b4b81b17f4e0bd0,1024,0/0
/spttest/sxv3gq3j51aa,34dd108f973514c2,1024,0/0
/spttest/d6w6ebl3dbkw,181887e3a70902e0,1024,0/0
/spttest/s0zjjb3ihhbs,333205cc671d1ff8,1024,0/0
/spttest/tldj4er47vcn,360e7844d5de4a77,1024,0/0
/spttest/lzcgfsl0qtui,282704abadde0d9a,1024,0/0
/spttest/s6z4a26roeym,337fce3166e1d4be,1024,0/0
/spttest/gcglptakv1td,1ddbb09207cf26f1,1024,0/0
/spttest/5deevtivc8nl,9d021e4a6274dd1,1024,0/0
/spttest/i8kvhu3ck5et,215080971de6f065,1024,0/0
/spttest/h4jyaobmrxww,1f489923cf52c670,1024,0/0
/spttest/l70z5ctaju2v,26b72d11b971fd07,1024,0/0
/spttest/wyrmzdjnhntk,3c3743649c6cc5d8,1024,0/0
/spttest/oztvmvrxtv0o,2da825a64b11bf48,1024,0/0
/spttest/drn2bsy391tj,1926048619fd9c77,1024,0/0
/spttest/czckpa28odfl,17b6886de4328a01,1024,0/0
/spttest/tm2vzjk0yvwx,36179e7bb9859611,1024,0/0
/spttest/1yftjsso2t7e,392f5504c90885a,1024,0/0
/spttest/8gnk9ysorevu,f753e8aa2e4ec1a,1024,0/0
/spttest/8gpkygpp2cnm,f75f90626a9e992,1024,0/0
/spttest/vt5fiel9giw6,3a1ab0987fc840a6,1024,0/0
/spttest/nqjzxvip6bwb,2b5c1075ff1cf2bb,1024,0/0
/spttest/np497v40xfpw,2b49651dc4e20dd4,1024,0/0
/spttest/qdhb2xsaw5ua,302d13547cddaf92,1024,0/0
/spttest/hu5rg0n2ohb4,2095331468bc6ba0,1024,0/0
/spttest/39y5wbc8sb3g,5fc12b0927b8f2c,1024,0/0
/spttest/adu3f28hm1p0,12f7dc9415676314,1024,0/0
/spttest/u62xezylwlsl,371b6b49058ae355,1024,0/0
/spttest/4cbco1pr5p1r,7ee6c9a98bf1d0f,1024,0/0
/spttest/ij1a0mxn53ib,21d8504f7a099c03,1024,0/0
/spttest/161pp1o66m6y,2222b14a3ae2bda,1024,0/0
/spttest/6r6xw2veltqu,c56e68d58df53d6,1024,0/0
/spttest/e4ba60o1b4p,b76803f4cbe699,1024,0/0
/spttest/y170lc8upq68,3e2a6797cea44ec0,1024,0/0
/spttest/j1hn6d2i9d2,f755842c31b5e6,1024,0/0
/spttest/n143135bzk74,2a119713ba76e000,1024,0/0
/spttest/3rc9l39grlgw,6ddfaac35fee970,1024,0/0
/spttest/11lx1b01fmvn,1e882fefcddb293,1024,0/0
/spttest/kcoedkt3x7pa,252cf5a727cd9c3e,1024,0/0
/spttest/qsvmzu0fdksk,30f515e78d82b984,1024,0/0
/spttest/6q4uqtqg7q95,c49287cb3d988a9,1024,0/0
/spttest/gpvskllew0u7,1e8a08053c3e5e3f,1024,0/0
/spttest/brlkes69mpze,157e3fb2fe1bee0a,1024,0/0
/spttest/5rxjdhck0kya,a8ce20183a0fe12,1024,0/0
/spttest/vr83e7l9qe2r,3a01ac193e5cd6c3,1024,0/0
/spttest/pliil1yaku3h,2ec1cfc2ef3d375d,1024,0/0
/spttest/noek7h2dagw3,2b401fbce099b903,1024,0/0
/spttest/1nxri5ll926y,30a8cde865aec5a,1024,0/0
/spttest/qj0ak19sul0p,3074df4355a935e9,1024,0/0
/spttest/zdrlv0emw3pb,40a151da055a68bf,1024,0/0
/spttest/bm7s3hehpi3y,153853fb29bda0ee,1024,0/0
/spttest/lbnfvglmgqz4,26f33d1c50c4f690,1024,0/0
/spttest/9d9d0cpznrg2,111cc4366d41b1b2,1024,0/0
/spttest/d97r2pnw0qnp,1836af81ea2572f5,1024,0/0
/spttest/eitqqn5amosj,1a87234d2a209503,1024,0/0
/spttest/oogp4fumpdr4,2d1482544b290fe0,1024,0/0
/spttest/gcu1yl4ad7jh,1de08b090fde116d,1024,0/0
/spttest/7c66jxj034y4,d6766cd2b7a37cc,1024,0/0
/spttest/zldawtiqswvc,410412a7c6694768,1024,0/0
/spttest/gkghn9oyeo6m,1e43902e067183ee,1024,0/0
/spttest/8dk3d0dhktkt,f4d0643e64917bd,1024,0/0
/spttest/kg8w0szodj9v,255b520fd0bae6d3,1024,0/0
/spttest/4m7tgd2c20w9,86f0ac4d3bb1509,1024,0/0
/spttest/5id9fqvnn6pr,a10a9d5850234bf,1024,0/0
/spttest/w3gguec3epul,3aa090a25b956d5d,1024,0/0
/spttest/u9ej3kemo0i3,374692bd131ce68b,1024,0/0
/spttest/pkj6pbu90hk9,2eb5106362a229e9,1024,0/0
/spttest/p3btss0q8k2n,2dd59756362e319f,1024,0/0
/spttest/ol69e5ozrqlb,2ce9c6844767f25f,1024,0/0
/spttest/yuqtfyywjyuc,3faa3d0f5496ff24,1024,0/0
/spttest/4fgxilgpip5v,81767b54f1618e3,1024,0/0
/spttest/bokah5rnclul,1556d21286bd4c9d,1024,0/0
/spttest/vzzpwn6jbtow,3a738ddb23b6a610,1024,0/0
/spttest/uy5yetp39x6m,38883621bd30473e,1024,0/0
/spttest/uzu7696wj4xu,389df2b5277da7c2,1024,0/0
/spttest/qlhkqmqgymda,3095162a21ad3dbe,1024,0/0
/spttest/brbyew6uo98h,157ac7f219597ac1,1024,0/0
/spttest/lkiis5zdlmkq,27665e0ae0254e8a,1024,0/0
/spttest/ochv2f4z21pn,2c790ede14de782b,1024,0/0
/spttest/r6jril26ghrq,31a6a6adecce9bf6,1024,0/0
/spttest/m0l6baa3hnth,283727432a613dd5,1024,0/0
/spttest/cj7wbu0hdvqy,16e5044fbcfa32fa,1024,0/0
/spttest/w1t2s63cnf87,3a8b22d3fb8384d7,1024,0/0
/spttest/rhz95dozusbr,323b1f4523265de7,1024,0/0
/spttest/dghfnnnc0epj,18951ab0b8adc277,1024,0/0
/spttest/p5b8rag9oqsz,2def5bdcd9ade6b3,1024,0/0
/spttest/d9pmonz07t1v,183d22df1e146ad3,1024,0/0
/spttest/qxlxuvogcmfj,313288605535dc8f,1024,0/0
/spttest/x31ijys08hmx,3c6ec8bdabf4db49,1024,0/0
/spttest/lz6hx6uh76a1,2824de444d91a489,1024,0/0
/spttest/bs2f64353mo9,15845483351b6689,1024,0/0
/spttest/cx7ylu7lycju,179ae3c018ba450a,1024,0/0
/spttest/ltnh54a6upib,27dd0efc61aa8aa3,1024,0/0
/spttest/9gdiwr509kh8,11453c980ba0b3ec,1024,0/0
/spttest/jte5cnhdvydo,243276ef430b40cc,1024,0/0
/spttest/iv29kmafb8k0,22748a9e2a5c3710,1024,0/0
/spttest/e9pj2ynu9qln,1a10b6dea27028eb,1024,0/0
/spttest/wiejxilr6x4q,3b62b6ab1568bc3a,1024,0/0
/spttest/wkot90nkxjg6,3b8064c6a5ca70b6,1024,0/0
/spttest/mehkj209lp8j,28ebb3dbbfcafc03,1024,0/0
/spttest/j0cwffoe36kc,22b9533a3db021fc,1024,0/0
/spttest/7o1mayx471jx,e01a07471634b9d,1024,0/0
/spttest/foqlvjxmhgto,1ca78e801c84596c,1024,0/0
/spttest/m7y6s9ivltnn,2896c60e874e2063,1024,0/0
/spttest/3ryhd0qav8u5,6e5feb9a19d707d,1024,0/0
/spttest/4muprye7kvlq,8774dcd2ff91bfe,1024,0/0
/spttest/s11xz01tq1n5,3332e3930b8c2bd1,1024,0/0
/spttest/i74v41ckcgc5,213dbc754fe031b5,1024,0/0
/spttest/9gava7tiamwd,1144473cf8c8686d,1024,0/0
/spttest/55pjlrnd0l9y,96c3c00a27b44b6,1024,0/0
/spttest/gywqbgege7vv,1eff45ea7cd0e76b,1024,0/0
/spttest/a7qe03rbwsrn,12a896b900e3c0a3,1024,0/0
/spttest/7nes7f2ate5a,df9632079d42ede,1024,0/0
/spttest/biyxf1qkv0uj,150e2a8cc699220b,1024,0/0
/spttest/j21dvlv8ktlx,22cf2617ce7cc6e5,1024,0/0
/spttest/kj4nkba1cqij,2580c2a84556ca3b,1024,0/0
/spttest/5xdtvo9fs5sx,ad3b522c8587f61,1024,0/0
/spttest/2e60rtc6syck,45f40454a3ba2e4,1024,0/0
/spttest/x2mzyj04ygv2,3c698bdf9a8cbdde,1024,0/0
/spttest/y27apbswrh7r,3e377ecab2418fe7,1024,0/0
/spttest/tq6cdgt8gmzp,364cd2a8ed5bb465,1024,0/0
/spttest/pat80n9zfjpw,2e36cae032224894,1024,0/0
/spttest/7n6v9vrtqs06,df6880dcc23c946,1024,0/0
/spttest/u8wvtti1ig8o,374034c54c375bb8,1024,0/0
/spttest/oiugk544wua0,2ccb89f8a868c548,1024,0/0
/spttest/8l7nu9ok9dt9,fb07413e16cb22d,1024,0/0
/spttest/b8e5p778uvge,1484c77fd3882ebe,1024,0/0
/spttest/8gqfjp9zqa8h,f764782dfa1cd51,1024,0/0
/spttest/8d56myr39mfh,f47a5260126a8cd,1024,0/0
/spttest/zkeme9c7rlbo,40f78f3bc373cbb4,1024,0/0
/spttest/htlx8qq46vms,208e0a974edeb1a4,1024,0/0
/spttest/a1kv0fkqw3f0,1258a89d5436f34c,1024,0/0
/spttest/gvbwkcfu7xdw,1ed0ca70e503dec4,1024,0/0
/spttest/ee0mzz9det3p,1a48adff6d3f6bd5,1024,0/0
/spttest/ay53t3yfbi6b,13ff9ec3d293d7c3,1024,0/0
/spttest/smspe4luzd,a54cdce689c19,1024,0/0
/spttest/kpcvsuues6zv,25d1aa47606bf86b,1024,0/0
/spttest/zmwzznznu2lw,41182b4195977bb4,1024,0/0
/spttest/1hsxy75perfz,2bae00699ef5f6f,1024,0/0
/spttest/rf6wocbg56ac,3216ea712ab58b14,1024,0/0
/spttest/k8akinmx7jzm,24f4033a306429f2,1024,0/0
/spttest/1e1j3wqwri82,28a043bb9901d02,1024,0/0
/spttest/vv5xmfj3ijt8,3a34d99489e4b3cc,1024,0/0
/spttest/x3hqragm8t23,3c74a3ae5c39bb1b,1024,0/0
/spttest/p0mrzfgk2kmw,2db292f5af7458f8,1024,0/0
/spttest/x5gz0gywtmv,1ae9edc7e5fc007,1024,0/0
/spttest/u0c8ja5ckrit,36d0d7968274e855,1024,0/0
/spttest/tt15dxk804ur,3671eaa959454093,1024,0/0
/spttest/wfwdx1t922j8,3b422e19388f0654,1024,0/0
/spttest/apyyr5jotcie,13957d88879c3896,1024,0/0
/spttest/apb36j3cjt5b,138ce00df5d4424f,1024,0/0
/spttest/qvk9g6px4ulr,3117f2de595298ef,1024,0/0
/spttest/v61yryod4ov6,38eeafa62886c3e2,1024,0/0
/spttest/blxx6r3y9yoz,1534c55c52af95e3,1024,0/0
/spttest/7z0ztqsbikt9,e90489a9978f4dd,1024,0/0
/spttest/s4k88ji1et3t,3360744f8d3be3d9,1024,0/0
/spttest/8vf386h1hg7l,103506b36ca65151,1024,0/0
/spttest/etltt998przx,1b132a102cd4f5fd,1024,0/0
/spttest/ue00ab05alzo,37824798e2cbe2d4,1024,0/0
/spttest/qomtmt2cdks8,30bdf29871a5ce78,1024,0/0
/spttest/xyrmtquv8utf,3e0ae03be896e503,1024,0/0
/spttest/chesve99p0u4,16cd8781bee8dd7c,1024,0/0
/spttest/egr0qt7qk8aq,1a6c2d5a64668d02,1024,0/0
/spttest/gm57dbn7nhk4,1e597846a002cba4,1024,0/0
/spttest/1xv9151yv24m,38b894da0a6b286,1024,0/0
/spttest/sq1y0zrtl09n,34779f2277caad9b,1024,0/0
/spttest/o9etvvf5cm4b,2c50fef5cb8a6bfb,1024,0/0
/spttest/sxxikfcv2p7l,34ddf00c48310b21,1024,0/0
/spttest/jgrugirycy0k,238e8bcdfe3d0534,1024,0/0
/spttest/x6a51mquz5xz,3c98dd29d2652ed7,1024,0/0
/spttest/5ysv429aheqf,ae61f1474a292d7,1024,0/0
/spttest/llj9q8qwoy70,2773a070360a8b1c,1024,0/0
/spttest/219tghvl45k,1a7012c419ab48,1024,0/0
/spttest/l1dhmnq8s4x8,266dc15d784ea7ec,1024,0/0
/spttest/p7yk3dh7s79v,2e11bfee3ce6eed3,1024,0/0
/spttest/3r2i9tskhl1z,6da754793b618d7,1024,0/0
/spttest/fdgj70unnm5c,1c150a1d36343ee0,1024,0/0
/spttest/op7dhmolx0zz,2d1e226c26b7b84f,1024,0/0
/spttest/jfw1syknfons,238312de308d9198,1024,0/0
/spttest/2578yezw8a57,3eaca533b29d15b,1024,0/0
/spttest/9gw3gljm08pn,114beff3ccc17e1b,1024,0/0
/spttest/pjkryf2trw2y,2ea8a6077101d02a,1024,0/0
/spttest/e26cgd81lewt,19aede122119cfbd,1024,0/0
/spttest/if28hzzneob4,21a4b3c1f71dc590,1024,0/0
/spttest/xqso0gsiin30,3da35597da9d875c,1024,0/0
/spttest/ep6qgnxditwb,1ad9c2eaf3da28db,1024,0/0
/spttest/ywgy6vj06x75,3fc0a81253398991,1024,0/0
/spttest/5kp23c7rtmil,a2ee5ebf1190e3d,1024,0/0
/spttest/z11sxanibimm,3ffc2351e4e7210e,1024,0/0
/spttest/v93p7kpebh94,3916479c4e9efe18,1024,0/0
/spttest/kou2lsmy5r70,25cae0bd4b1092ec,1024,0/0
/spttest/hjp3tzjy49vg,200d4c0990e808fc,1024,0/0
/spttest/e6iue6fy5ddz,19e7558b7822b107,1024,0/0
/spttest/69p29f2k07ar,b73a1c5ef4e30f3,1024,0/0
/spttest/5d0xnq8hqws8,9cb44e9366c5978,1024,0/0
/spttest/b586t5q7h355,145ba85e1d12c929,1024,0/0
/spttest/5dt7pxi0qw5z,9d579095b32fd57,1024,0/0
/spttest/8ax6un79aa4j,f2ac83c822866c3,1024,0/0
/spttest/pl9f85gez3am,2ebe87d4907a596e,1024,0/0
/spttest/cnlr38mho2ab,171df90d66e12a93,1024,0/0
/spttest/ljjx3gmj42fn,2759e1e14a3cb053,1024,0/0
/spttest/we5kzyks922z,3b2b85113053becb,1024,0/0
/spttest/9q2g8p2sor03,11c32243aee712b3,1024,0/0
/spttest/2qjpysa3v2ay,50010c7adfca86a,1024,0/0
/spttest/f9haf77ocv9y,1be15af23627ed56,1024,0/0
/spttest/ftuaeegsarxc,1ce9d4cf9c6be7e0,1024,0/0
/spttest/xkfhvo2sz8n4,3d50a5876cdc3a80,1024,0/0
/spttest/noevstcyghfu,2b403d7b83bd9e4a,1024,0/0
/spttest/hg3e9zlpd52f,1fde7ef6d162f7e7,1024,0/0
/spttest/xh7uiur0tt61,3d26eb413752e4e9,1024,0/0
/spttest/v3bc8234kf6l,38cb19b2023d19dd,1024,0/0
/spttest/e3lay6k1zm6p,19c140fd4374ac11,1024,0/0
/spttest/bbgy9fbigh8g,14acc14a1ad24940,1024,0/0
/spttest/y1wczu1ig8ct,3e338c9f1b56244d,1024,0/0
/spttest/34uwaozqcp8u,5b9f2ab18b7d0ce,1024,0/0
/spttest/h3el3g6ux6ak,1f39ac2bf701141c,1024,0/0
/spttest/pshlayk6zsh2,2f1c672b128fb0e6,1024,0/0
/spttest/f5vh86eu74ec,1bb28488dca44804,1024,0/0
/spttest/ec0a707hqf6g,1a2e92a13fdebc58,1024,0/0
/spttest/1d9i7woeiyy,11c66f3accdf8a,1024,0/0
/spttest/o0ch6njbpd65,2bdb3e53860715ed,1024,0/0
/spttest/hmzms7t27qys,2038101d1a67ca44,1024,0/0
/spttest/gea2qr3tkcmg,1df350310448d5e8,1024,0/0
/spttest/8js875fup71m,f9de529b21979ea,1024,0/0
/spttest/a70uzjdazgac,129f60b9f112cb34,1024,0/0
/spttest/2jc2b54i8rlx,4a260b501682fc5,1024,0/0
/spttest/2ozvi2jt08z9,4ebea5ca14b3675,1024,0/0
/spttest/crf9vplzmfab,174f97b705e7bde3,1024,0/0
/spttest/rgecg6dun32b,322696bf430e0143,1024,0/0
/spttest/wgtyolnki2tw,3b4e4b87a32a7ed4,1024,0/0
/spttest/rw6n0zesa1t3,32f3a30cb2d7eba7,1024,0/0
/spttest/jf25un5ykhs9,23784a3428ee1d09,1024,0/0
/spttest/2sq7ll5r8kus,51c62bf1455da94,1024,0/0
/spttest/8pfi8rt0v603,fe73db082f17423,1024,0/0
/spttest/vu6rc45qnukn,3a28288fd26ac887,1024,0/0
/spttest/c2hfgjni5s9,9cc489942450c9,1024,0/0
/spttest/liaz4z1llbtf,2749aa8c66073813,1024,0/0
/spttest/l2vt105xgq4w,26815a7f0b561d50,1024,0/0
/spttest/u18pq6bpngcv,36dc8f7b3a4c578f,1024,0/0
/spttest/5crh6dw5av5,458d33f829da41,1024,0/0
/spttest/ncpmmqqzvw9u,2aa83eed72678022,1024,0/0
/spttest/ejsu4dmpo1xa,1a93ccddc146c0be,1024,0/0
/spttest/u7sutudokf5l,3731c37a195f15b9,1024,0/0
/spttest/opf7w1uco3n7,2d20f700635dfc73,1024,0/0
/spttest/hv9qbk6yfh12,20a39eed0d9a3df6,1024,0/0
/spttest/vzk8fg82q5kw,3a6df77d17d9c0c0,1024,0/0
/spttest/hgmd7zubiyec,1fe55740bd1e91a4,1024,0/0
/spttest/wkqqsrw39j3g,3b811739229fdbec,1024,0/0
/spttest/6me1ul3pa43k,c188500bc28a840,1024,0/0
/spttest/ck57esunaat0,16f108e60c3c4434,1024,0/0
/spttest/biao2w387quv,150569c0eaa0f7b7,1024,0/0
/spttest/t0eo65cv3xa0,34fe1b32db9dca38,1024,0/0
/spttest/t7ye3x3z1fhm,3560258b3d93c3aa,1024,0/0
/spttest/no5ltx6594ki,2b3ce496da3dcc62,1024,0/0
/spttest/ocolfdxjot5m,2c7b7cb62516509a,1024,0/0
/spttest/44eseu4eu6ou,787c00d04c63b5e,1024,0/0
/spttest/1uu0op6gq438,3641fc078230f34,1024,0/0
/spttest/9g56h3mdemf9,114239be311b1e05,1024,0/0
/spttest/ix8ctxlr2xbr,2290b7b3b2efd437,1024,0/0
/spttest/lorikrvtmdtj,279d91db5552b877,1024,0/0
/spttest/74hl5xz9uqwu,d039a49c2d248be,1024,0/0
/spttest/jjs10v1yvhpe,23b5946b575c6162,1024,0/0
/spttest/xky5dj5uzsew,3d5760718e23fc98,1024,0/0
/spttest/ctbcaku59yv6,176826f255aa35c2,1024,0/0
/spttest/dudjc8oowid0,19498c42d7281cf4,1024,0/0
/spttest/zssil825ck89,41647cad08f41e69,1024,0/0
/spttest/v59pjctfe0vk,38e47da1fc2f7ef0,1024,0/0
/spttest/rlaldkfie7y,16664d8a1bf677e,1024,0/0
/spttest/2rj9y432t4eh,50ce4efafbda989,1024,0/0
/spttest/kmcpkgjmrac4,25aaa283f3786f14,1024,0/0
/spttest/xzrq4dsiyfac,3e17e5f23bd293e4,1024,0/0
/spttest/7smlz6cq2c6y,e3d285fd3a5d43a,1024,0/0
/spttest/oiymkyqq5cz6,2ccd0ae5cc8df2f2,1024,0/0
/spttest/s6814gusjvux,337608278c25fc09,1024,0/0
/spttest/m81thx378e7p,2898156feb6d9cf5,1024,0/0
/spttest/uwb9v0jthhtf,387026d64bac9d73,1024,0/0
/spttest/u0jvfbuypjkl,36d398e59fdf3955,1024,0/0
/spttest/d3t4fhesk79i,17f075f7308ec5c6,1024,0/0
/spttest/ta10gu6uch6x,357b12296ff57809,1024,0/0
/spttest/rabboaoytswr,31d7901d6bff999b,1024,0/0
/spttest/3qiqs53es56h,6d353bf0cd71339,1024,0/0
/spttest/hprx9f07r5f6,205c3fd257c5eb32,1024,0/0
/spttest/vllit3ii9i5r,39b894e4a5b40e2f,1024,0/0
/spttest/4f1wl6vygsrx,811fbcdc416d3ad,1024,0/0
/spttest/mpnp4qscz91b,297ccbb366bc347f,1024,0/0
/spttest/by7eu7jqz6km,15d4110bb3dc8206,1024,0/0
/spttest/8uq45biqmbvb,102c03db55a2b797,1024,0/0
/spttest/lhhnpo7rrz1t,273f168e252b2131,1024,0/0
/spttest/hyusqzefyc56,20d230a8f77388fa,1024,0/0
/spttest/j5qaetno3z3k,22ff1a2cfa5cf870,1024,0/0
/spttest/k90eqq2v9rw4,24fd55fb5e6edc74,1024,0/0
/spttest/x9hy8ockpxj9,3cc2a66bcc043a05,1024,0/0
/spttest/9iud4tzzx4x2,11654a8c73bfd626,1024,0/0
/spttest/p0tp20bgiele,2db512061db5b662,1024,0/0
/spttest/29dcuesh9efg,420f38a0512b24c,1024,0/0
/spttest/6w41nmt0nthk,c96cd646849a908,1024,0/0
/spttest/c0vg6p0akzvs,15f6b7da44594ca8,1024,0/0
/spttest/jdlive0du4g7,23654c1861d53f07,1024,0/0
/spttest/cq7fj067dzcg,173fc6005846f330,1024,0/0
/spttest/e3xrkd4gt7l1,19c5c00ab0593ba5,1024,0/0
/spttest/2xrxhdlz3s5y,55df3cf04663856,1024,0/0
/spttest/fnf0dajpoi1q,1c9662029518365e,1024,0/0
/spttest/oe51lajg7o00,2c8e695565a09140,1024,0/0
/spttest/w89v9relnqxy,3adf215b293a0526,1024,0/0
/spttest/dsqn85mpwcqd,19344c81bd0e2975,1024,0/0
/spttest/dtfdm3y0orgt,193d390caa6b190d,1024,0/0
/spttest/6lmt4o4qsayo,c0eb0afddc09080,1024,0/0
/spttest/ufngrbbrcuq6,3797bb969cc49d8e,1024,0/0
/spttest/is0gqc8yszfs,224cec7aba286468,1024,0/0
/spttest/5j49dt3uo8mt,a1a67a373191bb5,1024,0/0
/spttest/9bih19ptiwpa,110613577f6d870e,1024,0/0
/spttest/qzx7x0vmobj,15eaecc73cc739f,1024,0/0
/spttest/ufp8sprq7wnt,37985fe5fde2d719,1024,0/0
/spttest/naer7hyy8xhb,2a8a581b19ee557f,1024,0/0
/spttest/w1pqyfqzf09a,3a89ef617324ca0e,1024,0/0
/spttest/xdd9wo6av8zn,3cf4eb8a6494e143,1024,0/0
/spttest/3oxhbm9xn4a3,6beaa7c9efb1a6b,1024,0/0
/spttest/b0ag3qvdlvyf,141b86aac750fe07,1024,0/0
/spttest/lw6puijl45u7,27fdfad50d82f78f,1024,0/0
/spttest/t3k7za2q7ctd,352713a2ddb53ea1,1024,0/0
/spttest/41gvxex63x2t,7618a09dfd3d435,1024,0/0
/spttest/jpb9fks1uf7v,23fd77464a31398b,1024,0/0
/spttest/bh0r49tqu9ld,14f4d89c39100a11,1024,0/0
/spttest/jpyijhtwyfnc,2405db1d8eaa07b8,1024,0/0
/spttest/bukz7jchz9oi,15a501124fa16cc2,1024,0/0
/spttest/ph8fa1igqnhe,2e8a3691e5392162,1024,0/0
/spttest/vm5zvbn9dd1y,39bff808f4ab5856,1024,0/0
/spttest/iucaezun2i4c,226b2b35624f273c,1024,0/0
/spttest/ty76saevtr6f,36b50abe604c45d7,1024,0/0
/spttest/6b4ehgwbbgyu,b8627eab077d5a6,1024,0/0
/spttest/whoh72xb2rv9,3b594e140c5de895,1024,0/0
/spttest/4rbhh2jivrwm,8b14fc9582b7d06,1024,0/0
/spttest/ul6hjxzi8qhg,37df8ae8b810c614,1024,0/0
/spttest/e8llzzunvy5j,1a024fa0384e5da7,1024,0/0
/spttest/d05x7s98zhce,17c11f3774a48e8e,1024,0/0
/spttest/ixdbn8y01a8w,229282803ca9f220,1024,0/0
/spttest/7u5yiw6o33d6,e5120d28781a3ca,1024,0/0
/spttest/99gf7o1sd68k,10eb5b6a914de0d4,1024,0/0
/spttest/fezbc1l4pxuu,1c28ce32f0a97fa6,1024,0/0
/spttest/3o7xiud6iwho,6b5727adf22eefc,1024,0/0
/spttest/mffs1k5l04lk,28f80ba86f930048,1024,0/0
/spttest/a1qodrkz3646,125ac1d0575804b6,1024,0/0
/spttest/wm5qsb1mc0in,3b937df85f09b79f,1024,0/0
/spttest/d676q8n5xo5u,180f83885b29d992,1024,0/0
/spttest/kwx7jntra063,2633ec932953de5b,1024,0/0
/spttest/9384at77000d,109a6cee2ad5330d,1024,0/0
/spttest/rvsx57pp3rmi,32eeafda842f1b9a,1024,0/0
/spttest/8341px7cpli2,ec5579840d6911a,1024,0/0
/spttest/mu14zwejyho4,29b59a38e04138f4,1024,0/0
/spttest/i4cprqohbloj,211999edbedcb383,1024,0/0
/spttest/1nqtvg9kgdwq,3080c5eea0bc26a,1024,0/0
/spttest/cjmalkth12tg,16ea361516338984,1024,0/0
/spttest/m1vatt7n2ubf,2847cbc8f7d208fb,1024,0/0
/spttest/vs4036zxs6rd,3a0d2f665cab5e39,1024,0/0
/spttest/30isfj2eru3y,5819f4dd347d72e,1024,0/0
/spttest/q0i8iholmk48,2f848cc59b0a3458,1024,0/0
/spttest/ovyovk11nldk,2d75ed1f1f6c10f8,1024,0/0
/spttest/k4lqmfclp7nf,24c415ea188547fb,1024,0/0
/spttest/1y9siguvdkp4,390c8718a94e108,1024,0/0
/spttest/80mk0q91hwm7,ea50d684229c45f,1024,0/0
/spttest/wovkn75h7tzs,3bb6ca4c97dfa898,1024,0/0
/spttest/12qyc3cjwaxv,1f7516db98fd263,1024,0/0
/spttest/9hii4gvn6do8,115405ad0adfddb8,1024,0/0
/spttest/b5i736p131da,145f44c3c2a9eeae,1024,0/0
/spttest/inihlmy5efi2,22127b0e0283d2fa,1024,0/0
/spttest/xhsupm0bd6tw,3d2e7f782d20eed4,1024,0/0
/spttest/czl1clo94tcv,17b9961709e5c69f,1024,0/0
/spttest/8fr7t4uon0eg,f6992c4cc4331c8,1024,0/0
/spttest/6vw4d5h00g3l,c93f165873dc581,1024,0/0
/spttest/mey5vy92sdwc,28f1b08d046e1b5c,1024,0/0
/spttest/9ud7rw5dxljv,11faf99e3a780c5b,1024,0/0
/spttest/xmizqbqc0y3a,3d6be2f354bc1096,1024,0/0
/spttest/xcctyhl47dga,3ce7c55c5e5cc7da,1024,0/0
/spttest/glnlbhwgkc0u,1e531d70371ad9de,1024,0/0
/spttest/cr8dl21fk95j,174d1aa417ffde57,1024,0/0
/spttest/xmt80wadkbp8,3d6f93e9a2040d3c,1024,0/0
/spttest/11hdhyeag2dk,1e6df64e0a41208,1024,0/0
/spttest/29nzfpsqvh35,424c92ff4780241,1024,0/0
/spttest/tw1bytj6kg6n,3698f350ad7ad0ef,1024,0/0
/spttest/51d2i1v45nx1,933c6ac6729f855,1024,0/0
/spttest/mxp9lq20jq0i,29e546a613433272,1024,0/0
/spttest/dd1atm8nzvz2,1868509fc992c39e,1024,0/0
/spttest/5nncuk9uzr20,a55408db17ad5b8,1024,0/0
/spttest/x4832alkowjo,3c7e24d43e57e2c4,1024,0/0
/spttest/6eum00ffrxay,bb6948b15d1ec5a,1024,0/0
/spttest/49zjoq0p4o3k,7d02fae1d10ac00,1024,0/0
/spttest/pwwk5jou1edm,2f55c2c468daad0a,1024,0/0
/spttest/l3384ufqtlxx,268407d5a07fea55,1024,0/0
/spttest/h2pa28n7h6j4,1f308aa7e4c75e50,1024,0/0
/spttest/ufkszo2q8ifg,3796c5de517df14c,1024,0/0
/spttest/ojjr0a4j2kvt,2cd4a9fc4980f939,1024,0/0
